cell_index	species	dataset_id	sample_id	tissue	cell_type	cell_type_coarse
0	Arabidopsis thaliana	scplantdb_CRA002977_1	CRX125602	True leaf	Leaf pavement cell	Leaf pavement cell
1	Arabidopsis thaliana	scplantdb_CRA002977_1	CRX125602	True leaf	Mesophyll	Mesophyll
2	Arabidopsis thaliana	scplantdb_CRA002977_1	CRX125602	True leaf	Phloem parenchyma	Phloem parenchyma
3	Arabidopsis thaliana	scplantdb_CRA002977_1	CRX125602	True leaf	Mesophyll	Mesophyll
4	Arabidopsis thaliana	scplantdb_CRA002977_1	CRX125602	True leaf	Mesophyll	Mesophyll
5	Arabidopsis thaliana	scplantdb_CRA002977_1	CRX125602	True leaf	Mesophyll	Mesophyll
6	Arabidopsis thaliana	scplantdb_CRA002977_1	CRX125602	True leaf	Xylem	Xylem
7	Arabidopsis thaliana	scplantdb_CRA002977_1	CRX125602	True leaf	Mesophyll	Mesophyll
8	Arabidopsis thaliana	scplantdb_CRA002977_1	CRX125602	True leaf	Leaf pavement cell	Leaf pavement cell
9	Arabidopsis thaliana	scplantdb_CRA002977_1	CRX125602	True leaf	Mesophyll	Mesophyll
10	Arabidopsis thaliana	scplantdb_CRA002977_1	CRX125602	True leaf	Mesophyll	Mesophyll
11	Arabidopsis thaliana	scplantdb_CRA002977_1	CRX125602	True leaf	Mesophyll	Mesophyll
12	Arabidopsis thaliana	scplantdb_CRA002977_1	CRX125602	True leaf	Leaf pavement cell	Leaf pavement cell
13	Arabidopsis thaliana	scplantdb_CRA002977_1	CRX125602	True leaf	Mesophyll	Mesophyll
14	Arabidopsis thaliana	scplantdb_CRA002977_1	CRX125602	True leaf	Xylem	Xylem
15	Arabidopsis thaliana	scplantdb_CRA002977_1	CRX125602	True leaf	Mesophyll	Mesophyll
16	Arabidopsis thaliana	scplantdb_CRA002977_1	CRX125602	True leaf	Mesophyll	Mesophyll
17	Arabidopsis thaliana	scplantdb_CRA002977_1	CRX125602	True leaf	Mesophyll	Mesophyll
18	Arabidopsis thaliana	scplantdb_CRA002977_1	CRX125602	True leaf	Xylem	Xylem
19	Arabidopsis thaliana	scplantdb_CRA002977_1	CRX125602	True leaf	Xylem	Xylem
20	Arabidopsis thaliana	scplantdb_CRA002977_1	CRX125602	True leaf	Leaf guard cell	Leaf guard cell
21	Arabidopsis thaliana	scplantdb_CRA002977_1	CRX125602	True leaf	Mesophyll	Mesophyll
22	Arabidopsis thaliana	scplantdb_CRA002977_1	CRX125602	True leaf	Xylem	Xylem
23	Arabidopsis thaliana	scplantdb_CRA002977_1	CRX125602	True leaf	Mesophyll	Mesophyll
24	Arabidopsis thaliana	scplantdb_CRA002977_1	CRX125602	True leaf	Mesophyll	Mesophyll
25	Arabidopsis thaliana	scplantdb_CRA002977_1	CRX125602	True leaf	Leaf guard cell	Leaf guard cell
26	Arabidopsis thaliana	scplantdb_CRA002977_1	CRX125602	True leaf	Mesophyll	Mesophyll
27	Arabidopsis thaliana	scplantdb_CRA002977_1	CRX125602	True leaf	Mesophyll	Mesophyll
28	Arabidopsis thaliana	scplantdb_CRA002977_1	CRX125602	True leaf	Mesophyll	Mesophyll
29	Arabidopsis thaliana	scplantdb_CRA002977_1	CRX125602	True leaf	Leaf pavement cell	Leaf pavement cell
30	Arabidopsis thaliana	scplantdb_CRA002977_1	CRX125602	True leaf	Mesophyll	Mesophyll
31	Arabidopsis thaliana	scplantdb_CRA002977_1	CRX125602	True leaf	Companion cell	Companion cell
32	Arabidopsis thaliana	scplantdb_CRA002977_1	CRX125602	True leaf	Mesophyll	Mesophyll
33	Arabidopsis thaliana	scplantdb_CRA002977_1	CRX125602	True leaf	Mesophyll	Mesophyll
34	Arabidopsis thaliana	scplantdb_CRA002977_1	CRX125602	True leaf	Xylem	Xylem
35	Arabidopsis thaliana	scplantdb_CRA002977_1	CRX125602	True leaf	Mesophyll	Mesophyll
36	Arabidopsis thaliana	scplantdb_CRA002977_1	CRX125602	True leaf	Xylem	Xylem
37	Arabidopsis thaliana	scplantdb_CRA002977_1	CRX125602	True leaf	Mesophyll	Mesophyll
38	Arabidopsis thaliana	scplantdb_CRA002977_1	CRX125602	True leaf	Xylem	Xylem
39	Arabidopsis thaliana	scplantdb_CRA002977_1	CRX125602	True leaf	Mesophyll	Mesophyll
40	Arabidopsis thaliana	scplantdb_CRA002977_1	CRX125602	True leaf	Mesophyll	Mesophyll
41	Arabidopsis thaliana	scplantdb_CRA002977_1	CRX125602	True leaf	Xylem	Xylem
42	Arabidopsis thaliana	scplantdb_CRA002977_1	CRX125602	True leaf	Xylem	Xylem
43	Arabidopsis thaliana	scplantdb_CRA002977_1	CRX125602	True leaf	Mesophyll	Mesophyll
44	Arabidopsis thaliana	scplantdb_CRA002977_1	CRX125602	True leaf	Leaf guard cell	Leaf guard cell
45	Arabidopsis thaliana	scplantdb_CRA002977_1	CRX125602	True leaf	Xylem	Xylem
46	Arabidopsis thaliana	scplantdb_CRA002977_1	CRX125602	True leaf	Xylem	Xylem
47	Arabidopsis thaliana	scplantdb_CRA002977_1	CRX125602	True leaf	Mesophyll	Mesophyll
48	Arabidopsis thaliana	scplantdb_CRA002977_1	CRX125602	True leaf	Xylem	Xylem
49	Arabidopsis thaliana	scplantdb_CRA002977_1	CRX125602	True leaf	Mesophyll	Mesophyll
50	Arabidopsis thaliana	scplantdb_CRA002977_1	CRX125602	True leaf	Mesophyll	Mesophyll
51	Arabidopsis thaliana	scplantdb_CRA002977_1	CRX125602	True leaf	Leaf pavement cell	Leaf pavement cell
52	Arabidopsis thaliana	scplantdb_CRA002977_1	CRX125602	True leaf	Leaf pavement cell	Leaf pavement cell
53	Arabidopsis thaliana	scplantdb_CRA002977_1	CRX125602	True leaf	Leaf guard cell	Leaf guard cell
54	Arabidopsis thaliana	scplantdb_CRA002977_1	CRX125602	True leaf	Leaf pavement cell	Leaf pavement cell
55	Arabidopsis thaliana	scplantdb_CRA002977_1	CRX125602	True leaf	Leaf pavement cell	Leaf pavement cell
56	Arabidopsis thaliana	scplantdb_CRA002977_1	CRX125602	True leaf	Companion cell	Companion cell
57	Arabidopsis thaliana	scplantdb_CRA002977_1	CRX125602	True leaf	Xylem	Xylem
58	Arabidopsis thaliana	scplantdb_CRA002977_1	CRX125602	True leaf	Mesophyll	Mesophyll
59	Arabidopsis thaliana	scplantdb_CRA002977_1	CRX125602	True leaf	Xylem	Xylem
60	Arabidopsis thaliana	scplantdb_CRA002977_1	CRX125602	True leaf	Companion cell	Companion cell
61	Arabidopsis thaliana	scplantdb_CRA002977_1	CRX125602	True leaf	Leaf pavement cell	Leaf pavement cell
62	Arabidopsis thaliana	scplantdb_CRA002977_1	CRX125602	True leaf	Xylem	Xylem
63	Arabidopsis thaliana	scplantdb_CRA002977_1	CRX125602	True leaf	Mesophyll	Mesophyll
64	Arabidopsis thaliana	scplantdb_CRA002977_1	CRX125602	True leaf	Xylem	Xylem
65	Arabidopsis thaliana	scplantdb_CRA002977_1	CRX125602	True leaf	Mesophyll	Mesophyll
66	Arabidopsis thaliana	scplantdb_CRA002977_1	CRX125602	True leaf	Mesophyll	Mesophyll
67	Arabidopsis thaliana	scplantdb_CRA002977_1	CRX125602	True leaf	Mesophyll	Mesophyll
68	Arabidopsis thaliana	scplantdb_CRA002977_1	CRX125602	True leaf	Xylem	Xylem
69	Arabidopsis thaliana	scplantdb_CRA002977_1	CRX125602	True leaf	Mesophyll	Mesophyll
70	Arabidopsis thaliana	scplantdb_CRA002977_1	CRX125602	True leaf	Mesophyll	Mesophyll
71	Arabidopsis thaliana	scplantdb_CRA002977_1	CRX125602	True leaf	Mesophyll	Mesophyll
72	Arabidopsis thaliana	scplantdb_CRA002977_1	CRX125602	True leaf	Mesophyll	Mesophyll
73	Arabidopsis thaliana	scplantdb_CRA002977_1	CRX125602	True leaf	Leaf pavement cell	Leaf pavement cell
74	Arabidopsis thaliana	scplantdb_CRA002977_1	CRX125602	True leaf	Mesophyll	Mesophyll
75	Arabidopsis thaliana	scplantdb_CRA002977_1	CRX125602	True leaf	Mesophyll	Mesophyll
76	Arabidopsis thaliana	scplantdb_CRA002977_1	CRX125602	True leaf	Phloem parenchyma	Phloem parenchyma
77	Arabidopsis thaliana	scplantdb_CRA002977_1	CRX125602	True leaf	Mesophyll	Mesophyll
78	Arabidopsis thaliana	scplantdb_CRA002977_1	CRX125602	True leaf	Mesophyll	Mesophyll
79	Arabidopsis thaliana	scplantdb_CRA002977_1	CRX125602	True leaf	Mesophyll	Mesophyll
80	Arabidopsis thaliana	scplantdb_CRA002977_1	CRX125602	True leaf	Mesophyll	Mesophyll
81	Arabidopsis thaliana	scplantdb_CRA002977_1	CRX125602	True leaf	Mesophyll	Mesophyll
82	Arabidopsis thaliana	scplantdb_CRA002977_1	CRX125602	True leaf	Xylem	Xylem
83	Arabidopsis thaliana	scplantdb_CRA002977_1	CRX125602	True leaf	Mesophyll	Mesophyll
84	Arabidopsis thaliana	scplantdb_CRA002977_1	CRX125602	True leaf	Mesophyll	Mesophyll
85	Arabidopsis thaliana	scplantdb_CRA002977_1	CRX125602	True leaf	Mesophyll	Mesophyll
86	Arabidopsis thaliana	scplantdb_CRA002977_1	CRX125602	True leaf	Mesophyll	Mesophyll
87	Arabidopsis thaliana	scplantdb_CRA002977_1	CRX125602	True leaf	Xylem	Xylem
88	Arabidopsis thaliana	scplantdb_CRA002977_1	CRX125602	True leaf	Mesophyll	Mesophyll
89	Arabidopsis thaliana	scplantdb_CRA002977_1	CRX125602	True leaf	Mesophyll	Mesophyll
90	Arabidopsis thaliana	scplantdb_CRA002977_1	CRX125602	True leaf	Xylem	Xylem
91	Arabidopsis thaliana	scplantdb_CRA002977_1	CRX125602	True leaf	S phase	S phase
92	Arabidopsis thaliana	scplantdb_CRA002977_1	CRX125602	True leaf	Mesophyll	Mesophyll
93	Arabidopsis thaliana	scplantdb_CRA002977_1	CRX125602	True leaf	Mesophyll	Mesophyll
94	Arabidopsis thaliana	scplantdb_CRA002977_1	CRX125602	True leaf	Xylem	Xylem
95	Arabidopsis thaliana	scplantdb_CRA002977_1	CRX125602	True leaf	Mesophyll	Mesophyll
96	Arabidopsis thaliana	scplantdb_CRA002977_1	CRX125602	True leaf	Xylem	Xylem
97	Arabidopsis thaliana	scplantdb_CRA002977_1	CRX125602	True leaf	Leaf guard cell	Leaf guard cell
98	Arabidopsis thaliana	scplantdb_CRA002977_1	CRX125602	True leaf	Leaf pavement cell	Leaf pavement cell
99	Arabidopsis thaliana	scplantdb_CRA002977_1	CRX125602	True leaf	Mesophyll	Mesophyll
100	Arabidopsis thaliana	scplantdb_CRA002977_1	CRX125602	True leaf	Leaf pavement cell	Leaf pavement cell
101	Arabidopsis thaliana	scplantdb_CRA002977_1	CRX125602	True leaf	Mesophyll	Mesophyll
102	Arabidopsis thaliana	scplantdb_CRA002977_1	CRX125602	True leaf	Xylem	Xylem
103	Arabidopsis thaliana	scplantdb_CRA002977_1	CRX125602	True leaf	Leaf pavement cell	Leaf pavement cell
104	Arabidopsis thaliana	scplantdb_CRA002977_1	CRX125602	True leaf	Leaf pavement cell	Leaf pavement cell
105	Arabidopsis thaliana	scplantdb_CRA002977_1	CRX125602	True leaf	Mesophyll	Mesophyll
106	Arabidopsis thaliana	scplantdb_CRA002977_1	CRX125602	True leaf	Mesophyll	Mesophyll
107	Arabidopsis thaliana	scplantdb_CRA002977_1	CRX125602	True leaf	Companion cell	Companion cell
108	Arabidopsis thaliana	scplantdb_CRA002977_1	CRX125602	True leaf	Mesophyll	Mesophyll
109	Arabidopsis thaliana	scplantdb_CRA002977_1	CRX125602	True leaf	Mesophyll	Mesophyll
110	Arabidopsis thaliana	scplantdb_CRA002977_1	CRX125602	True leaf	Mesophyll	Mesophyll
111	Arabidopsis thaliana	scplantdb_CRA002977_1	CRX125602	True leaf	S phase	S phase
112	Arabidopsis thaliana	scplantdb_CRA002977_1	CRX125602	True leaf	S phase	S phase
113	Arabidopsis thaliana	scplantdb_CRA002977_1	CRX125602	True leaf	Xylem	Xylem
114	Arabidopsis thaliana	scplantdb_CRA002977_1	CRX125602	True leaf	Xylem	Xylem
115	Arabidopsis thaliana	scplantdb_CRA002977_1	CRX125602	True leaf	Xylem	Xylem
116	Arabidopsis thaliana	scplantdb_CRA002977_1	CRX125602	True leaf	Mesophyll	Mesophyll
117	Arabidopsis thaliana	scplantdb_CRA002977_1	CRX125602	True leaf	Mesophyll	Mesophyll
118	Arabidopsis thaliana	scplantdb_CRA002977_1	CRX125602	True leaf	Companion cell	Companion cell
119	Arabidopsis thaliana	scplantdb_CRA002977_1	CRX125602	True leaf	Leaf pavement cell	Leaf pavement cell
120	Arabidopsis thaliana	scplantdb_CRA002977_1	CRX125602	True leaf	Mesophyll	Mesophyll
121	Arabidopsis thaliana	scplantdb_CRA002977_1	CRX125602	True leaf	Mesophyll	Mesophyll
122	Arabidopsis thaliana	scplantdb_CRA002977_1	CRX125602	True leaf	Phloem parenchyma	Phloem parenchyma
123	Arabidopsis thaliana	scplantdb_CRA002977_1	CRX125602	True leaf	Mesophyll	Mesophyll
124	Arabidopsis thaliana	scplantdb_CRA002977_1	CRX125602	True leaf	Leaf pavement cell	Leaf pavement cell
125	Arabidopsis thaliana	scplantdb_CRA002977_1	CRX125602	True leaf	Xylem	Xylem
126	Arabidopsis thaliana	scplantdb_CRA002977_1	CRX125602	True leaf	Xylem	Xylem
127	Arabidopsis thaliana	scplantdb_CRA002977_1	CRX125602	True leaf	Mesophyll	Mesophyll
128	Arabidopsis thaliana	scplantdb_CRA002977_1	CRX125602	True leaf	Mesophyll	Mesophyll
129	Arabidopsis thaliana	scplantdb_CRA002977_1	CRX125602	True leaf	Mesophyll	Mesophyll
130	Arabidopsis thaliana	scplantdb_CRA002977_1	CRX125602	True leaf	Mesophyll	Mesophyll
131	Arabidopsis thaliana	scplantdb_CRA002977_1	CRX125602	True leaf	Mesophyll	Mesophyll
132	Arabidopsis thaliana	scplantdb_CRA002977_1	CRX125602	True leaf	Mesophyll	Mesophyll
133	Arabidopsis thaliana	scplantdb_CRA002977_1	CRX125602	True leaf	Leaf guard cell	Leaf guard cell
134	Arabidopsis thaliana	scplantdb_CRA002977_1	CRX125602	True leaf	Companion cell	Companion cell
135	Arabidopsis thaliana	scplantdb_CRA002977_1	CRX125602	True leaf	Mesophyll	Mesophyll
136	Arabidopsis thaliana	scplantdb_CRA002977_1	CRX125602	True leaf	Mesophyll	Mesophyll
137	Arabidopsis thaliana	scplantdb_CRA002977_1	CRX125602	True leaf	Mesophyll	Mesophyll
138	Arabidopsis thaliana	scplantdb_CRA002977_1	CRX125602	True leaf	Companion cell	Companion cell
139	Arabidopsis thaliana	scplantdb_CRA002977_1	CRX125602	True leaf	Xylem	Xylem
140	Arabidopsis thaliana	scplantdb_CRA002977_1	CRX125602	True leaf	Mesophyll	Mesophyll
141	Arabidopsis thaliana	scplantdb_CRA002977_1	CRX125602	True leaf	Xylem	Xylem
142	Arabidopsis thaliana	scplantdb_CRA002977_1	CRX125602	True leaf	Mesophyll	Mesophyll
143	Arabidopsis thaliana	scplantdb_CRA002977_1	CRX125602	True leaf	Xylem	Xylem
144	Arabidopsis thaliana	scplantdb_CRA002977_1	CRX125602	True leaf	Xylem	Xylem
145	Arabidopsis thaliana	scplantdb_CRA002977_1	CRX125602	True leaf	Leaf pavement cell	Leaf pavement cell
146	Arabidopsis thaliana	scplantdb_CRA002977_1	CRX125602	True leaf	S phase	S phase
147	Arabidopsis thaliana	scplantdb_CRA002977_1	CRX125602	True leaf	Xylem	Xylem
148	Arabidopsis thaliana	scplantdb_CRA002977_1	CRX125602	True leaf	Mesophyll	Mesophyll
149	Arabidopsis thaliana	scplantdb_CRA002977_1	CRX125602	True leaf	Mesophyll	Mesophyll
150	Arabidopsis thaliana	scplantdb_CRA002977_1	CRX125602	True leaf	Xylem	Xylem
151	Arabidopsis thaliana	scplantdb_CRA002977_1	CRX125602	True leaf	Xylem	Xylem
152	Arabidopsis thaliana	scplantdb_CRA002977_1	CRX125602	True leaf	Mesophyll	Mesophyll
153	Arabidopsis thaliana	scplantdb_CRA002977_1	CRX125602	True leaf	Xylem	Xylem
154	Arabidopsis thaliana	scplantdb_CRA002977_1	CRX125602	True leaf	Mesophyll	Mesophyll
155	Arabidopsis thaliana	scplantdb_CRA002977_1	CRX125602	True leaf	Mesophyll	Mesophyll
156	Arabidopsis thaliana	scplantdb_CRA002977_1	CRX125602	True leaf	Phloem parenchyma	Phloem parenchyma
157	Arabidopsis thaliana	scplantdb_CRA002977_1	CRX125602	True leaf	Xylem	Xylem
158	Arabidopsis thaliana	scplantdb_CRA002977_1	CRX125602	True leaf	Mesophyll	Mesophyll
159	Arabidopsis thaliana	scplantdb_CRA002977_1	CRX125602	True leaf	Mesophyll	Mesophyll
160	Arabidopsis thaliana	scplantdb_CRA002977_1	CRX125602	True leaf	Xylem	Xylem
161	Arabidopsis thaliana	scplantdb_CRA002977_1	CRX125602	True leaf	Mesophyll	Mesophyll
162	Arabidopsis thaliana	scplantdb_CRA002977_1	CRX125602	True leaf	Mesophyll	Mesophyll
163	Arabidopsis thaliana	scplantdb_CRA002977_1	CRX125602	True leaf	Xylem	Xylem
164	Arabidopsis thaliana	scplantdb_CRA002977_1	CRX125602	True leaf	Mesophyll	Mesophyll
165	Arabidopsis thaliana	scplantdb_CRA002977_1	CRX125602	True leaf	Companion cell	Companion cell
166	Arabidopsis thaliana	scplantdb_CRA002977_1	CRX125602	True leaf	Mesophyll	Mesophyll
167	Arabidopsis thaliana	scplantdb_CRA002977_1	CRX125602	True leaf	S phase	S phase
168	Arabidopsis thaliana	scplantdb_CRA002977_1	CRX125602	True leaf	Mesophyll	Mesophyll
169	Arabidopsis thaliana	scplantdb_CRA002977_1	CRX125602	True leaf	Mesophyll	Mesophyll
170	Arabidopsis thaliana	scplantdb_CRA002977_1	CRX125602	True leaf	Leaf pavement cell	Leaf pavement cell
171	Arabidopsis thaliana	scplantdb_CRA002977_1	CRX125602	True leaf	Xylem	Xylem
172	Arabidopsis thaliana	scplantdb_CRA002977_1	CRX125602	True leaf	Mesophyll	Mesophyll
173	Arabidopsis thaliana	scplantdb_CRA002977_1	CRX125602	True leaf	Companion cell	Companion cell
174	Arabidopsis thaliana	scplantdb_CRA002977_1	CRX125602	True leaf	Mesophyll	Mesophyll
175	Arabidopsis thaliana	scplantdb_CRA002977_1	CRX125602	True leaf	Mesophyll	Mesophyll
176	Arabidopsis thaliana	scplantdb_CRA002977_1	CRX125602	True leaf	Mesophyll	Mesophyll
177	Arabidopsis thaliana	scplantdb_CRA002977_1	CRX125602	True leaf	Leaf guard cell	Leaf guard cell
178	Arabidopsis thaliana	scplantdb_CRA002977_1	CRX125602	True leaf	Mesophyll	Mesophyll
179	Arabidopsis thaliana	scplantdb_CRA002977_1	CRX125602	True leaf	Companion cell	Companion cell
180	Arabidopsis thaliana	scplantdb_CRA002977_1	CRX125602	True leaf	Xylem	Xylem
181	Arabidopsis thaliana	scplantdb_CRA002977_1	CRX125602	True leaf	Mesophyll	Mesophyll
182	Arabidopsis thaliana	scplantdb_CRA002977_1	CRX125602	True leaf	Leaf pavement cell	Leaf pavement cell
183	Arabidopsis thaliana	scplantdb_CRA002977_1	CRX125602	True leaf	Xylem	Xylem
184	Arabidopsis thaliana	scplantdb_CRA002977_1	CRX125602	True leaf	Mesophyll	Mesophyll
185	Arabidopsis thaliana	scplantdb_CRA002977_1	CRX125602	True leaf	Mesophyll	Mesophyll
186	Arabidopsis thaliana	scplantdb_CRA002977_1	CRX125602	True leaf	Xylem	Xylem
187	Arabidopsis thaliana	scplantdb_CRA002977_1	CRX125602	True leaf	Mesophyll	Mesophyll
188	Arabidopsis thaliana	scplantdb_CRA002977_1	CRX125602	True leaf	Mesophyll	Mesophyll
189	Arabidopsis thaliana	scplantdb_CRA002977_1	CRX125602	True leaf	Mesophyll	Mesophyll
190	Arabidopsis thaliana	scplantdb_CRA002977_1	CRX125602	True leaf	Mesophyll	Mesophyll
191	Arabidopsis thaliana	scplantdb_CRA002977_1	CRX125602	True leaf	Leaf guard cell	Leaf guard cell
192	Arabidopsis thaliana	scplantdb_CRA002977_1	CRX125602	True leaf	Mesophyll	Mesophyll
193	Arabidopsis thaliana	scplantdb_CRA002977_1	CRX125602	True leaf	Mesophyll	Mesophyll
194	Arabidopsis thaliana	scplantdb_CRA002977_1	CRX125602	True leaf	Leaf guard cell	Leaf guard cell
195	Arabidopsis thaliana	scplantdb_CRA002977_1	CRX125602	True leaf	Mesophyll	Mesophyll
196	Arabidopsis thaliana	scplantdb_CRA002977_1	CRX125602	True leaf	Leaf guard cell	Leaf guard cell
197	Arabidopsis thaliana	scplantdb_CRA002977_1	CRX125602	True leaf	Xylem	Xylem
198	Arabidopsis thaliana	scplantdb_CRA002977_1	CRX125602	True leaf	Mesophyll	Mesophyll
199	Arabidopsis thaliana	scplantdb_CRA002977_1	CRX125602	True leaf	Mesophyll	Mesophyll
200	Arabidopsis thaliana	scplantdb_CRA002977_1	CRX125602	True leaf	Mesophyll	Mesophyll
201	Arabidopsis thaliana	scplantdb_CRA002977_1	CRX125602	True leaf	Mesophyll	Mesophyll
202	Arabidopsis thaliana	scplantdb_CRA002977_1	CRX125602	True leaf	Phloem parenchyma	Phloem parenchyma
203	Arabidopsis thaliana	scplantdb_CRA002977_1	CRX125602	True leaf	Mesophyll	Mesophyll
204	Arabidopsis thaliana	scplantdb_CRA002977_1	CRX125602	True leaf	Mesophyll	Mesophyll
205	Arabidopsis thaliana	scplantdb_CRA002977_1	CRX125602	True leaf	Mesophyll	Mesophyll
206	Arabidopsis thaliana	scplantdb_CRA002977_1	CRX125602	True leaf	S phase	S phase
207	Arabidopsis thaliana	scplantdb_CRA002977_1	CRX125602	True leaf	Xylem	Xylem
208	Arabidopsis thaliana	scplantdb_CRA002977_1	CRX125602	True leaf	Mesophyll	Mesophyll
209	Arabidopsis thaliana	scplantdb_CRA002977_1	CRX125602	True leaf	Mesophyll	Mesophyll
210	Arabidopsis thaliana	scplantdb_CRA002977_1	CRX125602	True leaf	Mesophyll	Mesophyll
211	Arabidopsis thaliana	scplantdb_CRA002977_1	CRX125602	True leaf	Mesophyll	Mesophyll
212	Arabidopsis thaliana	scplantdb_CRA002977_1	CRX125602	True leaf	Mesophyll	Mesophyll
213	Arabidopsis thaliana	scplantdb_CRA002977_1	CRX125602	True leaf	Xylem	Xylem
214	Arabidopsis thaliana	scplantdb_CRA002977_1	CRX125602	True leaf	Mesophyll	Mesophyll
215	Arabidopsis thaliana	scplantdb_CRA002977_1	CRX125602	True leaf	Mesophyll	Mesophyll
216	Arabidopsis thaliana	scplantdb_CRA002977_1	CRX125602	True leaf	Xylem	Xylem
217	Arabidopsis thaliana	scplantdb_CRA002977_1	CRX125602	True leaf	Mesophyll	Mesophyll
218	Arabidopsis thaliana	scplantdb_CRA002977_1	CRX125602	True leaf	Leaf guard cell	Leaf guard cell
219	Arabidopsis thaliana	scplantdb_CRA002977_1	CRX125602	True leaf	Leaf guard cell	Leaf guard cell
220	Arabidopsis thaliana	scplantdb_CRA002977_1	CRX125602	True leaf	Xylem	Xylem
221	Arabidopsis thaliana	scplantdb_CRA002977_1	CRX125602	True leaf	Mesophyll	Mesophyll
222	Arabidopsis thaliana	scplantdb_CRA002977_1	CRX125602	True leaf	Mesophyll	Mesophyll
223	Arabidopsis thaliana	scplantdb_CRA002977_1	CRX125602	True leaf	Leaf pavement cell	Leaf pavement cell
224	Arabidopsis thaliana	scplantdb_CRA002977_1	CRX125602	True leaf	Mesophyll	Mesophyll
225	Arabidopsis thaliana	scplantdb_CRA002977_1	CRX125602	True leaf	Mesophyll	Mesophyll
226	Arabidopsis thaliana	scplantdb_CRA002977_1	CRX125602	True leaf	S phase	S phase
227	Arabidopsis thaliana	scplantdb_CRA002977_1	CRX125602	True leaf	Leaf pavement cell	Leaf pavement cell
228	Arabidopsis thaliana	scplantdb_CRA002977_1	CRX125602	True leaf	Mesophyll	Mesophyll
229	Arabidopsis thaliana	scplantdb_CRA002977_1	CRX125602	True leaf	Phloem parenchyma	Phloem parenchyma
230	Arabidopsis thaliana	scplantdb_CRA002977_1	CRX125602	True leaf	Mesophyll	Mesophyll
231	Arabidopsis thaliana	scplantdb_CRA002977_1	CRX125602	True leaf	Mesophyll	Mesophyll
232	Arabidopsis thaliana	scplantdb_CRA002977_1	CRX125602	True leaf	Mesophyll	Mesophyll
233	Arabidopsis thaliana	scplantdb_CRA002977_1	CRX125602	True leaf	Xylem	Xylem
234	Arabidopsis thaliana	scplantdb_CRA002977_1	CRX125602	True leaf	Mesophyll	Mesophyll
235	Arabidopsis thaliana	scplantdb_CRA002977_1	CRX125602	True leaf	Leaf pavement cell	Leaf pavement cell
236	Arabidopsis thaliana	scplantdb_CRA002977_1	CRX125602	True leaf	Mesophyll	Mesophyll
237	Arabidopsis thaliana	scplantdb_CRA002977_1	CRX125602	True leaf	Mesophyll	Mesophyll
238	Arabidopsis thaliana	scplantdb_CRA002977_1	CRX125602	True leaf	Mesophyll	Mesophyll
239	Arabidopsis thaliana	scplantdb_CRA002977_1	CRX125602	True leaf	Leaf guard cell	Leaf guard cell
240	Arabidopsis thaliana	scplantdb_CRA002977_1	CRX125602	True leaf	Mesophyll	Mesophyll
241	Arabidopsis thaliana	scplantdb_CRA002977_1	CRX125602	True leaf	Mesophyll	Mesophyll
242	Arabidopsis thaliana	scplantdb_CRA002977_1	CRX125602	True leaf	Mesophyll	Mesophyll
243	Arabidopsis thaliana	scplantdb_CRA002977_1	CRX125602	True leaf	Companion cell	Companion cell
244	Arabidopsis thaliana	scplantdb_CRA002977_1	CRX125602	True leaf	Mesophyll	Mesophyll
245	Arabidopsis thaliana	scplantdb_CRA002977_1	CRX125602	True leaf	Xylem	Xylem
246	Arabidopsis thaliana	scplantdb_CRA002977_1	CRX125602	True leaf	Mesophyll	Mesophyll
247	Arabidopsis thaliana	scplantdb_CRA002977_1	CRX125602	True leaf	Mesophyll	Mesophyll
248	Arabidopsis thaliana	scplantdb_CRA002977_1	CRX125602	True leaf	Mesophyll	Mesophyll
249	Arabidopsis thaliana	scplantdb_CRA002977_1	CRX125602	True leaf	Leaf guard cell	Leaf guard cell
250	Arabidopsis thaliana	scplantdb_CRA002977_1	CRX125602	True leaf	Mesophyll	Mesophyll
251	Arabidopsis thaliana	scplantdb_CRA002977_1	CRX125602	True leaf	Mesophyll	Mesophyll
252	Arabidopsis thaliana	scplantdb_CRA002977_1	CRX125602	True leaf	Mesophyll	Mesophyll
253	Arabidopsis thaliana	scplantdb_CRA002977_1	CRX125602	True leaf	Leaf guard cell	Leaf guard cell
254	Arabidopsis thaliana	scplantdb_CRA002977_1	CRX125602	True leaf	Mesophyll	Mesophyll
255	Arabidopsis thaliana	scplantdb_CRA002977_1	CRX125602	True leaf	Leaf guard cell	Leaf guard cell
256	Arabidopsis thaliana	scplantdb_CRA002977_2	CRX125603	Vegetative shoot apex	Mesophyll	Mesophyll
257	Arabidopsis thaliana	scplantdb_CRA002977_2	CRX125603	Vegetative shoot apex	Mesophyll	Mesophyll
258	Arabidopsis thaliana	scplantdb_CRA002977_2	CRX125603	Vegetative shoot apex	Shoot system epidermis	Shoot system epidermis
259	Arabidopsis thaliana	scplantdb_CRA002977_2	CRX125603	Vegetative shoot apex	Unknow	Unknow
260	Arabidopsis thaliana	scplantdb_CRA002977_2	CRX125603	Vegetative shoot apex	Vascular tissue	Vascular tissue
261	Arabidopsis thaliana	scplantdb_CRA002977_2	CRX125603	Vegetative shoot apex	Shoot apical meristem	Shoot apical meristem
262	Arabidopsis thaliana	scplantdb_CRA002977_2	CRX125603	Vegetative shoot apex	Shoot system epidermis	Shoot system epidermis
263	Arabidopsis thaliana	scplantdb_CRA002977_2	CRX125603	Vegetative shoot apex	Mesophyll	Mesophyll
264	Arabidopsis thaliana	scplantdb_CRA002977_2	CRX125603	Vegetative shoot apex	Shoot system epidermis	Shoot system epidermis
265	Arabidopsis thaliana	scplantdb_CRA002977_2	CRX125603	Vegetative shoot apex	Vascular tissue	Vascular tissue
266	Arabidopsis thaliana	scplantdb_CRA002977_2	CRX125603	Vegetative shoot apex	Vascular tissue	Vascular tissue
267	Arabidopsis thaliana	scplantdb_CRA002977_2	CRX125603	Vegetative shoot apex	S phase	S phase
268	Arabidopsis thaliana	scplantdb_CRA002977_2	CRX125603	Vegetative shoot apex	Mesophyll	Mesophyll
269	Arabidopsis thaliana	scplantdb_CRA002977_2	CRX125603	Vegetative shoot apex	G2/M phase	G2/M phase
270	Arabidopsis thaliana	scplantdb_CRA002977_2	CRX125603	Vegetative shoot apex	Vascular tissue	Vascular tissue
271	Arabidopsis thaliana	scplantdb_CRA002977_2	CRX125603	Vegetative shoot apex	Vascular tissue	Vascular tissue
272	Arabidopsis thaliana	scplantdb_CRA002977_2	CRX125603	Vegetative shoot apex	Shoot system epidermis	Shoot system epidermis
273	Arabidopsis thaliana	scplantdb_CRA002977_2	CRX125603	Vegetative shoot apex	Shoot system epidermis	Shoot system epidermis
274	Arabidopsis thaliana	scplantdb_CRA002977_2	CRX125603	Vegetative shoot apex	Mesophyll	Mesophyll
275	Arabidopsis thaliana	scplantdb_CRA002977_2	CRX125603	Vegetative shoot apex	Mesophyll	Mesophyll
276	Arabidopsis thaliana	scplantdb_CRA002977_2	CRX125603	Vegetative shoot apex	Shoot apical meristem	Shoot apical meristem
277	Arabidopsis thaliana	scplantdb_CRA002977_2	CRX125603	Vegetative shoot apex	Shoot system epidermis	Shoot system epidermis
278	Arabidopsis thaliana	scplantdb_CRA002977_2	CRX125603	Vegetative shoot apex	Unknow	Unknow
279	Arabidopsis thaliana	scplantdb_CRA002977_2	CRX125603	Vegetative shoot apex	Vascular tissue	Vascular tissue
280	Arabidopsis thaliana	scplantdb_CRA002977_2	CRX125603	Vegetative shoot apex	Mesophyll	Mesophyll
281	Arabidopsis thaliana	scplantdb_CRA002977_2	CRX125603	Vegetative shoot apex	Unknow	Unknow
282	Arabidopsis thaliana	scplantdb_CRA002977_2	CRX125603	Vegetative shoot apex	Mesophyll	Mesophyll
283	Arabidopsis thaliana	scplantdb_CRA002977_2	CRX125603	Vegetative shoot apex	G2/M phase	G2/M phase
284	Arabidopsis thaliana	scplantdb_CRA002977_2	CRX125603	Vegetative shoot apex	G2/M phase	G2/M phase
285	Arabidopsis thaliana	scplantdb_CRA002977_2	CRX125603	Vegetative shoot apex	G2/M phase	G2/M phase
286	Arabidopsis thaliana	scplantdb_CRA002977_2	CRX125603	Vegetative shoot apex	Mesophyll	Mesophyll
287	Arabidopsis thaliana	scplantdb_CRA002977_2	CRX125603	Vegetative shoot apex	Mesophyll	Mesophyll
288	Arabidopsis thaliana	scplantdb_CRA002977_2	CRX125603	Vegetative shoot apex	Vascular tissue	Vascular tissue
289	Arabidopsis thaliana	scplantdb_CRA002977_2	CRX125603	Vegetative shoot apex	Mesophyll	Mesophyll
290	Arabidopsis thaliana	scplantdb_CRA002977_2	CRX125603	Vegetative shoot apex	Mesophyll	Mesophyll
291	Arabidopsis thaliana	scplantdb_CRA002977_2	CRX125603	Vegetative shoot apex	Vascular tissue	Vascular tissue
292	Arabidopsis thaliana	scplantdb_CRA002977_2	CRX125603	Vegetative shoot apex	Shoot system epidermis	Shoot system epidermis
293	Arabidopsis thaliana	scplantdb_CRA002977_2	CRX125603	Vegetative shoot apex	Shoot system epidermis	Shoot system epidermis
294	Arabidopsis thaliana	scplantdb_CRA002977_2	CRX125603	Vegetative shoot apex	Mesophyll	Mesophyll
295	Arabidopsis thaliana	scplantdb_CRA002977_2	CRX125603	Vegetative shoot apex	Mesophyll	Mesophyll
296	Arabidopsis thaliana	scplantdb_CRA002977_2	CRX125603	Vegetative shoot apex	Shoot system epidermis	Shoot system epidermis
297	Arabidopsis thaliana	scplantdb_CRA002977_2	CRX125603	Vegetative shoot apex	Mesophyll	Mesophyll
298	Arabidopsis thaliana	scplantdb_CRA002977_2	CRX125603	Vegetative shoot apex	Vascular tissue	Vascular tissue
299	Arabidopsis thaliana	scplantdb_CRA002977_2	CRX125603	Vegetative shoot apex	Companion cell	Companion cell
300	Arabidopsis thaliana	scplantdb_CRA002977_2	CRX125603	Vegetative shoot apex	G2/M phase	G2/M phase
301	Arabidopsis thaliana	scplantdb_CRA002977_2	CRX125603	Vegetative shoot apex	Shoot system epidermis	Shoot system epidermis
302	Arabidopsis thaliana	scplantdb_CRA002977_2	CRX125603	Vegetative shoot apex	Mesophyll	Mesophyll
303	Arabidopsis thaliana	scplantdb_CRA002977_2	CRX125603	Vegetative shoot apex	Mesophyll	Mesophyll
304	Arabidopsis thaliana	scplantdb_CRA002977_2	CRX125603	Vegetative shoot apex	S phase	S phase
305	Arabidopsis thaliana	scplantdb_CRA002977_2	CRX125603	Vegetative shoot apex	S phase	S phase
306	Arabidopsis thaliana	scplantdb_CRA002977_2	CRX125603	Vegetative shoot apex	Shoot system epidermis	Shoot system epidermis
307	Arabidopsis thaliana	scplantdb_CRA002977_2	CRX125603	Vegetative shoot apex	Mesophyll	Mesophyll
308	Arabidopsis thaliana	scplantdb_CRA002977_2	CRX125603	Vegetative shoot apex	Mesophyll	Mesophyll
309	Arabidopsis thaliana	scplantdb_CRA002977_2	CRX125603	Vegetative shoot apex	Shoot apical meristem	Shoot apical meristem
310	Arabidopsis thaliana	scplantdb_CRA002977_2	CRX125603	Vegetative shoot apex	Shoot system epidermis	Shoot system epidermis
311	Arabidopsis thaliana	scplantdb_CRA002977_2	CRX125603	Vegetative shoot apex	G2/M phase	G2/M phase
312	Arabidopsis thaliana	scplantdb_CRA002977_2	CRX125603	Vegetative shoot apex	Mesophyll	Mesophyll
313	Arabidopsis thaliana	scplantdb_CRA002977_2	CRX125603	Vegetative shoot apex	Shoot apical meristem	Shoot apical meristem
314	Arabidopsis thaliana	scplantdb_CRA002977_2	CRX125603	Vegetative shoot apex	Mesophyll	Mesophyll
315	Arabidopsis thaliana	scplantdb_CRA002977_2	CRX125603	Vegetative shoot apex	Shoot system epidermis	Shoot system epidermis
316	Arabidopsis thaliana	scplantdb_CRA002977_2	CRX125603	Vegetative shoot apex	Companion cell	Companion cell
317	Arabidopsis thaliana	scplantdb_CRA002977_2	CRX125603	Vegetative shoot apex	Mesophyll	Mesophyll
318	Arabidopsis thaliana	scplantdb_CRA002977_2	CRX125603	Vegetative shoot apex	S phase	S phase
319	Arabidopsis thaliana	scplantdb_CRA002977_2	CRX125603	Vegetative shoot apex	Mesophyll	Mesophyll
320	Arabidopsis thaliana	scplantdb_CRA002977_2	CRX125603	Vegetative shoot apex	Vascular tissue	Vascular tissue
321	Arabidopsis thaliana	scplantdb_CRA002977_2	CRX125603	Vegetative shoot apex	Mesophyll	Mesophyll
322	Arabidopsis thaliana	scplantdb_CRA002977_2	CRX125603	Vegetative shoot apex	Mesophyll	Mesophyll
323	Arabidopsis thaliana	scplantdb_CRA002977_2	CRX125603	Vegetative shoot apex	G2/M phase	G2/M phase
324	Arabidopsis thaliana	scplantdb_CRA002977_2	CRX125603	Vegetative shoot apex	Mesophyll	Mesophyll
325	Arabidopsis thaliana	scplantdb_CRA002977_2	CRX125603	Vegetative shoot apex	G2/M phase	G2/M phase
326	Arabidopsis thaliana	scplantdb_CRA002977_2	CRX125603	Vegetative shoot apex	S phase	S phase
327	Arabidopsis thaliana	scplantdb_CRA002977_2	CRX125603	Vegetative shoot apex	Vascular tissue	Vascular tissue
328	Arabidopsis thaliana	scplantdb_CRA002977_2	CRX125603	Vegetative shoot apex	Mesophyll	Mesophyll
329	Arabidopsis thaliana	scplantdb_CRA002977_2	CRX125603	Vegetative shoot apex	Vascular tissue	Vascular tissue
330	Arabidopsis thaliana	scplantdb_CRA002977_2	CRX125603	Vegetative shoot apex	Vascular tissue	Vascular tissue
331	Arabidopsis thaliana	scplantdb_CRA002977_2	CRX125603	Vegetative shoot apex	Unknow	Unknow
332	Arabidopsis thaliana	scplantdb_CRA002977_2	CRX125603	Vegetative shoot apex	Vascular tissue	Vascular tissue
333	Arabidopsis thaliana	scplantdb_CRA002977_2	CRX125603	Vegetative shoot apex	Mesophyll	Mesophyll
334	Arabidopsis thaliana	scplantdb_CRA002977_2	CRX125603	Vegetative shoot apex	Shoot system epidermis	Shoot system epidermis
335	Arabidopsis thaliana	scplantdb_CRA002977_2	CRX125603	Vegetative shoot apex	Mesophyll	Mesophyll
336	Arabidopsis thaliana	scplantdb_CRA002977_2	CRX125603	Vegetative shoot apex	Shoot system epidermis	Shoot system epidermis
337	Arabidopsis thaliana	scplantdb_CRA002977_2	CRX125603	Vegetative shoot apex	Mesophyll	Mesophyll
338	Arabidopsis thaliana	scplantdb_CRA002977_2	CRX125603	Vegetative shoot apex	Shoot apical meristem	Shoot apical meristem
339	Arabidopsis thaliana	scplantdb_CRA002977_2	CRX125603	Vegetative shoot apex	G2/M phase	G2/M phase
340	Arabidopsis thaliana	scplantdb_CRA002977_2	CRX125603	Vegetative shoot apex	Shoot system epidermis	Shoot system epidermis
341	Arabidopsis thaliana	scplantdb_CRA002977_2	CRX125603	Vegetative shoot apex	Shoot system epidermis	Shoot system epidermis
342	Arabidopsis thaliana	scplantdb_CRA002977_2	CRX125603	Vegetative shoot apex	Mesophyll	Mesophyll
343	Arabidopsis thaliana	scplantdb_CRA002977_2	CRX125603	Vegetative shoot apex	Vascular tissue	Vascular tissue
344	Arabidopsis thaliana	scplantdb_CRA002977_2	CRX125603	Vegetative shoot apex	G2/M phase	G2/M phase
345	Arabidopsis thaliana	scplantdb_CRA002977_2	CRX125603	Vegetative shoot apex	Mesophyll	Mesophyll
346	Arabidopsis thaliana	scplantdb_CRA002977_2	CRX125603	Vegetative shoot apex	Shoot apical meristem	Shoot apical meristem
347	Arabidopsis thaliana	scplantdb_CRA002977_2	CRX125603	Vegetative shoot apex	Shoot apical meristem	Shoot apical meristem
348	Arabidopsis thaliana	scplantdb_CRA002977_2	CRX125604	Vegetative shoot apex	S phase	S phase
349	Arabidopsis thaliana	scplantdb_CRA002977_2	CRX125604	Vegetative shoot apex	Mesophyll	Mesophyll
350	Arabidopsis thaliana	scplantdb_CRA002977_2	CRX125604	Vegetative shoot apex	Vascular tissue	Vascular tissue
351	Arabidopsis thaliana	scplantdb_CRA002977_2	CRX125604	Vegetative shoot apex	Shoot system epidermis	Shoot system epidermis
352	Arabidopsis thaliana	scplantdb_CRA002977_2	CRX125604	Vegetative shoot apex	S phase	S phase
353	Arabidopsis thaliana	scplantdb_CRA002977_2	CRX125604	Vegetative shoot apex	Mesophyll	Mesophyll
354	Arabidopsis thaliana	scplantdb_CRA002977_2	CRX125604	Vegetative shoot apex	Mesophyll	Mesophyll
355	Arabidopsis thaliana	scplantdb_CRA002977_2	CRX125604	Vegetative shoot apex	Shoot system epidermis	Shoot system epidermis
356	Arabidopsis thaliana	scplantdb_CRA002977_2	CRX125604	Vegetative shoot apex	S phase	S phase
357	Arabidopsis thaliana	scplantdb_CRA002977_2	CRX125604	Vegetative shoot apex	Mesophyll	Mesophyll
358	Arabidopsis thaliana	scplantdb_CRA002977_2	CRX125604	Vegetative shoot apex	S phase	S phase
359	Arabidopsis thaliana	scplantdb_CRA002977_2	CRX125604	Vegetative shoot apex	Shoot system epidermis	Shoot system epidermis
360	Arabidopsis thaliana	scplantdb_CRA002977_2	CRX125604	Vegetative shoot apex	Mesophyll	Mesophyll
361	Arabidopsis thaliana	scplantdb_CRA002977_2	CRX125604	Vegetative shoot apex	Mesophyll	Mesophyll
362	Arabidopsis thaliana	scplantdb_CRA002977_2	CRX125604	Vegetative shoot apex	Vascular tissue	Vascular tissue
363	Arabidopsis thaliana	scplantdb_CRA002977_2	CRX125604	Vegetative shoot apex	Mesophyll	Mesophyll
364	Arabidopsis thaliana	scplantdb_CRA002977_2	CRX125604	Vegetative shoot apex	Mesophyll	Mesophyll
365	Arabidopsis thaliana	scplantdb_CRA002977_2	CRX125604	Vegetative shoot apex	G2/M phase	G2/M phase
366	Arabidopsis thaliana	scplantdb_CRA002977_2	CRX125604	Vegetative shoot apex	Mesophyll	Mesophyll
367	Arabidopsis thaliana	scplantdb_CRA002977_2	CRX125604	Vegetative shoot apex	Vascular tissue	Vascular tissue
368	Arabidopsis thaliana	scplantdb_CRA002977_2	CRX125604	Vegetative shoot apex	Mesophyll	Mesophyll
369	Arabidopsis thaliana	scplantdb_CRA002977_2	CRX125604	Vegetative shoot apex	Mesophyll	Mesophyll
370	Arabidopsis thaliana	scplantdb_CRA002977_2	CRX125604	Vegetative shoot apex	S phase	S phase
371	Arabidopsis thaliana	scplantdb_CRA002977_2	CRX125604	Vegetative shoot apex	Mesophyll	Mesophyll
372	Arabidopsis thaliana	scplantdb_CRA002977_2	CRX125604	Vegetative shoot apex	S phase	S phase
373	Arabidopsis thaliana	scplantdb_CRA002977_2	CRX125604	Vegetative shoot apex	Mesophyll	Mesophyll
374	Arabidopsis thaliana	scplantdb_CRA002977_2	CRX125604	Vegetative shoot apex	Shoot system epidermis	Shoot system epidermis
375	Arabidopsis thaliana	scplantdb_CRA002977_2	CRX125604	Vegetative shoot apex	S phase	S phase
376	Arabidopsis thaliana	scplantdb_CRA002977_2	CRX125604	Vegetative shoot apex	Mesophyll	Mesophyll
377	Arabidopsis thaliana	scplantdb_CRA002977_2	CRX125604	Vegetative shoot apex	Vascular tissue	Vascular tissue
378	Arabidopsis thaliana	scplantdb_CRA002977_2	CRX125604	Vegetative shoot apex	S phase	S phase
379	Arabidopsis thaliana	scplantdb_CRA002977_2	CRX125604	Vegetative shoot apex	S phase	S phase
380	Arabidopsis thaliana	scplantdb_CRA002977_2	CRX125604	Vegetative shoot apex	Shoot system epidermis	Shoot system epidermis
381	Arabidopsis thaliana	scplantdb_CRA002977_2	CRX125604	Vegetative shoot apex	Mesophyll	Mesophyll
382	Arabidopsis thaliana	scplantdb_CRA002977_2	CRX125604	Vegetative shoot apex	Mesophyll	Mesophyll
383	Arabidopsis thaliana	scplantdb_CRA002977_2	CRX125604	Vegetative shoot apex	G2/M phase	G2/M phase
384	Arabidopsis thaliana	scplantdb_CRA002977_2	CRX125604	Vegetative shoot apex	Shoot apical meristem	Shoot apical meristem
385	Arabidopsis thaliana	scplantdb_CRA002977_2	CRX125604	Vegetative shoot apex	Vascular tissue	Vascular tissue
386	Arabidopsis thaliana	scplantdb_CRA002977_2	CRX125604	Vegetative shoot apex	S phase	S phase
387	Arabidopsis thaliana	scplantdb_CRA002977_2	CRX125604	Vegetative shoot apex	G2/M phase	G2/M phase
388	Arabidopsis thaliana	scplantdb_CRA002977_2	CRX125604	Vegetative shoot apex	Shoot system epidermis	Shoot system epidermis
389	Arabidopsis thaliana	scplantdb_CRA002977_2	CRX125604	Vegetative shoot apex	Mesophyll	Mesophyll
390	Arabidopsis thaliana	scplantdb_CRA002977_2	CRX125604	Vegetative shoot apex	Shoot system epidermis	Shoot system epidermis
391	Arabidopsis thaliana	scplantdb_CRA002977_2	CRX125604	Vegetative shoot apex	Shoot apical meristem	Shoot apical meristem
392	Arabidopsis thaliana	scplantdb_CRA002977_2	CRX125604	Vegetative shoot apex	Guard cell	Guard cell
393	Arabidopsis thaliana	scplantdb_CRA002977_2	CRX125604	Vegetative shoot apex	Mesophyll	Mesophyll
394	Arabidopsis thaliana	scplantdb_CRA002977_2	CRX125604	Vegetative shoot apex	Shoot apical meristem	Shoot apical meristem
395	Arabidopsis thaliana	scplantdb_CRA002977_2	CRX125604	Vegetative shoot apex	Shoot system epidermis	Shoot system epidermis
396	Arabidopsis thaliana	scplantdb_CRA002977_2	CRX125604	Vegetative shoot apex	Mesophyll	Mesophyll
397	Arabidopsis thaliana	scplantdb_CRA002977_2	CRX125604	Vegetative shoot apex	Shoot system epidermis	Shoot system epidermis
398	Arabidopsis thaliana	scplantdb_CRA002977_2	CRX125604	Vegetative shoot apex	Vascular tissue	Vascular tissue
399	Arabidopsis thaliana	scplantdb_CRA002977_2	CRX125604	Vegetative shoot apex	Vascular tissue	Vascular tissue
400	Arabidopsis thaliana	scplantdb_CRA002977_2	CRX125604	Vegetative shoot apex	Shoot system epidermis	Shoot system epidermis
401	Arabidopsis thaliana	scplantdb_CRA002977_2	CRX125604	Vegetative shoot apex	Shoot system epidermis	Shoot system epidermis
402	Arabidopsis thaliana	scplantdb_CRA002977_2	CRX125604	Vegetative shoot apex	Shoot system epidermis	Shoot system epidermis
403	Arabidopsis thaliana	scplantdb_CRA002977_2	CRX125604	Vegetative shoot apex	Mesophyll	Mesophyll
404	Arabidopsis thaliana	scplantdb_CRA002977_2	CRX125604	Vegetative shoot apex	Mesophyll	Mesophyll
405	Arabidopsis thaliana	scplantdb_CRA002977_2	CRX125604	Vegetative shoot apex	Shoot system epidermis	Shoot system epidermis
406	Arabidopsis thaliana	scplantdb_CRA002977_2	CRX125604	Vegetative shoot apex	S phase	S phase
407	Arabidopsis thaliana	scplantdb_CRA002977_2	CRX125604	Vegetative shoot apex	Shoot system epidermis	Shoot system epidermis
408	Arabidopsis thaliana	scplantdb_CRA002977_2	CRX125604	Vegetative shoot apex	Unknow	Unknow
409	Arabidopsis thaliana	scplantdb_CRA002977_2	CRX125604	Vegetative shoot apex	Mesophyll	Mesophyll
410	Arabidopsis thaliana	scplantdb_CRA002977_2	CRX125604	Vegetative shoot apex	Mesophyll	Mesophyll
411	Arabidopsis thaliana	scplantdb_CRA002977_2	CRX125604	Vegetative shoot apex	Shoot apical meristem	Shoot apical meristem
412	Arabidopsis thaliana	scplantdb_CRA002977_2	CRX125604	Vegetative shoot apex	Mesophyll	Mesophyll
413	Arabidopsis thaliana	scplantdb_CRA002977_2	CRX125604	Vegetative shoot apex	Mesophyll	Mesophyll
414	Arabidopsis thaliana	scplantdb_CRA002977_2	CRX125604	Vegetative shoot apex	Vascular tissue	Vascular tissue
415	Arabidopsis thaliana	scplantdb_CRA002977_2	CRX125604	Vegetative shoot apex	Mesophyll	Mesophyll
416	Arabidopsis thaliana	scplantdb_CRA002977_2	CRX125604	Vegetative shoot apex	Vascular tissue	Vascular tissue
417	Arabidopsis thaliana	scplantdb_CRA002977_2	CRX125604	Vegetative shoot apex	Mesophyll	Mesophyll
418	Arabidopsis thaliana	scplantdb_CRA002977_2	CRX125604	Vegetative shoot apex	S phase	S phase
419	Arabidopsis thaliana	scplantdb_CRA002977_2	CRX125604	Vegetative shoot apex	Shoot system epidermis	Shoot system epidermis
420	Arabidopsis thaliana	scplantdb_CRA002977_2	CRX125604	Vegetative shoot apex	Mesophyll	Mesophyll
421	Arabidopsis thaliana	scplantdb_CRA002977_2	CRX125604	Vegetative shoot apex	Vascular tissue	Vascular tissue
422	Arabidopsis thaliana	scplantdb_CRA002977_2	CRX125604	Vegetative shoot apex	G2/M phase	G2/M phase
423	Arabidopsis thaliana	scplantdb_CRA002977_2	CRX125604	Vegetative shoot apex	G2/M phase	G2/M phase
424	Arabidopsis thaliana	scplantdb_CRA002977_2	CRX125604	Vegetative shoot apex	Shoot apical meristem	Shoot apical meristem
425	Arabidopsis thaliana	scplantdb_CRA002977_2	CRX125604	Vegetative shoot apex	Mesophyll	Mesophyll
426	Arabidopsis thaliana	scplantdb_CRA002977_2	CRX125604	Vegetative shoot apex	Shoot system epidermis	Shoot system epidermis
427	Arabidopsis thaliana	scplantdb_CRA002977_2	CRX125604	Vegetative shoot apex	Vascular tissue	Vascular tissue
428	Arabidopsis thaliana	scplantdb_CRA002977_2	CRX125604	Vegetative shoot apex	Shoot system epidermis	Shoot system epidermis
429	Arabidopsis thaliana	scplantdb_CRA002977_2	CRX125604	Vegetative shoot apex	Shoot system epidermis	Shoot system epidermis
430	Arabidopsis thaliana	scplantdb_CRA002977_2	CRX125604	Vegetative shoot apex	Shoot apical meristem	Shoot apical meristem
431	Arabidopsis thaliana	scplantdb_CRA002977_2	CRX125605	Vegetative shoot apex	G2/M phase	G2/M phase
432	Arabidopsis thaliana	scplantdb_CRA002977_2	CRX125605	Vegetative shoot apex	Vascular tissue	Vascular tissue
433	Arabidopsis thaliana	scplantdb_CRA002977_2	CRX125605	Vegetative shoot apex	G2/M phase	G2/M phase
434	Arabidopsis thaliana	scplantdb_CRA002977_2	CRX125605	Vegetative shoot apex	Shoot system epidermis	Shoot system epidermis
435	Arabidopsis thaliana	scplantdb_CRA002977_2	CRX125605	Vegetative shoot apex	Shoot system epidermis	Shoot system epidermis
436	Arabidopsis thaliana	scplantdb_CRA002977_2	CRX125605	Vegetative shoot apex	G2/M phase	G2/M phase
437	Arabidopsis thaliana	scplantdb_CRA002977_2	CRX125605	Vegetative shoot apex	Mesophyll	Mesophyll
438	Arabidopsis thaliana	scplantdb_CRA002977_2	CRX125605	Vegetative shoot apex	Shoot apical meristem	Shoot apical meristem
439	Arabidopsis thaliana	scplantdb_CRA002977_2	CRX125605	Vegetative shoot apex	S phase	S phase
440	Arabidopsis thaliana	scplantdb_CRA002977_2	CRX125605	Vegetative shoot apex	Vascular tissue	Vascular tissue
441	Arabidopsis thaliana	scplantdb_CRA002977_2	CRX125605	Vegetative shoot apex	Vascular tissue	Vascular tissue
442	Arabidopsis thaliana	scplantdb_CRA002977_2	CRX125605	Vegetative shoot apex	Vascular tissue	Vascular tissue
443	Arabidopsis thaliana	scplantdb_CRA002977_2	CRX125605	Vegetative shoot apex	G2/M phase	G2/M phase
444	Arabidopsis thaliana	scplantdb_CRA002977_2	CRX125605	Vegetative shoot apex	Shoot apical meristem	Shoot apical meristem
445	Arabidopsis thaliana	scplantdb_CRA002977_2	CRX125605	Vegetative shoot apex	Unknow	Unknow
446	Arabidopsis thaliana	scplantdb_CRA002977_2	CRX125605	Vegetative shoot apex	Vascular tissue	Vascular tissue
447	Arabidopsis thaliana	scplantdb_CRA002977_2	CRX125605	Vegetative shoot apex	S phase	S phase
448	Arabidopsis thaliana	scplantdb_CRA002977_2	CRX125605	Vegetative shoot apex	Mesophyll	Mesophyll
449	Arabidopsis thaliana	scplantdb_CRA002977_2	CRX125605	Vegetative shoot apex	Shoot apical meristem	Shoot apical meristem
450	Arabidopsis thaliana	scplantdb_CRA002977_2	CRX125605	Vegetative shoot apex	Guard cell	Guard cell
451	Arabidopsis thaliana	scplantdb_CRA002977_2	CRX125605	Vegetative shoot apex	Mesophyll	Mesophyll
452	Arabidopsis thaliana	scplantdb_CRA002977_2	CRX125605	Vegetative shoot apex	S phase	S phase
453	Arabidopsis thaliana	scplantdb_CRA002977_2	CRX125605	Vegetative shoot apex	Vascular tissue	Vascular tissue
454	Arabidopsis thaliana	scplantdb_CRA002977_2	CRX125605	Vegetative shoot apex	Shoot system epidermis	Shoot system epidermis
455	Arabidopsis thaliana	scplantdb_CRA002977_2	CRX125605	Vegetative shoot apex	Shoot apical meristem	Shoot apical meristem
456	Arabidopsis thaliana	scplantdb_CRA002977_2	CRX125605	Vegetative shoot apex	S phase	S phase
457	Arabidopsis thaliana	scplantdb_CRA002977_2	CRX125605	Vegetative shoot apex	S phase	S phase
458	Arabidopsis thaliana	scplantdb_CRA002977_2	CRX125605	Vegetative shoot apex	S phase	S phase
459	Arabidopsis thaliana	scplantdb_CRA002977_2	CRX125605	Vegetative shoot apex	Shoot apical meristem	Shoot apical meristem
460	Arabidopsis thaliana	scplantdb_CRA002977_2	CRX125605	Vegetative shoot apex	G2/M phase	G2/M phase
461	Arabidopsis thaliana	scplantdb_CRA002977_2	CRX125605	Vegetative shoot apex	Shoot system epidermis	Shoot system epidermis
462	Arabidopsis thaliana	scplantdb_CRA002977_2	CRX125605	Vegetative shoot apex	G2/M phase	G2/M phase
463	Arabidopsis thaliana	scplantdb_CRA002977_2	CRX125605	Vegetative shoot apex	Shoot system epidermis	Shoot system epidermis
464	Arabidopsis thaliana	scplantdb_CRA002977_2	CRX125605	Vegetative shoot apex	Shoot system epidermis	Shoot system epidermis
465	Arabidopsis thaliana	scplantdb_CRA002977_2	CRX125605	Vegetative shoot apex	Vascular tissue	Vascular tissue
466	Arabidopsis thaliana	scplantdb_CRA002977_2	CRX125605	Vegetative shoot apex	Vascular tissue	Vascular tissue
467	Arabidopsis thaliana	scplantdb_CRA002977_2	CRX125605	Vegetative shoot apex	Shoot system epidermis	Shoot system epidermis
468	Arabidopsis thaliana	scplantdb_CRA002977_2	CRX125605	Vegetative shoot apex	S phase	S phase
469	Arabidopsis thaliana	scplantdb_CRA002977_2	CRX125605	Vegetative shoot apex	Shoot system epidermis	Shoot system epidermis
470	Arabidopsis thaliana	scplantdb_CRA002977_2	CRX125605	Vegetative shoot apex	Guard cell	Guard cell
471	Arabidopsis thaliana	scplantdb_CRA002977_2	CRX125605	Vegetative shoot apex	S phase	S phase
472	Arabidopsis thaliana	scplantdb_CRA002977_2	CRX125605	Vegetative shoot apex	Shoot system epidermis	Shoot system epidermis
473	Arabidopsis thaliana	scplantdb_CRA002977_2	CRX125605	Vegetative shoot apex	Vascular tissue	Vascular tissue
474	Arabidopsis thaliana	scplantdb_CRA002977_2	CRX125605	Vegetative shoot apex	Mesophyll	Mesophyll
475	Arabidopsis thaliana	scplantdb_CRA002977_2	CRX125605	Vegetative shoot apex	G2/M phase	G2/M phase
476	Arabidopsis thaliana	scplantdb_CRA002977_2	CRX125605	Vegetative shoot apex	Vascular tissue	Vascular tissue
477	Arabidopsis thaliana	scplantdb_CRA002977_2	CRX125605	Vegetative shoot apex	Guard cell	Guard cell
478	Arabidopsis thaliana	scplantdb_CRA002977_2	CRX125605	Vegetative shoot apex	Shoot system epidermis	Shoot system epidermis
479	Arabidopsis thaliana	scplantdb_CRA002977_2	CRX125605	Vegetative shoot apex	Vascular tissue	Vascular tissue
480	Arabidopsis thaliana	scplantdb_CRA002977_2	CRX125605	Vegetative shoot apex	Guard cell	Guard cell
481	Arabidopsis thaliana	scplantdb_CRA002977_2	CRX125605	Vegetative shoot apex	Shoot apical meristem	Shoot apical meristem
482	Arabidopsis thaliana	scplantdb_CRA002977_2	CRX125605	Vegetative shoot apex	Vascular tissue	Vascular tissue
483	Arabidopsis thaliana	scplantdb_CRA002977_2	CRX125605	Vegetative shoot apex	Vascular tissue	Vascular tissue
484	Arabidopsis thaliana	scplantdb_CRA002977_2	CRX125605	Vegetative shoot apex	Mesophyll	Mesophyll
485	Arabidopsis thaliana	scplantdb_CRA002977_2	CRX125605	Vegetative shoot apex	Shoot system epidermis	Shoot system epidermis
486	Arabidopsis thaliana	scplantdb_CRA002977_2	CRX125605	Vegetative shoot apex	Vascular tissue	Vascular tissue
487	Arabidopsis thaliana	scplantdb_CRA002977_2	CRX125605	Vegetative shoot apex	Shoot system epidermis	Shoot system epidermis
488	Arabidopsis thaliana	scplantdb_CRA002977_2	CRX125605	Vegetative shoot apex	Guard cell	Guard cell
489	Arabidopsis thaliana	scplantdb_CRA002977_2	CRX125605	Vegetative shoot apex	Shoot system epidermis	Shoot system epidermis
490	Arabidopsis thaliana	scplantdb_CRA002977_2	CRX125605	Vegetative shoot apex	Vascular tissue	Vascular tissue
491	Arabidopsis thaliana	scplantdb_CRA002977_2	CRX125605	Vegetative shoot apex	Vascular tissue	Vascular tissue
492	Arabidopsis thaliana	scplantdb_CRA002977_2	CRX125605	Vegetative shoot apex	Vascular tissue	Vascular tissue
493	Arabidopsis thaliana	scplantdb_CRA002977_2	CRX125605	Vegetative shoot apex	Vascular tissue	Vascular tissue
494	Arabidopsis thaliana	scplantdb_CRA002977_2	CRX125605	Vegetative shoot apex	S phase	S phase
495	Arabidopsis thaliana	scplantdb_CRA002977_2	CRX125605	Vegetative shoot apex	Mesophyll	Mesophyll
496	Arabidopsis thaliana	scplantdb_CRA002977_2	CRX125605	Vegetative shoot apex	Vascular tissue	Vascular tissue
497	Arabidopsis thaliana	scplantdb_CRA002977_2	CRX125605	Vegetative shoot apex	G2/M phase	G2/M phase
498	Arabidopsis thaliana	scplantdb_CRA002977_2	CRX125605	Vegetative shoot apex	Vascular tissue	Vascular tissue
499	Arabidopsis thaliana	scplantdb_CRA002977_2	CRX125605	Vegetative shoot apex	Mesophyll	Mesophyll
500	Arabidopsis thaliana	scplantdb_CRA002977_2	CRX125605	Vegetative shoot apex	Mesophyll	Mesophyll
501	Arabidopsis thaliana	scplantdb_CRA002977_2	CRX125605	Vegetative shoot apex	G2/M phase	G2/M phase
502	Arabidopsis thaliana	scplantdb_CRA002977_2	CRX125605	Vegetative shoot apex	Vascular tissue	Vascular tissue
503	Arabidopsis thaliana	scplantdb_CRA002977_2	CRX125605	Vegetative shoot apex	Mesophyll	Mesophyll
504	Arabidopsis thaliana	scplantdb_CRA002977_2	CRX125605	Vegetative shoot apex	S phase	S phase
505	Arabidopsis thaliana	scplantdb_CRA002977_2	CRX125605	Vegetative shoot apex	Vascular tissue	Vascular tissue
506	Arabidopsis thaliana	scplantdb_CRA002977_2	CRX125605	Vegetative shoot apex	Shoot apical meristem	Shoot apical meristem
507	Arabidopsis thaliana	scplantdb_CRA002977_2	CRX125605	Vegetative shoot apex	Shoot system epidermis	Shoot system epidermis
508	Arabidopsis thaliana	scplantdb_CRA002977_2	CRX125605	Vegetative shoot apex	Unknow	Unknow
509	Arabidopsis thaliana	scplantdb_CRA002977_2	CRX125605	Vegetative shoot apex	Shoot apical meristem	Shoot apical meristem
510	Arabidopsis thaliana	scplantdb_CRA002977_2	CRX125605	Vegetative shoot apex	Vascular tissue	Vascular tissue
511	Arabidopsis thaliana	scplantdb_CRA002977_2	CRX125605	Vegetative shoot apex	Mesophyll	Mesophyll
512	Fragaria vesca	scplantdb_CRA004848	Mock	True leaf	Unknow	Unknow
513	Fragaria vesca	scplantdb_CRA004848	Mock	True leaf	Mesophyll	Mesophyll
514	Fragaria vesca	scplantdb_CRA004848	Mock	True leaf	Mesophyll	Mesophyll
515	Fragaria vesca	scplantdb_CRA004848	Mock	True leaf	Mesophyll	Mesophyll
516	Fragaria vesca	scplantdb_CRA004848	Mock	True leaf	Mesophyll	Mesophyll
517	Fragaria vesca	scplantdb_CRA004848	Mock	True leaf	Mesophyll	Mesophyll
518	Fragaria vesca	scplantdb_CRA004848	Mock	True leaf	Hydathodes	Hydathodes
519	Fragaria vesca	scplantdb_CRA004848	Mock	True leaf	Mesophyll	Mesophyll
520	Fragaria vesca	scplantdb_CRA004848	Mock	True leaf	Hydathodes	Hydathodes
521	Fragaria vesca	scplantdb_CRA004848	Mock	True leaf	Mesophyll	Mesophyll
522	Fragaria vesca	scplantdb_CRA004848	Mock	True leaf	Xylem	Xylem
523	Fragaria vesca	scplantdb_CRA004848	Mock	True leaf	Xylem parenchyma	Xylem parenchyma
524	Fragaria vesca	scplantdb_CRA004848	Mock	True leaf	Mesophyll	Mesophyll
525	Fragaria vesca	scplantdb_CRA004848	Mock	True leaf	Mesophyll	Mesophyll
526	Fragaria vesca	scplantdb_CRA004848	Mock	True leaf	Mesophyll	Mesophyll
527	Fragaria vesca	scplantdb_CRA004848	Mock	True leaf	Adaxial epidermis	Adaxial epidermis
528	Fragaria vesca	scplantdb_CRA004848	Mock	True leaf	Hydathodes	Hydathodes
529	Fragaria vesca	scplantdb_CRA004848	Mock	True leaf	Hydathodes	Hydathodes
530	Fragaria vesca	scplantdb_CRA004848	Mock	True leaf	Mesophyll	Mesophyll
531	Fragaria vesca	scplantdb_CRA004848	Mock	True leaf	Mesophyll	Mesophyll
532	Fragaria vesca	scplantdb_CRA004848	Mock	True leaf	Mesophyll	Mesophyll
533	Fragaria vesca	scplantdb_CRA004848	Mock	True leaf	Mesophyll	Mesophyll
534	Fragaria vesca	scplantdb_CRA004848	Mock	True leaf	Mesophyll	Mesophyll
535	Fragaria vesca	scplantdb_CRA004848	Mock	True leaf	Mesophyll	Mesophyll
536	Fragaria vesca	scplantdb_CRA004848	Mock	True leaf	Mesophyll	Mesophyll
537	Fragaria vesca	scplantdb_CRA004848	Mock	True leaf	Mesophyll	Mesophyll
538	Fragaria vesca	scplantdb_CRA004848	Mock	True leaf	Mesophyll	Mesophyll
539	Fragaria vesca	scplantdb_CRA004848	Mock	True leaf	Mesophyll	Mesophyll
540	Fragaria vesca	scplantdb_CRA004848	Mock	True leaf	Mesophyll	Mesophyll
541	Fragaria vesca	scplantdb_CRA004848	Mock	True leaf	Hydathodes	Hydathodes
542	Fragaria vesca	scplantdb_CRA004848	Mock	True leaf	Mesophyll	Mesophyll
543	Fragaria vesca	scplantdb_CRA004848	Mock	True leaf	Mesophyll	Mesophyll
544	Fragaria vesca	scplantdb_CRA004848	Mock	True leaf	Phloem	Phloem
545	Fragaria vesca	scplantdb_CRA004848	Mock	True leaf	Mesophyll	Mesophyll
546	Fragaria vesca	scplantdb_CRA004848	Mock	True leaf	Mesophyll	Mesophyll
547	Fragaria vesca	scplantdb_CRA004848	Mock	True leaf	Unknow	Unknow
548	Fragaria vesca	scplantdb_CRA004848	Mock	True leaf	Mesophyll	Mesophyll
549	Fragaria vesca	scplantdb_CRA004848	Mock	True leaf	Mesophyll	Mesophyll
550	Fragaria vesca	scplantdb_CRA004848	Mock	True leaf	Adaxial epidermis	Adaxial epidermis
551	Fragaria vesca	scplantdb_CRA004848	Mock	True leaf	Hydathodes	Hydathodes
552	Fragaria vesca	scplantdb_CRA004848	Mock	True leaf	Xylem	Xylem
553	Fragaria vesca	scplantdb_CRA004848	Mock	True leaf	Adaxial epidermis	Adaxial epidermis
554	Fragaria vesca	scplantdb_CRA004848	Mock	True leaf	Mesophyll	Mesophyll
555	Fragaria vesca	scplantdb_CRA004848	Mock	True leaf	Mesophyll	Mesophyll
556	Fragaria vesca	scplantdb_CRA004848	Mock	True leaf	Xylem parenchyma	Xylem parenchyma
557	Fragaria vesca	scplantdb_CRA004848	Mock	True leaf	Mesophyll	Mesophyll
558	Fragaria vesca	scplantdb_CRA004848	Mock	True leaf	Mesophyll	Mesophyll
559	Fragaria vesca	scplantdb_CRA004848	Mock	True leaf	Mesophyll	Mesophyll
560	Fragaria vesca	scplantdb_CRA004848	Mock	True leaf	Mesophyll	Mesophyll
561	Fragaria vesca	scplantdb_CRA004848	Mock	True leaf	Mesophyll	Mesophyll
562	Fragaria vesca	scplantdb_CRA004848	Mock	True leaf	Mesophyll	Mesophyll
563	Fragaria vesca	scplantdb_CRA004848	Mock	True leaf	Mesophyll	Mesophyll
564	Fragaria vesca	scplantdb_CRA004848	Mock	True leaf	Mesophyll	Mesophyll
565	Fragaria vesca	scplantdb_CRA004848	Mock	True leaf	Mesophyll	Mesophyll
566	Fragaria vesca	scplantdb_CRA004848	Mock	True leaf	Hydathodes	Hydathodes
567	Fragaria vesca	scplantdb_CRA004848	Mock	True leaf	Mesophyll	Mesophyll
568	Fragaria vesca	scplantdb_CRA004848	Mock	True leaf	Mesophyll	Mesophyll
569	Fragaria vesca	scplantdb_CRA004848	Mock	True leaf	Adaxial epidermis	Adaxial epidermis
570	Fragaria vesca	scplantdb_CRA004848	Mock	True leaf	Hydathodes	Hydathodes
571	Fragaria vesca	scplantdb_CRA004848	Mock	True leaf	Mesophyll	Mesophyll
572	Fragaria vesca	scplantdb_CRA004848	Mock	True leaf	Xylem parenchyma	Xylem parenchyma
573	Fragaria vesca	scplantdb_CRA004848	Mock	True leaf	Unknow	Unknow
574	Fragaria vesca	scplantdb_CRA004848	Mock	True leaf	Adaxial epidermis	Adaxial epidermis
575	Fragaria vesca	scplantdb_CRA004848	Mock	True leaf	Mesophyll	Mesophyll
576	Fragaria vesca	scplantdb_CRA004848	Mock	True leaf	Mesophyll	Mesophyll
577	Fragaria vesca	scplantdb_CRA004848	Mock	True leaf	Mesophyll	Mesophyll
578	Fragaria vesca	scplantdb_CRA004848	Mock	True leaf	Mesophyll	Mesophyll
579	Fragaria vesca	scplantdb_CRA004848	Mock	True leaf	Hydathodes	Hydathodes
580	Fragaria vesca	scplantdb_CRA004848	Mock	True leaf	Mesophyll	Mesophyll
581	Fragaria vesca	scplantdb_CRA004848	Mock	True leaf	Hydathodes	Hydathodes
582	Fragaria vesca	scplantdb_CRA004848	Mock	True leaf	Mesophyll	Mesophyll
583	Fragaria vesca	scplantdb_CRA004848	Mock	True leaf	Mesophyll	Mesophyll
584	Fragaria vesca	scplantdb_CRA004848	Mock	True leaf	Mesophyll	Mesophyll
585	Fragaria vesca	scplantdb_CRA004848	Mock	True leaf	Mesophyll	Mesophyll
586	Fragaria vesca	scplantdb_CRA004848	Mock	True leaf	Xylem parenchyma	Xylem parenchyma
587	Fragaria vesca	scplantdb_CRA004848	S12	True leaf	Hydathodes	Hydathodes
588	Fragaria vesca	scplantdb_CRA004848	S12	True leaf	Hydathodes	Hydathodes
589	Fragaria vesca	scplantdb_CRA004848	S12	True leaf	Mesophyll	Mesophyll
590	Fragaria vesca	scplantdb_CRA004848	S12	True leaf	Mesophyll	Mesophyll
591	Fragaria vesca	scplantdb_CRA004848	S12	True leaf	Mesophyll	Mesophyll
592	Fragaria vesca	scplantdb_CRA004848	S12	True leaf	Hydathodes	Hydathodes
593	Fragaria vesca	scplantdb_CRA004848	S12	True leaf	Mesophyll	Mesophyll
594	Fragaria vesca	scplantdb_CRA004848	S12	True leaf	Unknow	Unknow
595	Fragaria vesca	scplantdb_CRA004848	S12	True leaf	Abaxial epidermis	Abaxial epidermis
596	Fragaria vesca	scplantdb_CRA004848	S12	True leaf	Mesophyll	Mesophyll
597	Fragaria vesca	scplantdb_CRA004848	S12	True leaf	Mesophyll	Mesophyll
598	Fragaria vesca	scplantdb_CRA004848	S12	True leaf	Mesophyll	Mesophyll
599	Fragaria vesca	scplantdb_CRA004848	S12	True leaf	Adaxial epidermis	Adaxial epidermis
600	Fragaria vesca	scplantdb_CRA004848	S12	True leaf	Mesophyll	Mesophyll
601	Fragaria vesca	scplantdb_CRA004848	S12	True leaf	Xylem parenchyma	Xylem parenchyma
602	Fragaria vesca	scplantdb_CRA004848	S12	True leaf	Mesophyll	Mesophyll
603	Fragaria vesca	scplantdb_CRA004848	S12	True leaf	Mesophyll	Mesophyll
604	Fragaria vesca	scplantdb_CRA004848	S12	True leaf	Adaxial epidermis	Adaxial epidermis
605	Fragaria vesca	scplantdb_CRA004848	S12	True leaf	Hydathodes	Hydathodes
606	Fragaria vesca	scplantdb_CRA004848	S12	True leaf	Adaxial epidermis	Adaxial epidermis
607	Fragaria vesca	scplantdb_CRA004848	S12	True leaf	Hydathodes	Hydathodes
608	Fragaria vesca	scplantdb_CRA004848	S12	True leaf	Adaxial epidermis	Adaxial epidermis
609	Fragaria vesca	scplantdb_CRA004848	S12	True leaf	Adaxial epidermis	Adaxial epidermis
610	Fragaria vesca	scplantdb_CRA004848	S12	True leaf	Hydathodes	Hydathodes
611	Fragaria vesca	scplantdb_CRA004848	S12	True leaf	Mesophyll	Mesophyll
612	Fragaria vesca	scplantdb_CRA004848	S12	True leaf	Hydathodes	Hydathodes
613	Fragaria vesca	scplantdb_CRA004848	S12	True leaf	Hydathodes	Hydathodes
614	Fragaria vesca	scplantdb_CRA004848	S12	True leaf	Mesophyll	Mesophyll
615	Fragaria vesca	scplantdb_CRA004848	S12	True leaf	Mesophyll	Mesophyll
616	Fragaria vesca	scplantdb_CRA004848	S12	True leaf	Mesophyll	Mesophyll
617	Fragaria vesca	scplantdb_CRA004848	S12	True leaf	Xylem	Xylem
618	Fragaria vesca	scplantdb_CRA004848	S12	True leaf	Mesophyll	Mesophyll
619	Fragaria vesca	scplantdb_CRA004848	S12	True leaf	Adaxial epidermis	Adaxial epidermis
620	Fragaria vesca	scplantdb_CRA004848	S12	True leaf	Abaxial epidermis	Abaxial epidermis
621	Fragaria vesca	scplantdb_CRA004848	S12	True leaf	Hydathodes	Hydathodes
622	Fragaria vesca	scplantdb_CRA004848	S12	True leaf	Mesophyll	Mesophyll
623	Fragaria vesca	scplantdb_CRA004848	S12	True leaf	Phloem	Phloem
624	Fragaria vesca	scplantdb_CRA004848	S12	True leaf	Phloem	Phloem
625	Fragaria vesca	scplantdb_CRA004848	S12	True leaf	Hydathodes	Hydathodes
626	Fragaria vesca	scplantdb_CRA004848	S12	True leaf	Mesophyll	Mesophyll
627	Fragaria vesca	scplantdb_CRA004848	S12	True leaf	Mesophyll	Mesophyll
628	Fragaria vesca	scplantdb_CRA004848	S12	True leaf	Mesophyll	Mesophyll
629	Fragaria vesca	scplantdb_CRA004848	S12	True leaf	Hydathodes	Hydathodes
630	Fragaria vesca	scplantdb_CRA004848	S12	True leaf	Mesophyll	Mesophyll
631	Fragaria vesca	scplantdb_CRA004848	S12	True leaf	Mesophyll	Mesophyll
632	Fragaria vesca	scplantdb_CRA004848	S12	True leaf	Hydathodes	Hydathodes
633	Fragaria vesca	scplantdb_CRA004848	S12	True leaf	Hydathodes	Hydathodes
634	Fragaria vesca	scplantdb_CRA004848	S12	True leaf	Mesophyll	Mesophyll
635	Fragaria vesca	scplantdb_CRA004848	S12	True leaf	Adaxial epidermis	Adaxial epidermis
636	Fragaria vesca	scplantdb_CRA004848	S12	True leaf	Mesophyll	Mesophyll
637	Fragaria vesca	scplantdb_CRA004848	S12	True leaf	Hydathodes	Hydathodes
638	Fragaria vesca	scplantdb_CRA004848	S12	True leaf	Mesophyll	Mesophyll
639	Fragaria vesca	scplantdb_CRA004848	S12	True leaf	Hydathodes	Hydathodes
640	Fragaria vesca	scplantdb_CRA004848	S12	True leaf	Hydathodes	Hydathodes
641	Fragaria vesca	scplantdb_CRA004848	S12	True leaf	Hydathodes	Hydathodes
642	Fragaria vesca	scplantdb_CRA004848	S12	True leaf	Mesophyll	Mesophyll
643	Fragaria vesca	scplantdb_CRA004848	S12	True leaf	Hydathodes	Hydathodes
644	Fragaria vesca	scplantdb_CRA004848	S12	True leaf	Abaxial epidermis	Abaxial epidermis
645	Fragaria vesca	scplantdb_CRA004848	S12	True leaf	Abaxial epidermis	Abaxial epidermis
646	Fragaria vesca	scplantdb_CRA004848	S12	True leaf	Mesophyll	Mesophyll
647	Fragaria vesca	scplantdb_CRA004848	S12	True leaf	Mesophyll	Mesophyll
648	Fragaria vesca	scplantdb_CRA004848	S12	True leaf	Mesophyll	Mesophyll
649	Fragaria vesca	scplantdb_CRA004848	S12	True leaf	Hydathodes	Hydathodes
650	Fragaria vesca	scplantdb_CRA004848	S12	True leaf	Xylem	Xylem
651	Fragaria vesca	scplantdb_CRA004848	S12	True leaf	Hydathodes	Hydathodes
652	Fragaria vesca	scplantdb_CRA004848	S12	True leaf	Mesophyll	Mesophyll
653	Fragaria vesca	scplantdb_CRA004848	S12	True leaf	Hydathodes	Hydathodes
654	Fragaria vesca	scplantdb_CRA004848	S12	True leaf	Hydathodes	Hydathodes
655	Fragaria vesca	scplantdb_CRA004848	S12	True leaf	Mesophyll	Mesophyll
656	Fragaria vesca	scplantdb_CRA004848	S12	True leaf	Unknow	Unknow
657	Fragaria vesca	scplantdb_CRA004848	S12	True leaf	Hydathodes	Hydathodes
658	Fragaria vesca	scplantdb_CRA004848	S12	True leaf	Hydathodes	Hydathodes
659	Fragaria vesca	scplantdb_CRA004848	S12	True leaf	Mesophyll	Mesophyll
660	Fragaria vesca	scplantdb_CRA004848	S12	True leaf	Mesophyll	Mesophyll
661	Fragaria vesca	scplantdb_CRA004848	S12	True leaf	Adaxial epidermis	Adaxial epidermis
662	Fragaria vesca	scplantdb_CRA004848	S12	True leaf	Unknow	Unknow
663	Fragaria vesca	scplantdb_CRA004848	S12	True leaf	Xylem parenchyma	Xylem parenchyma
664	Fragaria vesca	scplantdb_CRA004848	S12	True leaf	Mesophyll	Mesophyll
665	Fragaria vesca	scplantdb_CRA004848	S12	True leaf	Hydathodes	Hydathodes
666	Fragaria vesca	scplantdb_CRA004848	S12	True leaf	Hydathodes	Hydathodes
667	Fragaria vesca	scplantdb_CRA004848	S12	True leaf	Abaxial epidermis	Abaxial epidermis
668	Fragaria vesca	scplantdb_CRA004848	S12	True leaf	Hydathodes	Hydathodes
669	Fragaria vesca	scplantdb_CRA004848	S12	True leaf	Mesophyll	Mesophyll
670	Fragaria vesca	scplantdb_CRA004848	S12	True leaf	Mesophyll	Mesophyll
671	Fragaria vesca	scplantdb_CRA004848	S12	True leaf	Mesophyll	Mesophyll
672	Fragaria vesca	scplantdb_CRA004848	S12	True leaf	Abaxial epidermis	Abaxial epidermis
673	Fragaria vesca	scplantdb_CRA004848	S6	True leaf	Mesophyll	Mesophyll
674	Fragaria vesca	scplantdb_CRA004848	S6	True leaf	Xylem parenchyma	Xylem parenchyma
675	Fragaria vesca	scplantdb_CRA004848	S6	True leaf	Abaxial epidermis	Abaxial epidermis
676	Fragaria vesca	scplantdb_CRA004848	S6	True leaf	Mesophyll	Mesophyll
677	Fragaria vesca	scplantdb_CRA004848	S6	True leaf	Mesophyll	Mesophyll
678	Fragaria vesca	scplantdb_CRA004848	S6	True leaf	Adaxial epidermis	Adaxial epidermis
679	Fragaria vesca	scplantdb_CRA004848	S6	True leaf	Mesophyll	Mesophyll
680	Fragaria vesca	scplantdb_CRA004848	S6	True leaf	Mesophyll	Mesophyll
681	Fragaria vesca	scplantdb_CRA004848	S6	True leaf	Unknow	Unknow
682	Fragaria vesca	scplantdb_CRA004848	S6	True leaf	Mesophyll	Mesophyll
683	Fragaria vesca	scplantdb_CRA004848	S6	True leaf	Xylem parenchyma	Xylem parenchyma
684	Fragaria vesca	scplantdb_CRA004848	S6	True leaf	Mesophyll	Mesophyll
685	Fragaria vesca	scplantdb_CRA004848	S6	True leaf	Mesophyll	Mesophyll
686	Fragaria vesca	scplantdb_CRA004848	S6	True leaf	Mesophyll	Mesophyll
687	Fragaria vesca	scplantdb_CRA004848	S6	True leaf	Mesophyll	Mesophyll
688	Fragaria vesca	scplantdb_CRA004848	S6	True leaf	Mesophyll	Mesophyll
689	Fragaria vesca	scplantdb_CRA004848	S6	True leaf	Hydathodes	Hydathodes
690	Fragaria vesca	scplantdb_CRA004848	S6	True leaf	Mesophyll	Mesophyll
691	Fragaria vesca	scplantdb_CRA004848	S6	True leaf	Hydathodes	Hydathodes
692	Fragaria vesca	scplantdb_CRA004848	S6	True leaf	Adaxial epidermis	Adaxial epidermis
693	Fragaria vesca	scplantdb_CRA004848	S6	True leaf	Mesophyll	Mesophyll
694	Fragaria vesca	scplantdb_CRA004848	S6	True leaf	Phloem	Phloem
695	Fragaria vesca	scplantdb_CRA004848	S6	True leaf	Mesophyll	Mesophyll
696	Fragaria vesca	scplantdb_CRA004848	S6	True leaf	Mesophyll	Mesophyll
697	Fragaria vesca	scplantdb_CRA004848	S6	True leaf	Unknow	Unknow
698	Fragaria vesca	scplantdb_CRA004848	S6	True leaf	Mesophyll	Mesophyll
699	Fragaria vesca	scplantdb_CRA004848	S6	True leaf	Mesophyll	Mesophyll
700	Fragaria vesca	scplantdb_CRA004848	S6	True leaf	Mesophyll	Mesophyll
701	Fragaria vesca	scplantdb_CRA004848	S6	True leaf	Mesophyll	Mesophyll
702	Fragaria vesca	scplantdb_CRA004848	S6	True leaf	Mesophyll	Mesophyll
703	Fragaria vesca	scplantdb_CRA004848	S6	True leaf	Hydathodes	Hydathodes
704	Fragaria vesca	scplantdb_CRA004848	S6	True leaf	Hydathodes	Hydathodes
705	Fragaria vesca	scplantdb_CRA004848	S6	True leaf	Mesophyll	Mesophyll
706	Fragaria vesca	scplantdb_CRA004848	S6	True leaf	Xylem	Xylem
707	Fragaria vesca	scplantdb_CRA004848	S6	True leaf	Hydathodes	Hydathodes
708	Fragaria vesca	scplantdb_CRA004848	S6	True leaf	Hydathodes	Hydathodes
709	Fragaria vesca	scplantdb_CRA004848	S6	True leaf	Mesophyll	Mesophyll
710	Fragaria vesca	scplantdb_CRA004848	S6	True leaf	Mesophyll	Mesophyll
711	Fragaria vesca	scplantdb_CRA004848	S6	True leaf	Hydathodes	Hydathodes
712	Fragaria vesca	scplantdb_CRA004848	S6	True leaf	Mesophyll	Mesophyll
713	Fragaria vesca	scplantdb_CRA004848	S6	True leaf	Hydathodes	Hydathodes
714	Fragaria vesca	scplantdb_CRA004848	S6	True leaf	Hydathodes	Hydathodes
715	Fragaria vesca	scplantdb_CRA004848	S6	True leaf	Mesophyll	Mesophyll
716	Fragaria vesca	scplantdb_CRA004848	S6	True leaf	Hydathodes	Hydathodes
717	Fragaria vesca	scplantdb_CRA004848	S6	True leaf	Unknow	Unknow
718	Fragaria vesca	scplantdb_CRA004848	S6	True leaf	Hydathodes	Hydathodes
719	Fragaria vesca	scplantdb_CRA004848	S6	True leaf	Mesophyll	Mesophyll
720	Fragaria vesca	scplantdb_CRA004848	S6	True leaf	Mesophyll	Mesophyll
721	Fragaria vesca	scplantdb_CRA004848	S6	True leaf	Hydathodes	Hydathodes
722	Fragaria vesca	scplantdb_CRA004848	S6	True leaf	Mesophyll	Mesophyll
723	Fragaria vesca	scplantdb_CRA004848	S6	True leaf	Mesophyll	Mesophyll
724	Fragaria vesca	scplantdb_CRA004848	S6	True leaf	Mesophyll	Mesophyll
725	Fragaria vesca	scplantdb_CRA004848	S6	True leaf	Adaxial epidermis	Adaxial epidermis
726	Fragaria vesca	scplantdb_CRA004848	S6	True leaf	Mesophyll	Mesophyll
727	Fragaria vesca	scplantdb_CRA004848	S6	True leaf	Mesophyll	Mesophyll
728	Fragaria vesca	scplantdb_CRA004848	S6	True leaf	Mesophyll	Mesophyll
729	Fragaria vesca	scplantdb_CRA004848	S6	True leaf	Abaxial epidermis	Abaxial epidermis
730	Fragaria vesca	scplantdb_CRA004848	S6	True leaf	Hydathodes	Hydathodes
731	Fragaria vesca	scplantdb_CRA004848	S6	True leaf	Mesophyll	Mesophyll
732	Fragaria vesca	scplantdb_CRA004848	S6	True leaf	Unknow	Unknow
733	Fragaria vesca	scplantdb_CRA004848	S6	True leaf	Mesophyll	Mesophyll
734	Fragaria vesca	scplantdb_CRA004848	S6	True leaf	Hydathodes	Hydathodes
735	Fragaria vesca	scplantdb_CRA004848	S6	True leaf	Hydathodes	Hydathodes
736	Fragaria vesca	scplantdb_CRA004848	S6	True leaf	Hydathodes	Hydathodes
737	Fragaria vesca	scplantdb_CRA004848	S6	True leaf	Hydathodes	Hydathodes
738	Fragaria vesca	scplantdb_CRA004848	S6	True leaf	Mesophyll	Mesophyll
739	Fragaria vesca	scplantdb_CRA004848	S6	True leaf	Hydathodes	Hydathodes
740	Fragaria vesca	scplantdb_CRA004848	S6	True leaf	Mesophyll	Mesophyll
741	Fragaria vesca	scplantdb_CRA004848	S6	True leaf	Hydathodes	Hydathodes
742	Fragaria vesca	scplantdb_CRA004848	S6	True leaf	Mesophyll	Mesophyll
743	Fragaria vesca	scplantdb_CRA004848	S6	True leaf	Mesophyll	Mesophyll
744	Fragaria vesca	scplantdb_CRA004848	S6	True leaf	Mesophyll	Mesophyll
745	Fragaria vesca	scplantdb_CRA004848	S6	True leaf	Adaxial epidermis	Adaxial epidermis
746	Fragaria vesca	scplantdb_CRA004848	S6	True leaf	Mesophyll	Mesophyll
747	Fragaria vesca	scplantdb_CRA004848	S6	True leaf	Hydathodes	Hydathodes
748	Fragaria vesca	scplantdb_CRA004848	S6	True leaf	Mesophyll	Mesophyll
749	Fragaria vesca	scplantdb_CRA004848	S6	True leaf	Mesophyll	Mesophyll
750	Fragaria vesca	scplantdb_CRA004848	S6	True leaf	Hydathodes	Hydathodes
751	Fragaria vesca	scplantdb_CRA004848	S6	True leaf	Mesophyll	Mesophyll
752	Fragaria vesca	scplantdb_CRA004848	S6	True leaf	Mesophyll	Mesophyll
753	Fragaria vesca	scplantdb_CRA004848	S6	True leaf	Mesophyll	Mesophyll
754	Fragaria vesca	scplantdb_CRA004848	S6	True leaf	Adaxial epidermis	Adaxial epidermis
755	Fragaria vesca	scplantdb_CRA004848	S6	True leaf	Hydathodes	Hydathodes
756	Fragaria vesca	scplantdb_CRA004848	S6	True leaf	Mesophyll	Mesophyll
757	Fragaria vesca	scplantdb_CRA004848	S6	True leaf	Abaxial epidermis	Abaxial epidermis
758	Fragaria vesca	scplantdb_CRA004848	S6	True leaf	Unknow	Unknow
759	Fragaria vesca	scplantdb_CRA004848	S6	True leaf	Unknow	Unknow
760	Fragaria vesca	scplantdb_CRA004848	S6	True leaf	Mesophyll	Mesophyll
761	Fragaria vesca	scplantdb_CRA004848	S6	True leaf	Unknow	Unknow
762	Fragaria vesca	scplantdb_CRA004848	S6	True leaf	Mesophyll	Mesophyll
763	Fragaria vesca	scplantdb_CRA004848	S6	True leaf	Unknow	Unknow
764	Fragaria vesca	scplantdb_CRA004848	S6	True leaf	Mesophyll	Mesophyll
765	Fragaria vesca	scplantdb_CRA004848	S6	True leaf	Unknow	Unknow
766	Fragaria vesca	scplantdb_CRA004848	S6	True leaf	Mesophyll	Mesophyll
767	Fragaria vesca	scplantdb_CRA004848	S6	True leaf	Hydathodes	Hydathodes
768	Brassica rapa	scplantdb_CRA006988	CRX443755	Rosette leaf	Unknow	Unknow
769	Brassica rapa	scplantdb_CRA006988	CRX443755	Rosette leaf	Unknow	Unknow
770	Brassica rapa	scplantdb_CRA006988	CRX443755	Rosette leaf	Vascular tissue	Vascular tissue
771	Brassica rapa	scplantdb_CRA006988	CRX443755	Rosette leaf	Unknow	Unknow
772	Brassica rapa	scplantdb_CRA006988	CRX443755	Rosette leaf	Unknow	Unknow
773	Brassica rapa	scplantdb_CRA006988	CRX443755	Rosette leaf	Mesophyll	Mesophyll
774	Brassica rapa	scplantdb_CRA006988	CRX443755	Rosette leaf	Mesophyll	Mesophyll
775	Brassica rapa	scplantdb_CRA006988	CRX443755	Rosette leaf	Mesophyll	Mesophyll
776	Brassica rapa	scplantdb_CRA006988	CRX443755	Rosette leaf	Mesophyll	Mesophyll
777	Brassica rapa	scplantdb_CRA006988	CRX443755	Rosette leaf	Unknow	Unknow
778	Brassica rapa	scplantdb_CRA006988	CRX443755	Rosette leaf	Unknow	Unknow
779	Brassica rapa	scplantdb_CRA006988	CRX443755	Rosette leaf	Leaf epidermis	Leaf epidermis
780	Brassica rapa	scplantdb_CRA006988	CRX443755	Rosette leaf	Leaf epidermis	Leaf epidermis
781	Brassica rapa	scplantdb_CRA006988	CRX443755	Rosette leaf	Leaf epidermis	Leaf epidermis
782	Brassica rapa	scplantdb_CRA006988	CRX443755	Rosette leaf	Mesophyll	Mesophyll
783	Brassica rapa	scplantdb_CRA006988	CRX443755	Rosette leaf	Unknow	Unknow
784	Brassica rapa	scplantdb_CRA006988	CRX443755	Rosette leaf	Unknow	Unknow
785	Brassica rapa	scplantdb_CRA006988	CRX443755	Rosette leaf	Unknow	Unknow
786	Brassica rapa	scplantdb_CRA006988	CRX443755	Rosette leaf	Mesophyll	Mesophyll
787	Brassica rapa	scplantdb_CRA006988	CRX443755	Rosette leaf	Unknow	Unknow
788	Brassica rapa	scplantdb_CRA006988	CRX443755	Rosette leaf	Unknow	Unknow
789	Brassica rapa	scplantdb_CRA006988	CRX443755	Rosette leaf	Mesophyll	Mesophyll
790	Brassica rapa	scplantdb_CRA006988	CRX443755	Rosette leaf	Leaf epidermis	Leaf epidermis
791	Brassica rapa	scplantdb_CRA006988	CRX443755	Rosette leaf	Unknow	Unknow
792	Brassica rapa	scplantdb_CRA006988	CRX443755	Rosette leaf	Leaf epidermis	Leaf epidermis
793	Brassica rapa	scplantdb_CRA006988	CRX443755	Rosette leaf	Bundle sheath	Bundle sheath
794	Brassica rapa	scplantdb_CRA006988	CRX443755	Rosette leaf	Mesophyll	Mesophyll
795	Brassica rapa	scplantdb_CRA006988	CRX443755	Rosette leaf	Leaf epidermis	Leaf epidermis
796	Brassica rapa	scplantdb_CRA006988	CRX443755	Rosette leaf	Unknow	Unknow
797	Brassica rapa	scplantdb_CRA006988	CRX443755	Rosette leaf	Unknow	Unknow
798	Brassica rapa	scplantdb_CRA006988	CRX443755	Rosette leaf	Leaf epidermis	Leaf epidermis
799	Brassica rapa	scplantdb_CRA006988	CRX443755	Rosette leaf	Leaf epidermis	Leaf epidermis
800	Brassica rapa	scplantdb_CRA006988	CRX443755	Rosette leaf	Unknow	Unknow
801	Brassica rapa	scplantdb_CRA006988	CRX443755	Rosette leaf	Leaf epidermis	Leaf epidermis
802	Brassica rapa	scplantdb_CRA006988	CRX443755	Rosette leaf	Unknow	Unknow
803	Brassica rapa	scplantdb_CRA006988	CRX443755	Rosette leaf	Mesophyll	Mesophyll
804	Brassica rapa	scplantdb_CRA006988	CRX443755	Rosette leaf	Mesophyll	Mesophyll
805	Brassica rapa	scplantdb_CRA006988	CRX443755	Rosette leaf	Unknow	Unknow
806	Brassica rapa	scplantdb_CRA006988	CRX443755	Rosette leaf	Bundle sheath	Bundle sheath
807	Brassica rapa	scplantdb_CRA006988	CRX443755	Rosette leaf	Unknow	Unknow
808	Brassica rapa	scplantdb_CRA006988	CRX443755	Rosette leaf	Unknow	Unknow
809	Brassica rapa	scplantdb_CRA006988	CRX443755	Rosette leaf	Unknow	Unknow
810	Brassica rapa	scplantdb_CRA006988	CRX443755	Rosette leaf	Unknow	Unknow
811	Brassica rapa	scplantdb_CRA006988	CRX443755	Rosette leaf	Vascular tissue	Vascular tissue
812	Brassica rapa	scplantdb_CRA006988	CRX443755	Rosette leaf	Meristematic cell	Meristematic cell
813	Brassica rapa	scplantdb_CRA006988	CRX443755	Rosette leaf	Unknow	Unknow
814	Brassica rapa	scplantdb_CRA006988	CRX443755	Rosette leaf	Unknow	Unknow
815	Brassica rapa	scplantdb_CRA006988	CRX443755	Rosette leaf	Unknow	Unknow
816	Brassica rapa	scplantdb_CRA006988	CRX443755	Rosette leaf	Unknow	Unknow
817	Brassica rapa	scplantdb_CRA006988	CRX443755	Rosette leaf	Leaf epidermis	Leaf epidermis
818	Brassica rapa	scplantdb_CRA006988	CRX443755	Rosette leaf	Mesophyll	Mesophyll
819	Brassica rapa	scplantdb_CRA006988	CRX443755	Rosette leaf	Unknow	Unknow
820	Brassica rapa	scplantdb_CRA006988	CRX443755	Rosette leaf	Bundle sheath	Bundle sheath
821	Brassica rapa	scplantdb_CRA006988	CRX443755	Rosette leaf	Unknow	Unknow
822	Brassica rapa	scplantdb_CRA006988	CRX443755	Rosette leaf	Leaf epidermis	Leaf epidermis
823	Brassica rapa	scplantdb_CRA006988	CRX443755	Rosette leaf	Meristematic cell	Meristematic cell
824	Brassica rapa	scplantdb_CRA006988	CRX443755	Rosette leaf	Unknow	Unknow
825	Brassica rapa	scplantdb_CRA006988	CRX443755	Rosette leaf	Unknow	Unknow
826	Brassica rapa	scplantdb_CRA006988	CRX443755	Rosette leaf	Mesophyll	Mesophyll
827	Brassica rapa	scplantdb_CRA006988	CRX443755	Rosette leaf	Unknow	Unknow
828	Brassica rapa	scplantdb_CRA006988	CRX443755	Rosette leaf	Leaf epidermis	Leaf epidermis
829	Brassica rapa	scplantdb_CRA006988	CRX443755	Rosette leaf	Unknow	Unknow
830	Brassica rapa	scplantdb_CRA006988	CRX443755	Rosette leaf	Leaf epidermis	Leaf epidermis
831	Brassica rapa	scplantdb_CRA006988	CRX443755	Rosette leaf	Unknow	Unknow
832	Brassica rapa	scplantdb_CRA006988	CRX443755	Rosette leaf	Leaf epidermis	Leaf epidermis
833	Brassica rapa	scplantdb_CRA006988	CRX443755	Rosette leaf	Leaf epidermis	Leaf epidermis
834	Brassica rapa	scplantdb_CRA006988	CRX443755	Rosette leaf	Unknow	Unknow
835	Brassica rapa	scplantdb_CRA006988	CRX443755	Rosette leaf	Unknow	Unknow
836	Brassica rapa	scplantdb_CRA006988	CRX443755	Rosette leaf	Unknow	Unknow
837	Brassica rapa	scplantdb_CRA006988	CRX443755	Rosette leaf	Unknow	Unknow
838	Brassica rapa	scplantdb_CRA006988	CRX443755	Rosette leaf	Unknow	Unknow
839	Brassica rapa	scplantdb_CRA006988	CRX443755	Rosette leaf	Unknow	Unknow
840	Brassica rapa	scplantdb_CRA006988	CRX443755	Rosette leaf	Unknow	Unknow
841	Brassica rapa	scplantdb_CRA006988	CRX443755	Rosette leaf	Leaf epidermis	Leaf epidermis
842	Brassica rapa	scplantdb_CRA006988	CRX443755	Rosette leaf	Unknow	Unknow
843	Brassica rapa	scplantdb_CRA006988	CRX443755	Rosette leaf	Unknow	Unknow
844	Brassica rapa	scplantdb_CRA006988	CRX443755	Rosette leaf	Unknow	Unknow
845	Brassica rapa	scplantdb_CRA006988	CRX443755	Rosette leaf	Mesophyll	Mesophyll
846	Brassica rapa	scplantdb_CRA006988	CRX443755	Rosette leaf	Unknow	Unknow
847	Brassica rapa	scplantdb_CRA006988	CRX443755	Rosette leaf	Mesophyll	Mesophyll
848	Brassica rapa	scplantdb_CRA006988	CRX443755	Rosette leaf	Unknow	Unknow
849	Brassica rapa	scplantdb_CRA006988	CRX443755	Rosette leaf	Mesophyll	Mesophyll
850	Brassica rapa	scplantdb_CRA006988	CRX443755	Rosette leaf	Unknow	Unknow
851	Brassica rapa	scplantdb_CRA006988	CRX443755	Rosette leaf	Unknow	Unknow
852	Brassica rapa	scplantdb_CRA006988	CRX443755	Rosette leaf	Mesophyll	Mesophyll
853	Brassica rapa	scplantdb_CRA006988	CRX443755	Rosette leaf	Leaf epidermis	Leaf epidermis
854	Brassica rapa	scplantdb_CRA006988	CRX443755	Rosette leaf	Bundle sheath	Bundle sheath
855	Brassica rapa	scplantdb_CRA006988	CRX443755	Rosette leaf	Mesophyll	Mesophyll
856	Brassica rapa	scplantdb_CRA006988	CRX443755	Rosette leaf	Unknow	Unknow
857	Brassica rapa	scplantdb_CRA006988	CRX443755	Rosette leaf	Unknow	Unknow
858	Brassica rapa	scplantdb_CRA006988	CRX443755	Rosette leaf	Bundle sheath	Bundle sheath
859	Brassica rapa	scplantdb_CRA006988	CRX443755	Rosette leaf	Bundle sheath	Bundle sheath
860	Brassica rapa	scplantdb_CRA006988	CRX443755	Rosette leaf	Unknow	Unknow
861	Brassica rapa	scplantdb_CRA006988	CRX443755	Rosette leaf	Mesophyll	Mesophyll
862	Brassica rapa	scplantdb_CRA006988	CRX443755	Rosette leaf	Leaf epidermis	Leaf epidermis
863	Brassica rapa	scplantdb_CRA006988	CRX443755	Rosette leaf	Unknow	Unknow
864	Brassica rapa	scplantdb_CRA006988	CRX443755	Rosette leaf	Leaf epidermis	Leaf epidermis
865	Brassica rapa	scplantdb_CRA006988	CRX443755	Rosette leaf	Unknow	Unknow
866	Brassica rapa	scplantdb_CRA006988	CRX443755	Rosette leaf	Unknow	Unknow
867	Brassica rapa	scplantdb_CRA006988	CRX443755	Rosette leaf	Unknow	Unknow
868	Brassica rapa	scplantdb_CRA006988	CRX443755	Rosette leaf	Leaf epidermis	Leaf epidermis
869	Brassica rapa	scplantdb_CRA006988	CRX443755	Rosette leaf	Mesophyll	Mesophyll
870	Brassica rapa	scplantdb_CRA006988	CRX443755	Rosette leaf	Unknow	Unknow
871	Brassica rapa	scplantdb_CRA006988	CRX443755	Rosette leaf	Unknow	Unknow
872	Brassica rapa	scplantdb_CRA006988	CRX443755	Rosette leaf	Mesophyll	Mesophyll
873	Brassica rapa	scplantdb_CRA006988	CRX443755	Rosette leaf	Unknow	Unknow
874	Brassica rapa	scplantdb_CRA006988	CRX443755	Rosette leaf	Unknow	Unknow
875	Brassica rapa	scplantdb_CRA006988	CRX443755	Rosette leaf	Mesophyll	Mesophyll
876	Brassica rapa	scplantdb_CRA006988	CRX443755	Rosette leaf	Meristematic cell	Meristematic cell
877	Brassica rapa	scplantdb_CRA006988	CRX443755	Rosette leaf	Leaf epidermis	Leaf epidermis
878	Brassica rapa	scplantdb_CRA006988	CRX443755	Rosette leaf	Unknow	Unknow
879	Brassica rapa	scplantdb_CRA006988	CRX443755	Rosette leaf	Leaf epidermis	Leaf epidermis
880	Brassica rapa	scplantdb_CRA006988	CRX443756	Rosette leaf	Unknow	Unknow
881	Brassica rapa	scplantdb_CRA006988	CRX443756	Rosette leaf	Mesophyll	Mesophyll
882	Brassica rapa	scplantdb_CRA006988	CRX443756	Rosette leaf	Unknow	Unknow
883	Brassica rapa	scplantdb_CRA006988	CRX443756	Rosette leaf	Vascular tissue	Vascular tissue
884	Brassica rapa	scplantdb_CRA006988	CRX443756	Rosette leaf	Meristematic cell	Meristematic cell
885	Brassica rapa	scplantdb_CRA006988	CRX443756	Rosette leaf	Unknow	Unknow
886	Brassica rapa	scplantdb_CRA006988	CRX443756	Rosette leaf	Mesophyll	Mesophyll
887	Brassica rapa	scplantdb_CRA006988	CRX443756	Rosette leaf	Meristematic cell	Meristematic cell
888	Brassica rapa	scplantdb_CRA006988	CRX443756	Rosette leaf	Unknow	Unknow
889	Brassica rapa	scplantdb_CRA006988	CRX443756	Rosette leaf	Bundle sheath	Bundle sheath
890	Brassica rapa	scplantdb_CRA006988	CRX443756	Rosette leaf	Meristematic cell	Meristematic cell
891	Brassica rapa	scplantdb_CRA006988	CRX443756	Rosette leaf	Vascular tissue	Vascular tissue
892	Brassica rapa	scplantdb_CRA006988	CRX443756	Rosette leaf	Leaf epidermis	Leaf epidermis
893	Brassica rapa	scplantdb_CRA006988	CRX443756	Rosette leaf	Unknow	Unknow
894	Brassica rapa	scplantdb_CRA006988	CRX443756	Rosette leaf	Phloem	Phloem
895	Brassica rapa	scplantdb_CRA006988	CRX443756	Rosette leaf	Unknow	Unknow
896	Brassica rapa	scplantdb_CRA006988	CRX443756	Rosette leaf	Vascular tissue	Vascular tissue
897	Brassica rapa	scplantdb_CRA006988	CRX443756	Rosette leaf	Mesophyll	Mesophyll
898	Brassica rapa	scplantdb_CRA006988	CRX443756	Rosette leaf	Unknow	Unknow
899	Brassica rapa	scplantdb_CRA006988	CRX443756	Rosette leaf	Mesophyll	Mesophyll
900	Brassica rapa	scplantdb_CRA006988	CRX443756	Rosette leaf	Mesophyll	Mesophyll
901	Brassica rapa	scplantdb_CRA006988	CRX443756	Rosette leaf	Mesophyll	Mesophyll
902	Brassica rapa	scplantdb_CRA006988	CRX443756	Rosette leaf	Leaf epidermis	Leaf epidermis
903	Brassica rapa	scplantdb_CRA006988	CRX443756	Rosette leaf	Vascular tissue	Vascular tissue
904	Brassica rapa	scplantdb_CRA006988	CRX443756	Rosette leaf	Mesophyll	Mesophyll
905	Brassica rapa	scplantdb_CRA006988	CRX443756	Rosette leaf	Unknow	Unknow
906	Brassica rapa	scplantdb_CRA006988	CRX443756	Rosette leaf	Vascular tissue	Vascular tissue
907	Brassica rapa	scplantdb_CRA006988	CRX443756	Rosette leaf	Vascular tissue	Vascular tissue
908	Brassica rapa	scplantdb_CRA006988	CRX443756	Rosette leaf	Unknow	Unknow
909	Brassica rapa	scplantdb_CRA006988	CRX443756	Rosette leaf	Mesophyll	Mesophyll
910	Brassica rapa	scplantdb_CRA006988	CRX443756	Rosette leaf	Vascular tissue	Vascular tissue
911	Brassica rapa	scplantdb_CRA006988	CRX443756	Rosette leaf	Meristematic cell	Meristematic cell
912	Brassica rapa	scplantdb_CRA006988	CRX443756	Rosette leaf	Leaf guard cell	Leaf guard cell
913	Brassica rapa	scplantdb_CRA006988	CRX443756	Rosette leaf	Mesophyll	Mesophyll
914	Brassica rapa	scplantdb_CRA006988	CRX443756	Rosette leaf	Unknow	Unknow
915	Brassica rapa	scplantdb_CRA006988	CRX443756	Rosette leaf	Unknow	Unknow
916	Brassica rapa	scplantdb_CRA006988	CRX443756	Rosette leaf	Unknow	Unknow
917	Brassica rapa	scplantdb_CRA006988	CRX443756	Rosette leaf	Vascular tissue	Vascular tissue
918	Brassica rapa	scplantdb_CRA006988	CRX443756	Rosette leaf	Mesophyll	Mesophyll
919	Brassica rapa	scplantdb_CRA006988	CRX443756	Rosette leaf	Unknow	Unknow
920	Brassica rapa	scplantdb_CRA006988	CRX443756	Rosette leaf	Leaf epidermis	Leaf epidermis
921	Brassica rapa	scplantdb_CRA006988	CRX443756	Rosette leaf	Unknow	Unknow
922	Brassica rapa	scplantdb_CRA006988	CRX443756	Rosette leaf	Mesophyll	Mesophyll
923	Brassica rapa	scplantdb_CRA006988	CRX443756	Rosette leaf	Mesophyll	Mesophyll
924	Brassica rapa	scplantdb_CRA006988	CRX443756	Rosette leaf	Leaf epidermis	Leaf epidermis
925	Brassica rapa	scplantdb_CRA006988	CRX443756	Rosette leaf	Mesophyll	Mesophyll
926	Brassica rapa	scplantdb_CRA006988	CRX443756	Rosette leaf	Meristematic cell	Meristematic cell
927	Brassica rapa	scplantdb_CRA006988	CRX443756	Rosette leaf	Meristematic cell	Meristematic cell
928	Brassica rapa	scplantdb_CRA006988	CRX443756	Rosette leaf	Bundle sheath	Bundle sheath
929	Brassica rapa	scplantdb_CRA006988	CRX443756	Rosette leaf	Leaf epidermis	Leaf epidermis
930	Brassica rapa	scplantdb_CRA006988	CRX443756	Rosette leaf	Vascular tissue	Vascular tissue
931	Brassica rapa	scplantdb_CRA006988	CRX443756	Rosette leaf	Unknow	Unknow
932	Brassica rapa	scplantdb_CRA006988	CRX443756	Rosette leaf	Unknow	Unknow
933	Brassica rapa	scplantdb_CRA006988	CRX443756	Rosette leaf	Leaf epidermis	Leaf epidermis
934	Brassica rapa	scplantdb_CRA006988	CRX443756	Rosette leaf	Unknow	Unknow
935	Brassica rapa	scplantdb_CRA006988	CRX443756	Rosette leaf	Meristematic cell	Meristematic cell
936	Brassica rapa	scplantdb_CRA006988	CRX443756	Rosette leaf	Bundle sheath	Bundle sheath
937	Brassica rapa	scplantdb_CRA006988	CRX443756	Rosette leaf	Unknow	Unknow
938	Brassica rapa	scplantdb_CRA006988	CRX443756	Rosette leaf	Leaf epidermis	Leaf epidermis
939	Brassica rapa	scplantdb_CRA006988	CRX443756	Rosette leaf	Unknow	Unknow
940	Brassica rapa	scplantdb_CRA006988	CRX443756	Rosette leaf	Leaf epidermis	Leaf epidermis
941	Brassica rapa	scplantdb_CRA006988	CRX443756	Rosette leaf	Leaf epidermis	Leaf epidermis
942	Brassica rapa	scplantdb_CRA006988	CRX443756	Rosette leaf	Meristematic cell	Meristematic cell
943	Brassica rapa	scplantdb_CRA006988	CRX443756	Rosette leaf	Unknow	Unknow
944	Brassica rapa	scplantdb_CRA006988	CRX443756	Rosette leaf	Leaf epidermis	Leaf epidermis
945	Brassica rapa	scplantdb_CRA006988	CRX443756	Rosette leaf	Leaf epidermis	Leaf epidermis
946	Brassica rapa	scplantdb_CRA006988	CRX443756	Rosette leaf	Unknow	Unknow
947	Brassica rapa	scplantdb_CRA006988	CRX443756	Rosette leaf	Meristematic cell	Meristematic cell
948	Brassica rapa	scplantdb_CRA006988	CRX443757	Rosette leaf	Mesophyll	Mesophyll
949	Brassica rapa	scplantdb_CRA006988	CRX443757	Rosette leaf	Unknow	Unknow
950	Brassica rapa	scplantdb_CRA006988	CRX443757	Rosette leaf	Leaf epidermis	Leaf epidermis
951	Brassica rapa	scplantdb_CRA006988	CRX443757	Rosette leaf	Unknow	Unknow
952	Brassica rapa	scplantdb_CRA006988	CRX443757	Rosette leaf	Bundle sheath	Bundle sheath
953	Brassica rapa	scplantdb_CRA006988	CRX443757	Rosette leaf	Unknow	Unknow
954	Brassica rapa	scplantdb_CRA006988	CRX443757	Rosette leaf	Vascular tissue	Vascular tissue
955	Brassica rapa	scplantdb_CRA006988	CRX443757	Rosette leaf	Leaf epidermis	Leaf epidermis
956	Brassica rapa	scplantdb_CRA006988	CRX443757	Rosette leaf	Unknow	Unknow
957	Brassica rapa	scplantdb_CRA006988	CRX443757	Rosette leaf	Unknow	Unknow
958	Brassica rapa	scplantdb_CRA006988	CRX443757	Rosette leaf	Bundle sheath	Bundle sheath
959	Brassica rapa	scplantdb_CRA006988	CRX443757	Rosette leaf	Bundle sheath	Bundle sheath
960	Brassica rapa	scplantdb_CRA006988	CRX443757	Rosette leaf	Leaf epidermis	Leaf epidermis
961	Brassica rapa	scplantdb_CRA006988	CRX443757	Rosette leaf	Leaf epidermis	Leaf epidermis
962	Brassica rapa	scplantdb_CRA006988	CRX443757	Rosette leaf	Meristematic cell	Meristematic cell
963	Brassica rapa	scplantdb_CRA006988	CRX443757	Rosette leaf	Unknow	Unknow
964	Brassica rapa	scplantdb_CRA006988	CRX443757	Rosette leaf	Mesophyll	Mesophyll
965	Brassica rapa	scplantdb_CRA006988	CRX443757	Rosette leaf	Leaf epidermis	Leaf epidermis
966	Brassica rapa	scplantdb_CRA006988	CRX443757	Rosette leaf	Leaf epidermis	Leaf epidermis
967	Brassica rapa	scplantdb_CRA006988	CRX443757	Rosette leaf	Mesophyll	Mesophyll
968	Brassica rapa	scplantdb_CRA006988	CRX443757	Rosette leaf	Meristematic cell	Meristematic cell
969	Brassica rapa	scplantdb_CRA006988	CRX443757	Rosette leaf	Meristematic cell	Meristematic cell
970	Brassica rapa	scplantdb_CRA006988	CRX443757	Rosette leaf	Unknow	Unknow
971	Brassica rapa	scplantdb_CRA006988	CRX443757	Rosette leaf	Unknow	Unknow
972	Brassica rapa	scplantdb_CRA006988	CRX443757	Rosette leaf	Unknow	Unknow
973	Brassica rapa	scplantdb_CRA006988	CRX443757	Rosette leaf	Leaf epidermis	Leaf epidermis
974	Brassica rapa	scplantdb_CRA006988	CRX443757	Rosette leaf	Unknow	Unknow
975	Brassica rapa	scplantdb_CRA006988	CRX443757	Rosette leaf	Unknow	Unknow
976	Brassica rapa	scplantdb_CRA006988	CRX443757	Rosette leaf	Unknow	Unknow
977	Brassica rapa	scplantdb_CRA006988	CRX443757	Rosette leaf	Unknow	Unknow
978	Brassica rapa	scplantdb_CRA006988	CRX443757	Rosette leaf	Leaf epidermis	Leaf epidermis
979	Brassica rapa	scplantdb_CRA006988	CRX443757	Rosette leaf	Unknow	Unknow
980	Brassica rapa	scplantdb_CRA006988	CRX443757	Rosette leaf	Unknow	Unknow
981	Brassica rapa	scplantdb_CRA006988	CRX443757	Rosette leaf	Unknow	Unknow
982	Brassica rapa	scplantdb_CRA006988	CRX443757	Rosette leaf	Unknow	Unknow
983	Brassica rapa	scplantdb_CRA006988	CRX443757	Rosette leaf	Mesophyll	Mesophyll
984	Brassica rapa	scplantdb_CRA006988	CRX443757	Rosette leaf	Meristematic cell	Meristematic cell
985	Brassica rapa	scplantdb_CRA006988	CRX443757	Rosette leaf	Unknow	Unknow
986	Brassica rapa	scplantdb_CRA006988	CRX443757	Rosette leaf	Unknow	Unknow
987	Brassica rapa	scplantdb_CRA006988	CRX443757	Rosette leaf	Leaf epidermis	Leaf epidermis
988	Brassica rapa	scplantdb_CRA006988	CRX443757	Rosette leaf	Bundle sheath	Bundle sheath
989	Brassica rapa	scplantdb_CRA006988	CRX443757	Rosette leaf	Unknow	Unknow
990	Brassica rapa	scplantdb_CRA006988	CRX443757	Rosette leaf	Unknow	Unknow
991	Brassica rapa	scplantdb_CRA006988	CRX443757	Rosette leaf	Unknow	Unknow
992	Brassica rapa	scplantdb_CRA006988	CRX443757	Rosette leaf	Bundle sheath	Bundle sheath
993	Brassica rapa	scplantdb_CRA006988	CRX443757	Rosette leaf	Mesophyll	Mesophyll
994	Brassica rapa	scplantdb_CRA006988	CRX443757	Rosette leaf	Unknow	Unknow
995	Brassica rapa	scplantdb_CRA006988	CRX443757	Rosette leaf	Unknow	Unknow
996	Brassica rapa	scplantdb_CRA006988	CRX443757	Rosette leaf	Meristematic cell	Meristematic cell
997	Brassica rapa	scplantdb_CRA006988	CRX443757	Rosette leaf	Mesophyll	Mesophyll
998	Brassica rapa	scplantdb_CRA006988	CRX443757	Rosette leaf	Unknow	Unknow
999	Brassica rapa	scplantdb_CRA006988	CRX443757	Rosette leaf	Unknow	Unknow
1000	Brassica rapa	scplantdb_CRA006988	CRX443757	Rosette leaf	Mesophyll	Mesophyll
1001	Brassica rapa	scplantdb_CRA006988	CRX443757	Rosette leaf	Mesophyll	Mesophyll
1002	Brassica rapa	scplantdb_CRA006988	CRX443757	Rosette leaf	Leaf epidermis	Leaf epidermis
1003	Brassica rapa	scplantdb_CRA006988	CRX443757	Rosette leaf	Unknow	Unknow
1004	Brassica rapa	scplantdb_CRA006988	CRX443757	Rosette leaf	Unknow	Unknow
1005	Brassica rapa	scplantdb_CRA006988	CRX443757	Rosette leaf	Unknow	Unknow
1006	Brassica rapa	scplantdb_CRA006988	CRX443757	Rosette leaf	Unknow	Unknow
1007	Brassica rapa	scplantdb_CRA006988	CRX443757	Rosette leaf	Unknow	Unknow
1008	Brassica rapa	scplantdb_CRA006988	CRX443757	Rosette leaf	Mesophyll	Mesophyll
1009	Brassica rapa	scplantdb_CRA006988	CRX443757	Rosette leaf	Unknow	Unknow
1010	Brassica rapa	scplantdb_CRA006988	CRX443757	Rosette leaf	Bundle sheath	Bundle sheath
1011	Brassica rapa	scplantdb_CRA006988	CRX443757	Rosette leaf	Bundle sheath	Bundle sheath
1012	Brassica rapa	scplantdb_CRA006988	CRX443757	Rosette leaf	Vascular tissue	Vascular tissue
1013	Brassica rapa	scplantdb_CRA006988	CRX443757	Rosette leaf	Mesophyll	Mesophyll
1014	Brassica rapa	scplantdb_CRA006988	CRX443757	Rosette leaf	Unknow	Unknow
1015	Brassica rapa	scplantdb_CRA006988	CRX443757	Rosette leaf	Unknow	Unknow
1016	Brassica rapa	scplantdb_CRA006988	CRX443757	Rosette leaf	Mesophyll	Mesophyll
1017	Brassica rapa	scplantdb_CRA006988	CRX443757	Rosette leaf	Unknow	Unknow
1018	Brassica rapa	scplantdb_CRA006988	CRX443757	Rosette leaf	Unknow	Unknow
1019	Brassica rapa	scplantdb_CRA006988	CRX443757	Rosette leaf	Unknow	Unknow
1020	Brassica rapa	scplantdb_CRA006988	CRX443757	Rosette leaf	Unknow	Unknow
1021	Brassica rapa	scplantdb_CRA006988	CRX443757	Rosette leaf	Leaf epidermis	Leaf epidermis
1022	Brassica rapa	scplantdb_CRA006988	CRX443757	Rosette leaf	Unknow	Unknow
1023	Brassica rapa	scplantdb_CRA006988	CRX443757	Rosette leaf	Unknow	Unknow
1024	Arabidopsis thaliana	scplantdb_DRP009643	DRX382001	Rosette leaf	Mesophyll	Mesophyll
1025	Arabidopsis thaliana	scplantdb_DRP009643	DRX382001	Rosette leaf	Mesophyll	Mesophyll
1026	Arabidopsis thaliana	scplantdb_DRP009643	DRX382001	Rosette leaf	Mesophyll	Mesophyll
1027	Arabidopsis thaliana	scplantdb_DRP009643	DRX382001	Rosette leaf	Mesophyll	Mesophyll
1028	Arabidopsis thaliana	scplantdb_DRP009643	DRX382001	Rosette leaf	Mesophyll	Mesophyll
1029	Arabidopsis thaliana	scplantdb_DRP009643	DRX382001	Rosette leaf	Mesophyll	Mesophyll
1030	Arabidopsis thaliana	scplantdb_DRP009643	DRX382001	Rosette leaf	Mesophyll	Mesophyll
1031	Arabidopsis thaliana	scplantdb_DRP009643	DRX382001	Rosette leaf	Mesophyll	Mesophyll
1032	Arabidopsis thaliana	scplantdb_DRP009643	DRX382001	Rosette leaf	Mesophyll	Mesophyll
1033	Arabidopsis thaliana	scplantdb_DRP009643	DRX382001	Rosette leaf	Mesophyll	Mesophyll
1034	Arabidopsis thaliana	scplantdb_DRP009643	DRX382001	Rosette leaf	Mesophyll	Mesophyll
1035	Arabidopsis thaliana	scplantdb_DRP009643	DRX382001	Rosette leaf	Mesophyll	Mesophyll
1036	Arabidopsis thaliana	scplantdb_DRP009643	DRX382001	Rosette leaf	Mesophyll	Mesophyll
1037	Arabidopsis thaliana	scplantdb_DRP009643	DRX382001	Rosette leaf	Mesophyll	Mesophyll
1038	Arabidopsis thaliana	scplantdb_DRP009643	DRX382001	Rosette leaf	Mesophyll	Mesophyll
1039	Arabidopsis thaliana	scplantdb_DRP009643	DRX382001	Rosette leaf	Mesophyll	Mesophyll
1040	Arabidopsis thaliana	scplantdb_DRP009643	DRX382001	Rosette leaf	Mesophyll	Mesophyll
1041	Arabidopsis thaliana	scplantdb_DRP009643	DRX382001	Rosette leaf	Mesophyll	Mesophyll
1042	Arabidopsis thaliana	scplantdb_DRP009643	DRX382001	Rosette leaf	Mesophyll	Mesophyll
1043	Arabidopsis thaliana	scplantdb_DRP009643	DRX382001	Rosette leaf	Mesophyll	Mesophyll
1044	Arabidopsis thaliana	scplantdb_DRP009643	DRX382001	Rosette leaf	Mesophyll	Mesophyll
1045	Arabidopsis thaliana	scplantdb_DRP009643	DRX382001	Rosette leaf	Mesophyll	Mesophyll
1046	Arabidopsis thaliana	scplantdb_DRP009643	DRX382001	Rosette leaf	Mesophyll	Mesophyll
1047	Arabidopsis thaliana	scplantdb_DRP009643	DRX382001	Rosette leaf	Mesophyll	Mesophyll
1048	Arabidopsis thaliana	scplantdb_DRP009643	DRX382001	Rosette leaf	Mesophyll	Mesophyll
1049	Arabidopsis thaliana	scplantdb_DRP009643	DRX382001	Rosette leaf	Mesophyll	Mesophyll
1050	Arabidopsis thaliana	scplantdb_DRP009643	DRX382001	Rosette leaf	Mesophyll	Mesophyll
1051	Arabidopsis thaliana	scplantdb_DRP009643	DRX382001	Rosette leaf	Mesophyll	Mesophyll
1052	Arabidopsis thaliana	scplantdb_DRP009643	DRX382001	Rosette leaf	Mesophyll	Mesophyll
1053	Arabidopsis thaliana	scplantdb_DRP009643	DRX382001	Rosette leaf	Mesophyll	Mesophyll
1054	Arabidopsis thaliana	scplantdb_DRP009643	DRX382001	Rosette leaf	Mesophyll	Mesophyll
1055	Arabidopsis thaliana	scplantdb_DRP009643	DRX382001	Rosette leaf	Mesophyll	Mesophyll
1056	Arabidopsis thaliana	scplantdb_DRP009643	DRX382001	Rosette leaf	Mesophyll	Mesophyll
1057	Arabidopsis thaliana	scplantdb_DRP009643	DRX382001	Rosette leaf	Mesophyll	Mesophyll
1058	Arabidopsis thaliana	scplantdb_DRP009643	DRX382001	Rosette leaf	Mesophyll	Mesophyll
1059	Arabidopsis thaliana	scplantdb_DRP009643	DRX382001	Rosette leaf	Mesophyll	Mesophyll
1060	Arabidopsis thaliana	scplantdb_DRP009643	DRX382001	Rosette leaf	Mesophyll	Mesophyll
1061	Arabidopsis thaliana	scplantdb_DRP009643	DRX382001	Rosette leaf	Mesophyll	Mesophyll
1062	Arabidopsis thaliana	scplantdb_DRP009643	DRX382001	Rosette leaf	Mesophyll	Mesophyll
1063	Arabidopsis thaliana	scplantdb_DRP009643	DRX382001	Rosette leaf	Companion cell	Companion cell
1064	Arabidopsis thaliana	scplantdb_DRP009643	DRX382001	Rosette leaf	Mesophyll	Mesophyll
1065	Arabidopsis thaliana	scplantdb_DRP009643	DRX382001	Rosette leaf	Mesophyll	Mesophyll
1066	Arabidopsis thaliana	scplantdb_DRP009643	DRX382001	Rosette leaf	Mesophyll	Mesophyll
1067	Arabidopsis thaliana	scplantdb_DRP009643	DRX382001	Rosette leaf	Mesophyll	Mesophyll
1068	Arabidopsis thaliana	scplantdb_DRP009643	DRX382001	Rosette leaf	Mesophyll	Mesophyll
1069	Arabidopsis thaliana	scplantdb_DRP009643	DRX382001	Rosette leaf	Mesophyll	Mesophyll
1070	Arabidopsis thaliana	scplantdb_DRP009643	DRX382001	Rosette leaf	Mesophyll	Mesophyll
1071	Arabidopsis thaliana	scplantdb_DRP009643	DRX382001	Rosette leaf	Vascular tissue	Vascular tissue
1072	Arabidopsis thaliana	scplantdb_DRP009643	DRX382001	Rosette leaf	Mesophyll	Mesophyll
1073	Arabidopsis thaliana	scplantdb_DRP009643	DRX382001	Rosette leaf	Mesophyll	Mesophyll
1074	Arabidopsis thaliana	scplantdb_DRP009643	DRX382001	Rosette leaf	Mesophyll	Mesophyll
1075	Arabidopsis thaliana	scplantdb_DRP009643	DRX382001	Rosette leaf	Mesophyll	Mesophyll
1076	Arabidopsis thaliana	scplantdb_DRP009643	DRX382001	Rosette leaf	Mesophyll	Mesophyll
1077	Arabidopsis thaliana	scplantdb_DRP009643	DRX382001	Rosette leaf	Mesophyll	Mesophyll
1078	Arabidopsis thaliana	scplantdb_DRP009643	DRX382001	Rosette leaf	Mesophyll	Mesophyll
1079	Arabidopsis thaliana	scplantdb_DRP009643	DRX382001	Rosette leaf	Mesophyll	Mesophyll
1080	Arabidopsis thaliana	scplantdb_DRP009643	DRX382001	Rosette leaf	Mesophyll	Mesophyll
1081	Arabidopsis thaliana	scplantdb_DRP009643	DRX382001	Rosette leaf	Mesophyll	Mesophyll
1082	Arabidopsis thaliana	scplantdb_DRP009643	DRX382001	Rosette leaf	Mesophyll	Mesophyll
1083	Arabidopsis thaliana	scplantdb_DRP009643	DRX382001	Rosette leaf	Mesophyll	Mesophyll
1084	Arabidopsis thaliana	scplantdb_DRP009643	DRX382001	Rosette leaf	Mesophyll	Mesophyll
1085	Arabidopsis thaliana	scplantdb_DRP009643	DRX382001	Rosette leaf	Mesophyll	Mesophyll
1086	Arabidopsis thaliana	scplantdb_DRP009643	DRX382001	Rosette leaf	Mesophyll	Mesophyll
1087	Arabidopsis thaliana	scplantdb_DRP009643	DRX382001	Rosette leaf	Vascular tissue	Vascular tissue
1088	Arabidopsis thaliana	scplantdb_DRP009643	DRX382001	Rosette leaf	Mesophyll	Mesophyll
1089	Arabidopsis thaliana	scplantdb_DRP009643	DRX382001	Rosette leaf	Vascular tissue	Vascular tissue
1090	Arabidopsis thaliana	scplantdb_DRP009643	DRX382001	Rosette leaf	Mesophyll	Mesophyll
1091	Arabidopsis thaliana	scplantdb_DRP009643	DRX382001	Rosette leaf	Vascular tissue	Vascular tissue
1092	Arabidopsis thaliana	scplantdb_DRP009643	DRX382001	Rosette leaf	Mesophyll	Mesophyll
1093	Arabidopsis thaliana	scplantdb_DRP009643	DRX382001	Rosette leaf	Mesophyll	Mesophyll
1094	Arabidopsis thaliana	scplantdb_DRP009643	DRX382001	Rosette leaf	Mesophyll	Mesophyll
1095	Arabidopsis thaliana	scplantdb_DRP009643	DRX382001	Rosette leaf	Mesophyll	Mesophyll
1096	Arabidopsis thaliana	scplantdb_DRP009643	DRX382001	Rosette leaf	Mesophyll	Mesophyll
1097	Arabidopsis thaliana	scplantdb_DRP009643	DRX382001	Rosette leaf	Companion cell	Companion cell
1098	Arabidopsis thaliana	scplantdb_DRP009643	DRX382001	Rosette leaf	Mesophyll	Mesophyll
1099	Arabidopsis thaliana	scplantdb_DRP009643	DRX382001	Rosette leaf	Mesophyll	Mesophyll
1100	Arabidopsis thaliana	scplantdb_DRP009643	DRX382001	Rosette leaf	Mesophyll	Mesophyll
1101	Arabidopsis thaliana	scplantdb_DRP009643	DRX382001	Rosette leaf	Mesophyll	Mesophyll
1102	Arabidopsis thaliana	scplantdb_DRP009643	DRX382001	Rosette leaf	Mesophyll	Mesophyll
1103	Arabidopsis thaliana	scplantdb_DRP009643	DRX382001	Rosette leaf	Mesophyll	Mesophyll
1104	Arabidopsis thaliana	scplantdb_DRP009643	DRX382001	Rosette leaf	Mesophyll	Mesophyll
1105	Arabidopsis thaliana	scplantdb_DRP009643	DRX382001	Rosette leaf	Mesophyll	Mesophyll
1106	Arabidopsis thaliana	scplantdb_DRP009643	DRX382001	Rosette leaf	Mesophyll	Mesophyll
1107	Arabidopsis thaliana	scplantdb_DRP009643	DRX382001	Rosette leaf	Mesophyll	Mesophyll
1108	Arabidopsis thaliana	scplantdb_DRP009643	DRX382001	Rosette leaf	Mesophyll	Mesophyll
1109	Arabidopsis thaliana	scplantdb_DRP009643	DRX382001	Rosette leaf	Leaf guard cell	Leaf guard cell
1110	Arabidopsis thaliana	scplantdb_DRP009643	DRX382001	Rosette leaf	Mesophyll	Mesophyll
1111	Arabidopsis thaliana	scplantdb_DRP009643	DRX382001	Rosette leaf	Mesophyll	Mesophyll
1112	Arabidopsis thaliana	scplantdb_DRP009643	DRX382001	Rosette leaf	Mesophyll	Mesophyll
1113	Arabidopsis thaliana	scplantdb_DRP009643	DRX382001	Rosette leaf	Mesophyll	Mesophyll
1114	Arabidopsis thaliana	scplantdb_DRP009643	DRX382001	Rosette leaf	Mesophyll	Mesophyll
1115	Arabidopsis thaliana	scplantdb_DRP009643	DRX382001	Rosette leaf	Mesophyll	Mesophyll
1116	Arabidopsis thaliana	scplantdb_DRP009643	DRX382001	Rosette leaf	Mesophyll	Mesophyll
1117	Arabidopsis thaliana	scplantdb_DRP009643	DRX382001	Rosette leaf	Mesophyll	Mesophyll
1118	Arabidopsis thaliana	scplantdb_DRP009643	DRX382001	Rosette leaf	Mesophyll	Mesophyll
1119	Arabidopsis thaliana	scplantdb_DRP009643	DRX382001	Rosette leaf	Vascular tissue	Vascular tissue
1120	Arabidopsis thaliana	scplantdb_DRP009643	DRX382001	Rosette leaf	Mesophyll	Mesophyll
1121	Arabidopsis thaliana	scplantdb_DRP009643	DRX382001	Rosette leaf	Mesophyll	Mesophyll
1122	Arabidopsis thaliana	scplantdb_DRP009643	DRX382001	Rosette leaf	Mesophyll	Mesophyll
1123	Arabidopsis thaliana	scplantdb_DRP009643	DRX382001	Rosette leaf	Mesophyll	Mesophyll
1124	Arabidopsis thaliana	scplantdb_DRP009643	DRX382001	Rosette leaf	Mesophyll	Mesophyll
1125	Arabidopsis thaliana	scplantdb_DRP009643	DRX382001	Rosette leaf	Mesophyll	Mesophyll
1126	Arabidopsis thaliana	scplantdb_DRP009643	DRX382001	Rosette leaf	Mesophyll	Mesophyll
1127	Arabidopsis thaliana	scplantdb_DRP009643	DRX382001	Rosette leaf	Vascular tissue	Vascular tissue
1128	Arabidopsis thaliana	scplantdb_DRP009643	DRX382001	Rosette leaf	Mesophyll	Mesophyll
1129	Arabidopsis thaliana	scplantdb_DRP009643	DRX382001	Rosette leaf	Mesophyll	Mesophyll
1130	Arabidopsis thaliana	scplantdb_DRP009643	DRX382001	Rosette leaf	Mesophyll	Mesophyll
1131	Arabidopsis thaliana	scplantdb_DRP009643	DRX382001	Rosette leaf	Mesophyll	Mesophyll
1132	Arabidopsis thaliana	scplantdb_DRP009643	DRX382001	Rosette leaf	Mesophyll	Mesophyll
1133	Arabidopsis thaliana	scplantdb_DRP009643	DRX382001	Rosette leaf	Mesophyll	Mesophyll
1134	Arabidopsis thaliana	scplantdb_DRP009643	DRX382001	Rosette leaf	Mesophyll	Mesophyll
1135	Arabidopsis thaliana	scplantdb_DRP009643	DRX382001	Rosette leaf	Mesophyll	Mesophyll
1136	Arabidopsis thaliana	scplantdb_DRP009643	DRX382001	Rosette leaf	Mesophyll	Mesophyll
1137	Arabidopsis thaliana	scplantdb_DRP009643	DRX382001	Rosette leaf	Mesophyll	Mesophyll
1138	Arabidopsis thaliana	scplantdb_DRP009643	DRX382001	Rosette leaf	Mesophyll	Mesophyll
1139	Arabidopsis thaliana	scplantdb_DRP009643	DRX382001	Rosette leaf	Vascular tissue	Vascular tissue
1140	Arabidopsis thaliana	scplantdb_DRP009643	DRX382001	Rosette leaf	Mesophyll	Mesophyll
1141	Arabidopsis thaliana	scplantdb_DRP009643	DRX382001	Rosette leaf	Mesophyll	Mesophyll
1142	Arabidopsis thaliana	scplantdb_DRP009643	DRX382001	Rosette leaf	Mesophyll	Mesophyll
1143	Arabidopsis thaliana	scplantdb_DRP009643	DRX382001	Rosette leaf	Mesophyll	Mesophyll
1144	Arabidopsis thaliana	scplantdb_DRP009643	DRX382001	Rosette leaf	Companion cell	Companion cell
1145	Arabidopsis thaliana	scplantdb_DRP009643	DRX382001	Rosette leaf	Mesophyll	Mesophyll
1146	Arabidopsis thaliana	scplantdb_DRP009643	DRX382001	Rosette leaf	Mesophyll	Mesophyll
1147	Arabidopsis thaliana	scplantdb_DRP009643	DRX382001	Rosette leaf	Mesophyll	Mesophyll
1148	Arabidopsis thaliana	scplantdb_DRP009643	DRX382001	Rosette leaf	Mesophyll	Mesophyll
1149	Arabidopsis thaliana	scplantdb_DRP009643	DRX382001	Rosette leaf	Mesophyll	Mesophyll
1150	Arabidopsis thaliana	scplantdb_DRP009643	DRX382001	Rosette leaf	Mesophyll	Mesophyll
1151	Arabidopsis thaliana	scplantdb_DRP009643	DRX382001	Rosette leaf	Mesophyll	Mesophyll
1152	Arabidopsis thaliana	scplantdb_DRP009643	DRX382001	Rosette leaf	Mesophyll	Mesophyll
1153	Arabidopsis thaliana	scplantdb_DRP009643	DRX382001	Rosette leaf	Mesophyll	Mesophyll
1154	Arabidopsis thaliana	scplantdb_DRP009643	DRX382001	Rosette leaf	Mesophyll	Mesophyll
1155	Arabidopsis thaliana	scplantdb_DRP009643	DRX382001	Rosette leaf	Mesophyll	Mesophyll
1156	Arabidopsis thaliana	scplantdb_DRP009643	DRX382001	Rosette leaf	Mesophyll	Mesophyll
1157	Arabidopsis thaliana	scplantdb_DRP009643	DRX382001	Rosette leaf	Mesophyll	Mesophyll
1158	Arabidopsis thaliana	scplantdb_DRP009643	DRX382001	Rosette leaf	Mesophyll	Mesophyll
1159	Arabidopsis thaliana	scplantdb_DRP009643	DRX382001	Rosette leaf	Mesophyll	Mesophyll
1160	Arabidopsis thaliana	scplantdb_DRP009643	DRX382001	Rosette leaf	Mesophyll	Mesophyll
1161	Arabidopsis thaliana	scplantdb_DRP009643	DRX382001	Rosette leaf	Mesophyll	Mesophyll
1162	Arabidopsis thaliana	scplantdb_DRP009643	DRX382001	Rosette leaf	Mesophyll	Mesophyll
1163	Arabidopsis thaliana	scplantdb_DRP009643	DRX382001	Rosette leaf	Mesophyll	Mesophyll
1164	Arabidopsis thaliana	scplantdb_DRP009643	DRX382001	Rosette leaf	Mesophyll	Mesophyll
1165	Arabidopsis thaliana	scplantdb_DRP009643	DRX382001	Rosette leaf	Mesophyll	Mesophyll
1166	Arabidopsis thaliana	scplantdb_DRP009643	DRX382001	Rosette leaf	Mesophyll	Mesophyll
1167	Arabidopsis thaliana	scplantdb_DRP009643	DRX382001	Rosette leaf	Mesophyll	Mesophyll
1168	Arabidopsis thaliana	scplantdb_DRP009643	DRX382001	Rosette leaf	Mesophyll	Mesophyll
1169	Arabidopsis thaliana	scplantdb_DRP009643	DRX382001	Rosette leaf	Mesophyll	Mesophyll
1170	Arabidopsis thaliana	scplantdb_DRP009643	DRX382001	Rosette leaf	Mesophyll	Mesophyll
1171	Arabidopsis thaliana	scplantdb_DRP009643	DRX382001	Rosette leaf	Mesophyll	Mesophyll
1172	Arabidopsis thaliana	scplantdb_DRP009643	DRX382001	Rosette leaf	Mesophyll	Mesophyll
1173	Arabidopsis thaliana	scplantdb_DRP009643	DRX382001	Rosette leaf	Mesophyll	Mesophyll
1174	Arabidopsis thaliana	scplantdb_DRP009643	DRX382001	Rosette leaf	Mesophyll	Mesophyll
1175	Arabidopsis thaliana	scplantdb_DRP009643	DRX382001	Rosette leaf	Mesophyll	Mesophyll
1176	Arabidopsis thaliana	scplantdb_DRP009643	DRX382001	Rosette leaf	Mesophyll	Mesophyll
1177	Arabidopsis thaliana	scplantdb_DRP009643	DRX382001	Rosette leaf	Mesophyll	Mesophyll
1178	Arabidopsis thaliana	scplantdb_DRP009643	DRX382001	Rosette leaf	Mesophyll	Mesophyll
1179	Arabidopsis thaliana	scplantdb_DRP009643	DRX382001	Rosette leaf	Mesophyll	Mesophyll
1180	Arabidopsis thaliana	scplantdb_DRP009643	DRX382001	Rosette leaf	Mesophyll	Mesophyll
1181	Arabidopsis thaliana	scplantdb_DRP009643	DRX382001	Rosette leaf	Mesophyll	Mesophyll
1182	Arabidopsis thaliana	scplantdb_DRP009643	DRX382001	Rosette leaf	Mesophyll	Mesophyll
1183	Arabidopsis thaliana	scplantdb_DRP009643	DRX382001	Rosette leaf	Mesophyll	Mesophyll
1184	Arabidopsis thaliana	scplantdb_DRP009643	DRX382001	Rosette leaf	Mesophyll	Mesophyll
1185	Arabidopsis thaliana	scplantdb_DRP009643	DRX382001	Rosette leaf	Mesophyll	Mesophyll
1186	Arabidopsis thaliana	scplantdb_DRP009643	DRX382001	Rosette leaf	Mesophyll	Mesophyll
1187	Arabidopsis thaliana	scplantdb_DRP009643	DRX382001	Rosette leaf	Mesophyll	Mesophyll
1188	Arabidopsis thaliana	scplantdb_DRP009643	DRX382001	Rosette leaf	Mesophyll	Mesophyll
1189	Arabidopsis thaliana	scplantdb_DRP009643	DRX382001	Rosette leaf	Mesophyll	Mesophyll
1190	Arabidopsis thaliana	scplantdb_DRP009643	DRX382001	Rosette leaf	Mesophyll	Mesophyll
1191	Arabidopsis thaliana	scplantdb_DRP009643	DRX382001	Rosette leaf	Mesophyll	Mesophyll
1192	Arabidopsis thaliana	scplantdb_DRP009643	DRX382001	Rosette leaf	Mesophyll	Mesophyll
1193	Arabidopsis thaliana	scplantdb_DRP009643	DRX382001	Rosette leaf	Mesophyll	Mesophyll
1194	Arabidopsis thaliana	scplantdb_DRP009643	DRX382001	Rosette leaf	Vascular tissue	Vascular tissue
1195	Arabidopsis thaliana	scplantdb_DRP009643	DRX382001	Rosette leaf	Mesophyll	Mesophyll
1196	Arabidopsis thaliana	scplantdb_DRP009643	DRX382001	Rosette leaf	Mesophyll	Mesophyll
1197	Arabidopsis thaliana	scplantdb_DRP009643	DRX382001	Rosette leaf	Mesophyll	Mesophyll
1198	Arabidopsis thaliana	scplantdb_DRP009643	DRX382001	Rosette leaf	Mesophyll	Mesophyll
1199	Arabidopsis thaliana	scplantdb_DRP009643	DRX382001	Rosette leaf	Mesophyll	Mesophyll
1200	Arabidopsis thaliana	scplantdb_DRP009643	DRX382001	Rosette leaf	Mesophyll	Mesophyll
1201	Arabidopsis thaliana	scplantdb_DRP009643	DRX382001	Rosette leaf	Mesophyll	Mesophyll
1202	Arabidopsis thaliana	scplantdb_DRP009643	DRX382001	Rosette leaf	Mesophyll	Mesophyll
1203	Arabidopsis thaliana	scplantdb_DRP009643	DRX382001	Rosette leaf	Mesophyll	Mesophyll
1204	Arabidopsis thaliana	scplantdb_DRP009643	DRX382001	Rosette leaf	Mesophyll	Mesophyll
1205	Arabidopsis thaliana	scplantdb_DRP009643	DRX382001	Rosette leaf	Mesophyll	Mesophyll
1206	Arabidopsis thaliana	scplantdb_DRP009643	DRX382001	Rosette leaf	Mesophyll	Mesophyll
1207	Arabidopsis thaliana	scplantdb_DRP009643	DRX382001	Rosette leaf	Mesophyll	Mesophyll
1208	Arabidopsis thaliana	scplantdb_DRP009643	DRX382001	Rosette leaf	Mesophyll	Mesophyll
1209	Arabidopsis thaliana	scplantdb_DRP009643	DRX382001	Rosette leaf	Mesophyll	Mesophyll
1210	Arabidopsis thaliana	scplantdb_DRP009643	DRX382001	Rosette leaf	Mesophyll	Mesophyll
1211	Arabidopsis thaliana	scplantdb_DRP009643	DRX382001	Rosette leaf	Mesophyll	Mesophyll
1212	Arabidopsis thaliana	scplantdb_DRP009643	DRX382001	Rosette leaf	Mesophyll	Mesophyll
1213	Arabidopsis thaliana	scplantdb_DRP009643	DRX382001	Rosette leaf	Mesophyll	Mesophyll
1214	Arabidopsis thaliana	scplantdb_DRP009643	DRX382001	Rosette leaf	Mesophyll	Mesophyll
1215	Arabidopsis thaliana	scplantdb_DRP009643	DRX382001	Rosette leaf	Vascular tissue	Vascular tissue
1216	Arabidopsis thaliana	scplantdb_DRP009643	DRX382001	Rosette leaf	Mesophyll	Mesophyll
1217	Arabidopsis thaliana	scplantdb_DRP009643	DRX382001	Rosette leaf	Vascular tissue	Vascular tissue
1218	Arabidopsis thaliana	scplantdb_DRP009643	DRX382001	Rosette leaf	Mesophyll	Mesophyll
1219	Arabidopsis thaliana	scplantdb_DRP009643	DRX382001	Rosette leaf	Mesophyll	Mesophyll
1220	Arabidopsis thaliana	scplantdb_DRP009643	DRX382001	Rosette leaf	Mesophyll	Mesophyll
1221	Arabidopsis thaliana	scplantdb_DRP009643	DRX382001	Rosette leaf	Mesophyll	Mesophyll
1222	Arabidopsis thaliana	scplantdb_DRP009643	DRX382001	Rosette leaf	Mesophyll	Mesophyll
1223	Arabidopsis thaliana	scplantdb_DRP009643	DRX382001	Rosette leaf	Mesophyll	Mesophyll
1224	Arabidopsis thaliana	scplantdb_DRP009643	DRX382001	Rosette leaf	Mesophyll	Mesophyll
1225	Arabidopsis thaliana	scplantdb_DRP009643	DRX382001	Rosette leaf	Mesophyll	Mesophyll
1226	Arabidopsis thaliana	scplantdb_DRP009643	DRX382001	Rosette leaf	Mesophyll	Mesophyll
1227	Arabidopsis thaliana	scplantdb_DRP009643	DRX382001	Rosette leaf	Mesophyll	Mesophyll
1228	Arabidopsis thaliana	scplantdb_DRP009643	DRX382001	Rosette leaf	Vascular tissue	Vascular tissue
1229	Arabidopsis thaliana	scplantdb_DRP009643	DRX382001	Rosette leaf	Mesophyll	Mesophyll
1230	Arabidopsis thaliana	scplantdb_DRP009643	DRX382001	Rosette leaf	Mesophyll	Mesophyll
1231	Arabidopsis thaliana	scplantdb_DRP009643	DRX382001	Rosette leaf	Mesophyll	Mesophyll
1232	Arabidopsis thaliana	scplantdb_DRP009643	DRX382001	Rosette leaf	Mesophyll	Mesophyll
1233	Arabidopsis thaliana	scplantdb_DRP009643	DRX382001	Rosette leaf	Mesophyll	Mesophyll
1234	Arabidopsis thaliana	scplantdb_DRP009643	DRX382001	Rosette leaf	Mesophyll	Mesophyll
1235	Arabidopsis thaliana	scplantdb_DRP009643	DRX382001	Rosette leaf	Sieve element	Sieve element
1236	Arabidopsis thaliana	scplantdb_DRP009643	DRX382001	Rosette leaf	Mesophyll	Mesophyll
1237	Arabidopsis thaliana	scplantdb_DRP009643	DRX382001	Rosette leaf	Mesophyll	Mesophyll
1238	Arabidopsis thaliana	scplantdb_DRP009643	DRX382001	Rosette leaf	Mesophyll	Mesophyll
1239	Arabidopsis thaliana	scplantdb_DRP009643	DRX382001	Rosette leaf	Mesophyll	Mesophyll
1240	Arabidopsis thaliana	scplantdb_DRP009643	DRX382001	Rosette leaf	Mesophyll	Mesophyll
1241	Arabidopsis thaliana	scplantdb_DRP009643	DRX382001	Rosette leaf	Mesophyll	Mesophyll
1242	Arabidopsis thaliana	scplantdb_DRP009643	DRX382001	Rosette leaf	Mesophyll	Mesophyll
1243	Arabidopsis thaliana	scplantdb_DRP009643	DRX382001	Rosette leaf	Mesophyll	Mesophyll
1244	Arabidopsis thaliana	scplantdb_DRP009643	DRX382001	Rosette leaf	Mesophyll	Mesophyll
1245	Arabidopsis thaliana	scplantdb_DRP009643	DRX382001	Rosette leaf	Vascular tissue	Vascular tissue
1246	Arabidopsis thaliana	scplantdb_DRP009643	DRX382001	Rosette leaf	Mesophyll	Mesophyll
1247	Arabidopsis thaliana	scplantdb_DRP009643	DRX382001	Rosette leaf	Mesophyll	Mesophyll
1248	Arabidopsis thaliana	scplantdb_DRP009643	DRX382001	Rosette leaf	Mesophyll	Mesophyll
1249	Arabidopsis thaliana	scplantdb_DRP009643	DRX382001	Rosette leaf	Vascular tissue	Vascular tissue
1250	Arabidopsis thaliana	scplantdb_DRP009643	DRX382001	Rosette leaf	Mesophyll	Mesophyll
1251	Arabidopsis thaliana	scplantdb_DRP009643	DRX382001	Rosette leaf	Mesophyll	Mesophyll
1252	Arabidopsis thaliana	scplantdb_DRP009643	DRX382001	Rosette leaf	Vascular tissue	Vascular tissue
1253	Arabidopsis thaliana	scplantdb_DRP009643	DRX382001	Rosette leaf	Mesophyll	Mesophyll
1254	Arabidopsis thaliana	scplantdb_DRP009643	DRX382001	Rosette leaf	Mesophyll	Mesophyll
1255	Arabidopsis thaliana	scplantdb_DRP009643	DRX382001	Rosette leaf	Mesophyll	Mesophyll
1256	Arabidopsis thaliana	scplantdb_DRP009643	DRX382001	Rosette leaf	Mesophyll	Mesophyll
1257	Arabidopsis thaliana	scplantdb_DRP009643	DRX382001	Rosette leaf	Mesophyll	Mesophyll
1258	Arabidopsis thaliana	scplantdb_DRP009643	DRX382001	Rosette leaf	Leaf guard cell	Leaf guard cell
1259	Arabidopsis thaliana	scplantdb_DRP009643	DRX382001	Rosette leaf	Mesophyll	Mesophyll
1260	Arabidopsis thaliana	scplantdb_DRP009643	DRX382001	Rosette leaf	Mesophyll	Mesophyll
1261	Arabidopsis thaliana	scplantdb_DRP009643	DRX382001	Rosette leaf	Mesophyll	Mesophyll
1262	Arabidopsis thaliana	scplantdb_DRP009643	DRX382001	Rosette leaf	Mesophyll	Mesophyll
1263	Arabidopsis thaliana	scplantdb_DRP009643	DRX382001	Rosette leaf	Mesophyll	Mesophyll
1264	Arabidopsis thaliana	scplantdb_DRP009643	DRX382001	Rosette leaf	Mesophyll	Mesophyll
1265	Arabidopsis thaliana	scplantdb_DRP009643	DRX382001	Rosette leaf	Mesophyll	Mesophyll
1266	Arabidopsis thaliana	scplantdb_DRP009643	DRX382001	Rosette leaf	Mesophyll	Mesophyll
1267	Arabidopsis thaliana	scplantdb_DRP009643	DRX382001	Rosette leaf	Mesophyll	Mesophyll
1268	Arabidopsis thaliana	scplantdb_DRP009643	DRX382001	Rosette leaf	Mesophyll	Mesophyll
1269	Arabidopsis thaliana	scplantdb_DRP009643	DRX382001	Rosette leaf	Mesophyll	Mesophyll
1270	Arabidopsis thaliana	scplantdb_DRP009643	DRX382001	Rosette leaf	Mesophyll	Mesophyll
1271	Arabidopsis thaliana	scplantdb_DRP009643	DRX382001	Rosette leaf	Mesophyll	Mesophyll
1272	Arabidopsis thaliana	scplantdb_DRP009643	DRX382001	Rosette leaf	Mesophyll	Mesophyll
1273	Arabidopsis thaliana	scplantdb_DRP009643	DRX382001	Rosette leaf	Mesophyll	Mesophyll
1274	Arabidopsis thaliana	scplantdb_DRP009643	DRX382001	Rosette leaf	Mesophyll	Mesophyll
1275	Arabidopsis thaliana	scplantdb_DRP009643	DRX382001	Rosette leaf	Mesophyll	Mesophyll
1276	Arabidopsis thaliana	scplantdb_DRP009643	DRX382001	Rosette leaf	Mesophyll	Mesophyll
1277	Arabidopsis thaliana	scplantdb_DRP009643	DRX382001	Rosette leaf	Vascular tissue	Vascular tissue
1278	Arabidopsis thaliana	scplantdb_DRP009643	DRX382001	Rosette leaf	Mesophyll	Mesophyll
1279	Arabidopsis thaliana	scplantdb_DRP009643	DRX382001	Rosette leaf	Mesophyll	Mesophyll
1280	Arabidopsis thaliana	scplantdb_SRP148288	SRX4098368	Whole root	Root cortex	Root cortex
1281	Arabidopsis thaliana	scplantdb_SRP148288	SRX4098368	Whole root	Phloem	Phloem
1282	Arabidopsis thaliana	scplantdb_SRP148288	SRX4098368	Whole root	Phloem	Phloem
1283	Arabidopsis thaliana	scplantdb_SRP148288	SRX4098368	Whole root	Root cortex	Root cortex
1284	Arabidopsis thaliana	scplantdb_SRP148288	SRX4098368	Whole root	Non-hair	Non-hair
1285	Arabidopsis thaliana	scplantdb_SRP148288	SRX4098368	Whole root	Non-hair	Non-hair
1286	Arabidopsis thaliana	scplantdb_SRP148288	SRX4098368	Whole root	Root cap	Root cap
1287	Arabidopsis thaliana	scplantdb_SRP148288	SRX4098368	Whole root	Root endodermis	Root endodermis
1288	Arabidopsis thaliana	scplantdb_SRP148288	SRX4098368	Whole root	Root cortex	Root cortex
1289	Arabidopsis thaliana	scplantdb_SRP148288	SRX4098368	Whole root	Lateral root cap	Lateral root cap
1290	Arabidopsis thaliana	scplantdb_SRP148288	SRX4098368	Whole root	Lateral root cap	Lateral root cap
1291	Arabidopsis thaliana	scplantdb_SRP148288	SRX4098369	Whole root	G2/M phase	G2/M phase
1292	Arabidopsis thaliana	scplantdb_SRP148288	SRX4098369	Whole root	Root cortex	Root cortex
1293	Arabidopsis thaliana	scplantdb_SRP148288	SRX4098369	Whole root	Root cap	Root cap
1294	Arabidopsis thaliana	scplantdb_SRP148288	SRX4098369	Whole root	Root cortex	Root cortex
1295	Arabidopsis thaliana	scplantdb_SRP148288	SRX4098369	Whole root	S phase	S phase
1296	Arabidopsis thaliana	scplantdb_SRP148288	SRX4098369	Whole root	Root cortex	Root cortex
1297	Arabidopsis thaliana	scplantdb_SRP148288	SRX4098369	Whole root	S phase	S phase
1298	Arabidopsis thaliana	scplantdb_SRP148288	SRX4098369	Whole root	S phase	S phase
1299	Arabidopsis thaliana	scplantdb_SRP148288	SRX4098369	Whole root	S phase	S phase
1300	Arabidopsis thaliana	scplantdb_SRP148288	SRX4098369	Whole root	Root cap	Root cap
1301	Arabidopsis thaliana	scplantdb_SRP148288	SRX4098369	Whole root	Root cortex	Root cortex
1302	Arabidopsis thaliana	scplantdb_SRP148288	SRX4098369	Whole root	Root cortex	Root cortex
1303	Arabidopsis thaliana	scplantdb_SRP148288	SRX4098369	Whole root	Root cortex	Root cortex
1304	Arabidopsis thaliana	scplantdb_SRP148288	SRX4098369	Whole root	Root cortex	Root cortex
1305	Arabidopsis thaliana	scplantdb_SRP148288	SRX4098369	Whole root	Root cap	Root cap
1306	Arabidopsis thaliana	scplantdb_SRP148288	SRX4098369	Whole root	Root cortex	Root cortex
1307	Arabidopsis thaliana	scplantdb_SRP148288	SRX4098369	Whole root	Phloem	Phloem
1308	Arabidopsis thaliana	scplantdb_SRP148288	SRX4098369	Whole root	Root cortex	Root cortex
1309	Arabidopsis thaliana	scplantdb_SRP148288	SRX4098369	Whole root	Root cortex	Root cortex
1310	Arabidopsis thaliana	scplantdb_SRP148288	SRX4098369	Whole root	Root cap	Root cap
1311	Arabidopsis thaliana	scplantdb_SRP148288	SRX4098369	Whole root	Root cortex	Root cortex
1312	Arabidopsis thaliana	scplantdb_SRP148288	SRX4098369	Whole root	G2/M phase	G2/M phase
1313	Arabidopsis thaliana	scplantdb_SRP148288	SRX4098369	Whole root	G2/M phase	G2/M phase
1314	Arabidopsis thaliana	scplantdb_SRP148288	SRX4098369	Whole root	Root cortex	Root cortex
1315	Arabidopsis thaliana	scplantdb_SRP148288	SRX4098369	Whole root	Root hair	Root hair
1316	Arabidopsis thaliana	scplantdb_SRP148288	SRX4098369	Whole root	Root cap	Root cap
1317	Arabidopsis thaliana	scplantdb_SRP148288	SRX4098369	Whole root	Root hair	Root hair
1318	Arabidopsis thaliana	scplantdb_SRP148288	SRX4098369	Whole root	Root cortex	Root cortex
1319	Arabidopsis thaliana	scplantdb_SRP148288	SRX4098369	Whole root	Root cortex	Root cortex
1320	Arabidopsis thaliana	scplantdb_SRP148288	SRX4098369	Whole root	Xylem	Xylem
1321	Arabidopsis thaliana	scplantdb_SRP148288	SRX4098370	Whole root	G2/M phase	G2/M phase
1322	Arabidopsis thaliana	scplantdb_SRP148288	SRX4098370	Whole root	Unknow	Unknow
1323	Arabidopsis thaliana	scplantdb_SRP148288	SRX4098370	Whole root	Lateral root cap	Lateral root cap
1324	Arabidopsis thaliana	scplantdb_SRP148288	SRX4098370	Whole root	S phase	S phase
1325	Arabidopsis thaliana	scplantdb_SRP148288	SRX4098370	Whole root	Columella root cap	Columella root cap
1326	Arabidopsis thaliana	scplantdb_SRP148288	SRX4098370	Whole root	Root cortex	Root cortex
1327	Arabidopsis thaliana	scplantdb_SRP148288	SRX4098370	Whole root	G2/M phase	G2/M phase
1328	Arabidopsis thaliana	scplantdb_SRP148288	SRX4098370	Whole root	Non-hair	Non-hair
1329	Arabidopsis thaliana	scplantdb_SRP148288	SRX4098370	Whole root	Root cortex	Root cortex
1330	Arabidopsis thaliana	scplantdb_SRP148288	SRX4098370	Whole root	Root cortex	Root cortex
1331	Arabidopsis thaliana	scplantdb_SRP148288	SRX4098370	Whole root	Root cap	Root cap
1332	Arabidopsis thaliana	scplantdb_SRP148288	SRX4098370	Whole root	S phase	S phase
1333	Arabidopsis thaliana	scplantdb_SRP148288	SRX4098370	Whole root	Root cortex	Root cortex
1334	Arabidopsis thaliana	scplantdb_SRP148288	SRX4098370	Whole root	Root cortex	Root cortex
1335	Arabidopsis thaliana	scplantdb_SRP148288	SRX4098370	Whole root	Unknow	Unknow
1336	Arabidopsis thaliana	scplantdb_SRP148288	SRX4098370	Whole root	Root cortex	Root cortex
1337	Arabidopsis thaliana	scplantdb_SRP148288	SRX4098370	Whole root	G2/M phase	G2/M phase
1338	Arabidopsis thaliana	scplantdb_SRP148288	SRX4098370	Whole root	Root cortex	Root cortex
1339	Arabidopsis thaliana	scplantdb_SRP148288	SRX4098370	Whole root	Root cortex	Root cortex
1340	Arabidopsis thaliana	scplantdb_SRP148288	SRX4098370	Whole root	Root cortex	Root cortex
1341	Arabidopsis thaliana	scplantdb_SRP148288	SRX4098370	Whole root	G2/M phase	G2/M phase
1342	Arabidopsis thaliana	scplantdb_SRP148288	SRX4098370	Whole root	Root cap	Root cap
1343	Arabidopsis thaliana	scplantdb_SRP148288	SRX4098370	Whole root	Root cortex	Root cortex
1344	Arabidopsis thaliana	scplantdb_SRP148288	SRX4098370	Whole root	Root cap	Root cap
1345	Arabidopsis thaliana	scplantdb_SRP148288	SRX4098370	Whole root	G2/M phase	G2/M phase
1346	Arabidopsis thaliana	scplantdb_SRP148288	SRX4098370	Whole root	Unknow	Unknow
1347	Arabidopsis thaliana	scplantdb_SRP148288	SRX4098370	Whole root	G2/M phase	G2/M phase
1348	Arabidopsis thaliana	scplantdb_SRP148288	SRX4098370	Whole root	Columella root cap	Columella root cap
1349	Arabidopsis thaliana	scplantdb_SRP148288	SRX4098370	Whole root	S phase	S phase
1350	Arabidopsis thaliana	scplantdb_SRP148288	SRX4098370	Whole root	Root cortex	Root cortex
1351	Arabidopsis thaliana	scplantdb_SRP148288	SRX4098370	Whole root	Lateral root cap	Lateral root cap
1352	Arabidopsis thaliana	scplantdb_SRP148288	SRX4098370	Whole root	Root hair	Root hair
1353	Arabidopsis thaliana	scplantdb_SRP148288	SRX4098370	Whole root	Root cortex	Root cortex
1354	Arabidopsis thaliana	scplantdb_SRP148288	SRX4098370	Whole root	Unknow	Unknow
1355	Arabidopsis thaliana	scplantdb_SRP148288	SRX4098370	Whole root	G2/M phase	G2/M phase
1356	Arabidopsis thaliana	scplantdb_SRP148288	SRX4098370	Whole root	G2/M phase	G2/M phase
1357	Arabidopsis thaliana	scplantdb_SRP148288	SRX4098370	Whole root	Unknow	Unknow
1358	Arabidopsis thaliana	scplantdb_SRP148288	SRX4098370	Whole root	Root cortex	Root cortex
1359	Arabidopsis thaliana	scplantdb_SRP148288	SRX4098370	Whole root	Root cortex	Root cortex
1360	Arabidopsis thaliana	scplantdb_SRP148288	SRX4098370	Whole root	Root cap	Root cap
1361	Arabidopsis thaliana	scplantdb_SRP148288	SRX4098370	Whole root	Root cortex	Root cortex
1362	Arabidopsis thaliana	scplantdb_SRP148288	SRX4098370	Whole root	Root cortex	Root cortex
1363	Arabidopsis thaliana	scplantdb_SRP148288	SRX4098370	Whole root	Root cap	Root cap
1364	Arabidopsis thaliana	scplantdb_SRP148288	SRX4098370	Whole root	Unknow	Unknow
1365	Arabidopsis thaliana	scplantdb_SRP148288	SRX4098370	Whole root	Unknow	Unknow
1366	Arabidopsis thaliana	scplantdb_SRP148288	SRX4098370	Whole root	S phase	S phase
1367	Arabidopsis thaliana	scplantdb_SRP148288	SRX4098370	Whole root	Root cortex	Root cortex
1368	Arabidopsis thaliana	scplantdb_SRP148288	SRX4098370	Whole root	Unknow	Unknow
1369	Arabidopsis thaliana	scplantdb_SRP148288	SRX4098370	Whole root	S phase	S phase
1370	Arabidopsis thaliana	scplantdb_SRP148288	SRX4098370	Whole root	Lateral root cap	Lateral root cap
1371	Arabidopsis thaliana	scplantdb_SRP148288	SRX4098370	Whole root	G2/M phase	G2/M phase
1372	Arabidopsis thaliana	scplantdb_SRP148288	SRX4098370	Whole root	G2/M phase	G2/M phase
1373	Arabidopsis thaliana	scplantdb_SRP148288	SRX4098370	Whole root	Root cap	Root cap
1374	Arabidopsis thaliana	scplantdb_SRP148288	SRX4098370	Whole root	Root cortex	Root cortex
1375	Arabidopsis thaliana	scplantdb_SRP148288	SRX4098370	Whole root	Unknow	Unknow
1376	Arabidopsis thaliana	scplantdb_SRP148288	SRX4098370	Whole root	Root cortex	Root cortex
1377	Arabidopsis thaliana	scplantdb_SRP148288	SRX4098370	Whole root	Root cortex	Root cortex
1378	Arabidopsis thaliana	scplantdb_SRP148288	SRX4098370	Whole root	Root cortex	Root cortex
1379	Arabidopsis thaliana	scplantdb_SRP148288	SRX4098370	Whole root	Non-hair	Non-hair
1380	Arabidopsis thaliana	scplantdb_SRP148288	SRX4098370	Whole root	Root cortex	Root cortex
1381	Arabidopsis thaliana	scplantdb_SRP148288	SRX4098370	Whole root	Root cap	Root cap
1382	Arabidopsis thaliana	scplantdb_SRP148288	SRX4098370	Whole root	Unknow	Unknow
1383	Arabidopsis thaliana	scplantdb_SRP148288	SRX4098370	Whole root	Root cortex	Root cortex
1384	Arabidopsis thaliana	scplantdb_SRP148288	SRX4098370	Whole root	Root cortex	Root cortex
1385	Arabidopsis thaliana	scplantdb_SRP148288	SRX4098370	Whole root	Root cap	Root cap
1386	Arabidopsis thaliana	scplantdb_SRP148288	SRX4098370	Whole root	Root cortex	Root cortex
1387	Arabidopsis thaliana	scplantdb_SRP148288	SRX4098370	Whole root	Columella root cap	Columella root cap
1388	Arabidopsis thaliana	scplantdb_SRP148288	SRX4098370	Whole root	G2/M phase	G2/M phase
1389	Arabidopsis thaliana	scplantdb_SRP148288	SRX4098370	Whole root	Root cortex	Root cortex
1390	Arabidopsis thaliana	scplantdb_SRP148288	SRX4098370	Whole root	S phase	S phase
1391	Arabidopsis thaliana	scplantdb_SRP148288	SRX4098370	Whole root	Root cap	Root cap
1392	Arabidopsis thaliana	scplantdb_SRP148288	SRX4098370	Whole root	G2/M phase	G2/M phase
1393	Arabidopsis thaliana	scplantdb_SRP148288	SRX4098370	Whole root	Root cap	Root cap
1394	Arabidopsis thaliana	scplantdb_SRP148288	SRX4098370	Whole root	Root cortex	Root cortex
1395	Arabidopsis thaliana	scplantdb_SRP148288	SRX4098370	Whole root	Root cortex	Root cortex
1396	Arabidopsis thaliana	scplantdb_SRP148288	SRX4098370	Whole root	G2/M phase	G2/M phase
1397	Arabidopsis thaliana	scplantdb_SRP148288	SRX4098370	Whole root	Root cap	Root cap
1398	Arabidopsis thaliana	scplantdb_SRP148288	SRX4098371	Whole root	Unknow	Unknow
1399	Arabidopsis thaliana	scplantdb_SRP148288	SRX4098371	Whole root	G2/M phase	G2/M phase
1400	Arabidopsis thaliana	scplantdb_SRP148288	SRX4098371	Whole root	G2/M phase	G2/M phase
1401	Arabidopsis thaliana	scplantdb_SRP148288	SRX4098371	Whole root	Unknow	Unknow
1402	Arabidopsis thaliana	scplantdb_SRP148288	SRX4098371	Whole root	Root hair	Root hair
1403	Arabidopsis thaliana	scplantdb_SRP148288	SRX4098371	Whole root	Root cortex	Root cortex
1404	Arabidopsis thaliana	scplantdb_SRP148288	SRX4098371	Whole root	Root hair	Root hair
1405	Arabidopsis thaliana	scplantdb_SRP148288	SRX4098371	Whole root	G2/M phase	G2/M phase
1406	Arabidopsis thaliana	scplantdb_SRP148288	SRX4098371	Whole root	Unknow	Unknow
1407	Arabidopsis thaliana	scplantdb_SRP148288	SRX4098371	Whole root	Root cap	Root cap
1408	Arabidopsis thaliana	scplantdb_SRP148288	SRX4098371	Whole root	Unknow	Unknow
1409	Arabidopsis thaliana	scplantdb_SRP148288	SRX4098371	Whole root	G2/M phase	G2/M phase
1410	Arabidopsis thaliana	scplantdb_SRP148288	SRX4098371	Whole root	S phase	S phase
1411	Arabidopsis thaliana	scplantdb_SRP148288	SRX4098371	Whole root	G2/M phase	G2/M phase
1412	Arabidopsis thaliana	scplantdb_SRP148288	SRX4098371	Whole root	Lateral root cap	Lateral root cap
1413	Arabidopsis thaliana	scplantdb_SRP148288	SRX4098371	Whole root	G2/M phase	G2/M phase
1414	Arabidopsis thaliana	scplantdb_SRP148288	SRX4098371	Whole root	Root cortex	Root cortex
1415	Arabidopsis thaliana	scplantdb_SRP148288	SRX4098371	Whole root	Root hair	Root hair
1416	Arabidopsis thaliana	scplantdb_SRP148288	SRX4098371	Whole root	G2/M phase	G2/M phase
1417	Arabidopsis thaliana	scplantdb_SRP148288	SRX4098371	Whole root	G2/M phase	G2/M phase
1418	Arabidopsis thaliana	scplantdb_SRP148288	SRX4098371	Whole root	G2/M phase	G2/M phase
1419	Arabidopsis thaliana	scplantdb_SRP148288	SRX4098371	Whole root	Lateral root cap	Lateral root cap
1420	Arabidopsis thaliana	scplantdb_SRP148288	SRX4098371	Whole root	G2/M phase	G2/M phase
1421	Arabidopsis thaliana	scplantdb_SRP148288	SRX4098371	Whole root	G2/M phase	G2/M phase
1422	Arabidopsis thaliana	scplantdb_SRP148288	SRX4098371	Whole root	Root cortex	Root cortex
1423	Arabidopsis thaliana	scplantdb_SRP148288	SRX4098371	Whole root	G2/M phase	G2/M phase
1424	Arabidopsis thaliana	scplantdb_SRP148288	SRX4098371	Whole root	S phase	S phase
1425	Arabidopsis thaliana	scplantdb_SRP148288	SRX4098371	Whole root	G2/M phase	G2/M phase
1426	Arabidopsis thaliana	scplantdb_SRP148288	SRX4098371	Whole root	G2/M phase	G2/M phase
1427	Arabidopsis thaliana	scplantdb_SRP148288	SRX4098371	Whole root	Root cap	Root cap
1428	Arabidopsis thaliana	scplantdb_SRP148288	SRX4098371	Whole root	Unknow	Unknow
1429	Arabidopsis thaliana	scplantdb_SRP148288	SRX4098371	Whole root	G2/M phase	G2/M phase
1430	Arabidopsis thaliana	scplantdb_SRP148288	SRX4098371	Whole root	S phase	S phase
1431	Arabidopsis thaliana	scplantdb_SRP148288	SRX4098371	Whole root	Root cortex	Root cortex
1432	Arabidopsis thaliana	scplantdb_SRP148288	SRX4098371	Whole root	G2/M phase	G2/M phase
1433	Arabidopsis thaliana	scplantdb_SRP148288	SRX4098371	Whole root	Root cortex	Root cortex
1434	Arabidopsis thaliana	scplantdb_SRP148288	SRX4098371	Whole root	Unknow	Unknow
1435	Arabidopsis thaliana	scplantdb_SRP148288	SRX4098371	Whole root	G2/M phase	G2/M phase
1436	Arabidopsis thaliana	scplantdb_SRP148288	SRX4098371	Whole root	G2/M phase	G2/M phase
1437	Arabidopsis thaliana	scplantdb_SRP148288	SRX4098371	Whole root	Root cap	Root cap
1438	Arabidopsis thaliana	scplantdb_SRP148288	SRX4098371	Whole root	G2/M phase	G2/M phase
1439	Arabidopsis thaliana	scplantdb_SRP148288	SRX4098371	Whole root	G2/M phase	G2/M phase
1440	Arabidopsis thaliana	scplantdb_SRP148288	SRX4098371	Whole root	S phase	S phase
1441	Arabidopsis thaliana	scplantdb_SRP148288	SRX4098371	Whole root	G2/M phase	G2/M phase
1442	Arabidopsis thaliana	scplantdb_SRP148288	SRX4098371	Whole root	G2/M phase	G2/M phase
1443	Arabidopsis thaliana	scplantdb_SRP148288	SRX4098371	Whole root	G2/M phase	G2/M phase
1444	Arabidopsis thaliana	scplantdb_SRP148288	SRX4098371	Whole root	Root cortex	Root cortex
1445	Arabidopsis thaliana	scplantdb_SRP148288	SRX4098371	Whole root	Root hair	Root hair
1446	Arabidopsis thaliana	scplantdb_SRP148288	SRX4098371	Whole root	G2/M phase	G2/M phase
1447	Arabidopsis thaliana	scplantdb_SRP148288	SRX4098371	Whole root	Unknow	Unknow
1448	Arabidopsis thaliana	scplantdb_SRP148288	SRX4098371	Whole root	Root hair	Root hair
1449	Arabidopsis thaliana	scplantdb_SRP148288	SRX4098371	Whole root	S phase	S phase
1450	Arabidopsis thaliana	scplantdb_SRP148288	SRX4098371	Whole root	S phase	S phase
1451	Arabidopsis thaliana	scplantdb_SRP148288	SRX4098371	Whole root	S phase	S phase
1452	Arabidopsis thaliana	scplantdb_SRP148288	SRX4098371	Whole root	Root hair	Root hair
1453	Arabidopsis thaliana	scplantdb_SRP148288	SRX4098372	Whole root	Root cap	Root cap
1454	Arabidopsis thaliana	scplantdb_SRP148288	SRX4098372	Whole root	Root cap	Root cap
1455	Arabidopsis thaliana	scplantdb_SRP148288	SRX4098372	Whole root	Root cap	Root cap
1456	Arabidopsis thaliana	scplantdb_SRP148288	SRX4098372	Whole root	Root cap	Root cap
1457	Arabidopsis thaliana	scplantdb_SRP148288	SRX4098372	Whole root	Root cap	Root cap
1458	Arabidopsis thaliana	scplantdb_SRP148288	SRX4098372	Whole root	Root cortex	Root cortex
1459	Arabidopsis thaliana	scplantdb_SRP148288	SRX4098372	Whole root	Root hair	Root hair
1460	Arabidopsis thaliana	scplantdb_SRP148288	SRX4098372	Whole root	Non-hair	Non-hair
1461	Arabidopsis thaliana	scplantdb_SRP148288	SRX4098372	Whole root	G2/M phase	G2/M phase
1462	Arabidopsis thaliana	scplantdb_SRP148288	SRX4098372	Whole root	Columella root cap	Columella root cap
1463	Arabidopsis thaliana	scplantdb_SRP148288	SRX4098372	Whole root	Lateral root cap	Lateral root cap
1464	Arabidopsis thaliana	scplantdb_SRP148288	SRX4098372	Whole root	S phase	S phase
1465	Arabidopsis thaliana	scplantdb_SRP148288	SRX4098372	Whole root	Root hair	Root hair
1466	Arabidopsis thaliana	scplantdb_SRP148288	SRX4098372	Whole root	Root cap	Root cap
1467	Arabidopsis thaliana	scplantdb_SRP148288	SRX4098372	Whole root	Lateral root cap	Lateral root cap
1468	Arabidopsis thaliana	scplantdb_SRP148288	SRX4098372	Whole root	G2/M phase	G2/M phase
1469	Arabidopsis thaliana	scplantdb_SRP148288	SRX4098372	Whole root	Phloem	Phloem
1470	Arabidopsis thaliana	scplantdb_SRP148288	SRX4098372	Whole root	Phloem	Phloem
1471	Arabidopsis thaliana	scplantdb_SRP148288	SRX4098372	Whole root	Unknow	Unknow
1472	Arabidopsis thaliana	scplantdb_SRP148288	SRX4098372	Whole root	Root cap	Root cap
1473	Arabidopsis thaliana	scplantdb_SRP148288	SRX4098372	Whole root	Xylem	Xylem
1474	Arabidopsis thaliana	scplantdb_SRP148288	SRX4098372	Whole root	Root cap	Root cap
1475	Arabidopsis thaliana	scplantdb_SRP148288	SRX4098372	Whole root	S phase	S phase
1476	Arabidopsis thaliana	scplantdb_SRP148288	SRX4098372	Whole root	Unknow	Unknow
1477	Arabidopsis thaliana	scplantdb_SRP148288	SRX4098372	Whole root	Root cortex	Root cortex
1478	Arabidopsis thaliana	scplantdb_SRP148288	SRX4098372	Whole root	G2/M phase	G2/M phase
1479	Arabidopsis thaliana	scplantdb_SRP148288	SRX4098372	Whole root	Columella root cap	Columella root cap
1480	Arabidopsis thaliana	scplantdb_SRP148288	SRX4098372	Whole root	Unknow	Unknow
1481	Arabidopsis thaliana	scplantdb_SRP148288	SRX4098372	Whole root	S phase	S phase
1482	Arabidopsis thaliana	scplantdb_SRP148288	SRX4098372	Whole root	Root cap	Root cap
1483	Arabidopsis thaliana	scplantdb_SRP148288	SRX4098372	Whole root	Root cap	Root cap
1484	Arabidopsis thaliana	scplantdb_SRP148288	SRX4098372	Whole root	Non-hair	Non-hair
1485	Arabidopsis thaliana	scplantdb_SRP148288	SRX4098372	Whole root	S phase	S phase
1486	Arabidopsis thaliana	scplantdb_SRP148288	SRX4098372	Whole root	Root hair	Root hair
1487	Arabidopsis thaliana	scplantdb_SRP148288	SRX4098372	Whole root	Columella root cap	Columella root cap
1488	Arabidopsis thaliana	scplantdb_SRP148288	SRX4098372	Whole root	G2/M phase	G2/M phase
1489	Arabidopsis thaliana	scplantdb_SRP148288	SRX4098372	Whole root	S phase	S phase
1490	Arabidopsis thaliana	scplantdb_SRP148288	SRX4098372	Whole root	Root cap	Root cap
1491	Arabidopsis thaliana	scplantdb_SRP148288	SRX4098372	Whole root	Unknow	Unknow
1492	Arabidopsis thaliana	scplantdb_SRP148288	SRX4098372	Whole root	S phase	S phase
1493	Arabidopsis thaliana	scplantdb_SRP148288	SRX4098372	Whole root	Root cap	Root cap
1494	Arabidopsis thaliana	scplantdb_SRP148288	SRX4098372	Whole root	Unknow	Unknow
1495	Arabidopsis thaliana	scplantdb_SRP148288	SRX4098372	Whole root	G2/M phase	G2/M phase
1496	Arabidopsis thaliana	scplantdb_SRP148288	SRX4098372	Whole root	G2/M phase	G2/M phase
1497	Arabidopsis thaliana	scplantdb_SRP148288	SRX4098372	Whole root	Root cortex	Root cortex
1498	Arabidopsis thaliana	scplantdb_SRP148288	SRX4098372	Whole root	Root hair	Root hair
1499	Arabidopsis thaliana	scplantdb_SRP148288	SRX4098372	Whole root	Phloem	Phloem
1500	Arabidopsis thaliana	scplantdb_SRP148288	SRX4098372	Whole root	S phase	S phase
1501	Arabidopsis thaliana	scplantdb_SRP148288	SRX4098372	Whole root	Root hair	Root hair
1502	Arabidopsis thaliana	scplantdb_SRP148288	SRX4098373	Whole root	S phase	S phase
1503	Arabidopsis thaliana	scplantdb_SRP148288	SRX4098373	Whole root	S phase	S phase
1504	Arabidopsis thaliana	scplantdb_SRP148288	SRX4098373	Whole root	Root hair	Root hair
1505	Arabidopsis thaliana	scplantdb_SRP148288	SRX4098373	Whole root	Root cap	Root cap
1506	Arabidopsis thaliana	scplantdb_SRP148288	SRX4098373	Whole root	Root cap	Root cap
1507	Arabidopsis thaliana	scplantdb_SRP148288	SRX4098373	Whole root	G2/M phase	G2/M phase
1508	Arabidopsis thaliana	scplantdb_SRP148288	SRX4098373	Whole root	Root cortex	Root cortex
1509	Arabidopsis thaliana	scplantdb_SRP148288	SRX4098373	Whole root	Root cortex	Root cortex
1510	Arabidopsis thaliana	scplantdb_SRP148288	SRX4098373	Whole root	Non-hair	Non-hair
1511	Arabidopsis thaliana	scplantdb_SRP148288	SRX4098373	Whole root	Unknow	Unknow
1512	Arabidopsis thaliana	scplantdb_SRP148288	SRX4098373	Whole root	Root cortex	Root cortex
1513	Arabidopsis thaliana	scplantdb_SRP148288	SRX4098373	Whole root	S phase	S phase
1514	Arabidopsis thaliana	scplantdb_SRP148288	SRX4098373	Whole root	Root cap	Root cap
1515	Arabidopsis thaliana	scplantdb_SRP148288	SRX4098373	Whole root	S phase	S phase
1516	Arabidopsis thaliana	scplantdb_SRP148288	SRX4098373	Whole root	Non-hair	Non-hair
1517	Arabidopsis thaliana	scplantdb_SRP148288	SRX4098373	Whole root	G2/M phase	G2/M phase
1518	Arabidopsis thaliana	scplantdb_SRP148288	SRX4098373	Whole root	Root cap	Root cap
1519	Arabidopsis thaliana	scplantdb_SRP148288	SRX4098373	Whole root	S phase	S phase
1520	Arabidopsis thaliana	scplantdb_SRP148288	SRX4098373	Whole root	Columella root cap	Columella root cap
1521	Arabidopsis thaliana	scplantdb_SRP148288	SRX4098373	Whole root	Root cap	Root cap
1522	Arabidopsis thaliana	scplantdb_SRP148288	SRX4098373	Whole root	Root cortex	Root cortex
1523	Arabidopsis thaliana	scplantdb_SRP148288	SRX4098373	Whole root	S phase	S phase
1524	Arabidopsis thaliana	scplantdb_SRP148288	SRX4098373	Whole root	Root cap	Root cap
1525	Arabidopsis thaliana	scplantdb_SRP148288	SRX4098373	Whole root	G2/M phase	G2/M phase
1526	Arabidopsis thaliana	scplantdb_SRP148288	SRX4098373	Whole root	G2/M phase	G2/M phase
1527	Arabidopsis thaliana	scplantdb_SRP148288	SRX4098373	Whole root	Columella root cap	Columella root cap
1528	Arabidopsis thaliana	scplantdb_SRP148288	SRX4098373	Whole root	Lateral root cap	Lateral root cap
1529	Arabidopsis thaliana	scplantdb_SRP148288	SRX4098373	Whole root	G2/M phase	G2/M phase
1530	Arabidopsis thaliana	scplantdb_SRP148288	SRX4098373	Whole root	G2/M phase	G2/M phase
1531	Arabidopsis thaliana	scplantdb_SRP148288	SRX4098373	Whole root	S phase	S phase
1532	Arabidopsis thaliana	scplantdb_SRP148288	SRX4098373	Whole root	Columella root cap	Columella root cap
1533	Arabidopsis thaliana	scplantdb_SRP148288	SRX4098373	Whole root	Root cap	Root cap
1534	Arabidopsis thaliana	scplantdb_SRP148288	SRX4098373	Whole root	G2/M phase	G2/M phase
1535	Arabidopsis thaliana	scplantdb_SRP148288	SRX4098373	Whole root	Root cap	Root cap
1536	Arabidopsis thaliana	scplantdb_SRP169576	SRX5025979	Whole root	Non-hair	Non-hair
1537	Arabidopsis thaliana	scplantdb_SRP169576	SRX5025979	Whole root	Non-hair	Non-hair
1538	Arabidopsis thaliana	scplantdb_SRP169576	SRX5025979	Whole root	Root cortex	Root cortex
1539	Arabidopsis thaliana	scplantdb_SRP169576	SRX5025979	Whole root	Lateral root cap	Lateral root cap
1540	Arabidopsis thaliana	scplantdb_SRP169576	SRX5025979	Whole root	Root endodermis	Root endodermis
1541	Arabidopsis thaliana	scplantdb_SRP169576	SRX5025979	Whole root	Root hair	Root hair
1542	Arabidopsis thaliana	scplantdb_SRP169576	SRX5025979	Whole root	Root endodermis	Root endodermis
1543	Arabidopsis thaliana	scplantdb_SRP169576	SRX5025979	Whole root	Root endodermis	Root endodermis
1544	Arabidopsis thaliana	scplantdb_SRP169576	SRX5025979	Whole root	Non-hair	Non-hair
1545	Arabidopsis thaliana	scplantdb_SRP169576	SRX5025979	Whole root	Root hair	Root hair
1546	Arabidopsis thaliana	scplantdb_SRP169576	SRX5025979	Whole root	Root stele	Root stele
1547	Arabidopsis thaliana	scplantdb_SRP169576	SRX5025979	Whole root	Lateral root cap	Lateral root cap
1548	Arabidopsis thaliana	scplantdb_SRP169576	SRX5025979	Whole root	Root endodermis	Root endodermis
1549	Arabidopsis thaliana	scplantdb_SRP169576	SRX5025979	Whole root	Unknow	Unknow
1550	Arabidopsis thaliana	scplantdb_SRP169576	SRX5025979	Whole root	S phase	S phase
1551	Arabidopsis thaliana	scplantdb_SRP169576	SRX5025979	Whole root	Root endodermis	Root endodermis
1552	Arabidopsis thaliana	scplantdb_SRP169576	SRX5025979	Whole root	Root cap	Root cap
1553	Arabidopsis thaliana	scplantdb_SRP169576	SRX5025979	Whole root	Unknow	Unknow
1554	Arabidopsis thaliana	scplantdb_SRP169576	SRX5025979	Whole root	Lateral root cap	Lateral root cap
1555	Arabidopsis thaliana	scplantdb_SRP169576	SRX5025979	Whole root	Lateral root cap	Lateral root cap
1556	Arabidopsis thaliana	scplantdb_SRP169576	SRX5025979	Whole root	Root cap	Root cap
1557	Arabidopsis thaliana	scplantdb_SRP169576	SRX5025979	Whole root	Root hair	Root hair
1558	Arabidopsis thaliana	scplantdb_SRP169576	SRX5025979	Whole root	Non-hair	Non-hair
1559	Arabidopsis thaliana	scplantdb_SRP169576	SRX5025979	Whole root	Root endodermis	Root endodermis
1560	Arabidopsis thaliana	scplantdb_SRP169576	SRX5025979	Whole root	Root stele	Root stele
1561	Arabidopsis thaliana	scplantdb_SRP169576	SRX5025979	Whole root	Unknow	Unknow
1562	Arabidopsis thaliana	scplantdb_SRP169576	SRX5025979	Whole root	Root hair	Root hair
1563	Arabidopsis thaliana	scplantdb_SRP169576	SRX5025979	Whole root	Unknow	Unknow
1564	Arabidopsis thaliana	scplantdb_SRP169576	SRX5025980	Whole root	Root cortex	Root cortex
1565	Arabidopsis thaliana	scplantdb_SRP169576	SRX5025980	Whole root	Root cap	Root cap
1566	Arabidopsis thaliana	scplantdb_SRP169576	SRX5025980	Whole root	Root hair	Root hair
1567	Arabidopsis thaliana	scplantdb_SRP169576	SRX5025980	Whole root	Xylem	Xylem
1568	Arabidopsis thaliana	scplantdb_SRP169576	SRX5025980	Whole root	Non-hair	Non-hair
1569	Arabidopsis thaliana	scplantdb_SRP169576	SRX5025980	Whole root	Lateral root cap	Lateral root cap
1570	Arabidopsis thaliana	scplantdb_SRP169576	SRX5025980	Whole root	Root hair	Root hair
1571	Arabidopsis thaliana	scplantdb_SRP169576	SRX5025980	Whole root	Lateral root cap	Lateral root cap
1572	Arabidopsis thaliana	scplantdb_SRP169576	SRX5025980	Whole root	Unknow	Unknow
1573	Arabidopsis thaliana	scplantdb_SRP169576	SRX5025980	Whole root	Root hair	Root hair
1574	Arabidopsis thaliana	scplantdb_SRP169576	SRX5025980	Whole root	Root cortex	Root cortex
1575	Arabidopsis thaliana	scplantdb_SRP169576	SRX5025980	Whole root	Root endodermis	Root endodermis
1576	Arabidopsis thaliana	scplantdb_SRP169576	SRX5025980	Whole root	Non-hair	Non-hair
1577	Arabidopsis thaliana	scplantdb_SRP169576	SRX5025980	Whole root	Unknow	Unknow
1578	Arabidopsis thaliana	scplantdb_SRP169576	SRX5025980	Whole root	Root cortex	Root cortex
1579	Arabidopsis thaliana	scplantdb_SRP169576	SRX5025980	Whole root	Root endodermis	Root endodermis
1580	Arabidopsis thaliana	scplantdb_SRP169576	SRX5025980	Whole root	Lateral root cap	Lateral root cap
1581	Arabidopsis thaliana	scplantdb_SRP169576	SRX5025980	Whole root	Root cap	Root cap
1582	Arabidopsis thaliana	scplantdb_SRP169576	SRX5025980	Whole root	Lateral root cap	Lateral root cap
1583	Arabidopsis thaliana	scplantdb_SRP169576	SRX5025980	Whole root	Unknow	Unknow
1584	Arabidopsis thaliana	scplantdb_SRP169576	SRX5025980	Whole root	Root stele	Root stele
1585	Arabidopsis thaliana	scplantdb_SRP169576	SRX5025980	Whole root	Non-hair	Non-hair
1586	Arabidopsis thaliana	scplantdb_SRP169576	SRX5025980	Whole root	Unknow	Unknow
1587	Arabidopsis thaliana	scplantdb_SRP169576	SRX5025980	Whole root	Lateral root cap	Lateral root cap
1588	Arabidopsis thaliana	scplantdb_SRP169576	SRX5025980	Whole root	Root hair	Root hair
1589	Arabidopsis thaliana	scplantdb_SRP169576	SRX5025980	Whole root	Root cortex	Root cortex
1590	Arabidopsis thaliana	scplantdb_SRP169576	SRX5025981	Whole root	Root stele	Root stele
1591	Arabidopsis thaliana	scplantdb_SRP169576	SRX5025981	Whole root	Root cortex	Root cortex
1592	Arabidopsis thaliana	scplantdb_SRP169576	SRX5025981	Whole root	Unknow	Unknow
1593	Arabidopsis thaliana	scplantdb_SRP169576	SRX5025981	Whole root	Unknow	Unknow
1594	Arabidopsis thaliana	scplantdb_SRP169576	SRX5025981	Whole root	Unknow	Unknow
1595	Arabidopsis thaliana	scplantdb_SRP169576	SRX5025981	Whole root	Root stele	Root stele
1596	Arabidopsis thaliana	scplantdb_SRP169576	SRX5025981	Whole root	Unknow	Unknow
1597	Arabidopsis thaliana	scplantdb_SRP169576	SRX5025981	Whole root	Root hair	Root hair
1598	Arabidopsis thaliana	scplantdb_SRP169576	SRX5025981	Whole root	Unknow	Unknow
1599	Arabidopsis thaliana	scplantdb_SRP169576	SRX5025981	Whole root	Unknow	Unknow
1600	Arabidopsis thaliana	scplantdb_SRP169576	SRX5025981	Whole root	Root hair	Root hair
1601	Arabidopsis thaliana	scplantdb_SRP169576	SRX5025981	Whole root	Root stele	Root stele
1602	Arabidopsis thaliana	scplantdb_SRP169576	SRX5025981	Whole root	Non-hair	Non-hair
1603	Arabidopsis thaliana	scplantdb_SRP169576	SRX5025981	Whole root	Unknow	Unknow
1604	Arabidopsis thaliana	scplantdb_SRP169576	SRX5025981	Whole root	Root stele	Root stele
1605	Arabidopsis thaliana	scplantdb_SRP169576	SRX5025981	Whole root	Root stele	Root stele
1606	Arabidopsis thaliana	scplantdb_SRP169576	SRX5025981	Whole root	Root hair	Root hair
1607	Arabidopsis thaliana	scplantdb_SRP169576	SRX5025981	Whole root	Root hair	Root hair
1608	Arabidopsis thaliana	scplantdb_SRP169576	SRX5025981	Whole root	Root hair	Root hair
1609	Arabidopsis thaliana	scplantdb_SRP169576	SRX5025981	Whole root	Unknow	Unknow
1610	Arabidopsis thaliana	scplantdb_SRP169576	SRX5025981	Whole root	Unknow	Unknow
1611	Arabidopsis thaliana	scplantdb_SRP169576	SRX5025981	Whole root	Lateral root cap	Lateral root cap
1612	Arabidopsis thaliana	scplantdb_SRP169576	SRX5025981	Whole root	Columella root cap	Columella root cap
1613	Arabidopsis thaliana	scplantdb_SRP169576	SRX5025981	Whole root	Unknow	Unknow
1614	Arabidopsis thaliana	scplantdb_SRP169576	SRX5025981	Whole root	Root hair	Root hair
1615	Arabidopsis thaliana	scplantdb_SRP169576	SRX5025981	Whole root	Root hair	Root hair
1616	Arabidopsis thaliana	scplantdb_SRP169576	SRX5025981	Whole root	Root hair	Root hair
1617	Arabidopsis thaliana	scplantdb_SRP169576	SRX5025981	Whole root	Root endodermis	Root endodermis
1618	Arabidopsis thaliana	scplantdb_SRP169576	SRX5025981	Whole root	Root stele	Root stele
1619	Arabidopsis thaliana	scplantdb_SRP169576	SRX5025981	Whole root	S phase	S phase
1620	Arabidopsis thaliana	scplantdb_SRP169576	SRX5025981	Whole root	Unknow	Unknow
1621	Arabidopsis thaliana	scplantdb_SRP169576	SRX5025981	Whole root	Unknow	Unknow
1622	Arabidopsis thaliana	scplantdb_SRP169576	SRX5025981	Whole root	Unknow	Unknow
1623	Arabidopsis thaliana	scplantdb_SRP169576	SRX5025981	Whole root	Unknow	Unknow
1624	Arabidopsis thaliana	scplantdb_SRP169576	SRX5025981	Whole root	Root cap	Root cap
1625	Arabidopsis thaliana	scplantdb_SRP169576	SRX5025981	Whole root	Unknow	Unknow
1626	Arabidopsis thaliana	scplantdb_SRP169576	SRX5025981	Whole root	Root hair	Root hair
1627	Arabidopsis thaliana	scplantdb_SRP169576	SRX5025981	Whole root	Root hair	Root hair
1628	Arabidopsis thaliana	scplantdb_SRP169576	SRX5025981	Whole root	Root hair	Root hair
1629	Arabidopsis thaliana	scplantdb_SRP169576	SRX5025981	Whole root	Root cortex	Root cortex
1630	Arabidopsis thaliana	scplantdb_SRP169576	SRX5025981	Whole root	Unknow	Unknow
1631	Arabidopsis thaliana	scplantdb_SRP169576	SRX5025981	Whole root	Unknow	Unknow
1632	Arabidopsis thaliana	scplantdb_SRP169576	SRX5025981	Whole root	Unknow	Unknow
1633	Arabidopsis thaliana	scplantdb_SRP169576	SRX5025981	Whole root	Unknow	Unknow
1634	Arabidopsis thaliana	scplantdb_SRP169576	SRX5025981	Whole root	Lateral root cap	Lateral root cap
1635	Arabidopsis thaliana	scplantdb_SRP169576	SRX5025981	Whole root	Root cap	Root cap
1636	Arabidopsis thaliana	scplantdb_SRP169576	SRX5025981	Whole root	Non-hair	Non-hair
1637	Arabidopsis thaliana	scplantdb_SRP169576	SRX5025981	Whole root	Unknow	Unknow
1638	Arabidopsis thaliana	scplantdb_SRP169576	SRX5025981	Whole root	Root cortex	Root cortex
1639	Arabidopsis thaliana	scplantdb_SRP169576	SRX5025981	Whole root	Unknow	Unknow
1640	Arabidopsis thaliana	scplantdb_SRP169576	SRX5025981	Whole root	Root hair	Root hair
1641	Arabidopsis thaliana	scplantdb_SRP169576	SRX5025981	Whole root	G1/G0 phase	G1/G0 phase
1642	Arabidopsis thaliana	scplantdb_SRP169576	SRX5025981	Whole root	Root hair	Root hair
1643	Arabidopsis thaliana	scplantdb_SRP169576	SRX5025981	Whole root	Root hair	Root hair
1644	Arabidopsis thaliana	scplantdb_SRP169576	SRX5025981	Whole root	Root hair	Root hair
1645	Arabidopsis thaliana	scplantdb_SRP169576	SRX5025981	Whole root	Columella root cap	Columella root cap
1646	Arabidopsis thaliana	scplantdb_SRP169576	SRX5025981	Whole root	Unknow	Unknow
1647	Arabidopsis thaliana	scplantdb_SRP169576	SRX5025981	Whole root	Root stele	Root stele
1648	Arabidopsis thaliana	scplantdb_SRP169576	SRX5025981	Whole root	Root hair	Root hair
1649	Arabidopsis thaliana	scplantdb_SRP169576	SRX5025981	Whole root	Unknow	Unknow
1650	Arabidopsis thaliana	scplantdb_SRP169576	SRX5025981	Whole root	Root hair	Root hair
1651	Arabidopsis thaliana	scplantdb_SRP169576	SRX5025981	Whole root	Unknow	Unknow
1652	Arabidopsis thaliana	scplantdb_SRP169576	SRX5025981	Whole root	Root cortex	Root cortex
1653	Arabidopsis thaliana	scplantdb_SRP169576	SRX5025981	Whole root	Root hair	Root hair
1654	Arabidopsis thaliana	scplantdb_SRP169576	SRX5025981	Whole root	Root hair	Root hair
1655	Arabidopsis thaliana	scplantdb_SRP169576	SRX5025981	Whole root	Unknow	Unknow
1656	Arabidopsis thaliana	scplantdb_SRP169576	SRX5025981	Whole root	Root cortex	Root cortex
1657	Arabidopsis thaliana	scplantdb_SRP169576	SRX5025981	Whole root	Unknow	Unknow
1658	Arabidopsis thaliana	scplantdb_SRP169576	SRX5025981	Whole root	S phase	S phase
1659	Arabidopsis thaliana	scplantdb_SRP169576	SRX5025981	Whole root	Root endodermis	Root endodermis
1660	Arabidopsis thaliana	scplantdb_SRP169576	SRX5025981	Whole root	Non-hair	Non-hair
1661	Arabidopsis thaliana	scplantdb_SRP169576	SRX5025981	Whole root	Unknow	Unknow
1662	Arabidopsis thaliana	scplantdb_SRP169576	SRX5025981	Whole root	Root hair	Root hair
1663	Arabidopsis thaliana	scplantdb_SRP169576	SRX5025981	Whole root	Root cap	Root cap
1664	Arabidopsis thaliana	scplantdb_SRP169576	SRX5025981	Whole root	Unknow	Unknow
1665	Arabidopsis thaliana	scplantdb_SRP169576	SRX5025981	Whole root	Root stele	Root stele
1666	Arabidopsis thaliana	scplantdb_SRP169576	SRX5025981	Whole root	Unknow	Unknow
1667	Arabidopsis thaliana	scplantdb_SRP169576	SRX5025981	Whole root	Unknow	Unknow
1668	Arabidopsis thaliana	scplantdb_SRP169576	SRX5025981	Whole root	Unknow	Unknow
1669	Arabidopsis thaliana	scplantdb_SRP169576	SRX5025981	Whole root	Root hair	Root hair
1670	Arabidopsis thaliana	scplantdb_SRP169576	SRX5025981	Whole root	Unknow	Unknow
1671	Arabidopsis thaliana	scplantdb_SRP169576	SRX5025981	Whole root	Root hair	Root hair
1672	Arabidopsis thaliana	scplantdb_SRP169576	SRX5025981	Whole root	Root endodermis	Root endodermis
1673	Arabidopsis thaliana	scplantdb_SRP169576	SRX5025981	Whole root	Root endodermis	Root endodermis
1674	Arabidopsis thaliana	scplantdb_SRP169576	SRX5025981	Whole root	Unknow	Unknow
1675	Arabidopsis thaliana	scplantdb_SRP169576	SRX5025981	Whole root	Unknow	Unknow
1676	Arabidopsis thaliana	scplantdb_SRP169576	SRX5025981	Whole root	Root endodermis	Root endodermis
1677	Arabidopsis thaliana	scplantdb_SRP169576	SRX5025981	Whole root	Root endodermis	Root endodermis
1678	Arabidopsis thaliana	scplantdb_SRP169576	SRX5025981	Whole root	Root cortex	Root cortex
1679	Arabidopsis thaliana	scplantdb_SRP169576	SRX5025981	Whole root	Unknow	Unknow
1680	Arabidopsis thaliana	scplantdb_SRP169576	SRX5025981	Whole root	Unknow	Unknow
1681	Arabidopsis thaliana	scplantdb_SRP169576	SRX5025981	Whole root	Unknow	Unknow
1682	Arabidopsis thaliana	scplantdb_SRP169576	SRX5025981	Whole root	Unknow	Unknow
1683	Arabidopsis thaliana	scplantdb_SRP169576	SRX5025981	Whole root	Non-hair	Non-hair
1684	Arabidopsis thaliana	scplantdb_SRP169576	SRX5025981	Whole root	Non-hair	Non-hair
1685	Arabidopsis thaliana	scplantdb_SRP169576	SRX5025981	Whole root	Unknow	Unknow
1686	Arabidopsis thaliana	scplantdb_SRP169576	SRX5025981	Whole root	Root stele	Root stele
1687	Arabidopsis thaliana	scplantdb_SRP169576	SRX5025981	Whole root	Root endodermis	Root endodermis
1688	Arabidopsis thaliana	scplantdb_SRP169576	SRX5025981	Whole root	Root endodermis	Root endodermis
1689	Arabidopsis thaliana	scplantdb_SRP169576	SRX5025981	Whole root	Unknow	Unknow
1690	Arabidopsis thaliana	scplantdb_SRP169576	SRX5025981	Whole root	Root endodermis	Root endodermis
1691	Arabidopsis thaliana	scplantdb_SRP169576	SRX5025981	Whole root	Root endodermis	Root endodermis
1692	Arabidopsis thaliana	scplantdb_SRP169576	SRX5025981	Whole root	Non-hair	Non-hair
1693	Arabidopsis thaliana	scplantdb_SRP169576	SRX5025981	Whole root	Unknow	Unknow
1694	Arabidopsis thaliana	scplantdb_SRP169576	SRX5025981	Whole root	Root hair	Root hair
1695	Arabidopsis thaliana	scplantdb_SRP169576	SRX5025981	Whole root	Root endodermis	Root endodermis
1696	Arabidopsis thaliana	scplantdb_SRP169576	SRX5025981	Whole root	Unknow	Unknow
1697	Arabidopsis thaliana	scplantdb_SRP169576	SRX5025982	Whole root	Xylem	Xylem
1698	Arabidopsis thaliana	scplantdb_SRP169576	SRX5025982	Whole root	Root stele	Root stele
1699	Arabidopsis thaliana	scplantdb_SRP169576	SRX5025982	Whole root	Root cap	Root cap
1700	Arabidopsis thaliana	scplantdb_SRP169576	SRX5025982	Whole root	Root cap	Root cap
1701	Arabidopsis thaliana	scplantdb_SRP169576	SRX5025982	Whole root	Root stele	Root stele
1702	Arabidopsis thaliana	scplantdb_SRP169576	SRX5025982	Whole root	Root stele	Root stele
1703	Arabidopsis thaliana	scplantdb_SRP169576	SRX5025982	Whole root	Root stele	Root stele
1704	Arabidopsis thaliana	scplantdb_SRP169576	SRX5025983	Whole root	Unknow	Unknow
1705	Arabidopsis thaliana	scplantdb_SRP169576	SRX5025983	Whole root	Root stele	Root stele
1706	Arabidopsis thaliana	scplantdb_SRP169576	SRX5025983	Whole root	Root cortex	Root cortex
1707	Arabidopsis thaliana	scplantdb_SRP169576	SRX5025983	Whole root	S phase	S phase
1708	Arabidopsis thaliana	scplantdb_SRP169576	SRX5025983	Whole root	Unknow	Unknow
1709	Arabidopsis thaliana	scplantdb_SRP169576	SRX5025983	Whole root	Root endodermis	Root endodermis
1710	Arabidopsis thaliana	scplantdb_SRP169576	SRX5025984	Whole root	Non-hair	Non-hair
1711	Arabidopsis thaliana	scplantdb_SRP169576	SRX5025984	Whole root	S phase	S phase
1712	Arabidopsis thaliana	scplantdb_SRP169576	SRX5025984	Whole root	Lateral root cap	Lateral root cap
1713	Arabidopsis thaliana	scplantdb_SRP169576	SRX5025984	Whole root	Root cap	Root cap
1714	Arabidopsis thaliana	scplantdb_SRP169576	SRX5025984	Whole root	Root hair	Root hair
1715	Arabidopsis thaliana	scplantdb_SRP169576	SRX5025984	Whole root	Root stele	Root stele
1716	Arabidopsis thaliana	scplantdb_SRP169576	SRX5025984	Whole root	Lateral root cap	Lateral root cap
1717	Arabidopsis thaliana	scplantdb_SRP169576	SRX5025984	Whole root	Lateral root cap	Lateral root cap
1718	Arabidopsis thaliana	scplantdb_SRP169576	SRX5025984	Whole root	Columella root cap	Columella root cap
1719	Arabidopsis thaliana	scplantdb_SRP169576	SRX5025984	Whole root	Non-hair	Non-hair
1720	Arabidopsis thaliana	scplantdb_SRP169576	SRX5025985	Whole root	Root stele	Root stele
1721	Arabidopsis thaliana	scplantdb_SRP169576	SRX5025985	Whole root	Columella root cap	Columella root cap
1722	Arabidopsis thaliana	scplantdb_SRP169576	SRX5025985	Whole root	S phase	S phase
1723	Arabidopsis thaliana	scplantdb_SRP169576	SRX5025985	Whole root	Root endodermis	Root endodermis
1724	Arabidopsis thaliana	scplantdb_SRP169576	SRX5025985	Whole root	Root stele	Root stele
1725	Arabidopsis thaliana	scplantdb_SRP169576	SRX5025985	Whole root	Columella root cap	Columella root cap
1726	Arabidopsis thaliana	scplantdb_SRP169576	SRX5025985	Whole root	S phase	S phase
1727	Arabidopsis thaliana	scplantdb_SRP169576	SRX5025985	Whole root	Columella root cap	Columella root cap
1728	Arabidopsis thaliana	scplantdb_SRP169576	SRX5025985	Whole root	S phase	S phase
1729	Arabidopsis thaliana	scplantdb_SRP169576	SRX5025985	Whole root	Unknow	Unknow
1730	Arabidopsis thaliana	scplantdb_SRP169576	SRX5025985	Whole root	Lateral root cap	Lateral root cap
1731	Arabidopsis thaliana	scplantdb_SRP169576	SRX5025985	Whole root	Columella root cap	Columella root cap
1732	Arabidopsis thaliana	scplantdb_SRP169576	SRX5025985	Whole root	Root cortex	Root cortex
1733	Arabidopsis thaliana	scplantdb_SRP169576	SRX5025985	Whole root	Non-hair	Non-hair
1734	Arabidopsis thaliana	scplantdb_SRP169576	SRX5025986	Whole root	Unknow	Unknow
1735	Arabidopsis thaliana	scplantdb_SRP169576	SRX5025986	Whole root	Root cortex	Root cortex
1736	Arabidopsis thaliana	scplantdb_SRP169576	SRX5025986	Whole root	Root endodermis	Root endodermis
1737	Arabidopsis thaliana	scplantdb_SRP169576	SRX5025986	Whole root	Non-hair	Non-hair
1738	Arabidopsis thaliana	scplantdb_SRP169576	SRX5025986	Whole root	Unknow	Unknow
1739	Arabidopsis thaliana	scplantdb_SRP169576	SRX5025986	Whole root	Phloem	Phloem
1740	Arabidopsis thaliana	scplantdb_SRP169576	SRX5025986	Whole root	S phase	S phase
1741	Arabidopsis thaliana	scplantdb_SRP169576	SRX5025987	Whole root	Unknow	Unknow
1742	Arabidopsis thaliana	scplantdb_SRP169576	SRX5025987	Whole root	Lateral root cap	Lateral root cap
1743	Arabidopsis thaliana	scplantdb_SRP169576	SRX5025987	Whole root	Lateral root cap	Lateral root cap
1744	Arabidopsis thaliana	scplantdb_SRP169576	SRX5025987	Whole root	S phase	S phase
1745	Arabidopsis thaliana	scplantdb_SRP169576	SRX5025987	Whole root	Root endodermis	Root endodermis
1746	Arabidopsis thaliana	scplantdb_SRP169576	SRX5025987	Whole root	Unknow	Unknow
1747	Arabidopsis thaliana	scplantdb_SRP169576	SRX5025987	Whole root	Root cortex	Root cortex
1748	Arabidopsis thaliana	scplantdb_SRP169576	SRX5025987	Whole root	Root stele	Root stele
1749	Arabidopsis thaliana	scplantdb_SRP169576	SRX5025987	Whole root	Root cap	Root cap
1750	Arabidopsis thaliana	scplantdb_SRP169576	SRX5025987	Whole root	Root cap	Root cap
1751	Arabidopsis thaliana	scplantdb_SRP169576	SRX5025987	Whole root	Lateral root cap	Lateral root cap
1752	Arabidopsis thaliana	scplantdb_SRP169576	SRX5025987	Whole root	Phloem	Phloem
1753	Arabidopsis thaliana	scplantdb_SRP169576	SRX5025987	Whole root	Columella root cap	Columella root cap
1754	Arabidopsis thaliana	scplantdb_SRP169576	SRX5025987	Whole root	Unknow	Unknow
1755	Arabidopsis thaliana	scplantdb_SRP169576	SRX5025987	Whole root	Columella root cap	Columella root cap
1756	Arabidopsis thaliana	scplantdb_SRP169576	SRX5025987	Whole root	Root cap	Root cap
1757	Arabidopsis thaliana	scplantdb_SRP169576	SRX5025987	Whole root	Non-hair	Non-hair
1758	Arabidopsis thaliana	scplantdb_SRP169576	SRX5025987	Whole root	Root cortex	Root cortex
1759	Arabidopsis thaliana	scplantdb_SRP169576	SRX5025987	Whole root	Root cortex	Root cortex
1760	Arabidopsis thaliana	scplantdb_SRP169576	SRX5025987	Whole root	Root endodermis	Root endodermis
1761	Arabidopsis thaliana	scplantdb_SRP169576	SRX5025987	Whole root	Xylem	Xylem
1762	Arabidopsis thaliana	scplantdb_SRP169576	SRX5025987	Whole root	Root cap	Root cap
1763	Arabidopsis thaliana	scplantdb_SRP169576	SRX5025987	Whole root	S phase	S phase
1764	Arabidopsis thaliana	scplantdb_SRP169576	SRX5025988	Whole root	Root stele	Root stele
1765	Arabidopsis thaliana	scplantdb_SRP169576	SRX5025988	Whole root	Unknow	Unknow
1766	Arabidopsis thaliana	scplantdb_SRP169576	SRX5025988	Whole root	Non-hair	Non-hair
1767	Arabidopsis thaliana	scplantdb_SRP169576	SRX5025988	Whole root	Root endodermis	Root endodermis
1768	Arabidopsis thaliana	scplantdb_SRP169576	SRX5025988	Whole root	Root endodermis	Root endodermis
1769	Arabidopsis thaliana	scplantdb_SRP169576	SRX5025988	Whole root	S phase	S phase
1770	Arabidopsis thaliana	scplantdb_SRP169576	SRX5025988	Whole root	G1/G0 phase	G1/G0 phase
1771	Arabidopsis thaliana	scplantdb_SRP169576	SRX5025988	Whole root	Columella root cap	Columella root cap
1772	Arabidopsis thaliana	scplantdb_SRP169576	SRX5025988	Whole root	Columella root cap	Columella root cap
1773	Arabidopsis thaliana	scplantdb_SRP169576	SRX5025988	Whole root	Root cortex	Root cortex
1774	Arabidopsis thaliana	scplantdb_SRP169576	SRX5025988	Whole root	Root hair	Root hair
1775	Arabidopsis thaliana	scplantdb_SRP169576	SRX5025988	Whole root	S phase	S phase
1776	Arabidopsis thaliana	scplantdb_SRP169576	SRX5025988	Whole root	Root cortex	Root cortex
1777	Arabidopsis thaliana	scplantdb_SRP169576	SRX5025988	Whole root	Root cortex	Root cortex
1778	Arabidopsis thaliana	scplantdb_SRP169576	SRX5025988	Whole root	Root endodermis	Root endodermis
1779	Arabidopsis thaliana	scplantdb_SRP169576	SRX5025988	Whole root	Root cap	Root cap
1780	Arabidopsis thaliana	scplantdb_SRP169576	SRX5025988	Whole root	Non-hair	Non-hair
1781	Arabidopsis thaliana	scplantdb_SRP169576	SRX5025988	Whole root	Root cap	Root cap
1782	Arabidopsis thaliana	scplantdb_SRP169576	SRX5025988	Whole root	G1/G0 phase	G1/G0 phase
1783	Arabidopsis thaliana	scplantdb_SRP169576	SRX5025988	Whole root	Lateral root cap	Lateral root cap
1784	Arabidopsis thaliana	scplantdb_SRP169576	SRX5025988	Whole root	Columella root cap	Columella root cap
1785	Arabidopsis thaliana	scplantdb_SRP169576	SRX5025988	Whole root	Root endodermis	Root endodermis
1786	Arabidopsis thaliana	scplantdb_SRP169576	SRX5025988	Whole root	S phase	S phase
1787	Arabidopsis thaliana	scplantdb_SRP169576	SRX5025988	Whole root	Root cortex	Root cortex
1788	Arabidopsis thaliana	scplantdb_SRP169576	SRX5025988	Whole root	Lateral root cap	Lateral root cap
1789	Arabidopsis thaliana	scplantdb_SRP169576	SRX5025988	Whole root	Non-hair	Non-hair
1790	Arabidopsis thaliana	scplantdb_SRP169576	SRX5025988	Whole root	Lateral root cap	Lateral root cap
1791	Arabidopsis thaliana	scplantdb_SRP169576	SRX5025988	Whole root	Root cap	Root cap
1792	Catharanthus roseus	scplantdb_SRP335448	SRX12004740	Leaf	Mesophyll	Mesophyll
1793	Catharanthus roseus	scplantdb_SRP335448	SRX12004740	Leaf	Mesophyll	Mesophyll
1794	Catharanthus roseus	scplantdb_SRP335448	SRX12004740	Leaf	Mesophyll	Mesophyll
1795	Catharanthus roseus	scplantdb_SRP335448	SRX12004740	Leaf	Mesophyll	Mesophyll
1796	Catharanthus roseus	scplantdb_SRP335448	SRX12004740	Leaf	Vascular tissue	Vascular tissue
1797	Catharanthus roseus	scplantdb_SRP335448	SRX12004740	Leaf	Mesophyll	Mesophyll
1798	Catharanthus roseus	scplantdb_SRP335448	SRX12004740	Leaf	Leaf epidermis	Leaf epidermis
1799	Catharanthus roseus	scplantdb_SRP335448	SRX12004740	Leaf	Idioblast cell	Idioblast cell
1800	Catharanthus roseus	scplantdb_SRP335448	SRX12004740	Leaf	Idioblast cell	Idioblast cell
1801	Catharanthus roseus	scplantdb_SRP335448	SRX12004740	Leaf	Mesophyll	Mesophyll
1802	Catharanthus roseus	scplantdb_SRP335448	SRX12004740	Leaf	Leaf epidermis	Leaf epidermis
1803	Catharanthus roseus	scplantdb_SRP335448	SRX12004740	Leaf	Mesophyll	Mesophyll
1804	Catharanthus roseus	scplantdb_SRP335448	SRX12004740	Leaf	Leaf epidermis	Leaf epidermis
1805	Catharanthus roseus	scplantdb_SRP335448	SRX12004740	Leaf	Mesophyll	Mesophyll
1806	Catharanthus roseus	scplantdb_SRP335448	SRX12004740	Leaf	Leaf epidermis	Leaf epidermis
1807	Catharanthus roseus	scplantdb_SRP335448	SRX12004740	Leaf	Idioblast cell	Idioblast cell
1808	Catharanthus roseus	scplantdb_SRP335448	SRX12004740	Leaf	Mesophyll	Mesophyll
1809	Catharanthus roseus	scplantdb_SRP335448	SRX12004740	Leaf	Leaf epidermis	Leaf epidermis
1810	Catharanthus roseus	scplantdb_SRP335448	SRX12004740	Leaf	Mesophyll	Mesophyll
1811	Catharanthus roseus	scplantdb_SRP335448	SRX12004740	Leaf	Mesophyll	Mesophyll
1812	Catharanthus roseus	scplantdb_SRP335448	SRX12004740	Leaf	Idioblast cell	Idioblast cell
1813	Catharanthus roseus	scplantdb_SRP335448	SRX12004740	Leaf	Mesophyll	Mesophyll
1814	Catharanthus roseus	scplantdb_SRP335448	SRX12004740	Leaf	Mesophyll	Mesophyll
1815	Catharanthus roseus	scplantdb_SRP335448	SRX12004740	Leaf	Mesophyll	Mesophyll
1816	Catharanthus roseus	scplantdb_SRP335448	SRX12004740	Leaf	Mesophyll	Mesophyll
1817	Catharanthus roseus	scplantdb_SRP335448	SRX12004740	Leaf	Mesophyll	Mesophyll
1818	Catharanthus roseus	scplantdb_SRP335448	SRX12004740	Leaf	Idioblast cell	Idioblast cell
1819	Catharanthus roseus	scplantdb_SRP335448	SRX12004740	Leaf	Mesophyll	Mesophyll
1820	Catharanthus roseus	scplantdb_SRP335448	SRX12004740	Leaf	Mesophyll	Mesophyll
1821	Catharanthus roseus	scplantdb_SRP335448	SRX12004740	Leaf	Leaf epidermis	Leaf epidermis
1822	Catharanthus roseus	scplantdb_SRP335448	SRX12004740	Leaf	Mesophyll	Mesophyll
1823	Catharanthus roseus	scplantdb_SRP335448	SRX12004740	Leaf	Mesophyll	Mesophyll
1824	Catharanthus roseus	scplantdb_SRP335448	SRX12004740	Leaf	Idioblast cell	Idioblast cell
1825	Catharanthus roseus	scplantdb_SRP335448	SRX12004740	Leaf	Mesophyll	Mesophyll
1826	Catharanthus roseus	scplantdb_SRP335448	SRX12004740	Leaf	Mesophyll	Mesophyll
1827	Catharanthus roseus	scplantdb_SRP335448	SRX12004740	Leaf	Mesophyll	Mesophyll
1828	Catharanthus roseus	scplantdb_SRP335448	SRX12004740	Leaf	Mesophyll	Mesophyll
1829	Catharanthus roseus	scplantdb_SRP335448	SRX12004740	Leaf	Mesophyll	Mesophyll
1830	Catharanthus roseus	scplantdb_SRP335448	SRX12004740	Leaf	Leaf epidermis	Leaf epidermis
1831	Catharanthus roseus	scplantdb_SRP335448	SRX12004740	Leaf	Mesophyll	Mesophyll
1832	Catharanthus roseus	scplantdb_SRP335448	SRX12004740	Leaf	Mesophyll	Mesophyll
1833	Catharanthus roseus	scplantdb_SRP335448	SRX12004740	Leaf	Mesophyll	Mesophyll
1834	Catharanthus roseus	scplantdb_SRP335448	SRX12004740	Leaf	Mesophyll	Mesophyll
1835	Catharanthus roseus	scplantdb_SRP335448	SRX12004740	Leaf	Mesophyll	Mesophyll
1836	Catharanthus roseus	scplantdb_SRP335448	SRX12004740	Leaf	Mesophyll	Mesophyll
1837	Catharanthus roseus	scplantdb_SRP335448	SRX12004740	Leaf	Mesophyll	Mesophyll
1838	Catharanthus roseus	scplantdb_SRP335448	SRX12004740	Leaf	Mesophyll	Mesophyll
1839	Catharanthus roseus	scplantdb_SRP335448	SRX12004740	Leaf	Mesophyll	Mesophyll
1840	Catharanthus roseus	scplantdb_SRP335448	SRX12004740	Leaf	Mesophyll	Mesophyll
1841	Catharanthus roseus	scplantdb_SRP335448	SRX12004740	Leaf	Mesophyll	Mesophyll
1842	Catharanthus roseus	scplantdb_SRP335448	SRX12004740	Leaf	Mesophyll	Mesophyll
1843	Catharanthus roseus	scplantdb_SRP335448	SRX12004740	Leaf	Mesophyll	Mesophyll
1844	Catharanthus roseus	scplantdb_SRP335448	SRX12004740	Leaf	Mesophyll	Mesophyll
1845	Catharanthus roseus	scplantdb_SRP335448	SRX15488576	Leaf	Mesophyll	Mesophyll
1846	Catharanthus roseus	scplantdb_SRP335448	SRX15488576	Leaf	Leaf epidermis	Leaf epidermis
1847	Catharanthus roseus	scplantdb_SRP335448	SRX15488576	Leaf	Mesophyll	Mesophyll
1848	Catharanthus roseus	scplantdb_SRP335448	SRX15488576	Leaf	Leaf epidermis	Leaf epidermis
1849	Catharanthus roseus	scplantdb_SRP335448	SRX15488576	Leaf	Leaf epidermis	Leaf epidermis
1850	Catharanthus roseus	scplantdb_SRP335448	SRX15488576	Leaf	Idioblast cell	Idioblast cell
1851	Catharanthus roseus	scplantdb_SRP335448	SRX15488576	Leaf	Leaf epidermis	Leaf epidermis
1852	Catharanthus roseus	scplantdb_SRP335448	SRX15488576	Leaf	Leaf epidermis	Leaf epidermis
1853	Catharanthus roseus	scplantdb_SRP335448	SRX15488576	Leaf	Mesophyll	Mesophyll
1854	Catharanthus roseus	scplantdb_SRP335448	SRX15488576	Leaf	Mesophyll	Mesophyll
1855	Catharanthus roseus	scplantdb_SRP335448	SRX15488576	Leaf	Mesophyll	Mesophyll
1856	Catharanthus roseus	scplantdb_SRP335448	SRX15488576	Leaf	Mesophyll	Mesophyll
1857	Catharanthus roseus	scplantdb_SRP335448	SRX15488576	Leaf	Mesophyll	Mesophyll
1858	Catharanthus roseus	scplantdb_SRP335448	SRX15488576	Leaf	Mesophyll	Mesophyll
1859	Catharanthus roseus	scplantdb_SRP335448	SRX15488576	Leaf	Meristematic cell	Meristematic cell
1860	Catharanthus roseus	scplantdb_SRP335448	SRX15488576	Leaf	Mesophyll	Mesophyll
1861	Catharanthus roseus	scplantdb_SRP335448	SRX15488576	Leaf	Mesophyll	Mesophyll
1862	Catharanthus roseus	scplantdb_SRP335448	SRX15488576	Leaf	Idioblast cell	Idioblast cell
1863	Catharanthus roseus	scplantdb_SRP335448	SRX15488576	Leaf	Mesophyll	Mesophyll
1864	Catharanthus roseus	scplantdb_SRP335448	SRX15488576	Leaf	Meristematic cell	Meristematic cell
1865	Catharanthus roseus	scplantdb_SRP335448	SRX15488576	Leaf	Mesophyll	Mesophyll
1866	Catharanthus roseus	scplantdb_SRP335448	SRX15488576	Leaf	Mesophyll	Mesophyll
1867	Catharanthus roseus	scplantdb_SRP335448	SRX15488576	Leaf	Mesophyll	Mesophyll
1868	Catharanthus roseus	scplantdb_SRP335448	SRX15488576	Leaf	Mesophyll	Mesophyll
1869	Catharanthus roseus	scplantdb_SRP335448	SRX15488576	Leaf	Mesophyll	Mesophyll
1870	Catharanthus roseus	scplantdb_SRP335448	SRX15488576	Leaf	Mesophyll	Mesophyll
1871	Catharanthus roseus	scplantdb_SRP335448	SRX15488576	Leaf	Phloem parenchyma	Phloem parenchyma
1872	Catharanthus roseus	scplantdb_SRP335448	SRX15488576	Leaf	Mesophyll	Mesophyll
1873	Catharanthus roseus	scplantdb_SRP335448	SRX15488576	Leaf	Mesophyll	Mesophyll
1874	Catharanthus roseus	scplantdb_SRP335448	SRX15488576	Leaf	Mesophyll	Mesophyll
1875	Catharanthus roseus	scplantdb_SRP335448	SRX15488576	Leaf	Mesophyll	Mesophyll
1876	Catharanthus roseus	scplantdb_SRP335448	SRX15488576	Leaf	Mesophyll	Mesophyll
1877	Catharanthus roseus	scplantdb_SRP335448	SRX15488576	Leaf	Mesophyll	Mesophyll
1878	Catharanthus roseus	scplantdb_SRP335448	SRX15488576	Leaf	Mesophyll	Mesophyll
1879	Catharanthus roseus	scplantdb_SRP335448	SRX15488576	Leaf	Mesophyll	Mesophyll
1880	Catharanthus roseus	scplantdb_SRP335448	SRX15488576	Leaf	Mesophyll	Mesophyll
1881	Catharanthus roseus	scplantdb_SRP335448	SRX15488576	Leaf	Leaf epidermis	Leaf epidermis
1882	Catharanthus roseus	scplantdb_SRP335448	SRX15488576	Leaf	Mesophyll	Mesophyll
1883	Catharanthus roseus	scplantdb_SRP335448	SRX15488576	Leaf	Mesophyll	Mesophyll
1884	Catharanthus roseus	scplantdb_SRP335448	SRX15488576	Leaf	Mesophyll	Mesophyll
1885	Catharanthus roseus	scplantdb_SRP335448	SRX15488576	Leaf	Leaf epidermis	Leaf epidermis
1886	Catharanthus roseus	scplantdb_SRP335448	SRX15488576	Leaf	Mesophyll	Mesophyll
1887	Catharanthus roseus	scplantdb_SRP335448	SRX15488576	Leaf	Mesophyll	Mesophyll
1888	Catharanthus roseus	scplantdb_SRP335448	SRX15488576	Leaf	Mesophyll	Mesophyll
1889	Catharanthus roseus	scplantdb_SRP335448	SRX15488576	Leaf	Mesophyll	Mesophyll
1890	Catharanthus roseus	scplantdb_SRP335448	SRX15488576	Leaf	Mesophyll	Mesophyll
1891	Catharanthus roseus	scplantdb_SRP335448	SRX15488576	Leaf	Mesophyll	Mesophyll
1892	Catharanthus roseus	scplantdb_SRP335448	SRX15488576	Leaf	Vascular tissue	Vascular tissue
1893	Catharanthus roseus	scplantdb_SRP335448	SRX15488576	Leaf	Mesophyll	Mesophyll
1894	Catharanthus roseus	scplantdb_SRP335448	SRX15488576	Leaf	Vascular tissue	Vascular tissue
1895	Catharanthus roseus	scplantdb_SRP335448	SRX15488576	Leaf	Mesophyll	Mesophyll
1896	Catharanthus roseus	scplantdb_SRP335448	SRX15488576	Leaf	Mesophyll	Mesophyll
1897	Catharanthus roseus	scplantdb_SRP335448	SRX15488576	Leaf	Mesophyll	Mesophyll
1898	Catharanthus roseus	scplantdb_SRP335448	SRX15488576	Leaf	Mesophyll	Mesophyll
1899	Catharanthus roseus	scplantdb_SRP335448	SRX15488576	Leaf	Mesophyll	Mesophyll
1900	Catharanthus roseus	scplantdb_SRP335448	SRX15488576	Leaf	Mesophyll	Mesophyll
1901	Catharanthus roseus	scplantdb_SRP335448	SRX15488576	Leaf	Leaf epidermis	Leaf epidermis
1902	Catharanthus roseus	scplantdb_SRP335448	SRX15488576	Leaf	Mesophyll	Mesophyll
1903	Catharanthus roseus	scplantdb_SRP335448	SRX15488576	Leaf	Mesophyll	Mesophyll
1904	Catharanthus roseus	scplantdb_SRP335448	SRX15488576	Leaf	Mesophyll	Mesophyll
1905	Catharanthus roseus	scplantdb_SRP335448	SRX15488576	Leaf	Idioblast cell	Idioblast cell
1906	Catharanthus roseus	scplantdb_SRP335448	SRX15488576	Leaf	Mesophyll	Mesophyll
1907	Catharanthus roseus	scplantdb_SRP335448	SRX15488576	Leaf	Meristematic cell	Meristematic cell
1908	Catharanthus roseus	scplantdb_SRP335448	SRX15488576	Leaf	Leaf epidermis	Leaf epidermis
1909	Catharanthus roseus	scplantdb_SRP335448	SRX15488576	Leaf	Mesophyll	Mesophyll
1910	Catharanthus roseus	scplantdb_SRP335448	SRX15488576	Leaf	Mesophyll	Mesophyll
1911	Catharanthus roseus	scplantdb_SRP335448	SRX15488576	Leaf	Mesophyll	Mesophyll
1912	Catharanthus roseus	scplantdb_SRP335448	SRX15488576	Leaf	Mesophyll	Mesophyll
1913	Catharanthus roseus	scplantdb_SRP335448	SRX15488576	Leaf	Mesophyll	Mesophyll
1914	Catharanthus roseus	scplantdb_SRP335448	SRX15488576	Leaf	Mesophyll	Mesophyll
1915	Catharanthus roseus	scplantdb_SRP335448	SRX15488576	Leaf	Mesophyll	Mesophyll
1916	Catharanthus roseus	scplantdb_SRP335448	SRX15488576	Leaf	Phloem parenchyma	Phloem parenchyma
1917	Catharanthus roseus	scplantdb_SRP335448	SRX15488576	Leaf	Mesophyll	Mesophyll
1918	Catharanthus roseus	scplantdb_SRP335448	SRX15488576	Leaf	Mesophyll	Mesophyll
1919	Catharanthus roseus	scplantdb_SRP335448	SRX15488576	Leaf	Mesophyll	Mesophyll
1920	Catharanthus roseus	scplantdb_SRP335448	SRX15488576	Leaf	Mesophyll	Mesophyll
1921	Catharanthus roseus	scplantdb_SRP335448	SRX15488576	Leaf	Mesophyll	Mesophyll
1922	Catharanthus roseus	scplantdb_SRP335448	SRX15488576	Leaf	Meristematic cell	Meristematic cell
1923	Catharanthus roseus	scplantdb_SRP335448	SRX15488576	Leaf	Mesophyll	Mesophyll
1924	Catharanthus roseus	scplantdb_SRP335448	SRX15488576	Leaf	Mesophyll	Mesophyll
1925	Catharanthus roseus	scplantdb_SRP335448	SRX15488576	Leaf	Mesophyll	Mesophyll
1926	Catharanthus roseus	scplantdb_SRP335448	SRX15488576	Leaf	Mesophyll	Mesophyll
1927	Catharanthus roseus	scplantdb_SRP335448	SRX15488576	Leaf	Mesophyll	Mesophyll
1928	Catharanthus roseus	scplantdb_SRP335448	SRX15488576	Leaf	Mesophyll	Mesophyll
1929	Catharanthus roseus	scplantdb_SRP335448	SRX15488576	Leaf	Leaf epidermis	Leaf epidermis
1930	Catharanthus roseus	scplantdb_SRP335448	SRX15488576	Leaf	Mesophyll	Mesophyll
1931	Catharanthus roseus	scplantdb_SRP335448	SRX15488576	Leaf	Mesophyll	Mesophyll
1932	Catharanthus roseus	scplantdb_SRP335448	SRX15488576	Leaf	Meristematic cell	Meristematic cell
1933	Catharanthus roseus	scplantdb_SRP335448	SRX15488576	Leaf	Mesophyll	Mesophyll
1934	Catharanthus roseus	scplantdb_SRP335448	SRX15488576	Leaf	Mesophyll	Mesophyll
1935	Catharanthus roseus	scplantdb_SRP335448	SRX15488576	Leaf	Mesophyll	Mesophyll
1936	Catharanthus roseus	scplantdb_SRP335448	SRX15488576	Leaf	Mesophyll	Mesophyll
1937	Catharanthus roseus	scplantdb_SRP335448	SRX15488576	Leaf	Mesophyll	Mesophyll
1938	Catharanthus roseus	scplantdb_SRP335448	SRX15488576	Leaf	Mesophyll	Mesophyll
1939	Catharanthus roseus	scplantdb_SRP335448	SRX15488576	Leaf	Mesophyll	Mesophyll
1940	Catharanthus roseus	scplantdb_SRP335448	SRX15488576	Leaf	Leaf epidermis	Leaf epidermis
1941	Catharanthus roseus	scplantdb_SRP335448	SRX15488576	Leaf	Mesophyll	Mesophyll
1942	Catharanthus roseus	scplantdb_SRP335448	SRX15488576	Leaf	Unknow	Unknow
1943	Catharanthus roseus	scplantdb_SRP335448	SRX15488576	Leaf	Vascular tissue	Vascular tissue
1944	Catharanthus roseus	scplantdb_SRP335448	SRX15488576	Leaf	Vascular tissue	Vascular tissue
1945	Catharanthus roseus	scplantdb_SRP335448	SRX15488576	Leaf	Mesophyll	Mesophyll
1946	Catharanthus roseus	scplantdb_SRP335448	SRX15488576	Leaf	Mesophyll	Mesophyll
1947	Catharanthus roseus	scplantdb_SRP335448	SRX15488576	Leaf	Mesophyll	Mesophyll
1948	Catharanthus roseus	scplantdb_SRP335448	SRX15488576	Leaf	Meristematic cell	Meristematic cell
1949	Catharanthus roseus	scplantdb_SRP335448	SRX15488576	Leaf	Idioblast cell	Idioblast cell
1950	Catharanthus roseus	scplantdb_SRP335448	SRX15488576	Leaf	Leaf epidermis	Leaf epidermis
1951	Catharanthus roseus	scplantdb_SRP335448	SRX15488576	Leaf	Mesophyll	Mesophyll
1952	Catharanthus roseus	scplantdb_SRP335448	SRX15488576	Leaf	Mesophyll	Mesophyll
1953	Catharanthus roseus	scplantdb_SRP335448	SRX15488576	Leaf	Vascular tissue	Vascular tissue
1954	Catharanthus roseus	scplantdb_SRP335448	SRX15488576	Leaf	Mesophyll	Mesophyll
1955	Catharanthus roseus	scplantdb_SRP335448	SRX15488576	Leaf	Leaf epidermis	Leaf epidermis
1956	Catharanthus roseus	scplantdb_SRP335448	SRX15488576	Leaf	Mesophyll	Mesophyll
1957	Catharanthus roseus	scplantdb_SRP335448	SRX15488576	Leaf	Mesophyll	Mesophyll
1958	Catharanthus roseus	scplantdb_SRP335448	SRX15488576	Leaf	Mesophyll	Mesophyll
1959	Catharanthus roseus	scplantdb_SRP335448	SRX15488576	Leaf	Mesophyll	Mesophyll
1960	Catharanthus roseus	scplantdb_SRP335448	SRX15488576	Leaf	Mesophyll	Mesophyll
1961	Catharanthus roseus	scplantdb_SRP335448	SRX15488576	Leaf	Mesophyll	Mesophyll
1962	Catharanthus roseus	scplantdb_SRP335448	SRX15488576	Leaf	Mesophyll	Mesophyll
1963	Catharanthus roseus	scplantdb_SRP335448	SRX15488577	Leaf	Mesophyll	Mesophyll
1964	Catharanthus roseus	scplantdb_SRP335448	SRX15488577	Leaf	Idioblast cell	Idioblast cell
1965	Catharanthus roseus	scplantdb_SRP335448	SRX15488577	Leaf	Leaf epidermis	Leaf epidermis
1966	Catharanthus roseus	scplantdb_SRP335448	SRX15488577	Leaf	Mesophyll	Mesophyll
1967	Catharanthus roseus	scplantdb_SRP335448	SRX15488577	Leaf	Leaf epidermis	Leaf epidermis
1968	Catharanthus roseus	scplantdb_SRP335448	SRX15488577	Leaf	Mesophyll	Mesophyll
1969	Catharanthus roseus	scplantdb_SRP335448	SRX15488577	Leaf	Meristematic cell	Meristematic cell
1970	Catharanthus roseus	scplantdb_SRP335448	SRX15488577	Leaf	Mesophyll	Mesophyll
1971	Catharanthus roseus	scplantdb_SRP335448	SRX15488577	Leaf	Mesophyll	Mesophyll
1972	Catharanthus roseus	scplantdb_SRP335448	SRX15488577	Leaf	Mesophyll	Mesophyll
1973	Catharanthus roseus	scplantdb_SRP335448	SRX15488577	Leaf	Mesophyll	Mesophyll
1974	Catharanthus roseus	scplantdb_SRP335448	SRX15488577	Leaf	Vascular tissue	Vascular tissue
1975	Catharanthus roseus	scplantdb_SRP335448	SRX15488577	Leaf	Mesophyll	Mesophyll
1976	Catharanthus roseus	scplantdb_SRP335448	SRX15488577	Leaf	Vascular tissue	Vascular tissue
1977	Catharanthus roseus	scplantdb_SRP335448	SRX15488577	Leaf	Unknow	Unknow
1978	Catharanthus roseus	scplantdb_SRP335448	SRX15488577	Leaf	Mesophyll	Mesophyll
1979	Catharanthus roseus	scplantdb_SRP335448	SRX15488577	Leaf	Leaf epidermis	Leaf epidermis
1980	Catharanthus roseus	scplantdb_SRP335448	SRX15488577	Leaf	Idioblast cell	Idioblast cell
1981	Catharanthus roseus	scplantdb_SRP335448	SRX15488577	Leaf	Mesophyll	Mesophyll
1982	Catharanthus roseus	scplantdb_SRP335448	SRX15488577	Leaf	Leaf epidermis	Leaf epidermis
1983	Catharanthus roseus	scplantdb_SRP335448	SRX15488577	Leaf	Unknow	Unknow
1984	Catharanthus roseus	scplantdb_SRP335448	SRX15488577	Leaf	Idioblast cell	Idioblast cell
1985	Catharanthus roseus	scplantdb_SRP335448	SRX15488577	Leaf	Mesophyll	Mesophyll
1986	Catharanthus roseus	scplantdb_SRP335448	SRX15488577	Leaf	Mesophyll	Mesophyll
1987	Catharanthus roseus	scplantdb_SRP335448	SRX15488577	Leaf	Mesophyll	Mesophyll
1988	Catharanthus roseus	scplantdb_SRP335448	SRX15488577	Leaf	Mesophyll	Mesophyll
1989	Catharanthus roseus	scplantdb_SRP335448	SRX15488577	Leaf	Mesophyll	Mesophyll
1990	Catharanthus roseus	scplantdb_SRP335448	SRX15488577	Leaf	Unknow	Unknow
1991	Catharanthus roseus	scplantdb_SRP335448	SRX15488577	Leaf	Leaf epidermis	Leaf epidermis
1992	Catharanthus roseus	scplantdb_SRP335448	SRX15488577	Leaf	Meristematic cell	Meristematic cell
1993	Catharanthus roseus	scplantdb_SRP335448	SRX15488577	Leaf	Unknow	Unknow
1994	Catharanthus roseus	scplantdb_SRP335448	SRX15488577	Leaf	Mesophyll	Mesophyll
1995	Catharanthus roseus	scplantdb_SRP335448	SRX15488577	Leaf	Mesophyll	Mesophyll
1996	Catharanthus roseus	scplantdb_SRP335448	SRX15488577	Leaf	Mesophyll	Mesophyll
1997	Catharanthus roseus	scplantdb_SRP335448	SRX15488577	Leaf	Mesophyll	Mesophyll
1998	Catharanthus roseus	scplantdb_SRP335448	SRX15488577	Leaf	Mesophyll	Mesophyll
1999	Catharanthus roseus	scplantdb_SRP335448	SRX15488577	Leaf	Mesophyll	Mesophyll
2000	Catharanthus roseus	scplantdb_SRP335448	SRX15488577	Leaf	Mesophyll	Mesophyll
2001	Catharanthus roseus	scplantdb_SRP335448	SRX15488577	Leaf	Mesophyll	Mesophyll
2002	Catharanthus roseus	scplantdb_SRP335448	SRX15488577	Leaf	Leaf epidermis	Leaf epidermis
2003	Catharanthus roseus	scplantdb_SRP335448	SRX15488577	Leaf	Unknow	Unknow
2004	Catharanthus roseus	scplantdb_SRP335448	SRX15488577	Leaf	Mesophyll	Mesophyll
2005	Catharanthus roseus	scplantdb_SRP335448	SRX15488577	Leaf	Mesophyll	Mesophyll
2006	Catharanthus roseus	scplantdb_SRP335448	SRX15488577	Leaf	Unknow	Unknow
2007	Catharanthus roseus	scplantdb_SRP335448	SRX15488577	Leaf	Mesophyll	Mesophyll
2008	Catharanthus roseus	scplantdb_SRP335448	SRX15488577	Leaf	Mesophyll	Mesophyll
2009	Catharanthus roseus	scplantdb_SRP335448	SRX15488577	Leaf	Unknow	Unknow
2010	Catharanthus roseus	scplantdb_SRP335448	SRX15488577	Leaf	Meristematic cell	Meristematic cell
2011	Catharanthus roseus	scplantdb_SRP335448	SRX15488577	Leaf	Mesophyll	Mesophyll
2012	Catharanthus roseus	scplantdb_SRP335448	SRX15488577	Leaf	Mesophyll	Mesophyll
2013	Catharanthus roseus	scplantdb_SRP335448	SRX15488577	Leaf	Mesophyll	Mesophyll
2014	Catharanthus roseus	scplantdb_SRP335448	SRX15488577	Leaf	Mesophyll	Mesophyll
2015	Catharanthus roseus	scplantdb_SRP335448	SRX15488577	Leaf	Mesophyll	Mesophyll
2016	Catharanthus roseus	scplantdb_SRP335448	SRX15488577	Leaf	Mesophyll	Mesophyll
2017	Catharanthus roseus	scplantdb_SRP335448	SRX15488577	Leaf	Mesophyll	Mesophyll
2018	Catharanthus roseus	scplantdb_SRP335448	SRX15488577	Leaf	Mesophyll	Mesophyll
2019	Catharanthus roseus	scplantdb_SRP335448	SRX15488577	Leaf	Unknow	Unknow
2020	Catharanthus roseus	scplantdb_SRP335448	SRX15488577	Leaf	Mesophyll	Mesophyll
2021	Catharanthus roseus	scplantdb_SRP335448	SRX15488577	Leaf	Mesophyll	Mesophyll
2022	Catharanthus roseus	scplantdb_SRP335448	SRX15488577	Leaf	Phloem parenchyma	Phloem parenchyma
2023	Catharanthus roseus	scplantdb_SRP335448	SRX15488577	Leaf	Unknow	Unknow
2024	Catharanthus roseus	scplantdb_SRP335448	SRX15488577	Leaf	Mesophyll	Mesophyll
2025	Catharanthus roseus	scplantdb_SRP335448	SRX15488577	Leaf	Mesophyll	Mesophyll
2026	Catharanthus roseus	scplantdb_SRP335448	SRX15488577	Leaf	Idioblast cell	Idioblast cell
2027	Catharanthus roseus	scplantdb_SRP335448	SRX15488577	Leaf	Mesophyll	Mesophyll
2028	Catharanthus roseus	scplantdb_SRP335448	SRX15488577	Leaf	Leaf epidermis	Leaf epidermis
2029	Catharanthus roseus	scplantdb_SRP335448	SRX15488577	Leaf	Mesophyll	Mesophyll
2030	Catharanthus roseus	scplantdb_SRP335448	SRX15488577	Leaf	Mesophyll	Mesophyll
2031	Catharanthus roseus	scplantdb_SRP335448	SRX15488577	Leaf	Unknow	Unknow
2032	Catharanthus roseus	scplantdb_SRP335448	SRX15488577	Leaf	Mesophyll	Mesophyll
2033	Catharanthus roseus	scplantdb_SRP335448	SRX15488577	Leaf	Mesophyll	Mesophyll
2034	Catharanthus roseus	scplantdb_SRP335448	SRX15488577	Leaf	Mesophyll	Mesophyll
2035	Catharanthus roseus	scplantdb_SRP335448	SRX15488577	Leaf	Unknow	Unknow
2036	Catharanthus roseus	scplantdb_SRP335448	SRX15488577	Leaf	Leaf epidermis	Leaf epidermis
2037	Catharanthus roseus	scplantdb_SRP335448	SRX15488577	Leaf	Mesophyll	Mesophyll
2038	Catharanthus roseus	scplantdb_SRP335448	SRX15488577	Leaf	Mesophyll	Mesophyll
2039	Catharanthus roseus	scplantdb_SRP335448	SRX15488577	Leaf	Mesophyll	Mesophyll
2040	Catharanthus roseus	scplantdb_SRP335448	SRX15488577	Leaf	Mesophyll	Mesophyll
2041	Catharanthus roseus	scplantdb_SRP335448	SRX15488577	Leaf	Mesophyll	Mesophyll
2042	Catharanthus roseus	scplantdb_SRP335448	SRX15488577	Leaf	Vascular tissue	Vascular tissue
2043	Catharanthus roseus	scplantdb_SRP335448	SRX15488577	Leaf	Idioblast cell	Idioblast cell
2044	Catharanthus roseus	scplantdb_SRP335448	SRX15488577	Leaf	Unknow	Unknow
2045	Catharanthus roseus	scplantdb_SRP335448	SRX15488577	Leaf	Mesophyll	Mesophyll
2046	Catharanthus roseus	scplantdb_SRP335448	SRX15488577	Leaf	Leaf epidermis	Leaf epidermis
2047	Catharanthus roseus	scplantdb_SRP335448	SRX15488577	Leaf	Mesophyll	Mesophyll
2048	Gossypium bickii	scplantdb_SRP424189	SRX19292258	Cotyledon	Mesophyll	Mesophyll
2049	Gossypium bickii	scplantdb_SRP424189	SRX19292258	Cotyledon	Mesophyll	Mesophyll
2050	Gossypium bickii	scplantdb_SRP424189	SRX19292258	Cotyledon	Procambium	Procambium
2051	Gossypium bickii	scplantdb_SRP424189	SRX19292258	Cotyledon	Mesophyll	Mesophyll
2052	Gossypium bickii	scplantdb_SRP424189	SRX19292258	Cotyledon	Mesophyll	Mesophyll
2053	Gossypium bickii	scplantdb_SRP424189	SRX19292258	Cotyledon	Mesophyll	Mesophyll
2054	Gossypium bickii	scplantdb_SRP424189	SRX19292258	Cotyledon	Mesophyll	Mesophyll
2055	Gossypium bickii	scplantdb_SRP424189	SRX19292258	Cotyledon	Mesophyll	Mesophyll
2056	Gossypium bickii	scplantdb_SRP424189	SRX19292258	Cotyledon	Leaf epidermis	Leaf epidermis
2057	Gossypium bickii	scplantdb_SRP424189	SRX19292258	Cotyledon	Leaf epidermis	Leaf epidermis
2058	Gossypium bickii	scplantdb_SRP424189	SRX19292258	Cotyledon	Mesophyll	Mesophyll
2059	Gossypium bickii	scplantdb_SRP424189	SRX19292258	Cotyledon	Procambium	Procambium
2060	Gossypium bickii	scplantdb_SRP424189	SRX19292258	Cotyledon	Phloem parenchyma	Phloem parenchyma
2061	Gossypium bickii	scplantdb_SRP424189	SRX19292258	Cotyledon	Mesophyll	Mesophyll
2062	Gossypium bickii	scplantdb_SRP424189	SRX19292258	Cotyledon	Mesophyll	Mesophyll
2063	Gossypium bickii	scplantdb_SRP424189	SRX19292258	Cotyledon	Mesophyll	Mesophyll
2064	Gossypium bickii	scplantdb_SRP424189	SRX19292258	Cotyledon	Pigment gland	Pigment gland
2065	Gossypium bickii	scplantdb_SRP424189	SRX19292258	Cotyledon	Mesophyll	Mesophyll
2066	Gossypium bickii	scplantdb_SRP424189	SRX19292258	Cotyledon	Leaf epidermis	Leaf epidermis
2067	Gossypium bickii	scplantdb_SRP424189	SRX19292258	Cotyledon	Mesophyll	Mesophyll
2068	Gossypium bickii	scplantdb_SRP424189	SRX19292258	Cotyledon	Mesophyll	Mesophyll
2069	Gossypium bickii	scplantdb_SRP424189	SRX19292258	Cotyledon	Mesophyll	Mesophyll
2070	Gossypium bickii	scplantdb_SRP424189	SRX19292258	Cotyledon	Mesophyll	Mesophyll
2071	Gossypium bickii	scplantdb_SRP424189	SRX19292258	Cotyledon	Procambium	Procambium
2072	Gossypium bickii	scplantdb_SRP424189	SRX19292258	Cotyledon	Mesophyll	Mesophyll
2073	Gossypium bickii	scplantdb_SRP424189	SRX19292258	Cotyledon	Mesophyll	Mesophyll
2074	Gossypium bickii	scplantdb_SRP424189	SRX19292258	Cotyledon	Phloem parenchyma	Phloem parenchyma
2075	Gossypium bickii	scplantdb_SRP424189	SRX19292258	Cotyledon	Leaf epidermis	Leaf epidermis
2076	Gossypium bickii	scplantdb_SRP424189	SRX19292258	Cotyledon	Mesophyll	Mesophyll
2077	Gossypium bickii	scplantdb_SRP424189	SRX19292258	Cotyledon	Mesophyll	Mesophyll
2078	Gossypium bickii	scplantdb_SRP424189	SRX19292258	Cotyledon	Leaf epidermis	Leaf epidermis
2079	Gossypium bickii	scplantdb_SRP424189	SRX19292258	Cotyledon	Mesophyll	Mesophyll
2080	Gossypium bickii	scplantdb_SRP424189	SRX19292258	Cotyledon	Xylem	Xylem
2081	Gossypium bickii	scplantdb_SRP424189	SRX19292258	Cotyledon	Leaf epidermis	Leaf epidermis
2082	Gossypium bickii	scplantdb_SRP424189	SRX19292258	Cotyledon	Mesophyll	Mesophyll
2083	Gossypium bickii	scplantdb_SRP424189	SRX19292258	Cotyledon	Mesophyll	Mesophyll
2084	Gossypium bickii	scplantdb_SRP424189	SRX19292258	Cotyledon	Mesophyll	Mesophyll
2085	Gossypium bickii	scplantdb_SRP424189	SRX19292258	Cotyledon	Mesophyll	Mesophyll
2086	Gossypium bickii	scplantdb_SRP424189	SRX19292258	Cotyledon	Phloem parenchyma	Phloem parenchyma
2087	Gossypium bickii	scplantdb_SRP424189	SRX19292258	Cotyledon	Leaf epidermis	Leaf epidermis
2088	Gossypium bickii	scplantdb_SRP424189	SRX19292258	Cotyledon	Procambium	Procambium
2089	Gossypium bickii	scplantdb_SRP424189	SRX19292258	Cotyledon	Mesophyll	Mesophyll
2090	Gossypium bickii	scplantdb_SRP424189	SRX19292258	Cotyledon	Leaf epidermis	Leaf epidermis
2091	Gossypium bickii	scplantdb_SRP424189	SRX19292258	Cotyledon	Phloem parenchyma	Phloem parenchyma
2092	Gossypium bickii	scplantdb_SRP424189	SRX19292258	Cotyledon	Pigment gland	Pigment gland
2093	Gossypium bickii	scplantdb_SRP424189	SRX19292258	Cotyledon	Leaf epidermis	Leaf epidermis
2094	Gossypium bickii	scplantdb_SRP424189	SRX19292258	Cotyledon	Leaf epidermis	Leaf epidermis
2095	Gossypium bickii	scplantdb_SRP424189	SRX19292258	Cotyledon	Mesophyll	Mesophyll
2096	Gossypium bickii	scplantdb_SRP424189	SRX19292258	Cotyledon	Leaf epidermis	Leaf epidermis
2097	Gossypium bickii	scplantdb_SRP424189	SRX19292258	Cotyledon	Mesophyll	Mesophyll
2098	Gossypium bickii	scplantdb_SRP424189	SRX19292258	Cotyledon	Leaf guard cell	Leaf guard cell
2099	Gossypium bickii	scplantdb_SRP424189	SRX19292258	Cotyledon	Companion cell	Companion cell
2100	Gossypium bickii	scplantdb_SRP424189	SRX19292258	Cotyledon	Procambium	Procambium
2101	Gossypium bickii	scplantdb_SRP424189	SRX19292258	Cotyledon	Procambium	Procambium
2102	Gossypium bickii	scplantdb_SRP424189	SRX19292258	Cotyledon	Leaf epidermis	Leaf epidermis
2103	Gossypium bickii	scplantdb_SRP424189	SRX19292258	Cotyledon	Mesophyll	Mesophyll
2104	Gossypium bickii	scplantdb_SRP424189	SRX19292258	Cotyledon	Phloem parenchyma	Phloem parenchyma
2105	Gossypium bickii	scplantdb_SRP424189	SRX19292258	Cotyledon	Companion cell	Companion cell
2106	Gossypium bickii	scplantdb_SRP424189	SRX19292258	Cotyledon	Leaf epidermis	Leaf epidermis
2107	Gossypium bickii	scplantdb_SRP424189	SRX19292258	Cotyledon	Leaf guard cell	Leaf guard cell
2108	Gossypium bickii	scplantdb_SRP424189	SRX19292258	Cotyledon	Mesophyll	Mesophyll
2109	Gossypium bickii	scplantdb_SRP424189	SRX19292258	Cotyledon	Leaf epidermis	Leaf epidermis
2110	Gossypium bickii	scplantdb_SRP424189	SRX19292258	Cotyledon	Mesophyll	Mesophyll
2111	Gossypium bickii	scplantdb_SRP424189	SRX19292258	Cotyledon	Mesophyll	Mesophyll
2112	Gossypium bickii	scplantdb_SRP424189	SRX19292258	Cotyledon	Leaf epidermis	Leaf epidermis
2113	Gossypium bickii	scplantdb_SRP424189	SRX19292258	Cotyledon	Mesophyll	Mesophyll
2114	Gossypium bickii	scplantdb_SRP424189	SRX19292258	Cotyledon	Leaf epidermis	Leaf epidermis
2115	Gossypium bickii	scplantdb_SRP424189	SRX19292258	Cotyledon	Mesophyll	Mesophyll
2116	Gossypium bickii	scplantdb_SRP424189	SRX19292258	Cotyledon	Xylem	Xylem
2117	Gossypium bickii	scplantdb_SRP424189	SRX19292258	Cotyledon	Leaf epidermis	Leaf epidermis
2118	Gossypium bickii	scplantdb_SRP424189	SRX19292258	Cotyledon	Leaf epidermis	Leaf epidermis
2119	Gossypium bickii	scplantdb_SRP424189	SRX19292258	Cotyledon	Mesophyll	Mesophyll
2120	Gossypium bickii	scplantdb_SRP424189	SRX19292258	Cotyledon	Leaf epidermis	Leaf epidermis
2121	Gossypium bickii	scplantdb_SRP424189	SRX19292258	Cotyledon	Mesophyll	Mesophyll
2122	Gossypium bickii	scplantdb_SRP424189	SRX19292258	Cotyledon	Mesophyll	Mesophyll
2123	Gossypium bickii	scplantdb_SRP424189	SRX19292258	Cotyledon	Mesophyll	Mesophyll
2124	Gossypium bickii	scplantdb_SRP424189	SRX19292258	Cotyledon	Procambium	Procambium
2125	Gossypium bickii	scplantdb_SRP424189	SRX19292258	Cotyledon	Mesophyll	Mesophyll
2126	Gossypium bickii	scplantdb_SRP424189	SRX19292258	Cotyledon	Mesophyll	Mesophyll
2127	Gossypium bickii	scplantdb_SRP424189	SRX19292258	Cotyledon	Mesophyll	Mesophyll
2128	Gossypium bickii	scplantdb_SRP424189	SRX19292258	Cotyledon	Xylem	Xylem
2129	Gossypium bickii	scplantdb_SRP424189	SRX19292258	Cotyledon	Phloem parenchyma	Phloem parenchyma
2130	Gossypium bickii	scplantdb_SRP424189	SRX19292258	Cotyledon	Companion cell	Companion cell
2131	Gossypium bickii	scplantdb_SRP424189	SRX19292258	Cotyledon	Mesophyll	Mesophyll
2132	Gossypium bickii	scplantdb_SRP424189	SRX19292258	Cotyledon	Procambium	Procambium
2133	Gossypium bickii	scplantdb_SRP424189	SRX19292258	Cotyledon	Mesophyll	Mesophyll
2134	Gossypium bickii	scplantdb_SRP424189	SRX19292258	Cotyledon	Phloem parenchyma	Phloem parenchyma
2135	Gossypium bickii	scplantdb_SRP424189	SRX19292258	Cotyledon	Leaf epidermis	Leaf epidermis
2136	Gossypium bickii	scplantdb_SRP424189	SRX19292258	Cotyledon	Leaf epidermis	Leaf epidermis
2137	Gossypium bickii	scplantdb_SRP424189	SRX19292258	Cotyledon	Leaf epidermis	Leaf epidermis
2138	Gossypium bickii	scplantdb_SRP424189	SRX19292258	Cotyledon	Mesophyll	Mesophyll
2139	Gossypium bickii	scplantdb_SRP424189	SRX19292258	Cotyledon	Mesophyll	Mesophyll
2140	Gossypium bickii	scplantdb_SRP424189	SRX19292258	Cotyledon	Procambium	Procambium
2141	Gossypium bickii	scplantdb_SRP424189	SRX19292258	Cotyledon	Companion cell	Companion cell
2142	Gossypium bickii	scplantdb_SRP424189	SRX19292258	Cotyledon	Phloem parenchyma	Phloem parenchyma
2143	Gossypium bickii	scplantdb_SRP424189	SRX19292258	Cotyledon	Leaf epidermis	Leaf epidermis
2144	Gossypium bickii	scplantdb_SRP424189	SRX19292258	Cotyledon	Mesophyll	Mesophyll
2145	Gossypium bickii	scplantdb_SRP424189	SRX19292258	Cotyledon	Leaf epidermis	Leaf epidermis
2146	Gossypium bickii	scplantdb_SRP424189	SRX19292258	Cotyledon	Companion cell	Companion cell
2147	Gossypium bickii	scplantdb_SRP424189	SRX19292258	Cotyledon	Leaf epidermis	Leaf epidermis
2148	Gossypium bickii	scplantdb_SRP424189	SRX19292258	Cotyledon	Procambium	Procambium
2149	Gossypium bickii	scplantdb_SRP424189	SRX19292258	Cotyledon	Leaf epidermis	Leaf epidermis
2150	Gossypium bickii	scplantdb_SRP424189	SRX19292258	Cotyledon	Mesophyll	Mesophyll
2151	Gossypium bickii	scplantdb_SRP424189	SRX19292258	Cotyledon	Companion cell	Companion cell
2152	Gossypium bickii	scplantdb_SRP424189	SRX19292258	Cotyledon	Phloem parenchyma	Phloem parenchyma
2153	Gossypium bickii	scplantdb_SRP424189	SRX19292258	Cotyledon	Procambium	Procambium
2154	Gossypium bickii	scplantdb_SRP424189	SRX19292258	Cotyledon	Procambium	Procambium
2155	Gossypium bickii	scplantdb_SRP424189	SRX19292258	Cotyledon	Leaf guard cell	Leaf guard cell
2156	Gossypium bickii	scplantdb_SRP424189	SRX19292258	Cotyledon	Leaf epidermis	Leaf epidermis
2157	Gossypium bickii	scplantdb_SRP424189	SRX19292258	Cotyledon	Mesophyll	Mesophyll
2158	Gossypium bickii	scplantdb_SRP424189	SRX19292258	Cotyledon	Xylem	Xylem
2159	Gossypium bickii	scplantdb_SRP424189	SRX19292258	Cotyledon	Mesophyll	Mesophyll
2160	Gossypium bickii	scplantdb_SRP424189	SRX19292258	Cotyledon	Mesophyll	Mesophyll
2161	Gossypium bickii	scplantdb_SRP424189	SRX19292258	Cotyledon	Pigment gland	Pigment gland
2162	Gossypium bickii	scplantdb_SRP424189	SRX19292258	Cotyledon	Mesophyll	Mesophyll
2163	Gossypium bickii	scplantdb_SRP424189	SRX19292258	Cotyledon	Mesophyll	Mesophyll
2164	Gossypium bickii	scplantdb_SRP424189	SRX19292258	Cotyledon	Xylem	Xylem
2165	Gossypium bickii	scplantdb_SRP424189	SRX19292258	Cotyledon	Mesophyll	Mesophyll
2166	Gossypium bickii	scplantdb_SRP424189	SRX19292258	Cotyledon	Mesophyll	Mesophyll
2167	Gossypium bickii	scplantdb_SRP424189	SRX19292258	Cotyledon	Mesophyll	Mesophyll
2168	Gossypium bickii	scplantdb_SRP424189	SRX19292258	Cotyledon	Mesophyll	Mesophyll
2169	Gossypium bickii	scplantdb_SRP424189	SRX19292258	Cotyledon	Mesophyll	Mesophyll
2170	Gossypium bickii	scplantdb_SRP424189	SRX19292258	Cotyledon	Mesophyll	Mesophyll
2171	Gossypium bickii	scplantdb_SRP424189	SRX19292258	Cotyledon	Mesophyll	Mesophyll
2172	Gossypium bickii	scplantdb_SRP424189	SRX19292258	Cotyledon	Phloem parenchyma	Phloem parenchyma
2173	Gossypium bickii	scplantdb_SRP424189	SRX19292258	Cotyledon	Mesophyll	Mesophyll
2174	Gossypium bickii	scplantdb_SRP424189	SRX19292258	Cotyledon	Mesophyll	Mesophyll
2175	Gossypium bickii	scplantdb_SRP424189	SRX19292258	Cotyledon	Phloem parenchyma	Phloem parenchyma
2176	Gossypium bickii	scplantdb_SRP424189	SRX19292258	Cotyledon	Leaf epidermis	Leaf epidermis
2177	Gossypium bickii	scplantdb_SRP424189	SRX19292258	Cotyledon	Phloem parenchyma	Phloem parenchyma
2178	Gossypium bickii	scplantdb_SRP424189	SRX19292258	Cotyledon	Mesophyll	Mesophyll
2179	Gossypium bickii	scplantdb_SRP424189	SRX19292258	Cotyledon	Leaf epidermis	Leaf epidermis
2180	Gossypium bickii	scplantdb_SRP424189	SRX19292258	Cotyledon	Mesophyll	Mesophyll
2181	Gossypium bickii	scplantdb_SRP424189	SRX19292258	Cotyledon	Mesophyll	Mesophyll
2182	Gossypium bickii	scplantdb_SRP424189	SRX19292258	Cotyledon	Procambium	Procambium
2183	Gossypium bickii	scplantdb_SRP424189	SRX19292258	Cotyledon	Mesophyll	Mesophyll
2184	Gossypium bickii	scplantdb_SRP424189	SRX19292258	Cotyledon	Mesophyll	Mesophyll
2185	Gossypium bickii	scplantdb_SRP424189	SRX19292258	Cotyledon	Mesophyll	Mesophyll
2186	Gossypium bickii	scplantdb_SRP424189	SRX19292258	Cotyledon	Pigment gland	Pigment gland
2187	Gossypium bickii	scplantdb_SRP424189	SRX19292258	Cotyledon	Mesophyll	Mesophyll
2188	Gossypium bickii	scplantdb_SRP424189	SRX19292258	Cotyledon	Companion cell	Companion cell
2189	Gossypium bickii	scplantdb_SRP424189	SRX19292258	Cotyledon	Mesophyll	Mesophyll
2190	Gossypium bickii	scplantdb_SRP424189	SRX19292258	Cotyledon	Mesophyll	Mesophyll
2191	Gossypium bickii	scplantdb_SRP424189	SRX19292258	Cotyledon	Mesophyll	Mesophyll
2192	Gossypium bickii	scplantdb_SRP424189	SRX19292258	Cotyledon	Mesophyll	Mesophyll
2193	Gossypium bickii	scplantdb_SRP424189	SRX19292258	Cotyledon	Mesophyll	Mesophyll
2194	Gossypium bickii	scplantdb_SRP424189	SRX19292258	Cotyledon	Companion cell	Companion cell
2195	Gossypium bickii	scplantdb_SRP424189	SRX19292258	Cotyledon	Mesophyll	Mesophyll
2196	Gossypium bickii	scplantdb_SRP424189	SRX19292258	Cotyledon	Mesophyll	Mesophyll
2197	Gossypium bickii	scplantdb_SRP424189	SRX19292258	Cotyledon	Mesophyll	Mesophyll
2198	Gossypium bickii	scplantdb_SRP424189	SRX19292258	Cotyledon	Phloem parenchyma	Phloem parenchyma
2199	Gossypium bickii	scplantdb_SRP424189	SRX19292258	Cotyledon	Xylem	Xylem
2200	Gossypium bickii	scplantdb_SRP424189	SRX19292258	Cotyledon	Mesophyll	Mesophyll
2201	Gossypium bickii	scplantdb_SRP424189	SRX19292258	Cotyledon	Mesophyll	Mesophyll
2202	Gossypium bickii	scplantdb_SRP424189	SRX19292258	Cotyledon	Mesophyll	Mesophyll
2203	Gossypium bickii	scplantdb_SRP424189	SRX19292258	Cotyledon	Mesophyll	Mesophyll
2204	Gossypium bickii	scplantdb_SRP424189	SRX19292258	Cotyledon	Leaf epidermis	Leaf epidermis
2205	Gossypium bickii	scplantdb_SRP424189	SRX19292258	Cotyledon	Procambium	Procambium
2206	Gossypium bickii	scplantdb_SRP424189	SRX19292258	Cotyledon	Mesophyll	Mesophyll
2207	Gossypium bickii	scplantdb_SRP424189	SRX19292258	Cotyledon	Mesophyll	Mesophyll
2208	Gossypium bickii	scplantdb_SRP424189	SRX19292258	Cotyledon	Mesophyll	Mesophyll
2209	Gossypium bickii	scplantdb_SRP424189	SRX19292258	Cotyledon	Mesophyll	Mesophyll
2210	Gossypium bickii	scplantdb_SRP424189	SRX19292258	Cotyledon	Leaf epidermis	Leaf epidermis
2211	Gossypium bickii	scplantdb_SRP424189	SRX19292258	Cotyledon	Mesophyll	Mesophyll
2212	Gossypium bickii	scplantdb_SRP424189	SRX19292258	Cotyledon	Mesophyll	Mesophyll
2213	Gossypium bickii	scplantdb_SRP424189	SRX19292258	Cotyledon	Procambium	Procambium
2214	Gossypium bickii	scplantdb_SRP424189	SRX19292258	Cotyledon	Mesophyll	Mesophyll
2215	Gossypium bickii	scplantdb_SRP424189	SRX19292258	Cotyledon	Mesophyll	Mesophyll
2216	Gossypium bickii	scplantdb_SRP424189	SRX19292258	Cotyledon	Leaf epidermis	Leaf epidermis
2217	Gossypium bickii	scplantdb_SRP424189	SRX19292258	Cotyledon	Procambium	Procambium
2218	Gossypium bickii	scplantdb_SRP424189	SRX19292258	Cotyledon	Mesophyll	Mesophyll
2219	Gossypium bickii	scplantdb_SRP424189	SRX19292258	Cotyledon	Mesophyll	Mesophyll
2220	Gossypium bickii	scplantdb_SRP424189	SRX19292258	Cotyledon	Mesophyll	Mesophyll
2221	Gossypium bickii	scplantdb_SRP424189	SRX19292258	Cotyledon	Mesophyll	Mesophyll
2222	Gossypium bickii	scplantdb_SRP424189	SRX19292258	Cotyledon	Mesophyll	Mesophyll
2223	Gossypium bickii	scplantdb_SRP424189	SRX19292258	Cotyledon	Procambium	Procambium
2224	Gossypium bickii	scplantdb_SRP424189	SRX19292258	Cotyledon	Leaf epidermis	Leaf epidermis
2225	Gossypium bickii	scplantdb_SRP424189	SRX19292258	Cotyledon	Leaf epidermis	Leaf epidermis
2226	Gossypium bickii	scplantdb_SRP424189	SRX19292258	Cotyledon	Leaf epidermis	Leaf epidermis
2227	Gossypium bickii	scplantdb_SRP424189	SRX19292258	Cotyledon	Mesophyll	Mesophyll
2228	Gossypium bickii	scplantdb_SRP424189	SRX19292258	Cotyledon	Leaf epidermis	Leaf epidermis
2229	Gossypium bickii	scplantdb_SRP424189	SRX19292258	Cotyledon	Mesophyll	Mesophyll
2230	Gossypium bickii	scplantdb_SRP424189	SRX19292258	Cotyledon	Phloem parenchyma	Phloem parenchyma
2231	Gossypium bickii	scplantdb_SRP424189	SRX19292258	Cotyledon	Mesophyll	Mesophyll
2232	Gossypium bickii	scplantdb_SRP424189	SRX19292258	Cotyledon	Mesophyll	Mesophyll
2233	Gossypium bickii	scplantdb_SRP424189	SRX19292258	Cotyledon	Mesophyll	Mesophyll
2234	Gossypium bickii	scplantdb_SRP424189	SRX19292258	Cotyledon	Pigment gland	Pigment gland
2235	Gossypium bickii	scplantdb_SRP424189	SRX19292258	Cotyledon	Phloem parenchyma	Phloem parenchyma
2236	Gossypium bickii	scplantdb_SRP424189	SRX19292258	Cotyledon	Mesophyll	Mesophyll
2237	Gossypium bickii	scplantdb_SRP424189	SRX19292258	Cotyledon	Mesophyll	Mesophyll
2238	Gossypium bickii	scplantdb_SRP424189	SRX19292258	Cotyledon	Leaf epidermis	Leaf epidermis
2239	Gossypium bickii	scplantdb_SRP424189	SRX19292258	Cotyledon	Mesophyll	Mesophyll
2240	Gossypium bickii	scplantdb_SRP424189	SRX19292258	Cotyledon	Xylem	Xylem
2241	Gossypium bickii	scplantdb_SRP424189	SRX19292258	Cotyledon	Mesophyll	Mesophyll
2242	Gossypium bickii	scplantdb_SRP424189	SRX19292258	Cotyledon	Companion cell	Companion cell
2243	Gossypium bickii	scplantdb_SRP424189	SRX19292258	Cotyledon	Companion cell	Companion cell
2244	Gossypium bickii	scplantdb_SRP424189	SRX19292258	Cotyledon	Mesophyll	Mesophyll
2245	Gossypium bickii	scplantdb_SRP424189	SRX19292258	Cotyledon	Mesophyll	Mesophyll
2246	Gossypium bickii	scplantdb_SRP424189	SRX19292258	Cotyledon	Mesophyll	Mesophyll
2247	Gossypium bickii	scplantdb_SRP424189	SRX19292258	Cotyledon	Leaf epidermis	Leaf epidermis
2248	Gossypium bickii	scplantdb_SRP424189	SRX19292258	Cotyledon	Mesophyll	Mesophyll
2249	Gossypium bickii	scplantdb_SRP424189	SRX19292258	Cotyledon	Mesophyll	Mesophyll
2250	Gossypium bickii	scplantdb_SRP424189	SRX19292258	Cotyledon	Mesophyll	Mesophyll
2251	Gossypium bickii	scplantdb_SRP424189	SRX19292258	Cotyledon	Mesophyll	Mesophyll
2252	Gossypium bickii	scplantdb_SRP424189	SRX19292258	Cotyledon	Procambium	Procambium
2253	Gossypium bickii	scplantdb_SRP424189	SRX19292258	Cotyledon	Mesophyll	Mesophyll
2254	Gossypium bickii	scplantdb_SRP424189	SRX19292258	Cotyledon	Mesophyll	Mesophyll
2255	Gossypium bickii	scplantdb_SRP424189	SRX19292258	Cotyledon	Mesophyll	Mesophyll
2256	Gossypium bickii	scplantdb_SRP424189	SRX19292258	Cotyledon	Mesophyll	Mesophyll
2257	Gossypium bickii	scplantdb_SRP424189	SRX19292258	Cotyledon	Leaf epidermis	Leaf epidermis
2258	Gossypium bickii	scplantdb_SRP424189	SRX19292258	Cotyledon	Mesophyll	Mesophyll
2259	Gossypium bickii	scplantdb_SRP424189	SRX19292258	Cotyledon	Mesophyll	Mesophyll
2260	Gossypium bickii	scplantdb_SRP424189	SRX19292258	Cotyledon	Mesophyll	Mesophyll
2261	Gossypium bickii	scplantdb_SRP424189	SRX19292258	Cotyledon	Mesophyll	Mesophyll
2262	Gossypium bickii	scplantdb_SRP424189	SRX19292258	Cotyledon	Leaf epidermis	Leaf epidermis
2263	Gossypium bickii	scplantdb_SRP424189	SRX19292258	Cotyledon	Mesophyll	Mesophyll
2264	Gossypium bickii	scplantdb_SRP424189	SRX19292258	Cotyledon	Leaf epidermis	Leaf epidermis
2265	Gossypium bickii	scplantdb_SRP424189	SRX19292258	Cotyledon	Leaf epidermis	Leaf epidermis
2266	Gossypium bickii	scplantdb_SRP424189	SRX19292258	Cotyledon	Mesophyll	Mesophyll
2267	Gossypium bickii	scplantdb_SRP424189	SRX19292258	Cotyledon	Xylem	Xylem
2268	Gossypium bickii	scplantdb_SRP424189	SRX19292258	Cotyledon	Mesophyll	Mesophyll
2269	Gossypium bickii	scplantdb_SRP424189	SRX19292258	Cotyledon	Leaf guard cell	Leaf guard cell
2270	Gossypium bickii	scplantdb_SRP424189	SRX19292258	Cotyledon	Leaf epidermis	Leaf epidermis
2271	Gossypium bickii	scplantdb_SRP424189	SRX19292258	Cotyledon	Mesophyll	Mesophyll
2272	Gossypium bickii	scplantdb_SRP424189	SRX19292258	Cotyledon	Leaf epidermis	Leaf epidermis
2273	Gossypium bickii	scplantdb_SRP424189	SRX19292258	Cotyledon	Xylem	Xylem
2274	Gossypium bickii	scplantdb_SRP424189	SRX19292258	Cotyledon	Mesophyll	Mesophyll
2275	Gossypium bickii	scplantdb_SRP424189	SRX19292258	Cotyledon	Leaf epidermis	Leaf epidermis
2276	Gossypium bickii	scplantdb_SRP424189	SRX19292258	Cotyledon	Mesophyll	Mesophyll
2277	Gossypium bickii	scplantdb_SRP424189	SRX19292258	Cotyledon	Mesophyll	Mesophyll
2278	Gossypium bickii	scplantdb_SRP424189	SRX19292258	Cotyledon	Mesophyll	Mesophyll
2279	Gossypium bickii	scplantdb_SRP424189	SRX19292258	Cotyledon	Mesophyll	Mesophyll
2280	Gossypium bickii	scplantdb_SRP424189	SRX19292258	Cotyledon	Phloem parenchyma	Phloem parenchyma
2281	Gossypium bickii	scplantdb_SRP424189	SRX19292258	Cotyledon	Mesophyll	Mesophyll
2282	Gossypium bickii	scplantdb_SRP424189	SRX19292258	Cotyledon	Leaf epidermis	Leaf epidermis
2283	Gossypium bickii	scplantdb_SRP424189	SRX19292258	Cotyledon	Leaf epidermis	Leaf epidermis
2284	Gossypium bickii	scplantdb_SRP424189	SRX19292258	Cotyledon	Mesophyll	Mesophyll
2285	Gossypium bickii	scplantdb_SRP424189	SRX19292258	Cotyledon	Leaf epidermis	Leaf epidermis
2286	Gossypium bickii	scplantdb_SRP424189	SRX19292258	Cotyledon	Mesophyll	Mesophyll
2287	Gossypium bickii	scplantdb_SRP424189	SRX19292258	Cotyledon	Companion cell	Companion cell
2288	Gossypium bickii	scplantdb_SRP424189	SRX19292258	Cotyledon	Mesophyll	Mesophyll
2289	Gossypium bickii	scplantdb_SRP424189	SRX19292258	Cotyledon	Mesophyll	Mesophyll
2290	Gossypium bickii	scplantdb_SRP424189	SRX19292258	Cotyledon	Xylem	Xylem
2291	Gossypium bickii	scplantdb_SRP424189	SRX19292258	Cotyledon	Phloem parenchyma	Phloem parenchyma
2292	Gossypium bickii	scplantdb_SRP424189	SRX19292258	Cotyledon	Mesophyll	Mesophyll
2293	Gossypium bickii	scplantdb_SRP424189	SRX19292258	Cotyledon	Mesophyll	Mesophyll
2294	Gossypium bickii	scplantdb_SRP424189	SRX19292258	Cotyledon	Mesophyll	Mesophyll
2295	Gossypium bickii	scplantdb_SRP424189	SRX19292258	Cotyledon	Mesophyll	Mesophyll
2296	Gossypium bickii	scplantdb_SRP424189	SRX19292258	Cotyledon	Xylem	Xylem
2297	Gossypium bickii	scplantdb_SRP424189	SRX19292258	Cotyledon	Mesophyll	Mesophyll
2298	Gossypium bickii	scplantdb_SRP424189	SRX19292258	Cotyledon	Mesophyll	Mesophyll
2299	Gossypium bickii	scplantdb_SRP424189	SRX19292258	Cotyledon	Phloem parenchyma	Phloem parenchyma
2300	Gossypium bickii	scplantdb_SRP424189	SRX19292258	Cotyledon	Leaf epidermis	Leaf epidermis
2301	Gossypium bickii	scplantdb_SRP424189	SRX19292258	Cotyledon	Mesophyll	Mesophyll
2302	Gossypium bickii	scplantdb_SRP424189	SRX19292258	Cotyledon	Mesophyll	Mesophyll
2303	Gossypium bickii	scplantdb_SRP424189	SRX19292258	Cotyledon	Procambium	Procambium
2304	Oryza sativa	rice_root_tip_atlas	GSE146034_mtx_extracted	root_tip	unannotated_root_tip	unannotated_root_tip
2305	Oryza sativa	rice_root_tip_atlas	GSE146034_mtx_extracted	root_tip	unannotated_root_tip	unannotated_root_tip
2306	Oryza sativa	rice_root_tip_atlas	GSE146034_mtx_extracted	root_tip	unannotated_root_tip	unannotated_root_tip
2307	Oryza sativa	rice_root_tip_atlas	GSE146034_mtx_extracted	root_tip	unannotated_root_tip	unannotated_root_tip
2308	Oryza sativa	rice_root_tip_atlas	GSE146034_mtx_extracted	root_tip	unannotated_root_tip	unannotated_root_tip
2309	Oryza sativa	rice_root_tip_atlas	GSE146034_mtx_extracted	root_tip	unannotated_root_tip	unannotated_root_tip
2310	Oryza sativa	rice_root_tip_atlas	GSE146034_mtx_extracted	root_tip	unannotated_root_tip	unannotated_root_tip
2311	Oryza sativa	rice_root_tip_atlas	GSE146034_mtx_extracted	root_tip	unannotated_root_tip	unannotated_root_tip
2312	Oryza sativa	rice_root_tip_atlas	GSE146034_mtx_extracted	root_tip	unannotated_root_tip	unannotated_root_tip
2313	Oryza sativa	rice_root_tip_atlas	GSE146034_mtx_extracted	root_tip	unannotated_root_tip	unannotated_root_tip
2314	Oryza sativa	rice_root_tip_atlas	GSE146034_mtx_extracted	root_tip	unannotated_root_tip	unannotated_root_tip
2315	Oryza sativa	rice_root_tip_atlas	GSE146034_mtx_extracted	root_tip	unannotated_root_tip	unannotated_root_tip
2316	Oryza sativa	rice_root_tip_atlas	GSE146034_mtx_extracted	root_tip	unannotated_root_tip	unannotated_root_tip
2317	Oryza sativa	rice_root_tip_atlas	GSE146034_mtx_extracted	root_tip	unannotated_root_tip	unannotated_root_tip
2318	Oryza sativa	rice_root_tip_atlas	GSE146034_mtx_extracted	root_tip	unannotated_root_tip	unannotated_root_tip
2319	Oryza sativa	rice_root_tip_atlas	GSE146034_mtx_extracted	root_tip	unannotated_root_tip	unannotated_root_tip
2320	Oryza sativa	rice_root_tip_atlas	GSE146034_mtx_extracted	root_tip	unannotated_root_tip	unannotated_root_tip
2321	Oryza sativa	rice_root_tip_atlas	GSE146034_mtx_extracted	root_tip	unannotated_root_tip	unannotated_root_tip
2322	Oryza sativa	rice_root_tip_atlas	GSE146034_mtx_extracted	root_tip	unannotated_root_tip	unannotated_root_tip
2323	Oryza sativa	rice_root_tip_atlas	GSE146034_mtx_extracted	root_tip	unannotated_root_tip	unannotated_root_tip
2324	Oryza sativa	rice_root_tip_atlas	GSE146034_mtx_extracted	root_tip	unannotated_root_tip	unannotated_root_tip
2325	Oryza sativa	rice_root_tip_atlas	GSE146034_mtx_extracted	root_tip	unannotated_root_tip	unannotated_root_tip
2326	Oryza sativa	rice_root_tip_atlas	GSE146034_mtx_extracted	root_tip	unannotated_root_tip	unannotated_root_tip
2327	Oryza sativa	rice_root_tip_atlas	GSE146034_mtx_extracted	root_tip	unannotated_root_tip	unannotated_root_tip
2328	Oryza sativa	rice_root_tip_atlas	GSE146034_mtx_extracted	root_tip	unannotated_root_tip	unannotated_root_tip
2329	Oryza sativa	rice_root_tip_atlas	GSE146034_mtx_extracted	root_tip	unannotated_root_tip	unannotated_root_tip
2330	Oryza sativa	rice_root_tip_atlas	GSE146034_mtx_extracted	root_tip	unannotated_root_tip	unannotated_root_tip
2331	Oryza sativa	rice_root_tip_atlas	GSE146034_mtx_extracted	root_tip	unannotated_root_tip	unannotated_root_tip
2332	Oryza sativa	rice_root_tip_atlas	GSE146034_mtx_extracted	root_tip	unannotated_root_tip	unannotated_root_tip
2333	Oryza sativa	rice_root_tip_atlas	GSE146034_mtx_extracted	root_tip	unannotated_root_tip	unannotated_root_tip
2334	Oryza sativa	rice_root_tip_atlas	GSE146034_mtx_extracted	root_tip	unannotated_root_tip	unannotated_root_tip
2335	Oryza sativa	rice_root_tip_atlas	GSE146034_mtx_extracted	root_tip	unannotated_root_tip	unannotated_root_tip
2336	Oryza sativa	rice_root_tip_atlas	GSE146034_mtx_extracted	root_tip	unannotated_root_tip	unannotated_root_tip
2337	Oryza sativa	rice_root_tip_atlas	GSE146034_mtx_extracted	root_tip	unannotated_root_tip	unannotated_root_tip
2338	Oryza sativa	rice_root_tip_atlas	GSE146034_mtx_extracted	root_tip	unannotated_root_tip	unannotated_root_tip
2339	Oryza sativa	rice_root_tip_atlas	GSE146034_mtx_extracted	root_tip	unannotated_root_tip	unannotated_root_tip
2340	Oryza sativa	rice_root_tip_atlas	GSE146034_mtx_extracted	root_tip	unannotated_root_tip	unannotated_root_tip
2341	Oryza sativa	rice_root_tip_atlas	GSE146034_mtx_extracted	root_tip	unannotated_root_tip	unannotated_root_tip
2342	Oryza sativa	rice_root_tip_atlas	GSE146034_mtx_extracted	root_tip	unannotated_root_tip	unannotated_root_tip
2343	Oryza sativa	rice_root_tip_atlas	GSE146034_mtx_extracted	root_tip	unannotated_root_tip	unannotated_root_tip
2344	Oryza sativa	rice_root_tip_atlas	GSE146034_mtx_extracted	root_tip	unannotated_root_tip	unannotated_root_tip
2345	Oryza sativa	rice_root_tip_atlas	GSE146034_mtx_extracted	root_tip	unannotated_root_tip	unannotated_root_tip
2346	Oryza sativa	rice_root_tip_atlas	GSE146034_mtx_extracted	root_tip	unannotated_root_tip	unannotated_root_tip
2347	Oryza sativa	rice_root_tip_atlas	GSE146034_mtx_extracted	root_tip	unannotated_root_tip	unannotated_root_tip
2348	Oryza sativa	rice_root_tip_atlas	GSE146034_mtx_extracted	root_tip	unannotated_root_tip	unannotated_root_tip
2349	Oryza sativa	rice_root_tip_atlas	GSE146034_mtx_extracted	root_tip	unannotated_root_tip	unannotated_root_tip
2350	Oryza sativa	rice_root_tip_atlas	GSE146034_mtx_extracted	root_tip	unannotated_root_tip	unannotated_root_tip
2351	Oryza sativa	rice_root_tip_atlas	GSE146034_mtx_extracted	root_tip	unannotated_root_tip	unannotated_root_tip
2352	Oryza sativa	rice_root_tip_atlas	GSE146034_mtx_extracted	root_tip	unannotated_root_tip	unannotated_root_tip
2353	Oryza sativa	rice_root_tip_atlas	GSE146034_mtx_extracted	root_tip	unannotated_root_tip	unannotated_root_tip
2354	Oryza sativa	rice_root_tip_atlas	GSE146034_mtx_extracted	root_tip	unannotated_root_tip	unannotated_root_tip
2355	Oryza sativa	rice_root_tip_atlas	GSE146034_mtx_extracted	root_tip	unannotated_root_tip	unannotated_root_tip
2356	Oryza sativa	rice_root_tip_atlas	GSE146034_mtx_extracted	root_tip	unannotated_root_tip	unannotated_root_tip
2357	Oryza sativa	rice_root_tip_atlas	GSE146034_mtx_extracted	root_tip	unannotated_root_tip	unannotated_root_tip
2358	Oryza sativa	rice_root_tip_atlas	GSE146034_mtx_extracted	root_tip	unannotated_root_tip	unannotated_root_tip
2359	Oryza sativa	rice_root_tip_atlas	GSE146034_mtx_extracted	root_tip	unannotated_root_tip	unannotated_root_tip
2360	Oryza sativa	rice_root_tip_atlas	GSE146034_mtx_extracted	root_tip	unannotated_root_tip	unannotated_root_tip
2361	Oryza sativa	rice_root_tip_atlas	GSE146034_mtx_extracted	root_tip	unannotated_root_tip	unannotated_root_tip
2362	Oryza sativa	rice_root_tip_atlas	GSE146034_mtx_extracted	root_tip	unannotated_root_tip	unannotated_root_tip
2363	Oryza sativa	rice_root_tip_atlas	GSE146034_mtx_extracted	root_tip	unannotated_root_tip	unannotated_root_tip
2364	Oryza sativa	rice_root_tip_atlas	GSE146034_mtx_extracted	root_tip	unannotated_root_tip	unannotated_root_tip
2365	Oryza sativa	rice_root_tip_atlas	GSE146034_mtx_extracted	root_tip	unannotated_root_tip	unannotated_root_tip
2366	Oryza sativa	rice_root_tip_atlas	GSE146034_mtx_extracted	root_tip	unannotated_root_tip	unannotated_root_tip
2367	Oryza sativa	rice_root_tip_atlas	GSE146034_mtx_extracted	root_tip	unannotated_root_tip	unannotated_root_tip
2368	Oryza sativa	rice_root_tip_atlas	GSE146034_mtx_extracted	root_tip	unannotated_root_tip	unannotated_root_tip
2369	Oryza sativa	rice_root_tip_atlas	GSE146034_mtx_extracted	root_tip	unannotated_root_tip	unannotated_root_tip
2370	Oryza sativa	rice_root_tip_atlas	GSE146034_mtx_extracted	root_tip	unannotated_root_tip	unannotated_root_tip
2371	Oryza sativa	rice_root_tip_atlas	GSE146034_mtx_extracted	root_tip	unannotated_root_tip	unannotated_root_tip
2372	Oryza sativa	rice_root_tip_atlas	GSE146034_mtx_extracted	root_tip	unannotated_root_tip	unannotated_root_tip
2373	Oryza sativa	rice_root_tip_atlas	GSE146034_mtx_extracted	root_tip	unannotated_root_tip	unannotated_root_tip
2374	Oryza sativa	rice_root_tip_atlas	GSE146034_mtx_extracted	root_tip	unannotated_root_tip	unannotated_root_tip
2375	Oryza sativa	rice_root_tip_atlas	GSE146034_mtx_extracted	root_tip	unannotated_root_tip	unannotated_root_tip
2376	Oryza sativa	rice_root_tip_atlas	GSE146034_mtx_extracted	root_tip	unannotated_root_tip	unannotated_root_tip
2377	Oryza sativa	rice_root_tip_atlas	GSE146034_mtx_extracted	root_tip	unannotated_root_tip	unannotated_root_tip
2378	Oryza sativa	rice_root_tip_atlas	GSE146034_mtx_extracted	root_tip	unannotated_root_tip	unannotated_root_tip
2379	Oryza sativa	rice_root_tip_atlas	GSE146034_mtx_extracted	root_tip	unannotated_root_tip	unannotated_root_tip
2380	Oryza sativa	rice_root_tip_atlas	GSE146034_mtx_extracted	root_tip	unannotated_root_tip	unannotated_root_tip
2381	Oryza sativa	rice_root_tip_atlas	GSE146034_mtx_extracted	root_tip	unannotated_root_tip	unannotated_root_tip
2382	Oryza sativa	rice_root_tip_atlas	GSE146034_mtx_extracted	root_tip	unannotated_root_tip	unannotated_root_tip
2383	Oryza sativa	rice_root_tip_atlas	GSE146034_mtx_extracted	root_tip	unannotated_root_tip	unannotated_root_tip
2384	Oryza sativa	rice_root_tip_atlas	GSE146034_mtx_extracted	root_tip	unannotated_root_tip	unannotated_root_tip
2385	Oryza sativa	rice_root_tip_atlas	GSE146034_mtx_extracted	root_tip	unannotated_root_tip	unannotated_root_tip
2386	Oryza sativa	rice_root_tip_atlas	GSE146034_mtx_extracted	root_tip	unannotated_root_tip	unannotated_root_tip
2387	Oryza sativa	rice_root_tip_atlas	GSE146034_mtx_extracted	root_tip	unannotated_root_tip	unannotated_root_tip
2388	Oryza sativa	rice_root_tip_atlas	GSE146034_mtx_extracted	root_tip	unannotated_root_tip	unannotated_root_tip
2389	Oryza sativa	rice_root_tip_atlas	GSE146034_mtx_extracted	root_tip	unannotated_root_tip	unannotated_root_tip
2390	Oryza sativa	rice_root_tip_atlas	GSE146034_mtx_extracted	root_tip	unannotated_root_tip	unannotated_root_tip
2391	Oryza sativa	rice_root_tip_atlas	GSE146034_mtx_extracted	root_tip	unannotated_root_tip	unannotated_root_tip
2392	Oryza sativa	rice_root_tip_atlas	GSE146034_mtx_extracted	root_tip	unannotated_root_tip	unannotated_root_tip
2393	Oryza sativa	rice_root_tip_atlas	GSE146034_mtx_extracted	root_tip	unannotated_root_tip	unannotated_root_tip
2394	Oryza sativa	rice_root_tip_atlas	GSE146034_mtx_extracted	root_tip	unannotated_root_tip	unannotated_root_tip
2395	Oryza sativa	rice_root_tip_atlas	GSE146034_mtx_extracted	root_tip	unannotated_root_tip	unannotated_root_tip
2396	Oryza sativa	rice_root_tip_atlas	GSE146034_mtx_extracted	root_tip	unannotated_root_tip	unannotated_root_tip
2397	9311	rice_root_tip_atlas	GSM4363200_9311	unknown_tissue	unannotated_root_tip	unannotated_root_tip
2398	9311	rice_root_tip_atlas	GSM4363200_9311	unknown_tissue	unannotated_root_tip	unannotated_root_tip
2399	9311	rice_root_tip_atlas	GSM4363200_9311	unknown_tissue	unannotated_root_tip	unannotated_root_tip
2400	9311	rice_root_tip_atlas	GSM4363200_9311	unknown_tissue	unannotated_root_tip	unannotated_root_tip
2401	9311	rice_root_tip_atlas	GSM4363200_9311	unknown_tissue	unannotated_root_tip	unannotated_root_tip
2402	9311	rice_root_tip_atlas	GSM4363200_9311	unknown_tissue	unannotated_root_tip	unannotated_root_tip
2403	9311	rice_root_tip_atlas	GSM4363200_9311	unknown_tissue	unannotated_root_tip	unannotated_root_tip
2404	9311	rice_root_tip_atlas	GSM4363200_9311	unknown_tissue	unannotated_root_tip	unannotated_root_tip
2405	9311	rice_root_tip_atlas	GSM4363200_9311	unknown_tissue	unannotated_root_tip	unannotated_root_tip
2406	9311	rice_root_tip_atlas	GSM4363200_9311	unknown_tissue	unannotated_root_tip	unannotated_root_tip
2407	9311	rice_root_tip_atlas	GSM4363200_9311	unknown_tissue	unannotated_root_tip	unannotated_root_tip
2408	9311	rice_root_tip_atlas	GSM4363200_9311	unknown_tissue	unannotated_root_tip	unannotated_root_tip
2409	9311	rice_root_tip_atlas	GSM4363200_9311	unknown_tissue	unannotated_root_tip	unannotated_root_tip
2410	9311	rice_root_tip_atlas	GSM4363200_9311	unknown_tissue	unannotated_root_tip	unannotated_root_tip
2411	9311	rice_root_tip_atlas	GSM4363200_9311	unknown_tissue	unannotated_root_tip	unannotated_root_tip
2412	9311	rice_root_tip_atlas	GSM4363200_9311	unknown_tissue	unannotated_root_tip	unannotated_root_tip
2413	9311	rice_root_tip_atlas	GSM4363200_9311	unknown_tissue	unannotated_root_tip	unannotated_root_tip
2414	9311	rice_root_tip_atlas	GSM4363200_9311	unknown_tissue	unannotated_root_tip	unannotated_root_tip
2415	9311	rice_root_tip_atlas	GSM4363200_9311	unknown_tissue	unannotated_root_tip	unannotated_root_tip
2416	9311	rice_root_tip_atlas	GSM4363200_9311	unknown_tissue	unannotated_root_tip	unannotated_root_tip
2417	9311	rice_root_tip_atlas	GSM4363200_9311	unknown_tissue	unannotated_root_tip	unannotated_root_tip
2418	9311	rice_root_tip_atlas	GSM4363200_9311	unknown_tissue	unannotated_root_tip	unannotated_root_tip
2419	9311	rice_root_tip_atlas	GSM4363200_9311	unknown_tissue	unannotated_root_tip	unannotated_root_tip
2420	9311	rice_root_tip_atlas	GSM4363200_9311	unknown_tissue	unannotated_root_tip	unannotated_root_tip
2421	9311	rice_root_tip_atlas	GSM4363200_9311	unknown_tissue	unannotated_root_tip	unannotated_root_tip
2422	9311	rice_root_tip_atlas	GSM4363200_9311	unknown_tissue	unannotated_root_tip	unannotated_root_tip
2423	9311	rice_root_tip_atlas	GSM4363200_9311	unknown_tissue	unannotated_root_tip	unannotated_root_tip
2424	9311	rice_root_tip_atlas	GSM4363200_9311	unknown_tissue	unannotated_root_tip	unannotated_root_tip
2425	9311	rice_root_tip_atlas	GSM4363200_9311	unknown_tissue	unannotated_root_tip	unannotated_root_tip
2426	9311	rice_root_tip_atlas	GSM4363200_9311	unknown_tissue	unannotated_root_tip	unannotated_root_tip
2427	9311	rice_root_tip_atlas	GSM4363200_9311	unknown_tissue	unannotated_root_tip	unannotated_root_tip
2428	9311	rice_root_tip_atlas	GSM4363200_9311	unknown_tissue	unannotated_root_tip	unannotated_root_tip
2429	9311	rice_root_tip_atlas	GSM4363200_9311	unknown_tissue	unannotated_root_tip	unannotated_root_tip
2430	9311	rice_root_tip_atlas	GSM4363200_9311	unknown_tissue	unannotated_root_tip	unannotated_root_tip
2431	9311	rice_root_tip_atlas	GSM4363200_9311	unknown_tissue	unannotated_root_tip	unannotated_root_tip
2432	9311	rice_root_tip_atlas	GSM4363200_9311	unknown_tissue	unannotated_root_tip	unannotated_root_tip
2433	9311	rice_root_tip_atlas	GSM4363200_9311	unknown_tissue	unannotated_root_tip	unannotated_root_tip
2434	9311	rice_root_tip_atlas	GSM4363200_9311	unknown_tissue	unannotated_root_tip	unannotated_root_tip
2435	9311	rice_root_tip_atlas	GSM4363200_9311	unknown_tissue	unannotated_root_tip	unannotated_root_tip
2436	9311	rice_root_tip_atlas	GSM4363200_9311	unknown_tissue	unannotated_root_tip	unannotated_root_tip
2437	9311	rice_root_tip_atlas	GSM4363200_9311	unknown_tissue	unannotated_root_tip	unannotated_root_tip
2438	9311	rice_root_tip_atlas	GSM4363200_9311	unknown_tissue	unannotated_root_tip	unannotated_root_tip
2439	9311	rice_root_tip_atlas	GSM4363200_9311	unknown_tissue	unannotated_root_tip	unannotated_root_tip
2440	9311	rice_root_tip_atlas	GSM4363200_9311	unknown_tissue	unannotated_root_tip	unannotated_root_tip
2441	9311	rice_root_tip_atlas	GSM4363200_9311	unknown_tissue	unannotated_root_tip	unannotated_root_tip
2442	9311	rice_root_tip_atlas	GSM4363200_9311	unknown_tissue	unannotated_root_tip	unannotated_root_tip
2443	9311	rice_root_tip_atlas	GSM4363200_9311	unknown_tissue	unannotated_root_tip	unannotated_root_tip
2444	9311	rice_root_tip_atlas	GSM4363200_9311	unknown_tissue	unannotated_root_tip	unannotated_root_tip
2445	9311	rice_root_tip_atlas	GSM4363200_9311	unknown_tissue	unannotated_root_tip	unannotated_root_tip
2446	9311	rice_root_tip_atlas	GSM4363200_9311	unknown_tissue	unannotated_root_tip	unannotated_root_tip
2447	9311	rice_root_tip_atlas	GSM4363200_9311	unknown_tissue	unannotated_root_tip	unannotated_root_tip
2448	9311	rice_root_tip_atlas	GSM4363200_9311	unknown_tissue	unannotated_root_tip	unannotated_root_tip
2449	9311	rice_root_tip_atlas	GSM4363200_9311	unknown_tissue	unannotated_root_tip	unannotated_root_tip
2450	9311	rice_root_tip_atlas	GSM4363200_9311	unknown_tissue	unannotated_root_tip	unannotated_root_tip
2451	9311	rice_root_tip_atlas	GSM4363200_9311	unknown_tissue	unannotated_root_tip	unannotated_root_tip
2452	9311	rice_root_tip_atlas	GSM4363200_9311	unknown_tissue	unannotated_root_tip	unannotated_root_tip
2453	9311	rice_root_tip_atlas	GSM4363200_9311	unknown_tissue	unannotated_root_tip	unannotated_root_tip
2454	9311	rice_root_tip_atlas	GSM4363200_9311	unknown_tissue	unannotated_root_tip	unannotated_root_tip
2455	9311	rice_root_tip_atlas	GSM4363200_9311	unknown_tissue	unannotated_root_tip	unannotated_root_tip
2456	9311	rice_root_tip_atlas	GSM4363200_9311	unknown_tissue	unannotated_root_tip	unannotated_root_tip
2457	9311	rice_root_tip_atlas	GSM4363200_9311	unknown_tissue	unannotated_root_tip	unannotated_root_tip
2458	9311	rice_root_tip_atlas	GSM4363200_9311	unknown_tissue	unannotated_root_tip	unannotated_root_tip
2459	9311	rice_root_tip_atlas	GSM4363200_9311	unknown_tissue	unannotated_root_tip	unannotated_root_tip
2460	9311	rice_root_tip_atlas	GSM4363200_9311	unknown_tissue	unannotated_root_tip	unannotated_root_tip
2461	9311	rice_root_tip_atlas	GSM4363200_9311	unknown_tissue	unannotated_root_tip	unannotated_root_tip
2462	9311	rice_root_tip_atlas	GSM4363200_9311	unknown_tissue	unannotated_root_tip	unannotated_root_tip
2463	9311	rice_root_tip_atlas	GSM4363200_9311	unknown_tissue	unannotated_root_tip	unannotated_root_tip
2464	9311	rice_root_tip_atlas	GSM4363200_9311	unknown_tissue	unannotated_root_tip	unannotated_root_tip
2465	9311	rice_root_tip_atlas	GSM4363200_9311	unknown_tissue	unannotated_root_tip	unannotated_root_tip
2466	9311	rice_root_tip_atlas	GSM4363200_9311	unknown_tissue	unannotated_root_tip	unannotated_root_tip
2467	9311	rice_root_tip_atlas	GSM4363200_9311	unknown_tissue	unannotated_root_tip	unannotated_root_tip
2468	9311	rice_root_tip_atlas	GSM4363200_9311	unknown_tissue	unannotated_root_tip	unannotated_root_tip
2469	9311	rice_root_tip_atlas	GSM4363200_9311	unknown_tissue	unannotated_root_tip	unannotated_root_tip
2470	9311	rice_root_tip_atlas	GSM4363200_9311	unknown_tissue	unannotated_root_tip	unannotated_root_tip
2471	9311	rice_root_tip_atlas	GSM4363200_9311	unknown_tissue	unannotated_root_tip	unannotated_root_tip
2472	9311	rice_root_tip_atlas	GSM4363200_9311	unknown_tissue	unannotated_root_tip	unannotated_root_tip
2473	9311	rice_root_tip_atlas	GSM4363200_9311	unknown_tissue	unannotated_root_tip	unannotated_root_tip
2474	9311	rice_root_tip_atlas	GSM4363200_9311	unknown_tissue	unannotated_root_tip	unannotated_root_tip
2475	9311	rice_root_tip_atlas	GSM4363200_9311	unknown_tissue	unannotated_root_tip	unannotated_root_tip
2476	9311	rice_root_tip_atlas	GSM4363200_9311	unknown_tissue	unannotated_root_tip	unannotated_root_tip
2477	9311	rice_root_tip_atlas	GSM4363200_9311	unknown_tissue	unannotated_root_tip	unannotated_root_tip
2478	9311	rice_root_tip_atlas	GSM4363200_9311	unknown_tissue	unannotated_root_tip	unannotated_root_tip
2479	9311	rice_root_tip_atlas	GSM4363200_9311	unknown_tissue	unannotated_root_tip	unannotated_root_tip
2480	9311	rice_root_tip_atlas	GSM4363200_9311	unknown_tissue	unannotated_root_tip	unannotated_root_tip
2481	9311	rice_root_tip_atlas	GSM4363200_9311	unknown_tissue	unannotated_root_tip	unannotated_root_tip
2482	9311	rice_root_tip_atlas	GSM4363200_9311	unknown_tissue	unannotated_root_tip	unannotated_root_tip
2483	9311	rice_root_tip_atlas	GSM4363200_9311	unknown_tissue	unannotated_root_tip	unannotated_root_tip
2484	9311	rice_root_tip_atlas	GSM4363200_9311	unknown_tissue	unannotated_root_tip	unannotated_root_tip
2485	9311	rice_root_tip_atlas	GSM4363200_9311	unknown_tissue	unannotated_root_tip	unannotated_root_tip
2486	9311	rice_root_tip_atlas	GSM4363200_9311	unknown_tissue	unannotated_root_tip	unannotated_root_tip
2487	Nip	rice_root_tip_atlas	GSM4363201_Nip	unknown_tissue	unannotated_root_tip	unannotated_root_tip
2488	Nip	rice_root_tip_atlas	GSM4363201_Nip	unknown_tissue	unannotated_root_tip	unannotated_root_tip
2489	Nip	rice_root_tip_atlas	GSM4363201_Nip	unknown_tissue	unannotated_root_tip	unannotated_root_tip
2490	Nip	rice_root_tip_atlas	GSM4363201_Nip	unknown_tissue	unannotated_root_tip	unannotated_root_tip
2491	Nip	rice_root_tip_atlas	GSM4363201_Nip	unknown_tissue	unannotated_root_tip	unannotated_root_tip
2492	Nip	rice_root_tip_atlas	GSM4363201_Nip	unknown_tissue	unannotated_root_tip	unannotated_root_tip
2493	Nip	rice_root_tip_atlas	GSM4363201_Nip	unknown_tissue	unannotated_root_tip	unannotated_root_tip
2494	Nip	rice_root_tip_atlas	GSM4363201_Nip	unknown_tissue	unannotated_root_tip	unannotated_root_tip
2495	Nip	rice_root_tip_atlas	GSM4363201_Nip	unknown_tissue	unannotated_root_tip	unannotated_root_tip
2496	Nip	rice_root_tip_atlas	GSM4363201_Nip	unknown_tissue	unannotated_root_tip	unannotated_root_tip
2497	Nip	rice_root_tip_atlas	GSM4363201_Nip	unknown_tissue	unannotated_root_tip	unannotated_root_tip
2498	Nip	rice_root_tip_atlas	GSM4363201_Nip	unknown_tissue	unannotated_root_tip	unannotated_root_tip
2499	Nip	rice_root_tip_atlas	GSM4363201_Nip	unknown_tissue	unannotated_root_tip	unannotated_root_tip
2500	Nip	rice_root_tip_atlas	GSM4363201_Nip	unknown_tissue	unannotated_root_tip	unannotated_root_tip
2501	Nip	rice_root_tip_atlas	GSM4363201_Nip	unknown_tissue	unannotated_root_tip	unannotated_root_tip
2502	Nip	rice_root_tip_atlas	GSM4363201_Nip	unknown_tissue	unannotated_root_tip	unannotated_root_tip
2503	Nip	rice_root_tip_atlas	GSM4363201_Nip	unknown_tissue	unannotated_root_tip	unannotated_root_tip
2504	Nip	rice_root_tip_atlas	GSM4363201_Nip	unknown_tissue	unannotated_root_tip	unannotated_root_tip
2505	Nip	rice_root_tip_atlas	GSM4363201_Nip	unknown_tissue	unannotated_root_tip	unannotated_root_tip
2506	Nip	rice_root_tip_atlas	GSM4363201_Nip	unknown_tissue	unannotated_root_tip	unannotated_root_tip
2507	Nip	rice_root_tip_atlas	GSM4363201_Nip	unknown_tissue	unannotated_root_tip	unannotated_root_tip
2508	Nip	rice_root_tip_atlas	GSM4363201_Nip	unknown_tissue	unannotated_root_tip	unannotated_root_tip
2509	Nip	rice_root_tip_atlas	GSM4363201_Nip	unknown_tissue	unannotated_root_tip	unannotated_root_tip
2510	Nip	rice_root_tip_atlas	GSM4363201_Nip	unknown_tissue	unannotated_root_tip	unannotated_root_tip
2511	Nip	rice_root_tip_atlas	GSM4363201_Nip	unknown_tissue	unannotated_root_tip	unannotated_root_tip
2512	Nip	rice_root_tip_atlas	GSM4363201_Nip	unknown_tissue	unannotated_root_tip	unannotated_root_tip
2513	Nip	rice_root_tip_atlas	GSM4363201_Nip	unknown_tissue	unannotated_root_tip	unannotated_root_tip
2514	Nip	rice_root_tip_atlas	GSM4363201_Nip	unknown_tissue	unannotated_root_tip	unannotated_root_tip
2515	Nip	rice_root_tip_atlas	GSM4363201_Nip	unknown_tissue	unannotated_root_tip	unannotated_root_tip
2516	Nip	rice_root_tip_atlas	GSM4363201_Nip	unknown_tissue	unannotated_root_tip	unannotated_root_tip
2517	Nip	rice_root_tip_atlas	GSM4363201_Nip	unknown_tissue	unannotated_root_tip	unannotated_root_tip
2518	Nip	rice_root_tip_atlas	GSM4363201_Nip	unknown_tissue	unannotated_root_tip	unannotated_root_tip
2519	Nip	rice_root_tip_atlas	GSM4363201_Nip	unknown_tissue	unannotated_root_tip	unannotated_root_tip
2520	Nip	rice_root_tip_atlas	GSM4363201_Nip	unknown_tissue	unannotated_root_tip	unannotated_root_tip
2521	Nip	rice_root_tip_atlas	GSM4363201_Nip	unknown_tissue	unannotated_root_tip	unannotated_root_tip
2522	Nip	rice_root_tip_atlas	GSM4363201_Nip	unknown_tissue	unannotated_root_tip	unannotated_root_tip
2523	Nip	rice_root_tip_atlas	GSM4363201_Nip	unknown_tissue	unannotated_root_tip	unannotated_root_tip
2524	Nip	rice_root_tip_atlas	GSM4363201_Nip	unknown_tissue	unannotated_root_tip	unannotated_root_tip
2525	Nip	rice_root_tip_atlas	GSM4363201_Nip	unknown_tissue	unannotated_root_tip	unannotated_root_tip
2526	Nip	rice_root_tip_atlas	GSM4363201_Nip	unknown_tissue	unannotated_root_tip	unannotated_root_tip
2527	Nip	rice_root_tip_atlas	GSM4363201_Nip	unknown_tissue	unannotated_root_tip	unannotated_root_tip
2528	Nip	rice_root_tip_atlas	GSM4363201_Nip	unknown_tissue	unannotated_root_tip	unannotated_root_tip
2529	Nip	rice_root_tip_atlas	GSM4363201_Nip	unknown_tissue	unannotated_root_tip	unannotated_root_tip
2530	Nip	rice_root_tip_atlas	GSM4363201_Nip	unknown_tissue	unannotated_root_tip	unannotated_root_tip
2531	Nip	rice_root_tip_atlas	GSM4363201_Nip	unknown_tissue	unannotated_root_tip	unannotated_root_tip
2532	Nip	rice_root_tip_atlas	GSM4363201_Nip	unknown_tissue	unannotated_root_tip	unannotated_root_tip
2533	Nip	rice_root_tip_atlas	GSM4363201_Nip	unknown_tissue	unannotated_root_tip	unannotated_root_tip
2534	Nip	rice_root_tip_atlas	GSM4363201_Nip	unknown_tissue	unannotated_root_tip	unannotated_root_tip
2535	Nip	rice_root_tip_atlas	GSM4363201_Nip	unknown_tissue	unannotated_root_tip	unannotated_root_tip
2536	Nip	rice_root_tip_atlas	GSM4363201_Nip	unknown_tissue	unannotated_root_tip	unannotated_root_tip
2537	Nip	rice_root_tip_atlas	GSM4363201_Nip	unknown_tissue	unannotated_root_tip	unannotated_root_tip
2538	Nip	rice_root_tip_atlas	GSM4363201_Nip	unknown_tissue	unannotated_root_tip	unannotated_root_tip
2539	Nip	rice_root_tip_atlas	GSM4363201_Nip	unknown_tissue	unannotated_root_tip	unannotated_root_tip
2540	Nip	rice_root_tip_atlas	GSM4363201_Nip	unknown_tissue	unannotated_root_tip	unannotated_root_tip
2541	Nip	rice_root_tip_atlas	GSM4363201_Nip	unknown_tissue	unannotated_root_tip	unannotated_root_tip
2542	Nip	rice_root_tip_atlas	GSM4363201_Nip	unknown_tissue	unannotated_root_tip	unannotated_root_tip
2543	Nip	rice_root_tip_atlas	GSM4363201_Nip	unknown_tissue	unannotated_root_tip	unannotated_root_tip
2544	Nip	rice_root_tip_atlas	GSM4363201_Nip	unknown_tissue	unannotated_root_tip	unannotated_root_tip
2545	Nip	rice_root_tip_atlas	GSM4363201_Nip	unknown_tissue	unannotated_root_tip	unannotated_root_tip
2546	Nip	rice_root_tip_atlas	GSM4363201_Nip	unknown_tissue	unannotated_root_tip	unannotated_root_tip
2547	Nip	rice_root_tip_atlas	GSM4363201_Nip	unknown_tissue	unannotated_root_tip	unannotated_root_tip
2548	Nip	rice_root_tip_atlas	GSM4363201_Nip	unknown_tissue	unannotated_root_tip	unannotated_root_tip
2549	Nip	rice_root_tip_atlas	GSM4363201_Nip	unknown_tissue	unannotated_root_tip	unannotated_root_tip
2550	Nip	rice_root_tip_atlas	GSM4363201_Nip	unknown_tissue	unannotated_root_tip	unannotated_root_tip
2551	Nip	rice_root_tip_atlas	GSM4363201_Nip	unknown_tissue	unannotated_root_tip	unannotated_root_tip
2552	Nip	rice_root_tip_atlas	GSM4363201_Nip	unknown_tissue	unannotated_root_tip	unannotated_root_tip
2553	Nip	rice_root_tip_atlas	GSM4363201_Nip	unknown_tissue	unannotated_root_tip	unannotated_root_tip
2554	Nip	rice_root_tip_atlas	GSM4363201_Nip	unknown_tissue	unannotated_root_tip	unannotated_root_tip
2555	Nip	rice_root_tip_atlas	GSM4363201_Nip	unknown_tissue	unannotated_root_tip	unannotated_root_tip
2556	Nip	rice_root_tip_atlas	GSM4363201_Nip	unknown_tissue	unannotated_root_tip	unannotated_root_tip
2557	Nip	rice_root_tip_atlas	GSM4363201_Nip	unknown_tissue	unannotated_root_tip	unannotated_root_tip
2558	Nip	rice_root_tip_atlas	GSM4363201_Nip	unknown_tissue	unannotated_root_tip	unannotated_root_tip
2559	Nip	rice_root_tip_atlas	GSM4363201_Nip	unknown_tissue	unannotated_root_tip	unannotated_root_tip
2560	Arabidopsis_thaliana	arabidopsis_root_atlas	spliced_counts_filtered	root	unannotated	unannotated
2561	Arabidopsis_thaliana	arabidopsis_root_atlas	spliced_counts_filtered	root	unannotated	unannotated
2562	Arabidopsis_thaliana	arabidopsis_root_atlas	spliced_counts_filtered	root	unannotated	unannotated
2563	Arabidopsis_thaliana	arabidopsis_root_atlas	spliced_counts_filtered	root	unannotated	unannotated
2564	Arabidopsis_thaliana	arabidopsis_root_atlas	spliced_counts_filtered	root	unannotated	unannotated
2565	Arabidopsis_thaliana	arabidopsis_root_atlas	spliced_counts_filtered	root	unannotated	unannotated
2566	Arabidopsis_thaliana	arabidopsis_root_atlas	spliced_counts_filtered	root	unannotated	unannotated
2567	Arabidopsis_thaliana	arabidopsis_root_atlas	spliced_counts_filtered	root	unannotated	unannotated
2568	Arabidopsis_thaliana	arabidopsis_root_atlas	spliced_counts_filtered	root	unannotated	unannotated
2569	Arabidopsis_thaliana	arabidopsis_root_atlas	spliced_counts_filtered	root	unannotated	unannotated
2570	Arabidopsis_thaliana	arabidopsis_root_atlas	spliced_counts_filtered	root	unannotated	unannotated
2571	Arabidopsis_thaliana	arabidopsis_root_atlas	spliced_counts_filtered	root	unannotated	unannotated
2572	Arabidopsis_thaliana	arabidopsis_root_atlas	spliced_counts_filtered	root	unannotated	unannotated
2573	Arabidopsis_thaliana	arabidopsis_root_atlas	spliced_counts_filtered	root	unannotated	unannotated
2574	Arabidopsis_thaliana	arabidopsis_root_atlas	spliced_counts_filtered	root	unannotated	unannotated
2575	Arabidopsis_thaliana	arabidopsis_root_atlas	spliced_counts_filtered	root	unannotated	unannotated
2576	Arabidopsis_thaliana	arabidopsis_root_atlas	spliced_counts_filtered	root	unannotated	unannotated
2577	Arabidopsis_thaliana	arabidopsis_root_atlas	spliced_counts_filtered	root	unannotated	unannotated
2578	Arabidopsis_thaliana	arabidopsis_root_atlas	spliced_counts_filtered	root	unannotated	unannotated
2579	Arabidopsis_thaliana	arabidopsis_root_atlas	spliced_counts_filtered	root	unannotated	unannotated
2580	Arabidopsis_thaliana	arabidopsis_root_atlas	spliced_counts_filtered	root	unannotated	unannotated
2581	Arabidopsis_thaliana	arabidopsis_root_atlas	spliced_counts_filtered	root	unannotated	unannotated
2582	Arabidopsis_thaliana	arabidopsis_root_atlas	spliced_counts_filtered	root	unannotated	unannotated
2583	Arabidopsis_thaliana	arabidopsis_root_atlas	spliced_counts_filtered	root	unannotated	unannotated
2584	Arabidopsis_thaliana	arabidopsis_root_atlas	spliced_counts_filtered	root	unannotated	unannotated
2585	Arabidopsis_thaliana	arabidopsis_root_atlas	spliced_counts_filtered	root	unannotated	unannotated
2586	Arabidopsis_thaliana	arabidopsis_root_atlas	spliced_counts_filtered	root	unannotated	unannotated
2587	Arabidopsis_thaliana	arabidopsis_root_atlas	spliced_counts_filtered	root	unannotated	unannotated
2588	Arabidopsis_thaliana	arabidopsis_root_atlas	spliced_counts_filtered	root	unannotated	unannotated
2589	Arabidopsis_thaliana	arabidopsis_root_atlas	spliced_counts_filtered	root	unannotated	unannotated
2590	Arabidopsis_thaliana	arabidopsis_root_atlas	spliced_counts_filtered	root	unannotated	unannotated
2591	Arabidopsis_thaliana	arabidopsis_root_atlas	spliced_counts_filtered	root	unannotated	unannotated
2592	Arabidopsis_thaliana	arabidopsis_root_atlas	spliced_counts_filtered	root	unannotated	unannotated
2593	Arabidopsis_thaliana	arabidopsis_root_atlas	spliced_counts_filtered	root	unannotated	unannotated
2594	Arabidopsis_thaliana	arabidopsis_root_atlas	spliced_counts_filtered	root	unannotated	unannotated
2595	Arabidopsis_thaliana	arabidopsis_root_atlas	spliced_counts_filtered	root	unannotated	unannotated
2596	Arabidopsis_thaliana	arabidopsis_root_atlas	spliced_counts_filtered	root	unannotated	unannotated
2597	Arabidopsis_thaliana	arabidopsis_root_atlas	spliced_counts_filtered	root	unannotated	unannotated
2598	Arabidopsis_thaliana	arabidopsis_root_atlas	spliced_counts_filtered	root	unannotated	unannotated
2599	Arabidopsis_thaliana	arabidopsis_root_atlas	spliced_counts_filtered	root	unannotated	unannotated
2600	Arabidopsis_thaliana	arabidopsis_root_atlas	spliced_counts_filtered	root	unannotated	unannotated
2601	Arabidopsis_thaliana	arabidopsis_root_atlas	spliced_counts_filtered	root	unannotated	unannotated
2602	Arabidopsis_thaliana	arabidopsis_root_atlas	spliced_counts_filtered	root	unannotated	unannotated
2603	Arabidopsis_thaliana	arabidopsis_root_atlas	spliced_counts_filtered	root	unannotated	unannotated
2604	Arabidopsis_thaliana	arabidopsis_root_atlas	spliced_counts_filtered	root	unannotated	unannotated
2605	Arabidopsis_thaliana	arabidopsis_root_atlas	spliced_counts_filtered	root	unannotated	unannotated
2606	Arabidopsis_thaliana	arabidopsis_root_atlas	spliced_counts_filtered	root	unannotated	unannotated
2607	Arabidopsis_thaliana	arabidopsis_root_atlas	spliced_counts_filtered	root	unannotated	unannotated
2608	Arabidopsis_thaliana	arabidopsis_root_atlas	spliced_counts_filtered	root	unannotated	unannotated
2609	Arabidopsis_thaliana	arabidopsis_root_atlas	spliced_counts_filtered	root	unannotated	unannotated
2610	Arabidopsis_thaliana	arabidopsis_root_atlas	spliced_counts_filtered	root	unannotated	unannotated
2611	Arabidopsis_thaliana	arabidopsis_root_atlas	spliced_counts_filtered	root	unannotated	unannotated
2612	Arabidopsis_thaliana	arabidopsis_root_atlas	spliced_counts_filtered	root	unannotated	unannotated
2613	Arabidopsis_thaliana	arabidopsis_root_atlas	spliced_counts_filtered	root	unannotated	unannotated
2614	Arabidopsis_thaliana	arabidopsis_root_atlas	spliced_counts_filtered	root	unannotated	unannotated
2615	Arabidopsis_thaliana	arabidopsis_root_atlas	spliced_counts_filtered	root	unannotated	unannotated
2616	Arabidopsis_thaliana	arabidopsis_root_atlas	spliced_counts_filtered	root	unannotated	unannotated
2617	Arabidopsis_thaliana	arabidopsis_root_atlas	spliced_counts_filtered	root	unannotated	unannotated
2618	Arabidopsis_thaliana	arabidopsis_root_atlas	spliced_counts_filtered	root	unannotated	unannotated
2619	Arabidopsis_thaliana	arabidopsis_root_atlas	spliced_counts_filtered	root	unannotated	unannotated
2620	Arabidopsis_thaliana	arabidopsis_root_atlas	spliced_counts_filtered	root	unannotated	unannotated
2621	Arabidopsis_thaliana	arabidopsis_root_atlas	spliced_counts_filtered	root	unannotated	unannotated
2622	Arabidopsis_thaliana	arabidopsis_root_atlas	spliced_counts_filtered	root	unannotated	unannotated
2623	Arabidopsis_thaliana	arabidopsis_root_atlas	spliced_counts_filtered	root	unannotated	unannotated
2624	Arabidopsis_thaliana	arabidopsis_root_atlas	spliced_counts_filtered	root	unannotated	unannotated
2625	Arabidopsis_thaliana	arabidopsis_root_atlas	spliced_counts_filtered	root	unannotated	unannotated
2626	Arabidopsis_thaliana	arabidopsis_root_atlas	spliced_counts_filtered	root	unannotated	unannotated
2627	Arabidopsis_thaliana	arabidopsis_root_atlas	spliced_counts_filtered	root	unannotated	unannotated
2628	Arabidopsis_thaliana	arabidopsis_root_atlas	spliced_counts_filtered	root	unannotated	unannotated
2629	Arabidopsis_thaliana	arabidopsis_root_atlas	spliced_counts_filtered	root	unannotated	unannotated
2630	Arabidopsis_thaliana	arabidopsis_root_atlas	spliced_counts_filtered	root	unannotated	unannotated
2631	Arabidopsis_thaliana	arabidopsis_root_atlas	spliced_counts_filtered	root	unannotated	unannotated
2632	Arabidopsis_thaliana	arabidopsis_root_atlas	spliced_counts_filtered	root	unannotated	unannotated
2633	Arabidopsis_thaliana	arabidopsis_root_atlas	spliced_counts_filtered	root	unannotated	unannotated
2634	Arabidopsis_thaliana	arabidopsis_root_atlas	spliced_counts_filtered	root	unannotated	unannotated
2635	Arabidopsis_thaliana	arabidopsis_root_atlas	spliced_counts_filtered	root	unannotated	unannotated
2636	Arabidopsis_thaliana	arabidopsis_root_atlas	spliced_counts_filtered	root	unannotated	unannotated
2637	Arabidopsis_thaliana	arabidopsis_root_atlas	spliced_counts_filtered	root	unannotated	unannotated
2638	Arabidopsis_thaliana	arabidopsis_root_atlas	spliced_counts_filtered	root	unannotated	unannotated
2639	Arabidopsis_thaliana	arabidopsis_root_atlas	spliced_counts_filtered	root	unannotated	unannotated
2640	Arabidopsis_thaliana	arabidopsis_root_atlas	spliced_counts_filtered	root	unannotated	unannotated
2641	Arabidopsis_thaliana	arabidopsis_root_atlas	spliced_counts_filtered	root	unannotated	unannotated
2642	Arabidopsis_thaliana	arabidopsis_root_atlas	spliced_counts_filtered	root	unannotated	unannotated
2643	Arabidopsis_thaliana	arabidopsis_root_atlas	spliced_counts_filtered	root	unannotated	unannotated
2644	Arabidopsis_thaliana	arabidopsis_root_atlas	spliced_counts_filtered	root	unannotated	unannotated
2645	Arabidopsis_thaliana	arabidopsis_root_atlas	spliced_counts_filtered	root	unannotated	unannotated
2646	Arabidopsis_thaliana	arabidopsis_root_atlas	spliced_counts_filtered	root	unannotated	unannotated
2647	Arabidopsis_thaliana	arabidopsis_root_atlas	spliced_counts_filtered	root	unannotated	unannotated
2648	Arabidopsis_thaliana	arabidopsis_root_atlas	spliced_counts_filtered	root	unannotated	unannotated
2649	Arabidopsis_thaliana	arabidopsis_root_atlas	spliced_counts_filtered	root	unannotated	unannotated
2650	Arabidopsis_thaliana	arabidopsis_root_atlas	spliced_counts_filtered	root	unannotated	unannotated
2651	Arabidopsis_thaliana	arabidopsis_root_atlas	spliced_counts_filtered	root	unannotated	unannotated
2652	Arabidopsis_thaliana	arabidopsis_root_atlas	spliced_counts_filtered	root	unannotated	unannotated
2653	Arabidopsis_thaliana	arabidopsis_root_atlas	spliced_counts_filtered	root	unannotated	unannotated
2654	Arabidopsis_thaliana	arabidopsis_root_atlas	spliced_counts_filtered	root	unannotated	unannotated
2655	Arabidopsis_thaliana	arabidopsis_root_atlas	spliced_counts_filtered	root	unannotated	unannotated
2656	Arabidopsis_thaliana	arabidopsis_root_atlas	spliced_counts_filtered	root	unannotated	unannotated
2657	Arabidopsis_thaliana	arabidopsis_root_atlas	spliced_counts_filtered	root	unannotated	unannotated
2658	Arabidopsis_thaliana	arabidopsis_root_atlas	spliced_counts_filtered	root	unannotated	unannotated
2659	Arabidopsis_thaliana	arabidopsis_root_atlas	spliced_counts_filtered	root	unannotated	unannotated
2660	Arabidopsis_thaliana	arabidopsis_root_atlas	spliced_counts_filtered	root	unannotated	unannotated
2661	Arabidopsis_thaliana	arabidopsis_root_atlas	spliced_counts_filtered	root	unannotated	unannotated
2662	Arabidopsis_thaliana	arabidopsis_root_atlas	spliced_counts_filtered	root	unannotated	unannotated
2663	Arabidopsis_thaliana	arabidopsis_root_atlas	spliced_counts_filtered	root	unannotated	unannotated
2664	Arabidopsis_thaliana	arabidopsis_root_atlas	spliced_counts_filtered	root	unannotated	unannotated
2665	Arabidopsis_thaliana	arabidopsis_root_atlas	spliced_counts_filtered	root	unannotated	unannotated
2666	Arabidopsis_thaliana	arabidopsis_root_atlas	spliced_counts_filtered	root	unannotated	unannotated
2667	Arabidopsis_thaliana	arabidopsis_root_atlas	spliced_counts_filtered	root	unannotated	unannotated
2668	Arabidopsis_thaliana	arabidopsis_root_atlas	spliced_counts_filtered	root	unannotated	unannotated
2669	Arabidopsis_thaliana	arabidopsis_root_atlas	spliced_counts_filtered	root	unannotated	unannotated
2670	Arabidopsis_thaliana	arabidopsis_root_atlas	spliced_counts_filtered	root	unannotated	unannotated
2671	Arabidopsis_thaliana	arabidopsis_root_atlas	spliced_counts_filtered	root	unannotated	unannotated
2672	Arabidopsis_thaliana	arabidopsis_root_atlas	spliced_counts_filtered	root	unannotated	unannotated
2673	Arabidopsis_thaliana	arabidopsis_root_atlas	spliced_counts_filtered	root	unannotated	unannotated
2674	Arabidopsis_thaliana	arabidopsis_root_atlas	spliced_counts_filtered	root	unannotated	unannotated
2675	Arabidopsis_thaliana	arabidopsis_root_atlas	spliced_counts_filtered	root	unannotated	unannotated
2676	Arabidopsis_thaliana	arabidopsis_root_atlas	spliced_counts_filtered	root	unannotated	unannotated
2677	Arabidopsis_thaliana	arabidopsis_root_atlas	spliced_counts_filtered	root	unannotated	unannotated
2678	Arabidopsis_thaliana	arabidopsis_root_atlas	spliced_counts_filtered	root	unannotated	unannotated
2679	Arabidopsis_thaliana	arabidopsis_root_atlas	spliced_counts_filtered	root	unannotated	unannotated
2680	Arabidopsis_thaliana	arabidopsis_root_atlas	spliced_counts_filtered	root	unannotated	unannotated
2681	Arabidopsis_thaliana	arabidopsis_root_atlas	spliced_counts_filtered	root	unannotated	unannotated
2682	Arabidopsis_thaliana	arabidopsis_root_atlas	spliced_counts_filtered	root	unannotated	unannotated
2683	Arabidopsis_thaliana	arabidopsis_root_atlas	spliced_counts_filtered	root	unannotated	unannotated
2684	Arabidopsis_thaliana	arabidopsis_root_atlas	spliced_counts_filtered	root	unannotated	unannotated
2685	Arabidopsis_thaliana	arabidopsis_root_atlas	spliced_counts_filtered	root	unannotated	unannotated
2686	Arabidopsis_thaliana	arabidopsis_root_atlas	spliced_counts_filtered	root	unannotated	unannotated
2687	Arabidopsis_thaliana	arabidopsis_root_atlas	spliced_counts_filtered	root	unannotated	unannotated
2688	Arabidopsis_thaliana	arabidopsis_root_atlas	spliced_counts_filtered	root	unannotated	unannotated
2689	Arabidopsis_thaliana	arabidopsis_root_atlas	spliced_counts_filtered	root	unannotated	unannotated
2690	Arabidopsis_thaliana	arabidopsis_root_atlas	spliced_counts_filtered	root	unannotated	unannotated
2691	Arabidopsis_thaliana	arabidopsis_root_atlas	spliced_counts_filtered	root	unannotated	unannotated
2692	Arabidopsis_thaliana	arabidopsis_root_atlas	spliced_counts_filtered	root	unannotated	unannotated
2693	Arabidopsis_thaliana	arabidopsis_root_atlas	spliced_counts_filtered	root	unannotated	unannotated
2694	Arabidopsis_thaliana	arabidopsis_root_atlas	unspliced_counts_filtered	root	unannotated	unannotated
2695	Arabidopsis_thaliana	arabidopsis_root_atlas	unspliced_counts_filtered	root	unannotated	unannotated
2696	Arabidopsis_thaliana	arabidopsis_root_atlas	unspliced_counts_filtered	root	unannotated	unannotated
2697	Arabidopsis_thaliana	arabidopsis_root_atlas	unspliced_counts_filtered	root	unannotated	unannotated
2698	Arabidopsis_thaliana	arabidopsis_root_atlas	unspliced_counts_filtered	root	unannotated	unannotated
2699	Arabidopsis_thaliana	arabidopsis_root_atlas	unspliced_counts_filtered	root	unannotated	unannotated
2700	Arabidopsis_thaliana	arabidopsis_root_atlas	unspliced_counts_filtered	root	unannotated	unannotated
2701	Arabidopsis_thaliana	arabidopsis_root_atlas	unspliced_counts_filtered	root	unannotated	unannotated
2702	Arabidopsis_thaliana	arabidopsis_root_atlas	unspliced_counts_filtered	root	unannotated	unannotated
2703	Arabidopsis_thaliana	arabidopsis_root_atlas	unspliced_counts_filtered	root	unannotated	unannotated
2704	Arabidopsis_thaliana	arabidopsis_root_atlas	unspliced_counts_filtered	root	unannotated	unannotated
2705	Arabidopsis_thaliana	arabidopsis_root_atlas	unspliced_counts_filtered	root	unannotated	unannotated
2706	Arabidopsis_thaliana	arabidopsis_root_atlas	unspliced_counts_filtered	root	unannotated	unannotated
2707	Arabidopsis_thaliana	arabidopsis_root_atlas	unspliced_counts_filtered	root	unannotated	unannotated
2708	Arabidopsis_thaliana	arabidopsis_root_atlas	unspliced_counts_filtered	root	unannotated	unannotated
2709	Arabidopsis_thaliana	arabidopsis_root_atlas	unspliced_counts_filtered	root	unannotated	unannotated
2710	Arabidopsis_thaliana	arabidopsis_root_atlas	unspliced_counts_filtered	root	unannotated	unannotated
2711	Arabidopsis_thaliana	arabidopsis_root_atlas	unspliced_counts_filtered	root	unannotated	unannotated
2712	Arabidopsis_thaliana	arabidopsis_root_atlas	unspliced_counts_filtered	root	unannotated	unannotated
2713	Arabidopsis_thaliana	arabidopsis_root_atlas	unspliced_counts_filtered	root	unannotated	unannotated
2714	Arabidopsis_thaliana	arabidopsis_root_atlas	unspliced_counts_filtered	root	unannotated	unannotated
2715	Arabidopsis_thaliana	arabidopsis_root_atlas	unspliced_counts_filtered	root	unannotated	unannotated
2716	Arabidopsis_thaliana	arabidopsis_root_atlas	unspliced_counts_filtered	root	unannotated	unannotated
2717	Arabidopsis_thaliana	arabidopsis_root_atlas	unspliced_counts_filtered	root	unannotated	unannotated
2718	Arabidopsis_thaliana	arabidopsis_root_atlas	unspliced_counts_filtered	root	unannotated	unannotated
2719	Arabidopsis_thaliana	arabidopsis_root_atlas	unspliced_counts_filtered	root	unannotated	unannotated
2720	Arabidopsis_thaliana	arabidopsis_root_atlas	unspliced_counts_filtered	root	unannotated	unannotated
2721	Arabidopsis_thaliana	arabidopsis_root_atlas	unspliced_counts_filtered	root	unannotated	unannotated
2722	Arabidopsis_thaliana	arabidopsis_root_atlas	unspliced_counts_filtered	root	unannotated	unannotated
2723	Arabidopsis_thaliana	arabidopsis_root_atlas	unspliced_counts_filtered	root	unannotated	unannotated
2724	Arabidopsis_thaliana	arabidopsis_root_atlas	unspliced_counts_filtered	root	unannotated	unannotated
2725	Arabidopsis_thaliana	arabidopsis_root_atlas	unspliced_counts_filtered	root	unannotated	unannotated
2726	Arabidopsis_thaliana	arabidopsis_root_atlas	unspliced_counts_filtered	root	unannotated	unannotated
2727	Arabidopsis_thaliana	arabidopsis_root_atlas	unspliced_counts_filtered	root	unannotated	unannotated
2728	Arabidopsis_thaliana	arabidopsis_root_atlas	unspliced_counts_filtered	root	unannotated	unannotated
2729	Arabidopsis_thaliana	arabidopsis_root_atlas	unspliced_counts_filtered	root	unannotated	unannotated
2730	Arabidopsis_thaliana	arabidopsis_root_atlas	unspliced_counts_filtered	root	unannotated	unannotated
2731	Arabidopsis_thaliana	arabidopsis_root_atlas	unspliced_counts_filtered	root	unannotated	unannotated
2732	Arabidopsis_thaliana	arabidopsis_root_atlas	unspliced_counts_filtered	root	unannotated	unannotated
2733	Arabidopsis_thaliana	arabidopsis_root_atlas	unspliced_counts_filtered	root	unannotated	unannotated
2734	Arabidopsis_thaliana	arabidopsis_root_atlas	unspliced_counts_filtered	root	unannotated	unannotated
2735	Arabidopsis_thaliana	arabidopsis_root_atlas	unspliced_counts_filtered	root	unannotated	unannotated
2736	Arabidopsis_thaliana	arabidopsis_root_atlas	unspliced_counts_filtered	root	unannotated	unannotated
2737	Arabidopsis_thaliana	arabidopsis_root_atlas	unspliced_counts_filtered	root	unannotated	unannotated
2738	Arabidopsis_thaliana	arabidopsis_root_atlas	unspliced_counts_filtered	root	unannotated	unannotated
2739	Arabidopsis_thaliana	arabidopsis_root_atlas	unspliced_counts_filtered	root	unannotated	unannotated
2740	Arabidopsis_thaliana	arabidopsis_root_atlas	unspliced_counts_filtered	root	unannotated	unannotated
2741	Arabidopsis_thaliana	arabidopsis_root_atlas	unspliced_counts_filtered	root	unannotated	unannotated
2742	Arabidopsis_thaliana	arabidopsis_root_atlas	unspliced_counts_filtered	root	unannotated	unannotated
2743	Arabidopsis_thaliana	arabidopsis_root_atlas	unspliced_counts_filtered	root	unannotated	unannotated
2744	Arabidopsis_thaliana	arabidopsis_root_atlas	unspliced_counts_filtered	root	unannotated	unannotated
2745	Arabidopsis_thaliana	arabidopsis_root_atlas	unspliced_counts_filtered	root	unannotated	unannotated
2746	Arabidopsis_thaliana	arabidopsis_root_atlas	unspliced_counts_filtered	root	unannotated	unannotated
2747	Arabidopsis_thaliana	arabidopsis_root_atlas	unspliced_counts_filtered	root	unannotated	unannotated
2748	Arabidopsis_thaliana	arabidopsis_root_atlas	unspliced_counts_filtered	root	unannotated	unannotated
2749	Arabidopsis_thaliana	arabidopsis_root_atlas	unspliced_counts_filtered	root	unannotated	unannotated
2750	Arabidopsis_thaliana	arabidopsis_root_atlas	unspliced_counts_filtered	root	unannotated	unannotated
2751	Arabidopsis_thaliana	arabidopsis_root_atlas	unspliced_counts_filtered	root	unannotated	unannotated
2752	Arabidopsis_thaliana	arabidopsis_root_atlas	unspliced_counts_filtered	root	unannotated	unannotated
2753	Arabidopsis_thaliana	arabidopsis_root_atlas	unspliced_counts_filtered	root	unannotated	unannotated
2754	Arabidopsis_thaliana	arabidopsis_root_atlas	unspliced_counts_filtered	root	unannotated	unannotated
2755	Arabidopsis_thaliana	arabidopsis_root_atlas	unspliced_counts_filtered	root	unannotated	unannotated
2756	Arabidopsis_thaliana	arabidopsis_root_atlas	unspliced_counts_filtered	root	unannotated	unannotated
2757	Arabidopsis_thaliana	arabidopsis_root_atlas	unspliced_counts_filtered	root	unannotated	unannotated
2758	Arabidopsis_thaliana	arabidopsis_root_atlas	unspliced_counts_filtered	root	unannotated	unannotated
2759	Arabidopsis_thaliana	arabidopsis_root_atlas	unspliced_counts_filtered	root	unannotated	unannotated
2760	Arabidopsis_thaliana	arabidopsis_root_atlas	unspliced_counts_filtered	root	unannotated	unannotated
2761	Arabidopsis_thaliana	arabidopsis_root_atlas	unspliced_counts_filtered	root	unannotated	unannotated
2762	Arabidopsis_thaliana	arabidopsis_root_atlas	unspliced_counts_filtered	root	unannotated	unannotated
2763	Arabidopsis_thaliana	arabidopsis_root_atlas	unspliced_counts_filtered	root	unannotated	unannotated
2764	Arabidopsis_thaliana	arabidopsis_root_atlas	unspliced_counts_filtered	root	unannotated	unannotated
2765	Arabidopsis_thaliana	arabidopsis_root_atlas	unspliced_counts_filtered	root	unannotated	unannotated
2766	Arabidopsis_thaliana	arabidopsis_root_atlas	unspliced_counts_filtered	root	unannotated	unannotated
2767	Arabidopsis_thaliana	arabidopsis_root_atlas	unspliced_counts_filtered	root	unannotated	unannotated
2768	Arabidopsis_thaliana	arabidopsis_root_atlas	unspliced_counts_filtered	root	unannotated	unannotated
2769	Arabidopsis_thaliana	arabidopsis_root_atlas	unspliced_counts_filtered	root	unannotated	unannotated
2770	Arabidopsis_thaliana	arabidopsis_root_atlas	unspliced_counts_filtered	root	unannotated	unannotated
2771	Arabidopsis_thaliana	arabidopsis_root_atlas	unspliced_counts_filtered	root	unannotated	unannotated
2772	Arabidopsis_thaliana	arabidopsis_root_atlas	unspliced_counts_filtered	root	unannotated	unannotated
2773	Arabidopsis_thaliana	arabidopsis_root_atlas	unspliced_counts_filtered	root	unannotated	unannotated
2774	Arabidopsis_thaliana	arabidopsis_root_atlas	unspliced_counts_filtered	root	unannotated	unannotated
2775	Arabidopsis_thaliana	arabidopsis_root_atlas	unspliced_counts_filtered	root	unannotated	unannotated
2776	Arabidopsis_thaliana	arabidopsis_root_atlas	unspliced_counts_filtered	root	unannotated	unannotated
2777	Arabidopsis_thaliana	arabidopsis_root_atlas	unspliced_counts_filtered	root	unannotated	unannotated
2778	Arabidopsis_thaliana	arabidopsis_root_atlas	unspliced_counts_filtered	root	unannotated	unannotated
2779	Arabidopsis_thaliana	arabidopsis_root_atlas	unspliced_counts_filtered	root	unannotated	unannotated
2780	Arabidopsis_thaliana	arabidopsis_root_atlas	unspliced_counts_filtered	root	unannotated	unannotated
2781	Arabidopsis_thaliana	arabidopsis_root_atlas	unspliced_counts_filtered	root	unannotated	unannotated
2782	Arabidopsis_thaliana	arabidopsis_root_atlas	unspliced_counts_filtered	root	unannotated	unannotated
2783	Arabidopsis_thaliana	arabidopsis_root_atlas	unspliced_counts_filtered	root	unannotated	unannotated
2784	Arabidopsis_thaliana	arabidopsis_root_atlas	unspliced_counts_filtered	root	unannotated	unannotated
2785	Arabidopsis_thaliana	arabidopsis_root_atlas	unspliced_counts_filtered	root	unannotated	unannotated
2786	Arabidopsis_thaliana	arabidopsis_root_atlas	unspliced_counts_filtered	root	unannotated	unannotated
2787	Arabidopsis_thaliana	arabidopsis_root_atlas	unspliced_counts_filtered	root	unannotated	unannotated
2788	Arabidopsis_thaliana	arabidopsis_root_atlas	unspliced_counts_filtered	root	unannotated	unannotated
2789	Arabidopsis_thaliana	arabidopsis_root_atlas	unspliced_counts_filtered	root	unannotated	unannotated
2790	Arabidopsis_thaliana	arabidopsis_root_atlas	unspliced_counts_filtered	root	unannotated	unannotated
2791	Arabidopsis_thaliana	arabidopsis_root_atlas	unspliced_counts_filtered	root	unannotated	unannotated
2792	Arabidopsis_thaliana	arabidopsis_root_atlas	unspliced_counts_filtered	root	unannotated	unannotated
2793	Arabidopsis_thaliana	arabidopsis_root_atlas	unspliced_counts_filtered	root	unannotated	unannotated
2794	Arabidopsis_thaliana	arabidopsis_root_atlas	unspliced_counts_filtered	root	unannotated	unannotated
2795	Arabidopsis_thaliana	arabidopsis_root_atlas	unspliced_counts_filtered	root	unannotated	unannotated
2796	Arabidopsis_thaliana	arabidopsis_root_atlas	unspliced_counts_filtered	root	unannotated	unannotated
2797	Arabidopsis_thaliana	arabidopsis_root_atlas	unspliced_counts_filtered	root	unannotated	unannotated
2798	Arabidopsis_thaliana	arabidopsis_root_atlas	unspliced_counts_filtered	root	unannotated	unannotated
2799	Arabidopsis_thaliana	arabidopsis_root_atlas	unspliced_counts_filtered	root	unannotated	unannotated
2800	Arabidopsis_thaliana	arabidopsis_root_atlas	unspliced_counts_filtered	root	unannotated	unannotated
2801	Arabidopsis_thaliana	arabidopsis_root_atlas	unspliced_counts_filtered	root	unannotated	unannotated
2802	Arabidopsis_thaliana	arabidopsis_root_atlas	unspliced_counts_filtered	root	unannotated	unannotated
2803	Arabidopsis_thaliana	arabidopsis_root_atlas	unspliced_counts_filtered	root	unannotated	unannotated
2804	Arabidopsis_thaliana	arabidopsis_root_atlas	unspliced_counts_filtered	root	unannotated	unannotated
2805	Arabidopsis_thaliana	arabidopsis_root_atlas	unspliced_counts_filtered	root	unannotated	unannotated
2806	Arabidopsis_thaliana	arabidopsis_root_atlas	unspliced_counts_filtered	root	unannotated	unannotated
2807	Arabidopsis_thaliana	arabidopsis_root_atlas	unspliced_counts_filtered	root	unannotated	unannotated
2808	Arabidopsis_thaliana	arabidopsis_root_atlas	unspliced_counts_filtered	root	unannotated	unannotated
2809	Arabidopsis_thaliana	arabidopsis_root_atlas	unspliced_counts_filtered	root	unannotated	unannotated
2810	Arabidopsis_thaliana	arabidopsis_root_atlas	unspliced_counts_filtered	root	unannotated	unannotated
2811	Arabidopsis_thaliana	arabidopsis_root_atlas	unspliced_counts_filtered	root	unannotated	unannotated
2812	Arabidopsis_thaliana	arabidopsis_root_atlas	unspliced_counts_filtered	root	unannotated	unannotated
2813	Arabidopsis_thaliana	arabidopsis_root_atlas	unspliced_counts_filtered	root	unannotated	unannotated
2814	Arabidopsis_thaliana	arabidopsis_root_atlas	unspliced_counts_filtered	root	unannotated	unannotated
2815	Arabidopsis_thaliana	arabidopsis_root_atlas	unspliced_counts_filtered	root	unannotated	unannotated
2816	Gossypium hirsutum	cotton_glandular_terpenoid_atlas	GSM7785431_Rep1	leaf_glandular_cells	unannotated_leaf_glandular	secretory_or_epidermal
2817	Gossypium hirsutum	cotton_glandular_terpenoid_atlas	GSM7785431_Rep1	leaf_glandular_cells	unannotated_leaf_glandular	secretory_or_epidermal
2818	Gossypium hirsutum	cotton_glandular_terpenoid_atlas	GSM7785431_Rep1	leaf_glandular_cells	unannotated_leaf_glandular	secretory_or_epidermal
2819	Gossypium hirsutum	cotton_glandular_terpenoid_atlas	GSM7785431_Rep1	leaf_glandular_cells	unannotated_leaf_glandular	secretory_or_epidermal
2820	Gossypium hirsutum	cotton_glandular_terpenoid_atlas	GSM7785431_Rep1	leaf_glandular_cells	unannotated_leaf_glandular	secretory_or_epidermal
2821	Gossypium hirsutum	cotton_glandular_terpenoid_atlas	GSM7785431_Rep1	leaf_glandular_cells	unannotated_leaf_glandular	secretory_or_epidermal
2822	Gossypium hirsutum	cotton_glandular_terpenoid_atlas	GSM7785431_Rep1	leaf_glandular_cells	unannotated_leaf_glandular	secretory_or_epidermal
2823	Gossypium hirsutum	cotton_glandular_terpenoid_atlas	GSM7785431_Rep1	leaf_glandular_cells	unannotated_leaf_glandular	secretory_or_epidermal
2824	Gossypium hirsutum	cotton_glandular_terpenoid_atlas	GSM7785431_Rep1	leaf_glandular_cells	unannotated_leaf_glandular	secretory_or_epidermal
2825	Gossypium hirsutum	cotton_glandular_terpenoid_atlas	GSM7785431_Rep1	leaf_glandular_cells	unannotated_leaf_glandular	secretory_or_epidermal
2826	Gossypium hirsutum	cotton_glandular_terpenoid_atlas	GSM7785431_Rep1	leaf_glandular_cells	unannotated_leaf_glandular	secretory_or_epidermal
2827	Gossypium hirsutum	cotton_glandular_terpenoid_atlas	GSM7785431_Rep1	leaf_glandular_cells	unannotated_leaf_glandular	secretory_or_epidermal
2828	Gossypium hirsutum	cotton_glandular_terpenoid_atlas	GSM7785431_Rep1	leaf_glandular_cells	unannotated_leaf_glandular	secretory_or_epidermal
2829	Gossypium hirsutum	cotton_glandular_terpenoid_atlas	GSM7785431_Rep1	leaf_glandular_cells	unannotated_leaf_glandular	secretory_or_epidermal
2830	Gossypium hirsutum	cotton_glandular_terpenoid_atlas	GSM7785431_Rep1	leaf_glandular_cells	unannotated_leaf_glandular	secretory_or_epidermal
2831	Gossypium hirsutum	cotton_glandular_terpenoid_atlas	GSM7785431_Rep1	leaf_glandular_cells	unannotated_leaf_glandular	secretory_or_epidermal
2832	Gossypium hirsutum	cotton_glandular_terpenoid_atlas	GSM7785431_Rep1	leaf_glandular_cells	unannotated_leaf_glandular	secretory_or_epidermal
2833	Gossypium hirsutum	cotton_glandular_terpenoid_atlas	GSM7785431_Rep1	leaf_glandular_cells	unannotated_leaf_glandular	secretory_or_epidermal
2834	Gossypium hirsutum	cotton_glandular_terpenoid_atlas	GSM7785431_Rep1	leaf_glandular_cells	unannotated_leaf_glandular	secretory_or_epidermal
2835	Gossypium hirsutum	cotton_glandular_terpenoid_atlas	GSM7785431_Rep1	leaf_glandular_cells	unannotated_leaf_glandular	secretory_or_epidermal
2836	Gossypium hirsutum	cotton_glandular_terpenoid_atlas	GSM7785431_Rep1	leaf_glandular_cells	unannotated_leaf_glandular	secretory_or_epidermal
2837	Gossypium hirsutum	cotton_glandular_terpenoid_atlas	GSM7785431_Rep1	leaf_glandular_cells	unannotated_leaf_glandular	secretory_or_epidermal
2838	Gossypium hirsutum	cotton_glandular_terpenoid_atlas	GSM7785431_Rep1	leaf_glandular_cells	unannotated_leaf_glandular	secretory_or_epidermal
2839	Gossypium hirsutum	cotton_glandular_terpenoid_atlas	GSM7785431_Rep1	leaf_glandular_cells	unannotated_leaf_glandular	secretory_or_epidermal
2840	Gossypium hirsutum	cotton_glandular_terpenoid_atlas	GSM7785431_Rep1	leaf_glandular_cells	unannotated_leaf_glandular	secretory_or_epidermal
2841	Gossypium hirsutum	cotton_glandular_terpenoid_atlas	GSM7785431_Rep1	leaf_glandular_cells	unannotated_leaf_glandular	secretory_or_epidermal
2842	Gossypium hirsutum	cotton_glandular_terpenoid_atlas	GSM7785431_Rep1	leaf_glandular_cells	unannotated_leaf_glandular	secretory_or_epidermal
2843	Gossypium hirsutum	cotton_glandular_terpenoid_atlas	GSM7785431_Rep1	leaf_glandular_cells	unannotated_leaf_glandular	secretory_or_epidermal
2844	Gossypium hirsutum	cotton_glandular_terpenoid_atlas	GSM7785431_Rep1	leaf_glandular_cells	unannotated_leaf_glandular	secretory_or_epidermal
2845	Gossypium hirsutum	cotton_glandular_terpenoid_atlas	GSM7785431_Rep1	leaf_glandular_cells	unannotated_leaf_glandular	secretory_or_epidermal
2846	Gossypium hirsutum	cotton_glandular_terpenoid_atlas	GSM7785431_Rep1	leaf_glandular_cells	unannotated_leaf_glandular	secretory_or_epidermal
2847	Gossypium hirsutum	cotton_glandular_terpenoid_atlas	GSM7785431_Rep1	leaf_glandular_cells	unannotated_leaf_glandular	secretory_or_epidermal
2848	Gossypium hirsutum	cotton_glandular_terpenoid_atlas	GSM7785431_Rep1	leaf_glandular_cells	unannotated_leaf_glandular	secretory_or_epidermal
2849	Gossypium hirsutum	cotton_glandular_terpenoid_atlas	GSM7785431_Rep1	leaf_glandular_cells	unannotated_leaf_glandular	secretory_or_epidermal
2850	Gossypium hirsutum	cotton_glandular_terpenoid_atlas	GSM7785431_Rep1	leaf_glandular_cells	unannotated_leaf_glandular	secretory_or_epidermal
2851	Gossypium hirsutum	cotton_glandular_terpenoid_atlas	GSM7785431_Rep1	leaf_glandular_cells	unannotated_leaf_glandular	secretory_or_epidermal
2852	Gossypium hirsutum	cotton_glandular_terpenoid_atlas	GSM7785431_Rep1	leaf_glandular_cells	unannotated_leaf_glandular	secretory_or_epidermal
2853	Gossypium hirsutum	cotton_glandular_terpenoid_atlas	GSM7785431_Rep1	leaf_glandular_cells	unannotated_leaf_glandular	secretory_or_epidermal
2854	Gossypium hirsutum	cotton_glandular_terpenoid_atlas	GSM7785431_Rep1	leaf_glandular_cells	unannotated_leaf_glandular	secretory_or_epidermal
2855	Gossypium hirsutum	cotton_glandular_terpenoid_atlas	GSM7785431_Rep1	leaf_glandular_cells	unannotated_leaf_glandular	secretory_or_epidermal
2856	Gossypium hirsutum	cotton_glandular_terpenoid_atlas	GSM7785431_Rep1	leaf_glandular_cells	unannotated_leaf_glandular	secretory_or_epidermal
2857	Gossypium hirsutum	cotton_glandular_terpenoid_atlas	GSM7785431_Rep1	leaf_glandular_cells	unannotated_leaf_glandular	secretory_or_epidermal
2858	Gossypium hirsutum	cotton_glandular_terpenoid_atlas	GSM7785431_Rep1	leaf_glandular_cells	unannotated_leaf_glandular	secretory_or_epidermal
2859	Gossypium hirsutum	cotton_glandular_terpenoid_atlas	GSM7785431_Rep1	leaf_glandular_cells	unannotated_leaf_glandular	secretory_or_epidermal
2860	Gossypium hirsutum	cotton_glandular_terpenoid_atlas	GSM7785431_Rep1	leaf_glandular_cells	unannotated_leaf_glandular	secretory_or_epidermal
2861	Gossypium hirsutum	cotton_glandular_terpenoid_atlas	GSM7785431_Rep1	leaf_glandular_cells	unannotated_leaf_glandular	secretory_or_epidermal
2862	Gossypium hirsutum	cotton_glandular_terpenoid_atlas	GSM7785431_Rep1	leaf_glandular_cells	unannotated_leaf_glandular	secretory_or_epidermal
2863	Gossypium hirsutum	cotton_glandular_terpenoid_atlas	GSM7785431_Rep1	leaf_glandular_cells	unannotated_leaf_glandular	secretory_or_epidermal
2864	Gossypium hirsutum	cotton_glandular_terpenoid_atlas	GSM7785431_Rep1	leaf_glandular_cells	unannotated_leaf_glandular	secretory_or_epidermal
2865	Gossypium hirsutum	cotton_glandular_terpenoid_atlas	GSM7785431_Rep1	leaf_glandular_cells	unannotated_leaf_glandular	secretory_or_epidermal
2866	Gossypium hirsutum	cotton_glandular_terpenoid_atlas	GSM7785431_Rep1	leaf_glandular_cells	unannotated_leaf_glandular	secretory_or_epidermal
2867	Gossypium hirsutum	cotton_glandular_terpenoid_atlas	GSM7785431_Rep1	leaf_glandular_cells	unannotated_leaf_glandular	secretory_or_epidermal
2868	Gossypium hirsutum	cotton_glandular_terpenoid_atlas	GSM7785431_Rep1	leaf_glandular_cells	unannotated_leaf_glandular	secretory_or_epidermal
2869	Gossypium hirsutum	cotton_glandular_terpenoid_atlas	GSM7785431_Rep1	leaf_glandular_cells	unannotated_leaf_glandular	secretory_or_epidermal
2870	Gossypium hirsutum	cotton_glandular_terpenoid_atlas	GSM7785431_Rep1	leaf_glandular_cells	unannotated_leaf_glandular	secretory_or_epidermal
2871	Gossypium hirsutum	cotton_glandular_terpenoid_atlas	GSM7785431_Rep1	leaf_glandular_cells	unannotated_leaf_glandular	secretory_or_epidermal
2872	Gossypium hirsutum	cotton_glandular_terpenoid_atlas	GSM7785431_Rep1	leaf_glandular_cells	unannotated_leaf_glandular	secretory_or_epidermal
2873	Gossypium hirsutum	cotton_glandular_terpenoid_atlas	GSM7785431_Rep1	leaf_glandular_cells	unannotated_leaf_glandular	secretory_or_epidermal
2874	Gossypium hirsutum	cotton_glandular_terpenoid_atlas	GSM7785431_Rep1	leaf_glandular_cells	unannotated_leaf_glandular	secretory_or_epidermal
2875	Gossypium hirsutum	cotton_glandular_terpenoid_atlas	GSM7785431_Rep1	leaf_glandular_cells	unannotated_leaf_glandular	secretory_or_epidermal
2876	Gossypium hirsutum	cotton_glandular_terpenoid_atlas	GSM7785431_Rep1	leaf_glandular_cells	unannotated_leaf_glandular	secretory_or_epidermal
2877	Gossypium hirsutum	cotton_glandular_terpenoid_atlas	GSM7785431_Rep1	leaf_glandular_cells	unannotated_leaf_glandular	secretory_or_epidermal
2878	Gossypium hirsutum	cotton_glandular_terpenoid_atlas	GSM7785431_Rep1	leaf_glandular_cells	unannotated_leaf_glandular	secretory_or_epidermal
2879	Gossypium hirsutum	cotton_glandular_terpenoid_atlas	GSM7785431_Rep1	leaf_glandular_cells	unannotated_leaf_glandular	secretory_or_epidermal
2880	Gossypium hirsutum	cotton_glandular_terpenoid_atlas	GSM7785431_Rep1	leaf_glandular_cells	unannotated_leaf_glandular	secretory_or_epidermal
2881	Gossypium hirsutum	cotton_glandular_terpenoid_atlas	GSM7785431_Rep1	leaf_glandular_cells	unannotated_leaf_glandular	secretory_or_epidermal
2882	Gossypium hirsutum	cotton_glandular_terpenoid_atlas	GSM7785431_Rep1	leaf_glandular_cells	unannotated_leaf_glandular	secretory_or_epidermal
2883	Gossypium hirsutum	cotton_glandular_terpenoid_atlas	GSM7785431_Rep1	leaf_glandular_cells	unannotated_leaf_glandular	secretory_or_epidermal
2884	Gossypium hirsutum	cotton_glandular_terpenoid_atlas	GSM7785431_Rep1	leaf_glandular_cells	unannotated_leaf_glandular	secretory_or_epidermal
2885	Gossypium hirsutum	cotton_glandular_terpenoid_atlas	GSM7785431_Rep1	leaf_glandular_cells	unannotated_leaf_glandular	secretory_or_epidermal
2886	Gossypium hirsutum	cotton_glandular_terpenoid_atlas	GSM7785431_Rep1	leaf_glandular_cells	unannotated_leaf_glandular	secretory_or_epidermal
2887	Gossypium hirsutum	cotton_glandular_terpenoid_atlas	GSM7785431_Rep1	leaf_glandular_cells	unannotated_leaf_glandular	secretory_or_epidermal
2888	Gossypium hirsutum	cotton_glandular_terpenoid_atlas	GSM7785431_Rep1	leaf_glandular_cells	unannotated_leaf_glandular	secretory_or_epidermal
2889	Gossypium hirsutum	cotton_glandular_terpenoid_atlas	GSM7785431_Rep1	leaf_glandular_cells	unannotated_leaf_glandular	secretory_or_epidermal
2890	Gossypium hirsutum	cotton_glandular_terpenoid_atlas	GSM7785431_Rep1	leaf_glandular_cells	unannotated_leaf_glandular	secretory_or_epidermal
2891	Gossypium hirsutum	cotton_glandular_terpenoid_atlas	GSM7785431_Rep1	leaf_glandular_cells	unannotated_leaf_glandular	secretory_or_epidermal
2892	Gossypium hirsutum	cotton_glandular_terpenoid_atlas	GSM7785431_Rep1	leaf_glandular_cells	unannotated_leaf_glandular	secretory_or_epidermal
2893	Gossypium hirsutum	cotton_glandular_terpenoid_atlas	GSM7785431_Rep1	leaf_glandular_cells	unannotated_leaf_glandular	secretory_or_epidermal
2894	Gossypium hirsutum	cotton_glandular_terpenoid_atlas	GSM7785431_Rep1	leaf_glandular_cells	unannotated_leaf_glandular	secretory_or_epidermal
2895	Gossypium hirsutum	cotton_glandular_terpenoid_atlas	GSM7785431_Rep1	leaf_glandular_cells	unannotated_leaf_glandular	secretory_or_epidermal
2896	Gossypium hirsutum	cotton_glandular_terpenoid_atlas	GSM7785431_Rep1	leaf_glandular_cells	unannotated_leaf_glandular	secretory_or_epidermal
2897	Gossypium hirsutum	cotton_glandular_terpenoid_atlas	GSM7785431_Rep1	leaf_glandular_cells	unannotated_leaf_glandular	secretory_or_epidermal
2898	Gossypium hirsutum	cotton_glandular_terpenoid_atlas	GSM7785431_Rep1	leaf_glandular_cells	unannotated_leaf_glandular	secretory_or_epidermal
2899	Gossypium hirsutum	cotton_glandular_terpenoid_atlas	GSM7785431_Rep1	leaf_glandular_cells	unannotated_leaf_glandular	secretory_or_epidermal
2900	Gossypium hirsutum	cotton_glandular_terpenoid_atlas	GSM7785431_Rep1	leaf_glandular_cells	unannotated_leaf_glandular	secretory_or_epidermal
2901	Gossypium hirsutum	cotton_glandular_terpenoid_atlas	GSM7785431_Rep1	leaf_glandular_cells	unannotated_leaf_glandular	secretory_or_epidermal
2902	Gossypium hirsutum	cotton_glandular_terpenoid_atlas	GSM7785431_Rep1	leaf_glandular_cells	unannotated_leaf_glandular	secretory_or_epidermal
2903	Gossypium hirsutum	cotton_glandular_terpenoid_atlas	GSM7785431_Rep1	leaf_glandular_cells	unannotated_leaf_glandular	secretory_or_epidermal
2904	Gossypium hirsutum	cotton_glandular_terpenoid_atlas	GSM7785431_Rep1	leaf_glandular_cells	unannotated_leaf_glandular	secretory_or_epidermal
2905	Gossypium hirsutum	cotton_glandular_terpenoid_atlas	GSM7785432_Rep2	leaf_glandular_cells	unannotated_leaf_glandular	secretory_or_epidermal
2906	Gossypium hirsutum	cotton_glandular_terpenoid_atlas	GSM7785432_Rep2	leaf_glandular_cells	unannotated_leaf_glandular	secretory_or_epidermal
2907	Gossypium hirsutum	cotton_glandular_terpenoid_atlas	GSM7785432_Rep2	leaf_glandular_cells	unannotated_leaf_glandular	secretory_or_epidermal
2908	Gossypium hirsutum	cotton_glandular_terpenoid_atlas	GSM7785432_Rep2	leaf_glandular_cells	unannotated_leaf_glandular	secretory_or_epidermal
2909	Gossypium hirsutum	cotton_glandular_terpenoid_atlas	GSM7785432_Rep2	leaf_glandular_cells	unannotated_leaf_glandular	secretory_or_epidermal
2910	Gossypium hirsutum	cotton_glandular_terpenoid_atlas	GSM7785432_Rep2	leaf_glandular_cells	unannotated_leaf_glandular	secretory_or_epidermal
2911	Gossypium hirsutum	cotton_glandular_terpenoid_atlas	GSM7785432_Rep2	leaf_glandular_cells	unannotated_leaf_glandular	secretory_or_epidermal
2912	Gossypium hirsutum	cotton_glandular_terpenoid_atlas	GSM7785432_Rep2	leaf_glandular_cells	unannotated_leaf_glandular	secretory_or_epidermal
2913	Gossypium hirsutum	cotton_glandular_terpenoid_atlas	GSM7785432_Rep2	leaf_glandular_cells	unannotated_leaf_glandular	secretory_or_epidermal
2914	Gossypium hirsutum	cotton_glandular_terpenoid_atlas	GSM7785432_Rep2	leaf_glandular_cells	unannotated_leaf_glandular	secretory_or_epidermal
2915	Gossypium hirsutum	cotton_glandular_terpenoid_atlas	GSM7785432_Rep2	leaf_glandular_cells	unannotated_leaf_glandular	secretory_or_epidermal
2916	Gossypium hirsutum	cotton_glandular_terpenoid_atlas	GSM7785432_Rep2	leaf_glandular_cells	unannotated_leaf_glandular	secretory_or_epidermal
2917	Gossypium hirsutum	cotton_glandular_terpenoid_atlas	GSM7785432_Rep2	leaf_glandular_cells	unannotated_leaf_glandular	secretory_or_epidermal
2918	Gossypium hirsutum	cotton_glandular_terpenoid_atlas	GSM7785432_Rep2	leaf_glandular_cells	unannotated_leaf_glandular	secretory_or_epidermal
2919	Gossypium hirsutum	cotton_glandular_terpenoid_atlas	GSM7785432_Rep2	leaf_glandular_cells	unannotated_leaf_glandular	secretory_or_epidermal
2920	Gossypium hirsutum	cotton_glandular_terpenoid_atlas	GSM7785432_Rep2	leaf_glandular_cells	unannotated_leaf_glandular	secretory_or_epidermal
2921	Gossypium hirsutum	cotton_glandular_terpenoid_atlas	GSM7785432_Rep2	leaf_glandular_cells	unannotated_leaf_glandular	secretory_or_epidermal
2922	Gossypium hirsutum	cotton_glandular_terpenoid_atlas	GSM7785432_Rep2	leaf_glandular_cells	unannotated_leaf_glandular	secretory_or_epidermal
2923	Gossypium hirsutum	cotton_glandular_terpenoid_atlas	GSM7785432_Rep2	leaf_glandular_cells	unannotated_leaf_glandular	secretory_or_epidermal
2924	Gossypium hirsutum	cotton_glandular_terpenoid_atlas	GSM7785432_Rep2	leaf_glandular_cells	unannotated_leaf_glandular	secretory_or_epidermal
2925	Gossypium hirsutum	cotton_glandular_terpenoid_atlas	GSM7785432_Rep2	leaf_glandular_cells	unannotated_leaf_glandular	secretory_or_epidermal
2926	Gossypium hirsutum	cotton_glandular_terpenoid_atlas	GSM7785432_Rep2	leaf_glandular_cells	unannotated_leaf_glandular	secretory_or_epidermal
2927	Gossypium hirsutum	cotton_glandular_terpenoid_atlas	GSM7785432_Rep2	leaf_glandular_cells	unannotated_leaf_glandular	secretory_or_epidermal
2928	Gossypium hirsutum	cotton_glandular_terpenoid_atlas	GSM7785432_Rep2	leaf_glandular_cells	unannotated_leaf_glandular	secretory_or_epidermal
2929	Gossypium hirsutum	cotton_glandular_terpenoid_atlas	GSM7785432_Rep2	leaf_glandular_cells	unannotated_leaf_glandular	secretory_or_epidermal
2930	Gossypium hirsutum	cotton_glandular_terpenoid_atlas	GSM7785432_Rep2	leaf_glandular_cells	unannotated_leaf_glandular	secretory_or_epidermal
2931	Gossypium hirsutum	cotton_glandular_terpenoid_atlas	GSM7785432_Rep2	leaf_glandular_cells	unannotated_leaf_glandular	secretory_or_epidermal
2932	Gossypium hirsutum	cotton_glandular_terpenoid_atlas	GSM7785432_Rep2	leaf_glandular_cells	unannotated_leaf_glandular	secretory_or_epidermal
2933	Gossypium hirsutum	cotton_glandular_terpenoid_atlas	GSM7785432_Rep2	leaf_glandular_cells	unannotated_leaf_glandular	secretory_or_epidermal
2934	Gossypium hirsutum	cotton_glandular_terpenoid_atlas	GSM7785432_Rep2	leaf_glandular_cells	unannotated_leaf_glandular	secretory_or_epidermal
2935	Gossypium hirsutum	cotton_glandular_terpenoid_atlas	GSM7785432_Rep2	leaf_glandular_cells	unannotated_leaf_glandular	secretory_or_epidermal
2936	Gossypium hirsutum	cotton_glandular_terpenoid_atlas	GSM7785432_Rep2	leaf_glandular_cells	unannotated_leaf_glandular	secretory_or_epidermal
2937	Gossypium hirsutum	cotton_glandular_terpenoid_atlas	GSM7785432_Rep2	leaf_glandular_cells	unannotated_leaf_glandular	secretory_or_epidermal
2938	Gossypium hirsutum	cotton_glandular_terpenoid_atlas	GSM7785432_Rep2	leaf_glandular_cells	unannotated_leaf_glandular	secretory_or_epidermal
2939	Gossypium hirsutum	cotton_glandular_terpenoid_atlas	GSM7785432_Rep2	leaf_glandular_cells	unannotated_leaf_glandular	secretory_or_epidermal
2940	Gossypium hirsutum	cotton_glandular_terpenoid_atlas	GSM7785432_Rep2	leaf_glandular_cells	unannotated_leaf_glandular	secretory_or_epidermal
2941	Gossypium hirsutum	cotton_glandular_terpenoid_atlas	GSM7785432_Rep2	leaf_glandular_cells	unannotated_leaf_glandular	secretory_or_epidermal
2942	Gossypium hirsutum	cotton_glandular_terpenoid_atlas	GSM7785432_Rep2	leaf_glandular_cells	unannotated_leaf_glandular	secretory_or_epidermal
2943	Gossypium hirsutum	cotton_glandular_terpenoid_atlas	GSM7785432_Rep2	leaf_glandular_cells	unannotated_leaf_glandular	secretory_or_epidermal
2944	Gossypium hirsutum	cotton_glandular_terpenoid_atlas	GSM7785432_Rep2	leaf_glandular_cells	unannotated_leaf_glandular	secretory_or_epidermal
2945	Gossypium hirsutum	cotton_glandular_terpenoid_atlas	GSM7785432_Rep2	leaf_glandular_cells	unannotated_leaf_glandular	secretory_or_epidermal
2946	Gossypium hirsutum	cotton_glandular_terpenoid_atlas	GSM7785432_Rep2	leaf_glandular_cells	unannotated_leaf_glandular	secretory_or_epidermal
2947	Gossypium hirsutum	cotton_glandular_terpenoid_atlas	GSM7785432_Rep2	leaf_glandular_cells	unannotated_leaf_glandular	secretory_or_epidermal
2948	Gossypium hirsutum	cotton_glandular_terpenoid_atlas	GSM7785432_Rep2	leaf_glandular_cells	unannotated_leaf_glandular	secretory_or_epidermal
2949	Gossypium hirsutum	cotton_glandular_terpenoid_atlas	GSM7785432_Rep2	leaf_glandular_cells	unannotated_leaf_glandular	secretory_or_epidermal
2950	Gossypium hirsutum	cotton_glandular_terpenoid_atlas	GSM7785432_Rep2	leaf_glandular_cells	unannotated_leaf_glandular	secretory_or_epidermal
2951	Gossypium hirsutum	cotton_glandular_terpenoid_atlas	GSM7785432_Rep2	leaf_glandular_cells	unannotated_leaf_glandular	secretory_or_epidermal
2952	Gossypium hirsutum	cotton_glandular_terpenoid_atlas	GSM7785432_Rep2	leaf_glandular_cells	unannotated_leaf_glandular	secretory_or_epidermal
2953	Gossypium hirsutum	cotton_glandular_terpenoid_atlas	GSM7785432_Rep2	leaf_glandular_cells	unannotated_leaf_glandular	secretory_or_epidermal
2954	Gossypium hirsutum	cotton_glandular_terpenoid_atlas	GSM7785432_Rep2	leaf_glandular_cells	unannotated_leaf_glandular	secretory_or_epidermal
2955	Gossypium hirsutum	cotton_glandular_terpenoid_atlas	GSM7785432_Rep2	leaf_glandular_cells	unannotated_leaf_glandular	secretory_or_epidermal
2956	Gossypium hirsutum	cotton_glandular_terpenoid_atlas	GSM7785432_Rep2	leaf_glandular_cells	unannotated_leaf_glandular	secretory_or_epidermal
2957	Gossypium hirsutum	cotton_glandular_terpenoid_atlas	GSM7785432_Rep2	leaf_glandular_cells	unannotated_leaf_glandular	secretory_or_epidermal
2958	Gossypium hirsutum	cotton_glandular_terpenoid_atlas	GSM7785432_Rep2	leaf_glandular_cells	unannotated_leaf_glandular	secretory_or_epidermal
2959	Gossypium hirsutum	cotton_glandular_terpenoid_atlas	GSM7785432_Rep2	leaf_glandular_cells	unannotated_leaf_glandular	secretory_or_epidermal
2960	Gossypium hirsutum	cotton_glandular_terpenoid_atlas	GSM7785432_Rep2	leaf_glandular_cells	unannotated_leaf_glandular	secretory_or_epidermal
2961	Gossypium hirsutum	cotton_glandular_terpenoid_atlas	GSM7785432_Rep2	leaf_glandular_cells	unannotated_leaf_glandular	secretory_or_epidermal
2962	Gossypium hirsutum	cotton_glandular_terpenoid_atlas	GSM7785432_Rep2	leaf_glandular_cells	unannotated_leaf_glandular	secretory_or_epidermal
2963	Gossypium hirsutum	cotton_glandular_terpenoid_atlas	GSM7785432_Rep2	leaf_glandular_cells	unannotated_leaf_glandular	secretory_or_epidermal
2964	Gossypium hirsutum	cotton_glandular_terpenoid_atlas	GSM7785432_Rep2	leaf_glandular_cells	unannotated_leaf_glandular	secretory_or_epidermal
2965	Gossypium hirsutum	cotton_glandular_terpenoid_atlas	GSM7785432_Rep2	leaf_glandular_cells	unannotated_leaf_glandular	secretory_or_epidermal
2966	Gossypium hirsutum	cotton_glandular_terpenoid_atlas	GSM7785432_Rep2	leaf_glandular_cells	unannotated_leaf_glandular	secretory_or_epidermal
2967	Gossypium hirsutum	cotton_glandular_terpenoid_atlas	GSM7785432_Rep2	leaf_glandular_cells	unannotated_leaf_glandular	secretory_or_epidermal
2968	Gossypium hirsutum	cotton_glandular_terpenoid_atlas	GSM7785432_Rep2	leaf_glandular_cells	unannotated_leaf_glandular	secretory_or_epidermal
2969	Gossypium hirsutum	cotton_glandular_terpenoid_atlas	GSM7785432_Rep2	leaf_glandular_cells	unannotated_leaf_glandular	secretory_or_epidermal
2970	Gossypium hirsutum	cotton_glandular_terpenoid_atlas	GSM7785432_Rep2	leaf_glandular_cells	unannotated_leaf_glandular	secretory_or_epidermal
2971	Gossypium hirsutum	cotton_glandular_terpenoid_atlas	GSM7785432_Rep2	leaf_glandular_cells	unannotated_leaf_glandular	secretory_or_epidermal
2972	Gossypium hirsutum	cotton_glandular_terpenoid_atlas	GSM7785432_Rep2	leaf_glandular_cells	unannotated_leaf_glandular	secretory_or_epidermal
2973	Gossypium hirsutum	cotton_glandular_terpenoid_atlas	GSM7785432_Rep2	leaf_glandular_cells	unannotated_leaf_glandular	secretory_or_epidermal
2974	Gossypium hirsutum	cotton_glandular_terpenoid_atlas	GSM7785432_Rep2	leaf_glandular_cells	unannotated_leaf_glandular	secretory_or_epidermal
2975	Gossypium hirsutum	cotton_glandular_terpenoid_atlas	GSM7785432_Rep2	leaf_glandular_cells	unannotated_leaf_glandular	secretory_or_epidermal
2976	Gossypium hirsutum	cotton_glandular_terpenoid_atlas	GSM7785432_Rep2	leaf_glandular_cells	unannotated_leaf_glandular	secretory_or_epidermal
2977	Gossypium hirsutum	cotton_glandular_terpenoid_atlas	GSM7785432_Rep2	leaf_glandular_cells	unannotated_leaf_glandular	secretory_or_epidermal
2978	Gossypium hirsutum	cotton_glandular_terpenoid_atlas	GSM7785432_Rep2	leaf_glandular_cells	unannotated_leaf_glandular	secretory_or_epidermal
2979	Gossypium hirsutum	cotton_glandular_terpenoid_atlas	GSM7785432_Rep2	leaf_glandular_cells	unannotated_leaf_glandular	secretory_or_epidermal
2980	Gossypium hirsutum	cotton_glandular_terpenoid_atlas	GSM7785432_Rep2	leaf_glandular_cells	unannotated_leaf_glandular	secretory_or_epidermal
2981	Gossypium hirsutum	cotton_glandular_terpenoid_atlas	GSM7785432_Rep2	leaf_glandular_cells	unannotated_leaf_glandular	secretory_or_epidermal
2982	Gossypium hirsutum	cotton_glandular_terpenoid_atlas	GSM7785432_Rep2	leaf_glandular_cells	unannotated_leaf_glandular	secretory_or_epidermal
2983	Gossypium hirsutum	cotton_glandular_terpenoid_atlas	GSM7785432_Rep2	leaf_glandular_cells	unannotated_leaf_glandular	secretory_or_epidermal
2984	Gossypium hirsutum	cotton_glandular_terpenoid_atlas	GSM7785432_Rep2	leaf_glandular_cells	unannotated_leaf_glandular	secretory_or_epidermal
2985	Gossypium hirsutum	cotton_glandular_terpenoid_atlas	GSM7785432_Rep2	leaf_glandular_cells	unannotated_leaf_glandular	secretory_or_epidermal
2986	Gossypium hirsutum	cotton_glandular_terpenoid_atlas	GSM7785432_Rep2	leaf_glandular_cells	unannotated_leaf_glandular	secretory_or_epidermal
2987	Gossypium hirsutum	cotton_glandular_terpenoid_atlas	GSM7785432_Rep2	leaf_glandular_cells	unannotated_leaf_glandular	secretory_or_epidermal
2988	Gossypium hirsutum	cotton_glandular_terpenoid_atlas	GSM7785432_Rep2	leaf_glandular_cells	unannotated_leaf_glandular	secretory_or_epidermal
2989	Gossypium hirsutum	cotton_glandular_terpenoid_atlas	GSM7785432_Rep2	leaf_glandular_cells	unannotated_leaf_glandular	secretory_or_epidermal
2990	Gossypium hirsutum	cotton_glandular_terpenoid_atlas	GSM7785432_Rep2	leaf_glandular_cells	unannotated_leaf_glandular	secretory_or_epidermal
2991	Gossypium hirsutum	cotton_glandular_terpenoid_atlas	GSM7785432_Rep2	leaf_glandular_cells	unannotated_leaf_glandular	secretory_or_epidermal
2992	Gossypium hirsutum	cotton_glandular_terpenoid_atlas	GSM7785432_Rep2	leaf_glandular_cells	unannotated_leaf_glandular	secretory_or_epidermal
2993	Gossypium hirsutum	cotton_glandular_terpenoid_atlas	GSM7785432_Rep2	leaf_glandular_cells	unannotated_leaf_glandular	secretory_or_epidermal
2994	Gossypium hirsutum	cotton_glandular_terpenoid_atlas	GSM7785432_Rep2	leaf_glandular_cells	unannotated_leaf_glandular	secretory_or_epidermal
2995	Gossypium hirsutum	cotton_glandular_terpenoid_atlas	GSM7785432_Rep2	leaf_glandular_cells	unannotated_leaf_glandular	secretory_or_epidermal
2996	Gossypium hirsutum	cotton_glandular_terpenoid_atlas	GSM7785432_Rep2	leaf_glandular_cells	unannotated_leaf_glandular	secretory_or_epidermal
2997	Gossypium hirsutum	cotton_glandular_terpenoid_atlas	GSM7785432_Rep2	leaf_glandular_cells	unannotated_leaf_glandular	secretory_or_epidermal
2998	Gossypium hirsutum	cotton_glandular_terpenoid_atlas	GSM7785433_Rep3	leaf_glandular_cells	unannotated_leaf_glandular	secretory_or_epidermal
2999	Gossypium hirsutum	cotton_glandular_terpenoid_atlas	GSM7785433_Rep3	leaf_glandular_cells	unannotated_leaf_glandular	secretory_or_epidermal
3000	Gossypium hirsutum	cotton_glandular_terpenoid_atlas	GSM7785433_Rep3	leaf_glandular_cells	unannotated_leaf_glandular	secretory_or_epidermal
3001	Gossypium hirsutum	cotton_glandular_terpenoid_atlas	GSM7785433_Rep3	leaf_glandular_cells	unannotated_leaf_glandular	secretory_or_epidermal
3002	Gossypium hirsutum	cotton_glandular_terpenoid_atlas	GSM7785433_Rep3	leaf_glandular_cells	unannotated_leaf_glandular	secretory_or_epidermal
3003	Gossypium hirsutum	cotton_glandular_terpenoid_atlas	GSM7785433_Rep3	leaf_glandular_cells	unannotated_leaf_glandular	secretory_or_epidermal
3004	Gossypium hirsutum	cotton_glandular_terpenoid_atlas	GSM7785433_Rep3	leaf_glandular_cells	unannotated_leaf_glandular	secretory_or_epidermal
3005	Gossypium hirsutum	cotton_glandular_terpenoid_atlas	GSM7785433_Rep3	leaf_glandular_cells	unannotated_leaf_glandular	secretory_or_epidermal
3006	Gossypium hirsutum	cotton_glandular_terpenoid_atlas	GSM7785433_Rep3	leaf_glandular_cells	unannotated_leaf_glandular	secretory_or_epidermal
3007	Gossypium hirsutum	cotton_glandular_terpenoid_atlas	GSM7785433_Rep3	leaf_glandular_cells	unannotated_leaf_glandular	secretory_or_epidermal
3008	Gossypium hirsutum	cotton_glandular_terpenoid_atlas	GSM7785433_Rep3	leaf_glandular_cells	unannotated_leaf_glandular	secretory_or_epidermal
3009	Gossypium hirsutum	cotton_glandular_terpenoid_atlas	GSM7785433_Rep3	leaf_glandular_cells	unannotated_leaf_glandular	secretory_or_epidermal
3010	Gossypium hirsutum	cotton_glandular_terpenoid_atlas	GSM7785433_Rep3	leaf_glandular_cells	unannotated_leaf_glandular	secretory_or_epidermal
3011	Gossypium hirsutum	cotton_glandular_terpenoid_atlas	GSM7785433_Rep3	leaf_glandular_cells	unannotated_leaf_glandular	secretory_or_epidermal
3012	Gossypium hirsutum	cotton_glandular_terpenoid_atlas	GSM7785433_Rep3	leaf_glandular_cells	unannotated_leaf_glandular	secretory_or_epidermal
3013	Gossypium hirsutum	cotton_glandular_terpenoid_atlas	GSM7785433_Rep3	leaf_glandular_cells	unannotated_leaf_glandular	secretory_or_epidermal
3014	Gossypium hirsutum	cotton_glandular_terpenoid_atlas	GSM7785433_Rep3	leaf_glandular_cells	unannotated_leaf_glandular	secretory_or_epidermal
3015	Gossypium hirsutum	cotton_glandular_terpenoid_atlas	GSM7785433_Rep3	leaf_glandular_cells	unannotated_leaf_glandular	secretory_or_epidermal
3016	Gossypium hirsutum	cotton_glandular_terpenoid_atlas	GSM7785433_Rep3	leaf_glandular_cells	unannotated_leaf_glandular	secretory_or_epidermal
3017	Gossypium hirsutum	cotton_glandular_terpenoid_atlas	GSM7785433_Rep3	leaf_glandular_cells	unannotated_leaf_glandular	secretory_or_epidermal
3018	Gossypium hirsutum	cotton_glandular_terpenoid_atlas	GSM7785433_Rep3	leaf_glandular_cells	unannotated_leaf_glandular	secretory_or_epidermal
3019	Gossypium hirsutum	cotton_glandular_terpenoid_atlas	GSM7785433_Rep3	leaf_glandular_cells	unannotated_leaf_glandular	secretory_or_epidermal
3020	Gossypium hirsutum	cotton_glandular_terpenoid_atlas	GSM7785433_Rep3	leaf_glandular_cells	unannotated_leaf_glandular	secretory_or_epidermal
3021	Gossypium hirsutum	cotton_glandular_terpenoid_atlas	GSM7785433_Rep3	leaf_glandular_cells	unannotated_leaf_glandular	secretory_or_epidermal
3022	Gossypium hirsutum	cotton_glandular_terpenoid_atlas	GSM7785433_Rep3	leaf_glandular_cells	unannotated_leaf_glandular	secretory_or_epidermal
3023	Gossypium hirsutum	cotton_glandular_terpenoid_atlas	GSM7785433_Rep3	leaf_glandular_cells	unannotated_leaf_glandular	secretory_or_epidermal
3024	Gossypium hirsutum	cotton_glandular_terpenoid_atlas	GSM7785433_Rep3	leaf_glandular_cells	unannotated_leaf_glandular	secretory_or_epidermal
3025	Gossypium hirsutum	cotton_glandular_terpenoid_atlas	GSM7785433_Rep3	leaf_glandular_cells	unannotated_leaf_glandular	secretory_or_epidermal
3026	Gossypium hirsutum	cotton_glandular_terpenoid_atlas	GSM7785433_Rep3	leaf_glandular_cells	unannotated_leaf_glandular	secretory_or_epidermal
3027	Gossypium hirsutum	cotton_glandular_terpenoid_atlas	GSM7785433_Rep3	leaf_glandular_cells	unannotated_leaf_glandular	secretory_or_epidermal
3028	Gossypium hirsutum	cotton_glandular_terpenoid_atlas	GSM7785433_Rep3	leaf_glandular_cells	unannotated_leaf_glandular	secretory_or_epidermal
3029	Gossypium hirsutum	cotton_glandular_terpenoid_atlas	GSM7785433_Rep3	leaf_glandular_cells	unannotated_leaf_glandular	secretory_or_epidermal
3030	Gossypium hirsutum	cotton_glandular_terpenoid_atlas	GSM7785433_Rep3	leaf_glandular_cells	unannotated_leaf_glandular	secretory_or_epidermal
3031	Gossypium hirsutum	cotton_glandular_terpenoid_atlas	GSM7785433_Rep3	leaf_glandular_cells	unannotated_leaf_glandular	secretory_or_epidermal
3032	Gossypium hirsutum	cotton_glandular_terpenoid_atlas	GSM7785433_Rep3	leaf_glandular_cells	unannotated_leaf_glandular	secretory_or_epidermal
3033	Gossypium hirsutum	cotton_glandular_terpenoid_atlas	GSM7785433_Rep3	leaf_glandular_cells	unannotated_leaf_glandular	secretory_or_epidermal
3034	Gossypium hirsutum	cotton_glandular_terpenoid_atlas	GSM7785433_Rep3	leaf_glandular_cells	unannotated_leaf_glandular	secretory_or_epidermal
3035	Gossypium hirsutum	cotton_glandular_terpenoid_atlas	GSM7785433_Rep3	leaf_glandular_cells	unannotated_leaf_glandular	secretory_or_epidermal
3036	Gossypium hirsutum	cotton_glandular_terpenoid_atlas	GSM7785433_Rep3	leaf_glandular_cells	unannotated_leaf_glandular	secretory_or_epidermal
3037	Gossypium hirsutum	cotton_glandular_terpenoid_atlas	GSM7785433_Rep3	leaf_glandular_cells	unannotated_leaf_glandular	secretory_or_epidermal
3038	Gossypium hirsutum	cotton_glandular_terpenoid_atlas	GSM7785433_Rep3	leaf_glandular_cells	unannotated_leaf_glandular	secretory_or_epidermal
3039	Gossypium hirsutum	cotton_glandular_terpenoid_atlas	GSM7785433_Rep3	leaf_glandular_cells	unannotated_leaf_glandular	secretory_or_epidermal
3040	Gossypium hirsutum	cotton_glandular_terpenoid_atlas	GSM7785433_Rep3	leaf_glandular_cells	unannotated_leaf_glandular	secretory_or_epidermal
3041	Gossypium hirsutum	cotton_glandular_terpenoid_atlas	GSM7785433_Rep3	leaf_glandular_cells	unannotated_leaf_glandular	secretory_or_epidermal
3042	Gossypium hirsutum	cotton_glandular_terpenoid_atlas	GSM7785433_Rep3	leaf_glandular_cells	unannotated_leaf_glandular	secretory_or_epidermal
3043	Gossypium hirsutum	cotton_glandular_terpenoid_atlas	GSM7785433_Rep3	leaf_glandular_cells	unannotated_leaf_glandular	secretory_or_epidermal
3044	Gossypium hirsutum	cotton_glandular_terpenoid_atlas	GSM7785433_Rep3	leaf_glandular_cells	unannotated_leaf_glandular	secretory_or_epidermal
3045	Gossypium hirsutum	cotton_glandular_terpenoid_atlas	GSM7785433_Rep3	leaf_glandular_cells	unannotated_leaf_glandular	secretory_or_epidermal
3046	Gossypium hirsutum	cotton_glandular_terpenoid_atlas	GSM7785433_Rep3	leaf_glandular_cells	unannotated_leaf_glandular	secretory_or_epidermal
3047	Gossypium hirsutum	cotton_glandular_terpenoid_atlas	GSM7785433_Rep3	leaf_glandular_cells	unannotated_leaf_glandular	secretory_or_epidermal
3048	Gossypium hirsutum	cotton_glandular_terpenoid_atlas	GSM7785433_Rep3	leaf_glandular_cells	unannotated_leaf_glandular	secretory_or_epidermal
3049	Gossypium hirsutum	cotton_glandular_terpenoid_atlas	GSM7785433_Rep3	leaf_glandular_cells	unannotated_leaf_glandular	secretory_or_epidermal
3050	Gossypium hirsutum	cotton_glandular_terpenoid_atlas	GSM7785433_Rep3	leaf_glandular_cells	unannotated_leaf_glandular	secretory_or_epidermal
3051	Gossypium hirsutum	cotton_glandular_terpenoid_atlas	GSM7785433_Rep3	leaf_glandular_cells	unannotated_leaf_glandular	secretory_or_epidermal
3052	Gossypium hirsutum	cotton_glandular_terpenoid_atlas	GSM7785433_Rep3	leaf_glandular_cells	unannotated_leaf_glandular	secretory_or_epidermal
3053	Gossypium hirsutum	cotton_glandular_terpenoid_atlas	GSM7785433_Rep3	leaf_glandular_cells	unannotated_leaf_glandular	secretory_or_epidermal
3054	Gossypium hirsutum	cotton_glandular_terpenoid_atlas	GSM7785433_Rep3	leaf_glandular_cells	unannotated_leaf_glandular	secretory_or_epidermal
3055	Gossypium hirsutum	cotton_glandular_terpenoid_atlas	GSM7785433_Rep3	leaf_glandular_cells	unannotated_leaf_glandular	secretory_or_epidermal
3056	Gossypium hirsutum	cotton_glandular_terpenoid_atlas	GSM7785433_Rep3	leaf_glandular_cells	unannotated_leaf_glandular	secretory_or_epidermal
3057	Gossypium hirsutum	cotton_glandular_terpenoid_atlas	GSM7785433_Rep3	leaf_glandular_cells	unannotated_leaf_glandular	secretory_or_epidermal
3058	Gossypium hirsutum	cotton_glandular_terpenoid_atlas	GSM7785433_Rep3	leaf_glandular_cells	unannotated_leaf_glandular	secretory_or_epidermal
3059	Gossypium hirsutum	cotton_glandular_terpenoid_atlas	GSM7785433_Rep3	leaf_glandular_cells	unannotated_leaf_glandular	secretory_or_epidermal
3060	Gossypium hirsutum	cotton_glandular_terpenoid_atlas	GSM7785433_Rep3	leaf_glandular_cells	unannotated_leaf_glandular	secretory_or_epidermal
3061	Gossypium hirsutum	cotton_glandular_terpenoid_atlas	GSM7785433_Rep3	leaf_glandular_cells	unannotated_leaf_glandular	secretory_or_epidermal
3062	Gossypium hirsutum	cotton_glandular_terpenoid_atlas	GSM7785433_Rep3	leaf_glandular_cells	unannotated_leaf_glandular	secretory_or_epidermal
3063	Gossypium hirsutum	cotton_glandular_terpenoid_atlas	GSM7785433_Rep3	leaf_glandular_cells	unannotated_leaf_glandular	secretory_or_epidermal
3064	Gossypium hirsutum	cotton_glandular_terpenoid_atlas	GSM7785433_Rep3	leaf_glandular_cells	unannotated_leaf_glandular	secretory_or_epidermal
3065	Gossypium hirsutum	cotton_glandular_terpenoid_atlas	GSM7785433_Rep3	leaf_glandular_cells	unannotated_leaf_glandular	secretory_or_epidermal
3066	Gossypium hirsutum	cotton_glandular_terpenoid_atlas	GSM7785433_Rep3	leaf_glandular_cells	unannotated_leaf_glandular	secretory_or_epidermal
3067	Gossypium hirsutum	cotton_glandular_terpenoid_atlas	GSM7785433_Rep3	leaf_glandular_cells	unannotated_leaf_glandular	secretory_or_epidermal
3068	Gossypium hirsutum	cotton_glandular_terpenoid_atlas	GSM7785433_Rep3	leaf_glandular_cells	unannotated_leaf_glandular	secretory_or_epidermal
3069	Gossypium hirsutum	cotton_glandular_terpenoid_atlas	GSM7785433_Rep3	leaf_glandular_cells	unannotated_leaf_glandular	secretory_or_epidermal
3070	Gossypium hirsutum	cotton_glandular_terpenoid_atlas	GSM7785433_Rep3	leaf_glandular_cells	unannotated_leaf_glandular	secretory_or_epidermal
3071	Gossypium hirsutum	cotton_glandular_terpenoid_atlas	GSM7785433_Rep3	leaf_glandular_cells	unannotated_leaf_glandular	secretory_or_epidermal
3072	Oryza sativa	rice_soil_stress_root_atlas	sc_303	root	5	5
3073	Oryza sativa	rice_soil_stress_root_atlas	sc_303	root	4	4
3074	Oryza sativa	rice_soil_stress_root_atlas	sc_303	root	7	7
3075	Oryza sativa	rice_soil_stress_root_atlas	sc_303	root	7	7
3076	Oryza sativa	rice_soil_stress_root_atlas	sc_303	root	4	4
3077	Oryza sativa	rice_soil_stress_root_atlas	sc_303	root	4	4
3078	Oryza sativa	rice_soil_stress_root_atlas	sc_303	root	6	6
3079	Oryza sativa	rice_soil_stress_root_atlas	sc_303	root	3	3
3080	Oryza sativa	rice_soil_stress_root_atlas	sc_303	root	3	3
3081	Oryza sativa	rice_soil_stress_root_atlas	sc_303	root	1	1
3082	Oryza sativa	rice_soil_stress_root_atlas	sc_303	root	6	6
3083	Oryza sativa	rice_soil_stress_root_atlas	sc_303	root	9	9
3084	Oryza sativa	rice_soil_stress_root_atlas	sc_303	root	2	2
3085	Oryza sativa	rice_soil_stress_root_atlas	sc_303	root	5	5
3086	Oryza sativa	rice_soil_stress_root_atlas	sc_303	root	2	2
3087	Oryza sativa	rice_soil_stress_root_atlas	sc_303	root	3	3
3088	Oryza sativa	rice_soil_stress_root_atlas	sc_303	root	5	5
3089	Oryza sativa	rice_soil_stress_root_atlas	sc_303	root	1	1
3090	Oryza sativa	rice_soil_stress_root_atlas	sc_303	root	1	1
3091	Oryza sativa	rice_soil_stress_root_atlas	sc_303	root	6	6
3092	Oryza sativa	rice_soil_stress_root_atlas	sc_303	root	2	2
3093	Oryza sativa	rice_soil_stress_root_atlas	sc_303	root	1	1
3094	Oryza sativa	rice_soil_stress_root_atlas	sc_303	root	1	1
3095	Oryza sativa	rice_soil_stress_root_atlas	sc_303	root	3	3
3096	Oryza sativa	rice_soil_stress_root_atlas	sc_303	root	4	4
3097	Oryza sativa	rice_soil_stress_root_atlas	sc_303	root	5	5
3098	Oryza sativa	rice_soil_stress_root_atlas	sc_303	root	4	4
3099	Oryza sativa	rice_soil_stress_root_atlas	sc_303	root	4	4
3100	Oryza sativa	rice_soil_stress_root_atlas	sc_303	root	4	4
3101	Oryza sativa	rice_soil_stress_root_atlas	sc_303	root	5	5
3102	Oryza sativa	rice_soil_stress_root_atlas	sc_303	root	4	4
3103	Oryza sativa	rice_soil_stress_root_atlas	sc_303	root	5	5
3104	Oryza sativa	rice_soil_stress_root_atlas	sc_303	root	9	9
3105	Oryza sativa	rice_soil_stress_root_atlas	sc_303	root	3	3
3106	Oryza sativa	rice_soil_stress_root_atlas	sc_303	root	8	8
3107	Oryza sativa	rice_soil_stress_root_atlas	sc_303	root	5	5
3108	Oryza sativa	rice_soil_stress_root_atlas	sc_303	root	9	9
3109	Oryza sativa	rice_soil_stress_root_atlas	sc_303	root	2	2
3110	Oryza sativa	rice_soil_stress_root_atlas	sc_303	root	2	2
3111	Oryza sativa	rice_soil_stress_root_atlas	sc_303	root	4	4
3112	Oryza sativa	rice_soil_stress_root_atlas	sc_303	root	5	5
3113	Oryza sativa	rice_soil_stress_root_atlas	sc_303	root	6	6
3114	Oryza sativa	rice_soil_stress_root_atlas	sc_303	root	4	4
3115	Oryza sativa	rice_soil_stress_root_atlas	sc_303	root	2	2
3116	Oryza sativa	rice_soil_stress_root_atlas	sc_303	root	2	2
3117	Oryza sativa	rice_soil_stress_root_atlas	sc_303	root	6	6
3118	Oryza sativa	rice_soil_stress_root_atlas	sc_303	root	3	3
3119	Oryza sativa	rice_soil_stress_root_atlas	sc_303	root	5	5
3120	Oryza sativa	rice_soil_stress_root_atlas	sc_303	root	4	4
3121	Oryza sativa	rice_soil_stress_root_atlas	sc_303	root	7	7
3122	Oryza sativa	rice_soil_stress_root_atlas	sc_303	root	9	9
3123	Oryza sativa	rice_soil_stress_root_atlas	sc_303	root	6	6
3124	Oryza sativa	rice_soil_stress_root_atlas	sc_303	root	5	5
3125	Oryza sativa	rice_soil_stress_root_atlas	sc_303	root	5	5
3126	Oryza sativa	rice_soil_stress_root_atlas	sc_303	root	7	7
3127	Oryza sativa	rice_soil_stress_root_atlas	sc_303	root	1	1
3128	Oryza sativa	rice_soil_stress_root_atlas	sc_303	root	8	8
3129	Oryza sativa	rice_soil_stress_root_atlas	sc_303	root	6	6
3130	Oryza sativa	rice_soil_stress_root_atlas	sc_303	root	6	6
3131	Oryza sativa	rice_soil_stress_root_atlas	sc_303	root	5	5
3132	Oryza sativa	rice_soil_stress_root_atlas	sc_303	root	3	3
3133	Oryza sativa	rice_soil_stress_root_atlas	sc_303	root	5	5
3134	Oryza sativa	rice_soil_stress_root_atlas	sc_303	root	2	2
3135	Oryza sativa	rice_soil_stress_root_atlas	sc_303	root	1	1
3136	Oryza sativa	rice_soil_stress_root_atlas	sc_303	root	7	7
3137	Oryza sativa	rice_soil_stress_root_atlas	sc_303	root	6	6
3138	Oryza sativa	rice_soil_stress_root_atlas	sc_303	root	5	5
3139	Oryza sativa	rice_soil_stress_root_atlas	sc_303	root	3	3
3140	Oryza sativa	rice_soil_stress_root_atlas	sc_303	root	4	4
3141	Oryza sativa	rice_soil_stress_root_atlas	sc_303	root	3	3
3142	Oryza sativa	rice_soil_stress_root_atlas	sc_303	root	7	7
3143	Oryza sativa	rice_soil_stress_root_atlas	sc_303	root	10	10
3144	Oryza sativa	rice_soil_stress_root_atlas	sc_303	root	3	3
3145	Oryza sativa	rice_soil_stress_root_atlas	sc_303	root	3	3
3146	Oryza sativa	rice_soil_stress_root_atlas	sc_303	root	5	5
3147	Oryza sativa	rice_soil_stress_root_atlas	sc_303	root	2	2
3148	Oryza sativa	rice_soil_stress_root_atlas	sc_303	root	6	6
3149	Oryza sativa	rice_soil_stress_root_atlas	sc_303	root	2	2
3150	Oryza sativa	rice_soil_stress_root_atlas	sc_303	root	3	3
3151	Oryza sativa	rice_soil_stress_root_atlas	sc_303	root	8	8
3152	Oryza sativa	rice_soil_stress_root_atlas	sc_303	root	6	6
3153	Oryza sativa	rice_soil_stress_root_atlas	sc_303	root	5	5
3154	Oryza sativa	rice_soil_stress_root_atlas	sc_303	root	8	8
3155	Oryza sativa	rice_soil_stress_root_atlas	sc_303	root	3	3
3156	Oryza sativa	rice_soil_stress_root_atlas	sc_303	root	5	5
3157	Oryza sativa	rice_soil_stress_root_atlas	sc_303	root	4	4
3158	Oryza sativa	rice_soil_stress_root_atlas	sc_303	root	6	6
3159	Oryza sativa	rice_soil_stress_root_atlas	sc_303	root	7	7
3160	Oryza sativa	rice_soil_stress_root_atlas	sc_303	root	5	5
3161	Oryza sativa	rice_soil_stress_root_atlas	sc_303	root	9	9
3162	Oryza sativa	rice_soil_stress_root_atlas	sc_303	root	4	4
3163	Oryza sativa	rice_soil_stress_root_atlas	sc_303	root	3	3
3164	Oryza sativa	rice_soil_stress_root_atlas	sc_303	root	8	8
3165	Oryza sativa	rice_soil_stress_root_atlas	sc_303	root	5	5
3166	Oryza sativa	rice_soil_stress_root_atlas	sc_303	root	8	8
3167	Oryza sativa	rice_soil_stress_root_atlas	sc_303	root	1	1
3168	Oryza sativa	rice_soil_stress_root_atlas	sc_303	root	5	5
3169	Oryza sativa	rice_soil_stress_root_atlas	sc_303	root	3	3
3170	Oryza sativa	rice_soil_stress_root_atlas	sc_303	root	4	4
3171	Oryza sativa	rice_soil_stress_root_atlas	sc_303	root	2	2
3172	Oryza sativa	rice_soil_stress_root_atlas	sc_303	root	7	7
3173	Oryza sativa	rice_soil_stress_root_atlas	sc_303	root	1	1
3174	Oryza sativa	rice_soil_stress_root_atlas	sc_303	root	3	3
3175	Oryza sativa	rice_soil_stress_root_atlas	sc_303	root	5	5
3176	Oryza sativa	rice_soil_stress_root_atlas	sc_303	root	4	4
3177	Oryza sativa	rice_soil_stress_root_atlas	sc_303	root	4	4
3178	Oryza sativa	rice_soil_stress_root_atlas	sc_303	root	2	2
3179	Oryza sativa	rice_soil_stress_root_atlas	sc_303	root	3	3
3180	Oryza sativa	rice_soil_stress_root_atlas	sc_303	root	6	6
3181	Oryza sativa	rice_soil_stress_root_atlas	sc_303	root	4	4
3182	Oryza sativa	rice_soil_stress_root_atlas	sc_303	root	3	3
3183	Oryza sativa	rice_soil_stress_root_atlas	sc_303	root	3	3
3184	Oryza sativa	rice_soil_stress_root_atlas	sc_303	root	3	3
3185	Oryza sativa	rice_soil_stress_root_atlas	sc_303	root	7	7
3186	Oryza sativa	rice_soil_stress_root_atlas	sc_303	root	6	6
3187	Oryza sativa	rice_soil_stress_root_atlas	sc_303	root	5	5
3188	Oryza sativa	rice_soil_stress_root_atlas	sc_303	root	1	1
3189	Oryza sativa	rice_soil_stress_root_atlas	sc_303	root	4	4
3190	Oryza sativa	rice_soil_stress_root_atlas	sc_303	root	6	6
3191	Oryza sativa	rice_soil_stress_root_atlas	sc_303	root	6	6
3192	Oryza sativa	rice_soil_stress_root_atlas	sc_303	root	7	7
3193	Oryza sativa	rice_soil_stress_root_atlas	sc_303	root	2	2
3194	Oryza sativa	rice_soil_stress_root_atlas	sc_303	root	5	5
3195	Oryza sativa	rice_soil_stress_root_atlas	sc_303	root	5	5
3196	Oryza sativa	rice_soil_stress_root_atlas	sc_303	root	4	4
3197	Oryza sativa	rice_soil_stress_root_atlas	sc_303	root	7	7
3198	Oryza sativa	rice_soil_stress_root_atlas	sc_303	root	1	1
3199	Oryza sativa	rice_soil_stress_root_atlas	sc_303	root	6	6
3200	Oryza sativa	rice_soil_stress_root_atlas	sc_303	root	9	9
3201	Oryza sativa	rice_soil_stress_root_atlas	sc_303	root	3	3
3202	Oryza sativa	rice_soil_stress_root_atlas	sc_303	root	1	1
3203	Oryza sativa	rice_soil_stress_root_atlas	sc_303	root	4	4
3204	Oryza sativa	rice_soil_stress_root_atlas	sc_303	root	1	1
3205	Oryza sativa	rice_soil_stress_root_atlas	sc_303	root	4	4
3206	Oryza sativa	rice_soil_stress_root_atlas	sc_303	root	6	6
3207	Oryza sativa	rice_soil_stress_root_atlas	sc_303	root	1	1
3208	Oryza sativa	rice_soil_stress_root_atlas	sc_303	root	6	6
3209	Oryza sativa	rice_soil_stress_root_atlas	sc_303	root	2	2
3210	Oryza sativa	rice_soil_stress_root_atlas	sc_303	root	6	6
3211	Oryza sativa	rice_soil_stress_root_atlas	sc_303	root	1	1
3212	Oryza sativa	rice_soil_stress_root_atlas	sc_303	root	3	3
3213	Oryza sativa	rice_soil_stress_root_atlas	sc_303	root	1	1
3214	Oryza sativa	rice_soil_stress_root_atlas	sc_303	root	1	1
3215	Oryza sativa	rice_soil_stress_root_atlas	sc_303	root	5	5
3216	Oryza sativa	rice_soil_stress_root_atlas	sc_303	root	7	7
3217	Oryza sativa	rice_soil_stress_root_atlas	sc_303	root	1	1
3218	Oryza sativa	rice_soil_stress_root_atlas	sc_303	root	5	5
3219	Oryza sativa	rice_soil_stress_root_atlas	sc_303	root	5	5
3220	Oryza sativa	rice_soil_stress_root_atlas	sc_303	root	8	8
3221	Oryza sativa	rice_soil_stress_root_atlas	sc_303	root	5	5
3222	Oryza sativa	rice_soil_stress_root_atlas	sc_303	root	2	2
3223	Oryza sativa	rice_soil_stress_root_atlas	sc_303	root	2	2
3224	Oryza sativa	rice_soil_stress_root_atlas	sc_303	root	9	9
3225	Oryza sativa	rice_soil_stress_root_atlas	sc_303	root	5	5
3226	Oryza sativa	rice_soil_stress_root_atlas	sc_303	root	6	6
3227	Oryza sativa	rice_soil_stress_root_atlas	sc_303	root	2	2
3228	Oryza sativa	rice_soil_stress_root_atlas	sc_303	root	7	7
3229	Oryza sativa	rice_soil_stress_root_atlas	sc_303	root	2	2
3230	Oryza sativa	rice_soil_stress_root_atlas	sc_303	root	9	9
3231	Oryza sativa	rice_soil_stress_root_atlas	sc_303	root	1	1
3232	Oryza sativa	rice_soil_stress_root_atlas	sc_303	root	2	2
3233	Oryza sativa	rice_soil_stress_root_atlas	sc_303	root	8	8
3234	Oryza sativa	rice_soil_stress_root_atlas	sc_303	root	1	1
3235	Oryza sativa	rice_soil_stress_root_atlas	sc_303	root	4	4
3236	Oryza sativa	rice_soil_stress_root_atlas	sc_303	root	5	5
3237	Oryza sativa	rice_soil_stress_root_atlas	sc_303	root	4	4
3238	Oryza sativa	rice_soil_stress_root_atlas	sc_303	root	4	4
3239	Oryza sativa	rice_soil_stress_root_atlas	sc_303	root	6	6
3240	Oryza sativa	rice_soil_stress_root_atlas	sc_303	root	6	6
3241	Oryza sativa	rice_soil_stress_root_atlas	sc_303	root	5	5
3242	Oryza sativa	rice_soil_stress_root_atlas	sc_303	root	1	1
3243	Oryza sativa	rice_soil_stress_root_atlas	sc_303	root	7	7
3244	Oryza sativa	rice_soil_stress_root_atlas	sc_303	root	2	2
3245	Oryza sativa	rice_soil_stress_root_atlas	sc_303	root	2	2
3246	Oryza sativa	rice_soil_stress_root_atlas	sc_303	root	7	7
3247	Oryza sativa	rice_soil_stress_root_atlas	sc_303	root	4	4
3248	Oryza sativa	rice_soil_stress_root_atlas	sc_303	root	1	1
3249	Oryza sativa	rice_soil_stress_root_atlas	sc_303	root	4	4
3250	Oryza sativa	rice_soil_stress_root_atlas	sc_303	root	7	7
3251	Oryza sativa	rice_soil_stress_root_atlas	sc_303	root	7	7
3252	Oryza sativa	rice_soil_stress_root_atlas	sc_303	root	1	1
3253	Oryza sativa	rice_soil_stress_root_atlas	sc_303	root	7	7
3254	Oryza sativa	rice_soil_stress_root_atlas	sc_303	root	6	6
3255	Oryza sativa	rice_soil_stress_root_atlas	sc_303	root	4	4
3256	Oryza sativa	rice_soil_stress_root_atlas	sc_303	root	2	2
3257	Oryza sativa	rice_soil_stress_root_atlas	sc_303	root	6	6
3258	Oryza sativa	rice_soil_stress_root_atlas	sc_303	root	5	5
3259	Oryza sativa	rice_soil_stress_root_atlas	sc_303	root	2	2
3260	Oryza sativa	rice_soil_stress_root_atlas	sc_303	root	2	2
3261	Oryza sativa	rice_soil_stress_root_atlas	sc_303	root	2	2
3262	Oryza sativa	rice_soil_stress_root_atlas	sc_303	root	2	2
3263	Oryza sativa	rice_soil_stress_root_atlas	sc_303	root	2	2
3264	Oryza sativa	rice_soil_stress_root_atlas	sc_303	root	4	4
3265	Oryza sativa	rice_soil_stress_root_atlas	sc_303	root	5	5
3266	Oryza sativa	rice_soil_stress_root_atlas	sc_303	root	10	10
3267	Oryza sativa	rice_soil_stress_root_atlas	sc_303	root	10	10
3268	Oryza sativa	rice_soil_stress_root_atlas	sc_303	root	1	1
3269	Oryza sativa	rice_soil_stress_root_atlas	sc_303	root	1	1
3270	Oryza sativa	rice_soil_stress_root_atlas	sc_303	root	5	5
3271	Oryza sativa	rice_soil_stress_root_atlas	sc_303	root	3	3
3272	Oryza sativa	rice_soil_stress_root_atlas	sc_303	root	1	1
3273	Oryza sativa	rice_soil_stress_root_atlas	sc_303	root	1	1
3274	Oryza sativa	rice_soil_stress_root_atlas	sc_303	root	9	9
3275	Oryza sativa	rice_soil_stress_root_atlas	sc_303	root	4	4
3276	Oryza sativa	rice_soil_stress_root_atlas	sc_303	root	6	6
3277	Oryza sativa	rice_soil_stress_root_atlas	sc_303	root	5	5
3278	Oryza sativa	rice_soil_stress_root_atlas	sc_303	root	1	1
3279	Oryza sativa	rice_soil_stress_root_atlas	sc_303	root	3	3
3280	Oryza sativa	rice_soil_stress_root_atlas	sc_303	root	8	8
3281	Oryza sativa	rice_soil_stress_root_atlas	sc_303	root	6	6
3282	Oryza sativa	rice_soil_stress_root_atlas	sc_303	root	5	5
3283	Oryza sativa	rice_soil_stress_root_atlas	sc_303	root	2	2
3284	Oryza sativa	rice_soil_stress_root_atlas	sc_303	root	3	3
3285	Oryza sativa	rice_soil_stress_root_atlas	sc_303	root	7	7
3286	Oryza sativa	rice_soil_stress_root_atlas	sc_303	root	4	4
3287	Oryza sativa	rice_soil_stress_root_atlas	sc_303	root	1	1
3288	Oryza sativa	rice_soil_stress_root_atlas	sc_303	root	7	7
3289	Oryza sativa	rice_soil_stress_root_atlas	sc_303	root	3	3
3290	Oryza sativa	rice_soil_stress_root_atlas	sc_303	root	4	4
3291	Oryza sativa	rice_soil_stress_root_atlas	sc_303	root	1	1
3292	Oryza sativa	rice_soil_stress_root_atlas	sc_303	root	2	2
3293	Oryza sativa	rice_soil_stress_root_atlas	sc_303	root	4	4
3294	Oryza sativa	rice_soil_stress_root_atlas	sc_303	root	6	6
3295	Oryza sativa	rice_soil_stress_root_atlas	sc_303	root	7	7
3296	Oryza sativa	rice_soil_stress_root_atlas	sc_303	root	3	3
3297	Oryza sativa	rice_soil_stress_root_atlas	sc_303	root	6	6
3298	Oryza sativa	rice_soil_stress_root_atlas	sc_303	root	7	7
3299	Oryza sativa	rice_soil_stress_root_atlas	sc_303	root	8	8
3300	Oryza sativa	rice_soil_stress_root_atlas	sc_303	root	1	1
3301	Oryza sativa	rice_soil_stress_root_atlas	sc_303	root	2	2
3302	Oryza sativa	rice_soil_stress_root_atlas	sc_303	root	4	4
3303	Oryza sativa	rice_soil_stress_root_atlas	sc_303	root	7	7
3304	Oryza sativa	rice_soil_stress_root_atlas	sc_303	root	2	2
3305	Oryza sativa	rice_soil_stress_root_atlas	sc_303	root	1	1
3306	Oryza sativa	rice_soil_stress_root_atlas	sc_303	root	3	3
3307	Oryza sativa	rice_soil_stress_root_atlas	sc_303	root	3	3
3308	Oryza sativa	rice_soil_stress_root_atlas	sc_303	root	3	3
3309	Oryza sativa	rice_soil_stress_root_atlas	sc_303	root	6	6
3310	Oryza sativa	rice_soil_stress_root_atlas	sc_303	root	3	3
3311	Oryza sativa	rice_soil_stress_root_atlas	sc_303	root	2	2
3312	Oryza sativa	rice_soil_stress_root_atlas	sc_303	root	3	3
3313	Oryza sativa	rice_soil_stress_root_atlas	sc_303	root	3	3
3314	Oryza sativa	rice_soil_stress_root_atlas	sc_303	root	4	4
3315	Oryza sativa	rice_soil_stress_root_atlas	sc_303	root	8	8
3316	Oryza sativa	rice_soil_stress_root_atlas	sc_303	root	3	3
3317	Oryza sativa	rice_soil_stress_root_atlas	sc_303	root	4	4
3318	Oryza sativa	rice_soil_stress_root_atlas	sc_303	root	1	1
3319	Oryza sativa	rice_soil_stress_root_atlas	sc_303	root	1	1
3320	Oryza sativa	rice_soil_stress_root_atlas	sc_303	root	4	4
3321	Oryza sativa	rice_soil_stress_root_atlas	sc_303	root	9	9
3322	Oryza sativa	rice_soil_stress_root_atlas	sc_303	root	5	5
3323	Oryza sativa	rice_soil_stress_root_atlas	sc_303	root	9	9
3324	Oryza sativa	rice_soil_stress_root_atlas	sc_303	root	1	1
3325	Oryza sativa	rice_soil_stress_root_atlas	sc_303	root	3	3
3326	Oryza sativa	rice_soil_stress_root_atlas	sc_303	root	7	7
3327	Oryza sativa	rice_soil_stress_root_atlas	sc_303	root	3	3
3328	Arabidopsis thaliana	arabidopsis_secondary_root_dev_atlas	GSM8335426_JWE03_filtered_feature_bc_matrix	secondary_root	unannotated_root	unannotated_root
3329	Arabidopsis thaliana	arabidopsis_secondary_root_dev_atlas	GSM8335426_JWE03_filtered_feature_bc_matrix	secondary_root	unannotated_root	unannotated_root
3330	Arabidopsis thaliana	arabidopsis_secondary_root_dev_atlas	GSM8335426_JWE03_filtered_feature_bc_matrix	secondary_root	unannotated_root	unannotated_root
3331	Arabidopsis thaliana	arabidopsis_secondary_root_dev_atlas	GSM8335426_JWE03_filtered_feature_bc_matrix	secondary_root	unannotated_root	unannotated_root
3332	Arabidopsis thaliana	arabidopsis_secondary_root_dev_atlas	GSM8335426_JWE03_filtered_feature_bc_matrix	secondary_root	unannotated_root	unannotated_root
3333	Arabidopsis thaliana	arabidopsis_secondary_root_dev_atlas	GSM8335426_JWE03_filtered_feature_bc_matrix	secondary_root	unannotated_root	unannotated_root
3334	Arabidopsis thaliana	arabidopsis_secondary_root_dev_atlas	GSM8335426_JWE03_filtered_feature_bc_matrix	secondary_root	unannotated_root	unannotated_root
3335	Arabidopsis thaliana	arabidopsis_secondary_root_dev_atlas	GSM8335426_JWE03_filtered_feature_bc_matrix	secondary_root	unannotated_root	unannotated_root
3336	Arabidopsis thaliana	arabidopsis_secondary_root_dev_atlas	GSM8335426_JWE03_filtered_feature_bc_matrix	secondary_root	unannotated_root	unannotated_root
3337	Arabidopsis thaliana	arabidopsis_secondary_root_dev_atlas	GSM8335426_JWE03_filtered_feature_bc_matrix	secondary_root	unannotated_root	unannotated_root
3338	Arabidopsis thaliana	arabidopsis_secondary_root_dev_atlas	GSM8335426_JWE03_filtered_feature_bc_matrix	secondary_root	unannotated_root	unannotated_root
3339	Arabidopsis thaliana	arabidopsis_secondary_root_dev_atlas	GSM8335426_JWE03_filtered_feature_bc_matrix	secondary_root	unannotated_root	unannotated_root
3340	Arabidopsis thaliana	arabidopsis_secondary_root_dev_atlas	GSM8335426_JWE03_filtered_feature_bc_matrix	secondary_root	unannotated_root	unannotated_root
3341	Arabidopsis thaliana	arabidopsis_secondary_root_dev_atlas	GSM8335426_JWE03_filtered_feature_bc_matrix	secondary_root	unannotated_root	unannotated_root
3342	Arabidopsis thaliana	arabidopsis_secondary_root_dev_atlas	GSM8335426_JWE03_filtered_feature_bc_matrix	secondary_root	unannotated_root	unannotated_root
3343	Arabidopsis thaliana	arabidopsis_secondary_root_dev_atlas	GSM8335426_JWE03_filtered_feature_bc_matrix	secondary_root	unannotated_root	unannotated_root
3344	Arabidopsis thaliana	arabidopsis_secondary_root_dev_atlas	GSM8335426_JWE03_filtered_feature_bc_matrix	secondary_root	unannotated_root	unannotated_root
3345	Arabidopsis thaliana	arabidopsis_secondary_root_dev_atlas	GSM8335426_JWE03_filtered_feature_bc_matrix	secondary_root	unannotated_root	unannotated_root
3346	Arabidopsis thaliana	arabidopsis_secondary_root_dev_atlas	GSM8335426_JWE03_filtered_feature_bc_matrix	secondary_root	unannotated_root	unannotated_root
3347	Arabidopsis thaliana	arabidopsis_secondary_root_dev_atlas	GSM8335426_JWE03_filtered_feature_bc_matrix	secondary_root	unannotated_root	unannotated_root
3348	Arabidopsis thaliana	arabidopsis_secondary_root_dev_atlas	GSM8335426_JWE03_filtered_feature_bc_matrix	secondary_root	unannotated_root	unannotated_root
3349	Arabidopsis thaliana	arabidopsis_secondary_root_dev_atlas	GSM8335426_JWE03_filtered_feature_bc_matrix	secondary_root	unannotated_root	unannotated_root
3350	Arabidopsis thaliana	arabidopsis_secondary_root_dev_atlas	GSM8335426_JWE03_filtered_feature_bc_matrix	secondary_root	unannotated_root	unannotated_root
3351	Arabidopsis thaliana	arabidopsis_secondary_root_dev_atlas	GSM8335426_JWE03_filtered_feature_bc_matrix	secondary_root	unannotated_root	unannotated_root
3352	Arabidopsis thaliana	arabidopsis_secondary_root_dev_atlas	GSM8335426_JWE03_filtered_feature_bc_matrix	secondary_root	unannotated_root	unannotated_root
3353	Arabidopsis thaliana	arabidopsis_secondary_root_dev_atlas	GSM8335426_JWE03_filtered_feature_bc_matrix	secondary_root	unannotated_root	unannotated_root
3354	Arabidopsis thaliana	arabidopsis_secondary_root_dev_atlas	GSM8335426_JWE03_filtered_feature_bc_matrix	secondary_root	unannotated_root	unannotated_root
3355	Arabidopsis thaliana	arabidopsis_secondary_root_dev_atlas	GSM8335426_JWE03_filtered_feature_bc_matrix	secondary_root	unannotated_root	unannotated_root
3356	Arabidopsis thaliana	arabidopsis_secondary_root_dev_atlas	GSM8335426_JWE03_filtered_feature_bc_matrix	secondary_root	unannotated_root	unannotated_root
3357	Arabidopsis thaliana	arabidopsis_secondary_root_dev_atlas	GSM8335426_JWE03_filtered_feature_bc_matrix	secondary_root	unannotated_root	unannotated_root
3358	Arabidopsis thaliana	arabidopsis_secondary_root_dev_atlas	GSM8335426_JWE03_filtered_feature_bc_matrix	secondary_root	unannotated_root	unannotated_root
3359	Arabidopsis thaliana	arabidopsis_secondary_root_dev_atlas	GSM8335426_JWE03_filtered_feature_bc_matrix	secondary_root	unannotated_root	unannotated_root
3360	Arabidopsis thaliana	arabidopsis_secondary_root_dev_atlas	GSM8335426_JWE03_filtered_feature_bc_matrix	secondary_root	unannotated_root	unannotated_root
3361	Arabidopsis thaliana	arabidopsis_secondary_root_dev_atlas	GSM8335426_JWE03_filtered_feature_bc_matrix	secondary_root	unannotated_root	unannotated_root
3362	Arabidopsis thaliana	arabidopsis_secondary_root_dev_atlas	GSM8335426_JWE03_filtered_feature_bc_matrix	secondary_root	unannotated_root	unannotated_root
3363	Arabidopsis thaliana	arabidopsis_secondary_root_dev_atlas	GSM8335426_JWE03_filtered_feature_bc_matrix	secondary_root	unannotated_root	unannotated_root
3364	Arabidopsis thaliana	arabidopsis_secondary_root_dev_atlas	GSM8335426_JWE03_filtered_feature_bc_matrix	secondary_root	unannotated_root	unannotated_root
3365	Arabidopsis thaliana	arabidopsis_secondary_root_dev_atlas	GSM8335426_JWE03_filtered_feature_bc_matrix	secondary_root	unannotated_root	unannotated_root
3366	Arabidopsis thaliana	arabidopsis_secondary_root_dev_atlas	GSM8335426_JWE03_filtered_feature_bc_matrix	secondary_root	unannotated_root	unannotated_root
3367	Arabidopsis thaliana	arabidopsis_secondary_root_dev_atlas	GSM8335426_JWE03_filtered_feature_bc_matrix	secondary_root	unannotated_root	unannotated_root
3368	Arabidopsis thaliana	arabidopsis_secondary_root_dev_atlas	GSM8335426_JWE03_filtered_feature_bc_matrix	secondary_root	unannotated_root	unannotated_root
3369	Arabidopsis thaliana	arabidopsis_secondary_root_dev_atlas	GSM8335426_JWE03_filtered_feature_bc_matrix	secondary_root	unannotated_root	unannotated_root
3370	Arabidopsis thaliana	arabidopsis_secondary_root_dev_atlas	GSM8335426_JWE03_filtered_feature_bc_matrix	secondary_root	unannotated_root	unannotated_root
3371	Arabidopsis thaliana	arabidopsis_secondary_root_dev_atlas	GSM8335426_JWE03_filtered_feature_bc_matrix	secondary_root	unannotated_root	unannotated_root
3372	Arabidopsis thaliana	arabidopsis_secondary_root_dev_atlas	GSM8335426_JWE03_filtered_feature_bc_matrix	secondary_root	unannotated_root	unannotated_root
3373	Arabidopsis thaliana	arabidopsis_secondary_root_dev_atlas	GSM8335426_JWE03_filtered_feature_bc_matrix	secondary_root	unannotated_root	unannotated_root
3374	Arabidopsis thaliana	arabidopsis_secondary_root_dev_atlas	GSM8335426_JWE03_filtered_feature_bc_matrix	secondary_root	unannotated_root	unannotated_root
3375	Arabidopsis thaliana	arabidopsis_secondary_root_dev_atlas	GSM8335426_JWE03_filtered_feature_bc_matrix	secondary_root	unannotated_root	unannotated_root
3376	Arabidopsis thaliana	arabidopsis_secondary_root_dev_atlas	GSM8335426_JWE03_filtered_feature_bc_matrix	secondary_root	unannotated_root	unannotated_root
3377	Arabidopsis thaliana	arabidopsis_secondary_root_dev_atlas	GSM8335426_JWE03_filtered_feature_bc_matrix	secondary_root	unannotated_root	unannotated_root
3378	Arabidopsis thaliana	arabidopsis_secondary_root_dev_atlas	GSM8335426_JWE03_filtered_feature_bc_matrix	secondary_root	unannotated_root	unannotated_root
3379	Arabidopsis thaliana	arabidopsis_secondary_root_dev_atlas	GSM8335426_JWE03_filtered_feature_bc_matrix	secondary_root	unannotated_root	unannotated_root
3380	Arabidopsis thaliana	arabidopsis_secondary_root_dev_atlas	GSM8335426_JWE03_filtered_feature_bc_matrix	secondary_root	unannotated_root	unannotated_root
3381	Arabidopsis thaliana	arabidopsis_secondary_root_dev_atlas	GSM8335426_JWE03_filtered_feature_bc_matrix	secondary_root	unannotated_root	unannotated_root
3382	Arabidopsis thaliana	arabidopsis_secondary_root_dev_atlas	GSM8335426_JWE03_filtered_feature_bc_matrix	secondary_root	unannotated_root	unannotated_root
3383	Arabidopsis thaliana	arabidopsis_secondary_root_dev_atlas	GSM8335426_JWE03_filtered_feature_bc_matrix	secondary_root	unannotated_root	unannotated_root
3384	Arabidopsis thaliana	arabidopsis_secondary_root_dev_atlas	GSM8335426_JWE03_filtered_feature_bc_matrix	secondary_root	unannotated_root	unannotated_root
3385	Arabidopsis thaliana	arabidopsis_secondary_root_dev_atlas	GSM8335426_JWE03_filtered_feature_bc_matrix	secondary_root	unannotated_root	unannotated_root
3386	Arabidopsis thaliana	arabidopsis_secondary_root_dev_atlas	GSM8335426_JWE03_filtered_feature_bc_matrix	secondary_root	unannotated_root	unannotated_root
3387	Arabidopsis thaliana	arabidopsis_secondary_root_dev_atlas	GSM8335426_JWE03_filtered_feature_bc_matrix	secondary_root	unannotated_root	unannotated_root
3388	Arabidopsis thaliana	arabidopsis_secondary_root_dev_atlas	GSM8335426_JWE03_filtered_feature_bc_matrix	secondary_root	unannotated_root	unannotated_root
3389	Arabidopsis thaliana	arabidopsis_secondary_root_dev_atlas	GSM8335426_JWE03_filtered_feature_bc_matrix	secondary_root	unannotated_root	unannotated_root
3390	Arabidopsis thaliana	arabidopsis_secondary_root_dev_atlas	GSM8335426_JWE03_filtered_feature_bc_matrix	secondary_root	unannotated_root	unannotated_root
3391	Arabidopsis thaliana	arabidopsis_secondary_root_dev_atlas	GSM8335426_JWE03_filtered_feature_bc_matrix	secondary_root	unannotated_root	unannotated_root
3392	Arabidopsis thaliana	arabidopsis_secondary_root_dev_atlas	GSM8335426_JWE03_filtered_feature_bc_matrix	secondary_root	unannotated_root	unannotated_root
3393	Arabidopsis thaliana	arabidopsis_secondary_root_dev_atlas	GSM8335426_JWE03_filtered_feature_bc_matrix	secondary_root	unannotated_root	unannotated_root
3394	Arabidopsis thaliana	arabidopsis_secondary_root_dev_atlas	GSM8335426_JWE03_filtered_feature_bc_matrix	secondary_root	unannotated_root	unannotated_root
3395	Arabidopsis thaliana	arabidopsis_secondary_root_dev_atlas	GSM8335426_JWE03_filtered_feature_bc_matrix	secondary_root	unannotated_root	unannotated_root
3396	Arabidopsis thaliana	arabidopsis_secondary_root_dev_atlas	GSM8335426_JWE03_filtered_feature_bc_matrix	secondary_root	unannotated_root	unannotated_root
3397	Arabidopsis thaliana	arabidopsis_secondary_root_dev_atlas	GSM8335426_JWE03_filtered_feature_bc_matrix	secondary_root	unannotated_root	unannotated_root
3398	Arabidopsis thaliana	arabidopsis_secondary_root_dev_atlas	GSM8335426_JWE03_filtered_feature_bc_matrix	secondary_root	unannotated_root	unannotated_root
3399	Arabidopsis thaliana	arabidopsis_secondary_root_dev_atlas	GSM8335426_JWE03_filtered_feature_bc_matrix	secondary_root	unannotated_root	unannotated_root
3400	Arabidopsis thaliana	arabidopsis_secondary_root_dev_atlas	GSM8335426_JWE03_filtered_feature_bc_matrix	secondary_root	unannotated_root	unannotated_root
3401	Arabidopsis thaliana	arabidopsis_secondary_root_dev_atlas	GSM8335426_JWE03_filtered_feature_bc_matrix	secondary_root	unannotated_root	unannotated_root
3402	Arabidopsis thaliana	arabidopsis_secondary_root_dev_atlas	GSM8335426_JWE03_filtered_feature_bc_matrix	secondary_root	unannotated_root	unannotated_root
3403	Arabidopsis thaliana	arabidopsis_secondary_root_dev_atlas	GSM8335426_JWE03_filtered_feature_bc_matrix	secondary_root	unannotated_root	unannotated_root
3404	Arabidopsis thaliana	arabidopsis_secondary_root_dev_atlas	GSM8335426_JWE03_filtered_feature_bc_matrix	secondary_root	unannotated_root	unannotated_root
3405	Arabidopsis thaliana	arabidopsis_secondary_root_dev_atlas	GSM8335426_JWE03_filtered_feature_bc_matrix	secondary_root	unannotated_root	unannotated_root
3406	Arabidopsis thaliana	arabidopsis_secondary_root_dev_atlas	GSM8335426_JWE03_filtered_feature_bc_matrix	secondary_root	unannotated_root	unannotated_root
3407	Arabidopsis thaliana	arabidopsis_secondary_root_dev_atlas	GSM8335426_JWE03_filtered_feature_bc_matrix	secondary_root	unannotated_root	unannotated_root
3408	Arabidopsis thaliana	arabidopsis_secondary_root_dev_atlas	GSM8335426_JWE03_filtered_feature_bc_matrix	secondary_root	unannotated_root	unannotated_root
3409	Arabidopsis thaliana	arabidopsis_secondary_root_dev_atlas	GSM8335426_JWE03_filtered_feature_bc_matrix	secondary_root	unannotated_root	unannotated_root
3410	Arabidopsis thaliana	arabidopsis_secondary_root_dev_atlas	GSM8335426_JWE03_filtered_feature_bc_matrix	secondary_root	unannotated_root	unannotated_root
3411	Arabidopsis thaliana	arabidopsis_secondary_root_dev_atlas	GSM8335426_JWE03_filtered_feature_bc_matrix	secondary_root	unannotated_root	unannotated_root
3412	Arabidopsis thaliana	arabidopsis_secondary_root_dev_atlas	GSM8335426_JWE03_filtered_feature_bc_matrix	secondary_root	unannotated_root	unannotated_root
3413	Arabidopsis thaliana	arabidopsis_secondary_root_dev_atlas	GSM8335426_JWE03_filtered_feature_bc_matrix	secondary_root	unannotated_root	unannotated_root
3414	Arabidopsis thaliana	arabidopsis_secondary_root_dev_atlas	GSM8335426_JWE03_filtered_feature_bc_matrix	secondary_root	unannotated_root	unannotated_root
3415	Arabidopsis thaliana	arabidopsis_secondary_root_dev_atlas	GSM8335426_JWE03_filtered_feature_bc_matrix	secondary_root	unannotated_root	unannotated_root
3416	Arabidopsis thaliana	arabidopsis_secondary_root_dev_atlas	GSM8335426_JWE03_filtered_feature_bc_matrix	secondary_root	unannotated_root	unannotated_root
3417	Arabidopsis thaliana	arabidopsis_secondary_root_dev_atlas	GSM8335426_JWE03_filtered_feature_bc_matrix	secondary_root	unannotated_root	unannotated_root
3418	Arabidopsis thaliana	arabidopsis_secondary_root_dev_atlas	GSM8335426_JWE03_filtered_feature_bc_matrix	secondary_root	unannotated_root	unannotated_root
3419	Arabidopsis thaliana	arabidopsis_secondary_root_dev_atlas	GSM8335426_JWE03_filtered_feature_bc_matrix	secondary_root	unannotated_root	unannotated_root
3420	Arabidopsis thaliana	arabidopsis_secondary_root_dev_atlas	GSM8335426_JWE03_filtered_feature_bc_matrix	secondary_root	unannotated_root	unannotated_root
3421	Arabidopsis thaliana	arabidopsis_secondary_root_dev_atlas	GSM8335426_JWE03_filtered_feature_bc_matrix	secondary_root	unannotated_root	unannotated_root
3422	Arabidopsis thaliana	arabidopsis_secondary_root_dev_atlas	GSM8335426_JWE03_filtered_feature_bc_matrix	secondary_root	unannotated_root	unannotated_root
3423	Arabidopsis thaliana	arabidopsis_secondary_root_dev_atlas	GSM8335426_JWE03_filtered_feature_bc_matrix	secondary_root	unannotated_root	unannotated_root
3424	Arabidopsis thaliana	arabidopsis_secondary_root_dev_atlas	GSM8335426_JWE03_filtered_feature_bc_matrix	secondary_root	unannotated_root	unannotated_root
3425	Arabidopsis thaliana	arabidopsis_secondary_root_dev_atlas	GSM8335426_JWE03_filtered_feature_bc_matrix	secondary_root	unannotated_root	unannotated_root
3426	Arabidopsis thaliana	arabidopsis_secondary_root_dev_atlas	GSM8335426_JWE03_filtered_feature_bc_matrix	secondary_root	unannotated_root	unannotated_root
3427	Arabidopsis thaliana	arabidopsis_secondary_root_dev_atlas	GSM8335426_JWE03_filtered_feature_bc_matrix	secondary_root	unannotated_root	unannotated_root
3428	Arabidopsis thaliana	arabidopsis_secondary_root_dev_atlas	GSM8335426_JWE03_filtered_feature_bc_matrix	secondary_root	unannotated_root	unannotated_root
3429	Arabidopsis thaliana	arabidopsis_secondary_root_dev_atlas	GSM8335426_JWE03_filtered_feature_bc_matrix	secondary_root	unannotated_root	unannotated_root
3430	Arabidopsis thaliana	arabidopsis_secondary_root_dev_atlas	GSM8335426_JWE03_filtered_feature_bc_matrix	secondary_root	unannotated_root	unannotated_root
3431	Arabidopsis thaliana	arabidopsis_secondary_root_dev_atlas	GSM8335426_JWE03_filtered_feature_bc_matrix	secondary_root	unannotated_root	unannotated_root
3432	Arabidopsis thaliana	arabidopsis_secondary_root_dev_atlas	GSM8335426_JWE03_filtered_feature_bc_matrix	secondary_root	unannotated_root	unannotated_root
3433	Arabidopsis thaliana	arabidopsis_secondary_root_dev_atlas	GSM8335426_JWE03_filtered_feature_bc_matrix	secondary_root	unannotated_root	unannotated_root
3434	Arabidopsis thaliana	arabidopsis_secondary_root_dev_atlas	GSM8335426_JWE03_filtered_feature_bc_matrix	secondary_root	unannotated_root	unannotated_root
3435	Arabidopsis thaliana	arabidopsis_secondary_root_dev_atlas	GSM8335426_JWE03_filtered_feature_bc_matrix	secondary_root	unannotated_root	unannotated_root
3436	Arabidopsis thaliana	arabidopsis_secondary_root_dev_atlas	GSM8335426_JWE03_filtered_feature_bc_matrix	secondary_root	unannotated_root	unannotated_root
3437	Arabidopsis thaliana	arabidopsis_secondary_root_dev_atlas	GSM8335426_JWE03_filtered_feature_bc_matrix	secondary_root	unannotated_root	unannotated_root
3438	Arabidopsis thaliana	arabidopsis_secondary_root_dev_atlas	GSM8335426_JWE03_filtered_feature_bc_matrix	secondary_root	unannotated_root	unannotated_root
3439	Arabidopsis thaliana	arabidopsis_secondary_root_dev_atlas	GSM8335426_JWE03_filtered_feature_bc_matrix	secondary_root	unannotated_root	unannotated_root
3440	Arabidopsis thaliana	arabidopsis_secondary_root_dev_atlas	GSM8335426_JWE03_filtered_feature_bc_matrix	secondary_root	unannotated_root	unannotated_root
3441	Arabidopsis thaliana	arabidopsis_secondary_root_dev_atlas	GSM8335426_JWE03_filtered_feature_bc_matrix	secondary_root	unannotated_root	unannotated_root
3442	Arabidopsis thaliana	arabidopsis_secondary_root_dev_atlas	GSM8335426_JWE03_filtered_feature_bc_matrix	secondary_root	unannotated_root	unannotated_root
3443	Arabidopsis thaliana	arabidopsis_secondary_root_dev_atlas	GSM8335426_JWE03_filtered_feature_bc_matrix	secondary_root	unannotated_root	unannotated_root
3444	Arabidopsis thaliana	arabidopsis_secondary_root_dev_atlas	GSM8335426_JWE03_filtered_feature_bc_matrix	secondary_root	unannotated_root	unannotated_root
3445	Arabidopsis thaliana	arabidopsis_secondary_root_dev_atlas	GSM8335426_JWE03_filtered_feature_bc_matrix	secondary_root	unannotated_root	unannotated_root
3446	Arabidopsis thaliana	arabidopsis_secondary_root_dev_atlas	GSM8335426_JWE03_filtered_feature_bc_matrix	secondary_root	unannotated_root	unannotated_root
3447	Arabidopsis thaliana	arabidopsis_secondary_root_dev_atlas	GSM8335426_JWE03_filtered_feature_bc_matrix	secondary_root	unannotated_root	unannotated_root
3448	Arabidopsis thaliana	arabidopsis_secondary_root_dev_atlas	GSM8335426_JWE03_filtered_feature_bc_matrix	secondary_root	unannotated_root	unannotated_root
3449	Arabidopsis thaliana	arabidopsis_secondary_root_dev_atlas	GSM8335426_JWE03_filtered_feature_bc_matrix	secondary_root	unannotated_root	unannotated_root
3450	Arabidopsis thaliana	arabidopsis_secondary_root_dev_atlas	GSM8335426_JWE03_filtered_feature_bc_matrix	secondary_root	unannotated_root	unannotated_root
3451	Arabidopsis thaliana	arabidopsis_secondary_root_dev_atlas	GSM8335426_JWE03_filtered_feature_bc_matrix	secondary_root	unannotated_root	unannotated_root
3452	Arabidopsis thaliana	arabidopsis_secondary_root_dev_atlas	GSM8335426_JWE03_filtered_feature_bc_matrix	secondary_root	unannotated_root	unannotated_root
3453	Arabidopsis thaliana	arabidopsis_secondary_root_dev_atlas	GSM8335426_JWE03_filtered_feature_bc_matrix	secondary_root	unannotated_root	unannotated_root
3454	Arabidopsis thaliana	arabidopsis_secondary_root_dev_atlas	GSM8335426_JWE03_filtered_feature_bc_matrix	secondary_root	unannotated_root	unannotated_root
3455	Arabidopsis thaliana	arabidopsis_secondary_root_dev_atlas	GSM8335426_JWE03_filtered_feature_bc_matrix	secondary_root	unannotated_root	unannotated_root
3456	Arabidopsis thaliana	arabidopsis_secondary_root_dev_atlas	GSM8335426_JWE03_filtered_feature_bc_matrix	secondary_root	unannotated_root	unannotated_root
3457	Arabidopsis thaliana	arabidopsis_secondary_root_dev_atlas	GSM8335426_JWE03_filtered_feature_bc_matrix	secondary_root	unannotated_root	unannotated_root
3458	Arabidopsis thaliana	arabidopsis_secondary_root_dev_atlas	GSM8335426_JWE03_filtered_feature_bc_matrix	secondary_root	unannotated_root	unannotated_root
3459	Arabidopsis thaliana	arabidopsis_secondary_root_dev_atlas	GSM8335426_JWE03_filtered_feature_bc_matrix	secondary_root	unannotated_root	unannotated_root
3460	Arabidopsis thaliana	arabidopsis_secondary_root_dev_atlas	GSM8335426_JWE03_filtered_feature_bc_matrix	secondary_root	unannotated_root	unannotated_root
3461	Arabidopsis thaliana	arabidopsis_secondary_root_dev_atlas	GSM8335426_JWE03_filtered_feature_bc_matrix	secondary_root	unannotated_root	unannotated_root
3462	Arabidopsis thaliana	arabidopsis_secondary_root_dev_atlas	GSM8335426_JWE03_filtered_feature_bc_matrix	secondary_root	unannotated_root	unannotated_root
3463	Arabidopsis thaliana	arabidopsis_secondary_root_dev_atlas	GSM8335426_JWE03_filtered_feature_bc_matrix	secondary_root	unannotated_root	unannotated_root
3464	Arabidopsis thaliana	arabidopsis_secondary_root_dev_atlas	GSM8335426_JWE03_filtered_feature_bc_matrix	secondary_root	unannotated_root	unannotated_root
3465	Arabidopsis thaliana	arabidopsis_secondary_root_dev_atlas	GSM8335426_JWE03_filtered_feature_bc_matrix	secondary_root	unannotated_root	unannotated_root
3466	Arabidopsis thaliana	arabidopsis_secondary_root_dev_atlas	GSM8335426_JWE03_filtered_feature_bc_matrix	secondary_root	unannotated_root	unannotated_root
3467	Arabidopsis thaliana	arabidopsis_secondary_root_dev_atlas	GSM8335426_JWE03_filtered_feature_bc_matrix	secondary_root	unannotated_root	unannotated_root
3468	Arabidopsis thaliana	arabidopsis_secondary_root_dev_atlas	GSM8335426_JWE03_filtered_feature_bc_matrix	secondary_root	unannotated_root	unannotated_root
3469	Arabidopsis thaliana	arabidopsis_secondary_root_dev_atlas	GSM8335426_JWE03_filtered_feature_bc_matrix	secondary_root	unannotated_root	unannotated_root
3470	Arabidopsis thaliana	arabidopsis_secondary_root_dev_atlas	GSM8335426_JWE03_filtered_feature_bc_matrix	secondary_root	unannotated_root	unannotated_root
3471	Arabidopsis thaliana	arabidopsis_secondary_root_dev_atlas	GSM8335426_JWE03_filtered_feature_bc_matrix	secondary_root	unannotated_root	unannotated_root
3472	Arabidopsis thaliana	arabidopsis_secondary_root_dev_atlas	GSM8335426_JWE03_filtered_feature_bc_matrix	secondary_root	unannotated_root	unannotated_root
3473	Arabidopsis thaliana	arabidopsis_secondary_root_dev_atlas	GSM8335426_JWE03_filtered_feature_bc_matrix	secondary_root	unannotated_root	unannotated_root
3474	Arabidopsis thaliana	arabidopsis_secondary_root_dev_atlas	GSM8335426_JWE03_filtered_feature_bc_matrix	secondary_root	unannotated_root	unannotated_root
3475	Arabidopsis thaliana	arabidopsis_secondary_root_dev_atlas	GSM8335426_JWE03_filtered_feature_bc_matrix	secondary_root	unannotated_root	unannotated_root
3476	Arabidopsis thaliana	arabidopsis_secondary_root_dev_atlas	GSM8335426_JWE03_filtered_feature_bc_matrix	secondary_root	unannotated_root	unannotated_root
3477	Arabidopsis thaliana	arabidopsis_secondary_root_dev_atlas	GSM8335426_JWE03_filtered_feature_bc_matrix	secondary_root	unannotated_root	unannotated_root
3478	Arabidopsis thaliana	arabidopsis_secondary_root_dev_atlas	GSM8335426_JWE03_filtered_feature_bc_matrix	secondary_root	unannotated_root	unannotated_root
3479	Arabidopsis thaliana	arabidopsis_secondary_root_dev_atlas	GSM8335426_JWE03_filtered_feature_bc_matrix	secondary_root	unannotated_root	unannotated_root
3480	Arabidopsis thaliana	arabidopsis_secondary_root_dev_atlas	GSM8335426_JWE03_filtered_feature_bc_matrix	secondary_root	unannotated_root	unannotated_root
3481	Arabidopsis thaliana	arabidopsis_secondary_root_dev_atlas	GSM8335426_JWE03_filtered_feature_bc_matrix	secondary_root	unannotated_root	unannotated_root
3482	Arabidopsis thaliana	arabidopsis_secondary_root_dev_atlas	GSM8335426_JWE03_filtered_feature_bc_matrix	secondary_root	unannotated_root	unannotated_root
3483	Arabidopsis thaliana	arabidopsis_secondary_root_dev_atlas	GSM8335426_JWE03_filtered_feature_bc_matrix	secondary_root	unannotated_root	unannotated_root
3484	Arabidopsis thaliana	arabidopsis_secondary_root_dev_atlas	GSM8335426_JWE03_filtered_feature_bc_matrix	secondary_root	unannotated_root	unannotated_root
3485	Arabidopsis thaliana	arabidopsis_secondary_root_dev_atlas	GSM8335426_JWE03_filtered_feature_bc_matrix	secondary_root	unannotated_root	unannotated_root
3486	Arabidopsis thaliana	arabidopsis_secondary_root_dev_atlas	GSM8335426_JWE03_filtered_feature_bc_matrix	secondary_root	unannotated_root	unannotated_root
3487	Arabidopsis thaliana	arabidopsis_secondary_root_dev_atlas	GSM8335426_JWE03_filtered_feature_bc_matrix	secondary_root	unannotated_root	unannotated_root
3488	Arabidopsis thaliana	arabidopsis_secondary_root_dev_atlas	GSM8335426_JWE03_filtered_feature_bc_matrix	secondary_root	unannotated_root	unannotated_root
3489	Arabidopsis thaliana	arabidopsis_secondary_root_dev_atlas	GSM8335426_JWE03_filtered_feature_bc_matrix	secondary_root	unannotated_root	unannotated_root
3490	Arabidopsis thaliana	arabidopsis_secondary_root_dev_atlas	GSM8335426_JWE03_filtered_feature_bc_matrix	secondary_root	unannotated_root	unannotated_root
3491	Arabidopsis thaliana	arabidopsis_secondary_root_dev_atlas	GSM8335426_JWE03_filtered_feature_bc_matrix	secondary_root	unannotated_root	unannotated_root
3492	Arabidopsis thaliana	arabidopsis_secondary_root_dev_atlas	GSM8335426_JWE03_filtered_feature_bc_matrix	secondary_root	unannotated_root	unannotated_root
3493	Arabidopsis thaliana	arabidopsis_secondary_root_dev_atlas	GSM8335426_JWE03_filtered_feature_bc_matrix	secondary_root	unannotated_root	unannotated_root
3494	Arabidopsis thaliana	arabidopsis_secondary_root_dev_atlas	GSM8335426_JWE03_filtered_feature_bc_matrix	secondary_root	unannotated_root	unannotated_root
3495	Arabidopsis thaliana	arabidopsis_secondary_root_dev_atlas	GSM8335426_JWE03_filtered_feature_bc_matrix	secondary_root	unannotated_root	unannotated_root
3496	Arabidopsis thaliana	arabidopsis_secondary_root_dev_atlas	GSM8335426_JWE03_filtered_feature_bc_matrix	secondary_root	unannotated_root	unannotated_root
3497	Arabidopsis thaliana	arabidopsis_secondary_root_dev_atlas	GSM8335426_JWE03_filtered_feature_bc_matrix	secondary_root	unannotated_root	unannotated_root
3498	Arabidopsis thaliana	arabidopsis_secondary_root_dev_atlas	GSM8335426_JWE03_filtered_feature_bc_matrix	secondary_root	unannotated_root	unannotated_root
3499	Arabidopsis thaliana	arabidopsis_secondary_root_dev_atlas	GSM8335426_JWE03_filtered_feature_bc_matrix	secondary_root	unannotated_root	unannotated_root
3500	Arabidopsis thaliana	arabidopsis_secondary_root_dev_atlas	GSM8335426_JWE03_filtered_feature_bc_matrix	secondary_root	unannotated_root	unannotated_root
3501	Arabidopsis thaliana	arabidopsis_secondary_root_dev_atlas	GSM8335426_JWE03_filtered_feature_bc_matrix	secondary_root	unannotated_root	unannotated_root
3502	Arabidopsis thaliana	arabidopsis_secondary_root_dev_atlas	GSM8335426_JWE03_filtered_feature_bc_matrix	secondary_root	unannotated_root	unannotated_root
3503	Arabidopsis thaliana	arabidopsis_secondary_root_dev_atlas	GSM8335426_JWE03_filtered_feature_bc_matrix	secondary_root	unannotated_root	unannotated_root
3504	Arabidopsis thaliana	arabidopsis_secondary_root_dev_atlas	GSM8335426_JWE03_filtered_feature_bc_matrix	secondary_root	unannotated_root	unannotated_root
3505	Arabidopsis thaliana	arabidopsis_secondary_root_dev_atlas	GSM8335426_JWE03_filtered_feature_bc_matrix	secondary_root	unannotated_root	unannotated_root
3506	Arabidopsis thaliana	arabidopsis_secondary_root_dev_atlas	GSM8335426_JWE03_filtered_feature_bc_matrix	secondary_root	unannotated_root	unannotated_root
3507	Arabidopsis thaliana	arabidopsis_secondary_root_dev_atlas	GSM8335426_JWE03_filtered_feature_bc_matrix	secondary_root	unannotated_root	unannotated_root
3508	Arabidopsis thaliana	arabidopsis_secondary_root_dev_atlas	GSM8335426_JWE03_filtered_feature_bc_matrix	secondary_root	unannotated_root	unannotated_root
3509	Arabidopsis thaliana	arabidopsis_secondary_root_dev_atlas	GSM8335426_JWE03_filtered_feature_bc_matrix	secondary_root	unannotated_root	unannotated_root
3510	Arabidopsis thaliana	arabidopsis_secondary_root_dev_atlas	GSM8335426_JWE03_filtered_feature_bc_matrix	secondary_root	unannotated_root	unannotated_root
3511	Arabidopsis thaliana	arabidopsis_secondary_root_dev_atlas	GSM8335426_JWE03_filtered_feature_bc_matrix	secondary_root	unannotated_root	unannotated_root
3512	Arabidopsis thaliana	arabidopsis_secondary_root_dev_atlas	GSM8335426_JWE03_filtered_feature_bc_matrix	secondary_root	unannotated_root	unannotated_root
3513	Arabidopsis thaliana	arabidopsis_secondary_root_dev_atlas	GSM8335426_JWE03_filtered_feature_bc_matrix	secondary_root	unannotated_root	unannotated_root
3514	Arabidopsis thaliana	arabidopsis_secondary_root_dev_atlas	GSM8335426_JWE03_filtered_feature_bc_matrix	secondary_root	unannotated_root	unannotated_root
3515	Arabidopsis thaliana	arabidopsis_secondary_root_dev_atlas	GSM8335426_JWE03_filtered_feature_bc_matrix	secondary_root	unannotated_root	unannotated_root
3516	Arabidopsis thaliana	arabidopsis_secondary_root_dev_atlas	GSM8335426_JWE03_filtered_feature_bc_matrix	secondary_root	unannotated_root	unannotated_root
3517	Arabidopsis thaliana	arabidopsis_secondary_root_dev_atlas	GSM8335426_JWE03_filtered_feature_bc_matrix	secondary_root	unannotated_root	unannotated_root
3518	Arabidopsis thaliana	arabidopsis_secondary_root_dev_atlas	GSM8335426_JWE03_filtered_feature_bc_matrix	secondary_root	unannotated_root	unannotated_root
3519	Arabidopsis thaliana	arabidopsis_secondary_root_dev_atlas	GSM8335426_JWE03_filtered_feature_bc_matrix	secondary_root	unannotated_root	unannotated_root
3520	Arabidopsis thaliana	arabidopsis_secondary_root_dev_atlas	GSM8335426_JWE03_filtered_feature_bc_matrix	secondary_root	unannotated_root	unannotated_root
3521	Arabidopsis thaliana	arabidopsis_secondary_root_dev_atlas	GSM8335426_JWE03_filtered_feature_bc_matrix	secondary_root	unannotated_root	unannotated_root
3522	Arabidopsis thaliana	arabidopsis_secondary_root_dev_atlas	GSM8335426_JWE03_filtered_feature_bc_matrix	secondary_root	unannotated_root	unannotated_root
3523	Arabidopsis thaliana	arabidopsis_secondary_root_dev_atlas	GSM8335426_JWE03_filtered_feature_bc_matrix	secondary_root	unannotated_root	unannotated_root
3524	Arabidopsis thaliana	arabidopsis_secondary_root_dev_atlas	GSM8335426_JWE03_filtered_feature_bc_matrix	secondary_root	unannotated_root	unannotated_root
3525	Arabidopsis thaliana	arabidopsis_secondary_root_dev_atlas	GSM8335426_JWE03_filtered_feature_bc_matrix	secondary_root	unannotated_root	unannotated_root
3526	Arabidopsis thaliana	arabidopsis_secondary_root_dev_atlas	GSM8335426_JWE03_filtered_feature_bc_matrix	secondary_root	unannotated_root	unannotated_root
3527	Arabidopsis thaliana	arabidopsis_secondary_root_dev_atlas	GSM8335426_JWE03_filtered_feature_bc_matrix	secondary_root	unannotated_root	unannotated_root
3528	Arabidopsis thaliana	arabidopsis_secondary_root_dev_atlas	GSM8335426_JWE03_filtered_feature_bc_matrix	secondary_root	unannotated_root	unannotated_root
3529	Arabidopsis thaliana	arabidopsis_secondary_root_dev_atlas	GSM8335426_JWE03_filtered_feature_bc_matrix	secondary_root	unannotated_root	unannotated_root
3530	Arabidopsis thaliana	arabidopsis_secondary_root_dev_atlas	GSM8335426_JWE03_filtered_feature_bc_matrix	secondary_root	unannotated_root	unannotated_root
3531	Arabidopsis thaliana	arabidopsis_secondary_root_dev_atlas	GSM8335426_JWE03_filtered_feature_bc_matrix	secondary_root	unannotated_root	unannotated_root
3532	Arabidopsis thaliana	arabidopsis_secondary_root_dev_atlas	GSM8335426_JWE03_filtered_feature_bc_matrix	secondary_root	unannotated_root	unannotated_root
3533	Arabidopsis thaliana	arabidopsis_secondary_root_dev_atlas	GSM8335426_JWE03_filtered_feature_bc_matrix	secondary_root	unannotated_root	unannotated_root
3534	Arabidopsis thaliana	arabidopsis_secondary_root_dev_atlas	GSM8335426_JWE03_filtered_feature_bc_matrix	secondary_root	unannotated_root	unannotated_root
3535	Arabidopsis thaliana	arabidopsis_secondary_root_dev_atlas	GSM8335426_JWE03_filtered_feature_bc_matrix	secondary_root	unannotated_root	unannotated_root
3536	Arabidopsis thaliana	arabidopsis_secondary_root_dev_atlas	GSM8335426_JWE03_filtered_feature_bc_matrix	secondary_root	unannotated_root	unannotated_root
3537	Arabidopsis thaliana	arabidopsis_secondary_root_dev_atlas	GSM8335426_JWE03_filtered_feature_bc_matrix	secondary_root	unannotated_root	unannotated_root
3538	Arabidopsis thaliana	arabidopsis_secondary_root_dev_atlas	GSM8335426_JWE03_filtered_feature_bc_matrix	secondary_root	unannotated_root	unannotated_root
3539	Arabidopsis thaliana	arabidopsis_secondary_root_dev_atlas	GSM8335426_JWE03_filtered_feature_bc_matrix	secondary_root	unannotated_root	unannotated_root
3540	Arabidopsis thaliana	arabidopsis_secondary_root_dev_atlas	GSM8335426_JWE03_filtered_feature_bc_matrix	secondary_root	unannotated_root	unannotated_root
3541	Arabidopsis thaliana	arabidopsis_secondary_root_dev_atlas	GSM8335426_JWE03_filtered_feature_bc_matrix	secondary_root	unannotated_root	unannotated_root
3542	Arabidopsis thaliana	arabidopsis_secondary_root_dev_atlas	GSM8335426_JWE03_filtered_feature_bc_matrix	secondary_root	unannotated_root	unannotated_root
3543	Arabidopsis thaliana	arabidopsis_secondary_root_dev_atlas	GSM8335426_JWE03_filtered_feature_bc_matrix	secondary_root	unannotated_root	unannotated_root
3544	Arabidopsis thaliana	arabidopsis_secondary_root_dev_atlas	GSM8335426_JWE03_filtered_feature_bc_matrix	secondary_root	unannotated_root	unannotated_root
3545	Arabidopsis thaliana	arabidopsis_secondary_root_dev_atlas	GSM8335426_JWE03_filtered_feature_bc_matrix	secondary_root	unannotated_root	unannotated_root
3546	Arabidopsis thaliana	arabidopsis_secondary_root_dev_atlas	GSM8335426_JWE03_filtered_feature_bc_matrix	secondary_root	unannotated_root	unannotated_root
3547	Arabidopsis thaliana	arabidopsis_secondary_root_dev_atlas	GSM8335426_JWE03_filtered_feature_bc_matrix	secondary_root	unannotated_root	unannotated_root
3548	Arabidopsis thaliana	arabidopsis_secondary_root_dev_atlas	GSM8335426_JWE03_filtered_feature_bc_matrix	secondary_root	unannotated_root	unannotated_root
3549	Arabidopsis thaliana	arabidopsis_secondary_root_dev_atlas	GSM8335426_JWE03_filtered_feature_bc_matrix	secondary_root	unannotated_root	unannotated_root
3550	Arabidopsis thaliana	arabidopsis_secondary_root_dev_atlas	GSM8335426_JWE03_filtered_feature_bc_matrix	secondary_root	unannotated_root	unannotated_root
3551	Arabidopsis thaliana	arabidopsis_secondary_root_dev_atlas	GSM8335426_JWE03_filtered_feature_bc_matrix	secondary_root	unannotated_root	unannotated_root
3552	Arabidopsis thaliana	arabidopsis_secondary_root_dev_atlas	GSM8335426_JWE03_filtered_feature_bc_matrix	secondary_root	unannotated_root	unannotated_root
3553	Arabidopsis thaliana	arabidopsis_secondary_root_dev_atlas	GSM8335426_JWE03_filtered_feature_bc_matrix	secondary_root	unannotated_root	unannotated_root
3554	Arabidopsis thaliana	arabidopsis_secondary_root_dev_atlas	GSM8335426_JWE03_filtered_feature_bc_matrix	secondary_root	unannotated_root	unannotated_root
3555	Arabidopsis thaliana	arabidopsis_secondary_root_dev_atlas	GSM8335426_JWE03_filtered_feature_bc_matrix	secondary_root	unannotated_root	unannotated_root
3556	Arabidopsis thaliana	arabidopsis_secondary_root_dev_atlas	GSM8335426_JWE03_filtered_feature_bc_matrix	secondary_root	unannotated_root	unannotated_root
3557	Arabidopsis thaliana	arabidopsis_secondary_root_dev_atlas	GSM8335426_JWE03_filtered_feature_bc_matrix	secondary_root	unannotated_root	unannotated_root
3558	Arabidopsis thaliana	arabidopsis_secondary_root_dev_atlas	GSM8335426_JWE03_filtered_feature_bc_matrix	secondary_root	unannotated_root	unannotated_root
3559	Arabidopsis thaliana	arabidopsis_secondary_root_dev_atlas	GSM8335426_JWE03_filtered_feature_bc_matrix	secondary_root	unannotated_root	unannotated_root
3560	Arabidopsis thaliana	arabidopsis_secondary_root_dev_atlas	GSM8335426_JWE03_filtered_feature_bc_matrix	secondary_root	unannotated_root	unannotated_root
3561	Arabidopsis thaliana	arabidopsis_secondary_root_dev_atlas	GSM8335426_JWE03_filtered_feature_bc_matrix	secondary_root	unannotated_root	unannotated_root
3562	Arabidopsis thaliana	arabidopsis_secondary_root_dev_atlas	GSM8335426_JWE03_filtered_feature_bc_matrix	secondary_root	unannotated_root	unannotated_root
3563	Arabidopsis thaliana	arabidopsis_secondary_root_dev_atlas	GSM8335426_JWE03_filtered_feature_bc_matrix	secondary_root	unannotated_root	unannotated_root
3564	Arabidopsis thaliana	arabidopsis_secondary_root_dev_atlas	GSM8335426_JWE03_filtered_feature_bc_matrix	secondary_root	unannotated_root	unannotated_root
3565	Arabidopsis thaliana	arabidopsis_secondary_root_dev_atlas	GSM8335426_JWE03_filtered_feature_bc_matrix	secondary_root	unannotated_root	unannotated_root
3566	Arabidopsis thaliana	arabidopsis_secondary_root_dev_atlas	GSM8335426_JWE03_filtered_feature_bc_matrix	secondary_root	unannotated_root	unannotated_root
3567	Arabidopsis thaliana	arabidopsis_secondary_root_dev_atlas	GSM8335426_JWE03_filtered_feature_bc_matrix	secondary_root	unannotated_root	unannotated_root
3568	Arabidopsis thaliana	arabidopsis_secondary_root_dev_atlas	GSM8335426_JWE03_filtered_feature_bc_matrix	secondary_root	unannotated_root	unannotated_root
3569	Arabidopsis thaliana	arabidopsis_secondary_root_dev_atlas	GSM8335426_JWE03_filtered_feature_bc_matrix	secondary_root	unannotated_root	unannotated_root
3570	Arabidopsis thaliana	arabidopsis_secondary_root_dev_atlas	GSM8335426_JWE03_filtered_feature_bc_matrix	secondary_root	unannotated_root	unannotated_root
3571	Arabidopsis thaliana	arabidopsis_secondary_root_dev_atlas	GSM8335426_JWE03_filtered_feature_bc_matrix	secondary_root	unannotated_root	unannotated_root
3572	Arabidopsis thaliana	arabidopsis_secondary_root_dev_atlas	GSM8335426_JWE03_filtered_feature_bc_matrix	secondary_root	unannotated_root	unannotated_root
3573	Arabidopsis thaliana	arabidopsis_secondary_root_dev_atlas	GSM8335426_JWE03_filtered_feature_bc_matrix	secondary_root	unannotated_root	unannotated_root
3574	Arabidopsis thaliana	arabidopsis_secondary_root_dev_atlas	GSM8335426_JWE03_filtered_feature_bc_matrix	secondary_root	unannotated_root	unannotated_root
3575	Arabidopsis thaliana	arabidopsis_secondary_root_dev_atlas	GSM8335426_JWE03_filtered_feature_bc_matrix	secondary_root	unannotated_root	unannotated_root
3576	Arabidopsis thaliana	arabidopsis_secondary_root_dev_atlas	GSM8335426_JWE03_filtered_feature_bc_matrix	secondary_root	unannotated_root	unannotated_root
3577	Arabidopsis thaliana	arabidopsis_secondary_root_dev_atlas	GSM8335426_JWE03_filtered_feature_bc_matrix	secondary_root	unannotated_root	unannotated_root
3578	Arabidopsis thaliana	arabidopsis_secondary_root_dev_atlas	GSM8335426_JWE03_filtered_feature_bc_matrix	secondary_root	unannotated_root	unannotated_root
3579	Arabidopsis thaliana	arabidopsis_secondary_root_dev_atlas	GSM8335426_JWE03_filtered_feature_bc_matrix	secondary_root	unannotated_root	unannotated_root
3580	Arabidopsis thaliana	arabidopsis_secondary_root_dev_atlas	GSM8335426_JWE03_filtered_feature_bc_matrix	secondary_root	unannotated_root	unannotated_root
3581	Arabidopsis thaliana	arabidopsis_secondary_root_dev_atlas	GSM8335426_JWE03_filtered_feature_bc_matrix	secondary_root	unannotated_root	unannotated_root
3582	Arabidopsis thaliana	arabidopsis_secondary_root_dev_atlas	GSM8335426_JWE03_filtered_feature_bc_matrix	secondary_root	unannotated_root	unannotated_root
3583	Arabidopsis thaliana	arabidopsis_secondary_root_dev_atlas	GSM8335426_JWE03_filtered_feature_bc_matrix	secondary_root	unannotated_root	unannotated_root
3584	Triticum aestivum	wheat_soil_root_atlas	GSM8339904_rep1_filtered_feature_bc_matrix	root	unannotated_root	unannotated_root
3585	Triticum aestivum	wheat_soil_root_atlas	GSM8339904_rep1_filtered_feature_bc_matrix	root	unannotated_root	unannotated_root
3586	Triticum aestivum	wheat_soil_root_atlas	GSM8339904_rep1_filtered_feature_bc_matrix	root	unannotated_root	unannotated_root
3587	Triticum aestivum	wheat_soil_root_atlas	GSM8339904_rep1_filtered_feature_bc_matrix	root	unannotated_root	unannotated_root
3588	Triticum aestivum	wheat_soil_root_atlas	GSM8339904_rep1_filtered_feature_bc_matrix	root	unannotated_root	unannotated_root
3589	Triticum aestivum	wheat_soil_root_atlas	GSM8339904_rep1_filtered_feature_bc_matrix	root	unannotated_root	unannotated_root
3590	Triticum aestivum	wheat_soil_root_atlas	GSM8339904_rep1_filtered_feature_bc_matrix	root	unannotated_root	unannotated_root
3591	Triticum aestivum	wheat_soil_root_atlas	GSM8339904_rep1_filtered_feature_bc_matrix	root	unannotated_root	unannotated_root
3592	Triticum aestivum	wheat_soil_root_atlas	GSM8339904_rep1_filtered_feature_bc_matrix	root	unannotated_root	unannotated_root
3593	Triticum aestivum	wheat_soil_root_atlas	GSM8339904_rep1_filtered_feature_bc_matrix	root	unannotated_root	unannotated_root
3594	Triticum aestivum	wheat_soil_root_atlas	GSM8339904_rep1_filtered_feature_bc_matrix	root	unannotated_root	unannotated_root
3595	Triticum aestivum	wheat_soil_root_atlas	GSM8339904_rep1_filtered_feature_bc_matrix	root	unannotated_root	unannotated_root
3596	Triticum aestivum	wheat_soil_root_atlas	GSM8339904_rep1_filtered_feature_bc_matrix	root	unannotated_root	unannotated_root
3597	Triticum aestivum	wheat_soil_root_atlas	GSM8339904_rep1_filtered_feature_bc_matrix	root	unannotated_root	unannotated_root
3598	Triticum aestivum	wheat_soil_root_atlas	GSM8339904_rep1_filtered_feature_bc_matrix	root	unannotated_root	unannotated_root
3599	Triticum aestivum	wheat_soil_root_atlas	GSM8339904_rep1_filtered_feature_bc_matrix	root	unannotated_root	unannotated_root
3600	Triticum aestivum	wheat_soil_root_atlas	GSM8339904_rep1_filtered_feature_bc_matrix	root	unannotated_root	unannotated_root
3601	Triticum aestivum	wheat_soil_root_atlas	GSM8339904_rep1_filtered_feature_bc_matrix	root	unannotated_root	unannotated_root
3602	Triticum aestivum	wheat_soil_root_atlas	GSM8339904_rep1_filtered_feature_bc_matrix	root	unannotated_root	unannotated_root
3603	Triticum aestivum	wheat_soil_root_atlas	GSM8339904_rep1_filtered_feature_bc_matrix	root	unannotated_root	unannotated_root
3604	Triticum aestivum	wheat_soil_root_atlas	GSM8339904_rep1_filtered_feature_bc_matrix	root	unannotated_root	unannotated_root
3605	Triticum aestivum	wheat_soil_root_atlas	GSM8339904_rep1_filtered_feature_bc_matrix	root	unannotated_root	unannotated_root
3606	Triticum aestivum	wheat_soil_root_atlas	GSM8339904_rep1_filtered_feature_bc_matrix	root	unannotated_root	unannotated_root
3607	Triticum aestivum	wheat_soil_root_atlas	GSM8339904_rep1_filtered_feature_bc_matrix	root	unannotated_root	unannotated_root
3608	Triticum aestivum	wheat_soil_root_atlas	GSM8339904_rep1_filtered_feature_bc_matrix	root	unannotated_root	unannotated_root
3609	Triticum aestivum	wheat_soil_root_atlas	GSM8339904_rep1_filtered_feature_bc_matrix	root	unannotated_root	unannotated_root
3610	Triticum aestivum	wheat_soil_root_atlas	GSM8339904_rep1_filtered_feature_bc_matrix	root	unannotated_root	unannotated_root
3611	Triticum aestivum	wheat_soil_root_atlas	GSM8339904_rep1_filtered_feature_bc_matrix	root	unannotated_root	unannotated_root
3612	Triticum aestivum	wheat_soil_root_atlas	GSM8339904_rep1_filtered_feature_bc_matrix	root	unannotated_root	unannotated_root
3613	Triticum aestivum	wheat_soil_root_atlas	GSM8339904_rep1_filtered_feature_bc_matrix	root	unannotated_root	unannotated_root
3614	Triticum aestivum	wheat_soil_root_atlas	GSM8339904_rep1_filtered_feature_bc_matrix	root	unannotated_root	unannotated_root
3615	Triticum aestivum	wheat_soil_root_atlas	GSM8339904_rep1_filtered_feature_bc_matrix	root	unannotated_root	unannotated_root
3616	Triticum aestivum	wheat_soil_root_atlas	GSM8339904_rep1_filtered_feature_bc_matrix	root	unannotated_root	unannotated_root
3617	Triticum aestivum	wheat_soil_root_atlas	GSM8339904_rep1_filtered_feature_bc_matrix	root	unannotated_root	unannotated_root
3618	Triticum aestivum	wheat_soil_root_atlas	GSM8339904_rep1_filtered_feature_bc_matrix	root	unannotated_root	unannotated_root
3619	Triticum aestivum	wheat_soil_root_atlas	GSM8339904_rep1_filtered_feature_bc_matrix	root	unannotated_root	unannotated_root
3620	Triticum aestivum	wheat_soil_root_atlas	GSM8339904_rep1_filtered_feature_bc_matrix	root	unannotated_root	unannotated_root
3621	Triticum aestivum	wheat_soil_root_atlas	GSM8339904_rep1_filtered_feature_bc_matrix	root	unannotated_root	unannotated_root
3622	Triticum aestivum	wheat_soil_root_atlas	GSM8339904_rep1_filtered_feature_bc_matrix	root	unannotated_root	unannotated_root
3623	Triticum aestivum	wheat_soil_root_atlas	GSM8339904_rep1_filtered_feature_bc_matrix	root	unannotated_root	unannotated_root
3624	Triticum aestivum	wheat_soil_root_atlas	GSM8339904_rep1_filtered_feature_bc_matrix	root	unannotated_root	unannotated_root
3625	Triticum aestivum	wheat_soil_root_atlas	GSM8339904_rep1_filtered_feature_bc_matrix	root	unannotated_root	unannotated_root
3626	Triticum aestivum	wheat_soil_root_atlas	GSM8339904_rep1_filtered_feature_bc_matrix	root	unannotated_root	unannotated_root
3627	Triticum aestivum	wheat_soil_root_atlas	GSM8339904_rep1_filtered_feature_bc_matrix	root	unannotated_root	unannotated_root
3628	Triticum aestivum	wheat_soil_root_atlas	GSM8339904_rep1_filtered_feature_bc_matrix	root	unannotated_root	unannotated_root
3629	Triticum aestivum	wheat_soil_root_atlas	GSM8339904_rep1_filtered_feature_bc_matrix	root	unannotated_root	unannotated_root
3630	Triticum aestivum	wheat_soil_root_atlas	GSM8339904_rep1_filtered_feature_bc_matrix	root	unannotated_root	unannotated_root
3631	Triticum aestivum	wheat_soil_root_atlas	GSM8339904_rep1_filtered_feature_bc_matrix	root	unannotated_root	unannotated_root
3632	Triticum aestivum	wheat_soil_root_atlas	GSM8339904_rep1_filtered_feature_bc_matrix	root	unannotated_root	unannotated_root
3633	Triticum aestivum	wheat_soil_root_atlas	GSM8339904_rep1_filtered_feature_bc_matrix	root	unannotated_root	unannotated_root
3634	Triticum aestivum	wheat_soil_root_atlas	GSM8339904_rep1_filtered_feature_bc_matrix	root	unannotated_root	unannotated_root
3635	Triticum aestivum	wheat_soil_root_atlas	GSM8339904_rep1_filtered_feature_bc_matrix	root	unannotated_root	unannotated_root
3636	Triticum aestivum	wheat_soil_root_atlas	GSM8339904_rep1_filtered_feature_bc_matrix	root	unannotated_root	unannotated_root
3637	Triticum aestivum	wheat_soil_root_atlas	GSM8339904_rep1_filtered_feature_bc_matrix	root	unannotated_root	unannotated_root
3638	Triticum aestivum	wheat_soil_root_atlas	GSM8339904_rep1_filtered_feature_bc_matrix	root	unannotated_root	unannotated_root
3639	Triticum aestivum	wheat_soil_root_atlas	GSM8339904_rep1_filtered_feature_bc_matrix	root	unannotated_root	unannotated_root
3640	Triticum aestivum	wheat_soil_root_atlas	GSM8339904_rep1_filtered_feature_bc_matrix	root	unannotated_root	unannotated_root
3641	Triticum aestivum	wheat_soil_root_atlas	GSM8339904_rep1_filtered_feature_bc_matrix	root	unannotated_root	unannotated_root
3642	Triticum aestivum	wheat_soil_root_atlas	GSM8339904_rep1_filtered_feature_bc_matrix	root	unannotated_root	unannotated_root
3643	Triticum aestivum	wheat_soil_root_atlas	GSM8339904_rep1_filtered_feature_bc_matrix	root	unannotated_root	unannotated_root
3644	Triticum aestivum	wheat_soil_root_atlas	GSM8339904_rep1_filtered_feature_bc_matrix	root	unannotated_root	unannotated_root
3645	Triticum aestivum	wheat_soil_root_atlas	GSM8339904_rep1_filtered_feature_bc_matrix	root	unannotated_root	unannotated_root
3646	Triticum aestivum	wheat_soil_root_atlas	GSM8339904_rep1_filtered_feature_bc_matrix	root	unannotated_root	unannotated_root
3647	Triticum aestivum	wheat_soil_root_atlas	GSM8339904_rep1_filtered_feature_bc_matrix	root	unannotated_root	unannotated_root
3648	Triticum aestivum	wheat_soil_root_atlas	GSM8339904_rep1_filtered_feature_bc_matrix	root	unannotated_root	unannotated_root
3649	Triticum aestivum	wheat_soil_root_atlas	GSM8339904_rep1_filtered_feature_bc_matrix	root	unannotated_root	unannotated_root
3650	Triticum aestivum	wheat_soil_root_atlas	GSM8339904_rep1_filtered_feature_bc_matrix	root	unannotated_root	unannotated_root
3651	Triticum aestivum	wheat_soil_root_atlas	GSM8339904_rep1_filtered_feature_bc_matrix	root	unannotated_root	unannotated_root
3652	Triticum aestivum	wheat_soil_root_atlas	GSM8339904_rep1_filtered_feature_bc_matrix	root	unannotated_root	unannotated_root
3653	Triticum aestivum	wheat_soil_root_atlas	GSM8339904_rep1_filtered_feature_bc_matrix	root	unannotated_root	unannotated_root
3654	Triticum aestivum	wheat_soil_root_atlas	GSM8339904_rep1_filtered_feature_bc_matrix	root	unannotated_root	unannotated_root
3655	Triticum aestivum	wheat_soil_root_atlas	GSM8339904_rep1_filtered_feature_bc_matrix	root	unannotated_root	unannotated_root
3656	Triticum aestivum	wheat_soil_root_atlas	GSM8339904_rep1_filtered_feature_bc_matrix	root	unannotated_root	unannotated_root
3657	Triticum aestivum	wheat_soil_root_atlas	GSM8339904_rep1_filtered_feature_bc_matrix	root	unannotated_root	unannotated_root
3658	Triticum aestivum	wheat_soil_root_atlas	GSM8339904_rep1_filtered_feature_bc_matrix	root	unannotated_root	unannotated_root
3659	Triticum aestivum	wheat_soil_root_atlas	GSM8339904_rep1_filtered_feature_bc_matrix	root	unannotated_root	unannotated_root
3660	Triticum aestivum	wheat_soil_root_atlas	GSM8339904_rep1_filtered_feature_bc_matrix	root	unannotated_root	unannotated_root
3661	Triticum aestivum	wheat_soil_root_atlas	GSM8339904_rep1_filtered_feature_bc_matrix	root	unannotated_root	unannotated_root
3662	Triticum aestivum	wheat_soil_root_atlas	GSM8339904_rep1_filtered_feature_bc_matrix	root	unannotated_root	unannotated_root
3663	Triticum aestivum	wheat_soil_root_atlas	GSM8339904_rep1_filtered_feature_bc_matrix	root	unannotated_root	unannotated_root
3664	Triticum aestivum	wheat_soil_root_atlas	GSM8339904_rep1_filtered_feature_bc_matrix	root	unannotated_root	unannotated_root
3665	Triticum aestivum	wheat_soil_root_atlas	GSM8339904_rep1_filtered_feature_bc_matrix	root	unannotated_root	unannotated_root
3666	Triticum aestivum	wheat_soil_root_atlas	GSM8339904_rep1_filtered_feature_bc_matrix	root	unannotated_root	unannotated_root
3667	Triticum aestivum	wheat_soil_root_atlas	GSM8339904_rep1_filtered_feature_bc_matrix	root	unannotated_root	unannotated_root
3668	Triticum aestivum	wheat_soil_root_atlas	GSM8339904_rep1_filtered_feature_bc_matrix	root	unannotated_root	unannotated_root
3669	Triticum aestivum	wheat_soil_root_atlas	GSM8339904_rep1_filtered_feature_bc_matrix	root	unannotated_root	unannotated_root
3670	Triticum aestivum	wheat_soil_root_atlas	GSM8339904_rep1_filtered_feature_bc_matrix	root	unannotated_root	unannotated_root
3671	Triticum aestivum	wheat_soil_root_atlas	GSM8339904_rep1_filtered_feature_bc_matrix	root	unannotated_root	unannotated_root
3672	Triticum aestivum	wheat_soil_root_atlas	GSM8339904_rep1_filtered_feature_bc_matrix	root	unannotated_root	unannotated_root
3673	Triticum aestivum	wheat_soil_root_atlas	GSM8339904_rep1_filtered_feature_bc_matrix	root	unannotated_root	unannotated_root
3674	Triticum aestivum	wheat_soil_root_atlas	GSM8339904_rep1_filtered_feature_bc_matrix	root	unannotated_root	unannotated_root
3675	Triticum aestivum	wheat_soil_root_atlas	GSM8339904_rep1_filtered_feature_bc_matrix	root	unannotated_root	unannotated_root
3676	Triticum aestivum	wheat_soil_root_atlas	GSM8339904_rep1_filtered_feature_bc_matrix	root	unannotated_root	unannotated_root
3677	Triticum aestivum	wheat_soil_root_atlas	GSM8339904_rep1_filtered_feature_bc_matrix	root	unannotated_root	unannotated_root
3678	Triticum aestivum	wheat_soil_root_atlas	GSM8339904_rep1_filtered_feature_bc_matrix	root	unannotated_root	unannotated_root
3679	Triticum aestivum	wheat_soil_root_atlas	GSM8339904_rep1_filtered_feature_bc_matrix	root	unannotated_root	unannotated_root
3680	Triticum aestivum	wheat_soil_root_atlas	GSM8339904_rep1_filtered_feature_bc_matrix	root	unannotated_root	unannotated_root
3681	Triticum aestivum	wheat_soil_root_atlas	GSM8339904_rep1_filtered_feature_bc_matrix	root	unannotated_root	unannotated_root
3682	Triticum aestivum	wheat_soil_root_atlas	GSM8339904_rep1_filtered_feature_bc_matrix	root	unannotated_root	unannotated_root
3683	Triticum aestivum	wheat_soil_root_atlas	GSM8339904_rep1_filtered_feature_bc_matrix	root	unannotated_root	unannotated_root
3684	Triticum aestivum	wheat_soil_root_atlas	GSM8339904_rep1_filtered_feature_bc_matrix	root	unannotated_root	unannotated_root
3685	Triticum aestivum	wheat_soil_root_atlas	GSM8339904_rep1_filtered_feature_bc_matrix	root	unannotated_root	unannotated_root
3686	Triticum aestivum	wheat_soil_root_atlas	GSM8339904_rep1_filtered_feature_bc_matrix	root	unannotated_root	unannotated_root
3687	Triticum aestivum	wheat_soil_root_atlas	GSM8339904_rep1_filtered_feature_bc_matrix	root	unannotated_root	unannotated_root
3688	Triticum aestivum	wheat_soil_root_atlas	GSM8339904_rep1_filtered_feature_bc_matrix	root	unannotated_root	unannotated_root
3689	Triticum aestivum	wheat_soil_root_atlas	GSM8339904_rep1_filtered_feature_bc_matrix	root	unannotated_root	unannotated_root
3690	Triticum aestivum	wheat_soil_root_atlas	GSM8339904_rep1_filtered_feature_bc_matrix	root	unannotated_root	unannotated_root
3691	Triticum aestivum	wheat_soil_root_atlas	GSM8339904_rep1_filtered_feature_bc_matrix	root	unannotated_root	unannotated_root
3692	Triticum aestivum	wheat_soil_root_atlas	GSM8339904_rep1_filtered_feature_bc_matrix	root	unannotated_root	unannotated_root
3693	Triticum aestivum	wheat_soil_root_atlas	GSM8339904_rep1_filtered_feature_bc_matrix	root	unannotated_root	unannotated_root
3694	Triticum aestivum	wheat_soil_root_atlas	GSM8339904_rep1_filtered_feature_bc_matrix	root	unannotated_root	unannotated_root
3695	Triticum aestivum	wheat_soil_root_atlas	GSM8339904_rep1_filtered_feature_bc_matrix	root	unannotated_root	unannotated_root
3696	Triticum aestivum	wheat_soil_root_atlas	GSM8339904_rep1_filtered_feature_bc_matrix	root	unannotated_root	unannotated_root
3697	Triticum aestivum	wheat_soil_root_atlas	GSM8339904_rep1_filtered_feature_bc_matrix	root	unannotated_root	unannotated_root
3698	Triticum aestivum	wheat_soil_root_atlas	GSM8339904_rep1_filtered_feature_bc_matrix	root	unannotated_root	unannotated_root
3699	Triticum aestivum	wheat_soil_root_atlas	GSM8339904_rep1_filtered_feature_bc_matrix	root	unannotated_root	unannotated_root
3700	Triticum aestivum	wheat_soil_root_atlas	GSM8339904_rep1_filtered_feature_bc_matrix	root	unannotated_root	unannotated_root
3701	Triticum aestivum	wheat_soil_root_atlas	GSM8339904_rep1_filtered_feature_bc_matrix	root	unannotated_root	unannotated_root
3702	Triticum aestivum	wheat_soil_root_atlas	GSM8339904_rep1_filtered_feature_bc_matrix	root	unannotated_root	unannotated_root
3703	Triticum aestivum	wheat_soil_root_atlas	GSM8339904_rep1_filtered_feature_bc_matrix	root	unannotated_root	unannotated_root
3704	Triticum aestivum	wheat_soil_root_atlas	GSM8339904_rep1_filtered_feature_bc_matrix	root	unannotated_root	unannotated_root
3705	Triticum aestivum	wheat_soil_root_atlas	GSM8339904_rep1_filtered_feature_bc_matrix	root	unannotated_root	unannotated_root
3706	Triticum aestivum	wheat_soil_root_atlas	GSM8339904_rep1_filtered_feature_bc_matrix	root	unannotated_root	unannotated_root
3707	Triticum aestivum	wheat_soil_root_atlas	GSM8339904_rep1_filtered_feature_bc_matrix	root	unannotated_root	unannotated_root
3708	Triticum aestivum	wheat_soil_root_atlas	GSM8339904_rep1_filtered_feature_bc_matrix	root	unannotated_root	unannotated_root
3709	Triticum aestivum	wheat_soil_root_atlas	GSM8339904_rep1_filtered_feature_bc_matrix	root	unannotated_root	unannotated_root
3710	Triticum aestivum	wheat_soil_root_atlas	GSM8339904_rep1_filtered_feature_bc_matrix	root	unannotated_root	unannotated_root
3711	Triticum aestivum	wheat_soil_root_atlas	GSM8339904_rep1_filtered_feature_bc_matrix	root	unannotated_root	unannotated_root
3712	Triticum aestivum	wheat_soil_root_atlas	GSM8339904_rep1_filtered_feature_bc_matrix	root	unannotated_root	unannotated_root
3713	Triticum aestivum	wheat_soil_root_atlas	GSM8339904_rep1_filtered_feature_bc_matrix	root	unannotated_root	unannotated_root
3714	Triticum aestivum	wheat_soil_root_atlas	GSM8339904_rep1_filtered_feature_bc_matrix	root	unannotated_root	unannotated_root
3715	Triticum aestivum	wheat_soil_root_atlas	GSM8339904_rep1_filtered_feature_bc_matrix	root	unannotated_root	unannotated_root
3716	Triticum aestivum	wheat_soil_root_atlas	GSM8339904_rep1_filtered_feature_bc_matrix	root	unannotated_root	unannotated_root
3717	Triticum aestivum	wheat_soil_root_atlas	GSM8339904_rep1_filtered_feature_bc_matrix	root	unannotated_root	unannotated_root
3718	Triticum aestivum	wheat_soil_root_atlas	GSM8339904_rep1_filtered_feature_bc_matrix	root	unannotated_root	unannotated_root
3719	Triticum aestivum	wheat_soil_root_atlas	GSM8339904_rep1_filtered_feature_bc_matrix	root	unannotated_root	unannotated_root
3720	Triticum aestivum	wheat_soil_root_atlas	GSM8339904_rep1_filtered_feature_bc_matrix	root	unannotated_root	unannotated_root
3721	Triticum aestivum	wheat_soil_root_atlas	GSM8339904_rep1_filtered_feature_bc_matrix	root	unannotated_root	unannotated_root
3722	Triticum aestivum	wheat_soil_root_atlas	GSM8339904_rep1_filtered_feature_bc_matrix	root	unannotated_root	unannotated_root
3723	Triticum aestivum	wheat_soil_root_atlas	GSM8339904_rep1_filtered_feature_bc_matrix	root	unannotated_root	unannotated_root
3724	Triticum aestivum	wheat_soil_root_atlas	GSM8339904_rep1_filtered_feature_bc_matrix	root	unannotated_root	unannotated_root
3725	Triticum aestivum	wheat_soil_root_atlas	GSM8339904_rep1_filtered_feature_bc_matrix	root	unannotated_root	unannotated_root
3726	Triticum aestivum	wheat_soil_root_atlas	GSM8339904_rep1_filtered_feature_bc_matrix	root	unannotated_root	unannotated_root
3727	Triticum aestivum	wheat_soil_root_atlas	GSM8339904_rep1_filtered_feature_bc_matrix	root	unannotated_root	unannotated_root
3728	Triticum aestivum	wheat_soil_root_atlas	GSM8339904_rep1_filtered_feature_bc_matrix	root	unannotated_root	unannotated_root
3729	Triticum aestivum	wheat_soil_root_atlas	GSM8339904_rep1_filtered_feature_bc_matrix	root	unannotated_root	unannotated_root
3730	Triticum aestivum	wheat_soil_root_atlas	GSM8339904_rep1_filtered_feature_bc_matrix	root	unannotated_root	unannotated_root
3731	Triticum aestivum	wheat_soil_root_atlas	GSM8339904_rep1_filtered_feature_bc_matrix	root	unannotated_root	unannotated_root
3732	Triticum aestivum	wheat_soil_root_atlas	GSM8339904_rep1_filtered_feature_bc_matrix	root	unannotated_root	unannotated_root
3733	Triticum aestivum	wheat_soil_root_atlas	GSM8339904_rep1_filtered_feature_bc_matrix	root	unannotated_root	unannotated_root
3734	Triticum aestivum	wheat_soil_root_atlas	GSM8339904_rep1_filtered_feature_bc_matrix	root	unannotated_root	unannotated_root
3735	Triticum aestivum	wheat_soil_root_atlas	GSM8339904_rep1_filtered_feature_bc_matrix	root	unannotated_root	unannotated_root
3736	Triticum aestivum	wheat_soil_root_atlas	GSM8339904_rep1_filtered_feature_bc_matrix	root	unannotated_root	unannotated_root
3737	Triticum aestivum	wheat_soil_root_atlas	GSM8339904_rep1_filtered_feature_bc_matrix	root	unannotated_root	unannotated_root
3738	Triticum aestivum	wheat_soil_root_atlas	GSM8339904_rep1_filtered_feature_bc_matrix	root	unannotated_root	unannotated_root
3739	Triticum aestivum	wheat_soil_root_atlas	GSM8339904_rep1_filtered_feature_bc_matrix	root	unannotated_root	unannotated_root
3740	Triticum aestivum	wheat_soil_root_atlas	GSM8339904_rep1_filtered_feature_bc_matrix	root	unannotated_root	unannotated_root
3741	Triticum aestivum	wheat_soil_root_atlas	GSM8339904_rep1_filtered_feature_bc_matrix	root	unannotated_root	unannotated_root
3742	Triticum aestivum	wheat_soil_root_atlas	GSM8339904_rep1_filtered_feature_bc_matrix	root	unannotated_root	unannotated_root
3743	Triticum aestivum	wheat_soil_root_atlas	GSM8339904_rep1_filtered_feature_bc_matrix	root	unannotated_root	unannotated_root
3744	Triticum aestivum	wheat_soil_root_atlas	GSM8339904_rep1_filtered_feature_bc_matrix	root	unannotated_root	unannotated_root
3745	Triticum aestivum	wheat_soil_root_atlas	GSM8339904_rep1_filtered_feature_bc_matrix	root	unannotated_root	unannotated_root
3746	Triticum aestivum	wheat_soil_root_atlas	GSM8339904_rep1_filtered_feature_bc_matrix	root	unannotated_root	unannotated_root
3747	Triticum aestivum	wheat_soil_root_atlas	GSM8339904_rep1_filtered_feature_bc_matrix	root	unannotated_root	unannotated_root
3748	Triticum aestivum	wheat_soil_root_atlas	GSM8339904_rep1_filtered_feature_bc_matrix	root	unannotated_root	unannotated_root
3749	Triticum aestivum	wheat_soil_root_atlas	GSM8339904_rep1_filtered_feature_bc_matrix	root	unannotated_root	unannotated_root
3750	Triticum aestivum	wheat_soil_root_atlas	GSM8339904_rep1_filtered_feature_bc_matrix	root	unannotated_root	unannotated_root
3751	Triticum aestivum	wheat_soil_root_atlas	GSM8339904_rep1_filtered_feature_bc_matrix	root	unannotated_root	unannotated_root
3752	Triticum aestivum	wheat_soil_root_atlas	GSM8339904_rep1_filtered_feature_bc_matrix	root	unannotated_root	unannotated_root
3753	Triticum aestivum	wheat_soil_root_atlas	GSM8339904_rep1_filtered_feature_bc_matrix	root	unannotated_root	unannotated_root
3754	Triticum aestivum	wheat_soil_root_atlas	GSM8339904_rep1_filtered_feature_bc_matrix	root	unannotated_root	unannotated_root
3755	Triticum aestivum	wheat_soil_root_atlas	GSM8339904_rep1_filtered_feature_bc_matrix	root	unannotated_root	unannotated_root
3756	Triticum aestivum	wheat_soil_root_atlas	GSM8339904_rep1_filtered_feature_bc_matrix	root	unannotated_root	unannotated_root
3757	Triticum aestivum	wheat_soil_root_atlas	GSM8339904_rep1_filtered_feature_bc_matrix	root	unannotated_root	unannotated_root
3758	Triticum aestivum	wheat_soil_root_atlas	GSM8339904_rep1_filtered_feature_bc_matrix	root	unannotated_root	unannotated_root
3759	Triticum aestivum	wheat_soil_root_atlas	GSM8339904_rep1_filtered_feature_bc_matrix	root	unannotated_root	unannotated_root
3760	Triticum aestivum	wheat_soil_root_atlas	GSM8339904_rep1_filtered_feature_bc_matrix	root	unannotated_root	unannotated_root
3761	Triticum aestivum	wheat_soil_root_atlas	GSM8339904_rep1_filtered_feature_bc_matrix	root	unannotated_root	unannotated_root
3762	Triticum aestivum	wheat_soil_root_atlas	GSM8339904_rep1_filtered_feature_bc_matrix	root	unannotated_root	unannotated_root
3763	Triticum aestivum	wheat_soil_root_atlas	GSM8339904_rep1_filtered_feature_bc_matrix	root	unannotated_root	unannotated_root
3764	Triticum aestivum	wheat_soil_root_atlas	GSM8339904_rep1_filtered_feature_bc_matrix	root	unannotated_root	unannotated_root
3765	Triticum aestivum	wheat_soil_root_atlas	GSM8339904_rep1_filtered_feature_bc_matrix	root	unannotated_root	unannotated_root
3766	Triticum aestivum	wheat_soil_root_atlas	GSM8339904_rep1_filtered_feature_bc_matrix	root	unannotated_root	unannotated_root
3767	Triticum aestivum	wheat_soil_root_atlas	GSM8339904_rep1_filtered_feature_bc_matrix	root	unannotated_root	unannotated_root
3768	Triticum aestivum	wheat_soil_root_atlas	GSM8339904_rep1_filtered_feature_bc_matrix	root	unannotated_root	unannotated_root
3769	Triticum aestivum	wheat_soil_root_atlas	GSM8339904_rep1_filtered_feature_bc_matrix	root	unannotated_root	unannotated_root
3770	Triticum aestivum	wheat_soil_root_atlas	GSM8339904_rep1_filtered_feature_bc_matrix	root	unannotated_root	unannotated_root
3771	Triticum aestivum	wheat_soil_root_atlas	GSM8339904_rep1_filtered_feature_bc_matrix	root	unannotated_root	unannotated_root
3772	Triticum aestivum	wheat_soil_root_atlas	GSM8339904_rep1_filtered_feature_bc_matrix	root	unannotated_root	unannotated_root
3773	Triticum aestivum	wheat_soil_root_atlas	GSM8339904_rep1_filtered_feature_bc_matrix	root	unannotated_root	unannotated_root
3774	Triticum aestivum	wheat_soil_root_atlas	GSM8339904_rep1_filtered_feature_bc_matrix	root	unannotated_root	unannotated_root
3775	Triticum aestivum	wheat_soil_root_atlas	GSM8339904_rep1_filtered_feature_bc_matrix	root	unannotated_root	unannotated_root
3776	Triticum aestivum	wheat_soil_root_atlas	GSM8339904_rep1_filtered_feature_bc_matrix	root	unannotated_root	unannotated_root
3777	Triticum aestivum	wheat_soil_root_atlas	GSM8339904_rep1_filtered_feature_bc_matrix	root	unannotated_root	unannotated_root
3778	Triticum aestivum	wheat_soil_root_atlas	GSM8339904_rep1_filtered_feature_bc_matrix	root	unannotated_root	unannotated_root
3779	Triticum aestivum	wheat_soil_root_atlas	GSM8339904_rep1_filtered_feature_bc_matrix	root	unannotated_root	unannotated_root
3780	Triticum aestivum	wheat_soil_root_atlas	GSM8339904_rep1_filtered_feature_bc_matrix	root	unannotated_root	unannotated_root
3781	Triticum aestivum	wheat_soil_root_atlas	GSM8339904_rep1_filtered_feature_bc_matrix	root	unannotated_root	unannotated_root
3782	Triticum aestivum	wheat_soil_root_atlas	GSM8339904_rep1_filtered_feature_bc_matrix	root	unannotated_root	unannotated_root
3783	Triticum aestivum	wheat_soil_root_atlas	GSM8339904_rep1_filtered_feature_bc_matrix	root	unannotated_root	unannotated_root
3784	Triticum aestivum	wheat_soil_root_atlas	GSM8339904_rep1_filtered_feature_bc_matrix	root	unannotated_root	unannotated_root
3785	Triticum aestivum	wheat_soil_root_atlas	GSM8339904_rep1_filtered_feature_bc_matrix	root	unannotated_root	unannotated_root
3786	Triticum aestivum	wheat_soil_root_atlas	GSM8339904_rep1_filtered_feature_bc_matrix	root	unannotated_root	unannotated_root
3787	Triticum aestivum	wheat_soil_root_atlas	GSM8339904_rep1_filtered_feature_bc_matrix	root	unannotated_root	unannotated_root
3788	Triticum aestivum	wheat_soil_root_atlas	GSM8339904_rep1_filtered_feature_bc_matrix	root	unannotated_root	unannotated_root
3789	Triticum aestivum	wheat_soil_root_atlas	GSM8339904_rep1_filtered_feature_bc_matrix	root	unannotated_root	unannotated_root
3790	Triticum aestivum	wheat_soil_root_atlas	GSM8339904_rep1_filtered_feature_bc_matrix	root	unannotated_root	unannotated_root
3791	Triticum aestivum	wheat_soil_root_atlas	GSM8339904_rep1_filtered_feature_bc_matrix	root	unannotated_root	unannotated_root
3792	Triticum aestivum	wheat_soil_root_atlas	GSM8339904_rep1_filtered_feature_bc_matrix	root	unannotated_root	unannotated_root
3793	Triticum aestivum	wheat_soil_root_atlas	GSM8339904_rep1_filtered_feature_bc_matrix	root	unannotated_root	unannotated_root
3794	Triticum aestivum	wheat_soil_root_atlas	GSM8339904_rep1_filtered_feature_bc_matrix	root	unannotated_root	unannotated_root
3795	Triticum aestivum	wheat_soil_root_atlas	GSM8339904_rep1_filtered_feature_bc_matrix	root	unannotated_root	unannotated_root
3796	Triticum aestivum	wheat_soil_root_atlas	GSM8339904_rep1_filtered_feature_bc_matrix	root	unannotated_root	unannotated_root
3797	Triticum aestivum	wheat_soil_root_atlas	GSM8339904_rep1_filtered_feature_bc_matrix	root	unannotated_root	unannotated_root
3798	Triticum aestivum	wheat_soil_root_atlas	GSM8339904_rep1_filtered_feature_bc_matrix	root	unannotated_root	unannotated_root
3799	Triticum aestivum	wheat_soil_root_atlas	GSM8339904_rep1_filtered_feature_bc_matrix	root	unannotated_root	unannotated_root
3800	Triticum aestivum	wheat_soil_root_atlas	GSM8339904_rep1_filtered_feature_bc_matrix	root	unannotated_root	unannotated_root
3801	Triticum aestivum	wheat_soil_root_atlas	GSM8339904_rep1_filtered_feature_bc_matrix	root	unannotated_root	unannotated_root
3802	Triticum aestivum	wheat_soil_root_atlas	GSM8339904_rep1_filtered_feature_bc_matrix	root	unannotated_root	unannotated_root
3803	Triticum aestivum	wheat_soil_root_atlas	GSM8339904_rep1_filtered_feature_bc_matrix	root	unannotated_root	unannotated_root
3804	Triticum aestivum	wheat_soil_root_atlas	GSM8339904_rep1_filtered_feature_bc_matrix	root	unannotated_root	unannotated_root
3805	Triticum aestivum	wheat_soil_root_atlas	GSM8339904_rep1_filtered_feature_bc_matrix	root	unannotated_root	unannotated_root
3806	Triticum aestivum	wheat_soil_root_atlas	GSM8339904_rep1_filtered_feature_bc_matrix	root	unannotated_root	unannotated_root
3807	Triticum aestivum	wheat_soil_root_atlas	GSM8339904_rep1_filtered_feature_bc_matrix	root	unannotated_root	unannotated_root
3808	Triticum aestivum	wheat_soil_root_atlas	GSM8339904_rep1_filtered_feature_bc_matrix	root	unannotated_root	unannotated_root
3809	Triticum aestivum	wheat_soil_root_atlas	GSM8339904_rep1_filtered_feature_bc_matrix	root	unannotated_root	unannotated_root
3810	Triticum aestivum	wheat_soil_root_atlas	GSM8339904_rep1_filtered_feature_bc_matrix	root	unannotated_root	unannotated_root
3811	Triticum aestivum	wheat_soil_root_atlas	GSM8339904_rep1_filtered_feature_bc_matrix	root	unannotated_root	unannotated_root
3812	Triticum aestivum	wheat_soil_root_atlas	GSM8339904_rep1_filtered_feature_bc_matrix	root	unannotated_root	unannotated_root
3813	Triticum aestivum	wheat_soil_root_atlas	GSM8339904_rep1_filtered_feature_bc_matrix	root	unannotated_root	unannotated_root
3814	Triticum aestivum	wheat_soil_root_atlas	GSM8339904_rep1_filtered_feature_bc_matrix	root	unannotated_root	unannotated_root
3815	Triticum aestivum	wheat_soil_root_atlas	GSM8339904_rep1_filtered_feature_bc_matrix	root	unannotated_root	unannotated_root
3816	Triticum aestivum	wheat_soil_root_atlas	GSM8339904_rep1_filtered_feature_bc_matrix	root	unannotated_root	unannotated_root
3817	Triticum aestivum	wheat_soil_root_atlas	GSM8339904_rep1_filtered_feature_bc_matrix	root	unannotated_root	unannotated_root
3818	Triticum aestivum	wheat_soil_root_atlas	GSM8339904_rep1_filtered_feature_bc_matrix	root	unannotated_root	unannotated_root
3819	Triticum aestivum	wheat_soil_root_atlas	GSM8339904_rep1_filtered_feature_bc_matrix	root	unannotated_root	unannotated_root
3820	Triticum aestivum	wheat_soil_root_atlas	GSM8339904_rep1_filtered_feature_bc_matrix	root	unannotated_root	unannotated_root
3821	Triticum aestivum	wheat_soil_root_atlas	GSM8339904_rep1_filtered_feature_bc_matrix	root	unannotated_root	unannotated_root
3822	Triticum aestivum	wheat_soil_root_atlas	GSM8339904_rep1_filtered_feature_bc_matrix	root	unannotated_root	unannotated_root
3823	Triticum aestivum	wheat_soil_root_atlas	GSM8339904_rep1_filtered_feature_bc_matrix	root	unannotated_root	unannotated_root
3824	Triticum aestivum	wheat_soil_root_atlas	GSM8339904_rep1_filtered_feature_bc_matrix	root	unannotated_root	unannotated_root
3825	Triticum aestivum	wheat_soil_root_atlas	GSM8339904_rep1_filtered_feature_bc_matrix	root	unannotated_root	unannotated_root
3826	Triticum aestivum	wheat_soil_root_atlas	GSM8339904_rep1_filtered_feature_bc_matrix	root	unannotated_root	unannotated_root
3827	Triticum aestivum	wheat_soil_root_atlas	GSM8339904_rep1_filtered_feature_bc_matrix	root	unannotated_root	unannotated_root
3828	Triticum aestivum	wheat_soil_root_atlas	GSM8339904_rep1_filtered_feature_bc_matrix	root	unannotated_root	unannotated_root
3829	Triticum aestivum	wheat_soil_root_atlas	GSM8339904_rep1_filtered_feature_bc_matrix	root	unannotated_root	unannotated_root
3830	Triticum aestivum	wheat_soil_root_atlas	GSM8339904_rep1_filtered_feature_bc_matrix	root	unannotated_root	unannotated_root
3831	Triticum aestivum	wheat_soil_root_atlas	GSM8339904_rep1_filtered_feature_bc_matrix	root	unannotated_root	unannotated_root
3832	Triticum aestivum	wheat_soil_root_atlas	GSM8339904_rep1_filtered_feature_bc_matrix	root	unannotated_root	unannotated_root
3833	Triticum aestivum	wheat_soil_root_atlas	GSM8339904_rep1_filtered_feature_bc_matrix	root	unannotated_root	unannotated_root
3834	Triticum aestivum	wheat_soil_root_atlas	GSM8339904_rep1_filtered_feature_bc_matrix	root	unannotated_root	unannotated_root
3835	Triticum aestivum	wheat_soil_root_atlas	GSM8339904_rep1_filtered_feature_bc_matrix	root	unannotated_root	unannotated_root
3836	Triticum aestivum	wheat_soil_root_atlas	GSM8339904_rep1_filtered_feature_bc_matrix	root	unannotated_root	unannotated_root
3837	Triticum aestivum	wheat_soil_root_atlas	GSM8339904_rep1_filtered_feature_bc_matrix	root	unannotated_root	unannotated_root
3838	Triticum aestivum	wheat_soil_root_atlas	GSM8339904_rep1_filtered_feature_bc_matrix	root	unannotated_root	unannotated_root
3839	Triticum aestivum	wheat_soil_root_atlas	GSM8339904_rep1_filtered_feature_bc_matrix	root	unannotated_root	unannotated_root
3840	Stevia rebaudiana	stevia_leaf_secondary_metabolism_snuc	GSM9335029	leaf	unannotated	unannotated
3841	Stevia rebaudiana	stevia_leaf_secondary_metabolism_snuc	GSM9335029	leaf	unannotated	unannotated
3842	Stevia rebaudiana	stevia_leaf_secondary_metabolism_snuc	GSM9335029	leaf	unannotated	unannotated
3843	Stevia rebaudiana	stevia_leaf_secondary_metabolism_snuc	GSM9335029	leaf	unannotated	unannotated
3844	Stevia rebaudiana	stevia_leaf_secondary_metabolism_snuc	GSM9335029	leaf	unannotated	unannotated
3845	Stevia rebaudiana	stevia_leaf_secondary_metabolism_snuc	GSM9335029	leaf	unannotated	unannotated
3846	Stevia rebaudiana	stevia_leaf_secondary_metabolism_snuc	GSM9335029	leaf	unannotated	unannotated
3847	Stevia rebaudiana	stevia_leaf_secondary_metabolism_snuc	GSM9335029	leaf	unannotated	unannotated
3848	Stevia rebaudiana	stevia_leaf_secondary_metabolism_snuc	GSM9335029	leaf	unannotated	unannotated
3849	Stevia rebaudiana	stevia_leaf_secondary_metabolism_snuc	GSM9335029	leaf	unannotated	unannotated
3850	Stevia rebaudiana	stevia_leaf_secondary_metabolism_snuc	GSM9335029	leaf	unannotated	unannotated
3851	Stevia rebaudiana	stevia_leaf_secondary_metabolism_snuc	GSM9335029	leaf	unannotated	unannotated
3852	Stevia rebaudiana	stevia_leaf_secondary_metabolism_snuc	GSM9335029	leaf	unannotated	unannotated
3853	Stevia rebaudiana	stevia_leaf_secondary_metabolism_snuc	GSM9335029	leaf	unannotated	unannotated
3854	Stevia rebaudiana	stevia_leaf_secondary_metabolism_snuc	GSM9335029	leaf	unannotated	unannotated
3855	Stevia rebaudiana	stevia_leaf_secondary_metabolism_snuc	GSM9335029	leaf	unannotated	unannotated
3856	Stevia rebaudiana	stevia_leaf_secondary_metabolism_snuc	GSM9335029	leaf	unannotated	unannotated
3857	Stevia rebaudiana	stevia_leaf_secondary_metabolism_snuc	GSM9335029	leaf	unannotated	unannotated
3858	Stevia rebaudiana	stevia_leaf_secondary_metabolism_snuc	GSM9335029	leaf	unannotated	unannotated
3859	Stevia rebaudiana	stevia_leaf_secondary_metabolism_snuc	GSM9335029	leaf	unannotated	unannotated
3860	Stevia rebaudiana	stevia_leaf_secondary_metabolism_snuc	GSM9335029	leaf	unannotated	unannotated
3861	Stevia rebaudiana	stevia_leaf_secondary_metabolism_snuc	GSM9335029	leaf	unannotated	unannotated
3862	Stevia rebaudiana	stevia_leaf_secondary_metabolism_snuc	GSM9335029	leaf	unannotated	unannotated
3863	Stevia rebaudiana	stevia_leaf_secondary_metabolism_snuc	GSM9335029	leaf	unannotated	unannotated
3864	Stevia rebaudiana	stevia_leaf_secondary_metabolism_snuc	GSM9335029	leaf	unannotated	unannotated
3865	Stevia rebaudiana	stevia_leaf_secondary_metabolism_snuc	GSM9335029	leaf	unannotated	unannotated
3866	Stevia rebaudiana	stevia_leaf_secondary_metabolism_snuc	GSM9335029	leaf	unannotated	unannotated
3867	Stevia rebaudiana	stevia_leaf_secondary_metabolism_snuc	GSM9335029	leaf	unannotated	unannotated
3868	Stevia rebaudiana	stevia_leaf_secondary_metabolism_snuc	GSM9335029	leaf	unannotated	unannotated
3869	Stevia rebaudiana	stevia_leaf_secondary_metabolism_snuc	GSM9335029	leaf	unannotated	unannotated
3870	Stevia rebaudiana	stevia_leaf_secondary_metabolism_snuc	GSM9335029	leaf	unannotated	unannotated
3871	Stevia rebaudiana	stevia_leaf_secondary_metabolism_snuc	GSM9335029	leaf	unannotated	unannotated
3872	Stevia rebaudiana	stevia_leaf_secondary_metabolism_snuc	GSM9335029	leaf	unannotated	unannotated
3873	Stevia rebaudiana	stevia_leaf_secondary_metabolism_snuc	GSM9335029	leaf	unannotated	unannotated
3874	Stevia rebaudiana	stevia_leaf_secondary_metabolism_snuc	GSM9335029	leaf	unannotated	unannotated
3875	Stevia rebaudiana	stevia_leaf_secondary_metabolism_snuc	GSM9335029	leaf	unannotated	unannotated
3876	Stevia rebaudiana	stevia_leaf_secondary_metabolism_snuc	GSM9335029	leaf	unannotated	unannotated
3877	Stevia rebaudiana	stevia_leaf_secondary_metabolism_snuc	GSM9335029	leaf	unannotated	unannotated
3878	Stevia rebaudiana	stevia_leaf_secondary_metabolism_snuc	GSM9335029	leaf	unannotated	unannotated
3879	Stevia rebaudiana	stevia_leaf_secondary_metabolism_snuc	GSM9335029	leaf	unannotated	unannotated
3880	Stevia rebaudiana	stevia_leaf_secondary_metabolism_snuc	GSM9335029	leaf	unannotated	unannotated
3881	Stevia rebaudiana	stevia_leaf_secondary_metabolism_snuc	GSM9335029	leaf	unannotated	unannotated
3882	Stevia rebaudiana	stevia_leaf_secondary_metabolism_snuc	GSM9335029	leaf	unannotated	unannotated
3883	Stevia rebaudiana	stevia_leaf_secondary_metabolism_snuc	GSM9335029	leaf	unannotated	unannotated
3884	Stevia rebaudiana	stevia_leaf_secondary_metabolism_snuc	GSM9335029	leaf	unannotated	unannotated
3885	Stevia rebaudiana	stevia_leaf_secondary_metabolism_snuc	GSM9335029	leaf	unannotated	unannotated
3886	Stevia rebaudiana	stevia_leaf_secondary_metabolism_snuc	GSM9335029	leaf	unannotated	unannotated
3887	Stevia rebaudiana	stevia_leaf_secondary_metabolism_snuc	GSM9335029	leaf	unannotated	unannotated
3888	Stevia rebaudiana	stevia_leaf_secondary_metabolism_snuc	GSM9335029	leaf	unannotated	unannotated
3889	Stevia rebaudiana	stevia_leaf_secondary_metabolism_snuc	GSM9335029	leaf	unannotated	unannotated
3890	Stevia rebaudiana	stevia_leaf_secondary_metabolism_snuc	GSM9335029	leaf	unannotated	unannotated
3891	Stevia rebaudiana	stevia_leaf_secondary_metabolism_snuc	GSM9335029	leaf	unannotated	unannotated
3892	Stevia rebaudiana	stevia_leaf_secondary_metabolism_snuc	GSM9335029	leaf	unannotated	unannotated
3893	Stevia rebaudiana	stevia_leaf_secondary_metabolism_snuc	GSM9335029	leaf	unannotated	unannotated
3894	Stevia rebaudiana	stevia_leaf_secondary_metabolism_snuc	GSM9335029	leaf	unannotated	unannotated
3895	Stevia rebaudiana	stevia_leaf_secondary_metabolism_snuc	GSM9335029	leaf	unannotated	unannotated
3896	Stevia rebaudiana	stevia_leaf_secondary_metabolism_snuc	GSM9335029	leaf	unannotated	unannotated
3897	Stevia rebaudiana	stevia_leaf_secondary_metabolism_snuc	GSM9335029	leaf	unannotated	unannotated
3898	Stevia rebaudiana	stevia_leaf_secondary_metabolism_snuc	GSM9335029	leaf	unannotated	unannotated
3899	Stevia rebaudiana	stevia_leaf_secondary_metabolism_snuc	GSM9335029	leaf	unannotated	unannotated
3900	Stevia rebaudiana	stevia_leaf_secondary_metabolism_snuc	GSM9335029	leaf	unannotated	unannotated
3901	Stevia rebaudiana	stevia_leaf_secondary_metabolism_snuc	GSM9335029	leaf	unannotated	unannotated
3902	Stevia rebaudiana	stevia_leaf_secondary_metabolism_snuc	GSM9335029	leaf	unannotated	unannotated
3903	Stevia rebaudiana	stevia_leaf_secondary_metabolism_snuc	GSM9335029	leaf	unannotated	unannotated
3904	Stevia rebaudiana	stevia_leaf_secondary_metabolism_snuc	GSM9335029	leaf	unannotated	unannotated
3905	Stevia rebaudiana	stevia_leaf_secondary_metabolism_snuc	GSM9335029	leaf	unannotated	unannotated
3906	Stevia rebaudiana	stevia_leaf_secondary_metabolism_snuc	GSM9335029	leaf	unannotated	unannotated
3907	Stevia rebaudiana	stevia_leaf_secondary_metabolism_snuc	GSM9335029	leaf	unannotated	unannotated
3908	Stevia rebaudiana	stevia_leaf_secondary_metabolism_snuc	GSM9335029	leaf	unannotated	unannotated
3909	Stevia rebaudiana	stevia_leaf_secondary_metabolism_snuc	GSM9335029	leaf	unannotated	unannotated
3910	Stevia rebaudiana	stevia_leaf_secondary_metabolism_snuc	GSM9335029	leaf	unannotated	unannotated
3911	Stevia rebaudiana	stevia_leaf_secondary_metabolism_snuc	GSM9335029	leaf	unannotated	unannotated
3912	Stevia rebaudiana	stevia_leaf_secondary_metabolism_snuc	GSM9335029	leaf	unannotated	unannotated
3913	Stevia rebaudiana	stevia_leaf_secondary_metabolism_snuc	GSM9335029	leaf	unannotated	unannotated
3914	Stevia rebaudiana	stevia_leaf_secondary_metabolism_snuc	GSM9335029	leaf	unannotated	unannotated
3915	Stevia rebaudiana	stevia_leaf_secondary_metabolism_snuc	GSM9335029	leaf	unannotated	unannotated
3916	Stevia rebaudiana	stevia_leaf_secondary_metabolism_snuc	GSM9335029	leaf	unannotated	unannotated
3917	Stevia rebaudiana	stevia_leaf_secondary_metabolism_snuc	GSM9335029	leaf	unannotated	unannotated
3918	Stevia rebaudiana	stevia_leaf_secondary_metabolism_snuc	GSM9335029	leaf	unannotated	unannotated
3919	Stevia rebaudiana	stevia_leaf_secondary_metabolism_snuc	GSM9335029	leaf	unannotated	unannotated
3920	Stevia rebaudiana	stevia_leaf_secondary_metabolism_snuc	GSM9335029	leaf	unannotated	unannotated
3921	Stevia rebaudiana	stevia_leaf_secondary_metabolism_snuc	GSM9335029	leaf	unannotated	unannotated
3922	Stevia rebaudiana	stevia_leaf_secondary_metabolism_snuc	GSM9335029	leaf	unannotated	unannotated
3923	Stevia rebaudiana	stevia_leaf_secondary_metabolism_snuc	GSM9335029	leaf	unannotated	unannotated
3924	Stevia rebaudiana	stevia_leaf_secondary_metabolism_snuc	GSM9335029	leaf	unannotated	unannotated
3925	Stevia rebaudiana	stevia_leaf_secondary_metabolism_snuc	GSM9335029	leaf	unannotated	unannotated
3926	Stevia rebaudiana	stevia_leaf_secondary_metabolism_snuc	GSM9335029	leaf	unannotated	unannotated
3927	Stevia rebaudiana	stevia_leaf_secondary_metabolism_snuc	GSM9335029	leaf	unannotated	unannotated
3928	Stevia rebaudiana	stevia_leaf_secondary_metabolism_snuc	GSM9335029	leaf	unannotated	unannotated
3929	Stevia rebaudiana	stevia_leaf_secondary_metabolism_snuc	GSM9335029	leaf	unannotated	unannotated
3930	Stevia rebaudiana	stevia_leaf_secondary_metabolism_snuc	GSM9335029	leaf	unannotated	unannotated
3931	Stevia rebaudiana	stevia_leaf_secondary_metabolism_snuc	GSM9335029	leaf	unannotated	unannotated
3932	Stevia rebaudiana	stevia_leaf_secondary_metabolism_snuc	GSM9335029	leaf	unannotated	unannotated
3933	Stevia rebaudiana	stevia_leaf_secondary_metabolism_snuc	GSM9335029	leaf	unannotated	unannotated
3934	Stevia rebaudiana	stevia_leaf_secondary_metabolism_snuc	GSM9335029	leaf	unannotated	unannotated
3935	Stevia rebaudiana	stevia_leaf_secondary_metabolism_snuc	GSM9335029	leaf	unannotated	unannotated
3936	Stevia rebaudiana	stevia_leaf_secondary_metabolism_snuc	GSM9335029	leaf	unannotated	unannotated
3937	Stevia rebaudiana	stevia_leaf_secondary_metabolism_snuc	GSM9335029	leaf	unannotated	unannotated
3938	Stevia rebaudiana	stevia_leaf_secondary_metabolism_snuc	GSM9335029	leaf	unannotated	unannotated
3939	Stevia rebaudiana	stevia_leaf_secondary_metabolism_snuc	GSM9335029	leaf	unannotated	unannotated
3940	Stevia rebaudiana	stevia_leaf_secondary_metabolism_snuc	GSM9335029	leaf	unannotated	unannotated
3941	Stevia rebaudiana	stevia_leaf_secondary_metabolism_snuc	GSM9335029	leaf	unannotated	unannotated
3942	Stevia rebaudiana	stevia_leaf_secondary_metabolism_snuc	GSM9335029	leaf	unannotated	unannotated
3943	Stevia rebaudiana	stevia_leaf_secondary_metabolism_snuc	GSM9335029	leaf	unannotated	unannotated
3944	Stevia rebaudiana	stevia_leaf_secondary_metabolism_snuc	GSM9335029	leaf	unannotated	unannotated
3945	Stevia rebaudiana	stevia_leaf_secondary_metabolism_snuc	GSM9335029	leaf	unannotated	unannotated
3946	Stevia rebaudiana	stevia_leaf_secondary_metabolism_snuc	GSM9335029	leaf	unannotated	unannotated
3947	Stevia rebaudiana	stevia_leaf_secondary_metabolism_snuc	GSM9335029	leaf	unannotated	unannotated
3948	Stevia rebaudiana	stevia_leaf_secondary_metabolism_snuc	GSM9335029	leaf	unannotated	unannotated
3949	Stevia rebaudiana	stevia_leaf_secondary_metabolism_snuc	GSM9335029	leaf	unannotated	unannotated
3950	Stevia rebaudiana	stevia_leaf_secondary_metabolism_snuc	GSM9335029	leaf	unannotated	unannotated
3951	Stevia rebaudiana	stevia_leaf_secondary_metabolism_snuc	GSM9335029	leaf	unannotated	unannotated
3952	Stevia rebaudiana	stevia_leaf_secondary_metabolism_snuc	GSM9335029	leaf	unannotated	unannotated
3953	Stevia rebaudiana	stevia_leaf_secondary_metabolism_snuc	GSM9335029	leaf	unannotated	unannotated
3954	Stevia rebaudiana	stevia_leaf_secondary_metabolism_snuc	GSM9335029	leaf	unannotated	unannotated
3955	Stevia rebaudiana	stevia_leaf_secondary_metabolism_snuc	GSM9335029	leaf	unannotated	unannotated
3956	Stevia rebaudiana	stevia_leaf_secondary_metabolism_snuc	GSM9335029	leaf	unannotated	unannotated
3957	Stevia rebaudiana	stevia_leaf_secondary_metabolism_snuc	GSM9335029	leaf	unannotated	unannotated
3958	Stevia rebaudiana	stevia_leaf_secondary_metabolism_snuc	GSM9335029	leaf	unannotated	unannotated
3959	Stevia rebaudiana	stevia_leaf_secondary_metabolism_snuc	GSM9335029	leaf	unannotated	unannotated
3960	Stevia rebaudiana	stevia_leaf_secondary_metabolism_snuc	GSM9335029	leaf	unannotated	unannotated
3961	Stevia rebaudiana	stevia_leaf_secondary_metabolism_snuc	GSM9335029	leaf	unannotated	unannotated
3962	Stevia rebaudiana	stevia_leaf_secondary_metabolism_snuc	GSM9335029	leaf	unannotated	unannotated
3963	Stevia rebaudiana	stevia_leaf_secondary_metabolism_snuc	GSM9335029	leaf	unannotated	unannotated
3964	Stevia rebaudiana	stevia_leaf_secondary_metabolism_snuc	GSM9335029	leaf	unannotated	unannotated
3965	Stevia rebaudiana	stevia_leaf_secondary_metabolism_snuc	GSM9335029	leaf	unannotated	unannotated
3966	Stevia rebaudiana	stevia_leaf_secondary_metabolism_snuc	GSM9335029	leaf	unannotated	unannotated
3967	Stevia rebaudiana	stevia_leaf_secondary_metabolism_snuc	GSM9335029	leaf	unannotated	unannotated
3968	Stevia rebaudiana	stevia_leaf_secondary_metabolism_snuc	GSM9335029	leaf	unannotated	unannotated
3969	Stevia rebaudiana	stevia_leaf_secondary_metabolism_snuc	GSM9335029	leaf	unannotated	unannotated
3970	Stevia rebaudiana	stevia_leaf_secondary_metabolism_snuc	GSM9335029	leaf	unannotated	unannotated
3971	Stevia rebaudiana	stevia_leaf_secondary_metabolism_snuc	GSM9335029	leaf	unannotated	unannotated
3972	Stevia rebaudiana	stevia_leaf_secondary_metabolism_snuc	GSM9335029	leaf	unannotated	unannotated
3973	Stevia rebaudiana	stevia_leaf_secondary_metabolism_snuc	GSM9335029	leaf	unannotated	unannotated
3974	Stevia rebaudiana	stevia_leaf_secondary_metabolism_snuc	GSM9335029	leaf	unannotated	unannotated
3975	Stevia rebaudiana	stevia_leaf_secondary_metabolism_snuc	GSM9335029	leaf	unannotated	unannotated
3976	Stevia rebaudiana	stevia_leaf_secondary_metabolism_snuc	GSM9335029	leaf	unannotated	unannotated
3977	Stevia rebaudiana	stevia_leaf_secondary_metabolism_snuc	GSM9335029	leaf	unannotated	unannotated
3978	Stevia rebaudiana	stevia_leaf_secondary_metabolism_snuc	GSM9335029	leaf	unannotated	unannotated
3979	Stevia rebaudiana	stevia_leaf_secondary_metabolism_snuc	GSM9335029	leaf	unannotated	unannotated
3980	Stevia rebaudiana	stevia_leaf_secondary_metabolism_snuc	GSM9335029	leaf	unannotated	unannotated
3981	Stevia rebaudiana	stevia_leaf_secondary_metabolism_snuc	GSM9335029	leaf	unannotated	unannotated
3982	Stevia rebaudiana	stevia_leaf_secondary_metabolism_snuc	GSM9335029	leaf	unannotated	unannotated
3983	Stevia rebaudiana	stevia_leaf_secondary_metabolism_snuc	GSM9335029	leaf	unannotated	unannotated
3984	Stevia rebaudiana	stevia_leaf_secondary_metabolism_snuc	GSM9335029	leaf	unannotated	unannotated
3985	Stevia rebaudiana	stevia_leaf_secondary_metabolism_snuc	GSM9335029	leaf	unannotated	unannotated
3986	Stevia rebaudiana	stevia_leaf_secondary_metabolism_snuc	GSM9335029	leaf	unannotated	unannotated
3987	Stevia rebaudiana	stevia_leaf_secondary_metabolism_snuc	GSM9335029	leaf	unannotated	unannotated
3988	Stevia rebaudiana	stevia_leaf_secondary_metabolism_snuc	GSM9335029	leaf	unannotated	unannotated
3989	Stevia rebaudiana	stevia_leaf_secondary_metabolism_snuc	GSM9335029	leaf	unannotated	unannotated
3990	Stevia rebaudiana	stevia_leaf_secondary_metabolism_snuc	GSM9335029	leaf	unannotated	unannotated
3991	Stevia rebaudiana	stevia_leaf_secondary_metabolism_snuc	GSM9335029	leaf	unannotated	unannotated
3992	Stevia rebaudiana	stevia_leaf_secondary_metabolism_snuc	GSM9335029	leaf	unannotated	unannotated
3993	Stevia rebaudiana	stevia_leaf_secondary_metabolism_snuc	GSM9335029	leaf	unannotated	unannotated
3994	Stevia rebaudiana	stevia_leaf_secondary_metabolism_snuc	GSM9335029	leaf	unannotated	unannotated
3995	Stevia rebaudiana	stevia_leaf_secondary_metabolism_snuc	GSM9335029	leaf	unannotated	unannotated
3996	Stevia rebaudiana	stevia_leaf_secondary_metabolism_snuc	GSM9335029	leaf	unannotated	unannotated
3997	Stevia rebaudiana	stevia_leaf_secondary_metabolism_snuc	GSM9335029	leaf	unannotated	unannotated
3998	Stevia rebaudiana	stevia_leaf_secondary_metabolism_snuc	GSM9335029	leaf	unannotated	unannotated
3999	Stevia rebaudiana	stevia_leaf_secondary_metabolism_snuc	GSM9335029	leaf	unannotated	unannotated
4000	Stevia rebaudiana	stevia_leaf_secondary_metabolism_snuc	GSM9335029	leaf	unannotated	unannotated
4001	Stevia rebaudiana	stevia_leaf_secondary_metabolism_snuc	GSM9335029	leaf	unannotated	unannotated
4002	Stevia rebaudiana	stevia_leaf_secondary_metabolism_snuc	GSM9335029	leaf	unannotated	unannotated
4003	Stevia rebaudiana	stevia_leaf_secondary_metabolism_snuc	GSM9335029	leaf	unannotated	unannotated
4004	Stevia rebaudiana	stevia_leaf_secondary_metabolism_snuc	GSM9335029	leaf	unannotated	unannotated
4005	Stevia rebaudiana	stevia_leaf_secondary_metabolism_snuc	GSM9335029	leaf	unannotated	unannotated
4006	Stevia rebaudiana	stevia_leaf_secondary_metabolism_snuc	GSM9335029	leaf	unannotated	unannotated
4007	Stevia rebaudiana	stevia_leaf_secondary_metabolism_snuc	GSM9335029	leaf	unannotated	unannotated
4008	Stevia rebaudiana	stevia_leaf_secondary_metabolism_snuc	GSM9335029	leaf	unannotated	unannotated
4009	Stevia rebaudiana	stevia_leaf_secondary_metabolism_snuc	GSM9335029	leaf	unannotated	unannotated
4010	Stevia rebaudiana	stevia_leaf_secondary_metabolism_snuc	GSM9335029	leaf	unannotated	unannotated
4011	Stevia rebaudiana	stevia_leaf_secondary_metabolism_snuc	GSM9335029	leaf	unannotated	unannotated
4012	Stevia rebaudiana	stevia_leaf_secondary_metabolism_snuc	GSM9335029	leaf	unannotated	unannotated
4013	Stevia rebaudiana	stevia_leaf_secondary_metabolism_snuc	GSM9335029	leaf	unannotated	unannotated
4014	Stevia rebaudiana	stevia_leaf_secondary_metabolism_snuc	GSM9335029	leaf	unannotated	unannotated
4015	Stevia rebaudiana	stevia_leaf_secondary_metabolism_snuc	GSM9335029	leaf	unannotated	unannotated
4016	Stevia rebaudiana	stevia_leaf_secondary_metabolism_snuc	GSM9335029	leaf	unannotated	unannotated
4017	Stevia rebaudiana	stevia_leaf_secondary_metabolism_snuc	GSM9335029	leaf	unannotated	unannotated
4018	Stevia rebaudiana	stevia_leaf_secondary_metabolism_snuc	GSM9335029	leaf	unannotated	unannotated
4019	Stevia rebaudiana	stevia_leaf_secondary_metabolism_snuc	GSM9335029	leaf	unannotated	unannotated
4020	Stevia rebaudiana	stevia_leaf_secondary_metabolism_snuc	GSM9335029	leaf	unannotated	unannotated
4021	Stevia rebaudiana	stevia_leaf_secondary_metabolism_snuc	GSM9335029	leaf	unannotated	unannotated
4022	Stevia rebaudiana	stevia_leaf_secondary_metabolism_snuc	GSM9335029	leaf	unannotated	unannotated
4023	Stevia rebaudiana	stevia_leaf_secondary_metabolism_snuc	GSM9335029	leaf	unannotated	unannotated
4024	Stevia rebaudiana	stevia_leaf_secondary_metabolism_snuc	GSM9335029	leaf	unannotated	unannotated
4025	Stevia rebaudiana	stevia_leaf_secondary_metabolism_snuc	GSM9335029	leaf	unannotated	unannotated
4026	Stevia rebaudiana	stevia_leaf_secondary_metabolism_snuc	GSM9335029	leaf	unannotated	unannotated
4027	Stevia rebaudiana	stevia_leaf_secondary_metabolism_snuc	GSM9335029	leaf	unannotated	unannotated
4028	Stevia rebaudiana	stevia_leaf_secondary_metabolism_snuc	GSM9335029	leaf	unannotated	unannotated
4029	Stevia rebaudiana	stevia_leaf_secondary_metabolism_snuc	GSM9335029	leaf	unannotated	unannotated
4030	Stevia rebaudiana	stevia_leaf_secondary_metabolism_snuc	GSM9335029	leaf	unannotated	unannotated
4031	Stevia rebaudiana	stevia_leaf_secondary_metabolism_snuc	GSM9335029	leaf	unannotated	unannotated
4032	Stevia rebaudiana	stevia_leaf_secondary_metabolism_snuc	GSM9335029	leaf	unannotated	unannotated
4033	Stevia rebaudiana	stevia_leaf_secondary_metabolism_snuc	GSM9335029	leaf	unannotated	unannotated
4034	Stevia rebaudiana	stevia_leaf_secondary_metabolism_snuc	GSM9335029	leaf	unannotated	unannotated
4035	Stevia rebaudiana	stevia_leaf_secondary_metabolism_snuc	GSM9335029	leaf	unannotated	unannotated
4036	Stevia rebaudiana	stevia_leaf_secondary_metabolism_snuc	GSM9335029	leaf	unannotated	unannotated
4037	Stevia rebaudiana	stevia_leaf_secondary_metabolism_snuc	GSM9335029	leaf	unannotated	unannotated
4038	Stevia rebaudiana	stevia_leaf_secondary_metabolism_snuc	GSM9335029	leaf	unannotated	unannotated
4039	Stevia rebaudiana	stevia_leaf_secondary_metabolism_snuc	GSM9335029	leaf	unannotated	unannotated
4040	Stevia rebaudiana	stevia_leaf_secondary_metabolism_snuc	GSM9335029	leaf	unannotated	unannotated
4041	Stevia rebaudiana	stevia_leaf_secondary_metabolism_snuc	GSM9335029	leaf	unannotated	unannotated
4042	Stevia rebaudiana	stevia_leaf_secondary_metabolism_snuc	GSM9335029	leaf	unannotated	unannotated
4043	Stevia rebaudiana	stevia_leaf_secondary_metabolism_snuc	GSM9335029	leaf	unannotated	unannotated
4044	Stevia rebaudiana	stevia_leaf_secondary_metabolism_snuc	GSM9335029	leaf	unannotated	unannotated
4045	Stevia rebaudiana	stevia_leaf_secondary_metabolism_snuc	GSM9335029	leaf	unannotated	unannotated
4046	Stevia rebaudiana	stevia_leaf_secondary_metabolism_snuc	GSM9335029	leaf	unannotated	unannotated
4047	Stevia rebaudiana	stevia_leaf_secondary_metabolism_snuc	GSM9335029	leaf	unannotated	unannotated
4048	Stevia rebaudiana	stevia_leaf_secondary_metabolism_snuc	GSM9335029	leaf	unannotated	unannotated
4049	Stevia rebaudiana	stevia_leaf_secondary_metabolism_snuc	GSM9335029	leaf	unannotated	unannotated
4050	Stevia rebaudiana	stevia_leaf_secondary_metabolism_snuc	GSM9335029	leaf	unannotated	unannotated
4051	Stevia rebaudiana	stevia_leaf_secondary_metabolism_snuc	GSM9335029	leaf	unannotated	unannotated
4052	Stevia rebaudiana	stevia_leaf_secondary_metabolism_snuc	GSM9335029	leaf	unannotated	unannotated
4053	Stevia rebaudiana	stevia_leaf_secondary_metabolism_snuc	GSM9335029	leaf	unannotated	unannotated
4054	Stevia rebaudiana	stevia_leaf_secondary_metabolism_snuc	GSM9335029	leaf	unannotated	unannotated
4055	Stevia rebaudiana	stevia_leaf_secondary_metabolism_snuc	GSM9335029	leaf	unannotated	unannotated
4056	Stevia rebaudiana	stevia_leaf_secondary_metabolism_snuc	GSM9335029	leaf	unannotated	unannotated
4057	Stevia rebaudiana	stevia_leaf_secondary_metabolism_snuc	GSM9335029	leaf	unannotated	unannotated
4058	Stevia rebaudiana	stevia_leaf_secondary_metabolism_snuc	GSM9335029	leaf	unannotated	unannotated
4059	Stevia rebaudiana	stevia_leaf_secondary_metabolism_snuc	GSM9335029	leaf	unannotated	unannotated
4060	Stevia rebaudiana	stevia_leaf_secondary_metabolism_snuc	GSM9335029	leaf	unannotated	unannotated
4061	Stevia rebaudiana	stevia_leaf_secondary_metabolism_snuc	GSM9335029	leaf	unannotated	unannotated
4062	Stevia rebaudiana	stevia_leaf_secondary_metabolism_snuc	GSM9335029	leaf	unannotated	unannotated
4063	Stevia rebaudiana	stevia_leaf_secondary_metabolism_snuc	GSM9335029	leaf	unannotated	unannotated
4064	Stevia rebaudiana	stevia_leaf_secondary_metabolism_snuc	GSM9335029	leaf	unannotated	unannotated
4065	Stevia rebaudiana	stevia_leaf_secondary_metabolism_snuc	GSM9335029	leaf	unannotated	unannotated
4066	Stevia rebaudiana	stevia_leaf_secondary_metabolism_snuc	GSM9335029	leaf	unannotated	unannotated
4067	Stevia rebaudiana	stevia_leaf_secondary_metabolism_snuc	GSM9335029	leaf	unannotated	unannotated
4068	Stevia rebaudiana	stevia_leaf_secondary_metabolism_snuc	GSM9335029	leaf	unannotated	unannotated
4069	Stevia rebaudiana	stevia_leaf_secondary_metabolism_snuc	GSM9335029	leaf	unannotated	unannotated
4070	Stevia rebaudiana	stevia_leaf_secondary_metabolism_snuc	GSM9335029	leaf	unannotated	unannotated
4071	Stevia rebaudiana	stevia_leaf_secondary_metabolism_snuc	GSM9335029	leaf	unannotated	unannotated
4072	Stevia rebaudiana	stevia_leaf_secondary_metabolism_snuc	GSM9335029	leaf	unannotated	unannotated
4073	Stevia rebaudiana	stevia_leaf_secondary_metabolism_snuc	GSM9335029	leaf	unannotated	unannotated
4074	Stevia rebaudiana	stevia_leaf_secondary_metabolism_snuc	GSM9335029	leaf	unannotated	unannotated
4075	Stevia rebaudiana	stevia_leaf_secondary_metabolism_snuc	GSM9335029	leaf	unannotated	unannotated
4076	Stevia rebaudiana	stevia_leaf_secondary_metabolism_snuc	GSM9335029	leaf	unannotated	unannotated
4077	Stevia rebaudiana	stevia_leaf_secondary_metabolism_snuc	GSM9335029	leaf	unannotated	unannotated
4078	Stevia rebaudiana	stevia_leaf_secondary_metabolism_snuc	GSM9335029	leaf	unannotated	unannotated
4079	Stevia rebaudiana	stevia_leaf_secondary_metabolism_snuc	GSM9335029	leaf	unannotated	unannotated
4080	Stevia rebaudiana	stevia_leaf_secondary_metabolism_snuc	GSM9335029	leaf	unannotated	unannotated
4081	Stevia rebaudiana	stevia_leaf_secondary_metabolism_snuc	GSM9335029	leaf	unannotated	unannotated
4082	Stevia rebaudiana	stevia_leaf_secondary_metabolism_snuc	GSM9335029	leaf	unannotated	unannotated
4083	Stevia rebaudiana	stevia_leaf_secondary_metabolism_snuc	GSM9335029	leaf	unannotated	unannotated
4084	Stevia rebaudiana	stevia_leaf_secondary_metabolism_snuc	GSM9335029	leaf	unannotated	unannotated
4085	Stevia rebaudiana	stevia_leaf_secondary_metabolism_snuc	GSM9335029	leaf	unannotated	unannotated
4086	Stevia rebaudiana	stevia_leaf_secondary_metabolism_snuc	GSM9335029	leaf	unannotated	unannotated
4087	Stevia rebaudiana	stevia_leaf_secondary_metabolism_snuc	GSM9335029	leaf	unannotated	unannotated
4088	Stevia rebaudiana	stevia_leaf_secondary_metabolism_snuc	GSM9335029	leaf	unannotated	unannotated
4089	Stevia rebaudiana	stevia_leaf_secondary_metabolism_snuc	GSM9335029	leaf	unannotated	unannotated
4090	Stevia rebaudiana	stevia_leaf_secondary_metabolism_snuc	GSM9335029	leaf	unannotated	unannotated
4091	Stevia rebaudiana	stevia_leaf_secondary_metabolism_snuc	GSM9335029	leaf	unannotated	unannotated
4092	Stevia rebaudiana	stevia_leaf_secondary_metabolism_snuc	GSM9335029	leaf	unannotated	unannotated
4093	Stevia rebaudiana	stevia_leaf_secondary_metabolism_snuc	GSM9335029	leaf	unannotated	unannotated
4094	Stevia rebaudiana	stevia_leaf_secondary_metabolism_snuc	GSM9335029	leaf	unannotated	unannotated
4095	Stevia rebaudiana	stevia_leaf_secondary_metabolism_snuc	GSM9335029	leaf	unannotated	unannotated
4096	Oryza sativa	rice_leaf_stress_snuc_atlas	Mild.Drought	leaf	Epidermal.Precursor	Epidermis
4097	Oryza sativa	rice_leaf_stress_snuc_atlas	Mild.Drought	leaf	Procambium	Vasculature
4098	Oryza sativa	rice_leaf_stress_snuc_atlas	Mild.Drought	leaf	Procambium	Vasculature
4099	Oryza sativa	rice_leaf_stress_snuc_atlas	Mild.Drought	leaf	Epidermis	Epidermis
4100	Oryza sativa	rice_leaf_stress_snuc_atlas	Mild.Drought	leaf	Epidermal.Precursor	Epidermis
4101	Oryza sativa	rice_leaf_stress_snuc_atlas	Mild.Drought	leaf	Epidermal.Precursor	Epidermis
4102	Oryza sativa	rice_leaf_stress_snuc_atlas	Mild.Drought	leaf	Bundle.Sheath	Vasculature
4103	Oryza sativa	rice_leaf_stress_snuc_atlas	Mild.Drought	leaf	Meristem	Meristem
4104	Oryza sativa	rice_leaf_stress_snuc_atlas	Mild.Drought	leaf	Mesophyll	Mesophyll
4105	Oryza sativa	rice_leaf_stress_snuc_atlas	Mild.Drought	leaf	Meristem	Meristem
4106	Oryza sativa	rice_leaf_stress_snuc_atlas	Mild.Drought	leaf	Mesophyll.Precursor	Mesophyll
4107	Oryza sativa	rice_leaf_stress_snuc_atlas	Mild.Drought	leaf	Mesophyll.Precursor	Mesophyll
4108	Oryza sativa	rice_leaf_stress_snuc_atlas	Mild.Drought	leaf	Epidermal.Precursor	Epidermis
4109	Oryza sativa	rice_leaf_stress_snuc_atlas	Mild.Drought	leaf	Mesophyll.Precursor	Mesophyll
4110	Oryza sativa	rice_leaf_stress_snuc_atlas	Mild.Drought	leaf	Mesophyll	Mesophyll
4111	Oryza sativa	rice_leaf_stress_snuc_atlas	Mild.Drought	leaf	Epidermal.Precursor	Epidermis
4112	Oryza sativa	rice_leaf_stress_snuc_atlas	Mild.Drought	leaf	Procambium	Vasculature
4113	Oryza sativa	rice_leaf_stress_snuc_atlas	Mild.Drought	leaf	Mesophyll	Mesophyll
4114	Oryza sativa	rice_leaf_stress_snuc_atlas	Mild.Drought	leaf	Large.Parenchyma	Mesophyll
4115	Oryza sativa	rice_leaf_stress_snuc_atlas	Mild.Drought	leaf	Epidermal.Precursor	Epidermis
4116	Oryza sativa	rice_leaf_stress_snuc_atlas	Mild.Drought	leaf	Xylem.Parenchyma	Vasculature
4117	Oryza sativa	rice_leaf_stress_snuc_atlas	Mild.Drought	leaf	Fibre	Vasculature
4118	Oryza sativa	rice_leaf_stress_snuc_atlas	Mild.Drought	leaf	Mesophyll.Precursor	Mesophyll
4119	Oryza sativa	rice_leaf_stress_snuc_atlas	Mild.Drought	leaf	Epidermis	Epidermis
4120	Oryza sativa	rice_leaf_stress_snuc_atlas	Mild.Drought	leaf	Mesophyll	Mesophyll
4121	Oryza sativa	rice_leaf_stress_snuc_atlas	Mild.Drought	leaf	Meristem	Meristem
4122	Oryza sativa	rice_leaf_stress_snuc_atlas	Mild.Drought	leaf	Large.Parenchyma	Mesophyll
4123	Oryza sativa	rice_leaf_stress_snuc_atlas	Mild.Drought	leaf	Bundle.Sheath	Vasculature
4124	Oryza sativa	rice_leaf_stress_snuc_atlas	Mild.Drought	leaf	Fibre	Vasculature
4125	Oryza sativa	rice_leaf_stress_snuc_atlas	Mild.Drought	leaf	Epidermal.Precursor	Epidermis
4126	Oryza sativa	rice_leaf_stress_snuc_atlas	Mild.Drought	leaf	Epidermal.Precursor	Epidermis
4127	Oryza sativa	rice_leaf_stress_snuc_atlas	Mild.Drought	leaf	Epidermal.Precursor	Epidermis
4128	Oryza sativa	rice_leaf_stress_snuc_atlas	Mild.Drought	leaf	Mesophyll.Precursor	Mesophyll
4129	Oryza sativa	rice_leaf_stress_snuc_atlas	Mild.Drought	leaf	Mesophyll.Precursor	Mesophyll
4130	Oryza sativa	rice_leaf_stress_snuc_atlas	Mild.Drought	leaf	Mesophyll	Mesophyll
4131	Oryza sativa	rice_leaf_stress_snuc_atlas	Mild.Drought	leaf	Epidermis	Epidermis
4132	Oryza sativa	rice_leaf_stress_snuc_atlas	Mild.Drought	leaf	Procambium	Vasculature
4133	Oryza sativa	rice_leaf_stress_snuc_atlas	Mild.Drought	leaf	Mesophyll	Mesophyll
4134	Oryza sativa	rice_leaf_stress_snuc_atlas	Mild.Drought	leaf	Mesophyll	Mesophyll
4135	Oryza sativa	rice_leaf_stress_snuc_atlas	Mild.Drought	leaf	Epidermal.Precursor	Epidermis
4136	Oryza sativa	rice_leaf_stress_snuc_atlas	Mild.Drought	leaf	Procambium	Vasculature
4137	Oryza sativa	rice_leaf_stress_snuc_atlas	Mild.Drought	leaf	Mesophyll	Mesophyll
4138	Oryza sativa	rice_leaf_stress_snuc_atlas	Mild.Drought	leaf	Mesophyll.Precursor	Mesophyll
4139	Oryza sativa	rice_leaf_stress_snuc_atlas	Mild.Drought	leaf	Procambium	Vasculature
4140	Oryza sativa	rice_leaf_stress_snuc_atlas	Mild.Drought	leaf	Mesophyll	Mesophyll
4141	Oryza sativa	rice_leaf_stress_snuc_atlas	Mild.Drought	leaf	Epidermis	Epidermis
4142	Oryza sativa	rice_leaf_stress_snuc_atlas	Mild.Salinity	leaf	Epidermis	Epidermis
4143	Oryza sativa	rice_leaf_stress_snuc_atlas	Mild.Salinity	leaf	Mesophyll	Mesophyll
4144	Oryza sativa	rice_leaf_stress_snuc_atlas	Mild.Salinity	leaf	Meristem	Meristem
4145	Oryza sativa	rice_leaf_stress_snuc_atlas	Mild.Salinity	leaf	Mesophyll.Precursor	Mesophyll
4146	Oryza sativa	rice_leaf_stress_snuc_atlas	Mild.Salinity	leaf	Mesophyll	Mesophyll
4147	Oryza sativa	rice_leaf_stress_snuc_atlas	Mild.Salinity	leaf	Mesophyll.Precursor	Mesophyll
4148	Oryza sativa	rice_leaf_stress_snuc_atlas	Mild.Salinity	leaf	Mesophyll.Precursor	Mesophyll
4149	Oryza sativa	rice_leaf_stress_snuc_atlas	Mild.Salinity	leaf	Epidermis	Epidermis
4150	Oryza sativa	rice_leaf_stress_snuc_atlas	Mild.Salinity	leaf	Large.Parenchyma	Mesophyll
4151	Oryza sativa	rice_leaf_stress_snuc_atlas	Mild.Salinity	leaf	Epidermis	Epidermis
4152	Oryza sativa	rice_leaf_stress_snuc_atlas	Mild.Salinity	leaf	Mesophyll.Precursor	Mesophyll
4153	Oryza sativa	rice_leaf_stress_snuc_atlas	Mild.Salinity	leaf	Meristem	Meristem
4154	Oryza sativa	rice_leaf_stress_snuc_atlas	Mild.Salinity	leaf	Large.Parenchyma	Mesophyll
4155	Oryza sativa	rice_leaf_stress_snuc_atlas	Mild.Salinity	leaf	Meristem	Meristem
4156	Oryza sativa	rice_leaf_stress_snuc_atlas	Mild.Salinity	leaf	Epidermal.Precursor	Epidermis
4157	Oryza sativa	rice_leaf_stress_snuc_atlas	Mild.Salinity	leaf	Meristem	Meristem
4158	Oryza sativa	rice_leaf_stress_snuc_atlas	Mild.Salinity	leaf	Mesophyll.Precursor	Mesophyll
4159	Oryza sativa	rice_leaf_stress_snuc_atlas	Mild.Salinity	leaf	Mesophyll.Precursor	Mesophyll
4160	Oryza sativa	rice_leaf_stress_snuc_atlas	Mild.Salinity	leaf	Mesophyll	Mesophyll
4161	Oryza sativa	rice_leaf_stress_snuc_atlas	Mild.Salinity	leaf	Epidermis	Epidermis
4162	Oryza sativa	rice_leaf_stress_snuc_atlas	Mild.Salinity	leaf	Meristem	Meristem
4163	Oryza sativa	rice_leaf_stress_snuc_atlas	Mild.Salinity	leaf	Epidermis	Epidermis
4164	Oryza sativa	rice_leaf_stress_snuc_atlas	Mild.Salinity	leaf	Mesophyll.Precursor	Mesophyll
4165	Oryza sativa	rice_leaf_stress_snuc_atlas	Mild.Salinity	leaf	Procambium	Vasculature
4166	Oryza sativa	rice_leaf_stress_snuc_atlas	Mild.Salinity	leaf	Mesophyll.Precursor	Mesophyll
4167	Oryza sativa	rice_leaf_stress_snuc_atlas	Mild.Salinity	leaf	Mesophyll.Precursor	Mesophyll
4168	Oryza sativa	rice_leaf_stress_snuc_atlas	Mild.Salinity	leaf	Mesophyll	Mesophyll
4169	Oryza sativa	rice_leaf_stress_snuc_atlas	Mild.Salinity	leaf	Mesophyll	Mesophyll
4170	Oryza sativa	rice_leaf_stress_snuc_atlas	Mild.Salinity	leaf	Meristem	Meristem
4171	Oryza sativa	rice_leaf_stress_snuc_atlas	Mild.Salinity	leaf	Meristem	Meristem
4172	Oryza sativa	rice_leaf_stress_snuc_atlas	Mild.Salinity	leaf	Meristem	Meristem
4173	Oryza sativa	rice_leaf_stress_snuc_atlas	Mild.Salinity	leaf	Mesophyll.Precursor	Mesophyll
4174	Oryza sativa	rice_leaf_stress_snuc_atlas	Mild.Salinity	leaf	Mesophyll.Precursor	Mesophyll
4175	Oryza sativa	rice_leaf_stress_snuc_atlas	Mild.Salinity	leaf	Large.Parenchyma	Mesophyll
4176	Oryza sativa	rice_leaf_stress_snuc_atlas	Mild.Salinity	leaf	Epidermis	Epidermis
4177	Oryza sativa	rice_leaf_stress_snuc_atlas	Mild.Salinity	leaf	Mesophyll.Precursor	Mesophyll
4178	Oryza sativa	rice_leaf_stress_snuc_atlas	Moderate.Drought	leaf	Mesophyll	Mesophyll
4179	Oryza sativa	rice_leaf_stress_snuc_atlas	Moderate.Drought	leaf	Meristem	Meristem
4180	Oryza sativa	rice_leaf_stress_snuc_atlas	Moderate.Drought	leaf	Mesophyll	Mesophyll
4181	Oryza sativa	rice_leaf_stress_snuc_atlas	Moderate.Drought	leaf	Mesophyll	Mesophyll
4182	Oryza sativa	rice_leaf_stress_snuc_atlas	Moderate.Drought	leaf	Procambium	Vasculature
4183	Oryza sativa	rice_leaf_stress_snuc_atlas	Moderate.Drought	leaf	Mesophyll.Precursor	Mesophyll
4184	Oryza sativa	rice_leaf_stress_snuc_atlas	Moderate.Drought	leaf	Procambium	Vasculature
4185	Oryza sativa	rice_leaf_stress_snuc_atlas	Moderate.Drought	leaf	Bundle.Sheath	Vasculature
4186	Oryza sativa	rice_leaf_stress_snuc_atlas	Moderate.Drought	leaf	Epidermis	Epidermis
4187	Oryza sativa	rice_leaf_stress_snuc_atlas	Moderate.Drought	leaf	Mesophyll	Mesophyll
4188	Oryza sativa	rice_leaf_stress_snuc_atlas	Moderate.Drought	leaf	Mesophyll	Mesophyll
4189	Oryza sativa	rice_leaf_stress_snuc_atlas	Moderate.Drought	leaf	Mesophyll.Precursor	Mesophyll
4190	Oryza sativa	rice_leaf_stress_snuc_atlas	Moderate.Drought	leaf	Mesophyll.Precursor	Mesophyll
4191	Oryza sativa	rice_leaf_stress_snuc_atlas	Moderate.Drought	leaf	Meristem	Meristem
4192	Oryza sativa	rice_leaf_stress_snuc_atlas	Moderate.Drought	leaf	Epidermal.Precursor	Epidermis
4193	Oryza sativa	rice_leaf_stress_snuc_atlas	Moderate.Drought	leaf	Procambium	Vasculature
4194	Oryza sativa	rice_leaf_stress_snuc_atlas	Moderate.Drought	leaf	Mesophyll.Precursor	Mesophyll
4195	Oryza sativa	rice_leaf_stress_snuc_atlas	Moderate.Drought	leaf	Procambium	Vasculature
4196	Oryza sativa	rice_leaf_stress_snuc_atlas	Moderate.Drought	leaf	Epidermis	Epidermis
4197	Oryza sativa	rice_leaf_stress_snuc_atlas	Moderate.Drought	leaf	Procambium	Vasculature
4198	Oryza sativa	rice_leaf_stress_snuc_atlas	Moderate.Drought	leaf	Mesophyll	Mesophyll
4199	Oryza sativa	rice_leaf_stress_snuc_atlas	Moderate.Drought	leaf	Large.Parenchyma	Mesophyll
4200	Oryza sativa	rice_leaf_stress_snuc_atlas	Moderate.Drought	leaf	Large.Parenchyma	Mesophyll
4201	Oryza sativa	rice_leaf_stress_snuc_atlas	Moderate.Drought	leaf	Mesophyll.Precursor	Mesophyll
4202	Oryza sativa	rice_leaf_stress_snuc_atlas	Moderate.Drought	leaf	Mesophyll	Mesophyll
4203	Oryza sativa	rice_leaf_stress_snuc_atlas	Moderate.Drought	leaf	Epidermal.Precursor	Epidermis
4204	Oryza sativa	rice_leaf_stress_snuc_atlas	Moderate.Drought	leaf	Mesophyll.Precursor	Mesophyll
4205	Oryza sativa	rice_leaf_stress_snuc_atlas	Moderate.Drought	leaf	Mesophyll.Precursor	Mesophyll
4206	Oryza sativa	rice_leaf_stress_snuc_atlas	Moderate.Drought	leaf	Epidermal.Precursor	Epidermis
4207	Oryza sativa	rice_leaf_stress_snuc_atlas	Moderate.Drought	leaf	Epidermis	Epidermis
4208	Oryza sativa	rice_leaf_stress_snuc_atlas	Moderate.Drought	leaf	Procambium	Vasculature
4209	Oryza sativa	rice_leaf_stress_snuc_atlas	Moderate.Drought	leaf	Mesophyll	Mesophyll
4210	Oryza sativa	rice_leaf_stress_snuc_atlas	Moderate.Drought	leaf	Large.Parenchyma	Mesophyll
4211	Oryza sativa	rice_leaf_stress_snuc_atlas	Moderate.Drought	leaf	Procambium	Vasculature
4212	Oryza sativa	rice_leaf_stress_snuc_atlas	Moderate.Drought	leaf	Epidermis	Epidermis
4213	Oryza sativa	rice_leaf_stress_snuc_atlas	Moderate.Drought	leaf	Mesophyll.Precursor	Mesophyll
4214	Oryza sativa	rice_leaf_stress_snuc_atlas	Moderate.Drought	leaf	Bundle.Sheath	Vasculature
4215	Oryza sativa	rice_leaf_stress_snuc_atlas	Moderate.Drought	leaf	Epidermal.Precursor	Epidermis
4216	Oryza sativa	rice_leaf_stress_snuc_atlas	Moderate.Drought	leaf	Large.Parenchyma	Mesophyll
4217	Oryza sativa	rice_leaf_stress_snuc_atlas	Moderate.Drought	leaf	Epidermis	Epidermis
4218	Oryza sativa	rice_leaf_stress_snuc_atlas	Moderate.Drought	leaf	Procambium	Vasculature
4219	Oryza sativa	rice_leaf_stress_snuc_atlas	Moderate.Drought	leaf	Mesophyll.Precursor	Mesophyll
4220	Oryza sativa	rice_leaf_stress_snuc_atlas	Moderate.Drought	leaf	Meristem	Meristem
4221	Oryza sativa	rice_leaf_stress_snuc_atlas	Moderate.Drought	leaf	Epidermal.Precursor	Epidermis
4222	Oryza sativa	rice_leaf_stress_snuc_atlas	Moderate.Drought	leaf	Mesophyll.Precursor	Mesophyll
4223	Oryza sativa	rice_leaf_stress_snuc_atlas	Moderate.Drought	leaf	Meristem	Meristem
4224	Oryza sativa	rice_leaf_stress_snuc_atlas	Moderate.Drought	leaf	Procambium	Vasculature
4225	Oryza sativa	rice_leaf_stress_snuc_atlas	Moderate.Drought	leaf	Procambium	Vasculature
4226	Oryza sativa	rice_leaf_stress_snuc_atlas	Moderate.Drought	leaf	Mesophyll.Precursor	Mesophyll
4227	Oryza sativa	rice_leaf_stress_snuc_atlas	Moderate.Drought	leaf	Epidermis	Epidermis
4228	Oryza sativa	rice_leaf_stress_snuc_atlas	Moderate.Drought	leaf	Epidermal.Precursor	Epidermis
4229	Oryza sativa	rice_leaf_stress_snuc_atlas	Moderate.Drought	leaf	Mesophyll.Precursor	Mesophyll
4230	Oryza sativa	rice_leaf_stress_snuc_atlas	Moderate.Drought	leaf	Procambium	Vasculature
4231	Oryza sativa	rice_leaf_stress_snuc_atlas	Moderate.Drought	leaf	Mesophyll	Mesophyll
4232	Oryza sativa	rice_leaf_stress_snuc_atlas	Moderate.Drought	leaf	Procambium	Vasculature
4233	Oryza sativa	rice_leaf_stress_snuc_atlas	Moderate.Drought	leaf	Epidermal.Precursor	Epidermis
4234	Oryza sativa	rice_leaf_stress_snuc_atlas	Moderate.Drought	leaf	Epidermal.Precursor	Epidermis
4235	Oryza sativa	rice_leaf_stress_snuc_atlas	Moderate.Drought	leaf	Mesophyll.Precursor	Mesophyll
4236	Oryza sativa	rice_leaf_stress_snuc_atlas	Moderate.Drought	leaf	Mesophyll.Precursor	Mesophyll
4237	Oryza sativa	rice_leaf_stress_snuc_atlas	Moderate.Drought	leaf	Epidermal.Precursor	Epidermis
4238	Oryza sativa	rice_leaf_stress_snuc_atlas	Moderate.Drought	leaf	Large.Parenchyma	Mesophyll
4239	Oryza sativa	rice_leaf_stress_snuc_atlas	Moderate.Drought	leaf	Meristem	Meristem
4240	Oryza sativa	rice_leaf_stress_snuc_atlas	Moderate.Drought	leaf	Mesophyll	Mesophyll
4241	Oryza sativa	rice_leaf_stress_snuc_atlas	Moderate.Salinity	leaf	Epidermal.Precursor	Epidermis
4242	Oryza sativa	rice_leaf_stress_snuc_atlas	Moderate.Salinity	leaf	Procambium	Vasculature
4243	Oryza sativa	rice_leaf_stress_snuc_atlas	Moderate.Salinity	leaf	Procambium	Vasculature
4244	Oryza sativa	rice_leaf_stress_snuc_atlas	Moderate.Salinity	leaf	Mesophyll	Mesophyll
4245	Oryza sativa	rice_leaf_stress_snuc_atlas	Moderate.Salinity	leaf	Mesophyll.Precursor	Mesophyll
4246	Oryza sativa	rice_leaf_stress_snuc_atlas	Moderate.Salinity	leaf	Epidermis	Epidermis
4247	Oryza sativa	rice_leaf_stress_snuc_atlas	Moderate.Salinity	leaf	Epidermis	Epidermis
4248	Oryza sativa	rice_leaf_stress_snuc_atlas	Moderate.Salinity	leaf	Meristem	Meristem
4249	Oryza sativa	rice_leaf_stress_snuc_atlas	Moderate.Salinity	leaf	Meristem	Meristem
4250	Oryza sativa	rice_leaf_stress_snuc_atlas	Moderate.Salinity	leaf	Bundle.Sheath	Vasculature
4251	Oryza sativa	rice_leaf_stress_snuc_atlas	Moderate.Salinity	leaf	Procambium	Vasculature
4252	Oryza sativa	rice_leaf_stress_snuc_atlas	Moderate.Salinity	leaf	Mesophyll.Precursor	Mesophyll
4253	Oryza sativa	rice_leaf_stress_snuc_atlas	Moderate.Salinity	leaf	Procambium	Vasculature
4254	Oryza sativa	rice_leaf_stress_snuc_atlas	Moderate.Salinity	leaf	Epidermal.Precursor	Epidermis
4255	Oryza sativa	rice_leaf_stress_snuc_atlas	Moderate.Salinity	leaf	Epidermis	Epidermis
4256	Oryza sativa	rice_leaf_stress_snuc_atlas	Moderate.Salinity	leaf	Meristem	Meristem
4257	Oryza sativa	rice_leaf_stress_snuc_atlas	Moderate.Salinity	leaf	Xylem	Vasculature
4258	Oryza sativa	rice_leaf_stress_snuc_atlas	Moderate.Salinity	leaf	Epidermis	Epidermis
4259	Oryza sativa	rice_leaf_stress_snuc_atlas	Moderate.Salinity	leaf	Epidermal.Precursor	Epidermis
4260	Oryza sativa	rice_leaf_stress_snuc_atlas	Moderate.Salinity	leaf	Epidermis	Epidermis
4261	Oryza sativa	rice_leaf_stress_snuc_atlas	Moderate.Salinity	leaf	Meristem	Meristem
4262	Oryza sativa	rice_leaf_stress_snuc_atlas	Moderate.Salinity	leaf	Mesophyll	Mesophyll
4263	Oryza sativa	rice_leaf_stress_snuc_atlas	Moderate.Salinity	leaf	Mesophyll	Mesophyll
4264	Oryza sativa	rice_leaf_stress_snuc_atlas	Moderate.Salinity	leaf	Mesophyll	Mesophyll
4265	Oryza sativa	rice_leaf_stress_snuc_atlas	Moderate.Salinity	leaf	Epidermis	Epidermis
4266	Oryza sativa	rice_leaf_stress_snuc_atlas	Moderate.Salinity	leaf	Meristem	Meristem
4267	Oryza sativa	rice_leaf_stress_snuc_atlas	Moderate.Salinity	leaf	Epidermal.Precursor	Epidermis
4268	Oryza sativa	rice_leaf_stress_snuc_atlas	Moderate.Salinity	leaf	Epidermal.Precursor	Epidermis
4269	Oryza sativa	rice_leaf_stress_snuc_atlas	Moderate.Salinity	leaf	Epidermal.Precursor	Epidermis
4270	Oryza sativa	rice_leaf_stress_snuc_atlas	Well.Watered	leaf	Mesophyll.Precursor	Mesophyll
4271	Oryza sativa	rice_leaf_stress_snuc_atlas	Well.Watered	leaf	Procambium	Vasculature
4272	Oryza sativa	rice_leaf_stress_snuc_atlas	Well.Watered	leaf	Epidermal.Precursor	Epidermis
4273	Oryza sativa	rice_leaf_stress_snuc_atlas	Well.Watered	leaf	Procambium	Vasculature
4274	Oryza sativa	rice_leaf_stress_snuc_atlas	Well.Watered	leaf	Meristem	Meristem
4275	Oryza sativa	rice_leaf_stress_snuc_atlas	Well.Watered	leaf	Mesophyll.Precursor	Mesophyll
4276	Oryza sativa	rice_leaf_stress_snuc_atlas	Well.Watered	leaf	Mesophyll.Precursor	Mesophyll
4277	Oryza sativa	rice_leaf_stress_snuc_atlas	Well.Watered	leaf	Procambium	Vasculature
4278	Oryza sativa	rice_leaf_stress_snuc_atlas	Well.Watered	leaf	Mesophyll	Mesophyll
4279	Oryza sativa	rice_leaf_stress_snuc_atlas	Well.Watered	leaf	Epidermal.Precursor	Epidermis
4280	Oryza sativa	rice_leaf_stress_snuc_atlas	Well.Watered	leaf	Large.Parenchyma	Mesophyll
4281	Oryza sativa	rice_leaf_stress_snuc_atlas	Well.Watered	leaf	Large.Parenchyma	Mesophyll
4282	Oryza sativa	rice_leaf_stress_snuc_atlas	Well.Watered	leaf	Phloem.SE	Vasculature
4283	Oryza sativa	rice_leaf_stress_snuc_atlas	Well.Watered	leaf	Procambium	Vasculature
4284	Oryza sativa	rice_leaf_stress_snuc_atlas	Well.Watered	leaf	Procambium	Vasculature
4285	Oryza sativa	rice_leaf_stress_snuc_atlas	Well.Watered	leaf	Mesophyll.Precursor	Mesophyll
4286	Oryza sativa	rice_leaf_stress_snuc_atlas	Well.Watered	leaf	Mesophyll.Precursor	Mesophyll
4287	Oryza sativa	rice_leaf_stress_snuc_atlas	Well.Watered	leaf	Meristem	Meristem
4288	Oryza sativa	rice_leaf_stress_snuc_atlas	Well.Watered	leaf	Mesophyll.Precursor	Mesophyll
4289	Oryza sativa	rice_leaf_stress_snuc_atlas	Well.Watered	leaf	Procambium	Vasculature
4290	Oryza sativa	rice_leaf_stress_snuc_atlas	Well.Watered	leaf	Xylem	Vasculature
4291	Oryza sativa	rice_leaf_stress_snuc_atlas	Well.Watered	leaf	Mesophyll.Precursor	Mesophyll
4292	Oryza sativa	rice_leaf_stress_snuc_atlas	Well.Watered	leaf	Mesophyll	Mesophyll
4293	Oryza sativa	rice_leaf_stress_snuc_atlas	Well.Watered	leaf	Mesophyll	Mesophyll
4294	Oryza sativa	rice_leaf_stress_snuc_atlas	Well.Watered	leaf	Meristem	Meristem
4295	Oryza sativa	rice_leaf_stress_snuc_atlas	Well.Watered	leaf	Procambium	Vasculature
4296	Oryza sativa	rice_leaf_stress_snuc_atlas	Well.Watered	leaf	Mesophyll.Precursor	Mesophyll
4297	Oryza sativa	rice_leaf_stress_snuc_atlas	Well.Watered	leaf	Xylem	Vasculature
4298	Oryza sativa	rice_leaf_stress_snuc_atlas	Well.Watered	leaf	Mesophyll.Precursor	Mesophyll
4299	Oryza sativa	rice_leaf_stress_snuc_atlas	Well.Watered	leaf	Mesophyll	Mesophyll
4300	Oryza sativa	rice_leaf_stress_snuc_atlas	Well.Watered	leaf	Procambium	Vasculature
4301	Oryza sativa	rice_leaf_stress_snuc_atlas	Well.Watered	leaf	Mesophyll	Mesophyll
4302	Oryza sativa	rice_leaf_stress_snuc_atlas	Well.Watered	leaf	Bundle.Sheath	Vasculature
4303	Oryza sativa	rice_leaf_stress_snuc_atlas	Well.Watered	leaf	Procambium	Vasculature
4304	Oryza sativa	rice_leaf_stress_snuc_atlas	Well.Watered	leaf	Epidermal.Precursor	Epidermis
4305	Oryza sativa	rice_leaf_stress_snuc_atlas	Well.Watered	leaf	Bundle.Sheath	Vasculature
4306	Oryza sativa	rice_leaf_stress_snuc_atlas	Well.Watered	leaf	Epidermal.Precursor	Epidermis
4307	Oryza sativa	rice_leaf_stress_snuc_atlas	Well.Watered	leaf	Mesophyll	Mesophyll
4308	Oryza sativa	rice_leaf_stress_snuc_atlas	Well.Watered	leaf	Epidermal.Precursor	Epidermis
4309	Oryza sativa	rice_leaf_stress_snuc_atlas	Well.Watered	leaf	Mesophyll.Precursor	Mesophyll
4310	Oryza sativa	rice_leaf_stress_snuc_atlas	Well.Watered	leaf	Procambium	Vasculature
4311	Oryza sativa	rice_leaf_stress_snuc_atlas	Well.Watered	leaf	Mesophyll	Mesophyll
4312	Oryza sativa	rice_leaf_stress_snuc_atlas	Well.Watered	leaf	Procambium	Vasculature
4313	Oryza sativa	rice_leaf_stress_snuc_atlas	Well.Watered	leaf	Procambium	Vasculature
4314	Oryza sativa	rice_leaf_stress_snuc_atlas	Well.Watered	leaf	Mesophyll.Precursor	Mesophyll
4315	Oryza sativa	rice_leaf_stress_snuc_atlas	Well.Watered	leaf	Epidermis	Epidermis
4316	Oryza sativa	rice_leaf_stress_snuc_atlas	Well.Watered	leaf	Epidermal.Precursor	Epidermis
4317	Oryza sativa	rice_leaf_stress_snuc_atlas	Well.Watered	leaf	Epidermal.Precursor	Epidermis
4318	Oryza sativa	rice_leaf_stress_snuc_atlas	Well.Watered	leaf	Phloem.SE	Vasculature
4319	Oryza sativa	rice_leaf_stress_snuc_atlas	Well.Watered	leaf	Mestome.Sheath	Vasculature
4320	Oryza sativa	rice_leaf_stress_snuc_atlas	Well.Watered	leaf	Large.Parenchyma	Mesophyll
4321	Oryza sativa	rice_leaf_stress_snuc_atlas	Well.Watered	leaf	Meristem	Meristem
4322	Oryza sativa	rice_leaf_stress_snuc_atlas	Well.Watered	leaf	Epidermis	Epidermis
4323	Oryza sativa	rice_leaf_stress_snuc_atlas	Well.Watered	leaf	Phloem.SE	Vasculature
4324	Oryza sativa	rice_leaf_stress_snuc_atlas	Well.Watered	leaf	Procambium	Vasculature
4325	Oryza sativa	rice_leaf_stress_snuc_atlas	Well.Watered	leaf	Epidermis	Epidermis
4326	Oryza sativa	rice_leaf_stress_snuc_atlas	Well.Watered	leaf	Procambium	Vasculature
4327	Oryza sativa	rice_leaf_stress_snuc_atlas	Well.Watered	leaf	Epidermis	Epidermis
4328	Oryza sativa	rice_leaf_stress_snuc_atlas	Well.Watered	leaf	Epidermal.Precursor	Epidermis
4329	Oryza sativa	rice_leaf_stress_snuc_atlas	Well.Watered	leaf	Meristem	Meristem
4330	Oryza sativa	rice_leaf_stress_snuc_atlas	Well.Watered	leaf	Mesophyll.Precursor	Mesophyll
4331	Oryza sativa	rice_leaf_stress_snuc_atlas	Well.Watered	leaf	Mesophyll.Precursor	Mesophyll
4332	Oryza sativa	rice_leaf_stress_snuc_atlas	Well.Watered	leaf	Epidermis	Epidermis
4333	Oryza sativa	rice_leaf_stress_snuc_atlas	Well.Watered	leaf	Xylem	Vasculature
4334	Oryza sativa	rice_leaf_stress_snuc_atlas	Well.Watered	leaf	Mesophyll.Precursor	Mesophyll
4335	Oryza sativa	rice_leaf_stress_snuc_atlas	Well.Watered	leaf	Epidermal.Precursor	Epidermis
4336	Oryza sativa	rice_leaf_stress_snuc_atlas	Well.Watered	leaf	Meristem	Meristem
4337	Oryza sativa	rice_leaf_stress_snuc_atlas	Well.Watered	leaf	Mesophyll	Mesophyll
4338	Oryza sativa	rice_leaf_stress_snuc_atlas	Well.Watered	leaf	Mesophyll	Mesophyll
4339	Oryza sativa	rice_leaf_stress_snuc_atlas	Well.Watered	leaf	Mesophyll.Precursor	Mesophyll
4340	Oryza sativa	rice_leaf_stress_snuc_atlas	Well.Watered	leaf	Meristem	Meristem
4341	Oryza sativa	rice_leaf_stress_snuc_atlas	Well.Watered	leaf	Mesophyll.Precursor	Mesophyll
4342	Oryza sativa	rice_leaf_stress_snuc_atlas	Well.Watered	leaf	Mesophyll.Precursor	Mesophyll
4343	Oryza sativa	rice_leaf_stress_snuc_atlas	Well.Watered	leaf	Epidermis	Epidermis
4344	Oryza sativa	rice_leaf_stress_snuc_atlas	Well.Watered	leaf	Mesophyll.Precursor	Mesophyll
4345	Oryza sativa	rice_leaf_stress_snuc_atlas	Well.Watered	leaf	Procambium	Vasculature
4346	Oryza sativa	rice_leaf_stress_snuc_atlas	Well.Watered	leaf	Epidermis	Epidermis
4347	Oryza sativa	rice_leaf_stress_snuc_atlas	Well.Watered	leaf	Mesophyll	Mesophyll
4348	Oryza sativa	rice_leaf_stress_snuc_atlas	Well.Watered	leaf	Mesophyll	Mesophyll
4349	Oryza sativa	rice_leaf_stress_snuc_atlas	Well.Watered	leaf	Mesophyll	Mesophyll
4350	Oryza sativa	rice_leaf_stress_snuc_atlas	Well.Watered	leaf	Epidermal.Precursor	Epidermis
4351	Oryza sativa	rice_leaf_stress_snuc_atlas	Well.Watered	leaf	Procambium	Vasculature
4352	Solanum lycopersicum	tomato_mycorrhiza_snuc_atlas	AMF1	root	stele_2	PHLOEM & PROCAMB
4353	Solanum lycopersicum	tomato_mycorrhiza_snuc_atlas	AMF1	root	epidermis_4	PHLOEM & PROCAMB
4354	Solanum lycopersicum	tomato_mycorrhiza_snuc_atlas	AMF1	root	stele_1	PHLOEM & PROCAMB
4355	Solanum lycopersicum	tomato_mycorrhiza_snuc_atlas	AMF1	root	phloem	PHLOEM & PROCAMB
4356	Solanum lycopersicum	tomato_mycorrhiza_snuc_atlas	AMF1	root	cortex_1	EXODERMIS
4357	Solanum lycopersicum	tomato_mycorrhiza_snuc_atlas	AMF1	root	epidermis_4	ATRICHOBLAST
4358	Solanum lycopersicum	tomato_mycorrhiza_snuc_atlas	AMF1	root	epidermis_2	CORTEX
4359	Solanum lycopersicum	tomato_mycorrhiza_snuc_atlas	AMF1	root	epidermis_2	CORTEX
4360	Solanum lycopersicum	tomato_mycorrhiza_snuc_atlas	AMF1	root	endodermis_1	PERICYLCE
4361	Solanum lycopersicum	tomato_mycorrhiza_snuc_atlas	AMF1	root	epidermis_1	CORTEX
4362	Solanum lycopersicum	tomato_mycorrhiza_snuc_atlas	AMF1	root	stele_1	PERICYLCE
4363	Solanum lycopersicum	tomato_mycorrhiza_snuc_atlas	AMF1	root	epidermis_4	CORTEX
4364	Solanum lycopersicum	tomato_mycorrhiza_snuc_atlas	AMF1	root	epidermis_5	TRICHOBLAST
4365	Solanum lycopersicum	tomato_mycorrhiza_snuc_atlas	AMF1	root	cortex_1	EXODERMIS
4366	Solanum lycopersicum	tomato_mycorrhiza_snuc_atlas	AMF1	root	epidermis_2	CORTEX
4367	Solanum lycopersicum	tomato_mycorrhiza_snuc_atlas	AMF1	root	unknown_1	PERICYLCE
4368	Solanum lycopersicum	tomato_mycorrhiza_snuc_atlas	AMF1	root	stele_1	PHLOEM & PROCAMB
4369	Solanum lycopersicum	tomato_mycorrhiza_snuc_atlas	AMF1	root	stele_1	CORTEX
4370	Solanum lycopersicum	tomato_mycorrhiza_snuc_atlas	AMF1	root	cortex_1	CORTEX
4371	Solanum lycopersicum	tomato_mycorrhiza_snuc_atlas	AMF1	root	cortex_1	CORTEX
4372	Solanum lycopersicum	tomato_mycorrhiza_snuc_atlas	AMF1	root	epidermis_1	CORTEX
4373	Solanum lycopersicum	tomato_mycorrhiza_snuc_atlas	AMF1	root	cortex_2	CORTEX
4374	Solanum lycopersicum	tomato_mycorrhiza_snuc_atlas	AMF1	root	epidermis_3	CORTEX
4375	Solanum lycopersicum	tomato_mycorrhiza_snuc_atlas	AMF1	root	stele_1	PHLOEM & PROCAMB
4376	Solanum lycopersicum	tomato_mycorrhiza_snuc_atlas	AMF1	root	pericycle_1	PERICYLCE
4377	Solanum lycopersicum	tomato_mycorrhiza_snuc_atlas	AMF1	root	epidermis_2	CORTEX
4378	Solanum lycopersicum	tomato_mycorrhiza_snuc_atlas	AMF1	root	epidermis_2	CORTEX
4379	Solanum lycopersicum	tomato_mycorrhiza_snuc_atlas	AMF1	root	stele_1	PHLOEM & PROCAMB
4380	Solanum lycopersicum	tomato_mycorrhiza_snuc_atlas	AMF1	root	phloem	PHLOEM & PROCAMB
4381	Solanum lycopersicum	tomato_mycorrhiza_snuc_atlas	AMF1	root	pericycle_1	PERICYLCE
4382	Solanum lycopersicum	tomato_mycorrhiza_snuc_atlas	AMF1	root	epidermis_1	CORTEX
4383	Solanum lycopersicum	tomato_mycorrhiza_snuc_atlas	AMF1	root	endodermis_2	CORTEX
4384	Solanum lycopersicum	tomato_mycorrhiza_snuc_atlas	AMF1	root	epidermis_5	ATRICHOBLAST
4385	Solanum lycopersicum	tomato_mycorrhiza_snuc_atlas	AMF1	root	stele_1	PHLOEM & PROCAMB
4386	Solanum lycopersicum	tomato_mycorrhiza_snuc_atlas	AMF1	root	stele_1	PERICYLCE
4387	Solanum lycopersicum	tomato_mycorrhiza_snuc_atlas	AMF1	root	endodermis_2	CORTEX
4388	Solanum lycopersicum	tomato_mycorrhiza_snuc_atlas	AMF1	root	endodermis_1	CORTEX
4389	Solanum lycopersicum	tomato_mycorrhiza_snuc_atlas	AMF1	root	pericycle_1	PERICYLCE
4390	Solanum lycopersicum	tomato_mycorrhiza_snuc_atlas	AMF1	root	epidermis_2	CORTEX
4391	Solanum lycopersicum	tomato_mycorrhiza_snuc_atlas	AMF1	root	pericycle_1	PERICYLCE
4392	Solanum lycopersicum	tomato_mycorrhiza_snuc_atlas	AMF1	root	endodermis_3	PHLOEM & PROCAMB
4393	Solanum lycopersicum	tomato_mycorrhiza_snuc_atlas	AMF1	root	cortex_1	CORTEX
4394	Solanum lycopersicum	tomato_mycorrhiza_snuc_atlas	AMF1	root	unknown_1	CORTEX
4395	Solanum lycopersicum	tomato_mycorrhiza_snuc_atlas	AMF1	root	endodermis_1	EXODERMIS
4396	Solanum lycopersicum	tomato_mycorrhiza_snuc_atlas	AMF1	root	endodermis_2	PHLOEM & PROCAMB
4397	Solanum lycopersicum	tomato_mycorrhiza_snuc_atlas	AMF1	root	pericycle_3	PERICYLCE
4398	Solanum lycopersicum	tomato_mycorrhiza_snuc_atlas	AMF1	root	epidermis_3	CORTEX
4399	Solanum lycopersicum	tomato_mycorrhiza_snuc_atlas	AMF1	root	endodermis_2	CORTEX
4400	Solanum lycopersicum	tomato_mycorrhiza_snuc_atlas	AMF1	root	epidermis_3	CORTEX
4401	Solanum lycopersicum	tomato_mycorrhiza_snuc_atlas	AMF1	root	epidermis_4	PHLOEM & PROCAMB
4402	Solanum lycopersicum	tomato_mycorrhiza_snuc_atlas	AMF1	root	endodermis_1	CORTEX
4403	Solanum lycopersicum	tomato_mycorrhiza_snuc_atlas	AMF1	root	pericycle_1	PERICYLCE
4404	Solanum lycopersicum	tomato_mycorrhiza_snuc_atlas	AMF1	root	pericycle_1	PERICYLCE
4405	Solanum lycopersicum	tomato_mycorrhiza_snuc_atlas	AMF1	root	stele_2	PERICYLCE
4406	Solanum lycopersicum	tomato_mycorrhiza_snuc_atlas	AMF1	root	epidermis_3	CORTEX
4407	Solanum lycopersicum	tomato_mycorrhiza_snuc_atlas	MOCK1	root	cortex_2	CORTEX
4408	Solanum lycopersicum	tomato_mycorrhiza_snuc_atlas	MOCK1	root	pericycle_1	PERICYLCE
4409	Solanum lycopersicum	tomato_mycorrhiza_snuc_atlas	MOCK1	root	unknown_1	PERICYLCE
4410	Solanum lycopersicum	tomato_mycorrhiza_snuc_atlas	MOCK1	root	cortex_2	CORTEX
4411	Solanum lycopersicum	tomato_mycorrhiza_snuc_atlas	MOCK1	root	endodermis_2	EXODERMIS
4412	Solanum lycopersicum	tomato_mycorrhiza_snuc_atlas	MOCK1	root	unknown_2	CORTEX
4413	Solanum lycopersicum	tomato_mycorrhiza_snuc_atlas	MOCK1	root	stele_2	PHLOEM & PROCAMB
4414	Solanum lycopersicum	tomato_mycorrhiza_snuc_atlas	MOCK1	root	endodermis_2	CORTEX
4415	Solanum lycopersicum	tomato_mycorrhiza_snuc_atlas	MOCK1	root	endodermis_2	PERICYLCE
4416	Solanum lycopersicum	tomato_mycorrhiza_snuc_atlas	MOCK1	root	unknown_2	MERIST ZONE
4417	Solanum lycopersicum	tomato_mycorrhiza_snuc_atlas	MOCK1	root	cortex_2	CORTEX
4418	Solanum lycopersicum	tomato_mycorrhiza_snuc_atlas	MOCK1	root	stele_2	MERIST ZONE
4419	Solanum lycopersicum	tomato_mycorrhiza_snuc_atlas	MOCK1	root	epidermis_1	CORTEX
4420	Solanum lycopersicum	tomato_mycorrhiza_snuc_atlas	MOCK1	root	cortex_2	CORTEX
4421	Solanum lycopersicum	tomato_mycorrhiza_snuc_atlas	MOCK1	root	pericycle_4	PERICYLCE
4422	Solanum lycopersicum	tomato_mycorrhiza_snuc_atlas	MOCK1	root	endodermis_2	RC & COL & QC
4423	Solanum lycopersicum	tomato_mycorrhiza_snuc_atlas	MOCK1	root	epidermis_1	PERICYLCE
4424	Solanum lycopersicum	tomato_mycorrhiza_snuc_atlas	MOCK1	root	pericycle_3	EXODERMIS
4425	Solanum lycopersicum	tomato_mycorrhiza_snuc_atlas	MOCK1	root	pericycle_4	PHLOEM & PROCAMB
4426	Solanum lycopersicum	tomato_mycorrhiza_snuc_atlas	MOCK1	root	epidermis_1	EXODERMIS
4427	Solanum lycopersicum	tomato_mycorrhiza_snuc_atlas	MOCK1	root	unknown_1	CORTEX
4428	Solanum lycopersicum	tomato_mycorrhiza_snuc_atlas	MOCK1	root	epidermis_4	CORTEX
4429	Solanum lycopersicum	tomato_mycorrhiza_snuc_atlas	MOCK1	root	pericycle_4	PHLOEM & PROCAMB
4430	Solanum lycopersicum	tomato_mycorrhiza_snuc_atlas	MOCK1	root	unknown_2	ATRICHOBLAST
4431	Solanum lycopersicum	tomato_mycorrhiza_snuc_atlas	MOCK1	root	epidermis_2	CORTEX
4432	Solanum lycopersicum	tomato_mycorrhiza_snuc_atlas	MOCK1	root	cortex_2	CORTEX
4433	Solanum lycopersicum	tomato_mycorrhiza_snuc_atlas	MOCK1	root	epidermis_2	CORTEX
4434	Solanum lycopersicum	tomato_mycorrhiza_snuc_atlas	MOCK1	root	epidermis_3	RC & COL & QC
4435	Solanum lycopersicum	tomato_mycorrhiza_snuc_atlas	MOCK1	root	pericycle_4	PHLOEM & PROCAMB
4436	Solanum lycopersicum	tomato_mycorrhiza_snuc_atlas	MOCK1	root	pericycle_4	PHLOEM & PROCAMB
4437	Solanum lycopersicum	tomato_mycorrhiza_snuc_atlas	MOCK1	root	phloem	PHLOEM & PROCAMB
4438	Solanum lycopersicum	tomato_mycorrhiza_snuc_atlas	MOCK1	root	unknown_1	PERICYLCE
4439	Solanum lycopersicum	tomato_mycorrhiza_snuc_atlas	MOCK1	root	stele_1	PERICYLCE
4440	Solanum lycopersicum	tomato_mycorrhiza_snuc_atlas	MOCK1	root	cortex_3	CORTEX
4441	Solanum lycopersicum	tomato_mycorrhiza_snuc_atlas	MOCK1	root	epidermis_1	CORTEX
4442	Solanum lycopersicum	tomato_mycorrhiza_snuc_atlas	MOCK1	root	unknown_1	PERICYLCE
4443	Solanum lycopersicum	tomato_mycorrhiza_snuc_atlas	MOCK1	root	pericycle_2	PERICYLCE
4444	Solanum lycopersicum	tomato_mycorrhiza_snuc_atlas	MOCK1	root	unknown_2	CORTEX
4445	Solanum lycopersicum	tomato_mycorrhiza_snuc_atlas	MOCK1	root	epidermis_4	ATRICHOBLAST
4446	Solanum lycopersicum	tomato_mycorrhiza_snuc_atlas	MOCK1	root	pericycle_4	PERICYLCE
4447	Solanum lycopersicum	tomato_mycorrhiza_snuc_atlas	MOCK1	root	pericycle_4	PHLOEM & PROCAMB
4448	Solanum lycopersicum	tomato_mycorrhiza_snuc_atlas	AMF2	root	pericycle_1	PERICYLCE
4449	Solanum lycopersicum	tomato_mycorrhiza_snuc_atlas	AMF2	root	endodermis_3	CORTEX
4450	Solanum lycopersicum	tomato_mycorrhiza_snuc_atlas	AMF2	root	endodermis_1	ATRICHOBLAST
4451	Solanum lycopersicum	tomato_mycorrhiza_snuc_atlas	AMF2	root	epidermis_3	CORTEX
4452	Solanum lycopersicum	tomato_mycorrhiza_snuc_atlas	AMF2	root	cortex_2	CORTEX
4453	Solanum lycopersicum	tomato_mycorrhiza_snuc_atlas	AMF2	root	pericycle_1	PERICYLCE
4454	Solanum lycopersicum	tomato_mycorrhiza_snuc_atlas	AMF2	root	epidermis_1	EXODERMIS
4455	Solanum lycopersicum	tomato_mycorrhiza_snuc_atlas	AMF2	root	epidermis_1	EXODERMIS
4456	Solanum lycopersicum	tomato_mycorrhiza_snuc_atlas	AMF2	root	endodermis_1	EXODERMIS
4457	Solanum lycopersicum	tomato_mycorrhiza_snuc_atlas	AMF2	root	stele_1	PERICYLCE
4458	Solanum lycopersicum	tomato_mycorrhiza_snuc_atlas	AMF2	root	colonized cells	EXODERMIS
4459	Solanum lycopersicum	tomato_mycorrhiza_snuc_atlas	AMF2	root	endodermis_1	PERICYLCE
4460	Solanum lycopersicum	tomato_mycorrhiza_snuc_atlas	AMF2	root	endodermis_3	PERICYLCE
4461	Solanum lycopersicum	tomato_mycorrhiza_snuc_atlas	AMF2	root	unknown_1	ATRICHOBLAST
4462	Solanum lycopersicum	tomato_mycorrhiza_snuc_atlas	AMF2	root	cortex_2	CORTEX
4463	Solanum lycopersicum	tomato_mycorrhiza_snuc_atlas	AMF2	root	endodermis_2	PHLOEM & PROCAMB
4464	Solanum lycopersicum	tomato_mycorrhiza_snuc_atlas	AMF2	root	unknown_1	MERIST ZONE
4465	Solanum lycopersicum	tomato_mycorrhiza_snuc_atlas	AMF2	root	epidermis_1	CORTEX
4466	Solanum lycopersicum	tomato_mycorrhiza_snuc_atlas	AMF2	root	epidermis_3	CORTEX
4467	Solanum lycopersicum	tomato_mycorrhiza_snuc_atlas	AMF2	root	pericycle_1	PERICYLCE
4468	Solanum lycopersicum	tomato_mycorrhiza_snuc_atlas	AMF2	root	cortex_1	CORTEX
4469	Solanum lycopersicum	tomato_mycorrhiza_snuc_atlas	AMF2	root	epidermis_3	CORTEX
4470	Solanum lycopersicum	tomato_mycorrhiza_snuc_atlas	AMF2	root	endodermis_1	EXODERMIS
4471	Solanum lycopersicum	tomato_mycorrhiza_snuc_atlas	AMF2	root	stele_1	PERICYLCE
4472	Solanum lycopersicum	tomato_mycorrhiza_snuc_atlas	AMF2	root	endodermis_3	EXODERMIS
4473	Solanum lycopersicum	tomato_mycorrhiza_snuc_atlas	AMF2	root	endodermis_2	CORTEX
4474	Solanum lycopersicum	tomato_mycorrhiza_snuc_atlas	AMF2	root	pericycle_1	PERICYLCE
4475	Solanum lycopersicum	tomato_mycorrhiza_snuc_atlas	AMF2	root	endodermis_1	ATRICHOBLAST
4476	Solanum lycopersicum	tomato_mycorrhiza_snuc_atlas	AMF2	root	epidermis_1	ATRICHOBLAST
4477	Solanum lycopersicum	tomato_mycorrhiza_snuc_atlas	AMF2	root	endodermis_3	EXODERMIS
4478	Solanum lycopersicum	tomato_mycorrhiza_snuc_atlas	AMF2	root	cortex_2	CORTEX
4479	Solanum lycopersicum	tomato_mycorrhiza_snuc_atlas	AMF2	root	colonized cells	CORTEX
4480	Solanum lycopersicum	tomato_mycorrhiza_snuc_atlas	AMF2	root	epidermis_2	EXODERMIS
4481	Solanum lycopersicum	tomato_mycorrhiza_snuc_atlas	AMF2	root	pericycle_3	PERICYLCE
4482	Solanum lycopersicum	tomato_mycorrhiza_snuc_atlas	AMF2	root	epidermis_2	ATRICHOBLAST
4483	Solanum lycopersicum	tomato_mycorrhiza_snuc_atlas	AMF2	root	epidermis_3	MERIST ZONE
4484	Solanum lycopersicum	tomato_mycorrhiza_snuc_atlas	AMF2	root	epidermis_1	ATRICHOBLAST
4485	Solanum lycopersicum	tomato_mycorrhiza_snuc_atlas	AMF2	root	cortex_1	ATRICHOBLAST
4486	Solanum lycopersicum	tomato_mycorrhiza_snuc_atlas	AMF2	root	stele_2	PERICYLCE
4487	Solanum lycopersicum	tomato_mycorrhiza_snuc_atlas	AMF2	root	pericycle_1	PERICYLCE
4488	Solanum lycopersicum	tomato_mycorrhiza_snuc_atlas	AMF2	root	endodermis_2	EXODERMIS
4489	Solanum lycopersicum	tomato_mycorrhiza_snuc_atlas	AMF2	root	cortex_1	CORTEX
4490	Solanum lycopersicum	tomato_mycorrhiza_snuc_atlas	AMF2	root	stele_2	PERICYLCE
4491	Solanum lycopersicum	tomato_mycorrhiza_snuc_atlas	MOCK2	root	cortex_3	CORTEX
4492	Solanum lycopersicum	tomato_mycorrhiza_snuc_atlas	MOCK2	root	cortex_3	CORTEX
4493	Solanum lycopersicum	tomato_mycorrhiza_snuc_atlas	MOCK2	root	pericycle_2	PERICYLCE
4494	Solanum lycopersicum	tomato_mycorrhiza_snuc_atlas	MOCK2	root	endodermis_1	PHLOEM & PROCAMB
4495	Solanum lycopersicum	tomato_mycorrhiza_snuc_atlas	MOCK2	root	stele_1	PERICYLCE
4496	Solanum lycopersicum	tomato_mycorrhiza_snuc_atlas	MOCK2	root	stele_1	ATRICHOBLAST
4497	Solanum lycopersicum	tomato_mycorrhiza_snuc_atlas	MOCK2	root	epidermis_3	MERIST ZONE
4498	Solanum lycopersicum	tomato_mycorrhiza_snuc_atlas	MOCK2	root	stele_1	PHLOEM & PROCAMB
4499	Solanum lycopersicum	tomato_mycorrhiza_snuc_atlas	MOCK2	root	unknown_3	CORTEX
4500	Solanum lycopersicum	tomato_mycorrhiza_snuc_atlas	MOCK2	root	stele_1	PHLOEM & PROCAMB
4501	Solanum lycopersicum	tomato_mycorrhiza_snuc_atlas	MOCK2	root	endodermis_3	PHLOEM & PROCAMB
4502	Solanum lycopersicum	tomato_mycorrhiza_snuc_atlas	MOCK2	root	epidermis_4	CORTEX
4503	Solanum lycopersicum	tomato_mycorrhiza_snuc_atlas	MOCK2	root	phloem	PHLOEM & PROCAMB
4504	Solanum lycopersicum	tomato_mycorrhiza_snuc_atlas	MOCK2	root	stele_1	PERICYLCE
4505	Solanum lycopersicum	tomato_mycorrhiza_snuc_atlas	MOCK2	root	cortex_1	CORTEX
4506	Solanum lycopersicum	tomato_mycorrhiza_snuc_atlas	MOCK2	root	endodermis_4	PHLOEM & PROCAMB
4507	Solanum lycopersicum	tomato_mycorrhiza_snuc_atlas	MOCK2	root	endodermis_1	PHLOEM & PROCAMB
4508	Solanum lycopersicum	tomato_mycorrhiza_snuc_atlas	MOCK2	root	endodermis_3	PHLOEM & PROCAMB
4509	Solanum lycopersicum	tomato_mycorrhiza_snuc_atlas	MOCK2	root	epidermis_1	ATRICHOBLAST
4510	Solanum lycopersicum	tomato_mycorrhiza_snuc_atlas	MOCK2	root	unknown_1	CORTEX
4511	Solanum lycopersicum	tomato_mycorrhiza_snuc_atlas	MOCK2	root	pericycle_2	PHLOEM & PROCAMB
4512	Solanum lycopersicum	tomato_mycorrhiza_snuc_atlas	MOCK2	root	epidermis_1	ATRICHOBLAST
4513	Solanum lycopersicum	tomato_mycorrhiza_snuc_atlas	MOCK2	root	endodermis_3	PHLOEM & PROCAMB
4514	Solanum lycopersicum	tomato_mycorrhiza_snuc_atlas	MOCK2	root	cortex_1	CORTEX
4515	Solanum lycopersicum	tomato_mycorrhiza_snuc_atlas	MOCK2	root	stele_1	PHLOEM & PROCAMB
4516	Solanum lycopersicum	tomato_mycorrhiza_snuc_atlas	MOCK2	root	endodermis_3	ATRICHOBLAST
4517	Solanum lycopersicum	tomato_mycorrhiza_snuc_atlas	MOCK2	root	phloem	PHLOEM & PROCAMB
4518	Solanum lycopersicum	tomato_mycorrhiza_snuc_atlas	MOCK2	root	unknown_1	CORTEX
4519	Solanum lycopersicum	tomato_mycorrhiza_snuc_atlas	AMF3	root	pericycle_2	PERICYLCE
4520	Solanum lycopersicum	tomato_mycorrhiza_snuc_atlas	AMF3	root	cortex_2	CORTEX
4521	Solanum lycopersicum	tomato_mycorrhiza_snuc_atlas	AMF3	root	pericycle_2	PERICYLCE
4522	Solanum lycopersicum	tomato_mycorrhiza_snuc_atlas	AMF3	root	endodermis_3	EXODERMIS
4523	Solanum lycopersicum	tomato_mycorrhiza_snuc_atlas	AMF3	root	pericycle_1	PERICYLCE
4524	Solanum lycopersicum	tomato_mycorrhiza_snuc_atlas	AMF3	root	stele_1	CORTEX
4525	Solanum lycopersicum	tomato_mycorrhiza_snuc_atlas	AMF3	root	cortex_1	CORTEX
4526	Solanum lycopersicum	tomato_mycorrhiza_snuc_atlas	AMF3	root	cortex_1	CORTEX
4527	Solanum lycopersicum	tomato_mycorrhiza_snuc_atlas	AMF3	root	pericycle_1	PERICYLCE
4528	Solanum lycopersicum	tomato_mycorrhiza_snuc_atlas	AMF3	root	endodermis_1	CORTEX
4529	Solanum lycopersicum	tomato_mycorrhiza_snuc_atlas	AMF3	root	epidermis_3	EXODERMIS
4530	Solanum lycopersicum	tomato_mycorrhiza_snuc_atlas	AMF3	root	epidermis_1	EXODERMIS
4531	Solanum lycopersicum	tomato_mycorrhiza_snuc_atlas	AMF3	root	stele_1	PHLOEM & PROCAMB
4532	Solanum lycopersicum	tomato_mycorrhiza_snuc_atlas	AMF3	root	epidermis_2	CORTEX
4533	Solanum lycopersicum	tomato_mycorrhiza_snuc_atlas	AMF3	root	colonized cells	CORTEX
4534	Solanum lycopersicum	tomato_mycorrhiza_snuc_atlas	AMF3	root	stele_1	PERICYLCE
4535	Solanum lycopersicum	tomato_mycorrhiza_snuc_atlas	AMF3	root	pericycle_4	PHLOEM & PROCAMB
4536	Solanum lycopersicum	tomato_mycorrhiza_snuc_atlas	AMF3	root	pericycle_4	PHLOEM & PROCAMB
4537	Solanum lycopersicum	tomato_mycorrhiza_snuc_atlas	AMF3	root	epidermis_2	CORTEX
4538	Solanum lycopersicum	tomato_mycorrhiza_snuc_atlas	AMF3	root	endodermis_3	EXODERMIS
4539	Solanum lycopersicum	tomato_mycorrhiza_snuc_atlas	AMF3	root	epidermis_1	EXODERMIS
4540	Solanum lycopersicum	tomato_mycorrhiza_snuc_atlas	AMF3	root	endodermis_2	CORTEX
4541	Solanum lycopersicum	tomato_mycorrhiza_snuc_atlas	AMF3	root	stele_1	PHLOEM & PROCAMB
4542	Solanum lycopersicum	tomato_mycorrhiza_snuc_atlas	AMF3	root	cortex_2	EXODERMIS
4543	Solanum lycopersicum	tomato_mycorrhiza_snuc_atlas	AMF3	root	epidermis_1	EXODERMIS
4544	Solanum lycopersicum	tomato_mycorrhiza_snuc_atlas	AMF3	root	endodermis_2	CORTEX
4545	Solanum lycopersicum	tomato_mycorrhiza_snuc_atlas	AMF3	root	stele_1	PHLOEM & PROCAMB
4546	Solanum lycopersicum	tomato_mycorrhiza_snuc_atlas	AMF3	root	endodermis_1	PHLOEM & PROCAMB
4547	Solanum lycopersicum	tomato_mycorrhiza_snuc_atlas	AMF3	root	endodermis_3	EXODERMIS
4548	Solanum lycopersicum	tomato_mycorrhiza_snuc_atlas	MOCK3	root	cortex_2	CORTEX
4549	Solanum lycopersicum	tomato_mycorrhiza_snuc_atlas	MOCK3	root	unknown_3	ATRICHOBLAST
4550	Solanum lycopersicum	tomato_mycorrhiza_snuc_atlas	MOCK3	root	epidermis_2	EXODERMIS
4551	Solanum lycopersicum	tomato_mycorrhiza_snuc_atlas	MOCK3	root	pericycle_3	PERICYLCE
4552	Solanum lycopersicum	tomato_mycorrhiza_snuc_atlas	MOCK3	root	cortex_3	CORTEX
4553	Solanum lycopersicum	tomato_mycorrhiza_snuc_atlas	MOCK3	root	epidermis_2	EXODERMIS
4554	Solanum lycopersicum	tomato_mycorrhiza_snuc_atlas	MOCK3	root	endodermis_2	ATRICHOBLAST
4555	Solanum lycopersicum	tomato_mycorrhiza_snuc_atlas	MOCK3	root	cortex_2	CORTEX
4556	Solanum lycopersicum	tomato_mycorrhiza_snuc_atlas	MOCK3	root	stele_1	PERICYLCE
4557	Solanum lycopersicum	tomato_mycorrhiza_snuc_atlas	MOCK3	root	epidermis_2	CORTEX
4558	Solanum lycopersicum	tomato_mycorrhiza_snuc_atlas	MOCK3	root	epidermis_2	CORTEX
4559	Solanum lycopersicum	tomato_mycorrhiza_snuc_atlas	MOCK3	root	pericycle_3	PERICYLCE
4560	Solanum lycopersicum	tomato_mycorrhiza_snuc_atlas	MOCK3	root	cortex_2	EXODERMIS
4561	Solanum lycopersicum	tomato_mycorrhiza_snuc_atlas	MOCK3	root	unknown_3	ATRICHOBLAST
4562	Solanum lycopersicum	tomato_mycorrhiza_snuc_atlas	MOCK3	root	stele_2	EXODERMIS
4563	Solanum lycopersicum	tomato_mycorrhiza_snuc_atlas	MOCK3	root	epidermis_1	EXODERMIS
4564	Solanum lycopersicum	tomato_mycorrhiza_snuc_atlas	MOCK3	root	stele_1	PHLOEM & PROCAMB
4565	Solanum lycopersicum	tomato_mycorrhiza_snuc_atlas	MOCK3	root	cortex_1	EXODERMIS
4566	Solanum lycopersicum	tomato_mycorrhiza_snuc_atlas	MOCK3	root	pericycle_3	PERICYLCE
4567	Solanum lycopersicum	tomato_mycorrhiza_snuc_atlas	MOCK3	root	stele_1	CORTEX
4568	Solanum lycopersicum	tomato_mycorrhiza_snuc_atlas	MOCK3	root	cortex_1	CORTEX
4569	Solanum lycopersicum	tomato_mycorrhiza_snuc_atlas	MOCK3	root	phloem	ATRICHOBLAST
4570	Solanum lycopersicum	tomato_mycorrhiza_snuc_atlas	MOCK3	root	pericycle_3	CORTEX
4571	Solanum lycopersicum	tomato_mycorrhiza_snuc_atlas	MOCK3	root	endodermis_2	ATRICHOBLAST
4572	Solanum lycopersicum	tomato_mycorrhiza_snuc_atlas	MOCK3	root	stele_1	PHLOEM & PROCAMB
4573	Solanum lycopersicum	tomato_mycorrhiza_snuc_atlas	MOCK3	root	endodermis_2	MERIST ZONE
4574	Solanum lycopersicum	tomato_mycorrhiza_snuc_atlas	MOCK3	root	endodermis_3	PHLOEM & PROCAMB
4575	Solanum lycopersicum	tomato_mycorrhiza_snuc_atlas	MOCK3	root	epidermis_4	PHLOEM & PROCAMB
4576	Solanum lycopersicum	tomato_mycorrhiza_snuc_atlas	MOCK3	root	phloem	PHLOEM & PROCAMB
4577	Solanum lycopersicum	tomato_mycorrhiza_snuc_atlas	MOCK3	root	pericycle_2	PHLOEM & PROCAMB
4578	Solanum lycopersicum	tomato_mycorrhiza_snuc_atlas	MOCK3	root	endodermis_1	PHLOEM & PROCAMB
4579	Solanum lycopersicum	tomato_mycorrhiza_snuc_atlas	MOCK3	root	pericycle_1	PERICYLCE
4580	Solanum lycopersicum	tomato_mycorrhiza_snuc_atlas	MOCK3	root	cortex_3	EXODERMIS
4581	Solanum lycopersicum	tomato_mycorrhiza_snuc_atlas	MOCK3	root	stele_1	PHLOEM & PROCAMB
4582	Solanum lycopersicum	tomato_mycorrhiza_snuc_atlas	MOCK3	root	epidermis_1	EXODERMIS
4583	Solanum lycopersicum	tomato_mycorrhiza_snuc_atlas	MOCK3	root	stele_1	PHLOEM & PROCAMB
4584	Solanum lycopersicum	tomato_mycorrhiza_snuc_atlas	MOCK3	root	endodermis_3	EXODERMIS
4585	Solanum lycopersicum	tomato_mycorrhiza_snuc_atlas	MOCK3	root	endodermis_2	PHLOEM & PROCAMB
4586	Solanum lycopersicum	tomato_mycorrhiza_snuc_atlas	MOCK3	root	unknown_1	MERIST ZONE
4587	Solanum lycopersicum	tomato_mycorrhiza_snuc_atlas	MOCK3	root	endodermis_3	CORTEX
4588	Solanum lycopersicum	tomato_mycorrhiza_snuc_atlas	MOCK3	root	epidermis_1	EXODERMIS
4589	Solanum lycopersicum	tomato_mycorrhiza_snuc_atlas	MOCK3	root	epidermis_2	ATRICHOBLAST
4590	Solanum lycopersicum	tomato_mycorrhiza_snuc_atlas	MOCK3	root	pericycle_1	PERICYLCE
4591	Solanum lycopersicum	tomato_mycorrhiza_snuc_atlas	MOCK3	root	phloem	ATRICHOBLAST
4592	Solanum lycopersicum	tomato_mycorrhiza_snuc_atlas	MOCK3	root	endodermis_1	PHLOEM & PROCAMB
4593	Solanum lycopersicum	tomato_mycorrhiza_snuc_atlas	MOCK3	root	cortex_2	CORTEX
4594	Solanum lycopersicum	tomato_mycorrhiza_snuc_atlas	MOCK3	root	unknown_3	CORTEX
4595	Solanum lycopersicum	tomato_mycorrhiza_snuc_atlas	MOCK3	root	endodermis_3	ATRICHOBLAST
4596	Solanum lycopersicum	tomato_mycorrhiza_snuc_atlas	MOCK3	root	epidermis_1	EXODERMIS
4597	Solanum lycopersicum	tomato_mycorrhiza_snuc_atlas	MOCK3	root	endodermis_1	ATRICHOBLAST
4598	Solanum lycopersicum	tomato_mycorrhiza_snuc_atlas	MOCK3	root	cortex_1	CORTEX
4599	Solanum lycopersicum	tomato_mycorrhiza_snuc_atlas	MOCK3	root	stele_2	CORTEX
4600	Solanum lycopersicum	tomato_mycorrhiza_snuc_atlas	MOCK3	root	pericycle_1	PERICYLCE
4601	Solanum lycopersicum	tomato_mycorrhiza_snuc_atlas	MOCK3	root	cortex_2	CORTEX
4602	Solanum lycopersicum	tomato_mycorrhiza_snuc_atlas	MOCK3	root	stele_1	PHLOEM & PROCAMB
4603	Solanum lycopersicum	tomato_mycorrhiza_snuc_atlas	MOCK3	root	endodermis_2	PERICYLCE
4604	Solanum lycopersicum	tomato_mycorrhiza_snuc_atlas	MOCK3	root	cortex_1	CORTEX
4605	Solanum lycopersicum	tomato_mycorrhiza_snuc_atlas	MOCK3	root	cortex_1	CORTEX
4606	Solanum lycopersicum	tomato_mycorrhiza_snuc_atlas	MOCK3	root	pericycle_1	PERICYLCE
4607	Solanum lycopersicum	tomato_mycorrhiza_snuc_atlas	MOCK3	root	endodermis_1	PHLOEM & PROCAMB
4608	Zea mays	maize_easy_multiome_seedling	AH15AH17_Zm_seedling-rep1	seedling	RNA_0	RNA_0
4609	Zea mays	maize_easy_multiome_seedling	AH15AH17_Zm_seedling-rep1	seedling	RNA_0	RNA_0
4610	Zea mays	maize_easy_multiome_seedling	AH15AH17_Zm_seedling-rep1	seedling	RNA_3	RNA_3
4611	Zea mays	maize_easy_multiome_seedling	AH15AH17_Zm_seedling-rep1	seedling	RNA_4	RNA_4
4612	Zea mays	maize_easy_multiome_seedling	AH15AH17_Zm_seedling-rep1	seedling	RNA_5	RNA_5
4613	Zea mays	maize_easy_multiome_seedling	AH15AH17_Zm_seedling-rep1	seedling	RNA_1	RNA_1
4614	Zea mays	maize_easy_multiome_seedling	AH15AH17_Zm_seedling-rep1	seedling	RNA_3	RNA_3
4615	Zea mays	maize_easy_multiome_seedling	AH15AH17_Zm_seedling-rep1	seedling	RNA_0	RNA_0
4616	Zea mays	maize_easy_multiome_seedling	AH15AH17_Zm_seedling-rep1	seedling	RNA_0	RNA_0
4617	Zea mays	maize_easy_multiome_seedling	AH15AH17_Zm_seedling-rep1	seedling	RNA_7	RNA_7
4618	Zea mays	maize_easy_multiome_seedling	AH15AH17_Zm_seedling-rep1	seedling	RNA_3	RNA_3
4619	Zea mays	maize_easy_multiome_seedling	AH15AH17_Zm_seedling-rep1	seedling	RNA_3	RNA_3
4620	Zea mays	maize_easy_multiome_seedling	AH15AH17_Zm_seedling-rep1	seedling	RNA_8	RNA_8
4621	Zea mays	maize_easy_multiome_seedling	AH15AH17_Zm_seedling-rep1	seedling	RNA_11	RNA_11
4622	Zea mays	maize_easy_multiome_seedling	AH15AH17_Zm_seedling-rep1	seedling	RNA_6	RNA_6
4623	Zea mays	maize_easy_multiome_seedling	AH15AH17_Zm_seedling-rep1	seedling	RNA_3	RNA_3
4624	Zea mays	maize_easy_multiome_seedling	AH15AH17_Zm_seedling-rep1	seedling	RNA_3	RNA_3
4625	Zea mays	maize_easy_multiome_seedling	AH15AH17_Zm_seedling-rep1	seedling	RNA_3	RNA_3
4626	Zea mays	maize_easy_multiome_seedling	AH15AH17_Zm_seedling-rep1	seedling	RNA_3	RNA_3
4627	Zea mays	maize_easy_multiome_seedling	AH15AH17_Zm_seedling-rep1	seedling	RNA_5	RNA_5
4628	Zea mays	maize_easy_multiome_seedling	AH15AH17_Zm_seedling-rep1	seedling	RNA_7	RNA_7
4629	Zea mays	maize_easy_multiome_seedling	AH15AH17_Zm_seedling-rep1	seedling	RNA_3	RNA_3
4630	Zea mays	maize_easy_multiome_seedling	AH15AH17_Zm_seedling-rep1	seedling	RNA_3	RNA_3
4631	Zea mays	maize_easy_multiome_seedling	AH15AH17_Zm_seedling-rep1	seedling	RNA_7	RNA_7
4632	Zea mays	maize_easy_multiome_seedling	AH15AH17_Zm_seedling-rep1	seedling	RNA_3	RNA_3
4633	Zea mays	maize_easy_multiome_seedling	AH15AH17_Zm_seedling-rep1	seedling	RNA_3	RNA_3
4634	Zea mays	maize_easy_multiome_seedling	AH15AH17_Zm_seedling-rep1	seedling	RNA_0	RNA_0
4635	Zea mays	maize_easy_multiome_seedling	AH15AH17_Zm_seedling-rep1	seedling	RNA_5	RNA_5
4636	Zea mays	maize_easy_multiome_seedling	AH15AH17_Zm_seedling-rep1	seedling	RNA_0	RNA_0
4637	Zea mays	maize_easy_multiome_seedling	AH15AH17_Zm_seedling-rep1	seedling	RNA_14	RNA_14
4638	Zea mays	maize_easy_multiome_seedling	AH15AH17_Zm_seedling-rep1	seedling	RNA_4	RNA_4
4639	Zea mays	maize_easy_multiome_seedling	AH15AH17_Zm_seedling-rep1	seedling	RNA_9	RNA_9
4640	Zea mays	maize_easy_multiome_seedling	AH15AH17_Zm_seedling-rep1	seedling	RNA_1	RNA_1
4641	Zea mays	maize_easy_multiome_seedling	AH15AH17_Zm_seedling-rep1	seedling	RNA_10	RNA_10
4642	Zea mays	maize_easy_multiome_seedling	AH15AH17_Zm_seedling-rep1	seedling	RNA_8	RNA_8
4643	Zea mays	maize_easy_multiome_seedling	AH15AH17_Zm_seedling-rep1	seedling	RNA_7	RNA_7
4644	Zea mays	maize_easy_multiome_seedling	AH15AH17_Zm_seedling-rep1	seedling	RNA_7	RNA_7
4645	Zea mays	maize_easy_multiome_seedling	AH15AH17_Zm_seedling-rep1	seedling	RNA_2	RNA_2
4646	Zea mays	maize_easy_multiome_seedling	AH15AH17_Zm_seedling-rep1	seedling	RNA_2	RNA_2
4647	Zea mays	maize_easy_multiome_seedling	AH15AH17_Zm_seedling-rep1	seedling	RNA_7	RNA_7
4648	Zea mays	maize_easy_multiome_seedling	AH15AH17_Zm_seedling-rep1	seedling	RNA_4	RNA_4
4649	Zea mays	maize_easy_multiome_seedling	AH15AH17_Zm_seedling-rep1	seedling	RNA_8	RNA_8
4650	Zea mays	maize_easy_multiome_seedling	AH15AH17_Zm_seedling-rep1	seedling	RNA_1	RNA_1
4651	Zea mays	maize_easy_multiome_seedling	AH15AH17_Zm_seedling-rep1	seedling	RNA_2	RNA_2
4652	Zea mays	maize_easy_multiome_seedling	AH15AH17_Zm_seedling-rep1	seedling	RNA_3	RNA_3
4653	Zea mays	maize_easy_multiome_seedling	AH15AH17_Zm_seedling-rep1	seedling	RNA_6	RNA_6
4654	Zea mays	maize_easy_multiome_seedling	AH15AH17_Zm_seedling-rep1	seedling	RNA_2	RNA_2
4655	Zea mays	maize_easy_multiome_seedling	AH15AH17_Zm_seedling-rep1	seedling	RNA_1	RNA_1
4656	Zea mays	maize_easy_multiome_seedling	AH15AH17_Zm_seedling-rep1	seedling	RNA_5	RNA_5
4657	Zea mays	maize_easy_multiome_seedling	AH15AH17_Zm_seedling-rep1	seedling	RNA_1	RNA_1
4658	Zea mays	maize_easy_multiome_seedling	AH15AH17_Zm_seedling-rep1	seedling	RNA_12	RNA_12
4659	Zea mays	maize_easy_multiome_seedling	AH15AH17_Zm_seedling-rep1	seedling	RNA_4	RNA_4
4660	Zea mays	maize_easy_multiome_seedling	AH15AH17_Zm_seedling-rep1	seedling	RNA_5	RNA_5
4661	Zea mays	maize_easy_multiome_seedling	AH15AH17_Zm_seedling-rep1	seedling	RNA_5	RNA_5
4662	Zea mays	maize_easy_multiome_seedling	AH15AH17_Zm_seedling-rep1	seedling	RNA_8	RNA_8
4663	Zea mays	maize_easy_multiome_seedling	AH15AH17_Zm_seedling-rep1	seedling	RNA_4	RNA_4
4664	Zea mays	maize_easy_multiome_seedling	AH15AH17_Zm_seedling-rep1	seedling	RNA_1	RNA_1
4665	Zea mays	maize_easy_multiome_seedling	AH15AH17_Zm_seedling-rep1	seedling	RNA_3	RNA_3
4666	Zea mays	maize_easy_multiome_seedling	AH15AH17_Zm_seedling-rep1	seedling	RNA_2	RNA_2
4667	Zea mays	maize_easy_multiome_seedling	AH15AH17_Zm_seedling-rep1	seedling	RNA_7	RNA_7
4668	Zea mays	maize_easy_multiome_seedling	AH15AH17_Zm_seedling-rep1	seedling	RNA_6	RNA_6
4669	Zea mays	maize_easy_multiome_seedling	AH15AH17_Zm_seedling-rep1	seedling	RNA_0	RNA_0
4670	Zea mays	maize_easy_multiome_seedling	AH15AH17_Zm_seedling-rep1	seedling	RNA_1	RNA_1
4671	Zea mays	maize_easy_multiome_seedling	AH15AH17_Zm_seedling-rep1	seedling	RNA_0	RNA_0
4672	Zea mays	maize_easy_multiome_seedling	AH15AH17_Zm_seedling-rep1	seedling	RNA_2	RNA_2
4673	Zea mays	maize_easy_multiome_seedling	AH15AH17_Zm_seedling-rep1	seedling	RNA_8	RNA_8
4674	Zea mays	maize_easy_multiome_seedling	AH15AH17_Zm_seedling-rep1	seedling	RNA_4	RNA_4
4675	Zea mays	maize_easy_multiome_seedling	AH15AH17_Zm_seedling-rep1	seedling	RNA_6	RNA_6
4676	Zea mays	maize_easy_multiome_seedling	AH15AH17_Zm_seedling-rep1	seedling	RNA_1	RNA_1
4677	Zea mays	maize_easy_multiome_seedling	AH15AH17_Zm_seedling-rep1	seedling	RNA_3	RNA_3
4678	Zea mays	maize_easy_multiome_seedling	AH15AH17_Zm_seedling-rep1	seedling	RNA_5	RNA_5
4679	Zea mays	maize_easy_multiome_seedling	AH15AH17_Zm_seedling-rep1	seedling	RNA_0	RNA_0
4680	Zea mays	maize_easy_multiome_seedling	AH15AH17_Zm_seedling-rep1	seedling	RNA_2	RNA_2
4681	Zea mays	maize_easy_multiome_seedling	AH15AH17_Zm_seedling-rep1	seedling	RNA_9	RNA_9
4682	Zea mays	maize_easy_multiome_seedling	AH15AH17_Zm_seedling-rep1	seedling	RNA_7	RNA_7
4683	Zea mays	maize_easy_multiome_seedling	AH15AH17_Zm_seedling-rep1	seedling	RNA_2	RNA_2
4684	Zea mays	maize_easy_multiome_seedling	AH15AH17_Zm_seedling-rep1	seedling	RNA_1	RNA_1
4685	Zea mays	maize_easy_multiome_seedling	AH15AH17_Zm_seedling-rep1	seedling	RNA_12	RNA_12
4686	Zea mays	maize_easy_multiome_seedling	AH15AH17_Zm_seedling-rep1	seedling	RNA_0	RNA_0
4687	Zea mays	maize_easy_multiome_seedling	AH15AH17_Zm_seedling-rep1	seedling	RNA_5	RNA_5
4688	Zea mays	maize_easy_multiome_seedling	AH15AH17_Zm_seedling-rep1	seedling	RNA_5	RNA_5
4689	Zea mays	maize_easy_multiome_seedling	AH15AH17_Zm_seedling-rep1	seedling	RNA_4	RNA_4
4690	Zea mays	maize_easy_multiome_seedling	AH15AH17_Zm_seedling-rep1	seedling	RNA_10	RNA_10
4691	Zea mays	maize_easy_multiome_seedling	AH15AH17_Zm_seedling-rep1	seedling	RNA_6	RNA_6
4692	Zea mays	maize_easy_multiome_seedling	AH15AH17_Zm_seedling-rep1	seedling	RNA_3	RNA_3
4693	Zea mays	maize_easy_multiome_seedling	AH15AH17_Zm_seedling-rep1	seedling	RNA_0	RNA_0
4694	Zea mays	maize_easy_multiome_seedling	AH15AH17_Zm_seedling-rep1	seedling	RNA_5	RNA_5
4695	Zea mays	maize_easy_multiome_seedling	AH15AH17_Zm_seedling-rep1	seedling	RNA_1	RNA_1
4696	Zea mays	maize_easy_multiome_seedling	AH15AH17_Zm_seedling-rep1	seedling	RNA_5	RNA_5
4697	Zea mays	maize_easy_multiome_seedling	AH15AH17_Zm_seedling-rep1	seedling	RNA_2	RNA_2
4698	Zea mays	maize_easy_multiome_seedling	AH15AH17_Zm_seedling-rep1	seedling	RNA_2	RNA_2
4699	Zea mays	maize_easy_multiome_seedling	AH15AH17_Zm_seedling-rep1	seedling	RNA_2	RNA_2
4700	Zea mays	maize_easy_multiome_seedling	AH15AH17_Zm_seedling-rep1	seedling	RNA_0	RNA_0
4701	Zea mays	maize_easy_multiome_seedling	AH15AH17_Zm_seedling-rep1	seedling	RNA_1	RNA_1
4702	Zea mays	maize_easy_multiome_seedling	AH15AH17_Zm_seedling-rep1	seedling	RNA_1	RNA_1
4703	Zea mays	maize_easy_multiome_seedling	AH15AH17_Zm_seedling-rep1	seedling	RNA_7	RNA_7
4704	Zea mays	maize_easy_multiome_seedling	AH15AH17_Zm_seedling-rep1	seedling	RNA_0	RNA_0
4705	Zea mays	maize_easy_multiome_seedling	AH15AH17_Zm_seedling-rep1	seedling	RNA_4	RNA_4
4706	Zea mays	maize_easy_multiome_seedling	AH15AH17_Zm_seedling-rep1	seedling	RNA_4	RNA_4
4707	Zea mays	maize_easy_multiome_seedling	AH15AH17_Zm_seedling-rep1	seedling	RNA_1	RNA_1
4708	Zea mays	maize_easy_multiome_seedling	AH15AH17_Zm_seedling-rep1	seedling	RNA_6	RNA_6
4709	Zea mays	maize_easy_multiome_seedling	AH15AH17_Zm_seedling-rep1	seedling	RNA_5	RNA_5
4710	Zea mays	maize_easy_multiome_seedling	AH15AH17_Zm_seedling-rep1	seedling	RNA_0	RNA_0
4711	Zea mays	maize_easy_multiome_seedling	AH15AH17_Zm_seedling-rep1	seedling	RNA_0	RNA_0
4712	Zea mays	maize_easy_multiome_seedling	AH15AH17_Zm_seedling-rep1	seedling	RNA_1	RNA_1
4713	Zea mays	maize_easy_multiome_seedling	AH15AH17_Zm_seedling-rep1	seedling	RNA_2	RNA_2
4714	Zea mays	maize_easy_multiome_seedling	AH15AH17_Zm_seedling-rep1	seedling	RNA_1	RNA_1
4715	Zea mays	maize_easy_multiome_seedling	AH15AH17_Zm_seedling-rep1	seedling	RNA_0	RNA_0
4716	Zea mays	maize_easy_multiome_seedling	AH15AH17_Zm_seedling-rep1	seedling	RNA_0	RNA_0
4717	Zea mays	maize_easy_multiome_seedling	AH15AH17_Zm_seedling-rep1	seedling	RNA_6	RNA_6
4718	Zea mays	maize_easy_multiome_seedling	AH15AH17_Zm_seedling-rep1	seedling	RNA_6	RNA_6
4719	Zea mays	maize_easy_multiome_seedling	AH15AH17_Zm_seedling-rep1	seedling	RNA_4	RNA_4
4720	Zea mays	maize_easy_multiome_seedling	AH15AH17_Zm_seedling-rep1	seedling	RNA_0	RNA_0
4721	Zea mays	maize_easy_multiome_seedling	AH15AH17_Zm_seedling-rep1	seedling	RNA_2	RNA_2
4722	Zea mays	maize_easy_multiome_seedling	AH15AH17_Zm_seedling-rep1	seedling	RNA_6	RNA_6
4723	Zea mays	maize_easy_multiome_seedling	AH15AH17_Zm_seedling-rep1	seedling	RNA_1	RNA_1
4724	Zea mays	maize_easy_multiome_seedling	AH15AH17_Zm_seedling-rep1	seedling	RNA_10	RNA_10
4725	Zea mays	maize_easy_multiome_seedling	AH15AH17_Zm_seedling-rep1	seedling	RNA_7	RNA_7
4726	Zea mays	maize_easy_multiome_seedling	AH15AH17_Zm_seedling-rep1	seedling	RNA_6	RNA_6
4727	Zea mays	maize_easy_multiome_seedling	AH15AH17_Zm_seedling-rep1	seedling	RNA_10	RNA_10
4728	Zea mays	maize_easy_multiome_seedling	AH15AH17_Zm_seedling-rep1	seedling	RNA_0	RNA_0
4729	Zea mays	maize_easy_multiome_seedling	AH15AH17_Zm_seedling-rep1	seedling	RNA_6	RNA_6
4730	Zea mays	maize_easy_multiome_seedling	AH15AH17_Zm_seedling-rep1	seedling	RNA_1	RNA_1
4731	Zea mays	maize_easy_multiome_seedling	AH15AH17_Zm_seedling-rep1	seedling	RNA_10	RNA_10
4732	Zea mays	maize_easy_multiome_seedling	AH15AH17_Zm_seedling-rep1	seedling	RNA_13	RNA_13
4733	Zea mays	maize_easy_multiome_seedling	AH15AH17_Zm_seedling-rep1	seedling	RNA_0	RNA_0
4734	Zea mays	maize_easy_multiome_seedling	AH15AH17_Zm_seedling-rep1	seedling	RNA_4	RNA_4
4735	Zea mays	maize_easy_multiome_seedling	AH15AH17_Zm_seedling-rep1	seedling	RNA_6	RNA_6
4736	Zea mays	maize_easy_multiome_seedling	AH15AH17_Zm_seedling-rep2	seedling	RNA_0	RNA_0
4737	Zea mays	maize_easy_multiome_seedling	AH15AH17_Zm_seedling-rep2	seedling	RNA_0	RNA_0
4738	Zea mays	maize_easy_multiome_seedling	AH15AH17_Zm_seedling-rep2	seedling	RNA_11	RNA_11
4739	Zea mays	maize_easy_multiome_seedling	AH15AH17_Zm_seedling-rep2	seedling	RNA_3	RNA_3
4740	Zea mays	maize_easy_multiome_seedling	AH15AH17_Zm_seedling-rep2	seedling	RNA_3	RNA_3
4741	Zea mays	maize_easy_multiome_seedling	AH15AH17_Zm_seedling-rep2	seedling	RNA_1	RNA_1
4742	Zea mays	maize_easy_multiome_seedling	AH15AH17_Zm_seedling-rep2	seedling	RNA_11	RNA_11
4743	Zea mays	maize_easy_multiome_seedling	AH15AH17_Zm_seedling-rep2	seedling	RNA_4	RNA_4
4744	Zea mays	maize_easy_multiome_seedling	AH15AH17_Zm_seedling-rep2	seedling	RNA_2	RNA_2
4745	Zea mays	maize_easy_multiome_seedling	AH15AH17_Zm_seedling-rep2	seedling	RNA_3	RNA_3
4746	Zea mays	maize_easy_multiome_seedling	AH15AH17_Zm_seedling-rep2	seedling	RNA_1	RNA_1
4747	Zea mays	maize_easy_multiome_seedling	AH15AH17_Zm_seedling-rep2	seedling	RNA_0	RNA_0
4748	Zea mays	maize_easy_multiome_seedling	AH15AH17_Zm_seedling-rep2	seedling	RNA_4	RNA_4
4749	Zea mays	maize_easy_multiome_seedling	AH15AH17_Zm_seedling-rep2	seedling	RNA_2	RNA_2
4750	Zea mays	maize_easy_multiome_seedling	AH15AH17_Zm_seedling-rep2	seedling	RNA_0	RNA_0
4751	Zea mays	maize_easy_multiome_seedling	AH15AH17_Zm_seedling-rep2	seedling	RNA_6	RNA_6
4752	Zea mays	maize_easy_multiome_seedling	AH15AH17_Zm_seedling-rep2	seedling	RNA_3	RNA_3
4753	Zea mays	maize_easy_multiome_seedling	AH15AH17_Zm_seedling-rep2	seedling	RNA_10	RNA_10
4754	Zea mays	maize_easy_multiome_seedling	AH15AH17_Zm_seedling-rep2	seedling	RNA_9	RNA_9
4755	Zea mays	maize_easy_multiome_seedling	AH15AH17_Zm_seedling-rep2	seedling	RNA_3	RNA_3
4756	Zea mays	maize_easy_multiome_seedling	AH15AH17_Zm_seedling-rep2	seedling	RNA_3	RNA_3
4757	Zea mays	maize_easy_multiome_seedling	AH15AH17_Zm_seedling-rep2	seedling	RNA_0	RNA_0
4758	Zea mays	maize_easy_multiome_seedling	AH15AH17_Zm_seedling-rep2	seedling	RNA_1	RNA_1
4759	Zea mays	maize_easy_multiome_seedling	AH15AH17_Zm_seedling-rep2	seedling	RNA_1	RNA_1
4760	Zea mays	maize_easy_multiome_seedling	AH15AH17_Zm_seedling-rep2	seedling	RNA_3	RNA_3
4761	Zea mays	maize_easy_multiome_seedling	AH15AH17_Zm_seedling-rep2	seedling	RNA_3	RNA_3
4762	Zea mays	maize_easy_multiome_seedling	AH15AH17_Zm_seedling-rep2	seedling	RNA_3	RNA_3
4763	Zea mays	maize_easy_multiome_seedling	AH15AH17_Zm_seedling-rep2	seedling	RNA_2	RNA_2
4764	Zea mays	maize_easy_multiome_seedling	AH15AH17_Zm_seedling-rep2	seedling	RNA_0	RNA_0
4765	Zea mays	maize_easy_multiome_seedling	AH15AH17_Zm_seedling-rep2	seedling	RNA_2	RNA_2
4766	Zea mays	maize_easy_multiome_seedling	AH15AH17_Zm_seedling-rep2	seedling	RNA_3	RNA_3
4767	Zea mays	maize_easy_multiome_seedling	AH15AH17_Zm_seedling-rep2	seedling	RNA_1	RNA_1
4768	Zea mays	maize_easy_multiome_seedling	AH15AH17_Zm_seedling-rep2	seedling	RNA_0	RNA_0
4769	Zea mays	maize_easy_multiome_seedling	AH15AH17_Zm_seedling-rep2	seedling	RNA_7	RNA_7
4770	Zea mays	maize_easy_multiome_seedling	AH15AH17_Zm_seedling-rep2	seedling	RNA_8	RNA_8
4771	Zea mays	maize_easy_multiome_seedling	AH15AH17_Zm_seedling-rep2	seedling	RNA_0	RNA_0
4772	Zea mays	maize_easy_multiome_seedling	AH15AH17_Zm_seedling-rep2	seedling	RNA_7	RNA_7
4773	Zea mays	maize_easy_multiome_seedling	AH15AH17_Zm_seedling-rep2	seedling	RNA_4	RNA_4
4774	Zea mays	maize_easy_multiome_seedling	AH15AH17_Zm_seedling-rep2	seedling	RNA_1	RNA_1
4775	Zea mays	maize_easy_multiome_seedling	AH15AH17_Zm_seedling-rep2	seedling	RNA_3	RNA_3
4776	Zea mays	maize_easy_multiome_seedling	AH15AH17_Zm_seedling-rep2	seedling	RNA_0	RNA_0
4777	Zea mays	maize_easy_multiome_seedling	AH15AH17_Zm_seedling-rep2	seedling	RNA_1	RNA_1
4778	Zea mays	maize_easy_multiome_seedling	AH15AH17_Zm_seedling-rep2	seedling	RNA_4	RNA_4
4779	Zea mays	maize_easy_multiome_seedling	AH15AH17_Zm_seedling-rep2	seedling	RNA_0	RNA_0
4780	Zea mays	maize_easy_multiome_seedling	AH15AH17_Zm_seedling-rep2	seedling	RNA_0	RNA_0
4781	Zea mays	maize_easy_multiome_seedling	AH15AH17_Zm_seedling-rep2	seedling	RNA_15	RNA_15
4782	Zea mays	maize_easy_multiome_seedling	AH15AH17_Zm_seedling-rep2	seedling	RNA_3	RNA_3
4783	Zea mays	maize_easy_multiome_seedling	AH15AH17_Zm_seedling-rep2	seedling	RNA_11	RNA_11
4784	Zea mays	maize_easy_multiome_seedling	AH15AH17_Zm_seedling-rep2	seedling	RNA_4	RNA_4
4785	Zea mays	maize_easy_multiome_seedling	AH15AH17_Zm_seedling-rep2	seedling	RNA_4	RNA_4
4786	Zea mays	maize_easy_multiome_seedling	AH15AH17_Zm_seedling-rep2	seedling	RNA_3	RNA_3
4787	Zea mays	maize_easy_multiome_seedling	AH15AH17_Zm_seedling-rep2	seedling	RNA_0	RNA_0
4788	Zea mays	maize_easy_multiome_seedling	AH15AH17_Zm_seedling-rep2	seedling	RNA_4	RNA_4
4789	Zea mays	maize_easy_multiome_seedling	AH15AH17_Zm_seedling-rep2	seedling	RNA_1	RNA_1
4790	Zea mays	maize_easy_multiome_seedling	AH15AH17_Zm_seedling-rep2	seedling	RNA_1	RNA_1
4791	Zea mays	maize_easy_multiome_seedling	AH15AH17_Zm_seedling-rep2	seedling	RNA_7	RNA_7
4792	Zea mays	maize_easy_multiome_seedling	AH15AH17_Zm_seedling-rep2	seedling	RNA_2	RNA_2
4793	Zea mays	maize_easy_multiome_seedling	AH15AH17_Zm_seedling-rep2	seedling	RNA_5	RNA_5
4794	Zea mays	maize_easy_multiome_seedling	AH15AH17_Zm_seedling-rep2	seedling	RNA_4	RNA_4
4795	Zea mays	maize_easy_multiome_seedling	AH15AH17_Zm_seedling-rep2	seedling	RNA_0	RNA_0
4796	Zea mays	maize_easy_multiome_seedling	AH15AH17_Zm_seedling-rep2	seedling	RNA_2	RNA_2
4797	Zea mays	maize_easy_multiome_seedling	AH15AH17_Zm_seedling-rep2	seedling	RNA_0	RNA_0
4798	Zea mays	maize_easy_multiome_seedling	AH15AH17_Zm_seedling-rep2	seedling	RNA_2	RNA_2
4799	Zea mays	maize_easy_multiome_seedling	AH15AH17_Zm_seedling-rep2	seedling	RNA_4	RNA_4
4800	Zea mays	maize_easy_multiome_seedling	AH15AH17_Zm_seedling-rep2	seedling	RNA_1	RNA_1
4801	Zea mays	maize_easy_multiome_seedling	AH15AH17_Zm_seedling-rep2	seedling	RNA_4	RNA_4
4802	Zea mays	maize_easy_multiome_seedling	AH15AH17_Zm_seedling-rep2	seedling	RNA_3	RNA_3
4803	Zea mays	maize_easy_multiome_seedling	AH15AH17_Zm_seedling-rep2	seedling	RNA_1	RNA_1
4804	Zea mays	maize_easy_multiome_seedling	AH15AH17_Zm_seedling-rep2	seedling	RNA_7	RNA_7
4805	Zea mays	maize_easy_multiome_seedling	AH15AH17_Zm_seedling-rep2	seedling	RNA_2	RNA_2
4806	Zea mays	maize_easy_multiome_seedling	AH15AH17_Zm_seedling-rep2	seedling	RNA_8	RNA_8
4807	Zea mays	maize_easy_multiome_seedling	AH15AH17_Zm_seedling-rep2	seedling	RNA_12	RNA_12
4808	Zea mays	maize_easy_multiome_seedling	AH15AH17_Zm_seedling-rep2	seedling	RNA_3	RNA_3
4809	Zea mays	maize_easy_multiome_seedling	AH15AH17_Zm_seedling-rep2	seedling	RNA_1	RNA_1
4810	Zea mays	maize_easy_multiome_seedling	AH15AH17_Zm_seedling-rep2	seedling	RNA_4	RNA_4
4811	Zea mays	maize_easy_multiome_seedling	AH15AH17_Zm_seedling-rep2	seedling	RNA_1	RNA_1
4812	Zea mays	maize_easy_multiome_seedling	AH15AH17_Zm_seedling-rep2	seedling	RNA_7	RNA_7
4813	Zea mays	maize_easy_multiome_seedling	AH15AH17_Zm_seedling-rep2	seedling	RNA_5	RNA_5
4814	Zea mays	maize_easy_multiome_seedling	AH15AH17_Zm_seedling-rep2	seedling	RNA_4	RNA_4
4815	Zea mays	maize_easy_multiome_seedling	AH15AH17_Zm_seedling-rep2	seedling	RNA_5	RNA_5
4816	Zea mays	maize_easy_multiome_seedling	AH15AH17_Zm_seedling-rep2	seedling	RNA_5	RNA_5
4817	Zea mays	maize_easy_multiome_seedling	AH15AH17_Zm_seedling-rep2	seedling	RNA_0	RNA_0
4818	Zea mays	maize_easy_multiome_seedling	AH15AH17_Zm_seedling-rep2	seedling	RNA_3	RNA_3
4819	Zea mays	maize_easy_multiome_seedling	AH15AH17_Zm_seedling-rep2	seedling	RNA_7	RNA_7
4820	Zea mays	maize_easy_multiome_seedling	AH15AH17_Zm_seedling-rep2	seedling	RNA_0	RNA_0
4821	Zea mays	maize_easy_multiome_seedling	AH15AH17_Zm_seedling-rep2	seedling	RNA_2	RNA_2
4822	Zea mays	maize_easy_multiome_seedling	AH15AH17_Zm_seedling-rep2	seedling	RNA_6	RNA_6
4823	Zea mays	maize_easy_multiome_seedling	AH15AH17_Zm_seedling-rep2	seedling	RNA_5	RNA_5
4824	Zea mays	maize_easy_multiome_seedling	AH15AH17_Zm_seedling-rep2	seedling	RNA_0	RNA_0
4825	Zea mays	maize_easy_multiome_seedling	AH15AH17_Zm_seedling-rep2	seedling	RNA_8	RNA_8
4826	Zea mays	maize_easy_multiome_seedling	AH15AH17_Zm_seedling-rep2	seedling	RNA_6	RNA_6
4827	Zea mays	maize_easy_multiome_seedling	AH15AH17_Zm_seedling-rep2	seedling	RNA_2	RNA_2
4828	Zea mays	maize_easy_multiome_seedling	AH15AH17_Zm_seedling-rep2	seedling	RNA_4	RNA_4
4829	Zea mays	maize_easy_multiome_seedling	AH15AH17_Zm_seedling-rep2	seedling	RNA_12	RNA_12
4830	Zea mays	maize_easy_multiome_seedling	AH15AH17_Zm_seedling-rep2	seedling	RNA_4	RNA_4
4831	Zea mays	maize_easy_multiome_seedling	AH15AH17_Zm_seedling-rep2	seedling	RNA_6	RNA_6
4832	Zea mays	maize_easy_multiome_seedling	AH15AH17_Zm_seedling-rep2	seedling	RNA_1	RNA_1
4833	Zea mays	maize_easy_multiome_seedling	AH15AH17_Zm_seedling-rep2	seedling	RNA_0	RNA_0
4834	Zea mays	maize_easy_multiome_seedling	AH15AH17_Zm_seedling-rep2	seedling	RNA_5	RNA_5
4835	Zea mays	maize_easy_multiome_seedling	AH15AH17_Zm_seedling-rep2	seedling	RNA_14	RNA_14
4836	Zea mays	maize_easy_multiome_seedling	AH15AH17_Zm_seedling-rep2	seedling	RNA_0	RNA_0
4837	Zea mays	maize_easy_multiome_seedling	AH15AH17_Zm_seedling-rep2	seedling	RNA_5	RNA_5
4838	Zea mays	maize_easy_multiome_seedling	AH15AH17_Zm_seedling-rep2	seedling	RNA_12	RNA_12
4839	Zea mays	maize_easy_multiome_seedling	AH15AH17_Zm_seedling-rep2	seedling	RNA_2	RNA_2
4840	Zea mays	maize_easy_multiome_seedling	AH15AH17_Zm_seedling-rep2	seedling	RNA_4	RNA_4
4841	Zea mays	maize_easy_multiome_seedling	AH15AH17_Zm_seedling-rep2	seedling	RNA_0	RNA_0
4842	Zea mays	maize_easy_multiome_seedling	AH15AH17_Zm_seedling-rep2	seedling	RNA_4	RNA_4
4843	Zea mays	maize_easy_multiome_seedling	AH15AH17_Zm_seedling-rep2	seedling	RNA_6	RNA_6
4844	Zea mays	maize_easy_multiome_seedling	AH15AH17_Zm_seedling-rep2	seedling	RNA_1	RNA_1
4845	Zea mays	maize_easy_multiome_seedling	AH15AH17_Zm_seedling-rep2	seedling	RNA_1	RNA_1
4846	Zea mays	maize_easy_multiome_seedling	AH15AH17_Zm_seedling-rep2	seedling	RNA_9	RNA_9
4847	Zea mays	maize_easy_multiome_seedling	AH15AH17_Zm_seedling-rep2	seedling	RNA_9	RNA_9
4848	Zea mays	maize_easy_multiome_seedling	AH15AH17_Zm_seedling-rep2	seedling	RNA_1	RNA_1
4849	Zea mays	maize_easy_multiome_seedling	AH15AH17_Zm_seedling-rep2	seedling	RNA_2	RNA_2
4850	Zea mays	maize_easy_multiome_seedling	AH15AH17_Zm_seedling-rep2	seedling	RNA_6	RNA_6
4851	Zea mays	maize_easy_multiome_seedling	AH15AH17_Zm_seedling-rep2	seedling	RNA_4	RNA_4
4852	Zea mays	maize_easy_multiome_seedling	AH15AH17_Zm_seedling-rep2	seedling	RNA_2	RNA_2
4853	Zea mays	maize_easy_multiome_seedling	AH15AH17_Zm_seedling-rep2	seedling	RNA_7	RNA_7
4854	Zea mays	maize_easy_multiome_seedling	AH15AH17_Zm_seedling-rep2	seedling	RNA_1	RNA_1
4855	Zea mays	maize_easy_multiome_seedling	AH15AH17_Zm_seedling-rep2	seedling	RNA_4	RNA_4
4856	Zea mays	maize_easy_multiome_seedling	AH15AH17_Zm_seedling-rep2	seedling	RNA_10	RNA_10
4857	Zea mays	maize_easy_multiome_seedling	AH15AH17_Zm_seedling-rep2	seedling	RNA_6	RNA_6
4858	Zea mays	maize_easy_multiome_seedling	AH15AH17_Zm_seedling-rep2	seedling	RNA_15	RNA_15
4859	Zea mays	maize_easy_multiome_seedling	AH15AH17_Zm_seedling-rep2	seedling	RNA_5	RNA_5
4860	Zea mays	maize_easy_multiome_seedling	AH15AH17_Zm_seedling-rep2	seedling	RNA_8	RNA_8
4861	Zea mays	maize_easy_multiome_seedling	AH15AH17_Zm_seedling-rep2	seedling	RNA_0	RNA_0
4862	Zea mays	maize_easy_multiome_seedling	AH15AH17_Zm_seedling-rep2	seedling	RNA_1	RNA_1
4863	Zea mays	maize_easy_multiome_seedling	AH15AH17_Zm_seedling-rep2	seedling	RNA_4	RNA_4
4864	Arabidopsis thaliana	brassicaceae_multi_species_root_atlas	GSM8302004_Ath_Root_Ctrl_scRNAseq_R1	root	unannotated_root	unannotated_root
4865	Arabidopsis thaliana	brassicaceae_multi_species_root_atlas	GSM8302004_Ath_Root_Ctrl_scRNAseq_R1	root	unannotated_root	unannotated_root
4866	Arabidopsis thaliana	brassicaceae_multi_species_root_atlas	GSM8302004_Ath_Root_Ctrl_scRNAseq_R1	root	unannotated_root	unannotated_root
4867	Arabidopsis thaliana	brassicaceae_multi_species_root_atlas	GSM8302004_Ath_Root_Ctrl_scRNAseq_R1	root	unannotated_root	unannotated_root
4868	Arabidopsis thaliana	brassicaceae_multi_species_root_atlas	GSM8302004_Ath_Root_Ctrl_scRNAseq_R1	root	unannotated_root	unannotated_root
4869	Arabidopsis thaliana	brassicaceae_multi_species_root_atlas	GSM8302004_Ath_Root_Ctrl_scRNAseq_R1	root	unannotated_root	unannotated_root
4870	Arabidopsis thaliana	brassicaceae_multi_species_root_atlas	GSM8302004_Ath_Root_Ctrl_scRNAseq_R1	root	unannotated_root	unannotated_root
4871	Arabidopsis thaliana	brassicaceae_multi_species_root_atlas	GSM8302004_Ath_Root_Ctrl_scRNAseq_R1	root	unannotated_root	unannotated_root
4872	Arabidopsis thaliana	brassicaceae_multi_species_root_atlas	GSM8302004_Ath_Root_Ctrl_scRNAseq_R1	root	unannotated_root	unannotated_root
4873	Arabidopsis thaliana	brassicaceae_multi_species_root_atlas	GSM8302004_Ath_Root_Ctrl_scRNAseq_R1	root	unannotated_root	unannotated_root
4874	Arabidopsis thaliana	brassicaceae_multi_species_root_atlas	GSM8302004_Ath_Root_Ctrl_scRNAseq_R1	root	unannotated_root	unannotated_root
4875	Arabidopsis thaliana	brassicaceae_multi_species_root_atlas	GSM8302004_Ath_Root_Ctrl_scRNAseq_R1	root	unannotated_root	unannotated_root
4876	Arabidopsis thaliana	brassicaceae_multi_species_root_atlas	GSM8302004_Ath_Root_Ctrl_scRNAseq_R1	root	unannotated_root	unannotated_root
4877	Arabidopsis thaliana	brassicaceae_multi_species_root_atlas	GSM8302004_Ath_Root_Ctrl_scRNAseq_R1	root	unannotated_root	unannotated_root
4878	Arabidopsis thaliana	brassicaceae_multi_species_root_atlas	GSM8302004_Ath_Root_Ctrl_scRNAseq_R1	root	unannotated_root	unannotated_root
4879	Arabidopsis thaliana	brassicaceae_multi_species_root_atlas	GSM8302004_Ath_Root_Ctrl_scRNAseq_R1	root	unannotated_root	unannotated_root
4880	Arabidopsis thaliana	brassicaceae_multi_species_root_atlas	GSM8302004_Ath_Root_Ctrl_scRNAseq_R1	root	unannotated_root	unannotated_root
4881	Arabidopsis thaliana	brassicaceae_multi_species_root_atlas	GSM8302004_Ath_Root_Ctrl_scRNAseq_R1	root	unannotated_root	unannotated_root
4882	Arabidopsis thaliana	brassicaceae_multi_species_root_atlas	GSM8302004_Ath_Root_Ctrl_scRNAseq_R1	root	unannotated_root	unannotated_root
4883	Arabidopsis thaliana	brassicaceae_multi_species_root_atlas	GSM8302004_Ath_Root_Ctrl_scRNAseq_R1	root	unannotated_root	unannotated_root
4884	Arabidopsis thaliana	brassicaceae_multi_species_root_atlas	GSM8302004_Ath_Root_Ctrl_scRNAseq_R1	root	unannotated_root	unannotated_root
4885	Arabidopsis thaliana	brassicaceae_multi_species_root_atlas	GSM8302004_Ath_Root_Ctrl_scRNAseq_R1	root	unannotated_root	unannotated_root
4886	Arabidopsis thaliana	brassicaceae_multi_species_root_atlas	GSM8302004_Ath_Root_Ctrl_scRNAseq_R1	root	unannotated_root	unannotated_root
4887	Arabidopsis thaliana	brassicaceae_multi_species_root_atlas	GSM8302004_Ath_Root_Ctrl_scRNAseq_R1	root	unannotated_root	unannotated_root
4888	Arabidopsis thaliana	brassicaceae_multi_species_root_atlas	GSM8302004_Ath_Root_Ctrl_scRNAseq_R1	root	unannotated_root	unannotated_root
4889	Arabidopsis thaliana	brassicaceae_multi_species_root_atlas	GSM8302004_Ath_Root_Ctrl_scRNAseq_R1	root	unannotated_root	unannotated_root
4890	Arabidopsis thaliana	brassicaceae_multi_species_root_atlas	GSM8302004_Ath_Root_Ctrl_scRNAseq_R1	root	unannotated_root	unannotated_root
4891	Arabidopsis thaliana	brassicaceae_multi_species_root_atlas	GSM8302004_Ath_Root_Ctrl_scRNAseq_R1	root	unannotated_root	unannotated_root
4892	Arabidopsis thaliana	brassicaceae_multi_species_root_atlas	GSM8302004_Ath_Root_Ctrl_scRNAseq_R1	root	unannotated_root	unannotated_root
4893	Arabidopsis thaliana	brassicaceae_multi_species_root_atlas	GSM8302004_Ath_Root_Ctrl_scRNAseq_R1	root	unannotated_root	unannotated_root
4894	Arabidopsis thaliana	brassicaceae_multi_species_root_atlas	GSM8302004_Ath_Root_Ctrl_scRNAseq_R1	root	unannotated_root	unannotated_root
4895	Arabidopsis thaliana	brassicaceae_multi_species_root_atlas	GSM8302004_Ath_Root_Ctrl_scRNAseq_R1	root	unannotated_root	unannotated_root
4896	Arabidopsis thaliana	brassicaceae_multi_species_root_atlas	GSM8302004_Ath_Root_Ctrl_scRNAseq_R1	root	unannotated_root	unannotated_root
4897	Arabidopsis thaliana	brassicaceae_multi_species_root_atlas	GSM8302004_Ath_Root_Ctrl_scRNAseq_R1	root	unannotated_root	unannotated_root
4898	Arabidopsis thaliana	brassicaceae_multi_species_root_atlas	GSM8302004_Ath_Root_Ctrl_scRNAseq_R1	root	unannotated_root	unannotated_root
4899	Arabidopsis thaliana	brassicaceae_multi_species_root_atlas	GSM8302004_Ath_Root_Ctrl_scRNAseq_R1	root	unannotated_root	unannotated_root
4900	Arabidopsis thaliana	brassicaceae_multi_species_root_atlas	GSM8302004_Ath_Root_Ctrl_scRNAseq_R1	root	unannotated_root	unannotated_root
4901	Arabidopsis thaliana	brassicaceae_multi_species_root_atlas	GSM8302004_Ath_Root_Ctrl_scRNAseq_R1	root	unannotated_root	unannotated_root
4902	Arabidopsis thaliana	brassicaceae_multi_species_root_atlas	GSM8302004_Ath_Root_Ctrl_scRNAseq_R1	root	unannotated_root	unannotated_root
4903	Arabidopsis thaliana	brassicaceae_multi_species_root_atlas	GSM8302004_Ath_Root_Ctrl_scRNAseq_R1	root	unannotated_root	unannotated_root
4904	Arabidopsis thaliana	brassicaceae_multi_species_root_atlas	GSM8302004_Ath_Root_Ctrl_scRNAseq_R1	root	unannotated_root	unannotated_root
4905	Arabidopsis thaliana	brassicaceae_multi_species_root_atlas	GSM8302004_Ath_Root_Ctrl_scRNAseq_R1	root	unannotated_root	unannotated_root
4906	Arabidopsis thaliana	brassicaceae_multi_species_root_atlas	GSM8302004_Ath_Root_Ctrl_scRNAseq_R1	root	unannotated_root	unannotated_root
4907	Arabidopsis thaliana	brassicaceae_multi_species_root_atlas	GSM8302004_Ath_Root_Ctrl_scRNAseq_R1	root	unannotated_root	unannotated_root
4908	Arabidopsis thaliana	brassicaceae_multi_species_root_atlas	GSM8302004_Ath_Root_Ctrl_scRNAseq_R1	root	unannotated_root	unannotated_root
4909	Arabidopsis thaliana	brassicaceae_multi_species_root_atlas	GSM8302004_Ath_Root_Ctrl_scRNAseq_R1	root	unannotated_root	unannotated_root
4910	Arabidopsis thaliana	brassicaceae_multi_species_root_atlas	GSM8302004_Ath_Root_Ctrl_scRNAseq_R1	root	unannotated_root	unannotated_root
4911	Arabidopsis thaliana	brassicaceae_multi_species_root_atlas	GSM8302004_Ath_Root_Ctrl_scRNAseq_R1	root	unannotated_root	unannotated_root
4912	Arabidopsis thaliana	brassicaceae_multi_species_root_atlas	GSM8302004_Ath_Root_Ctrl_scRNAseq_R1	root	unannotated_root	unannotated_root
4913	Arabidopsis thaliana	brassicaceae_multi_species_root_atlas	GSM8302004_Ath_Root_Ctrl_scRNAseq_R1	root	unannotated_root	unannotated_root
4914	Arabidopsis thaliana	brassicaceae_multi_species_root_atlas	GSM8302004_Ath_Root_Ctrl_scRNAseq_R1	root	unannotated_root	unannotated_root
4915	Arabidopsis thaliana	brassicaceae_multi_species_root_atlas	GSM8302004_Ath_Root_Ctrl_scRNAseq_R1	root	unannotated_root	unannotated_root
4916	Arabidopsis thaliana	brassicaceae_multi_species_root_atlas	GSM8302004_Ath_Root_Ctrl_scRNAseq_R1	root	unannotated_root	unannotated_root
4917	Arabidopsis thaliana	brassicaceae_multi_species_root_atlas	GSM8302004_Ath_Root_Ctrl_scRNAseq_R1	root	unannotated_root	unannotated_root
4918	Arabidopsis thaliana	brassicaceae_multi_species_root_atlas	GSM8302004_Ath_Root_Ctrl_scRNAseq_R1	root	unannotated_root	unannotated_root
4919	Arabidopsis thaliana	brassicaceae_multi_species_root_atlas	GSM8302004_Ath_Root_Ctrl_scRNAseq_R1	root	unannotated_root	unannotated_root
4920	Arabidopsis thaliana	brassicaceae_multi_species_root_atlas	GSM8302004_Ath_Root_Ctrl_scRNAseq_R1	root	unannotated_root	unannotated_root
4921	Arabidopsis thaliana	brassicaceae_multi_species_root_atlas	GSM8302004_Ath_Root_Ctrl_scRNAseq_R1	root	unannotated_root	unannotated_root
4922	Arabidopsis thaliana	brassicaceae_multi_species_root_atlas	GSM8302004_Ath_Root_Ctrl_scRNAseq_R1	root	unannotated_root	unannotated_root
4923	Arabidopsis thaliana	brassicaceae_multi_species_root_atlas	GSM8302004_Ath_Root_Ctrl_scRNAseq_R1	root	unannotated_root	unannotated_root
4924	Arabidopsis thaliana	brassicaceae_multi_species_root_atlas	GSM8302004_Ath_Root_Ctrl_scRNAseq_R1	root	unannotated_root	unannotated_root
4925	Arabidopsis thaliana	brassicaceae_multi_species_root_atlas	GSM8302004_Ath_Root_Ctrl_scRNAseq_R1	root	unannotated_root	unannotated_root
4926	Eutrema salsugineum	brassicaceae_multi_species_root_atlas	GSM8302010_Esa_Root_Ctrl_scRNAseq_R1	root	unannotated_root	unannotated_root
4927	Eutrema salsugineum	brassicaceae_multi_species_root_atlas	GSM8302010_Esa_Root_Ctrl_scRNAseq_R1	root	unannotated_root	unannotated_root
4928	Eutrema salsugineum	brassicaceae_multi_species_root_atlas	GSM8302010_Esa_Root_Ctrl_scRNAseq_R1	root	unannotated_root	unannotated_root
4929	Eutrema salsugineum	brassicaceae_multi_species_root_atlas	GSM8302010_Esa_Root_Ctrl_scRNAseq_R1	root	unannotated_root	unannotated_root
4930	Eutrema salsugineum	brassicaceae_multi_species_root_atlas	GSM8302010_Esa_Root_Ctrl_scRNAseq_R1	root	unannotated_root	unannotated_root
4931	Eutrema salsugineum	brassicaceae_multi_species_root_atlas	GSM8302010_Esa_Root_Ctrl_scRNAseq_R1	root	unannotated_root	unannotated_root
4932	Eutrema salsugineum	brassicaceae_multi_species_root_atlas	GSM8302010_Esa_Root_Ctrl_scRNAseq_R1	root	unannotated_root	unannotated_root
4933	Eutrema salsugineum	brassicaceae_multi_species_root_atlas	GSM8302010_Esa_Root_Ctrl_scRNAseq_R1	root	unannotated_root	unannotated_root
4934	Eutrema salsugineum	brassicaceae_multi_species_root_atlas	GSM8302010_Esa_Root_Ctrl_scRNAseq_R1	root	unannotated_root	unannotated_root
4935	Eutrema salsugineum	brassicaceae_multi_species_root_atlas	GSM8302010_Esa_Root_Ctrl_scRNAseq_R1	root	unannotated_root	unannotated_root
4936	Eutrema salsugineum	brassicaceae_multi_species_root_atlas	GSM8302010_Esa_Root_Ctrl_scRNAseq_R1	root	unannotated_root	unannotated_root
4937	Eutrema salsugineum	brassicaceae_multi_species_root_atlas	GSM8302010_Esa_Root_Ctrl_scRNAseq_R1	root	unannotated_root	unannotated_root
4938	Eutrema salsugineum	brassicaceae_multi_species_root_atlas	GSM8302010_Esa_Root_Ctrl_scRNAseq_R1	root	unannotated_root	unannotated_root
4939	Eutrema salsugineum	brassicaceae_multi_species_root_atlas	GSM8302010_Esa_Root_Ctrl_scRNAseq_R1	root	unannotated_root	unannotated_root
4940	Eutrema salsugineum	brassicaceae_multi_species_root_atlas	GSM8302010_Esa_Root_Ctrl_scRNAseq_R1	root	unannotated_root	unannotated_root
4941	Eutrema salsugineum	brassicaceae_multi_species_root_atlas	GSM8302010_Esa_Root_Ctrl_scRNAseq_R1	root	unannotated_root	unannotated_root
4942	Eutrema salsugineum	brassicaceae_multi_species_root_atlas	GSM8302010_Esa_Root_Ctrl_scRNAseq_R1	root	unannotated_root	unannotated_root
4943	Eutrema salsugineum	brassicaceae_multi_species_root_atlas	GSM8302010_Esa_Root_Ctrl_scRNAseq_R1	root	unannotated_root	unannotated_root
4944	Eutrema salsugineum	brassicaceae_multi_species_root_atlas	GSM8302010_Esa_Root_Ctrl_scRNAseq_R1	root	unannotated_root	unannotated_root
4945	Eutrema salsugineum	brassicaceae_multi_species_root_atlas	GSM8302010_Esa_Root_Ctrl_scRNAseq_R1	root	unannotated_root	unannotated_root
4946	Eutrema salsugineum	brassicaceae_multi_species_root_atlas	GSM8302010_Esa_Root_Ctrl_scRNAseq_R1	root	unannotated_root	unannotated_root
4947	Eutrema salsugineum	brassicaceae_multi_species_root_atlas	GSM8302010_Esa_Root_Ctrl_scRNAseq_R1	root	unannotated_root	unannotated_root
4948	Eutrema salsugineum	brassicaceae_multi_species_root_atlas	GSM8302010_Esa_Root_Ctrl_scRNAseq_R1	root	unannotated_root	unannotated_root
4949	Eutrema salsugineum	brassicaceae_multi_species_root_atlas	GSM8302010_Esa_Root_Ctrl_scRNAseq_R1	root	unannotated_root	unannotated_root
4950	Eutrema salsugineum	brassicaceae_multi_species_root_atlas	GSM8302010_Esa_Root_Ctrl_scRNAseq_R1	root	unannotated_root	unannotated_root
4951	Eutrema salsugineum	brassicaceae_multi_species_root_atlas	GSM8302010_Esa_Root_Ctrl_scRNAseq_R1	root	unannotated_root	unannotated_root
4952	Eutrema salsugineum	brassicaceae_multi_species_root_atlas	GSM8302010_Esa_Root_Ctrl_scRNAseq_R1	root	unannotated_root	unannotated_root
4953	Eutrema salsugineum	brassicaceae_multi_species_root_atlas	GSM8302010_Esa_Root_Ctrl_scRNAseq_R1	root	unannotated_root	unannotated_root
4954	Eutrema salsugineum	brassicaceae_multi_species_root_atlas	GSM8302010_Esa_Root_Ctrl_scRNAseq_R1	root	unannotated_root	unannotated_root
4955	Eutrema salsugineum	brassicaceae_multi_species_root_atlas	GSM8302010_Esa_Root_Ctrl_scRNAseq_R1	root	unannotated_root	unannotated_root
4956	Eutrema salsugineum	brassicaceae_multi_species_root_atlas	GSM8302010_Esa_Root_Ctrl_scRNAseq_R1	root	unannotated_root	unannotated_root
4957	Eutrema salsugineum	brassicaceae_multi_species_root_atlas	GSM8302010_Esa_Root_Ctrl_scRNAseq_R1	root	unannotated_root	unannotated_root
4958	Eutrema salsugineum	brassicaceae_multi_species_root_atlas	GSM8302010_Esa_Root_Ctrl_scRNAseq_R1	root	unannotated_root	unannotated_root
4959	Eutrema salsugineum	brassicaceae_multi_species_root_atlas	GSM8302010_Esa_Root_Ctrl_scRNAseq_R1	root	unannotated_root	unannotated_root
4960	Eutrema salsugineum	brassicaceae_multi_species_root_atlas	GSM8302010_Esa_Root_Ctrl_scRNAseq_R1	root	unannotated_root	unannotated_root
4961	Eutrema salsugineum	brassicaceae_multi_species_root_atlas	GSM8302010_Esa_Root_Ctrl_scRNAseq_R1	root	unannotated_root	unannotated_root
4962	Eutrema salsugineum	brassicaceae_multi_species_root_atlas	GSM8302010_Esa_Root_Ctrl_scRNAseq_R1	root	unannotated_root	unannotated_root
4963	Eutrema salsugineum	brassicaceae_multi_species_root_atlas	GSM8302010_Esa_Root_Ctrl_scRNAseq_R1	root	unannotated_root	unannotated_root
4964	Eutrema salsugineum	brassicaceae_multi_species_root_atlas	GSM8302010_Esa_Root_Ctrl_scRNAseq_R1	root	unannotated_root	unannotated_root
4965	Eutrema salsugineum	brassicaceae_multi_species_root_atlas	GSM8302010_Esa_Root_Ctrl_scRNAseq_R1	root	unannotated_root	unannotated_root
4966	Eutrema salsugineum	brassicaceae_multi_species_root_atlas	GSM8302010_Esa_Root_Ctrl_scRNAseq_R1	root	unannotated_root	unannotated_root
4967	Eutrema salsugineum	brassicaceae_multi_species_root_atlas	GSM8302010_Esa_Root_Ctrl_scRNAseq_R1	root	unannotated_root	unannotated_root
4968	Eutrema salsugineum	brassicaceae_multi_species_root_atlas	GSM8302010_Esa_Root_Ctrl_scRNAseq_R1	root	unannotated_root	unannotated_root
4969	Eutrema salsugineum	brassicaceae_multi_species_root_atlas	GSM8302010_Esa_Root_Ctrl_scRNAseq_R1	root	unannotated_root	unannotated_root
4970	Eutrema salsugineum	brassicaceae_multi_species_root_atlas	GSM8302010_Esa_Root_Ctrl_scRNAseq_R1	root	unannotated_root	unannotated_root
4971	Eutrema salsugineum	brassicaceae_multi_species_root_atlas	GSM8302010_Esa_Root_Ctrl_scRNAseq_R1	root	unannotated_root	unannotated_root
4972	Eutrema salsugineum	brassicaceae_multi_species_root_atlas	GSM8302010_Esa_Root_Ctrl_scRNAseq_R1	root	unannotated_root	unannotated_root
4973	Eutrema salsugineum	brassicaceae_multi_species_root_atlas	GSM8302010_Esa_Root_Ctrl_scRNAseq_R1	root	unannotated_root	unannotated_root
4974	Eutrema salsugineum	brassicaceae_multi_species_root_atlas	GSM8302010_Esa_Root_Ctrl_scRNAseq_R1	root	unannotated_root	unannotated_root
4975	Eutrema salsugineum	brassicaceae_multi_species_root_atlas	GSM8302010_Esa_Root_Ctrl_scRNAseq_R1	root	unannotated_root	unannotated_root
4976	Eutrema salsugineum	brassicaceae_multi_species_root_atlas	GSM8302010_Esa_Root_Ctrl_scRNAseq_R1	root	unannotated_root	unannotated_root
4977	Eutrema salsugineum	brassicaceae_multi_species_root_atlas	GSM8302010_Esa_Root_Ctrl_scRNAseq_R1	root	unannotated_root	unannotated_root
4978	Eutrema salsugineum	brassicaceae_multi_species_root_atlas	GSM8302010_Esa_Root_Ctrl_scRNAseq_R1	root	unannotated_root	unannotated_root
4979	Eutrema salsugineum	brassicaceae_multi_species_root_atlas	GSM8302010_Esa_Root_Ctrl_scRNAseq_R1	root	unannotated_root	unannotated_root
4980	Eutrema salsugineum	brassicaceae_multi_species_root_atlas	GSM8302010_Esa_Root_Ctrl_scRNAseq_R1	root	unannotated_root	unannotated_root
4981	Eutrema salsugineum	brassicaceae_multi_species_root_atlas	GSM8302010_Esa_Root_Ctrl_scRNAseq_R1	root	unannotated_root	unannotated_root
4982	Eutrema salsugineum	brassicaceae_multi_species_root_atlas	GSM8302010_Esa_Root_Ctrl_scRNAseq_R1	root	unannotated_root	unannotated_root
4983	Eutrema salsugineum	brassicaceae_multi_species_root_atlas	GSM8302010_Esa_Root_Ctrl_scRNAseq_R1	root	unannotated_root	unannotated_root
4984	Eutrema salsugineum	brassicaceae_multi_species_root_atlas	GSM8302010_Esa_Root_Ctrl_scRNAseq_R1	root	unannotated_root	unannotated_root
4985	Eutrema salsugineum	brassicaceae_multi_species_root_atlas	GSM8302010_Esa_Root_Ctrl_scRNAseq_R1	root	unannotated_root	unannotated_root
4986	Eutrema salsugineum	brassicaceae_multi_species_root_atlas	GSM8302010_Esa_Root_Ctrl_scRNAseq_R1	root	unannotated_root	unannotated_root
4987	Eutrema salsugineum	brassicaceae_multi_species_root_atlas	GSM8302010_Esa_Root_Ctrl_scRNAseq_R1	root	unannotated_root	unannotated_root
4988	Sisymbrium irio	brassicaceae_multi_species_root_atlas	GSM8302016_Sir_Root_Ctrl_scRNAseq_R1	root	unannotated_root	unannotated_root
4989	Sisymbrium irio	brassicaceae_multi_species_root_atlas	GSM8302016_Sir_Root_Ctrl_scRNAseq_R1	root	unannotated_root	unannotated_root
4990	Sisymbrium irio	brassicaceae_multi_species_root_atlas	GSM8302016_Sir_Root_Ctrl_scRNAseq_R1	root	unannotated_root	unannotated_root
4991	Sisymbrium irio	brassicaceae_multi_species_root_atlas	GSM8302016_Sir_Root_Ctrl_scRNAseq_R1	root	unannotated_root	unannotated_root
4992	Sisymbrium irio	brassicaceae_multi_species_root_atlas	GSM8302016_Sir_Root_Ctrl_scRNAseq_R1	root	unannotated_root	unannotated_root
4993	Sisymbrium irio	brassicaceae_multi_species_root_atlas	GSM8302016_Sir_Root_Ctrl_scRNAseq_R1	root	unannotated_root	unannotated_root
4994	Sisymbrium irio	brassicaceae_multi_species_root_atlas	GSM8302016_Sir_Root_Ctrl_scRNAseq_R1	root	unannotated_root	unannotated_root
4995	Sisymbrium irio	brassicaceae_multi_species_root_atlas	GSM8302016_Sir_Root_Ctrl_scRNAseq_R1	root	unannotated_root	unannotated_root
4996	Sisymbrium irio	brassicaceae_multi_species_root_atlas	GSM8302016_Sir_Root_Ctrl_scRNAseq_R1	root	unannotated_root	unannotated_root
4997	Sisymbrium irio	brassicaceae_multi_species_root_atlas	GSM8302016_Sir_Root_Ctrl_scRNAseq_R1	root	unannotated_root	unannotated_root
4998	Sisymbrium irio	brassicaceae_multi_species_root_atlas	GSM8302016_Sir_Root_Ctrl_scRNAseq_R1	root	unannotated_root	unannotated_root
4999	Sisymbrium irio	brassicaceae_multi_species_root_atlas	GSM8302016_Sir_Root_Ctrl_scRNAseq_R1	root	unannotated_root	unannotated_root
5000	Sisymbrium irio	brassicaceae_multi_species_root_atlas	GSM8302016_Sir_Root_Ctrl_scRNAseq_R1	root	unannotated_root	unannotated_root
5001	Sisymbrium irio	brassicaceae_multi_species_root_atlas	GSM8302016_Sir_Root_Ctrl_scRNAseq_R1	root	unannotated_root	unannotated_root
5002	Sisymbrium irio	brassicaceae_multi_species_root_atlas	GSM8302016_Sir_Root_Ctrl_scRNAseq_R1	root	unannotated_root	unannotated_root
5003	Sisymbrium irio	brassicaceae_multi_species_root_atlas	GSM8302016_Sir_Root_Ctrl_scRNAseq_R1	root	unannotated_root	unannotated_root
5004	Sisymbrium irio	brassicaceae_multi_species_root_atlas	GSM8302016_Sir_Root_Ctrl_scRNAseq_R1	root	unannotated_root	unannotated_root
5005	Sisymbrium irio	brassicaceae_multi_species_root_atlas	GSM8302016_Sir_Root_Ctrl_scRNAseq_R1	root	unannotated_root	unannotated_root
5006	Sisymbrium irio	brassicaceae_multi_species_root_atlas	GSM8302016_Sir_Root_Ctrl_scRNAseq_R1	root	unannotated_root	unannotated_root
5007	Sisymbrium irio	brassicaceae_multi_species_root_atlas	GSM8302016_Sir_Root_Ctrl_scRNAseq_R1	root	unannotated_root	unannotated_root
5008	Sisymbrium irio	brassicaceae_multi_species_root_atlas	GSM8302016_Sir_Root_Ctrl_scRNAseq_R1	root	unannotated_root	unannotated_root
5009	Sisymbrium irio	brassicaceae_multi_species_root_atlas	GSM8302016_Sir_Root_Ctrl_scRNAseq_R1	root	unannotated_root	unannotated_root
5010	Sisymbrium irio	brassicaceae_multi_species_root_atlas	GSM8302016_Sir_Root_Ctrl_scRNAseq_R1	root	unannotated_root	unannotated_root
5011	Sisymbrium irio	brassicaceae_multi_species_root_atlas	GSM8302016_Sir_Root_Ctrl_scRNAseq_R1	root	unannotated_root	unannotated_root
5012	Sisymbrium irio	brassicaceae_multi_species_root_atlas	GSM8302016_Sir_Root_Ctrl_scRNAseq_R1	root	unannotated_root	unannotated_root
5013	Sisymbrium irio	brassicaceae_multi_species_root_atlas	GSM8302016_Sir_Root_Ctrl_scRNAseq_R1	root	unannotated_root	unannotated_root
5014	Sisymbrium irio	brassicaceae_multi_species_root_atlas	GSM8302016_Sir_Root_Ctrl_scRNAseq_R1	root	unannotated_root	unannotated_root
5015	Sisymbrium irio	brassicaceae_multi_species_root_atlas	GSM8302016_Sir_Root_Ctrl_scRNAseq_R1	root	unannotated_root	unannotated_root
5016	Sisymbrium irio	brassicaceae_multi_species_root_atlas	GSM8302016_Sir_Root_Ctrl_scRNAseq_R1	root	unannotated_root	unannotated_root
5017	Sisymbrium irio	brassicaceae_multi_species_root_atlas	GSM8302016_Sir_Root_Ctrl_scRNAseq_R1	root	unannotated_root	unannotated_root
5018	Sisymbrium irio	brassicaceae_multi_species_root_atlas	GSM8302016_Sir_Root_Ctrl_scRNAseq_R1	root	unannotated_root	unannotated_root
5019	Sisymbrium irio	brassicaceae_multi_species_root_atlas	GSM8302016_Sir_Root_Ctrl_scRNAseq_R1	root	unannotated_root	unannotated_root
5020	Sisymbrium irio	brassicaceae_multi_species_root_atlas	GSM8302016_Sir_Root_Ctrl_scRNAseq_R1	root	unannotated_root	unannotated_root
5021	Sisymbrium irio	brassicaceae_multi_species_root_atlas	GSM8302016_Sir_Root_Ctrl_scRNAseq_R1	root	unannotated_root	unannotated_root
5022	Sisymbrium irio	brassicaceae_multi_species_root_atlas	GSM8302016_Sir_Root_Ctrl_scRNAseq_R1	root	unannotated_root	unannotated_root
5023	Sisymbrium irio	brassicaceae_multi_species_root_atlas	GSM8302016_Sir_Root_Ctrl_scRNAseq_R1	root	unannotated_root	unannotated_root
5024	Sisymbrium irio	brassicaceae_multi_species_root_atlas	GSM8302016_Sir_Root_Ctrl_scRNAseq_R1	root	unannotated_root	unannotated_root
5025	Sisymbrium irio	brassicaceae_multi_species_root_atlas	GSM8302016_Sir_Root_Ctrl_scRNAseq_R1	root	unannotated_root	unannotated_root
5026	Sisymbrium irio	brassicaceae_multi_species_root_atlas	GSM8302016_Sir_Root_Ctrl_scRNAseq_R1	root	unannotated_root	unannotated_root
5027	Sisymbrium irio	brassicaceae_multi_species_root_atlas	GSM8302016_Sir_Root_Ctrl_scRNAseq_R1	root	unannotated_root	unannotated_root
5028	Sisymbrium irio	brassicaceae_multi_species_root_atlas	GSM8302016_Sir_Root_Ctrl_scRNAseq_R1	root	unannotated_root	unannotated_root
5029	Sisymbrium irio	brassicaceae_multi_species_root_atlas	GSM8302016_Sir_Root_Ctrl_scRNAseq_R1	root	unannotated_root	unannotated_root
5030	Sisymbrium irio	brassicaceae_multi_species_root_atlas	GSM8302016_Sir_Root_Ctrl_scRNAseq_R1	root	unannotated_root	unannotated_root
5031	Sisymbrium irio	brassicaceae_multi_species_root_atlas	GSM8302016_Sir_Root_Ctrl_scRNAseq_R1	root	unannotated_root	unannotated_root
5032	Sisymbrium irio	brassicaceae_multi_species_root_atlas	GSM8302016_Sir_Root_Ctrl_scRNAseq_R1	root	unannotated_root	unannotated_root
5033	Sisymbrium irio	brassicaceae_multi_species_root_atlas	GSM8302016_Sir_Root_Ctrl_scRNAseq_R1	root	unannotated_root	unannotated_root
5034	Sisymbrium irio	brassicaceae_multi_species_root_atlas	GSM8302016_Sir_Root_Ctrl_scRNAseq_R1	root	unannotated_root	unannotated_root
5035	Sisymbrium irio	brassicaceae_multi_species_root_atlas	GSM8302016_Sir_Root_Ctrl_scRNAseq_R1	root	unannotated_root	unannotated_root
5036	Sisymbrium irio	brassicaceae_multi_species_root_atlas	GSM8302016_Sir_Root_Ctrl_scRNAseq_R1	root	unannotated_root	unannotated_root
5037	Sisymbrium irio	brassicaceae_multi_species_root_atlas	GSM8302016_Sir_Root_Ctrl_scRNAseq_R1	root	unannotated_root	unannotated_root
5038	Sisymbrium irio	brassicaceae_multi_species_root_atlas	GSM8302016_Sir_Root_Ctrl_scRNAseq_R1	root	unannotated_root	unannotated_root
5039	Sisymbrium irio	brassicaceae_multi_species_root_atlas	GSM8302016_Sir_Root_Ctrl_scRNAseq_R1	root	unannotated_root	unannotated_root
5040	Sisymbrium irio	brassicaceae_multi_species_root_atlas	GSM8302016_Sir_Root_Ctrl_scRNAseq_R1	root	unannotated_root	unannotated_root
5041	Sisymbrium irio	brassicaceae_multi_species_root_atlas	GSM8302016_Sir_Root_Ctrl_scRNAseq_R1	root	unannotated_root	unannotated_root
5042	Sisymbrium irio	brassicaceae_multi_species_root_atlas	GSM8302016_Sir_Root_Ctrl_scRNAseq_R1	root	unannotated_root	unannotated_root
5043	Sisymbrium irio	brassicaceae_multi_species_root_atlas	GSM8302016_Sir_Root_Ctrl_scRNAseq_R1	root	unannotated_root	unannotated_root
5044	Sisymbrium irio	brassicaceae_multi_species_root_atlas	GSM8302016_Sir_Root_Ctrl_scRNAseq_R1	root	unannotated_root	unannotated_root
5045	Sisymbrium irio	brassicaceae_multi_species_root_atlas	GSM8302016_Sir_Root_Ctrl_scRNAseq_R1	root	unannotated_root	unannotated_root
5046	Sisymbrium irio	brassicaceae_multi_species_root_atlas	GSM8302016_Sir_Root_Ctrl_scRNAseq_R1	root	unannotated_root	unannotated_root
5047	Sisymbrium irio	brassicaceae_multi_species_root_atlas	GSM8302016_Sir_Root_Ctrl_scRNAseq_R1	root	unannotated_root	unannotated_root
5048	Sisymbrium irio	brassicaceae_multi_species_root_atlas	GSM8302016_Sir_Root_Ctrl_scRNAseq_R1	root	unannotated_root	unannotated_root
5049	Sisymbrium irio	brassicaceae_multi_species_root_atlas	GSM8302016_Sir_Root_Ctrl_scRNAseq_R1	root	unannotated_root	unannotated_root
5050	Sisymbrium irio	brassicaceae_multi_species_root_atlas	GSM8302016_Sir_Root_Ctrl_scRNAseq_R1	root	unannotated_root	unannotated_root
5051	Sisymbrium irio	brassicaceae_multi_species_root_atlas	GSM8302016_Sir_Root_Ctrl_scRNAseq_R1	root	unannotated_root	unannotated_root
5052	Sisymbrium irio	brassicaceae_multi_species_root_atlas	GSM8302016_Sir_Root_Ctrl_scRNAseq_R1	root	unannotated_root	unannotated_root
5053	Sisymbrium irio	brassicaceae_multi_species_root_atlas	GSM8302016_Sir_Root_Ctrl_scRNAseq_R1	root	unannotated_root	unannotated_root
5054	Sisymbrium irio	brassicaceae_multi_species_root_atlas	GSM8302016_Sir_Root_Ctrl_scRNAseq_R1	root	unannotated_root	unannotated_root
5055	Sisymbrium irio	brassicaceae_multi_species_root_atlas	GSM8302016_Sir_Root_Ctrl_scRNAseq_R1	root	unannotated_root	unannotated_root
5056	Sisymbrium irio	brassicaceae_multi_species_root_atlas	GSM8302016_Sir_Root_Ctrl_scRNAseq_R1	root	unannotated_root	unannotated_root
5057	Sisymbrium irio	brassicaceae_multi_species_root_atlas	GSM8302016_Sir_Root_Ctrl_scRNAseq_R1	root	unannotated_root	unannotated_root
5058	Sisymbrium irio	brassicaceae_multi_species_root_atlas	GSM8302016_Sir_Root_Ctrl_scRNAseq_R1	root	unannotated_root	unannotated_root
5059	Sisymbrium irio	brassicaceae_multi_species_root_atlas	GSM8302016_Sir_Root_Ctrl_scRNAseq_R1	root	unannotated_root	unannotated_root
5060	Sisymbrium irio	brassicaceae_multi_species_root_atlas	GSM8302016_Sir_Root_Ctrl_scRNAseq_R1	root	unannotated_root	unannotated_root
5061	Sisymbrium irio	brassicaceae_multi_species_root_atlas	GSM8302016_Sir_Root_Ctrl_scRNAseq_R1	root	unannotated_root	unannotated_root
5062	Sisymbrium irio	brassicaceae_multi_species_root_atlas	GSM8302016_Sir_Root_Ctrl_scRNAseq_R1	root	unannotated_root	unannotated_root
5063	Sisymbrium irio	brassicaceae_multi_species_root_atlas	GSM8302016_Sir_Root_Ctrl_scRNAseq_R1	root	unannotated_root	unannotated_root
5064	Sisymbrium irio	brassicaceae_multi_species_root_atlas	GSM8302016_Sir_Root_Ctrl_scRNAseq_R1	root	unannotated_root	unannotated_root
5065	Sisymbrium irio	brassicaceae_multi_species_root_atlas	GSM8302016_Sir_Root_Ctrl_scRNAseq_R1	root	unannotated_root	unannotated_root
5066	Sisymbrium irio	brassicaceae_multi_species_root_atlas	GSM8302016_Sir_Root_Ctrl_scRNAseq_R1	root	unannotated_root	unannotated_root
5067	Sisymbrium irio	brassicaceae_multi_species_root_atlas	GSM8302016_Sir_Root_Ctrl_scRNAseq_R1	root	unannotated_root	unannotated_root
5068	Sisymbrium irio	brassicaceae_multi_species_root_atlas	GSM8302016_Sir_Root_Ctrl_scRNAseq_R1	root	unannotated_root	unannotated_root
5069	Sisymbrium irio	brassicaceae_multi_species_root_atlas	GSM8302016_Sir_Root_Ctrl_scRNAseq_R1	root	unannotated_root	unannotated_root
5070	Sisymbrium irio	brassicaceae_multi_species_root_atlas	GSM8302016_Sir_Root_Ctrl_scRNAseq_R1	root	unannotated_root	unannotated_root
5071	Sisymbrium irio	brassicaceae_multi_species_root_atlas	GSM8302016_Sir_Root_Ctrl_scRNAseq_R1	root	unannotated_root	unannotated_root
5072	Sisymbrium irio	brassicaceae_multi_species_root_atlas	GSM8302016_Sir_Root_Ctrl_scRNAseq_R1	root	unannotated_root	unannotated_root
5073	Sisymbrium irio	brassicaceae_multi_species_root_atlas	GSM8302016_Sir_Root_Ctrl_scRNAseq_R1	root	unannotated_root	unannotated_root
5074	Sisymbrium irio	brassicaceae_multi_species_root_atlas	GSM8302016_Sir_Root_Ctrl_scRNAseq_R1	root	unannotated_root	unannotated_root
5075	Sisymbrium irio	brassicaceae_multi_species_root_atlas	GSM8302016_Sir_Root_Ctrl_scRNAseq_R1	root	unannotated_root	unannotated_root
5076	Sisymbrium irio	brassicaceae_multi_species_root_atlas	GSM8302016_Sir_Root_Ctrl_scRNAseq_R1	root	unannotated_root	unannotated_root
5077	Sisymbrium irio	brassicaceae_multi_species_root_atlas	GSM8302016_Sir_Root_Ctrl_scRNAseq_R1	root	unannotated_root	unannotated_root
5078	Sisymbrium irio	brassicaceae_multi_species_root_atlas	GSM8302016_Sir_Root_Ctrl_scRNAseq_R1	root	unannotated_root	unannotated_root
5079	Sisymbrium irio	brassicaceae_multi_species_root_atlas	GSM8302016_Sir_Root_Ctrl_scRNAseq_R1	root	unannotated_root	unannotated_root
5080	Sisymbrium irio	brassicaceae_multi_species_root_atlas	GSM8302016_Sir_Root_Ctrl_scRNAseq_R1	root	unannotated_root	unannotated_root
5081	Sisymbrium irio	brassicaceae_multi_species_root_atlas	GSM8302016_Sir_Root_Ctrl_scRNAseq_R1	root	unannotated_root	unannotated_root
5082	Sisymbrium irio	brassicaceae_multi_species_root_atlas	GSM8302016_Sir_Root_Ctrl_scRNAseq_R1	root	unannotated_root	unannotated_root
5083	Camelina sativa	brassicaceae_multi_species_root_atlas	GSM8302028_Csa_Root_Ctrl_scRNAseq_R1	root	unannotated_root	unannotated_root
5084	Camelina sativa	brassicaceae_multi_species_root_atlas	GSM8302028_Csa_Root_Ctrl_scRNAseq_R1	root	unannotated_root	unannotated_root
5085	Camelina sativa	brassicaceae_multi_species_root_atlas	GSM8302028_Csa_Root_Ctrl_scRNAseq_R1	root	unannotated_root	unannotated_root
5086	Camelina sativa	brassicaceae_multi_species_root_atlas	GSM8302028_Csa_Root_Ctrl_scRNAseq_R1	root	unannotated_root	unannotated_root
5087	Camelina sativa	brassicaceae_multi_species_root_atlas	GSM8302028_Csa_Root_Ctrl_scRNAseq_R1	root	unannotated_root	unannotated_root
5088	Camelina sativa	brassicaceae_multi_species_root_atlas	GSM8302028_Csa_Root_Ctrl_scRNAseq_R1	root	unannotated_root	unannotated_root
5089	Camelina sativa	brassicaceae_multi_species_root_atlas	GSM8302028_Csa_Root_Ctrl_scRNAseq_R1	root	unannotated_root	unannotated_root
5090	Camelina sativa	brassicaceae_multi_species_root_atlas	GSM8302028_Csa_Root_Ctrl_scRNAseq_R1	root	unannotated_root	unannotated_root
5091	Camelina sativa	brassicaceae_multi_species_root_atlas	GSM8302028_Csa_Root_Ctrl_scRNAseq_R1	root	unannotated_root	unannotated_root
5092	Camelina sativa	brassicaceae_multi_species_root_atlas	GSM8302028_Csa_Root_Ctrl_scRNAseq_R1	root	unannotated_root	unannotated_root
5093	Camelina sativa	brassicaceae_multi_species_root_atlas	GSM8302028_Csa_Root_Ctrl_scRNAseq_R1	root	unannotated_root	unannotated_root
5094	Camelina sativa	brassicaceae_multi_species_root_atlas	GSM8302028_Csa_Root_Ctrl_scRNAseq_R1	root	unannotated_root	unannotated_root
5095	Camelina sativa	brassicaceae_multi_species_root_atlas	GSM8302028_Csa_Root_Ctrl_scRNAseq_R1	root	unannotated_root	unannotated_root
5096	Camelina sativa	brassicaceae_multi_species_root_atlas	GSM8302028_Csa_Root_Ctrl_scRNAseq_R1	root	unannotated_root	unannotated_root
5097	Camelina sativa	brassicaceae_multi_species_root_atlas	GSM8302028_Csa_Root_Ctrl_scRNAseq_R1	root	unannotated_root	unannotated_root
5098	Camelina sativa	brassicaceae_multi_species_root_atlas	GSM8302028_Csa_Root_Ctrl_scRNAseq_R1	root	unannotated_root	unannotated_root
5099	Camelina sativa	brassicaceae_multi_species_root_atlas	GSM8302028_Csa_Root_Ctrl_scRNAseq_R1	root	unannotated_root	unannotated_root
5100	Camelina sativa	brassicaceae_multi_species_root_atlas	GSM8302028_Csa_Root_Ctrl_scRNAseq_R1	root	unannotated_root	unannotated_root
5101	Camelina sativa	brassicaceae_multi_species_root_atlas	GSM8302028_Csa_Root_Ctrl_scRNAseq_R1	root	unannotated_root	unannotated_root
5102	Camelina sativa	brassicaceae_multi_species_root_atlas	GSM8302028_Csa_Root_Ctrl_scRNAseq_R1	root	unannotated_root	unannotated_root
5103	Camelina sativa	brassicaceae_multi_species_root_atlas	GSM8302028_Csa_Root_Ctrl_scRNAseq_R1	root	unannotated_root	unannotated_root
5104	Camelina sativa	brassicaceae_multi_species_root_atlas	GSM8302028_Csa_Root_Ctrl_scRNAseq_R1	root	unannotated_root	unannotated_root
5105	Camelina sativa	brassicaceae_multi_species_root_atlas	GSM8302028_Csa_Root_Ctrl_scRNAseq_R1	root	unannotated_root	unannotated_root
5106	Camelina sativa	brassicaceae_multi_species_root_atlas	GSM8302028_Csa_Root_Ctrl_scRNAseq_R1	root	unannotated_root	unannotated_root
5107	Camelina sativa	brassicaceae_multi_species_root_atlas	GSM8302028_Csa_Root_Ctrl_scRNAseq_R1	root	unannotated_root	unannotated_root
5108	Camelina sativa	brassicaceae_multi_species_root_atlas	GSM8302028_Csa_Root_Ctrl_scRNAseq_R1	root	unannotated_root	unannotated_root
5109	Camelina sativa	brassicaceae_multi_species_root_atlas	GSM8302028_Csa_Root_Ctrl_scRNAseq_R1	root	unannotated_root	unannotated_root
5110	Camelina sativa	brassicaceae_multi_species_root_atlas	GSM8302028_Csa_Root_Ctrl_scRNAseq_R1	root	unannotated_root	unannotated_root
5111	Camelina sativa	brassicaceae_multi_species_root_atlas	GSM8302028_Csa_Root_Ctrl_scRNAseq_R1	root	unannotated_root	unannotated_root
5112	Camelina sativa	brassicaceae_multi_species_root_atlas	GSM8302028_Csa_Root_Ctrl_scRNAseq_R1	root	unannotated_root	unannotated_root
5113	Camelina sativa	brassicaceae_multi_species_root_atlas	GSM8302028_Csa_Root_Ctrl_scRNAseq_R1	root	unannotated_root	unannotated_root
5114	Camelina sativa	brassicaceae_multi_species_root_atlas	GSM8302028_Csa_Root_Ctrl_scRNAseq_R1	root	unannotated_root	unannotated_root
5115	Camelina sativa	brassicaceae_multi_species_root_atlas	GSM8302028_Csa_Root_Ctrl_scRNAseq_R1	root	unannotated_root	unannotated_root
5116	Camelina sativa	brassicaceae_multi_species_root_atlas	GSM8302028_Csa_Root_Ctrl_scRNAseq_R1	root	unannotated_root	unannotated_root
5117	Camelina sativa	brassicaceae_multi_species_root_atlas	GSM8302028_Csa_Root_Ctrl_scRNAseq_R1	root	unannotated_root	unannotated_root
5118	Camelina sativa	brassicaceae_multi_species_root_atlas	GSM8302028_Csa_Root_Ctrl_scRNAseq_R1	root	unannotated_root	unannotated_root
5119	Camelina sativa	brassicaceae_multi_species_root_atlas	GSM8302028_Csa_Root_Ctrl_scRNAseq_R1	root	unannotated_root	unannotated_root
5120	Arabidopsis thaliana	arabidopsis_scrna_method_benchmark	10X_replicate1	root	Pericycle	Pericycle
5121	Arabidopsis thaliana	arabidopsis_scrna_method_benchmark	10X_replicate1	root	Atrichoblast	Atrichoblast
5122	Arabidopsis thaliana	arabidopsis_scrna_method_benchmark	10X_replicate1	root	Atrichoblast	Atrichoblast
5123	Arabidopsis thaliana	arabidopsis_scrna_method_benchmark	10X_replicate1	root	Cortex	Cortex
5124	Arabidopsis thaliana	arabidopsis_scrna_method_benchmark	10X_replicate1	root	Epidermis	Epidermis
5125	Arabidopsis thaliana	arabidopsis_scrna_method_benchmark	10X_replicate1	root	Atrichoblast	Atrichoblast
5126	Arabidopsis thaliana	arabidopsis_scrna_method_benchmark	10X_replicate1	root	Pericycle	Pericycle
5127	Arabidopsis thaliana	arabidopsis_scrna_method_benchmark	10X_replicate1	root	Xylem	Xylem
5128	Arabidopsis thaliana	arabidopsis_scrna_method_benchmark	10X_replicate1	root	Cortex	Cortex
5129	Arabidopsis thaliana	arabidopsis_scrna_method_benchmark	10X_replicate1	root	Atrichoblast	Atrichoblast
5130	Arabidopsis thaliana	arabidopsis_scrna_method_benchmark	10X_replicate1	root	Xylem	Xylem
5131	Arabidopsis thaliana	arabidopsis_scrna_method_benchmark	10X_replicate1	root	Lateral root cap	Lateral root cap
5132	Arabidopsis thaliana	arabidopsis_scrna_method_benchmark	10X_replicate1	root	Procambium	Procambium
5133	Arabidopsis thaliana	arabidopsis_scrna_method_benchmark	10X_replicate1	root	Epidermis	Epidermis
5134	Arabidopsis thaliana	arabidopsis_scrna_method_benchmark	10X_replicate1	root	Atrichoblast	Atrichoblast
5135	Arabidopsis thaliana	arabidopsis_scrna_method_benchmark	10X_replicate1	root	Cortex	Cortex
5136	Arabidopsis thaliana	arabidopsis_scrna_method_benchmark	10X_replicate1	root	Atrichoblast	Atrichoblast
5137	Arabidopsis thaliana	arabidopsis_scrna_method_benchmark	10X_replicate1	root	Cortex	Cortex
5138	Arabidopsis thaliana	arabidopsis_scrna_method_benchmark	10X_replicate1	root	Endodermis	Endodermis
5139	Arabidopsis thaliana	arabidopsis_scrna_method_benchmark	10X_replicate1	root	Lateral root cap	Lateral root cap
5140	Arabidopsis thaliana	arabidopsis_scrna_method_benchmark	10X_replicate1	root	Lateral root cap	Lateral root cap
5141	Arabidopsis thaliana	arabidopsis_scrna_method_benchmark	10X_replicate1	root	Endodermis	Endodermis
5142	Arabidopsis thaliana	arabidopsis_scrna_method_benchmark	10X_replicate1	root	Phloem	Phloem
5143	Arabidopsis thaliana	arabidopsis_scrna_method_benchmark	10X_replicate1	root	Pericycle	Pericycle
5144	Arabidopsis thaliana	arabidopsis_scrna_method_benchmark	10X_replicate1	root	Epidermis	Epidermis
5145	Arabidopsis thaliana	arabidopsis_scrna_method_benchmark	10X_replicate1	root	Cortex	Cortex
5146	Arabidopsis thaliana	arabidopsis_scrna_method_benchmark	10X_replicate1	root	Endodermis	Endodermis
5147	Arabidopsis thaliana	arabidopsis_scrna_method_benchmark	10X_replicate1	root	Lateral root cap	Lateral root cap
5148	Arabidopsis thaliana	arabidopsis_scrna_method_benchmark	10X_replicate1	root	Lateral root cap	Lateral root cap
5149	Arabidopsis thaliana	arabidopsis_scrna_method_benchmark	10X_replicate1	root	Pericycle	Pericycle
5150	Arabidopsis thaliana	arabidopsis_scrna_method_benchmark	10X_replicate1	root	Atrichoblast	Atrichoblast
5151	Arabidopsis thaliana	arabidopsis_scrna_method_benchmark	10X_replicate1	root	Endodermis	Endodermis
5152	Arabidopsis thaliana	arabidopsis_scrna_method_benchmark	10X_replicate1	root	Cortex	Cortex
5153	Arabidopsis thaliana	arabidopsis_scrna_method_benchmark	10X_replicate1	root	Pericycle	Pericycle
5154	Arabidopsis thaliana	arabidopsis_scrna_method_benchmark	10X_replicate1	root	Atrichoblast	Atrichoblast
5155	Arabidopsis thaliana	arabidopsis_scrna_method_benchmark	10X_replicate1	root	Cortex	Cortex
5156	Arabidopsis thaliana	arabidopsis_scrna_method_benchmark	10X_replicate1	root	Cortex	Cortex
5157	Arabidopsis thaliana	arabidopsis_scrna_method_benchmark	10X_replicate1	root	Cortex	Cortex
5158	Arabidopsis thaliana	arabidopsis_scrna_method_benchmark	10X_replicate1	root	Atrichoblast	Atrichoblast
5159	Arabidopsis thaliana	arabidopsis_scrna_method_benchmark	10X_replicate1	root	Atrichoblast	Atrichoblast
5160	Arabidopsis thaliana	arabidopsis_scrna_method_benchmark	10X_replicate1	root	Cortex	Cortex
5161	Arabidopsis thaliana	arabidopsis_scrna_method_benchmark	10X_replicate1	root	Endodermis	Endodermis
5162	Arabidopsis thaliana	arabidopsis_scrna_method_benchmark	10X_replicate1	root	Atrichoblast	Atrichoblast
5163	Arabidopsis thaliana	arabidopsis_scrna_method_benchmark	10X_replicate1	root	Atrichoblast	Atrichoblast
5164	Arabidopsis thaliana	arabidopsis_scrna_method_benchmark	10X_replicate1	root	Epidermis	Epidermis
5165	Arabidopsis thaliana	arabidopsis_scrna_method_benchmark	10X_replicate1	root	Pericycle	Pericycle
5166	Arabidopsis thaliana	arabidopsis_scrna_method_benchmark	10X_replicate1	root	Atrichoblast	Atrichoblast
5167	Arabidopsis thaliana	arabidopsis_scrna_method_benchmark	10X_replicate1	root	Pericycle	Pericycle
5168	Arabidopsis thaliana	arabidopsis_scrna_method_benchmark	10X_replicate1	root	Pericycle	Pericycle
5169	Arabidopsis thaliana	arabidopsis_scrna_method_benchmark	10X_replicate1	root	Atrichoblast	Atrichoblast
5170	Arabidopsis thaliana	arabidopsis_scrna_method_benchmark	10X_replicate1	root	Lateral root cap	Lateral root cap
5171	Arabidopsis thaliana	arabidopsis_scrna_method_benchmark	10X_replicate2	root	Cortex	Cortex
5172	Arabidopsis thaliana	arabidopsis_scrna_method_benchmark	10X_replicate2	root	Atrichoblast	Atrichoblast
5173	Arabidopsis thaliana	arabidopsis_scrna_method_benchmark	10X_replicate2	root	Atrichoblast	Atrichoblast
5174	Arabidopsis thaliana	arabidopsis_scrna_method_benchmark	10X_replicate2	root	Atrichoblast	Atrichoblast
5175	Arabidopsis thaliana	arabidopsis_scrna_method_benchmark	10X_replicate2	root	Trichoblast	Trichoblast
5176	Arabidopsis thaliana	arabidopsis_scrna_method_benchmark	10X_replicate2	root	Cortex	Cortex
5177	Arabidopsis thaliana	arabidopsis_scrna_method_benchmark	10X_replicate2	root	Lateral root cap	Lateral root cap
5178	Arabidopsis thaliana	arabidopsis_scrna_method_benchmark	10X_replicate2	root	Atrichoblast	Atrichoblast
5179	Arabidopsis thaliana	arabidopsis_scrna_method_benchmark	10X_replicate2	root	Trichoblast	Trichoblast
5180	Arabidopsis thaliana	arabidopsis_scrna_method_benchmark	10X_replicate2	root	Cortex	Cortex
5181	Arabidopsis thaliana	arabidopsis_scrna_method_benchmark	10X_replicate2	root	Lateral root cap	Lateral root cap
5182	Arabidopsis thaliana	arabidopsis_scrna_method_benchmark	10X_replicate2	root	Pericycle	Pericycle
5183	Arabidopsis thaliana	arabidopsis_scrna_method_benchmark	10X_replicate2	root	Atrichoblast	Atrichoblast
5184	Arabidopsis thaliana	arabidopsis_scrna_method_benchmark	10X_replicate2	root	Pericycle	Pericycle
5185	Arabidopsis thaliana	arabidopsis_scrna_method_benchmark	10X_replicate2	root	Epidermis	Epidermis
5186	Arabidopsis thaliana	arabidopsis_scrna_method_benchmark	10X_replicate2	root	Epidermis	Epidermis
5187	Arabidopsis thaliana	arabidopsis_scrna_method_benchmark	10X_replicate2	root	Lateral root cap	Lateral root cap
5188	Arabidopsis thaliana	arabidopsis_scrna_method_benchmark	10X_replicate2	root	Cortex	Cortex
5189	Arabidopsis thaliana	arabidopsis_scrna_method_benchmark	10X_replicate2	root	Cortex	Cortex
5190	Arabidopsis thaliana	arabidopsis_scrna_method_benchmark	10X_replicate2	root	Lateral root cap	Lateral root cap
5191	Arabidopsis thaliana	arabidopsis_scrna_method_benchmark	10X_replicate2	root	Epidermis	Epidermis
5192	Arabidopsis thaliana	arabidopsis_scrna_method_benchmark	10X_replicate2	root	Atrichoblast	Atrichoblast
5193	Arabidopsis thaliana	arabidopsis_scrna_method_benchmark	10X_replicate2	root	Lateral root cap	Lateral root cap
5194	Arabidopsis thaliana	arabidopsis_scrna_method_benchmark	10X_replicate2	root	Atrichoblast	Atrichoblast
5195	Arabidopsis thaliana	arabidopsis_scrna_method_benchmark	10X_replicate2	root	Epidermis	Epidermis
5196	Arabidopsis thaliana	arabidopsis_scrna_method_benchmark	10X_replicate2	root	Lateral root cap	Lateral root cap
5197	Arabidopsis thaliana	arabidopsis_scrna_method_benchmark	10X_replicate2	root	Trichoblast	Trichoblast
5198	Arabidopsis thaliana	arabidopsis_scrna_method_benchmark	10X_replicate2	root	Lateral root cap	Lateral root cap
5199	Arabidopsis thaliana	arabidopsis_scrna_method_benchmark	10X_replicate2	root	Cortex	Cortex
5200	Arabidopsis thaliana	arabidopsis_scrna_method_benchmark	10X_replicate2	root	Atrichoblast	Atrichoblast
5201	Arabidopsis thaliana	arabidopsis_scrna_method_benchmark	10X_replicate2	root	Atrichoblast	Atrichoblast
5202	Arabidopsis thaliana	arabidopsis_scrna_method_benchmark	10X_replicate2	root	Atrichoblast	Atrichoblast
5203	Arabidopsis thaliana	arabidopsis_scrna_method_benchmark	10X_replicate2	root	Atrichoblast	Atrichoblast
5204	Arabidopsis thaliana	arabidopsis_scrna_method_benchmark	10X_replicate2	root	Pericycle	Pericycle
5205	Arabidopsis thaliana	arabidopsis_scrna_method_benchmark	10X_replicate2	root	Trichoblast	Trichoblast
5206	Arabidopsis thaliana	arabidopsis_scrna_method_benchmark	10X_replicate2	root	Lateral root cap	Lateral root cap
5207	Arabidopsis thaliana	arabidopsis_scrna_method_benchmark	10X_replicate2	root	Lateral root cap	Lateral root cap
5208	Arabidopsis thaliana	arabidopsis_scrna_method_benchmark	10X_replicate2	root	Lateral root cap	Lateral root cap
5209	Arabidopsis thaliana	arabidopsis_scrna_method_benchmark	10X_replicate2	root	Lateral root cap	Lateral root cap
5210	Arabidopsis thaliana	arabidopsis_scrna_method_benchmark	10X_replicate2	root	Endodermis	Endodermis
5211	Arabidopsis thaliana	arabidopsis_scrna_method_benchmark	10X_replicate2	root	Epidermis	Epidermis
5212	Arabidopsis thaliana	arabidopsis_scrna_method_benchmark	10X_replicate2	root	Atrichoblast	Atrichoblast
5213	Arabidopsis thaliana	arabidopsis_scrna_method_benchmark	10X_replicate2	root	Trichoblast	Trichoblast
5214	Arabidopsis thaliana	arabidopsis_scrna_method_benchmark	10X_replicate2	root	Trichoblast	Trichoblast
5215	Arabidopsis thaliana	arabidopsis_scrna_method_benchmark	10X_replicate2	root	Epidermis	Epidermis
5216	Arabidopsis thaliana	arabidopsis_scrna_method_benchmark	10X_replicate2	root	Endodermis	Endodermis
5217	Arabidopsis thaliana	arabidopsis_scrna_method_benchmark	10X_replicate2	root	Cortex	Cortex
5218	Arabidopsis thaliana	arabidopsis_scrna_method_benchmark	10X_replicate2	root	Phloem	Phloem
5219	Arabidopsis thaliana	arabidopsis_scrna_method_benchmark	10X_replicate2	root	Atrichoblast	Atrichoblast
5220	Arabidopsis thaliana	arabidopsis_scrna_method_benchmark	10X_replicate2	root	Cortex	Cortex
5221	Arabidopsis thaliana	arabidopsis_scrna_method_benchmark	10X_replicate2	root	Endodermis	Endodermis
5222	Arabidopsis thaliana	arabidopsis_scrna_method_benchmark	10X_replicate2	root	Initials	Initials
5223	Arabidopsis thaliana	arabidopsis_scrna_method_benchmark	10X_replicate2	root	Cortex	Cortex
5224	Arabidopsis thaliana	arabidopsis_scrna_method_benchmark	BD_replicate1	root	Endodermis	Endodermis
5225	Arabidopsis thaliana	arabidopsis_scrna_method_benchmark	BD_replicate1	root	Lateral root cap	Lateral root cap
5226	Arabidopsis thaliana	arabidopsis_scrna_method_benchmark	BD_replicate1	root	Cortex	Cortex
5227	Arabidopsis thaliana	arabidopsis_scrna_method_benchmark	BD_replicate1	root	Atrichoblast	Atrichoblast
5228	Arabidopsis thaliana	arabidopsis_scrna_method_benchmark	BD_replicate1	root	Lateral root cap	Lateral root cap
5229	Arabidopsis thaliana	arabidopsis_scrna_method_benchmark	BD_replicate1	root	Endodermis	Endodermis
5230	Arabidopsis thaliana	arabidopsis_scrna_method_benchmark	BD_replicate1	root	Lateral root cap	Lateral root cap
5231	Arabidopsis thaliana	arabidopsis_scrna_method_benchmark	BD_replicate1	root	Atrichoblast	Atrichoblast
5232	Arabidopsis thaliana	arabidopsis_scrna_method_benchmark	BD_replicate1	root	Epidermis	Epidermis
5233	Arabidopsis thaliana	arabidopsis_scrna_method_benchmark	BD_replicate1	root	Epidermis	Epidermis
5234	Arabidopsis thaliana	arabidopsis_scrna_method_benchmark	BD_replicate1	root	Lateral root cap	Lateral root cap
5235	Arabidopsis thaliana	arabidopsis_scrna_method_benchmark	BD_replicate1	root	Lateral root cap	Lateral root cap
5236	Arabidopsis thaliana	arabidopsis_scrna_method_benchmark	BD_replicate1	root	Pericycle	Pericycle
5237	Arabidopsis thaliana	arabidopsis_scrna_method_benchmark	BD_replicate1	root	Epidermis	Epidermis
5238	Arabidopsis thaliana	arabidopsis_scrna_method_benchmark	BD_replicate1	root	Pericycle	Pericycle
5239	Arabidopsis thaliana	arabidopsis_scrna_method_benchmark	BD_replicate1	root	Atrichoblast	Atrichoblast
5240	Arabidopsis thaliana	arabidopsis_scrna_method_benchmark	BD_replicate1	root	Epidermis	Epidermis
5241	Arabidopsis thaliana	arabidopsis_scrna_method_benchmark	BD_replicate1	root	Trichoblast	Trichoblast
5242	Arabidopsis thaliana	arabidopsis_scrna_method_benchmark	BD_replicate1	root	Endodermis	Endodermis
5243	Arabidopsis thaliana	arabidopsis_scrna_method_benchmark	BD_replicate1	root	Phloem	Phloem
5244	Arabidopsis thaliana	arabidopsis_scrna_method_benchmark	BD_replicate1	root	Atrichoblast	Atrichoblast
5245	Arabidopsis thaliana	arabidopsis_scrna_method_benchmark	BD_replicate1	root	Epidermis	Epidermis
5246	Arabidopsis thaliana	arabidopsis_scrna_method_benchmark	BD_replicate1	root	Xylem	Xylem
5247	Arabidopsis thaliana	arabidopsis_scrna_method_benchmark	BD_replicate1	root	Lateral root cap	Lateral root cap
5248	Arabidopsis thaliana	arabidopsis_scrna_method_benchmark	BD_replicate1	root	Lateral root cap	Lateral root cap
5249	Arabidopsis thaliana	arabidopsis_scrna_method_benchmark	BD_replicate1	root	Endodermis	Endodermis
5250	Arabidopsis thaliana	arabidopsis_scrna_method_benchmark	BD_replicate1	root	Atrichoblast	Atrichoblast
5251	Arabidopsis thaliana	arabidopsis_scrna_method_benchmark	BD_replicate1	root	Cortex	Cortex
5252	Arabidopsis thaliana	arabidopsis_scrna_method_benchmark	BD_replicate1	root	Lateral root cap	Lateral root cap
5253	Arabidopsis thaliana	arabidopsis_scrna_method_benchmark	BD_replicate1	root	Epidermis	Epidermis
5254	Arabidopsis thaliana	arabidopsis_scrna_method_benchmark	BD_replicate1	root	Lateral root cap	Lateral root cap
5255	Arabidopsis thaliana	arabidopsis_scrna_method_benchmark	BD_replicate1	root	Atrichoblast	Atrichoblast
5256	Arabidopsis thaliana	arabidopsis_scrna_method_benchmark	BD_replicate1	root	Xylem	Xylem
5257	Arabidopsis thaliana	arabidopsis_scrna_method_benchmark	BD_replicate1	root	Lateral root cap	Lateral root cap
5258	Arabidopsis thaliana	arabidopsis_scrna_method_benchmark	BD_replicate1	root	Endodermis	Endodermis
5259	Arabidopsis thaliana	arabidopsis_scrna_method_benchmark	BD_replicate1	root	Trichoblast	Trichoblast
5260	Arabidopsis thaliana	arabidopsis_scrna_method_benchmark	BD_replicate1	root	Lateral root cap	Lateral root cap
5261	Arabidopsis thaliana	arabidopsis_scrna_method_benchmark	BD_replicate1	root	Atrichoblast	Atrichoblast
5262	Arabidopsis thaliana	arabidopsis_scrna_method_benchmark	BD_replicate1	root	Procambium	Procambium
5263	Arabidopsis thaliana	arabidopsis_scrna_method_benchmark	BD_replicate1	root	Cortex	Cortex
5264	Arabidopsis thaliana	arabidopsis_scrna_method_benchmark	BD_replicate1	root	Cortex	Cortex
5265	Arabidopsis thaliana	arabidopsis_scrna_method_benchmark	BD_replicate1	root	Lateral root cap	Lateral root cap
5266	Arabidopsis thaliana	arabidopsis_scrna_method_benchmark	BD_replicate1	root	Lateral root cap	Lateral root cap
5267	Arabidopsis thaliana	arabidopsis_scrna_method_benchmark	BD_replicate1	root	Initials	Initials
5268	Arabidopsis thaliana	arabidopsis_scrna_method_benchmark	BD_replicate1	root	Trichoblast	Trichoblast
5269	Arabidopsis thaliana	arabidopsis_scrna_method_benchmark	BD_replicate1	root	Epidermis	Epidermis
5270	Arabidopsis thaliana	arabidopsis_scrna_method_benchmark	BD_replicate1	root	Cortex	Cortex
5271	Arabidopsis thaliana	arabidopsis_scrna_method_benchmark	BD_replicate1	root	Endodermis	Endodermis
5272	Arabidopsis thaliana	arabidopsis_scrna_method_benchmark	BD_replicate1	root	Lateral root cap	Lateral root cap
5273	Arabidopsis thaliana	arabidopsis_scrna_method_benchmark	BD_replicate1	root	Lateral root cap	Lateral root cap
5274	Arabidopsis thaliana	arabidopsis_scrna_method_benchmark	BD_replicate1	root	Lateral root cap	Lateral root cap
5275	Arabidopsis thaliana	arabidopsis_scrna_method_benchmark	BD_replicate1	root	Lateral root cap	Lateral root cap
5276	Arabidopsis thaliana	arabidopsis_scrna_method_benchmark	BD_replicate1	root	Epidermis	Epidermis
5277	Arabidopsis thaliana	arabidopsis_scrna_method_benchmark	BD_replicate1	root	Atrichoblast	Atrichoblast
5278	Arabidopsis thaliana	arabidopsis_scrna_method_benchmark	BD_replicate1	root	Lateral root cap	Lateral root cap
5279	Arabidopsis thaliana	arabidopsis_scrna_method_benchmark	BD_replicate1	root	Epidermis	Epidermis
5280	Arabidopsis thaliana	arabidopsis_scrna_method_benchmark	BD_replicate1	root	Epidermis	Epidermis
5281	Arabidopsis thaliana	arabidopsis_scrna_method_benchmark	BD_replicate1	root	Epidermis	Epidermis
5282	Arabidopsis thaliana	arabidopsis_scrna_method_benchmark	BD_replicate1	root	Pericycle	Pericycle
5283	Arabidopsis thaliana	arabidopsis_scrna_method_benchmark	BD_replicate1	root	Lateral root cap	Lateral root cap
5284	Arabidopsis thaliana	arabidopsis_scrna_method_benchmark	BD_replicate1	root	Pericycle	Pericycle
5285	Arabidopsis thaliana	arabidopsis_scrna_method_benchmark	BD_replicate1	root	Cortex	Cortex
5286	Arabidopsis thaliana	arabidopsis_scrna_method_benchmark	BD_replicate1	root	Pericycle	Pericycle
5287	Arabidopsis thaliana	arabidopsis_scrna_method_benchmark	BD_replicate1	root	Initials	Initials
5288	Arabidopsis thaliana	arabidopsis_scrna_method_benchmark	BD_replicate1	root	Epidermis	Epidermis
5289	Arabidopsis thaliana	arabidopsis_scrna_method_benchmark	BD_replicate1	root	Lateral root cap	Lateral root cap
5290	Arabidopsis thaliana	arabidopsis_scrna_method_benchmark	BD_replicate1	root	Epidermis	Epidermis
5291	Arabidopsis thaliana	arabidopsis_scrna_method_benchmark	BD_replicate1	root	Endodermis	Endodermis
5292	Arabidopsis thaliana	arabidopsis_scrna_method_benchmark	BD_replicate1	root	Lateral root cap	Lateral root cap
5293	Arabidopsis thaliana	arabidopsis_scrna_method_benchmark	BD_replicate1	root	Cortex	Cortex
5294	Arabidopsis thaliana	arabidopsis_scrna_method_benchmark	BD_replicate1	root	Trichoblast	Trichoblast
5295	Arabidopsis thaliana	arabidopsis_scrna_method_benchmark	BD_replicate1	root	Lateral root cap	Lateral root cap
5296	Arabidopsis thaliana	arabidopsis_scrna_method_benchmark	BD_replicate1	root	Pericycle	Pericycle
5297	Arabidopsis thaliana	arabidopsis_scrna_method_benchmark	BD_replicate1	root	Epidermis	Epidermis
5298	Arabidopsis thaliana	arabidopsis_scrna_method_benchmark	BD_replicate1	root	Endodermis	Endodermis
5299	Arabidopsis thaliana	arabidopsis_scrna_method_benchmark	BD_replicate1	root	Atrichoblast	Atrichoblast
5300	Arabidopsis thaliana	arabidopsis_scrna_method_benchmark	BD_replicate2	root	Epidermis	Epidermis
5301	Arabidopsis thaliana	arabidopsis_scrna_method_benchmark	BD_replicate2	root	Lateral root cap	Lateral root cap
5302	Arabidopsis thaliana	arabidopsis_scrna_method_benchmark	BD_replicate2	root	Cortex	Cortex
5303	Arabidopsis thaliana	arabidopsis_scrna_method_benchmark	BD_replicate2	root	Pericycle	Pericycle
5304	Arabidopsis thaliana	arabidopsis_scrna_method_benchmark	BD_replicate2	root	Atrichoblast	Atrichoblast
5305	Arabidopsis thaliana	arabidopsis_scrna_method_benchmark	BD_replicate2	root	Atrichoblast	Atrichoblast
5306	Arabidopsis thaliana	arabidopsis_scrna_method_benchmark	BD_replicate2	root	Epidermis	Epidermis
5307	Arabidopsis thaliana	arabidopsis_scrna_method_benchmark	BD_replicate2	root	Lateral root cap	Lateral root cap
5308	Arabidopsis thaliana	arabidopsis_scrna_method_benchmark	BD_replicate2	root	Lateral root cap	Lateral root cap
5309	Arabidopsis thaliana	arabidopsis_scrna_method_benchmark	BD_replicate2	root	Pericycle	Pericycle
5310	Arabidopsis thaliana	arabidopsis_scrna_method_benchmark	BD_replicate2	root	Lateral root cap	Lateral root cap
5311	Arabidopsis thaliana	arabidopsis_scrna_method_benchmark	BD_replicate2	root	Endodermis	Endodermis
5312	Arabidopsis thaliana	arabidopsis_scrna_method_benchmark	BD_replicate2	root	Lateral root cap	Lateral root cap
5313	Arabidopsis thaliana	arabidopsis_scrna_method_benchmark	BD_replicate2	root	Cortex	Cortex
5314	Arabidopsis thaliana	arabidopsis_scrna_method_benchmark	BD_replicate2	root	Pericycle	Pericycle
5315	Arabidopsis thaliana	arabidopsis_scrna_method_benchmark	BD_replicate2	root	Lateral root cap	Lateral root cap
5316	Arabidopsis thaliana	arabidopsis_scrna_method_benchmark	BD_replicate2	root	Lateral root cap	Lateral root cap
5317	Arabidopsis thaliana	arabidopsis_scrna_method_benchmark	BD_replicate2	root	Procambium	Procambium
5318	Arabidopsis thaliana	arabidopsis_scrna_method_benchmark	BD_replicate2	root	Lateral root cap	Lateral root cap
5319	Arabidopsis thaliana	arabidopsis_scrna_method_benchmark	BD_replicate2	root	Atrichoblast	Atrichoblast
5320	Arabidopsis thaliana	arabidopsis_scrna_method_benchmark	BD_replicate2	root	Cortex	Cortex
5321	Arabidopsis thaliana	arabidopsis_scrna_method_benchmark	BD_replicate2	root	Endodermis	Endodermis
5322	Arabidopsis thaliana	arabidopsis_scrna_method_benchmark	BD_replicate2	root	Lateral root cap	Lateral root cap
5323	Arabidopsis thaliana	arabidopsis_scrna_method_benchmark	BD_replicate2	root	Lateral root cap	Lateral root cap
5324	Arabidopsis thaliana	arabidopsis_scrna_method_benchmark	BD_replicate2	root	Lateral root cap	Lateral root cap
5325	Arabidopsis thaliana	arabidopsis_scrna_method_benchmark	BD_replicate2	root	Lateral root cap	Lateral root cap
5326	Arabidopsis thaliana	arabidopsis_scrna_method_benchmark	BD_replicate2	root	Cortex	Cortex
5327	Arabidopsis thaliana	arabidopsis_scrna_method_benchmark	BD_replicate2	root	Pericycle	Pericycle
5328	Arabidopsis thaliana	arabidopsis_scrna_method_benchmark	BD_replicate2	root	Endodermis	Endodermis
5329	Arabidopsis thaliana	arabidopsis_scrna_method_benchmark	BD_replicate2	root	Lateral root cap	Lateral root cap
5330	Arabidopsis thaliana	arabidopsis_scrna_method_benchmark	BD_replicate2	root	Pericycle	Pericycle
5331	Arabidopsis thaliana	arabidopsis_scrna_method_benchmark	BD_replicate2	root	Cortex	Cortex
5332	Arabidopsis thaliana	arabidopsis_scrna_method_benchmark	BD_replicate2	root	Lateral root cap	Lateral root cap
5333	Arabidopsis thaliana	arabidopsis_scrna_method_benchmark	BD_replicate2	root	Atrichoblast	Atrichoblast
5334	Arabidopsis thaliana	arabidopsis_scrna_method_benchmark	BD_replicate2	root	Lateral root cap	Lateral root cap
5335	Arabidopsis thaliana	arabidopsis_scrna_method_benchmark	BD_replicate2	root	Atrichoblast	Atrichoblast
5336	Arabidopsis thaliana	arabidopsis_scrna_method_benchmark	BD_replicate2	root	Lateral root cap	Lateral root cap
5337	Arabidopsis thaliana	arabidopsis_scrna_method_benchmark	BD_replicate2	root	Pericycle	Pericycle
5338	Arabidopsis thaliana	arabidopsis_scrna_method_benchmark	BD_replicate2	root	Atrichoblast	Atrichoblast
5339	Arabidopsis thaliana	arabidopsis_scrna_method_benchmark	BD_replicate2	root	Atrichoblast	Atrichoblast
5340	Arabidopsis thaliana	arabidopsis_scrna_method_benchmark	BD_replicate2	root	Epidermis	Epidermis
5341	Arabidopsis thaliana	arabidopsis_scrna_method_benchmark	BD_replicate2	root	Atrichoblast	Atrichoblast
5342	Arabidopsis thaliana	arabidopsis_scrna_method_benchmark	BD_replicate2	root	Epidermis	Epidermis
5343	Arabidopsis thaliana	arabidopsis_scrna_method_benchmark	BD_replicate2	root	Epidermis	Epidermis
5344	Arabidopsis thaliana	arabidopsis_scrna_method_benchmark	BD_replicate2	root	Epidermis	Epidermis
5345	Arabidopsis thaliana	arabidopsis_scrna_method_benchmark	BD_replicate2	root	Atrichoblast	Atrichoblast
5346	Arabidopsis thaliana	arabidopsis_scrna_method_benchmark	BD_replicate2	root	Atrichoblast	Atrichoblast
5347	Arabidopsis thaliana	arabidopsis_scrna_method_benchmark	BD_replicate2	root	Lateral root cap	Lateral root cap
5348	Arabidopsis thaliana	arabidopsis_scrna_method_benchmark	BD_replicate2	root	Cortex	Cortex
5349	Arabidopsis thaliana	arabidopsis_scrna_method_benchmark	BD_replicate2	root	Epidermis	Epidermis
5350	Arabidopsis thaliana	arabidopsis_scrna_method_benchmark	BD_replicate2	root	Lateral root cap	Lateral root cap
5351	Arabidopsis thaliana	arabidopsis_scrna_method_benchmark	BD_replicate2	root	Cortex	Cortex
5352	Arabidopsis thaliana	arabidopsis_scrna_method_benchmark	BD_replicate2	root	Endodermis	Endodermis
5353	Arabidopsis thaliana	arabidopsis_scrna_method_benchmark	BD_replicate2	root	Atrichoblast	Atrichoblast
5354	Arabidopsis thaliana	arabidopsis_scrna_method_benchmark	BD_replicate2	root	Atrichoblast	Atrichoblast
5355	Arabidopsis thaliana	arabidopsis_scrna_method_benchmark	BD_replicate2	root	Epidermis	Epidermis
5356	Arabidopsis thaliana	arabidopsis_scrna_method_benchmark	BD_replicate2	root	Lateral root cap	Lateral root cap
5357	Arabidopsis thaliana	arabidopsis_scrna_method_benchmark	BD_replicate2	root	Endodermis	Endodermis
5358	Arabidopsis thaliana	arabidopsis_scrna_method_benchmark	BD_replicate2	root	Pericycle	Pericycle
5359	Arabidopsis thaliana	arabidopsis_scrna_method_benchmark	BD_replicate2	root	Xylem	Xylem
5360	Arabidopsis thaliana	arabidopsis_scrna_method_benchmark	BD_replicate2	root	Lateral root cap	Lateral root cap
5361	Arabidopsis thaliana	arabidopsis_scrna_method_benchmark	BD_replicate2	root	Lateral root cap	Lateral root cap
5362	Arabidopsis thaliana	arabidopsis_scrna_method_benchmark	BD_replicate2	root	Endodermis	Endodermis
5363	Arabidopsis thaliana	arabidopsis_scrna_method_benchmark	BD_replicate2	root	Cortex	Cortex
5364	Arabidopsis thaliana	arabidopsis_scrna_method_benchmark	BD_replicate2	root	Lateral root cap	Lateral root cap
5365	Arabidopsis thaliana	arabidopsis_scrna_method_benchmark	BD_replicate2	root	Lateral root cap	Lateral root cap
5366	Arabidopsis thaliana	arabidopsis_scrna_method_benchmark	BD_replicate2	root	Lateral root cap	Lateral root cap
5367	Arabidopsis thaliana	arabidopsis_scrna_method_benchmark	BD_replicate2	root	Cortex	Cortex
5368	Arabidopsis thaliana	arabidopsis_scrna_method_benchmark	BD_replicate2	root	Epidermis	Epidermis
5369	Arabidopsis thaliana	arabidopsis_scrna_method_benchmark	BD_replicate2	root	Lateral root cap	Lateral root cap
5370	Arabidopsis thaliana	arabidopsis_scrna_method_benchmark	BD_replicate2	root	Atrichoblast	Atrichoblast
5371	Arabidopsis thaliana	arabidopsis_scrna_method_benchmark	BD_replicate2	root	Atrichoblast	Atrichoblast
5372	Arabidopsis thaliana	arabidopsis_scrna_method_benchmark	BD_replicate2	root	Atrichoblast	Atrichoblast
5373	Arabidopsis thaliana	arabidopsis_scrna_method_benchmark	BD_replicate2	root	Epidermis	Epidermis
5374	Arabidopsis thaliana	arabidopsis_scrna_method_benchmark	BD_replicate2	root	Atrichoblast	Atrichoblast
5375	Arabidopsis thaliana	arabidopsis_scrna_method_benchmark	BD_replicate2	root	Atrichoblast	Atrichoblast
5376	Arabidopsis thaliana	arabidopsis_lateral_root_founder_atlas	AATGGAAAGGGCCTCT-3	root	proximal meristem	proximal meristem
5377	Arabidopsis thaliana	arabidopsis_lateral_root_founder_atlas	CCACGTTAGTGAACAT-3	root	proximal meristem	proximal meristem
5378	Arabidopsis thaliana	arabidopsis_lateral_root_founder_atlas	GTCTTTAGTCTCAGAT-3	root	proximal meristem	proximal meristem
5379	Arabidopsis thaliana	arabidopsis_lateral_root_founder_atlas	TGTTCTAGTGAGACCA-3	root	proximal meristem	proximal meristem
5380	Arabidopsis thaliana	arabidopsis_lateral_root_founder_atlas	AGCTACAGTAGGTTTC-4	root	proximal meristem	proximal meristem
5381	Arabidopsis thaliana	arabidopsis_lateral_root_founder_atlas	CCAATTTAGACTACCT-4	root	proximal meristem	proximal meristem
5382	Arabidopsis thaliana	arabidopsis_lateral_root_founder_atlas	CCTCCAAGTACCTAGT-4	root	proximal meristem	proximal meristem
5383	Arabidopsis thaliana	arabidopsis_lateral_root_founder_atlas	GTGCTGGGTGCAATGG-4	root	proximal meristem	proximal meristem
5384	Arabidopsis thaliana	arabidopsis_lateral_root_founder_atlas	TGCTGAAAGCGATTCT-4	root	proximal meristem	proximal meristem
5385	Arabidopsis thaliana	arabidopsis_lateral_root_founder_atlas	ACCATTTGTACCTAAC-1	root	proximal meristem	proximal meristem
5386	Arabidopsis thaliana	arabidopsis_lateral_root_founder_atlas	ACTGCAAGTGACCTGC-1	root	proximal meristem	proximal meristem
5387	Arabidopsis thaliana	arabidopsis_lateral_root_founder_atlas	AGGAAATCACTAGTAC-1	root	proximal meristem	proximal meristem
5388	Arabidopsis thaliana	arabidopsis_lateral_root_founder_atlas	AGGGTTTAGACATAGT-1	root	proximal meristem	proximal meristem
5389	Arabidopsis thaliana	arabidopsis_lateral_root_founder_atlas	ATACTTCAGGGCAGGA-1	root	proximal meristem	proximal meristem
5390	Arabidopsis thaliana	arabidopsis_lateral_root_founder_atlas	CGCAGGTAGCTTCTAG-1	root	proximal meristem	proximal meristem
5391	Arabidopsis thaliana	arabidopsis_lateral_root_founder_atlas	CGTAAGTAGGAAGAAC-1	root	proximal meristem	proximal meristem
5392	Arabidopsis thaliana	arabidopsis_lateral_root_founder_atlas	CGTTAGACACAAATAG-1	root	proximal meristem	proximal meristem
5393	Arabidopsis thaliana	arabidopsis_lateral_root_founder_atlas	GAGTTTGAGCATCAAA-1	root	proximal meristem	proximal meristem
5394	Arabidopsis thaliana	arabidopsis_lateral_root_founder_atlas	GATCACACATATGGCT-1	root	proximal meristem	proximal meristem
5395	Arabidopsis thaliana	arabidopsis_lateral_root_founder_atlas	GCAACATCACCAGTAT-1	root	proximal meristem	proximal meristem
5396	Arabidopsis thaliana	arabidopsis_lateral_root_founder_atlas	GGGTTTAGTCAGTTTG-1	root	proximal meristem	proximal meristem
5397	Arabidopsis thaliana	arabidopsis_lateral_root_founder_atlas	GTTGTCCGTTTAGACC-1	root	proximal meristem	proximal meristem
5398	Arabidopsis thaliana	arabidopsis_lateral_root_founder_atlas	TCGTGGGTCGCGCCAA-1	root	proximal meristem	proximal meristem
5399	Arabidopsis thaliana	arabidopsis_lateral_root_founder_atlas	TTCAGGACATGGCGCT-1	root	proximal meristem	proximal meristem
5400	Arabidopsis thaliana	arabidopsis_lateral_root_founder_atlas	TTCCACGAGTTTCTTC-1	root	proximal meristem	proximal meristem
5401	Arabidopsis thaliana	arabidopsis_lateral_root_founder_atlas	AAACGCTGTCTTACTT-2	root	proximal meristem	proximal meristem
5402	Arabidopsis thaliana	arabidopsis_lateral_root_founder_atlas	AATGCCAGTAGCCAGA-2	root	proximal meristem	proximal meristem
5403	Arabidopsis thaliana	arabidopsis_lateral_root_founder_atlas	ACGGAAGTCATGACAC-2	root	proximal meristem	proximal meristem
5404	Arabidopsis thaliana	arabidopsis_lateral_root_founder_atlas	AGATCCAAGAAATGGG-2	root	proximal meristem	proximal meristem
5405	Arabidopsis thaliana	arabidopsis_lateral_root_founder_atlas	AGGACTTCAGCTGTAT-2	root	proximal meristem	proximal meristem
5406	Arabidopsis thaliana	arabidopsis_lateral_root_founder_atlas	AGGATCTAGGTGCCAA-2	root	proximal meristem	proximal meristem
5407	Arabidopsis thaliana	arabidopsis_lateral_root_founder_atlas	ATCATTCTCTCTGAGA-2	root	proximal meristem	proximal meristem
5408	Arabidopsis thaliana	arabidopsis_lateral_root_founder_atlas	ATCGATGCAGCTGAAG-2	root	proximal meristem	proximal meristem
5409	Arabidopsis thaliana	arabidopsis_lateral_root_founder_atlas	ATGGGAGTCGACGTCG-2	root	proximal meristem	proximal meristem
5410	Arabidopsis thaliana	arabidopsis_lateral_root_founder_atlas	CATAGACGTTGCGGCT-2	root	proximal meristem	proximal meristem
5411	Arabidopsis thaliana	arabidopsis_lateral_root_founder_atlas	CATGCAACATTCCTCG-2	root	proximal meristem	proximal meristem
5412	Arabidopsis thaliana	arabidopsis_lateral_root_founder_atlas	CCGAACGTCCGATGTA-2	root	proximal meristem	proximal meristem
5413	Arabidopsis thaliana	arabidopsis_lateral_root_founder_atlas	CGGAATTTCTCTCCGA-2	root	proximal meristem	proximal meristem
5414	Arabidopsis thaliana	arabidopsis_lateral_root_founder_atlas	CTCCATGGTGGACTAG-2	root	proximal meristem	proximal meristem
5415	Arabidopsis thaliana	arabidopsis_lateral_root_founder_atlas	GAGAGGTTCGTAGTCA-2	root	proximal meristem	proximal meristem
5416	Arabidopsis thaliana	arabidopsis_lateral_root_founder_atlas	GATCACAGTTCTTGCC-2	root	proximal meristem	proximal meristem
5417	Arabidopsis thaliana	arabidopsis_lateral_root_founder_atlas	GCCGATGCAGGTCCGT-2	root	proximal meristem	proximal meristem
5418	Arabidopsis thaliana	arabidopsis_lateral_root_founder_atlas	GGGCTACGTCAGACTT-2	root	proximal meristem	proximal meristem
5419	Arabidopsis thaliana	arabidopsis_lateral_root_founder_atlas	GGGTCTGGTGCAACGA-2	root	proximal meristem	proximal meristem
5420	Arabidopsis thaliana	arabidopsis_lateral_root_founder_atlas	GTGCGTGGTGGAACCA-2	root	proximal meristem	proximal meristem
5421	Arabidopsis thaliana	arabidopsis_lateral_root_founder_atlas	GTTACAGAGTAAACAC-2	root	proximal meristem	proximal meristem
5422	Arabidopsis thaliana	arabidopsis_lateral_root_founder_atlas	GTTACCCAGACTGGGT-2	root	proximal meristem	proximal meristem
5423	Arabidopsis thaliana	arabidopsis_lateral_root_founder_atlas	TAACCAGTCATTGCCC-2	root	proximal meristem	proximal meristem
5424	Arabidopsis thaliana	arabidopsis_lateral_root_founder_atlas	TAGTGCATCTTTCAGT-2	root	proximal meristem	proximal meristem
5425	Arabidopsis thaliana	arabidopsis_lateral_root_founder_atlas	TCAGCCTGTCAAAGTA-2	root	proximal meristem	proximal meristem
5426	Arabidopsis thaliana	arabidopsis_lateral_root_founder_atlas	TCCGAAACAACACAAA-2	root	proximal meristem	proximal meristem
5427	Arabidopsis thaliana	arabidopsis_lateral_root_founder_atlas	TCCGAAAGTTTCTTAC-2	root	proximal meristem	proximal meristem
5428	Arabidopsis thaliana	arabidopsis_lateral_root_founder_atlas	TCGCAGGAGCTCGGCT-2	root	proximal meristem	proximal meristem
5429	Arabidopsis thaliana	arabidopsis_lateral_root_founder_atlas	TCGCAGGGTGTATCCA-2	root	proximal meristem	proximal meristem
5430	Arabidopsis thaliana	arabidopsis_lateral_root_founder_atlas	TCTACCGAGGGATCGT-2	root	proximal meristem	proximal meristem
5431	Arabidopsis thaliana	arabidopsis_lateral_root_founder_atlas	TGACGCGGTAGGGTAC-2	root	proximal meristem	proximal meristem
5432	Arabidopsis thaliana	arabidopsis_lateral_root_founder_atlas	TGGGCTGGTGATACCT-2	root	proximal meristem	proximal meristem
5433	Arabidopsis thaliana	arabidopsis_lateral_root_founder_atlas	TGTTGAGAGGTGATCG-2	root	proximal meristem	proximal meristem
5434	Arabidopsis thaliana	arabidopsis_lateral_root_founder_atlas	TTCCGTGGTGTTCCAA-2	root	proximal meristem	proximal meristem
5435	Arabidopsis thaliana	arabidopsis_lateral_root_founder_atlas	TTCCTAAGTCGAACGA-2	root	proximal meristem	proximal meristem
5436	Arabidopsis thaliana	arabidopsis_lateral_root_founder_atlas	AACAACCCATACTGAC-3	root	proximal meristem	proximal meristem
5437	Arabidopsis thaliana	arabidopsis_lateral_root_founder_atlas	CATCGGGGTCATAGTC-3	root	proximal meristem	proximal meristem
5438	Arabidopsis thaliana	arabidopsis_lateral_root_founder_atlas	CTCAACCTCGATCCAA-3	root	proximal meristem	proximal meristem
5439	Arabidopsis thaliana	arabidopsis_lateral_root_founder_atlas	GGGAGTAAGATGAAGG-3	root	proximal meristem	proximal meristem
5440	Arabidopsis thaliana	arabidopsis_lateral_root_founder_atlas	GGGTTATTCGCTAAAC-3	root	proximal meristem	proximal meristem
5441	Arabidopsis thaliana	arabidopsis_lateral_root_founder_atlas	GTCATCCTCTTCGCTG-3	root	proximal meristem	proximal meristem
5442	Arabidopsis thaliana	arabidopsis_lateral_root_founder_atlas	GTCGAATAGACGCAGT-3	root	proximal meristem	proximal meristem
5443	Arabidopsis thaliana	arabidopsis_lateral_root_founder_atlas	GTTGTGATCTTACGGA-3	root	proximal meristem	proximal meristem
5444	Arabidopsis thaliana	arabidopsis_lateral_root_founder_atlas	TATTGGGAGCCTAACT-3	root	proximal meristem	proximal meristem
5445	Arabidopsis thaliana	arabidopsis_lateral_root_founder_atlas	TCGATTTAGGAAGTAG-3	root	proximal meristem	proximal meristem
5446	Arabidopsis thaliana	arabidopsis_lateral_root_founder_atlas	TCGCTCATCAGTGTGT-3	root	proximal meristem	proximal meristem
5447	Arabidopsis thaliana	arabidopsis_lateral_root_founder_atlas	TTTACCAGTCTCAAGT-3	root	proximal meristem	proximal meristem
5448	Arabidopsis thaliana	arabidopsis_lateral_root_founder_atlas	ACGGGTCGTAAGTCAA-4	root	proximal meristem	proximal meristem
5449	Arabidopsis thaliana	arabidopsis_lateral_root_founder_atlas	CGCAGGTAGGGTAGCT-4	root	proximal meristem	proximal meristem
5450	Arabidopsis thaliana	arabidopsis_lateral_root_founder_atlas	AGTTAGCAGCCAAGCA-1	root	proximal meristem	proximal meristem
5451	Arabidopsis thaliana	arabidopsis_lateral_root_founder_atlas	AGTTCCCGTCTTGAGT-1	root	proximal meristem	proximal meristem
5452	Arabidopsis thaliana	arabidopsis_lateral_root_founder_atlas	GTATTTCTCAGACCTA-1	root	proximal meristem	proximal meristem
5453	Arabidopsis thaliana	arabidopsis_lateral_root_founder_atlas	TCAGTCCGTTTAGAGA-1	root	proximal meristem	proximal meristem
5454	Arabidopsis thaliana	arabidopsis_lateral_root_founder_atlas	AACGGGAGTTTGTGGT-2	root	proximal meristem	proximal meristem
5455	Arabidopsis thaliana	arabidopsis_lateral_root_founder_atlas	ACAGAAATCGCAGTTA-2	root	proximal meristem	proximal meristem
5456	Arabidopsis thaliana	arabidopsis_lateral_root_founder_atlas	ACAGGGAAGGTAAAGG-2	root	proximal meristem	proximal meristem
5457	Arabidopsis thaliana	arabidopsis_lateral_root_founder_atlas	ACTGATGTCATACGAC-2	root	proximal meristem	proximal meristem
5458	Arabidopsis thaliana	arabidopsis_lateral_root_founder_atlas	AGAAATGGTTGCGTAT-2	root	proximal meristem	proximal meristem
5459	Arabidopsis thaliana	arabidopsis_lateral_root_founder_atlas	ATCGGATTCGGAGATG-2	root	proximal meristem	proximal meristem
5460	Arabidopsis thaliana	arabidopsis_lateral_root_founder_atlas	ATGAGTCTCATACGGT-2	root	proximal meristem	proximal meristem
5461	Arabidopsis thaliana	arabidopsis_lateral_root_founder_atlas	ATGCCTCGTACCGGAA-2	root	proximal meristem	proximal meristem
5462	Arabidopsis thaliana	arabidopsis_lateral_root_founder_atlas	ATTCCCGGTAACACCT-2	root	proximal meristem	proximal meristem
5463	Arabidopsis thaliana	arabidopsis_lateral_root_founder_atlas	CACACAAGTCACTCGG-2	root	proximal meristem	proximal meristem
5464	Arabidopsis thaliana	arabidopsis_lateral_root_founder_atlas	CGGGTCAGTTGCCATA-2	root	proximal meristem	proximal meristem
5465	Arabidopsis thaliana	arabidopsis_lateral_root_founder_atlas	CTAACTTAGACCGCCT-2	root	proximal meristem	proximal meristem
5466	Arabidopsis thaliana	arabidopsis_lateral_root_founder_atlas	CTAAGTGGTATCGCTA-2	root	proximal meristem	proximal meristem
5467	Arabidopsis thaliana	arabidopsis_lateral_root_founder_atlas	CTACATTCAGGAATCG-2	root	proximal meristem	proximal meristem
5468	Arabidopsis thaliana	arabidopsis_lateral_root_founder_atlas	CTATAGGGTACTGCGC-2	root	proximal meristem	proximal meristem
5469	Arabidopsis thaliana	arabidopsis_lateral_root_founder_atlas	GATCCCTGTCTTACAG-2	root	proximal meristem	proximal meristem
5470	Arabidopsis thaliana	arabidopsis_lateral_root_founder_atlas	GCTACAATCGGTCAGC-2	root	proximal meristem	proximal meristem
5471	Arabidopsis thaliana	arabidopsis_lateral_root_founder_atlas	GGAATGGTCCACGTAA-2	root	proximal meristem	proximal meristem
5472	Arabidopsis thaliana	arabidopsis_lateral_root_founder_atlas	TATGTTCTCTGGCCTT-2	root	proximal meristem	proximal meristem
5473	Arabidopsis thaliana	arabidopsis_lateral_root_founder_atlas	TCACAAGCAATACGAA-2	root	proximal meristem	proximal meristem
5474	Arabidopsis thaliana	arabidopsis_lateral_root_founder_atlas	TCACGGGGTGTCCGGT-2	root	proximal meristem	proximal meristem
5475	Arabidopsis thaliana	arabidopsis_lateral_root_founder_atlas	TTCACGCCACATGACT-2	root	proximal meristem	proximal meristem
5476	Arabidopsis thaliana	arabidopsis_lateral_root_founder_atlas	TTGACCCTCGCTTACC-2	root	proximal meristem	proximal meristem
5477	Arabidopsis thaliana	arabidopsis_lateral_root_founder_atlas	AACACACAGTGATAAC-3	root	proximal meristem	proximal meristem
5478	Arabidopsis thaliana	arabidopsis_lateral_root_founder_atlas	ACCCTCATCGAACCTA-3	root	proximal meristem	proximal meristem
5479	Arabidopsis thaliana	arabidopsis_lateral_root_founder_atlas	ACGTAGTCACCGTCGA-3	root	proximal meristem	proximal meristem
5480	Arabidopsis thaliana	arabidopsis_lateral_root_founder_atlas	ACTTAGGAGGTGGCTA-3	root	proximal meristem	proximal meristem
5481	Arabidopsis thaliana	arabidopsis_lateral_root_founder_atlas	AGTGTTGTCCTCATAT-3	root	proximal meristem	proximal meristem
5482	Arabidopsis thaliana	arabidopsis_lateral_root_founder_atlas	CCTCTCCGTAGGGAGG-3	root	proximal meristem	proximal meristem
5483	Arabidopsis thaliana	arabidopsis_lateral_root_founder_atlas	CTAGGTACAGAGTCAG-3	root	proximal meristem	proximal meristem
5484	Arabidopsis thaliana	arabidopsis_lateral_root_founder_atlas	GAGACCCGTATGAGAT-3	root	proximal meristem	proximal meristem
5485	Arabidopsis thaliana	arabidopsis_lateral_root_founder_atlas	TCCTCCCTCCAAGCCG-3	root	proximal meristem	proximal meristem
5486	Arabidopsis thaliana	arabidopsis_lateral_root_founder_atlas	TCGCACTAGAGTCAGC-3	root	proximal meristem	proximal meristem
5487	Arabidopsis thaliana	arabidopsis_lateral_root_founder_atlas	TACCCGTAGGTCGACA-4	root	proximal meristem	proximal meristem
5488	Arabidopsis thaliana	arabidopsis_lateral_root_founder_atlas	TCGCAGGTCATGCCGG-4	root	proximal meristem	proximal meristem
5489	Arabidopsis thaliana	arabidopsis_lateral_root_founder_atlas	CTAGACACAGTGGTGA-1	root	proximal meristem	proximal meristem
5490	Arabidopsis thaliana	arabidopsis_lateral_root_founder_atlas	CTTCAATGTAAGGTCG-1	root	proximal meristem	proximal meristem
5491	Arabidopsis thaliana	arabidopsis_lateral_root_founder_atlas	TACACCCGTGATTAGA-1	root	proximal meristem	proximal meristem
5492	Arabidopsis thaliana	arabidopsis_lateral_root_founder_atlas	TGAATCGGTATGCGGA-1	root	proximal meristem	proximal meristem
5493	Arabidopsis thaliana	arabidopsis_lateral_root_founder_atlas	TGAGGAGTCAGGCGAA-1	root	proximal meristem	proximal meristem
5494	Arabidopsis thaliana	arabidopsis_lateral_root_founder_atlas	ATGAGTCCAGCACGAA-2	root	proximal meristem	proximal meristem
5495	Arabidopsis thaliana	arabidopsis_lateral_root_founder_atlas	CCGAACGCACACCGCA-2	root	proximal meristem	proximal meristem
5496	Arabidopsis thaliana	arabidopsis_lateral_root_founder_atlas	CCTTGTGAGCCTATCA-2	root	proximal meristem	proximal meristem
5497	Arabidopsis thaliana	arabidopsis_lateral_root_founder_atlas	CTACCTGTCGCCTTTG-2	root	proximal meristem	proximal meristem
5498	Arabidopsis thaliana	arabidopsis_lateral_root_founder_atlas	CTCACTGCAAGCGGAT-2	root	proximal meristem	proximal meristem
5499	Arabidopsis thaliana	arabidopsis_lateral_root_founder_atlas	GGGTCACCATGACCCG-2	root	proximal meristem	proximal meristem
5500	Arabidopsis thaliana	arabidopsis_lateral_root_founder_atlas	TGCTCGTAGGTCGAGT-2	root	proximal meristem	proximal meristem
5501	Arabidopsis thaliana	arabidopsis_lateral_root_founder_atlas	GGGTCACCATAGGTTC-3	root	proximal meristem	proximal meristem
5502	Arabidopsis thaliana	arabidopsis_lateral_root_founder_atlas	GTCTGTCTCTTGCAAG-3	root	proximal meristem	proximal meristem
5503	Arabidopsis thaliana	arabidopsis_lateral_root_founder_atlas	AAGTTCGTCTTTGGAG-1	root	stem cell niche	stem cell niche
5504	Arabidopsis thaliana	arabidopsis_lateral_root_founder_atlas	AGTTCGACATTGGATC-1	root	stem cell niche	stem cell niche
5505	Arabidopsis thaliana	arabidopsis_lateral_root_founder_atlas	GAAGGACTCTAACGCA-1	root	stem cell niche	stem cell niche
5506	Arabidopsis thaliana	arabidopsis_lateral_root_founder_atlas	TGAGGTTCAAGCCCAC-1	root	stem cell niche	stem cell niche
5507	Arabidopsis thaliana	arabidopsis_lateral_root_founder_atlas	AACTTCTGTCGTTCAA-2	root	stem cell niche	stem cell niche
5508	Arabidopsis thaliana	arabidopsis_lateral_root_founder_atlas	AGGCCACCAGACCCGT-2	root	stem cell niche	stem cell niche
5509	Arabidopsis thaliana	arabidopsis_lateral_root_founder_atlas	ATGACCAGTGGCTAGA-2	root	stem cell niche	stem cell niche
5510	Arabidopsis thaliana	arabidopsis_lateral_root_founder_atlas	ATTATCCCATCAGCTA-2	root	stem cell niche	stem cell niche
5511	Arabidopsis thaliana	arabidopsis_lateral_root_founder_atlas	CAAAGAACAGGATCTT-2	root	stem cell niche	stem cell niche
5512	Arabidopsis thaliana	arabidopsis_lateral_root_founder_atlas	CCCATTGTCCGCGAGT-2	root	stem cell niche	stem cell niche
5513	Arabidopsis thaliana	arabidopsis_lateral_root_founder_atlas	CTTCTAAAGTGAGGTC-2	root	stem cell niche	stem cell niche
5514	Arabidopsis thaliana	arabidopsis_lateral_root_founder_atlas	TCATATCCATCGCCTT-2	root	stem cell niche	stem cell niche
5515	Arabidopsis thaliana	arabidopsis_lateral_root_founder_atlas	TCGGTCTTCTATTGTC-2	root	stem cell niche	stem cell niche
5516	Arabidopsis thaliana	arabidopsis_lateral_root_founder_atlas	TTGTGGAAGATGCCGA-2	root	stem cell niche	stem cell niche
5517	Arabidopsis thaliana	arabidopsis_lateral_root_founder_atlas	TTGTTCACAGTCCGTG-2	root	stem cell niche	stem cell niche
5518	Arabidopsis thaliana	arabidopsis_lateral_root_founder_atlas	CAATTTCAGAGTGAAG-3	root	stem cell niche	stem cell niche
5519	Arabidopsis thaliana	arabidopsis_lateral_root_founder_atlas	CACGGGTGTACTCGAT-3	root	stem cell niche	stem cell niche
5520	Arabidopsis thaliana	arabidopsis_lateral_root_founder_atlas	GTAGGTTGTCTCCTGT-1	root	proximal meristem	proximal meristem
5521	Arabidopsis thaliana	arabidopsis_lateral_root_founder_atlas	TCATTGTAGCAATAGT-1	root	proximal meristem	proximal meristem
5522	Arabidopsis thaliana	arabidopsis_lateral_root_founder_atlas	ACACAGTTCACCATGA-2	root	proximal meristem	proximal meristem
5523	Arabidopsis thaliana	arabidopsis_lateral_root_founder_atlas	ACTTATCCAGGAGGAG-2	root	proximal meristem	proximal meristem
5524	Arabidopsis thaliana	arabidopsis_lateral_root_founder_atlas	AGAACAACACATCATG-2	root	proximal meristem	proximal meristem
5525	Arabidopsis thaliana	arabidopsis_lateral_root_founder_atlas	AGAAGTATCGAGAACG-2	root	proximal meristem	proximal meristem
5526	Arabidopsis thaliana	arabidopsis_lateral_root_founder_atlas	AGCATCAAGAGGTTTA-2	root	proximal meristem	proximal meristem
5527	Arabidopsis thaliana	arabidopsis_lateral_root_founder_atlas	AGGCTGCTCACTTGTT-2	root	proximal meristem	proximal meristem
5528	Arabidopsis thaliana	arabidopsis_lateral_root_founder_atlas	CAAGAGGTCCACAGCG-2	root	proximal meristem	proximal meristem
5529	Arabidopsis thaliana	arabidopsis_lateral_root_founder_atlas	CAGCAATTCGGAATGG-2	root	proximal meristem	proximal meristem
5530	Arabidopsis thaliana	arabidopsis_lateral_root_founder_atlas	CATCAAGAGTTTGAGA-2	root	proximal meristem	proximal meristem
5531	Arabidopsis thaliana	arabidopsis_lateral_root_founder_atlas	CATGGTAGTTCCGGTG-2	root	proximal meristem	proximal meristem
5532	Arabidopsis thaliana	arabidopsis_lateral_root_founder_atlas	CGTAATGTCTCTTAAC-2	root	proximal meristem	proximal meristem
5533	Arabidopsis thaliana	arabidopsis_lateral_root_founder_atlas	CTAGACAGTTATAGCC-2	root	proximal meristem	proximal meristem
5534	Arabidopsis thaliana	arabidopsis_lateral_root_founder_atlas	CTGTGGGTCCTTATGT-2	root	proximal meristem	proximal meristem
5535	Arabidopsis thaliana	arabidopsis_lateral_root_founder_atlas	GTGATGTGTTTCGCTC-2	root	proximal meristem	proximal meristem
5536	Arabidopsis thaliana	arabidopsis_lateral_root_founder_atlas	GTGGAGACAATCGTCA-2	root	proximal meristem	proximal meristem
5537	Arabidopsis thaliana	arabidopsis_lateral_root_founder_atlas	TAAGCCACACCAAATC-2	root	proximal meristem	proximal meristem
5538	Arabidopsis thaliana	arabidopsis_lateral_root_founder_atlas	TCAGTTTTCCACGGAC-2	root	proximal meristem	proximal meristem
5539	Arabidopsis thaliana	arabidopsis_lateral_root_founder_atlas	TCATTACAGCGTTGTT-2	root	proximal meristem	proximal meristem
5540	Arabidopsis thaliana	arabidopsis_lateral_root_founder_atlas	TCCTTTCAGTTTCGGT-2	root	proximal meristem	proximal meristem
5541	Arabidopsis thaliana	arabidopsis_lateral_root_founder_atlas	AAACGCTGTCTACAAC-3	root	proximal meristem	proximal meristem
5542	Arabidopsis thaliana	arabidopsis_lateral_root_founder_atlas	ACGATGTGTGATAGTA-3	root	proximal meristem	proximal meristem
5543	Arabidopsis thaliana	arabidopsis_lateral_root_founder_atlas	AGCGCTGTCTCTTGCG-3	root	proximal meristem	proximal meristem
5544	Arabidopsis thaliana	arabidopsis_lateral_root_founder_atlas	ATGAAAGGTACGATGG-3	root	proximal meristem	proximal meristem
5545	Arabidopsis thaliana	arabidopsis_lateral_root_founder_atlas	CCCGAAGTCCGCGGAT-3	root	proximal meristem	proximal meristem
5546	Arabidopsis thaliana	arabidopsis_lateral_root_founder_atlas	CGATGCGTCACCACAA-3	root	proximal meristem	proximal meristem
5547	Arabidopsis thaliana	arabidopsis_lateral_root_founder_atlas	GAACTGTCACCGTCTT-3	root	proximal meristem	proximal meristem
5548	Arabidopsis thaliana	arabidopsis_lateral_root_founder_atlas	GACCCAGTCAATGCAC-3	root	proximal meristem	proximal meristem
5549	Arabidopsis thaliana	arabidopsis_lateral_root_founder_atlas	GACGCTGAGTATAGAC-3	root	proximal meristem	proximal meristem
5550	Arabidopsis thaliana	arabidopsis_lateral_root_founder_atlas	GAGTGAGCACCCTGTT-3	root	proximal meristem	proximal meristem
5551	Arabidopsis thaliana	arabidopsis_lateral_root_founder_atlas	GATCACATCAGTGCGC-3	root	proximal meristem	proximal meristem
5552	Arabidopsis thaliana	arabidopsis_lateral_root_founder_atlas	GTCCTCATCATTGCCC-3	root	proximal meristem	proximal meristem
5553	Arabidopsis thaliana	arabidopsis_lateral_root_founder_atlas	GTTTACTAGCAGAAAG-3	root	proximal meristem	proximal meristem
5554	Arabidopsis thaliana	arabidopsis_lateral_root_founder_atlas	TCACTCGAGTTGGACG-3	root	proximal meristem	proximal meristem
5555	Arabidopsis thaliana	arabidopsis_lateral_root_founder_atlas	TCAGTCCCATTCACAG-3	root	proximal meristem	proximal meristem
5556	Arabidopsis thaliana	arabidopsis_lateral_root_founder_atlas	TTGCATTTCATTGAGC-3	root	proximal meristem	proximal meristem
5557	Arabidopsis thaliana	arabidopsis_lateral_root_founder_atlas	TTGTGTTTCGTTCTGC-3	root	proximal meristem	proximal meristem
5558	Arabidopsis thaliana	arabidopsis_lateral_root_founder_atlas	CACTAAGCATGTTCGA-4	root	proximal meristem	proximal meristem
5559	Arabidopsis thaliana	arabidopsis_lateral_root_founder_atlas	TCCTCCCGTAGCGTAG-4	root	proximal meristem	proximal meristem
5560	Arabidopsis thaliana	arabidopsis_lateral_root_founder_atlas	TGCATCCGTTGGCCTG-4	root	proximal meristem	proximal meristem
5561	Arabidopsis thaliana	arabidopsis_lateral_root_founder_atlas	CTGTATTCACACCGCA-1	root	endodermis	endodermis
5562	Arabidopsis thaliana	arabidopsis_lateral_root_founder_atlas	TAGGGTTGTGTTGATC-1	root	endodermis	endodermis
5563	Arabidopsis thaliana	arabidopsis_lateral_root_founder_atlas	CAAGAGGGTATCCCTC-2	root	endodermis	endodermis
5564	Arabidopsis thaliana	arabidopsis_lateral_root_founder_atlas	TTGGGCGGTGGGCTTC-2	root	endodermis	endodermis
5565	Arabidopsis thaliana	arabidopsis_lateral_root_founder_atlas	ACTTTCAGTAGCGTTT-3	root	endodermis	endodermis
5566	Arabidopsis thaliana	arabidopsis_lateral_root_founder_atlas	CGGGTGTAGTTAGTAG-3	root	endodermis	endodermis
5567	Arabidopsis thaliana	arabidopsis_lateral_root_founder_atlas	GAGACCCTCGGAGTAG-3	root	endodermis	endodermis
5568	Arabidopsis thaliana	arabidopsis_lateral_root_founder_atlas	GAGTTGTGTAGCACAG-3	root	endodermis	endodermis
5569	Arabidopsis thaliana	arabidopsis_lateral_root_founder_atlas	GTGAGCCGTGAATTGA-3	root	endodermis	endodermis
5570	Arabidopsis thaliana	arabidopsis_lateral_root_founder_atlas	TGGAGAGCATGTTCGA-3	root	endodermis	endodermis
5571	Arabidopsis thaliana	arabidopsis_lateral_root_founder_atlas	AGTACTGAGTAAGCAT-4	root	endodermis	endodermis
5572	Arabidopsis thaliana	arabidopsis_lateral_root_founder_atlas	ATCGTGAAGTAAACAC-4	root	endodermis	endodermis
5573	Arabidopsis thaliana	arabidopsis_lateral_root_founder_atlas	ATCTTCACAGTGTATC-4	root	endodermis	endodermis
5574	Arabidopsis thaliana	arabidopsis_lateral_root_founder_atlas	CATCCACCACGATAGG-4	root	endodermis	endodermis
5575	Arabidopsis thaliana	arabidopsis_lateral_root_founder_atlas	CCACACTTCGCAACAT-4	root	endodermis	endodermis
5576	Arabidopsis thaliana	arabidopsis_lateral_root_founder_atlas	CCTATCGAGTTGAAGT-4	root	endodermis	endodermis
5577	Arabidopsis thaliana	arabidopsis_lateral_root_founder_atlas	CGAGAAGTCCATATGG-4	root	endodermis	endodermis
5578	Arabidopsis thaliana	arabidopsis_lateral_root_founder_atlas	CGTCAAACAACAACAA-4	root	endodermis	endodermis
5579	Arabidopsis thaliana	arabidopsis_lateral_root_founder_atlas	GATCACACAGAGGCAT-4	root	endodermis	endodermis
5580	Arabidopsis thaliana	arabidopsis_lateral_root_founder_atlas	GCTTTCGGTCCCTGAG-4	root	endodermis	endodermis
5581	Arabidopsis thaliana	arabidopsis_lateral_root_founder_atlas	TAACCAGTCGCGCTGA-4	root	endodermis	endodermis
5582	Arabidopsis thaliana	arabidopsis_lateral_root_founder_atlas	TCCGAAAGTTGGGATG-4	root	endodermis	endodermis
5583	Arabidopsis thaliana	arabidopsis_lateral_root_founder_atlas	TCCGATCCAGTTCCAA-4	root	endodermis	endodermis
5584	Arabidopsis thaliana	arabidopsis_lateral_root_founder_atlas	TCGCAGGGTCTGCAAT-4	root	endodermis	endodermis
5585	Arabidopsis thaliana	arabidopsis_lateral_root_founder_atlas	TGATGCATCAGCGTCG-4	root	endodermis	endodermis
5586	Arabidopsis thaliana	arabidopsis_lateral_root_founder_atlas	TGCTCCAGTGGGTCAA-4	root	endodermis	endodermis
5587	Arabidopsis thaliana	arabidopsis_lateral_root_founder_atlas	CTACGGGGTAGTGCGA-3	root	stem cell niche	stem cell niche
5588	Arabidopsis thaliana	arabidopsis_lateral_root_founder_atlas	GATCACAAGCTAAGTA-3	root	stem cell niche	stem cell niche
5589	Arabidopsis thaliana	arabidopsis_lateral_root_founder_atlas	CAGATCAAGACATGCG-4	root	stem cell niche	stem cell niche
5590	Arabidopsis thaliana	arabidopsis_lateral_root_founder_atlas	GGCAGTCTCCGCAAAT-4	root	stem cell niche	stem cell niche
5591	Arabidopsis thaliana	arabidopsis_lateral_root_founder_atlas	ACTCTCGTCTACTGCC-3	root	stem cell niche	stem cell niche
5592	Arabidopsis thaliana	arabidopsis_lateral_root_founder_atlas	ACTTTGTGTCACTCTC-3	root	stem cell niche	stem cell niche
5593	Arabidopsis thaliana	arabidopsis_lateral_root_founder_atlas	AGCATCACACGAGAAC-3	root	stem cell niche	stem cell niche
5594	Arabidopsis thaliana	arabidopsis_lateral_root_founder_atlas	AGGGTGATCCCATTCG-3	root	stem cell niche	stem cell niche
5595	Arabidopsis thaliana	arabidopsis_lateral_root_founder_atlas	CCAAGCGAGGAATTAC-3	root	stem cell niche	stem cell niche
5596	Arabidopsis thaliana	arabidopsis_lateral_root_founder_atlas	CCTCATGCAACCACGC-3	root	stem cell niche	stem cell niche
5597	Arabidopsis thaliana	arabidopsis_lateral_root_founder_atlas	GTCGAATCAGACCATT-3	root	stem cell niche	stem cell niche
5598	Arabidopsis thaliana	arabidopsis_lateral_root_founder_atlas	GTGTGATAGAGCAGCT-3	root	stem cell niche	stem cell niche
5599	Arabidopsis thaliana	arabidopsis_lateral_root_founder_atlas	TATTGCTGTACTAACC-3	root	stem cell niche	stem cell niche
5600	Arabidopsis thaliana	arabidopsis_lateral_root_founder_atlas	TTCTTCCTCTGCCCTA-3	root	stem cell niche	stem cell niche
5601	Arabidopsis thaliana	arabidopsis_lateral_root_founder_atlas	AAACGAAGTATTCCGA-4	root	stem cell niche	stem cell niche
5602	Arabidopsis thaliana	arabidopsis_lateral_root_founder_atlas	AAAGAACCATGTACGT-4	root	stem cell niche	stem cell niche
5603	Arabidopsis thaliana	arabidopsis_lateral_root_founder_atlas	ACTTCCGCAACACGAG-4	root	stem cell niche	stem cell niche
5604	Arabidopsis thaliana	arabidopsis_lateral_root_founder_atlas	AGGCATTGTGGCATCC-4	root	stem cell niche	stem cell niche
5605	Arabidopsis thaliana	arabidopsis_lateral_root_founder_atlas	AGGCTGCTCGGTCGGT-4	root	stem cell niche	stem cell niche
5606	Arabidopsis thaliana	arabidopsis_lateral_root_founder_atlas	ATCATTCCAGTGAGCA-4	root	stem cell niche	stem cell niche
5607	Arabidopsis thaliana	arabidopsis_lateral_root_founder_atlas	CAATTTCGTCGATTTG-4	root	stem cell niche	stem cell niche
5608	Arabidopsis thaliana	arabidopsis_lateral_root_founder_atlas	CCTCCTCTCTTTCGAT-4	root	stem cell niche	stem cell niche
5609	Arabidopsis thaliana	arabidopsis_lateral_root_founder_atlas	CTACAGAGTCACAGTT-4	root	stem cell niche	stem cell niche
5610	Arabidopsis thaliana	arabidopsis_lateral_root_founder_atlas	CTATCTACACAAGCTT-4	root	stem cell niche	stem cell niche
5611	Arabidopsis thaliana	arabidopsis_lateral_root_founder_atlas	CTGTAGATCGTGGAAG-4	root	stem cell niche	stem cell niche
5612	Arabidopsis thaliana	arabidopsis_lateral_root_founder_atlas	GCAACATCACAATGCT-4	root	stem cell niche	stem cell niche
5613	Arabidopsis thaliana	arabidopsis_lateral_root_founder_atlas	GCTGGGTGTAAGGCCA-4	root	stem cell niche	stem cell niche
5614	Arabidopsis thaliana	arabidopsis_lateral_root_founder_atlas	TACTTACTCTGATTCT-4	root	stem cell niche	stem cell niche
5615	Arabidopsis thaliana	arabidopsis_lateral_root_founder_atlas	TCAAGCACAGGAGGTT-4	root	stem cell niche	stem cell niche
5616	Arabidopsis thaliana	arabidopsis_lateral_root_founder_atlas	TCAGGTAGTTCAGGTT-4	root	stem cell niche	stem cell niche
5617	Arabidopsis thaliana	arabidopsis_lateral_root_founder_atlas	TCTCAGCTCTTACACT-4	root	stem cell niche	stem cell niche
5618	Arabidopsis thaliana	arabidopsis_lateral_root_founder_atlas	TGGATGTTCGACATTG-4	root	stem cell niche	stem cell niche
5619	Arabidopsis thaliana	arabidopsis_lateral_root_founder_atlas	TGTCCCACAAAGACGC-4	root	stem cell niche	stem cell niche
5620	Arabidopsis thaliana	arabidopsis_lateral_root_founder_atlas	TCAAGTGAGTGAACAT-2	root	stem cell niche	stem cell niche
5621	Arabidopsis thaliana	arabidopsis_lateral_root_founder_atlas	ATTGTTCAGTCTCCTC-3	root	stem cell niche	stem cell niche
5622	Arabidopsis thaliana	arabidopsis_lateral_root_founder_atlas	CTCACTGCAATAGGAT-3	root	stem cell niche	stem cell niche
5623	Arabidopsis thaliana	arabidopsis_lateral_root_founder_atlas	GCCGTGACAAACCGGA-3	root	stem cell niche	stem cell niche
5624	Arabidopsis thaliana	arabidopsis_lateral_root_founder_atlas	TACCCGTGTCGTTTCC-3	root	stem cell niche	stem cell niche
5625	Arabidopsis thaliana	arabidopsis_lateral_root_founder_atlas	TGCATGAGTTACCTTT-3	root	stem cell niche	stem cell niche
5626	Arabidopsis thaliana	arabidopsis_lateral_root_founder_atlas	TGTCCACGTGTATTGC-3	root	stem cell niche	stem cell niche
5627	Arabidopsis thaliana	arabidopsis_lateral_root_founder_atlas	GTTTACTTCTACCTTA-3	root	stem cell niche	stem cell niche
5628	Arabidopsis thaliana	arabidopsis_lateral_root_founder_atlas	AAAGGATGTCCTTGTC-4	root	stem cell niche	stem cell niche
5629	Arabidopsis thaliana	arabidopsis_lateral_root_founder_atlas	CCTACGTCATGACTCA-4	root	stem cell niche	stem cell niche
5630	Arabidopsis thaliana	arabidopsis_lateral_root_founder_atlas	GGAATGGGTTACGCCG-4	root	stem cell niche	stem cell niche
5631	Arabidopsis thaliana	arabidopsis_lateral_root_founder_atlas	GTAACCAGTCTGCCTT-4	root	stem cell niche	stem cell niche
5632	Arabidopsis thaliana	arabidopsis_callus_regeneration_scrna	GSM7453799_7DAC	callus	unannotated	unannotated
5633	Arabidopsis thaliana	arabidopsis_callus_regeneration_scrna	GSM7453799_7DAC	callus	unannotated	unannotated
5634	Arabidopsis thaliana	arabidopsis_callus_regeneration_scrna	GSM7453799_7DAC	callus	unannotated	unannotated
5635	Arabidopsis thaliana	arabidopsis_callus_regeneration_scrna	GSM7453799_7DAC	callus	unannotated	unannotated
5636	Arabidopsis thaliana	arabidopsis_callus_regeneration_scrna	GSM7453799_7DAC	callus	unannotated	unannotated
5637	Arabidopsis thaliana	arabidopsis_callus_regeneration_scrna	GSM7453799_7DAC	callus	unannotated	unannotated
5638	Arabidopsis thaliana	arabidopsis_callus_regeneration_scrna	GSM7453799_7DAC	callus	unannotated	unannotated
5639	Arabidopsis thaliana	arabidopsis_callus_regeneration_scrna	GSM7453799_7DAC	callus	unannotated	unannotated
5640	Arabidopsis thaliana	arabidopsis_callus_regeneration_scrna	GSM7453799_7DAC	callus	unannotated	unannotated
5641	Arabidopsis thaliana	arabidopsis_callus_regeneration_scrna	GSM7453799_7DAC	callus	unannotated	unannotated
5642	Arabidopsis thaliana	arabidopsis_callus_regeneration_scrna	GSM7453799_7DAC	callus	unannotated	unannotated
5643	Arabidopsis thaliana	arabidopsis_callus_regeneration_scrna	GSM7453799_7DAC	callus	unannotated	unannotated
5644	Arabidopsis thaliana	arabidopsis_callus_regeneration_scrna	GSM7453799_7DAC	callus	unannotated	unannotated
5645	Arabidopsis thaliana	arabidopsis_callus_regeneration_scrna	GSM7453799_7DAC	callus	unannotated	unannotated
5646	Arabidopsis thaliana	arabidopsis_callus_regeneration_scrna	GSM7453799_7DAC	callus	unannotated	unannotated
5647	Arabidopsis thaliana	arabidopsis_callus_regeneration_scrna	GSM7453799_7DAC	callus	unannotated	unannotated
5648	Arabidopsis thaliana	arabidopsis_callus_regeneration_scrna	GSM7453799_7DAC	callus	unannotated	unannotated
5649	Arabidopsis thaliana	arabidopsis_callus_regeneration_scrna	GSM7453799_7DAC	callus	unannotated	unannotated
5650	Arabidopsis thaliana	arabidopsis_callus_regeneration_scrna	GSM7453799_7DAC	callus	unannotated	unannotated
5651	Arabidopsis thaliana	arabidopsis_callus_regeneration_scrna	GSM7453799_7DAC	callus	unannotated	unannotated
5652	Arabidopsis thaliana	arabidopsis_callus_regeneration_scrna	GSM7453799_7DAC	callus	unannotated	unannotated
5653	Arabidopsis thaliana	arabidopsis_callus_regeneration_scrna	GSM7453799_7DAC	callus	unannotated	unannotated
5654	Arabidopsis thaliana	arabidopsis_callus_regeneration_scrna	GSM7453799_7DAC	callus	unannotated	unannotated
5655	Arabidopsis thaliana	arabidopsis_callus_regeneration_scrna	GSM7453799_7DAC	callus	unannotated	unannotated
5656	Arabidopsis thaliana	arabidopsis_callus_regeneration_scrna	GSM7453799_7DAC	callus	unannotated	unannotated
5657	Arabidopsis thaliana	arabidopsis_callus_regeneration_scrna	GSM7453799_7DAC	callus	unannotated	unannotated
5658	Arabidopsis thaliana	arabidopsis_callus_regeneration_scrna	GSM7453799_7DAC	callus	unannotated	unannotated
5659	Arabidopsis thaliana	arabidopsis_callus_regeneration_scrna	GSM7453799_7DAC	callus	unannotated	unannotated
5660	Arabidopsis thaliana	arabidopsis_callus_regeneration_scrna	GSM7453799_7DAC	callus	unannotated	unannotated
5661	Arabidopsis thaliana	arabidopsis_callus_regeneration_scrna	GSM7453799_7DAC	callus	unannotated	unannotated
5662	Arabidopsis thaliana	arabidopsis_callus_regeneration_scrna	GSM7453799_7DAC	callus	unannotated	unannotated
5663	Arabidopsis thaliana	arabidopsis_callus_regeneration_scrna	GSM7453799_7DAC	callus	unannotated	unannotated
5664	Arabidopsis thaliana	arabidopsis_callus_regeneration_scrna	GSM7453799_7DAC	callus	unannotated	unannotated
5665	Arabidopsis thaliana	arabidopsis_callus_regeneration_scrna	GSM7453799_7DAC	callus	unannotated	unannotated
5666	Arabidopsis thaliana	arabidopsis_callus_regeneration_scrna	GSM7453799_7DAC	callus	unannotated	unannotated
5667	Arabidopsis thaliana	arabidopsis_callus_regeneration_scrna	GSM7453799_7DAC	callus	unannotated	unannotated
5668	Arabidopsis thaliana	arabidopsis_callus_regeneration_scrna	GSM7453799_7DAC	callus	unannotated	unannotated
5669	Arabidopsis thaliana	arabidopsis_callus_regeneration_scrna	GSM7453799_7DAC	callus	unannotated	unannotated
5670	Arabidopsis thaliana	arabidopsis_callus_regeneration_scrna	GSM7453799_7DAC	callus	unannotated	unannotated
5671	Arabidopsis thaliana	arabidopsis_callus_regeneration_scrna	GSM7453799_7DAC	callus	unannotated	unannotated
5672	Arabidopsis thaliana	arabidopsis_callus_regeneration_scrna	GSM7453799_7DAC	callus	unannotated	unannotated
5673	Arabidopsis thaliana	arabidopsis_callus_regeneration_scrna	GSM7453799_7DAC	callus	unannotated	unannotated
5674	Arabidopsis thaliana	arabidopsis_callus_regeneration_scrna	GSM7453799_7DAC	callus	unannotated	unannotated
5675	Arabidopsis thaliana	arabidopsis_callus_regeneration_scrna	GSM7453799_7DAC	callus	unannotated	unannotated
5676	Arabidopsis thaliana	arabidopsis_callus_regeneration_scrna	GSM7453799_7DAC	callus	unannotated	unannotated
5677	Arabidopsis thaliana	arabidopsis_callus_regeneration_scrna	GSM7453799_7DAC	callus	unannotated	unannotated
5678	Arabidopsis thaliana	arabidopsis_callus_regeneration_scrna	GSM7453799_7DAC	callus	unannotated	unannotated
5679	Arabidopsis thaliana	arabidopsis_callus_regeneration_scrna	GSM7453799_7DAC	callus	unannotated	unannotated
5680	Arabidopsis thaliana	arabidopsis_callus_regeneration_scrna	GSM7453799_7DAC	callus	unannotated	unannotated
5681	Arabidopsis thaliana	arabidopsis_callus_regeneration_scrna	GSM7453799_7DAC	callus	unannotated	unannotated
5682	Arabidopsis thaliana	arabidopsis_callus_regeneration_scrna	GSM7453799_7DAC	callus	unannotated	unannotated
5683	Arabidopsis thaliana	arabidopsis_callus_regeneration_scrna	GSM7453799_7DAC	callus	unannotated	unannotated
5684	Arabidopsis thaliana	arabidopsis_callus_regeneration_scrna	GSM7453799_7DAC	callus	unannotated	unannotated
5685	Arabidopsis thaliana	arabidopsis_callus_regeneration_scrna	GSM7453799_7DAC	callus	unannotated	unannotated
5686	Arabidopsis thaliana	arabidopsis_callus_regeneration_scrna	GSM7453799_7DAC	callus	unannotated	unannotated
5687	Arabidopsis thaliana	arabidopsis_callus_regeneration_scrna	GSM7453799_7DAC	callus	unannotated	unannotated
5688	Arabidopsis thaliana	arabidopsis_callus_regeneration_scrna	GSM7453799_7DAC	callus	unannotated	unannotated
5689	Arabidopsis thaliana	arabidopsis_callus_regeneration_scrna	GSM7453799_7DAC	callus	unannotated	unannotated
5690	Arabidopsis thaliana	arabidopsis_callus_regeneration_scrna	GSM7453799_7DAC	callus	unannotated	unannotated
5691	Arabidopsis thaliana	arabidopsis_callus_regeneration_scrna	GSM7453799_7DAC	callus	unannotated	unannotated
5692	Arabidopsis thaliana	arabidopsis_callus_regeneration_scrna	GSM7453799_7DAC	callus	unannotated	unannotated
5693	Arabidopsis thaliana	arabidopsis_callus_regeneration_scrna	GSM7453799_7DAC	callus	unannotated	unannotated
5694	Arabidopsis thaliana	arabidopsis_callus_regeneration_scrna	GSM7453799_7DAC	callus	unannotated	unannotated
5695	Arabidopsis thaliana	arabidopsis_callus_regeneration_scrna	GSM7453799_7DAC	callus	unannotated	unannotated
5696	Arabidopsis thaliana	arabidopsis_callus_regeneration_scrna	GSM7453799_7DAC	callus	unannotated	unannotated
5697	Arabidopsis thaliana	arabidopsis_callus_regeneration_scrna	GSM7453799_7DAC	callus	unannotated	unannotated
5698	Arabidopsis thaliana	arabidopsis_callus_regeneration_scrna	GSM7453799_7DAC	callus	unannotated	unannotated
5699	Arabidopsis thaliana	arabidopsis_callus_regeneration_scrna	GSM7453799_7DAC	callus	unannotated	unannotated
5700	Arabidopsis thaliana	arabidopsis_callus_regeneration_scrna	GSM7453799_7DAC	callus	unannotated	unannotated
5701	Arabidopsis thaliana	arabidopsis_callus_regeneration_scrna	GSM7453799_7DAC	callus	unannotated	unannotated
5702	Arabidopsis thaliana	arabidopsis_callus_regeneration_scrna	GSM7453799_7DAC	callus	unannotated	unannotated
5703	Arabidopsis thaliana	arabidopsis_callus_regeneration_scrna	GSM7453799_7DAC	callus	unannotated	unannotated
5704	Arabidopsis thaliana	arabidopsis_callus_regeneration_scrna	GSM7453799_7DAC	callus	unannotated	unannotated
5705	Arabidopsis thaliana	arabidopsis_callus_regeneration_scrna	GSM7453799_7DAC	callus	unannotated	unannotated
5706	Arabidopsis thaliana	arabidopsis_callus_regeneration_scrna	GSM7453799_7DAC	callus	unannotated	unannotated
5707	Arabidopsis thaliana	arabidopsis_callus_regeneration_scrna	GSM7453799_7DAC	callus	unannotated	unannotated
5708	Arabidopsis thaliana	arabidopsis_callus_regeneration_scrna	GSM7453799_7DAC	callus	unannotated	unannotated
5709	Arabidopsis thaliana	arabidopsis_callus_regeneration_scrna	GSM7453799_7DAC	callus	unannotated	unannotated
5710	Arabidopsis thaliana	arabidopsis_callus_regeneration_scrna	GSM7453799_7DAC	callus	unannotated	unannotated
5711	Arabidopsis thaliana	arabidopsis_callus_regeneration_scrna	GSM7453799_7DAC	callus	unannotated	unannotated
5712	Arabidopsis thaliana	arabidopsis_callus_regeneration_scrna	GSM7453799_7DAC	callus	unannotated	unannotated
5713	Arabidopsis thaliana	arabidopsis_callus_regeneration_scrna	GSM7453799_7DAC	callus	unannotated	unannotated
5714	Arabidopsis thaliana	arabidopsis_callus_regeneration_scrna	GSM7453799_7DAC	callus	unannotated	unannotated
5715	Arabidopsis thaliana	arabidopsis_callus_regeneration_scrna	GSM7453799_7DAC	callus	unannotated	unannotated
5716	Arabidopsis thaliana	arabidopsis_callus_regeneration_scrna	GSM7453799_7DAC	callus	unannotated	unannotated
5717	Arabidopsis thaliana	arabidopsis_callus_regeneration_scrna	GSM7453799_7DAC	callus	unannotated	unannotated
5718	Arabidopsis thaliana	arabidopsis_callus_regeneration_scrna	GSM7453799_7DAC	callus	unannotated	unannotated
5719	Arabidopsis thaliana	arabidopsis_callus_regeneration_scrna	GSM7453799_7DAC	callus	unannotated	unannotated
5720	Arabidopsis thaliana	arabidopsis_callus_regeneration_scrna	GSM7453799_7DAC	callus	unannotated	unannotated
5721	Arabidopsis thaliana	arabidopsis_callus_regeneration_scrna	GSM7453799_7DAC	callus	unannotated	unannotated
5722	Arabidopsis thaliana	arabidopsis_callus_regeneration_scrna	GSM7453799_7DAC	callus	unannotated	unannotated
5723	Arabidopsis thaliana	arabidopsis_callus_regeneration_scrna	GSM7453799_7DAC	callus	unannotated	unannotated
5724	Arabidopsis thaliana	arabidopsis_callus_regeneration_scrna	GSM7453799_7DAC	callus	unannotated	unannotated
5725	Arabidopsis thaliana	arabidopsis_callus_regeneration_scrna	GSM7453799_7DAC	callus	unannotated	unannotated
5726	Arabidopsis thaliana	arabidopsis_callus_regeneration_scrna	GSM7453799_7DAC	callus	unannotated	unannotated
5727	Arabidopsis thaliana	arabidopsis_callus_regeneration_scrna	GSM7453799_7DAC	callus	unannotated	unannotated
5728	Arabidopsis thaliana	arabidopsis_callus_regeneration_scrna	GSM7453799_7DAC	callus	unannotated	unannotated
5729	Arabidopsis thaliana	arabidopsis_callus_regeneration_scrna	GSM7453799_7DAC	callus	unannotated	unannotated
5730	Arabidopsis thaliana	arabidopsis_callus_regeneration_scrna	GSM7453799_7DAC	callus	unannotated	unannotated
5731	Arabidopsis thaliana	arabidopsis_callus_regeneration_scrna	GSM7453799_7DAC	callus	unannotated	unannotated
5732	Arabidopsis thaliana	arabidopsis_callus_regeneration_scrna	GSM7453799_7DAC	callus	unannotated	unannotated
5733	Arabidopsis thaliana	arabidopsis_callus_regeneration_scrna	GSM7453799_7DAC	callus	unannotated	unannotated
5734	Arabidopsis thaliana	arabidopsis_callus_regeneration_scrna	GSM7453799_7DAC	callus	unannotated	unannotated
5735	Arabidopsis thaliana	arabidopsis_callus_regeneration_scrna	GSM7453799_7DAC	callus	unannotated	unannotated
5736	Arabidopsis thaliana	arabidopsis_callus_regeneration_scrna	GSM7453799_7DAC	callus	unannotated	unannotated
5737	Arabidopsis thaliana	arabidopsis_callus_regeneration_scrna	GSM7453799_7DAC	callus	unannotated	unannotated
5738	Arabidopsis thaliana	arabidopsis_callus_regeneration_scrna	GSM7453799_7DAC	callus	unannotated	unannotated
5739	Arabidopsis thaliana	arabidopsis_callus_regeneration_scrna	GSM7453799_7DAC	callus	unannotated	unannotated
5740	Arabidopsis thaliana	arabidopsis_callus_regeneration_scrna	GSM7453799_7DAC	callus	unannotated	unannotated
5741	Arabidopsis thaliana	arabidopsis_callus_regeneration_scrna	GSM7453799_7DAC	callus	unannotated	unannotated
5742	Arabidopsis thaliana	arabidopsis_callus_regeneration_scrna	GSM7453799_7DAC	callus	unannotated	unannotated
5743	Arabidopsis thaliana	arabidopsis_callus_regeneration_scrna	GSM7453799_7DAC	callus	unannotated	unannotated
5744	Arabidopsis thaliana	arabidopsis_callus_regeneration_scrna	GSM7453799_7DAC	callus	unannotated	unannotated
5745	Arabidopsis thaliana	arabidopsis_callus_regeneration_scrna	GSM7453799_7DAC	callus	unannotated	unannotated
5746	Arabidopsis thaliana	arabidopsis_callus_regeneration_scrna	GSM7453799_7DAC	callus	unannotated	unannotated
5747	Arabidopsis thaliana	arabidopsis_callus_regeneration_scrna	GSM7453799_7DAC	callus	unannotated	unannotated
5748	Arabidopsis thaliana	arabidopsis_callus_regeneration_scrna	GSM7453799_7DAC	callus	unannotated	unannotated
5749	Arabidopsis thaliana	arabidopsis_callus_regeneration_scrna	GSM7453799_7DAC	callus	unannotated	unannotated
5750	Arabidopsis thaliana	arabidopsis_callus_regeneration_scrna	GSM7453799_7DAC	callus	unannotated	unannotated
5751	Arabidopsis thaliana	arabidopsis_callus_regeneration_scrna	GSM7453799_7DAC	callus	unannotated	unannotated
5752	Arabidopsis thaliana	arabidopsis_callus_regeneration_scrna	GSM7453799_7DAC	callus	unannotated	unannotated
5753	Arabidopsis thaliana	arabidopsis_callus_regeneration_scrna	GSM7453799_7DAC	callus	unannotated	unannotated
5754	Arabidopsis thaliana	arabidopsis_callus_regeneration_scrna	GSM7453799_7DAC	callus	unannotated	unannotated
5755	Arabidopsis thaliana	arabidopsis_callus_regeneration_scrna	GSM7453799_7DAC	callus	unannotated	unannotated
5756	Arabidopsis thaliana	arabidopsis_callus_regeneration_scrna	GSM7453799_7DAC	callus	unannotated	unannotated
5757	Arabidopsis thaliana	arabidopsis_callus_regeneration_scrna	GSM7453799_7DAC	callus	unannotated	unannotated
5758	Arabidopsis thaliana	arabidopsis_callus_regeneration_scrna	GSM7453799_7DAC	callus	unannotated	unannotated
5759	Arabidopsis thaliana	arabidopsis_callus_regeneration_scrna	GSM7453799_7DAC	callus	unannotated	unannotated
5760	Arabidopsis thaliana	arabidopsis_callus_regeneration_scrna	GSM7453799_7DAC	callus	unannotated	unannotated
5761	Arabidopsis thaliana	arabidopsis_callus_regeneration_scrna	GSM7453799_7DAC	callus	unannotated	unannotated
5762	Arabidopsis thaliana	arabidopsis_callus_regeneration_scrna	GSM7453799_7DAC	callus	unannotated	unannotated
5763	Arabidopsis thaliana	arabidopsis_callus_regeneration_scrna	GSM7453799_7DAC	callus	unannotated	unannotated
5764	Arabidopsis thaliana	arabidopsis_callus_regeneration_scrna	GSM7453799_7DAC	callus	unannotated	unannotated
5765	Arabidopsis thaliana	arabidopsis_callus_regeneration_scrna	GSM7453799_7DAC	callus	unannotated	unannotated
5766	Arabidopsis thaliana	arabidopsis_callus_regeneration_scrna	GSM7453799_7DAC	callus	unannotated	unannotated
5767	Arabidopsis thaliana	arabidopsis_callus_regeneration_scrna	GSM7453799_7DAC	callus	unannotated	unannotated
5768	Arabidopsis thaliana	arabidopsis_callus_regeneration_scrna	GSM7453799_7DAC	callus	unannotated	unannotated
5769	Arabidopsis thaliana	arabidopsis_callus_regeneration_scrna	GSM7453799_7DAC	callus	unannotated	unannotated
5770	Arabidopsis thaliana	arabidopsis_callus_regeneration_scrna	GSM7453799_7DAC	callus	unannotated	unannotated
5771	Arabidopsis thaliana	arabidopsis_callus_regeneration_scrna	GSM7453799_7DAC	callus	unannotated	unannotated
5772	Arabidopsis thaliana	arabidopsis_callus_regeneration_scrna	GSM7453799_7DAC	callus	unannotated	unannotated
5773	Arabidopsis thaliana	arabidopsis_callus_regeneration_scrna	GSM7453799_7DAC	callus	unannotated	unannotated
5774	Arabidopsis thaliana	arabidopsis_callus_regeneration_scrna	GSM7453799_7DAC	callus	unannotated	unannotated
5775	Arabidopsis thaliana	arabidopsis_callus_regeneration_scrna	GSM7453799_7DAC	callus	unannotated	unannotated
5776	Arabidopsis thaliana	arabidopsis_callus_regeneration_scrna	GSM7453799_7DAC	callus	unannotated	unannotated
5777	Arabidopsis thaliana	arabidopsis_callus_regeneration_scrna	GSM7453799_7DAC	callus	unannotated	unannotated
5778	Arabidopsis thaliana	arabidopsis_callus_regeneration_scrna	GSM7453799_7DAC	callus	unannotated	unannotated
5779	Arabidopsis thaliana	arabidopsis_callus_regeneration_scrna	GSM7453799_7DAC	callus	unannotated	unannotated
5780	Arabidopsis thaliana	arabidopsis_callus_regeneration_scrna	GSM7453799_7DAC	callus	unannotated	unannotated
5781	Arabidopsis thaliana	arabidopsis_callus_regeneration_scrna	GSM7453799_7DAC	callus	unannotated	unannotated
5782	Arabidopsis thaliana	arabidopsis_callus_regeneration_scrna	GSM7453799_7DAC	callus	unannotated	unannotated
5783	Arabidopsis thaliana	arabidopsis_callus_regeneration_scrna	GSM7453799_7DAC	callus	unannotated	unannotated
5784	Arabidopsis thaliana	arabidopsis_callus_regeneration_scrna	GSM7453799_7DAC	callus	unannotated	unannotated
5785	Arabidopsis thaliana	arabidopsis_callus_regeneration_scrna	GSM7453799_7DAC	callus	unannotated	unannotated
5786	Arabidopsis thaliana	arabidopsis_callus_regeneration_scrna	GSM7453799_7DAC	callus	unannotated	unannotated
5787	Arabidopsis thaliana	arabidopsis_callus_regeneration_scrna	GSM7453799_7DAC	callus	unannotated	unannotated
5788	Arabidopsis thaliana	arabidopsis_callus_regeneration_scrna	GSM7453799_7DAC	callus	unannotated	unannotated
5789	Arabidopsis thaliana	arabidopsis_callus_regeneration_scrna	GSM7453799_7DAC	callus	unannotated	unannotated
5790	Arabidopsis thaliana	arabidopsis_callus_regeneration_scrna	GSM7453799_7DAC	callus	unannotated	unannotated
5791	Arabidopsis thaliana	arabidopsis_callus_regeneration_scrna	GSM7453799_7DAC	callus	unannotated	unannotated
5792	Arabidopsis thaliana	arabidopsis_callus_regeneration_scrna	GSM7453800_12DAC	callus	unannotated	unannotated
5793	Arabidopsis thaliana	arabidopsis_callus_regeneration_scrna	GSM7453800_12DAC	callus	unannotated	unannotated
5794	Arabidopsis thaliana	arabidopsis_callus_regeneration_scrna	GSM7453800_12DAC	callus	unannotated	unannotated
5795	Arabidopsis thaliana	arabidopsis_callus_regeneration_scrna	GSM7453800_12DAC	callus	unannotated	unannotated
5796	Arabidopsis thaliana	arabidopsis_callus_regeneration_scrna	GSM7453800_12DAC	callus	unannotated	unannotated
5797	Arabidopsis thaliana	arabidopsis_callus_regeneration_scrna	GSM7453800_12DAC	callus	unannotated	unannotated
5798	Arabidopsis thaliana	arabidopsis_callus_regeneration_scrna	GSM7453800_12DAC	callus	unannotated	unannotated
5799	Arabidopsis thaliana	arabidopsis_callus_regeneration_scrna	GSM7453800_12DAC	callus	unannotated	unannotated
5800	Arabidopsis thaliana	arabidopsis_callus_regeneration_scrna	GSM7453800_12DAC	callus	unannotated	unannotated
5801	Arabidopsis thaliana	arabidopsis_callus_regeneration_scrna	GSM7453800_12DAC	callus	unannotated	unannotated
5802	Arabidopsis thaliana	arabidopsis_callus_regeneration_scrna	GSM7453800_12DAC	callus	unannotated	unannotated
5803	Arabidopsis thaliana	arabidopsis_callus_regeneration_scrna	GSM7453800_12DAC	callus	unannotated	unannotated
5804	Arabidopsis thaliana	arabidopsis_callus_regeneration_scrna	GSM7453800_12DAC	callus	unannotated	unannotated
5805	Arabidopsis thaliana	arabidopsis_callus_regeneration_scrna	GSM7453800_12DAC	callus	unannotated	unannotated
5806	Arabidopsis thaliana	arabidopsis_callus_regeneration_scrna	GSM7453800_12DAC	callus	unannotated	unannotated
5807	Arabidopsis thaliana	arabidopsis_callus_regeneration_scrna	GSM7453800_12DAC	callus	unannotated	unannotated
5808	Arabidopsis thaliana	arabidopsis_callus_regeneration_scrna	GSM7453800_12DAC	callus	unannotated	unannotated
5809	Arabidopsis thaliana	arabidopsis_callus_regeneration_scrna	GSM7453800_12DAC	callus	unannotated	unannotated
5810	Arabidopsis thaliana	arabidopsis_callus_regeneration_scrna	GSM7453800_12DAC	callus	unannotated	unannotated
5811	Arabidopsis thaliana	arabidopsis_callus_regeneration_scrna	GSM7453800_12DAC	callus	unannotated	unannotated
5812	Arabidopsis thaliana	arabidopsis_callus_regeneration_scrna	GSM7453800_12DAC	callus	unannotated	unannotated
5813	Arabidopsis thaliana	arabidopsis_callus_regeneration_scrna	GSM7453800_12DAC	callus	unannotated	unannotated
5814	Arabidopsis thaliana	arabidopsis_callus_regeneration_scrna	GSM7453800_12DAC	callus	unannotated	unannotated
5815	Arabidopsis thaliana	arabidopsis_callus_regeneration_scrna	GSM7453800_12DAC	callus	unannotated	unannotated
5816	Arabidopsis thaliana	arabidopsis_callus_regeneration_scrna	GSM7453800_12DAC	callus	unannotated	unannotated
5817	Arabidopsis thaliana	arabidopsis_callus_regeneration_scrna	GSM7453800_12DAC	callus	unannotated	unannotated
5818	Arabidopsis thaliana	arabidopsis_callus_regeneration_scrna	GSM7453800_12DAC	callus	unannotated	unannotated
5819	Arabidopsis thaliana	arabidopsis_callus_regeneration_scrna	GSM7453800_12DAC	callus	unannotated	unannotated
5820	Arabidopsis thaliana	arabidopsis_callus_regeneration_scrna	GSM7453800_12DAC	callus	unannotated	unannotated
5821	Arabidopsis thaliana	arabidopsis_callus_regeneration_scrna	GSM7453800_12DAC	callus	unannotated	unannotated
5822	Arabidopsis thaliana	arabidopsis_callus_regeneration_scrna	GSM7453800_12DAC	callus	unannotated	unannotated
5823	Arabidopsis thaliana	arabidopsis_callus_regeneration_scrna	GSM7453800_12DAC	callus	unannotated	unannotated
5824	Arabidopsis thaliana	arabidopsis_callus_regeneration_scrna	GSM7453800_12DAC	callus	unannotated	unannotated
5825	Arabidopsis thaliana	arabidopsis_callus_regeneration_scrna	GSM7453800_12DAC	callus	unannotated	unannotated
5826	Arabidopsis thaliana	arabidopsis_callus_regeneration_scrna	GSM7453800_12DAC	callus	unannotated	unannotated
5827	Arabidopsis thaliana	arabidopsis_callus_regeneration_scrna	GSM7453800_12DAC	callus	unannotated	unannotated
5828	Arabidopsis thaliana	arabidopsis_callus_regeneration_scrna	GSM7453800_12DAC	callus	unannotated	unannotated
5829	Arabidopsis thaliana	arabidopsis_callus_regeneration_scrna	GSM7453800_12DAC	callus	unannotated	unannotated
5830	Arabidopsis thaliana	arabidopsis_callus_regeneration_scrna	GSM7453800_12DAC	callus	unannotated	unannotated
5831	Arabidopsis thaliana	arabidopsis_callus_regeneration_scrna	GSM7453800_12DAC	callus	unannotated	unannotated
5832	Arabidopsis thaliana	arabidopsis_callus_regeneration_scrna	GSM7453800_12DAC	callus	unannotated	unannotated
5833	Arabidopsis thaliana	arabidopsis_callus_regeneration_scrna	GSM7453800_12DAC	callus	unannotated	unannotated
5834	Arabidopsis thaliana	arabidopsis_callus_regeneration_scrna	GSM7453800_12DAC	callus	unannotated	unannotated
5835	Arabidopsis thaliana	arabidopsis_callus_regeneration_scrna	GSM7453800_12DAC	callus	unannotated	unannotated
5836	Arabidopsis thaliana	arabidopsis_callus_regeneration_scrna	GSM7453800_12DAC	callus	unannotated	unannotated
5837	Arabidopsis thaliana	arabidopsis_callus_regeneration_scrna	GSM7453800_12DAC	callus	unannotated	unannotated
5838	Arabidopsis thaliana	arabidopsis_callus_regeneration_scrna	GSM7453800_12DAC	callus	unannotated	unannotated
5839	Arabidopsis thaliana	arabidopsis_callus_regeneration_scrna	GSM7453800_12DAC	callus	unannotated	unannotated
5840	Arabidopsis thaliana	arabidopsis_callus_regeneration_scrna	GSM7453800_12DAC	callus	unannotated	unannotated
5841	Arabidopsis thaliana	arabidopsis_callus_regeneration_scrna	GSM7453800_12DAC	callus	unannotated	unannotated
5842	Arabidopsis thaliana	arabidopsis_callus_regeneration_scrna	GSM7453800_12DAC	callus	unannotated	unannotated
5843	Arabidopsis thaliana	arabidopsis_callus_regeneration_scrna	GSM7453800_12DAC	callus	unannotated	unannotated
5844	Arabidopsis thaliana	arabidopsis_callus_regeneration_scrna	GSM7453800_12DAC	callus	unannotated	unannotated
5845	Arabidopsis thaliana	arabidopsis_callus_regeneration_scrna	GSM7453800_12DAC	callus	unannotated	unannotated
5846	Arabidopsis thaliana	arabidopsis_callus_regeneration_scrna	GSM7453800_12DAC	callus	unannotated	unannotated
5847	Arabidopsis thaliana	arabidopsis_callus_regeneration_scrna	GSM7453800_12DAC	callus	unannotated	unannotated
5848	Arabidopsis thaliana	arabidopsis_callus_regeneration_scrna	GSM7453800_12DAC	callus	unannotated	unannotated
5849	Arabidopsis thaliana	arabidopsis_callus_regeneration_scrna	GSM7453800_12DAC	callus	unannotated	unannotated
5850	Arabidopsis thaliana	arabidopsis_callus_regeneration_scrna	GSM7453800_12DAC	callus	unannotated	unannotated
5851	Arabidopsis thaliana	arabidopsis_callus_regeneration_scrna	GSM7453800_12DAC	callus	unannotated	unannotated
5852	Arabidopsis thaliana	arabidopsis_callus_regeneration_scrna	GSM7453800_12DAC	callus	unannotated	unannotated
5853	Arabidopsis thaliana	arabidopsis_callus_regeneration_scrna	GSM7453800_12DAC	callus	unannotated	unannotated
5854	Arabidopsis thaliana	arabidopsis_callus_regeneration_scrna	GSM7453800_12DAC	callus	unannotated	unannotated
5855	Arabidopsis thaliana	arabidopsis_callus_regeneration_scrna	GSM7453800_12DAC	callus	unannotated	unannotated
5856	Arabidopsis thaliana	arabidopsis_callus_regeneration_scrna	GSM7453800_12DAC	callus	unannotated	unannotated
5857	Arabidopsis thaliana	arabidopsis_callus_regeneration_scrna	GSM7453800_12DAC	callus	unannotated	unannotated
5858	Arabidopsis thaliana	arabidopsis_callus_regeneration_scrna	GSM7453800_12DAC	callus	unannotated	unannotated
5859	Arabidopsis thaliana	arabidopsis_callus_regeneration_scrna	GSM7453800_12DAC	callus	unannotated	unannotated
5860	Arabidopsis thaliana	arabidopsis_callus_regeneration_scrna	GSM7453800_12DAC	callus	unannotated	unannotated
5861	Arabidopsis thaliana	arabidopsis_callus_regeneration_scrna	GSM7453800_12DAC	callus	unannotated	unannotated
5862	Arabidopsis thaliana	arabidopsis_callus_regeneration_scrna	GSM7453800_12DAC	callus	unannotated	unannotated
5863	Arabidopsis thaliana	arabidopsis_callus_regeneration_scrna	GSM7453800_12DAC	callus	unannotated	unannotated
5864	Arabidopsis thaliana	arabidopsis_callus_regeneration_scrna	GSM7453800_12DAC	callus	unannotated	unannotated
5865	Arabidopsis thaliana	arabidopsis_callus_regeneration_scrna	GSM7453800_12DAC	callus	unannotated	unannotated
5866	Arabidopsis thaliana	arabidopsis_callus_regeneration_scrna	GSM7453800_12DAC	callus	unannotated	unannotated
5867	Arabidopsis thaliana	arabidopsis_callus_regeneration_scrna	GSM7453800_12DAC	callus	unannotated	unannotated
5868	Arabidopsis thaliana	arabidopsis_callus_regeneration_scrna	GSM7453800_12DAC	callus	unannotated	unannotated
5869	Arabidopsis thaliana	arabidopsis_callus_regeneration_scrna	GSM7453800_12DAC	callus	unannotated	unannotated
5870	Arabidopsis thaliana	arabidopsis_callus_regeneration_scrna	GSM7453800_12DAC	callus	unannotated	unannotated
5871	Arabidopsis thaliana	arabidopsis_callus_regeneration_scrna	GSM7453800_12DAC	callus	unannotated	unannotated
5872	Arabidopsis thaliana	arabidopsis_callus_regeneration_scrna	GSM7453800_12DAC	callus	unannotated	unannotated
5873	Arabidopsis thaliana	arabidopsis_callus_regeneration_scrna	GSM7453800_12DAC	callus	unannotated	unannotated
5874	Arabidopsis thaliana	arabidopsis_callus_regeneration_scrna	GSM7453800_12DAC	callus	unannotated	unannotated
5875	Arabidopsis thaliana	arabidopsis_callus_regeneration_scrna	GSM7453800_12DAC	callus	unannotated	unannotated
5876	Arabidopsis thaliana	arabidopsis_callus_regeneration_scrna	GSM7453800_12DAC	callus	unannotated	unannotated
5877	Arabidopsis thaliana	arabidopsis_callus_regeneration_scrna	GSM7453800_12DAC	callus	unannotated	unannotated
5878	Arabidopsis thaliana	arabidopsis_callus_regeneration_scrna	GSM7453800_12DAC	callus	unannotated	unannotated
5879	Arabidopsis thaliana	arabidopsis_callus_regeneration_scrna	GSM7453800_12DAC	callus	unannotated	unannotated
5880	Arabidopsis thaliana	arabidopsis_callus_regeneration_scrna	GSM7453800_12DAC	callus	unannotated	unannotated
5881	Arabidopsis thaliana	arabidopsis_callus_regeneration_scrna	GSM7453800_12DAC	callus	unannotated	unannotated
5882	Arabidopsis thaliana	arabidopsis_callus_regeneration_scrna	GSM7453800_12DAC	callus	unannotated	unannotated
5883	Arabidopsis thaliana	arabidopsis_callus_regeneration_scrna	GSM7453800_12DAC	callus	unannotated	unannotated
5884	Arabidopsis thaliana	arabidopsis_callus_regeneration_scrna	GSM7453800_12DAC	callus	unannotated	unannotated
5885	Arabidopsis thaliana	arabidopsis_callus_regeneration_scrna	GSM7453800_12DAC	callus	unannotated	unannotated
5886	Arabidopsis thaliana	arabidopsis_callus_regeneration_scrna	GSM7453800_12DAC	callus	unannotated	unannotated
5887	Arabidopsis thaliana	arabidopsis_callus_regeneration_scrna	GSM7453800_12DAC	callus	unannotated	unannotated
5888	Glycine max	geo_gse226149_glycine_max_gene_expression_profile_at_single	GSM7065807_Root_sample1	root	unannotated	unannotated
5889	Glycine max	geo_gse226149_glycine_max_gene_expression_profile_at_single	GSM7065807_Root_sample1	root	unannotated	unannotated
5890	Glycine max	geo_gse226149_glycine_max_gene_expression_profile_at_single	GSM7065807_Root_sample1	root	unannotated	unannotated
5891	Glycine max	geo_gse226149_glycine_max_gene_expression_profile_at_single	GSM7065807_Root_sample1	root	unannotated	unannotated
5892	Glycine max	geo_gse226149_glycine_max_gene_expression_profile_at_single	GSM7065807_Root_sample1	root	unannotated	unannotated
5893	Glycine max	geo_gse226149_glycine_max_gene_expression_profile_at_single	GSM7065807_Root_sample1	root	unannotated	unannotated
5894	Glycine max	geo_gse226149_glycine_max_gene_expression_profile_at_single	GSM7065807_Root_sample1	root	unannotated	unannotated
5895	Glycine max	geo_gse226149_glycine_max_gene_expression_profile_at_single	GSM7065807_Root_sample1	root	unannotated	unannotated
5896	Glycine max	geo_gse226149_glycine_max_gene_expression_profile_at_single	GSM7065807_Root_sample1	root	unannotated	unannotated
5897	Glycine max	geo_gse226149_glycine_max_gene_expression_profile_at_single	GSM7065807_Root_sample1	root	unannotated	unannotated
5898	Glycine max	geo_gse226149_glycine_max_gene_expression_profile_at_single	GSM7065807_Root_sample1	root	unannotated	unannotated
5899	Glycine max	geo_gse226149_glycine_max_gene_expression_profile_at_single	GSM7065807_Root_sample1	root	unannotated	unannotated
5900	Glycine max	geo_gse226149_glycine_max_gene_expression_profile_at_single	GSM7065807_Root_sample1	root	unannotated	unannotated
5901	Glycine max	geo_gse226149_glycine_max_gene_expression_profile_at_single	GSM7065807_Root_sample1	root	unannotated	unannotated
5902	Glycine max	geo_gse226149_glycine_max_gene_expression_profile_at_single	GSM7065807_Root_sample1	root	unannotated	unannotated
5903	Glycine max	geo_gse226149_glycine_max_gene_expression_profile_at_single	GSM7065807_Root_sample1	root	unannotated	unannotated
5904	Glycine max	geo_gse226149_glycine_max_gene_expression_profile_at_single	GSM7065807_Root_sample1	root	unannotated	unannotated
5905	Glycine max	geo_gse226149_glycine_max_gene_expression_profile_at_single	GSM7065807_Root_sample1	root	unannotated	unannotated
5906	Glycine max	geo_gse226149_glycine_max_gene_expression_profile_at_single	GSM7065807_Root_sample1	root	unannotated	unannotated
5907	Glycine max	geo_gse226149_glycine_max_gene_expression_profile_at_single	GSM7065807_Root_sample1	root	unannotated	unannotated
5908	Glycine max	geo_gse226149_glycine_max_gene_expression_profile_at_single	GSM7065807_Root_sample1	root	unannotated	unannotated
5909	Glycine max	geo_gse226149_glycine_max_gene_expression_profile_at_single	GSM7065807_Root_sample1	root	unannotated	unannotated
5910	Glycine max	geo_gse226149_glycine_max_gene_expression_profile_at_single	GSM7065807_Root_sample1	root	unannotated	unannotated
5911	Glycine max	geo_gse226149_glycine_max_gene_expression_profile_at_single	GSM7065808_Root_sample2	root	unannotated	unannotated
5912	Glycine max	geo_gse226149_glycine_max_gene_expression_profile_at_single	GSM7065808_Root_sample2	root	unannotated	unannotated
5913	Glycine max	geo_gse226149_glycine_max_gene_expression_profile_at_single	GSM7065808_Root_sample2	root	unannotated	unannotated
5914	Glycine max	geo_gse226149_glycine_max_gene_expression_profile_at_single	GSM7065808_Root_sample2	root	unannotated	unannotated
5915	Glycine max	geo_gse226149_glycine_max_gene_expression_profile_at_single	GSM7065808_Root_sample2	root	unannotated	unannotated
5916	Glycine max	geo_gse226149_glycine_max_gene_expression_profile_at_single	GSM7065808_Root_sample2	root	unannotated	unannotated
5917	Glycine max	geo_gse226149_glycine_max_gene_expression_profile_at_single	GSM7065808_Root_sample2	root	unannotated	unannotated
5918	Glycine max	geo_gse226149_glycine_max_gene_expression_profile_at_single	GSM7065808_Root_sample2	root	unannotated	unannotated
5919	Glycine max	geo_gse226149_glycine_max_gene_expression_profile_at_single	GSM7065808_Root_sample2	root	unannotated	unannotated
5920	Glycine max	geo_gse226149_glycine_max_gene_expression_profile_at_single	GSM7065808_Root_sample2	root	unannotated	unannotated
5921	Glycine max	geo_gse226149_glycine_max_gene_expression_profile_at_single	GSM7065808_Root_sample2	root	unannotated	unannotated
5922	Glycine max	geo_gse226149_glycine_max_gene_expression_profile_at_single	GSM7065808_Root_sample2	root	unannotated	unannotated
5923	Glycine max	geo_gse226149_glycine_max_gene_expression_profile_at_single	GSM7065808_Root_sample2	root	unannotated	unannotated
5924	Glycine max	geo_gse226149_glycine_max_gene_expression_profile_at_single	GSM7065808_Root_sample2	root	unannotated	unannotated
5925	Glycine max	geo_gse226149_glycine_max_gene_expression_profile_at_single	GSM7065808_Root_sample2	root	unannotated	unannotated
5926	Glycine max	geo_gse226149_glycine_max_gene_expression_profile_at_single	GSM7065808_Root_sample2	root	unannotated	unannotated
5927	Glycine max	geo_gse226149_glycine_max_gene_expression_profile_at_single	GSM7065808_Root_sample2	root	unannotated	unannotated
5928	Glycine max	geo_gse226149_glycine_max_gene_expression_profile_at_single	GSM7065808_Root_sample2	root	unannotated	unannotated
5929	Glycine max	geo_gse226149_glycine_max_gene_expression_profile_at_single	GSM7065808_Root_sample2	root	unannotated	unannotated
5930	Glycine max	geo_gse226149_glycine_max_gene_expression_profile_at_single	GSM7065808_Root_sample2	root	unannotated	unannotated
5931	Glycine max	geo_gse226149_glycine_max_gene_expression_profile_at_single	GSM7065808_Root_sample2	root	unannotated	unannotated
5932	Glycine max	geo_gse226149_glycine_max_gene_expression_profile_at_single	GSM7065808_Root_sample2	root	unannotated	unannotated
5933	Glycine max	geo_gse226149_glycine_max_gene_expression_profile_at_single	GSM7065808_Root_sample2	root	unannotated	unannotated
5934	Glycine max	geo_gse226149_glycine_max_gene_expression_profile_at_single	GSM7065808_Root_sample2	root	unannotated	unannotated
5935	Glycine max	geo_gse226149_glycine_max_gene_expression_profile_at_single	GSM7065808_Root_sample2	root	unannotated	unannotated
5936	Glycine max	geo_gse226149_glycine_max_gene_expression_profile_at_single	GSM7065808_Root_sample2	root	unannotated	unannotated
5937	Glycine max	geo_gse226149_glycine_max_gene_expression_profile_at_single	GSM7065808_Root_sample2	root	unannotated	unannotated
5938	Glycine max	geo_gse226149_glycine_max_gene_expression_profile_at_single	GSM7065808_Root_sample2	root	unannotated	unannotated
5939	Glycine max	geo_gse226149_glycine_max_gene_expression_profile_at_single	GSM7065808_Root_sample2	root	unannotated	unannotated
5940	Glycine max	geo_gse226149_glycine_max_gene_expression_profile_at_single	GSM7065808_Root_sample2	root	unannotated	unannotated
5941	Glycine max	geo_gse226149_glycine_max_gene_expression_profile_at_single	GSM7065808_Root_sample2	root	unannotated	unannotated
5942	Glycine max	geo_gse226149_glycine_max_gene_expression_profile_at_single	GSM7065808_Root_sample2	root	unannotated	unannotated
5943	Glycine max	geo_gse226149_glycine_max_gene_expression_profile_at_single	GSM7065808_Root_sample2	root	unannotated	unannotated
5944	Glycine max	geo_gse226149_glycine_max_gene_expression_profile_at_single	GSM7065808_Root_sample2	root	unannotated	unannotated
5945	Glycine max	geo_gse226149_glycine_max_gene_expression_profile_at_single	GSM7065809_Root_sample3	root	unannotated	unannotated
5946	Glycine max	geo_gse226149_glycine_max_gene_expression_profile_at_single	GSM7065809_Root_sample3	root	unannotated	unannotated
5947	Glycine max	geo_gse226149_glycine_max_gene_expression_profile_at_single	GSM7065809_Root_sample3	root	unannotated	unannotated
5948	Glycine max	geo_gse226149_glycine_max_gene_expression_profile_at_single	GSM7065809_Root_sample3	root	unannotated	unannotated
5949	Glycine max	geo_gse226149_glycine_max_gene_expression_profile_at_single	GSM7065809_Root_sample3	root	unannotated	unannotated
5950	Glycine max	geo_gse226149_glycine_max_gene_expression_profile_at_single	GSM7065809_Root_sample3	root	unannotated	unannotated
5951	Glycine max	geo_gse226149_glycine_max_gene_expression_profile_at_single	GSM7065809_Root_sample3	root	unannotated	unannotated
5952	Glycine max	geo_gse226149_glycine_max_gene_expression_profile_at_single	GSM7065809_Root_sample3	root	unannotated	unannotated
5953	Glycine max	geo_gse226149_glycine_max_gene_expression_profile_at_single	GSM7065809_Root_sample3	root	unannotated	unannotated
5954	Glycine max	geo_gse226149_glycine_max_gene_expression_profile_at_single	GSM7065809_Root_sample3	root	unannotated	unannotated
5955	Glycine max	geo_gse226149_glycine_max_gene_expression_profile_at_single	GSM7065809_Root_sample3	root	unannotated	unannotated
5956	Glycine max	geo_gse226149_glycine_max_gene_expression_profile_at_single	GSM7065809_Root_sample3	root	unannotated	unannotated
5957	Glycine max	geo_gse226149_glycine_max_gene_expression_profile_at_single	GSM7065809_Root_sample3	root	unannotated	unannotated
5958	Glycine max	geo_gse226149_glycine_max_gene_expression_profile_at_single	GSM7065809_Root_sample3	root	unannotated	unannotated
5959	Glycine max	geo_gse226149_glycine_max_gene_expression_profile_at_single	GSM7065809_Root_sample3	root	unannotated	unannotated
5960	Glycine max	geo_gse226149_glycine_max_gene_expression_profile_at_single	GSM7065809_Root_sample3	root	unannotated	unannotated
5961	Glycine max	geo_gse226149_glycine_max_gene_expression_profile_at_single	GSM7065809_Root_sample3	root	unannotated	unannotated
5962	Glycine max	geo_gse226149_glycine_max_gene_expression_profile_at_single	GSM7065809_Root_sample3	root	unannotated	unannotated
5963	Glycine max	geo_gse226149_glycine_max_gene_expression_profile_at_single	GSM7065809_Root_sample3	root	unannotated	unannotated
5964	Glycine max	geo_gse226149_glycine_max_gene_expression_profile_at_single	GSM7065809_Root_sample3	root	unannotated	unannotated
5965	Glycine max	geo_gse226149_glycine_max_gene_expression_profile_at_single	GSM7065809_Root_sample3	root	unannotated	unannotated
5966	Glycine max	geo_gse226149_glycine_max_gene_expression_profile_at_single	GSM7065809_Root_sample3	root	unannotated	unannotated
5967	Glycine max	geo_gse226149_glycine_max_gene_expression_profile_at_single	GSM7065809_Root_sample3	root	unannotated	unannotated
5968	Glycine max	geo_gse226149_glycine_max_gene_expression_profile_at_single	GSM7065809_Root_sample3	root	unannotated	unannotated
5969	Glycine max	geo_gse226149_glycine_max_gene_expression_profile_at_single	GSM7065809_Root_sample3	root	unannotated	unannotated
5970	Glycine max	geo_gse226149_glycine_max_gene_expression_profile_at_single	GSM7065809_Root_sample3	root	unannotated	unannotated
5971	Glycine max	geo_gse226149_glycine_max_gene_expression_profile_at_single	GSM7065809_Root_sample3	root	unannotated	unannotated
5972	Glycine max	geo_gse226149_glycine_max_gene_expression_profile_at_single	GSM7065809_Root_sample3	root	unannotated	unannotated
5973	Glycine max	geo_gse226149_glycine_max_gene_expression_profile_at_single	GSM7065809_Root_sample3	root	unannotated	unannotated
5974	Glycine max	geo_gse226149_glycine_max_gene_expression_profile_at_single	GSM7065809_Root_sample3	root	unannotated	unannotated
5975	Glycine max	geo_gse226149_glycine_max_gene_expression_profile_at_single	GSM7065809_Root_sample3	root	unannotated	unannotated
5976	Glycine max	geo_gse226149_glycine_max_gene_expression_profile_at_single	GSM7065809_Root_sample3	root	unannotated	unannotated
5977	Glycine max	geo_gse226149_glycine_max_gene_expression_profile_at_single	GSM7065809_Root_sample3	root	unannotated	unannotated
5978	Glycine max	geo_gse226149_glycine_max_gene_expression_profile_at_single	GSM7065809_Root_sample3	root	unannotated	unannotated
5979	Glycine max	geo_gse226149_glycine_max_gene_expression_profile_at_single	GSM7065809_Root_sample3	root	unannotated	unannotated
5980	Glycine max	geo_gse226149_glycine_max_gene_expression_profile_at_single	GSM7065809_Root_sample3	root	unannotated	unannotated
5981	Glycine max	geo_gse226149_glycine_max_gene_expression_profile_at_single	GSM7065809_Root_sample3	root	unannotated	unannotated
5982	Glycine max	geo_gse226149_glycine_max_gene_expression_profile_at_single	GSM7065809_Root_sample3	root	unannotated	unannotated
5983	Glycine max	geo_gse226149_glycine_max_gene_expression_profile_at_single	GSM7065809_Root_sample3	root	unannotated	unannotated
5984	Glycine max	geo_gse226149_glycine_max_gene_expression_profile_at_single	GSM7065810_Nodule_sample1	root	unannotated	unannotated
5985	Glycine max	geo_gse226149_glycine_max_gene_expression_profile_at_single	GSM7065810_Nodule_sample1	root	unannotated	unannotated
5986	Glycine max	geo_gse226149_glycine_max_gene_expression_profile_at_single	GSM7065810_Nodule_sample1	root	unannotated	unannotated
5987	Glycine max	geo_gse226149_glycine_max_gene_expression_profile_at_single	GSM7065810_Nodule_sample1	root	unannotated	unannotated
5988	Glycine max	geo_gse226149_glycine_max_gene_expression_profile_at_single	GSM7065810_Nodule_sample1	root	unannotated	unannotated
5989	Glycine max	geo_gse226149_glycine_max_gene_expression_profile_at_single	GSM7065810_Nodule_sample1	root	unannotated	unannotated
5990	Glycine max	geo_gse226149_glycine_max_gene_expression_profile_at_single	GSM7065810_Nodule_sample1	root	unannotated	unannotated
5991	Glycine max	geo_gse226149_glycine_max_gene_expression_profile_at_single	GSM7065810_Nodule_sample1	root	unannotated	unannotated
5992	Glycine max	geo_gse226149_glycine_max_gene_expression_profile_at_single	GSM7065810_Nodule_sample1	root	unannotated	unannotated
5993	Glycine max	geo_gse226149_glycine_max_gene_expression_profile_at_single	GSM7065810_Nodule_sample1	root	unannotated	unannotated
5994	Glycine max	geo_gse226149_glycine_max_gene_expression_profile_at_single	GSM7065810_Nodule_sample1	root	unannotated	unannotated
5995	Glycine max	geo_gse226149_glycine_max_gene_expression_profile_at_single	GSM7065810_Nodule_sample1	root	unannotated	unannotated
5996	Glycine max	geo_gse226149_glycine_max_gene_expression_profile_at_single	GSM7065810_Nodule_sample1	root	unannotated	unannotated
5997	Glycine max	geo_gse226149_glycine_max_gene_expression_profile_at_single	GSM7065810_Nodule_sample1	root	unannotated	unannotated
5998	Glycine max	geo_gse226149_glycine_max_gene_expression_profile_at_single	GSM7065810_Nodule_sample1	root	unannotated	unannotated
5999	Glycine max	geo_gse226149_glycine_max_gene_expression_profile_at_single	GSM7065810_Nodule_sample1	root	unannotated	unannotated
6000	Glycine max	geo_gse226149_glycine_max_gene_expression_profile_at_single	GSM7065810_Nodule_sample1	root	unannotated	unannotated
6001	Glycine max	geo_gse226149_glycine_max_gene_expression_profile_at_single	GSM7065810_Nodule_sample1	root	unannotated	unannotated
6002	Glycine max	geo_gse226149_glycine_max_gene_expression_profile_at_single	GSM7065810_Nodule_sample1	root	unannotated	unannotated
6003	Glycine max	geo_gse226149_glycine_max_gene_expression_profile_at_single	GSM7065810_Nodule_sample1	root	unannotated	unannotated
6004	Glycine max	geo_gse226149_glycine_max_gene_expression_profile_at_single	GSM7065810_Nodule_sample1	root	unannotated	unannotated
6005	Glycine max	geo_gse226149_glycine_max_gene_expression_profile_at_single	GSM7065810_Nodule_sample1	root	unannotated	unannotated
6006	Glycine max	geo_gse226149_glycine_max_gene_expression_profile_at_single	GSM7065810_Nodule_sample1	root	unannotated	unannotated
6007	Glycine max	geo_gse226149_glycine_max_gene_expression_profile_at_single	GSM7065810_Nodule_sample1	root	unannotated	unannotated
6008	Glycine max	geo_gse226149_glycine_max_gene_expression_profile_at_single	GSM7065810_Nodule_sample1	root	unannotated	unannotated
6009	Glycine max	geo_gse226149_glycine_max_gene_expression_profile_at_single	GSM7065810_Nodule_sample1	root	unannotated	unannotated
6010	Glycine max	geo_gse226149_glycine_max_gene_expression_profile_at_single	GSM7065810_Nodule_sample1	root	unannotated	unannotated
6011	Glycine max	geo_gse226149_glycine_max_gene_expression_profile_at_single	GSM7065810_Nodule_sample1	root	unannotated	unannotated
6012	Glycine max	geo_gse226149_glycine_max_gene_expression_profile_at_single	GSM7065810_Nodule_sample1	root	unannotated	unannotated
6013	Glycine max	geo_gse226149_glycine_max_gene_expression_profile_at_single	GSM7065810_Nodule_sample1	root	unannotated	unannotated
6014	Glycine max	geo_gse226149_glycine_max_gene_expression_profile_at_single	GSM7065810_Nodule_sample1	root	unannotated	unannotated
6015	Glycine max	geo_gse226149_glycine_max_gene_expression_profile_at_single	GSM7065810_Nodule_sample1	root	unannotated	unannotated
6016	Glycine max	geo_gse226149_glycine_max_gene_expression_profile_at_single	GSM7065810_Nodule_sample1	root	unannotated	unannotated
6017	Glycine max	geo_gse226149_glycine_max_gene_expression_profile_at_single	GSM7065810_Nodule_sample1	root	unannotated	unannotated
6018	Glycine max	geo_gse226149_glycine_max_gene_expression_profile_at_single	GSM7065810_Nodule_sample1	root	unannotated	unannotated
6019	Glycine max	geo_gse226149_glycine_max_gene_expression_profile_at_single	GSM7065810_Nodule_sample1	root	unannotated	unannotated
6020	Glycine max	geo_gse226149_glycine_max_gene_expression_profile_at_single	GSM7065810_Nodule_sample1	root	unannotated	unannotated
6021	Glycine max	geo_gse226149_glycine_max_gene_expression_profile_at_single	GSM7065810_Nodule_sample1	root	unannotated	unannotated
6022	Glycine max	geo_gse226149_glycine_max_gene_expression_profile_at_single	GSM7065810_Nodule_sample1	root	unannotated	unannotated
6023	Glycine max	geo_gse226149_glycine_max_gene_expression_profile_at_single	GSM7065810_Nodule_sample1	root	unannotated	unannotated
6024	Glycine max	geo_gse226149_glycine_max_gene_expression_profile_at_single	GSM7065810_Nodule_sample1	root	unannotated	unannotated
6025	Glycine max	geo_gse226149_glycine_max_gene_expression_profile_at_single	GSM7065810_Nodule_sample1	root	unannotated	unannotated
6026	Glycine max	geo_gse226149_glycine_max_gene_expression_profile_at_single	GSM7065810_Nodule_sample1	root	unannotated	unannotated
6027	Glycine max	geo_gse226149_glycine_max_gene_expression_profile_at_single	GSM7065810_Nodule_sample1	root	unannotated	unannotated
6028	Glycine max	geo_gse226149_glycine_max_gene_expression_profile_at_single	GSM7065810_Nodule_sample1	root	unannotated	unannotated
6029	Glycine max	geo_gse226149_glycine_max_gene_expression_profile_at_single	GSM7065810_Nodule_sample1	root	unannotated	unannotated
6030	Glycine max	geo_gse226149_glycine_max_gene_expression_profile_at_single	GSM7065810_Nodule_sample1	root	unannotated	unannotated
6031	Glycine max	geo_gse226149_glycine_max_gene_expression_profile_at_single	GSM7065810_Nodule_sample1	root	unannotated	unannotated
6032	Glycine max	geo_gse226149_glycine_max_gene_expression_profile_at_single	GSM7065810_Nodule_sample1	root	unannotated	unannotated
6033	Glycine max	geo_gse226149_glycine_max_gene_expression_profile_at_single	GSM7065810_Nodule_sample1	root	unannotated	unannotated
6034	Glycine max	geo_gse226149_glycine_max_gene_expression_profile_at_single	GSM7065810_Nodule_sample1	root	unannotated	unannotated
6035	Glycine max	geo_gse226149_glycine_max_gene_expression_profile_at_single	GSM7065810_Nodule_sample1	root	unannotated	unannotated
6036	Glycine max	geo_gse226149_glycine_max_gene_expression_profile_at_single	GSM7065810_Nodule_sample1	root	unannotated	unannotated
6037	Glycine max	geo_gse226149_glycine_max_gene_expression_profile_at_single	GSM7065810_Nodule_sample1	root	unannotated	unannotated
6038	Glycine max	geo_gse226149_glycine_max_gene_expression_profile_at_single	GSM7065810_Nodule_sample1	root	unannotated	unannotated
6039	Glycine max	geo_gse226149_glycine_max_gene_expression_profile_at_single	GSM7065810_Nodule_sample1	root	unannotated	unannotated
6040	Glycine max	geo_gse226149_glycine_max_gene_expression_profile_at_single	GSM7065810_Nodule_sample1	root	unannotated	unannotated
6041	Glycine max	geo_gse226149_glycine_max_gene_expression_profile_at_single	GSM7065810_Nodule_sample1	root	unannotated	unannotated
6042	Glycine max	geo_gse226149_glycine_max_gene_expression_profile_at_single	GSM7065810_Nodule_sample1	root	unannotated	unannotated
6043	Glycine max	geo_gse226149_glycine_max_gene_expression_profile_at_single	GSM7065810_Nodule_sample1	root	unannotated	unannotated
6044	Glycine max	geo_gse226149_glycine_max_gene_expression_profile_at_single	GSM7065810_Nodule_sample1	root	unannotated	unannotated
6045	Glycine max	geo_gse226149_glycine_max_gene_expression_profile_at_single	GSM7065810_Nodule_sample1	root	unannotated	unannotated
6046	Glycine max	geo_gse226149_glycine_max_gene_expression_profile_at_single	GSM7065810_Nodule_sample1	root	unannotated	unannotated
6047	Glycine max	geo_gse226149_glycine_max_gene_expression_profile_at_single	GSM7065810_Nodule_sample1	root	unannotated	unannotated
6048	Glycine max	geo_gse226149_glycine_max_gene_expression_profile_at_single	GSM7065810_Nodule_sample1	root	unannotated	unannotated
6049	Glycine max	geo_gse226149_glycine_max_gene_expression_profile_at_single	GSM7065810_Nodule_sample1	root	unannotated	unannotated
6050	Glycine max	geo_gse226149_glycine_max_gene_expression_profile_at_single	GSM7065810_Nodule_sample1	root	unannotated	unannotated
6051	Glycine max	geo_gse226149_glycine_max_gene_expression_profile_at_single	GSM7065810_Nodule_sample1	root	unannotated	unannotated
6052	Glycine max	geo_gse226149_glycine_max_gene_expression_profile_at_single	GSM7065810_Nodule_sample1	root	unannotated	unannotated
6053	Glycine max	geo_gse226149_glycine_max_gene_expression_profile_at_single	GSM7065810_Nodule_sample1	root	unannotated	unannotated
6054	Glycine max	geo_gse226149_glycine_max_gene_expression_profile_at_single	GSM7065810_Nodule_sample1	root	unannotated	unannotated
6055	Glycine max	geo_gse226149_glycine_max_gene_expression_profile_at_single	GSM7065810_Nodule_sample1	root	unannotated	unannotated
6056	Glycine max	geo_gse226149_glycine_max_gene_expression_profile_at_single	GSM7065810_Nodule_sample1	root	unannotated	unannotated
6057	Glycine max	geo_gse226149_glycine_max_gene_expression_profile_at_single	GSM7065810_Nodule_sample1	root	unannotated	unannotated
6058	Glycine max	geo_gse226149_glycine_max_gene_expression_profile_at_single	GSM7065810_Nodule_sample1	root	unannotated	unannotated
6059	Glycine max	geo_gse226149_glycine_max_gene_expression_profile_at_single	GSM7065810_Nodule_sample1	root	unannotated	unannotated
6060	Glycine max	geo_gse226149_glycine_max_gene_expression_profile_at_single	GSM7065810_Nodule_sample1	root	unannotated	unannotated
6061	Glycine max	geo_gse226149_glycine_max_gene_expression_profile_at_single	GSM7065810_Nodule_sample1	root	unannotated	unannotated
6062	Glycine max	geo_gse226149_glycine_max_gene_expression_profile_at_single	GSM7065810_Nodule_sample1	root	unannotated	unannotated
6063	Glycine max	geo_gse226149_glycine_max_gene_expression_profile_at_single	GSM7065810_Nodule_sample1	root	unannotated	unannotated
6064	Glycine max	geo_gse226149_glycine_max_gene_expression_profile_at_single	GSM7065810_Nodule_sample1	root	unannotated	unannotated
6065	Glycine max	geo_gse226149_glycine_max_gene_expression_profile_at_single	GSM7065810_Nodule_sample1	root	unannotated	unannotated
6066	Glycine max	geo_gse226149_glycine_max_gene_expression_profile_at_single	GSM7065810_Nodule_sample1	root	unannotated	unannotated
6067	Glycine max	geo_gse226149_glycine_max_gene_expression_profile_at_single	GSM7065810_Nodule_sample1	root	unannotated	unannotated
6068	Glycine max	geo_gse226149_glycine_max_gene_expression_profile_at_single	GSM7065810_Nodule_sample1	root	unannotated	unannotated
6069	Glycine max	geo_gse226149_glycine_max_gene_expression_profile_at_single	GSM7065810_Nodule_sample1	root	unannotated	unannotated
6070	Glycine max	geo_gse226149_glycine_max_gene_expression_profile_at_single	GSM7065810_Nodule_sample1	root	unannotated	unannotated
6071	Glycine max	geo_gse226149_glycine_max_gene_expression_profile_at_single	GSM7065810_Nodule_sample1	root	unannotated	unannotated
6072	Glycine max	geo_gse226149_glycine_max_gene_expression_profile_at_single	GSM7065810_Nodule_sample1	root	unannotated	unannotated
6073	Glycine max	geo_gse226149_glycine_max_gene_expression_profile_at_single	GSM7065810_Nodule_sample1	root	unannotated	unannotated
6074	Glycine max	geo_gse226149_glycine_max_gene_expression_profile_at_single	GSM7065810_Nodule_sample1	root	unannotated	unannotated
6075	Glycine max	geo_gse226149_glycine_max_gene_expression_profile_at_single	GSM7065811_Nodule_sample2	root	unannotated	unannotated
6076	Glycine max	geo_gse226149_glycine_max_gene_expression_profile_at_single	GSM7065811_Nodule_sample2	root	unannotated	unannotated
6077	Glycine max	geo_gse226149_glycine_max_gene_expression_profile_at_single	GSM7065811_Nodule_sample2	root	unannotated	unannotated
6078	Glycine max	geo_gse226149_glycine_max_gene_expression_profile_at_single	GSM7065811_Nodule_sample2	root	unannotated	unannotated
6079	Glycine max	geo_gse226149_glycine_max_gene_expression_profile_at_single	GSM7065811_Nodule_sample2	root	unannotated	unannotated
6080	Glycine max	geo_gse226149_glycine_max_gene_expression_profile_at_single	GSM7065811_Nodule_sample2	root	unannotated	unannotated
6081	Glycine max	geo_gse226149_glycine_max_gene_expression_profile_at_single	GSM7065811_Nodule_sample2	root	unannotated	unannotated
6082	Glycine max	geo_gse226149_glycine_max_gene_expression_profile_at_single	GSM7065811_Nodule_sample2	root	unannotated	unannotated
6083	Glycine max	geo_gse226149_glycine_max_gene_expression_profile_at_single	GSM7065811_Nodule_sample2	root	unannotated	unannotated
6084	Glycine max	geo_gse226149_glycine_max_gene_expression_profile_at_single	GSM7065811_Nodule_sample2	root	unannotated	unannotated
6085	Glycine max	geo_gse226149_glycine_max_gene_expression_profile_at_single	GSM7065811_Nodule_sample2	root	unannotated	unannotated
6086	Glycine max	geo_gse226149_glycine_max_gene_expression_profile_at_single	GSM7065811_Nodule_sample2	root	unannotated	unannotated
6087	Glycine max	geo_gse226149_glycine_max_gene_expression_profile_at_single	GSM7065811_Nodule_sample2	root	unannotated	unannotated
6088	Glycine max	geo_gse226149_glycine_max_gene_expression_profile_at_single	GSM7065811_Nodule_sample2	root	unannotated	unannotated
6089	Glycine max	geo_gse226149_glycine_max_gene_expression_profile_at_single	GSM7065811_Nodule_sample2	root	unannotated	unannotated
6090	Glycine max	geo_gse226149_glycine_max_gene_expression_profile_at_single	GSM7065811_Nodule_sample2	root	unannotated	unannotated
6091	Glycine max	geo_gse226149_glycine_max_gene_expression_profile_at_single	GSM7065811_Nodule_sample2	root	unannotated	unannotated
6092	Glycine max	geo_gse226149_glycine_max_gene_expression_profile_at_single	GSM7065811_Nodule_sample2	root	unannotated	unannotated
6093	Glycine max	geo_gse226149_glycine_max_gene_expression_profile_at_single	GSM7065811_Nodule_sample2	root	unannotated	unannotated
6094	Glycine max	geo_gse226149_glycine_max_gene_expression_profile_at_single	GSM7065811_Nodule_sample2	root	unannotated	unannotated
6095	Glycine max	geo_gse226149_glycine_max_gene_expression_profile_at_single	GSM7065811_Nodule_sample2	root	unannotated	unannotated
6096	Glycine max	geo_gse226149_glycine_max_gene_expression_profile_at_single	GSM7065811_Nodule_sample2	root	unannotated	unannotated
6097	Glycine max	geo_gse226149_glycine_max_gene_expression_profile_at_single	GSM7065811_Nodule_sample2	root	unannotated	unannotated
6098	Glycine max	geo_gse226149_glycine_max_gene_expression_profile_at_single	GSM7065811_Nodule_sample2	root	unannotated	unannotated
6099	Glycine max	geo_gse226149_glycine_max_gene_expression_profile_at_single	GSM7065811_Nodule_sample2	root	unannotated	unannotated
6100	Glycine max	geo_gse226149_glycine_max_gene_expression_profile_at_single	GSM7065811_Nodule_sample2	root	unannotated	unannotated
6101	Glycine max	geo_gse226149_glycine_max_gene_expression_profile_at_single	GSM7065811_Nodule_sample2	root	unannotated	unannotated
6102	Glycine max	geo_gse226149_glycine_max_gene_expression_profile_at_single	GSM7065811_Nodule_sample2	root	unannotated	unannotated
6103	Glycine max	geo_gse226149_glycine_max_gene_expression_profile_at_single	GSM7065811_Nodule_sample2	root	unannotated	unannotated
6104	Glycine max	geo_gse226149_glycine_max_gene_expression_profile_at_single	GSM7065811_Nodule_sample2	root	unannotated	unannotated
6105	Glycine max	geo_gse226149_glycine_max_gene_expression_profile_at_single	GSM7065811_Nodule_sample2	root	unannotated	unannotated
6106	Glycine max	geo_gse226149_glycine_max_gene_expression_profile_at_single	GSM7065811_Nodule_sample2	root	unannotated	unannotated
6107	Glycine max	geo_gse226149_glycine_max_gene_expression_profile_at_single	GSM7065811_Nodule_sample2	root	unannotated	unannotated
6108	Glycine max	geo_gse226149_glycine_max_gene_expression_profile_at_single	GSM7065811_Nodule_sample2	root	unannotated	unannotated
6109	Glycine max	geo_gse226149_glycine_max_gene_expression_profile_at_single	GSM7065811_Nodule_sample2	root	unannotated	unannotated
6110	Glycine max	geo_gse226149_glycine_max_gene_expression_profile_at_single	GSM7065811_Nodule_sample2	root	unannotated	unannotated
6111	Glycine max	geo_gse226149_glycine_max_gene_expression_profile_at_single	GSM7065811_Nodule_sample2	root	unannotated	unannotated
6112	Glycine max	geo_gse226149_glycine_max_gene_expression_profile_at_single	GSM7065811_Nodule_sample2	root	unannotated	unannotated
6113	Glycine max	geo_gse226149_glycine_max_gene_expression_profile_at_single	GSM7065811_Nodule_sample2	root	unannotated	unannotated
6114	Glycine max	geo_gse226149_glycine_max_gene_expression_profile_at_single	GSM7065811_Nodule_sample2	root	unannotated	unannotated
6115	Glycine max	geo_gse226149_glycine_max_gene_expression_profile_at_single	GSM7065811_Nodule_sample2	root	unannotated	unannotated
6116	Glycine max	geo_gse226149_glycine_max_gene_expression_profile_at_single	GSM7065811_Nodule_sample2	root	unannotated	unannotated
6117	Glycine max	geo_gse226149_glycine_max_gene_expression_profile_at_single	GSM7065811_Nodule_sample2	root	unannotated	unannotated
6118	Glycine max	geo_gse226149_glycine_max_gene_expression_profile_at_single	GSM7065811_Nodule_sample2	root	unannotated	unannotated
6119	Glycine max	geo_gse226149_glycine_max_gene_expression_profile_at_single	GSM7065811_Nodule_sample2	root	unannotated	unannotated
6120	Glycine max	geo_gse226149_glycine_max_gene_expression_profile_at_single	GSM7065811_Nodule_sample2	root	unannotated	unannotated
6121	Glycine max	geo_gse226149_glycine_max_gene_expression_profile_at_single	GSM7065811_Nodule_sample2	root	unannotated	unannotated
6122	Glycine max	geo_gse226149_glycine_max_gene_expression_profile_at_single	GSM7065811_Nodule_sample2	root	unannotated	unannotated
6123	Glycine max	geo_gse226149_glycine_max_gene_expression_profile_at_single	GSM7065811_Nodule_sample2	root	unannotated	unannotated
6124	Glycine max	geo_gse226149_glycine_max_gene_expression_profile_at_single	GSM7065811_Nodule_sample2	root	unannotated	unannotated
6125	Glycine max	geo_gse226149_glycine_max_gene_expression_profile_at_single	GSM7065811_Nodule_sample2	root	unannotated	unannotated
6126	Glycine max	geo_gse226149_glycine_max_gene_expression_profile_at_single	GSM7065811_Nodule_sample2	root	unannotated	unannotated
6127	Glycine max	geo_gse226149_glycine_max_gene_expression_profile_at_single	GSM7065811_Nodule_sample2	root	unannotated	unannotated
6128	Glycine max	geo_gse226149_glycine_max_gene_expression_profile_at_single	GSM7065811_Nodule_sample2	root	unannotated	unannotated
6129	Glycine max	geo_gse226149_glycine_max_gene_expression_profile_at_single	GSM7065811_Nodule_sample2	root	unannotated	unannotated
6130	Glycine max	geo_gse226149_glycine_max_gene_expression_profile_at_single	GSM7065811_Nodule_sample2	root	unannotated	unannotated
6131	Glycine max	geo_gse226149_glycine_max_gene_expression_profile_at_single	GSM7065811_Nodule_sample2	root	unannotated	unannotated
6132	Glycine max	geo_gse226149_glycine_max_gene_expression_profile_at_single	GSM7065811_Nodule_sample2	root	unannotated	unannotated
6133	Glycine max	geo_gse226149_glycine_max_gene_expression_profile_at_single	GSM7065811_Nodule_sample2	root	unannotated	unannotated
6134	Glycine max	geo_gse226149_glycine_max_gene_expression_profile_at_single	GSM7065811_Nodule_sample2	root	unannotated	unannotated
6135	Glycine max	geo_gse226149_glycine_max_gene_expression_profile_at_single	GSM7065811_Nodule_sample2	root	unannotated	unannotated
6136	Glycine max	geo_gse226149_glycine_max_gene_expression_profile_at_single	GSM7065811_Nodule_sample2	root	unannotated	unannotated
6137	Glycine max	geo_gse226149_glycine_max_gene_expression_profile_at_single	GSM7065811_Nodule_sample2	root	unannotated	unannotated
6138	Glycine max	geo_gse226149_glycine_max_gene_expression_profile_at_single	GSM7065811_Nodule_sample2	root	unannotated	unannotated
6139	Glycine max	geo_gse226149_glycine_max_gene_expression_profile_at_single	GSM7065811_Nodule_sample2	root	unannotated	unannotated
6140	Glycine max	geo_gse226149_glycine_max_gene_expression_profile_at_single	GSM7065811_Nodule_sample2	root	unannotated	unannotated
6141	Glycine max	geo_gse226149_glycine_max_gene_expression_profile_at_single	GSM7065811_Nodule_sample2	root	unannotated	unannotated
6142	Glycine max	geo_gse226149_glycine_max_gene_expression_profile_at_single	GSM7065811_Nodule_sample2	root	unannotated	unannotated
6143	Glycine max	geo_gse226149_glycine_max_gene_expression_profile_at_single	GSM7065811_Nodule_sample2	root	unannotated	unannotated
6144	Camellia sinensis	geo_gse273722_camellia_sinensis_transcriptional_landscape_camellia_sinensis_roots	GSM8436112_LJ_1	root	unannotated	unannotated
6145	Camellia sinensis	geo_gse273722_camellia_sinensis_transcriptional_landscape_camellia_sinensis_roots	GSM8436112_LJ_1	root	unannotated	unannotated
6146	Camellia sinensis	geo_gse273722_camellia_sinensis_transcriptional_landscape_camellia_sinensis_roots	GSM8436112_LJ_1	root	unannotated	unannotated
6147	Camellia sinensis	geo_gse273722_camellia_sinensis_transcriptional_landscape_camellia_sinensis_roots	GSM8436112_LJ_1	root	unannotated	unannotated
6148	Camellia sinensis	geo_gse273722_camellia_sinensis_transcriptional_landscape_camellia_sinensis_roots	GSM8436112_LJ_1	root	unannotated	unannotated
6149	Camellia sinensis	geo_gse273722_camellia_sinensis_transcriptional_landscape_camellia_sinensis_roots	GSM8436112_LJ_1	root	unannotated	unannotated
6150	Camellia sinensis	geo_gse273722_camellia_sinensis_transcriptional_landscape_camellia_sinensis_roots	GSM8436112_LJ_1	root	unannotated	unannotated
6151	Camellia sinensis	geo_gse273722_camellia_sinensis_transcriptional_landscape_camellia_sinensis_roots	GSM8436112_LJ_1	root	unannotated	unannotated
6152	Camellia sinensis	geo_gse273722_camellia_sinensis_transcriptional_landscape_camellia_sinensis_roots	GSM8436112_LJ_1	root	unannotated	unannotated
6153	Camellia sinensis	geo_gse273722_camellia_sinensis_transcriptional_landscape_camellia_sinensis_roots	GSM8436112_LJ_1	root	unannotated	unannotated
6154	Camellia sinensis	geo_gse273722_camellia_sinensis_transcriptional_landscape_camellia_sinensis_roots	GSM8436112_LJ_1	root	unannotated	unannotated
6155	Camellia sinensis	geo_gse273722_camellia_sinensis_transcriptional_landscape_camellia_sinensis_roots	GSM8436112_LJ_1	root	unannotated	unannotated
6156	Camellia sinensis	geo_gse273722_camellia_sinensis_transcriptional_landscape_camellia_sinensis_roots	GSM8436112_LJ_1	root	unannotated	unannotated
6157	Camellia sinensis	geo_gse273722_camellia_sinensis_transcriptional_landscape_camellia_sinensis_roots	GSM8436112_LJ_1	root	unannotated	unannotated
6158	Camellia sinensis	geo_gse273722_camellia_sinensis_transcriptional_landscape_camellia_sinensis_roots	GSM8436112_LJ_1	root	unannotated	unannotated
6159	Camellia sinensis	geo_gse273722_camellia_sinensis_transcriptional_landscape_camellia_sinensis_roots	GSM8436112_LJ_1	root	unannotated	unannotated
6160	Camellia sinensis	geo_gse273722_camellia_sinensis_transcriptional_landscape_camellia_sinensis_roots	GSM8436112_LJ_1	root	unannotated	unannotated
6161	Camellia sinensis	geo_gse273722_camellia_sinensis_transcriptional_landscape_camellia_sinensis_roots	GSM8436112_LJ_1	root	unannotated	unannotated
6162	Camellia sinensis	geo_gse273722_camellia_sinensis_transcriptional_landscape_camellia_sinensis_roots	GSM8436112_LJ_1	root	unannotated	unannotated
6163	Camellia sinensis	geo_gse273722_camellia_sinensis_transcriptional_landscape_camellia_sinensis_roots	GSM8436112_LJ_1	root	unannotated	unannotated
6164	Camellia sinensis	geo_gse273722_camellia_sinensis_transcriptional_landscape_camellia_sinensis_roots	GSM8436112_LJ_1	root	unannotated	unannotated
6165	Camellia sinensis	geo_gse273722_camellia_sinensis_transcriptional_landscape_camellia_sinensis_roots	GSM8436112_LJ_1	root	unannotated	unannotated
6166	Camellia sinensis	geo_gse273722_camellia_sinensis_transcriptional_landscape_camellia_sinensis_roots	GSM8436112_LJ_1	root	unannotated	unannotated
6167	Camellia sinensis	geo_gse273722_camellia_sinensis_transcriptional_landscape_camellia_sinensis_roots	GSM8436112_LJ_1	root	unannotated	unannotated
6168	Camellia sinensis	geo_gse273722_camellia_sinensis_transcriptional_landscape_camellia_sinensis_roots	GSM8436112_LJ_1	root	unannotated	unannotated
6169	Camellia sinensis	geo_gse273722_camellia_sinensis_transcriptional_landscape_camellia_sinensis_roots	GSM8436112_LJ_1	root	unannotated	unannotated
6170	Camellia sinensis	geo_gse273722_camellia_sinensis_transcriptional_landscape_camellia_sinensis_roots	GSM8436112_LJ_1	root	unannotated	unannotated
6171	Camellia sinensis	geo_gse273722_camellia_sinensis_transcriptional_landscape_camellia_sinensis_roots	GSM8436112_LJ_1	root	unannotated	unannotated
6172	Camellia sinensis	geo_gse273722_camellia_sinensis_transcriptional_landscape_camellia_sinensis_roots	GSM8436112_LJ_1	root	unannotated	unannotated
6173	Camellia sinensis	geo_gse273722_camellia_sinensis_transcriptional_landscape_camellia_sinensis_roots	GSM8436112_LJ_1	root	unannotated	unannotated
6174	Camellia sinensis	geo_gse273722_camellia_sinensis_transcriptional_landscape_camellia_sinensis_roots	GSM8436112_LJ_1	root	unannotated	unannotated
6175	Camellia sinensis	geo_gse273722_camellia_sinensis_transcriptional_landscape_camellia_sinensis_roots	GSM8436112_LJ_1	root	unannotated	unannotated
6176	Camellia sinensis	geo_gse273722_camellia_sinensis_transcriptional_landscape_camellia_sinensis_roots	GSM8436112_LJ_1	root	unannotated	unannotated
6177	Camellia sinensis	geo_gse273722_camellia_sinensis_transcriptional_landscape_camellia_sinensis_roots	GSM8436112_LJ_1	root	unannotated	unannotated
6178	Camellia sinensis	geo_gse273722_camellia_sinensis_transcriptional_landscape_camellia_sinensis_roots	GSM8436112_LJ_1	root	unannotated	unannotated
6179	Camellia sinensis	geo_gse273722_camellia_sinensis_transcriptional_landscape_camellia_sinensis_roots	GSM8436112_LJ_1	root	unannotated	unannotated
6180	Camellia sinensis	geo_gse273722_camellia_sinensis_transcriptional_landscape_camellia_sinensis_roots	GSM8436112_LJ_1	root	unannotated	unannotated
6181	Camellia sinensis	geo_gse273722_camellia_sinensis_transcriptional_landscape_camellia_sinensis_roots	GSM8436112_LJ_1	root	unannotated	unannotated
6182	Camellia sinensis	geo_gse273722_camellia_sinensis_transcriptional_landscape_camellia_sinensis_roots	GSM8436112_LJ_1	root	unannotated	unannotated
6183	Camellia sinensis	geo_gse273722_camellia_sinensis_transcriptional_landscape_camellia_sinensis_roots	GSM8436112_LJ_1	root	unannotated	unannotated
6184	Camellia sinensis	geo_gse273722_camellia_sinensis_transcriptional_landscape_camellia_sinensis_roots	GSM8436112_LJ_1	root	unannotated	unannotated
6185	Camellia sinensis	geo_gse273722_camellia_sinensis_transcriptional_landscape_camellia_sinensis_roots	GSM8436112_LJ_1	root	unannotated	unannotated
6186	Camellia sinensis	geo_gse273722_camellia_sinensis_transcriptional_landscape_camellia_sinensis_roots	GSM8436112_LJ_1	root	unannotated	unannotated
6187	Camellia sinensis	geo_gse273722_camellia_sinensis_transcriptional_landscape_camellia_sinensis_roots	GSM8436112_LJ_1	root	unannotated	unannotated
6188	Camellia sinensis	geo_gse273722_camellia_sinensis_transcriptional_landscape_camellia_sinensis_roots	GSM8436112_LJ_1	root	unannotated	unannotated
6189	Camellia sinensis	geo_gse273722_camellia_sinensis_transcriptional_landscape_camellia_sinensis_roots	GSM8436112_LJ_1	root	unannotated	unannotated
6190	Camellia sinensis	geo_gse273722_camellia_sinensis_transcriptional_landscape_camellia_sinensis_roots	GSM8436112_LJ_1	root	unannotated	unannotated
6191	Camellia sinensis	geo_gse273722_camellia_sinensis_transcriptional_landscape_camellia_sinensis_roots	GSM8436112_LJ_1	root	unannotated	unannotated
6192	Camellia sinensis	geo_gse273722_camellia_sinensis_transcriptional_landscape_camellia_sinensis_roots	GSM8436112_LJ_1	root	unannotated	unannotated
6193	Camellia sinensis	geo_gse273722_camellia_sinensis_transcriptional_landscape_camellia_sinensis_roots	GSM8436112_LJ_1	root	unannotated	unannotated
6194	Camellia sinensis	geo_gse273722_camellia_sinensis_transcriptional_landscape_camellia_sinensis_roots	GSM8436112_LJ_1	root	unannotated	unannotated
6195	Camellia sinensis	geo_gse273722_camellia_sinensis_transcriptional_landscape_camellia_sinensis_roots	GSM8436112_LJ_1	root	unannotated	unannotated
6196	Camellia sinensis	geo_gse273722_camellia_sinensis_transcriptional_landscape_camellia_sinensis_roots	GSM8436112_LJ_1	root	unannotated	unannotated
6197	Camellia sinensis	geo_gse273722_camellia_sinensis_transcriptional_landscape_camellia_sinensis_roots	GSM8436112_LJ_1	root	unannotated	unannotated
6198	Camellia sinensis	geo_gse273722_camellia_sinensis_transcriptional_landscape_camellia_sinensis_roots	GSM8436112_LJ_1	root	unannotated	unannotated
6199	Camellia sinensis	geo_gse273722_camellia_sinensis_transcriptional_landscape_camellia_sinensis_roots	GSM8436112_LJ_1	root	unannotated	unannotated
6200	Camellia sinensis	geo_gse273722_camellia_sinensis_transcriptional_landscape_camellia_sinensis_roots	GSM8436112_LJ_1	root	unannotated	unannotated
6201	Camellia sinensis	geo_gse273722_camellia_sinensis_transcriptional_landscape_camellia_sinensis_roots	GSM8436112_LJ_1	root	unannotated	unannotated
6202	Camellia sinensis	geo_gse273722_camellia_sinensis_transcriptional_landscape_camellia_sinensis_roots	GSM8436112_LJ_1	root	unannotated	unannotated
6203	Camellia sinensis	geo_gse273722_camellia_sinensis_transcriptional_landscape_camellia_sinensis_roots	GSM8436112_LJ_1	root	unannotated	unannotated
6204	Camellia sinensis	geo_gse273722_camellia_sinensis_transcriptional_landscape_camellia_sinensis_roots	GSM8436112_LJ_1	root	unannotated	unannotated
6205	Camellia sinensis	geo_gse273722_camellia_sinensis_transcriptional_landscape_camellia_sinensis_roots	GSM8436112_LJ_1	root	unannotated	unannotated
6206	Camellia sinensis	geo_gse273722_camellia_sinensis_transcriptional_landscape_camellia_sinensis_roots	GSM8436112_LJ_1	root	unannotated	unannotated
6207	Camellia sinensis	geo_gse273722_camellia_sinensis_transcriptional_landscape_camellia_sinensis_roots	GSM8436112_LJ_1	root	unannotated	unannotated
6208	Camellia sinensis	geo_gse273722_camellia_sinensis_transcriptional_landscape_camellia_sinensis_roots	GSM8436112_LJ_1	root	unannotated	unannotated
6209	Camellia sinensis	geo_gse273722_camellia_sinensis_transcriptional_landscape_camellia_sinensis_roots	GSM8436112_LJ_1	root	unannotated	unannotated
6210	Camellia sinensis	geo_gse273722_camellia_sinensis_transcriptional_landscape_camellia_sinensis_roots	GSM8436112_LJ_1	root	unannotated	unannotated
6211	Camellia sinensis	geo_gse273722_camellia_sinensis_transcriptional_landscape_camellia_sinensis_roots	GSM8436112_LJ_1	root	unannotated	unannotated
6212	Camellia sinensis	geo_gse273722_camellia_sinensis_transcriptional_landscape_camellia_sinensis_roots	GSM8436112_LJ_1	root	unannotated	unannotated
6213	Camellia sinensis	geo_gse273722_camellia_sinensis_transcriptional_landscape_camellia_sinensis_roots	GSM8436112_LJ_1	root	unannotated	unannotated
6214	Camellia sinensis	geo_gse273722_camellia_sinensis_transcriptional_landscape_camellia_sinensis_roots	GSM8436112_LJ_1	root	unannotated	unannotated
6215	Camellia sinensis	geo_gse273722_camellia_sinensis_transcriptional_landscape_camellia_sinensis_roots	GSM8436112_LJ_1	root	unannotated	unannotated
6216	Camellia sinensis	geo_gse273722_camellia_sinensis_transcriptional_landscape_camellia_sinensis_roots	GSM8436112_LJ_1	root	unannotated	unannotated
6217	Camellia sinensis	geo_gse273722_camellia_sinensis_transcriptional_landscape_camellia_sinensis_roots	GSM8436112_LJ_1	root	unannotated	unannotated
6218	Camellia sinensis	geo_gse273722_camellia_sinensis_transcriptional_landscape_camellia_sinensis_roots	GSM8436112_LJ_1	root	unannotated	unannotated
6219	Camellia sinensis	geo_gse273722_camellia_sinensis_transcriptional_landscape_camellia_sinensis_roots	GSM8436112_LJ_1	root	unannotated	unannotated
6220	Camellia sinensis	geo_gse273722_camellia_sinensis_transcriptional_landscape_camellia_sinensis_roots	GSM8436112_LJ_1	root	unannotated	unannotated
6221	Camellia sinensis	geo_gse273722_camellia_sinensis_transcriptional_landscape_camellia_sinensis_roots	GSM8436112_LJ_1	root	unannotated	unannotated
6222	Camellia sinensis	geo_gse273722_camellia_sinensis_transcriptional_landscape_camellia_sinensis_roots	GSM8436112_LJ_1	root	unannotated	unannotated
6223	Camellia sinensis	geo_gse273722_camellia_sinensis_transcriptional_landscape_camellia_sinensis_roots	GSM8436112_LJ_1	root	unannotated	unannotated
6224	Camellia sinensis	geo_gse273722_camellia_sinensis_transcriptional_landscape_camellia_sinensis_roots	GSM8436112_LJ_1	root	unannotated	unannotated
6225	Camellia sinensis	geo_gse273722_camellia_sinensis_transcriptional_landscape_camellia_sinensis_roots	GSM8436112_LJ_1	root	unannotated	unannotated
6226	Camellia sinensis	geo_gse273722_camellia_sinensis_transcriptional_landscape_camellia_sinensis_roots	GSM8436112_LJ_1	root	unannotated	unannotated
6227	Camellia sinensis	geo_gse273722_camellia_sinensis_transcriptional_landscape_camellia_sinensis_roots	GSM8436112_LJ_1	root	unannotated	unannotated
6228	Camellia sinensis	geo_gse273722_camellia_sinensis_transcriptional_landscape_camellia_sinensis_roots	GSM8436112_LJ_1	root	unannotated	unannotated
6229	Camellia sinensis	geo_gse273722_camellia_sinensis_transcriptional_landscape_camellia_sinensis_roots	GSM8436112_LJ_1	root	unannotated	unannotated
6230	Camellia sinensis	geo_gse273722_camellia_sinensis_transcriptional_landscape_camellia_sinensis_roots	GSM8436112_LJ_1	root	unannotated	unannotated
6231	Camellia sinensis	geo_gse273722_camellia_sinensis_transcriptional_landscape_camellia_sinensis_roots	GSM8436112_LJ_1	root	unannotated	unannotated
6232	Camellia sinensis	geo_gse273722_camellia_sinensis_transcriptional_landscape_camellia_sinensis_roots	GSM8436112_LJ_1	root	unannotated	unannotated
6233	Camellia sinensis	geo_gse273722_camellia_sinensis_transcriptional_landscape_camellia_sinensis_roots	GSM8436113_LJ_2	root	unannotated	unannotated
6234	Camellia sinensis	geo_gse273722_camellia_sinensis_transcriptional_landscape_camellia_sinensis_roots	GSM8436113_LJ_2	root	unannotated	unannotated
6235	Camellia sinensis	geo_gse273722_camellia_sinensis_transcriptional_landscape_camellia_sinensis_roots	GSM8436113_LJ_2	root	unannotated	unannotated
6236	Camellia sinensis	geo_gse273722_camellia_sinensis_transcriptional_landscape_camellia_sinensis_roots	GSM8436113_LJ_2	root	unannotated	unannotated
6237	Camellia sinensis	geo_gse273722_camellia_sinensis_transcriptional_landscape_camellia_sinensis_roots	GSM8436113_LJ_2	root	unannotated	unannotated
6238	Camellia sinensis	geo_gse273722_camellia_sinensis_transcriptional_landscape_camellia_sinensis_roots	GSM8436113_LJ_2	root	unannotated	unannotated
6239	Camellia sinensis	geo_gse273722_camellia_sinensis_transcriptional_landscape_camellia_sinensis_roots	GSM8436113_LJ_2	root	unannotated	unannotated
6240	Camellia sinensis	geo_gse273722_camellia_sinensis_transcriptional_landscape_camellia_sinensis_roots	GSM8436113_LJ_2	root	unannotated	unannotated
6241	Camellia sinensis	geo_gse273722_camellia_sinensis_transcriptional_landscape_camellia_sinensis_roots	GSM8436113_LJ_2	root	unannotated	unannotated
6242	Camellia sinensis	geo_gse273722_camellia_sinensis_transcriptional_landscape_camellia_sinensis_roots	GSM8436113_LJ_2	root	unannotated	unannotated
6243	Camellia sinensis	geo_gse273722_camellia_sinensis_transcriptional_landscape_camellia_sinensis_roots	GSM8436113_LJ_2	root	unannotated	unannotated
6244	Camellia sinensis	geo_gse273722_camellia_sinensis_transcriptional_landscape_camellia_sinensis_roots	GSM8436113_LJ_2	root	unannotated	unannotated
6245	Camellia sinensis	geo_gse273722_camellia_sinensis_transcriptional_landscape_camellia_sinensis_roots	GSM8436113_LJ_2	root	unannotated	unannotated
6246	Camellia sinensis	geo_gse273722_camellia_sinensis_transcriptional_landscape_camellia_sinensis_roots	GSM8436113_LJ_2	root	unannotated	unannotated
6247	Camellia sinensis	geo_gse273722_camellia_sinensis_transcriptional_landscape_camellia_sinensis_roots	GSM8436113_LJ_2	root	unannotated	unannotated
6248	Camellia sinensis	geo_gse273722_camellia_sinensis_transcriptional_landscape_camellia_sinensis_roots	GSM8436113_LJ_2	root	unannotated	unannotated
6249	Camellia sinensis	geo_gse273722_camellia_sinensis_transcriptional_landscape_camellia_sinensis_roots	GSM8436113_LJ_2	root	unannotated	unannotated
6250	Camellia sinensis	geo_gse273722_camellia_sinensis_transcriptional_landscape_camellia_sinensis_roots	GSM8436113_LJ_2	root	unannotated	unannotated
6251	Camellia sinensis	geo_gse273722_camellia_sinensis_transcriptional_landscape_camellia_sinensis_roots	GSM8436113_LJ_2	root	unannotated	unannotated
6252	Camellia sinensis	geo_gse273722_camellia_sinensis_transcriptional_landscape_camellia_sinensis_roots	GSM8436113_LJ_2	root	unannotated	unannotated
6253	Camellia sinensis	geo_gse273722_camellia_sinensis_transcriptional_landscape_camellia_sinensis_roots	GSM8436113_LJ_2	root	unannotated	unannotated
6254	Camellia sinensis	geo_gse273722_camellia_sinensis_transcriptional_landscape_camellia_sinensis_roots	GSM8436113_LJ_2	root	unannotated	unannotated
6255	Camellia sinensis	geo_gse273722_camellia_sinensis_transcriptional_landscape_camellia_sinensis_roots	GSM8436113_LJ_2	root	unannotated	unannotated
6256	Camellia sinensis	geo_gse273722_camellia_sinensis_transcriptional_landscape_camellia_sinensis_roots	GSM8436113_LJ_2	root	unannotated	unannotated
6257	Camellia sinensis	geo_gse273722_camellia_sinensis_transcriptional_landscape_camellia_sinensis_roots	GSM8436113_LJ_2	root	unannotated	unannotated
6258	Camellia sinensis	geo_gse273722_camellia_sinensis_transcriptional_landscape_camellia_sinensis_roots	GSM8436113_LJ_2	root	unannotated	unannotated
6259	Camellia sinensis	geo_gse273722_camellia_sinensis_transcriptional_landscape_camellia_sinensis_roots	GSM8436113_LJ_2	root	unannotated	unannotated
6260	Camellia sinensis	geo_gse273722_camellia_sinensis_transcriptional_landscape_camellia_sinensis_roots	GSM8436113_LJ_2	root	unannotated	unannotated
6261	Camellia sinensis	geo_gse273722_camellia_sinensis_transcriptional_landscape_camellia_sinensis_roots	GSM8436113_LJ_2	root	unannotated	unannotated
6262	Camellia sinensis	geo_gse273722_camellia_sinensis_transcriptional_landscape_camellia_sinensis_roots	GSM8436113_LJ_2	root	unannotated	unannotated
6263	Camellia sinensis	geo_gse273722_camellia_sinensis_transcriptional_landscape_camellia_sinensis_roots	GSM8436113_LJ_2	root	unannotated	unannotated
6264	Camellia sinensis	geo_gse273722_camellia_sinensis_transcriptional_landscape_camellia_sinensis_roots	GSM8436113_LJ_2	root	unannotated	unannotated
6265	Camellia sinensis	geo_gse273722_camellia_sinensis_transcriptional_landscape_camellia_sinensis_roots	GSM8436113_LJ_2	root	unannotated	unannotated
6266	Camellia sinensis	geo_gse273722_camellia_sinensis_transcriptional_landscape_camellia_sinensis_roots	GSM8436113_LJ_2	root	unannotated	unannotated
6267	Camellia sinensis	geo_gse273722_camellia_sinensis_transcriptional_landscape_camellia_sinensis_roots	GSM8436113_LJ_2	root	unannotated	unannotated
6268	Camellia sinensis	geo_gse273722_camellia_sinensis_transcriptional_landscape_camellia_sinensis_roots	GSM8436113_LJ_2	root	unannotated	unannotated
6269	Camellia sinensis	geo_gse273722_camellia_sinensis_transcriptional_landscape_camellia_sinensis_roots	GSM8436113_LJ_2	root	unannotated	unannotated
6270	Camellia sinensis	geo_gse273722_camellia_sinensis_transcriptional_landscape_camellia_sinensis_roots	GSM8436113_LJ_2	root	unannotated	unannotated
6271	Camellia sinensis	geo_gse273722_camellia_sinensis_transcriptional_landscape_camellia_sinensis_roots	GSM8436113_LJ_2	root	unannotated	unannotated
6272	Camellia sinensis	geo_gse273722_camellia_sinensis_transcriptional_landscape_camellia_sinensis_roots	GSM8436113_LJ_2	root	unannotated	unannotated
6273	Camellia sinensis	geo_gse273722_camellia_sinensis_transcriptional_landscape_camellia_sinensis_roots	GSM8436113_LJ_2	root	unannotated	unannotated
6274	Camellia sinensis	geo_gse273722_camellia_sinensis_transcriptional_landscape_camellia_sinensis_roots	GSM8436113_LJ_2	root	unannotated	unannotated
6275	Camellia sinensis	geo_gse273722_camellia_sinensis_transcriptional_landscape_camellia_sinensis_roots	GSM8436113_LJ_2	root	unannotated	unannotated
6276	Camellia sinensis	geo_gse273722_camellia_sinensis_transcriptional_landscape_camellia_sinensis_roots	GSM8436113_LJ_2	root	unannotated	unannotated
6277	Camellia sinensis	geo_gse273722_camellia_sinensis_transcriptional_landscape_camellia_sinensis_roots	GSM8436113_LJ_2	root	unannotated	unannotated
6278	Camellia sinensis	geo_gse273722_camellia_sinensis_transcriptional_landscape_camellia_sinensis_roots	GSM8436113_LJ_2	root	unannotated	unannotated
6279	Camellia sinensis	geo_gse273722_camellia_sinensis_transcriptional_landscape_camellia_sinensis_roots	GSM8436113_LJ_2	root	unannotated	unannotated
6280	Camellia sinensis	geo_gse273722_camellia_sinensis_transcriptional_landscape_camellia_sinensis_roots	GSM8436113_LJ_2	root	unannotated	unannotated
6281	Camellia sinensis	geo_gse273722_camellia_sinensis_transcriptional_landscape_camellia_sinensis_roots	GSM8436113_LJ_2	root	unannotated	unannotated
6282	Camellia sinensis	geo_gse273722_camellia_sinensis_transcriptional_landscape_camellia_sinensis_roots	GSM8436113_LJ_2	root	unannotated	unannotated
6283	Camellia sinensis	geo_gse273722_camellia_sinensis_transcriptional_landscape_camellia_sinensis_roots	GSM8436113_LJ_2	root	unannotated	unannotated
6284	Camellia sinensis	geo_gse273722_camellia_sinensis_transcriptional_landscape_camellia_sinensis_roots	GSM8436113_LJ_2	root	unannotated	unannotated
6285	Camellia sinensis	geo_gse273722_camellia_sinensis_transcriptional_landscape_camellia_sinensis_roots	GSM8436113_LJ_2	root	unannotated	unannotated
6286	Camellia sinensis	geo_gse273722_camellia_sinensis_transcriptional_landscape_camellia_sinensis_roots	GSM8436113_LJ_2	root	unannotated	unannotated
6287	Camellia sinensis	geo_gse273722_camellia_sinensis_transcriptional_landscape_camellia_sinensis_roots	GSM8436113_LJ_2	root	unannotated	unannotated
6288	Camellia sinensis	geo_gse273722_camellia_sinensis_transcriptional_landscape_camellia_sinensis_roots	GSM8436113_LJ_2	root	unannotated	unannotated
6289	Camellia sinensis	geo_gse273722_camellia_sinensis_transcriptional_landscape_camellia_sinensis_roots	GSM8436113_LJ_2	root	unannotated	unannotated
6290	Camellia sinensis	geo_gse273722_camellia_sinensis_transcriptional_landscape_camellia_sinensis_roots	GSM8436113_LJ_2	root	unannotated	unannotated
6291	Camellia sinensis	geo_gse273722_camellia_sinensis_transcriptional_landscape_camellia_sinensis_roots	GSM8436113_LJ_2	root	unannotated	unannotated
6292	Camellia sinensis	geo_gse273722_camellia_sinensis_transcriptional_landscape_camellia_sinensis_roots	GSM8436113_LJ_2	root	unannotated	unannotated
6293	Camellia sinensis	geo_gse273722_camellia_sinensis_transcriptional_landscape_camellia_sinensis_roots	GSM8436113_LJ_2	root	unannotated	unannotated
6294	Camellia sinensis	geo_gse273722_camellia_sinensis_transcriptional_landscape_camellia_sinensis_roots	GSM8436113_LJ_2	root	unannotated	unannotated
6295	Camellia sinensis	geo_gse273722_camellia_sinensis_transcriptional_landscape_camellia_sinensis_roots	GSM8436113_LJ_2	root	unannotated	unannotated
6296	Camellia sinensis	geo_gse273722_camellia_sinensis_transcriptional_landscape_camellia_sinensis_roots	GSM8436113_LJ_2	root	unannotated	unannotated
6297	Camellia sinensis	geo_gse273722_camellia_sinensis_transcriptional_landscape_camellia_sinensis_roots	GSM8436113_LJ_2	root	unannotated	unannotated
6298	Camellia sinensis	geo_gse273722_camellia_sinensis_transcriptional_landscape_camellia_sinensis_roots	GSM8436113_LJ_2	root	unannotated	unannotated
6299	Camellia sinensis	geo_gse273722_camellia_sinensis_transcriptional_landscape_camellia_sinensis_roots	GSM8436113_LJ_2	root	unannotated	unannotated
6300	Camellia sinensis	geo_gse273722_camellia_sinensis_transcriptional_landscape_camellia_sinensis_roots	GSM8436113_LJ_2	root	unannotated	unannotated
6301	Camellia sinensis	geo_gse273722_camellia_sinensis_transcriptional_landscape_camellia_sinensis_roots	GSM8436113_LJ_2	root	unannotated	unannotated
6302	Camellia sinensis	geo_gse273722_camellia_sinensis_transcriptional_landscape_camellia_sinensis_roots	GSM8436113_LJ_2	root	unannotated	unannotated
6303	Camellia sinensis	geo_gse273722_camellia_sinensis_transcriptional_landscape_camellia_sinensis_roots	GSM8436113_LJ_2	root	unannotated	unannotated
6304	Camellia sinensis	geo_gse273722_camellia_sinensis_transcriptional_landscape_camellia_sinensis_roots	GSM8436113_LJ_2	root	unannotated	unannotated
6305	Camellia sinensis	geo_gse273722_camellia_sinensis_transcriptional_landscape_camellia_sinensis_roots	GSM8436113_LJ_2	root	unannotated	unannotated
6306	Camellia sinensis	geo_gse273722_camellia_sinensis_transcriptional_landscape_camellia_sinensis_roots	GSM8436113_LJ_2	root	unannotated	unannotated
6307	Camellia sinensis	geo_gse273722_camellia_sinensis_transcriptional_landscape_camellia_sinensis_roots	GSM8436113_LJ_2	root	unannotated	unannotated
6308	Camellia sinensis	geo_gse273722_camellia_sinensis_transcriptional_landscape_camellia_sinensis_roots	GSM8436113_LJ_2	root	unannotated	unannotated
6309	Camellia sinensis	geo_gse273722_camellia_sinensis_transcriptional_landscape_camellia_sinensis_roots	GSM8436113_LJ_2	root	unannotated	unannotated
6310	Camellia sinensis	geo_gse273722_camellia_sinensis_transcriptional_landscape_camellia_sinensis_roots	GSM8436113_LJ_2	root	unannotated	unannotated
6311	Camellia sinensis	geo_gse273722_camellia_sinensis_transcriptional_landscape_camellia_sinensis_roots	GSM8436113_LJ_2	root	unannotated	unannotated
6312	Camellia sinensis	geo_gse273722_camellia_sinensis_transcriptional_landscape_camellia_sinensis_roots	GSM8436113_LJ_2	root	unannotated	unannotated
6313	Camellia sinensis	geo_gse273722_camellia_sinensis_transcriptional_landscape_camellia_sinensis_roots	GSM8436113_LJ_2	root	unannotated	unannotated
6314	Camellia sinensis	geo_gse273722_camellia_sinensis_transcriptional_landscape_camellia_sinensis_roots	GSM8436113_LJ_2	root	unannotated	unannotated
6315	Camellia sinensis	geo_gse273722_camellia_sinensis_transcriptional_landscape_camellia_sinensis_roots	GSM8436113_LJ_2	root	unannotated	unannotated
6316	Camellia sinensis	geo_gse273722_camellia_sinensis_transcriptional_landscape_camellia_sinensis_roots	GSM8436113_LJ_2	root	unannotated	unannotated
6317	Camellia sinensis	geo_gse273722_camellia_sinensis_transcriptional_landscape_camellia_sinensis_roots	GSM8436114_LJ_3	root	unannotated	unannotated
6318	Camellia sinensis	geo_gse273722_camellia_sinensis_transcriptional_landscape_camellia_sinensis_roots	GSM8436114_LJ_3	root	unannotated	unannotated
6319	Camellia sinensis	geo_gse273722_camellia_sinensis_transcriptional_landscape_camellia_sinensis_roots	GSM8436114_LJ_3	root	unannotated	unannotated
6320	Camellia sinensis	geo_gse273722_camellia_sinensis_transcriptional_landscape_camellia_sinensis_roots	GSM8436114_LJ_3	root	unannotated	unannotated
6321	Camellia sinensis	geo_gse273722_camellia_sinensis_transcriptional_landscape_camellia_sinensis_roots	GSM8436114_LJ_3	root	unannotated	unannotated
6322	Camellia sinensis	geo_gse273722_camellia_sinensis_transcriptional_landscape_camellia_sinensis_roots	GSM8436114_LJ_3	root	unannotated	unannotated
6323	Camellia sinensis	geo_gse273722_camellia_sinensis_transcriptional_landscape_camellia_sinensis_roots	GSM8436114_LJ_3	root	unannotated	unannotated
6324	Camellia sinensis	geo_gse273722_camellia_sinensis_transcriptional_landscape_camellia_sinensis_roots	GSM8436114_LJ_3	root	unannotated	unannotated
6325	Camellia sinensis	geo_gse273722_camellia_sinensis_transcriptional_landscape_camellia_sinensis_roots	GSM8436114_LJ_3	root	unannotated	unannotated
6326	Camellia sinensis	geo_gse273722_camellia_sinensis_transcriptional_landscape_camellia_sinensis_roots	GSM8436114_LJ_3	root	unannotated	unannotated
6327	Camellia sinensis	geo_gse273722_camellia_sinensis_transcriptional_landscape_camellia_sinensis_roots	GSM8436114_LJ_3	root	unannotated	unannotated
6328	Camellia sinensis	geo_gse273722_camellia_sinensis_transcriptional_landscape_camellia_sinensis_roots	GSM8436114_LJ_3	root	unannotated	unannotated
6329	Camellia sinensis	geo_gse273722_camellia_sinensis_transcriptional_landscape_camellia_sinensis_roots	GSM8436114_LJ_3	root	unannotated	unannotated
6330	Camellia sinensis	geo_gse273722_camellia_sinensis_transcriptional_landscape_camellia_sinensis_roots	GSM8436114_LJ_3	root	unannotated	unannotated
6331	Camellia sinensis	geo_gse273722_camellia_sinensis_transcriptional_landscape_camellia_sinensis_roots	GSM8436114_LJ_3	root	unannotated	unannotated
6332	Camellia sinensis	geo_gse273722_camellia_sinensis_transcriptional_landscape_camellia_sinensis_roots	GSM8436114_LJ_3	root	unannotated	unannotated
6333	Camellia sinensis	geo_gse273722_camellia_sinensis_transcriptional_landscape_camellia_sinensis_roots	GSM8436114_LJ_3	root	unannotated	unannotated
6334	Camellia sinensis	geo_gse273722_camellia_sinensis_transcriptional_landscape_camellia_sinensis_roots	GSM8436114_LJ_3	root	unannotated	unannotated
6335	Camellia sinensis	geo_gse273722_camellia_sinensis_transcriptional_landscape_camellia_sinensis_roots	GSM8436114_LJ_3	root	unannotated	unannotated
6336	Camellia sinensis	geo_gse273722_camellia_sinensis_transcriptional_landscape_camellia_sinensis_roots	GSM8436114_LJ_3	root	unannotated	unannotated
6337	Camellia sinensis	geo_gse273722_camellia_sinensis_transcriptional_landscape_camellia_sinensis_roots	GSM8436114_LJ_3	root	unannotated	unannotated
6338	Camellia sinensis	geo_gse273722_camellia_sinensis_transcriptional_landscape_camellia_sinensis_roots	GSM8436114_LJ_3	root	unannotated	unannotated
6339	Camellia sinensis	geo_gse273722_camellia_sinensis_transcriptional_landscape_camellia_sinensis_roots	GSM8436114_LJ_3	root	unannotated	unannotated
6340	Camellia sinensis	geo_gse273722_camellia_sinensis_transcriptional_landscape_camellia_sinensis_roots	GSM8436114_LJ_3	root	unannotated	unannotated
6341	Camellia sinensis	geo_gse273722_camellia_sinensis_transcriptional_landscape_camellia_sinensis_roots	GSM8436114_LJ_3	root	unannotated	unannotated
6342	Camellia sinensis	geo_gse273722_camellia_sinensis_transcriptional_landscape_camellia_sinensis_roots	GSM8436114_LJ_3	root	unannotated	unannotated
6343	Camellia sinensis	geo_gse273722_camellia_sinensis_transcriptional_landscape_camellia_sinensis_roots	GSM8436114_LJ_3	root	unannotated	unannotated
6344	Camellia sinensis	geo_gse273722_camellia_sinensis_transcriptional_landscape_camellia_sinensis_roots	GSM8436114_LJ_3	root	unannotated	unannotated
6345	Camellia sinensis	geo_gse273722_camellia_sinensis_transcriptional_landscape_camellia_sinensis_roots	GSM8436114_LJ_3	root	unannotated	unannotated
6346	Camellia sinensis	geo_gse273722_camellia_sinensis_transcriptional_landscape_camellia_sinensis_roots	GSM8436114_LJ_3	root	unannotated	unannotated
6347	Camellia sinensis	geo_gse273722_camellia_sinensis_transcriptional_landscape_camellia_sinensis_roots	GSM8436114_LJ_3	root	unannotated	unannotated
6348	Camellia sinensis	geo_gse273722_camellia_sinensis_transcriptional_landscape_camellia_sinensis_roots	GSM8436114_LJ_3	root	unannotated	unannotated
6349	Camellia sinensis	geo_gse273722_camellia_sinensis_transcriptional_landscape_camellia_sinensis_roots	GSM8436114_LJ_3	root	unannotated	unannotated
6350	Camellia sinensis	geo_gse273722_camellia_sinensis_transcriptional_landscape_camellia_sinensis_roots	GSM8436114_LJ_3	root	unannotated	unannotated
6351	Camellia sinensis	geo_gse273722_camellia_sinensis_transcriptional_landscape_camellia_sinensis_roots	GSM8436114_LJ_3	root	unannotated	unannotated
6352	Camellia sinensis	geo_gse273722_camellia_sinensis_transcriptional_landscape_camellia_sinensis_roots	GSM8436114_LJ_3	root	unannotated	unannotated
6353	Camellia sinensis	geo_gse273722_camellia_sinensis_transcriptional_landscape_camellia_sinensis_roots	GSM8436114_LJ_3	root	unannotated	unannotated
6354	Camellia sinensis	geo_gse273722_camellia_sinensis_transcriptional_landscape_camellia_sinensis_roots	GSM8436114_LJ_3	root	unannotated	unannotated
6355	Camellia sinensis	geo_gse273722_camellia_sinensis_transcriptional_landscape_camellia_sinensis_roots	GSM8436114_LJ_3	root	unannotated	unannotated
6356	Camellia sinensis	geo_gse273722_camellia_sinensis_transcriptional_landscape_camellia_sinensis_roots	GSM8436114_LJ_3	root	unannotated	unannotated
6357	Camellia sinensis	geo_gse273722_camellia_sinensis_transcriptional_landscape_camellia_sinensis_roots	GSM8436114_LJ_3	root	unannotated	unannotated
6358	Camellia sinensis	geo_gse273722_camellia_sinensis_transcriptional_landscape_camellia_sinensis_roots	GSM8436114_LJ_3	root	unannotated	unannotated
6359	Camellia sinensis	geo_gse273722_camellia_sinensis_transcriptional_landscape_camellia_sinensis_roots	GSM8436114_LJ_3	root	unannotated	unannotated
6360	Camellia sinensis	geo_gse273722_camellia_sinensis_transcriptional_landscape_camellia_sinensis_roots	GSM8436114_LJ_3	root	unannotated	unannotated
6361	Camellia sinensis	geo_gse273722_camellia_sinensis_transcriptional_landscape_camellia_sinensis_roots	GSM8436114_LJ_3	root	unannotated	unannotated
6362	Camellia sinensis	geo_gse273722_camellia_sinensis_transcriptional_landscape_camellia_sinensis_roots	GSM8436114_LJ_3	root	unannotated	unannotated
6363	Camellia sinensis	geo_gse273722_camellia_sinensis_transcriptional_landscape_camellia_sinensis_roots	GSM8436114_LJ_3	root	unannotated	unannotated
6364	Camellia sinensis	geo_gse273722_camellia_sinensis_transcriptional_landscape_camellia_sinensis_roots	GSM8436114_LJ_3	root	unannotated	unannotated
6365	Camellia sinensis	geo_gse273722_camellia_sinensis_transcriptional_landscape_camellia_sinensis_roots	GSM8436114_LJ_3	root	unannotated	unannotated
6366	Camellia sinensis	geo_gse273722_camellia_sinensis_transcriptional_landscape_camellia_sinensis_roots	GSM8436114_LJ_3	root	unannotated	unannotated
6367	Camellia sinensis	geo_gse273722_camellia_sinensis_transcriptional_landscape_camellia_sinensis_roots	GSM8436114_LJ_3	root	unannotated	unannotated
6368	Camellia sinensis	geo_gse273722_camellia_sinensis_transcriptional_landscape_camellia_sinensis_roots	GSM8436114_LJ_3	root	unannotated	unannotated
6369	Camellia sinensis	geo_gse273722_camellia_sinensis_transcriptional_landscape_camellia_sinensis_roots	GSM8436114_LJ_3	root	unannotated	unannotated
6370	Camellia sinensis	geo_gse273722_camellia_sinensis_transcriptional_landscape_camellia_sinensis_roots	GSM8436114_LJ_3	root	unannotated	unannotated
6371	Camellia sinensis	geo_gse273722_camellia_sinensis_transcriptional_landscape_camellia_sinensis_roots	GSM8436114_LJ_3	root	unannotated	unannotated
6372	Camellia sinensis	geo_gse273722_camellia_sinensis_transcriptional_landscape_camellia_sinensis_roots	GSM8436114_LJ_3	root	unannotated	unannotated
6373	Camellia sinensis	geo_gse273722_camellia_sinensis_transcriptional_landscape_camellia_sinensis_roots	GSM8436114_LJ_3	root	unannotated	unannotated
6374	Camellia sinensis	geo_gse273722_camellia_sinensis_transcriptional_landscape_camellia_sinensis_roots	GSM8436114_LJ_3	root	unannotated	unannotated
6375	Camellia sinensis	geo_gse273722_camellia_sinensis_transcriptional_landscape_camellia_sinensis_roots	GSM8436114_LJ_3	root	unannotated	unannotated
6376	Camellia sinensis	geo_gse273722_camellia_sinensis_transcriptional_landscape_camellia_sinensis_roots	GSM8436114_LJ_3	root	unannotated	unannotated
6377	Camellia sinensis	geo_gse273722_camellia_sinensis_transcriptional_landscape_camellia_sinensis_roots	GSM8436114_LJ_3	root	unannotated	unannotated
6378	Camellia sinensis	geo_gse273722_camellia_sinensis_transcriptional_landscape_camellia_sinensis_roots	GSM8436114_LJ_3	root	unannotated	unannotated
6379	Camellia sinensis	geo_gse273722_camellia_sinensis_transcriptional_landscape_camellia_sinensis_roots	GSM8436114_LJ_3	root	unannotated	unannotated
6380	Camellia sinensis	geo_gse273722_camellia_sinensis_transcriptional_landscape_camellia_sinensis_roots	GSM8436114_LJ_3	root	unannotated	unannotated
6381	Camellia sinensis	geo_gse273722_camellia_sinensis_transcriptional_landscape_camellia_sinensis_roots	GSM8436114_LJ_3	root	unannotated	unannotated
6382	Camellia sinensis	geo_gse273722_camellia_sinensis_transcriptional_landscape_camellia_sinensis_roots	GSM8436114_LJ_3	root	unannotated	unannotated
6383	Camellia sinensis	geo_gse273722_camellia_sinensis_transcriptional_landscape_camellia_sinensis_roots	GSM8436114_LJ_3	root	unannotated	unannotated
6384	Camellia sinensis	geo_gse273722_camellia_sinensis_transcriptional_landscape_camellia_sinensis_roots	GSM8436114_LJ_3	root	unannotated	unannotated
6385	Camellia sinensis	geo_gse273722_camellia_sinensis_transcriptional_landscape_camellia_sinensis_roots	GSM8436114_LJ_3	root	unannotated	unannotated
6386	Camellia sinensis	geo_gse273722_camellia_sinensis_transcriptional_landscape_camellia_sinensis_roots	GSM8436114_LJ_3	root	unannotated	unannotated
6387	Camellia sinensis	geo_gse273722_camellia_sinensis_transcriptional_landscape_camellia_sinensis_roots	GSM8436114_LJ_3	root	unannotated	unannotated
6388	Camellia sinensis	geo_gse273722_camellia_sinensis_transcriptional_landscape_camellia_sinensis_roots	GSM8436114_LJ_3	root	unannotated	unannotated
6389	Camellia sinensis	geo_gse273722_camellia_sinensis_transcriptional_landscape_camellia_sinensis_roots	GSM8436114_LJ_3	root	unannotated	unannotated
6390	Camellia sinensis	geo_gse273722_camellia_sinensis_transcriptional_landscape_camellia_sinensis_roots	GSM8436114_LJ_3	root	unannotated	unannotated
6391	Camellia sinensis	geo_gse273722_camellia_sinensis_transcriptional_landscape_camellia_sinensis_roots	GSM8436114_LJ_3	root	unannotated	unannotated
6392	Camellia sinensis	geo_gse273722_camellia_sinensis_transcriptional_landscape_camellia_sinensis_roots	GSM8436114_LJ_3	root	unannotated	unannotated
6393	Camellia sinensis	geo_gse273722_camellia_sinensis_transcriptional_landscape_camellia_sinensis_roots	GSM8436114_LJ_3	root	unannotated	unannotated
6394	Camellia sinensis	geo_gse273722_camellia_sinensis_transcriptional_landscape_camellia_sinensis_roots	GSM8436114_LJ_3	root	unannotated	unannotated
6395	Camellia sinensis	geo_gse273722_camellia_sinensis_transcriptional_landscape_camellia_sinensis_roots	GSM8436114_LJ_3	root	unannotated	unannotated
6396	Camellia sinensis	geo_gse273722_camellia_sinensis_transcriptional_landscape_camellia_sinensis_roots	GSM8436114_LJ_3	root	unannotated	unannotated
6397	Camellia sinensis	geo_gse273722_camellia_sinensis_transcriptional_landscape_camellia_sinensis_roots	GSM8436114_LJ_3	root	unannotated	unannotated
6398	Camellia sinensis	geo_gse273722_camellia_sinensis_transcriptional_landscape_camellia_sinensis_roots	GSM8436114_LJ_3	root	unannotated	unannotated
6399	Camellia sinensis	geo_gse273722_camellia_sinensis_transcriptional_landscape_camellia_sinensis_roots	GSM8436114_LJ_3	root	unannotated	unannotated
6400	Solanum lycopersicum	tomato_salt_idioblast_atlas	GSM9601952_CK1_filtered_feature_bc	leaf_salt_stress_idioblast	unannotated	unannotated
6401	Solanum lycopersicum	tomato_salt_idioblast_atlas	GSM9601952_CK1_filtered_feature_bc	leaf_salt_stress_idioblast	unannotated	unannotated
6402	Solanum lycopersicum	tomato_salt_idioblast_atlas	GSM9601952_CK1_filtered_feature_bc	leaf_salt_stress_idioblast	unannotated	unannotated
6403	Solanum lycopersicum	tomato_salt_idioblast_atlas	GSM9601952_CK1_filtered_feature_bc	leaf_salt_stress_idioblast	unannotated	unannotated
6404	Solanum lycopersicum	tomato_salt_idioblast_atlas	GSM9601952_CK1_filtered_feature_bc	leaf_salt_stress_idioblast	unannotated	unannotated
6405	Solanum lycopersicum	tomato_salt_idioblast_atlas	GSM9601952_CK1_filtered_feature_bc	leaf_salt_stress_idioblast	unannotated	unannotated
6406	Solanum lycopersicum	tomato_salt_idioblast_atlas	GSM9601952_CK1_filtered_feature_bc	leaf_salt_stress_idioblast	unannotated	unannotated
6407	Solanum lycopersicum	tomato_salt_idioblast_atlas	GSM9601952_CK1_filtered_feature_bc	leaf_salt_stress_idioblast	unannotated	unannotated
6408	Solanum lycopersicum	tomato_salt_idioblast_atlas	GSM9601952_CK1_filtered_feature_bc	leaf_salt_stress_idioblast	unannotated	unannotated
6409	Solanum lycopersicum	tomato_salt_idioblast_atlas	GSM9601952_CK1_filtered_feature_bc	leaf_salt_stress_idioblast	unannotated	unannotated
6410	Solanum lycopersicum	tomato_salt_idioblast_atlas	GSM9601952_CK1_filtered_feature_bc	leaf_salt_stress_idioblast	unannotated	unannotated
6411	Solanum lycopersicum	tomato_salt_idioblast_atlas	GSM9601952_CK1_filtered_feature_bc	leaf_salt_stress_idioblast	unannotated	unannotated
6412	Solanum lycopersicum	tomato_salt_idioblast_atlas	GSM9601952_CK1_filtered_feature_bc	leaf_salt_stress_idioblast	unannotated	unannotated
6413	Solanum lycopersicum	tomato_salt_idioblast_atlas	GSM9601952_CK1_filtered_feature_bc	leaf_salt_stress_idioblast	unannotated	unannotated
6414	Solanum lycopersicum	tomato_salt_idioblast_atlas	GSM9601952_CK1_filtered_feature_bc	leaf_salt_stress_idioblast	unannotated	unannotated
6415	Solanum lycopersicum	tomato_salt_idioblast_atlas	GSM9601952_CK1_filtered_feature_bc	leaf_salt_stress_idioblast	unannotated	unannotated
6416	Solanum lycopersicum	tomato_salt_idioblast_atlas	GSM9601952_CK1_filtered_feature_bc	leaf_salt_stress_idioblast	unannotated	unannotated
6417	Solanum lycopersicum	tomato_salt_idioblast_atlas	GSM9601952_CK1_filtered_feature_bc	leaf_salt_stress_idioblast	unannotated	unannotated
6418	Solanum lycopersicum	tomato_salt_idioblast_atlas	GSM9601952_CK1_filtered_feature_bc	leaf_salt_stress_idioblast	unannotated	unannotated
6419	Solanum lycopersicum	tomato_salt_idioblast_atlas	GSM9601952_CK1_filtered_feature_bc	leaf_salt_stress_idioblast	unannotated	unannotated
6420	Solanum lycopersicum	tomato_salt_idioblast_atlas	GSM9601952_CK1_filtered_feature_bc	leaf_salt_stress_idioblast	unannotated	unannotated
6421	Solanum lycopersicum	tomato_salt_idioblast_atlas	GSM9601952_CK1_filtered_feature_bc	leaf_salt_stress_idioblast	unannotated	unannotated
6422	Solanum lycopersicum	tomato_salt_idioblast_atlas	GSM9601952_CK1_filtered_feature_bc	leaf_salt_stress_idioblast	unannotated	unannotated
6423	Solanum lycopersicum	tomato_salt_idioblast_atlas	GSM9601952_CK1_filtered_feature_bc	leaf_salt_stress_idioblast	unannotated	unannotated
6424	Solanum lycopersicum	tomato_salt_idioblast_atlas	GSM9601952_CK1_filtered_feature_bc	leaf_salt_stress_idioblast	unannotated	unannotated
6425	Solanum lycopersicum	tomato_salt_idioblast_atlas	GSM9601952_CK1_filtered_feature_bc	leaf_salt_stress_idioblast	unannotated	unannotated
6426	Solanum lycopersicum	tomato_salt_idioblast_atlas	GSM9601952_CK1_filtered_feature_bc	leaf_salt_stress_idioblast	unannotated	unannotated
6427	Solanum lycopersicum	tomato_salt_idioblast_atlas	GSM9601952_CK1_filtered_feature_bc	leaf_salt_stress_idioblast	unannotated	unannotated
6428	Solanum lycopersicum	tomato_salt_idioblast_atlas	GSM9601952_CK1_filtered_feature_bc	leaf_salt_stress_idioblast	unannotated	unannotated
6429	Solanum lycopersicum	tomato_salt_idioblast_atlas	GSM9601952_CK1_filtered_feature_bc	leaf_salt_stress_idioblast	unannotated	unannotated
6430	Solanum lycopersicum	tomato_salt_idioblast_atlas	GSM9601952_CK1_filtered_feature_bc	leaf_salt_stress_idioblast	unannotated	unannotated
6431	Solanum lycopersicum	tomato_salt_idioblast_atlas	GSM9601952_CK1_filtered_feature_bc	leaf_salt_stress_idioblast	unannotated	unannotated
6432	Solanum lycopersicum	tomato_salt_idioblast_atlas	GSM9601952_CK1_filtered_feature_bc	leaf_salt_stress_idioblast	unannotated	unannotated
6433	Solanum lycopersicum	tomato_salt_idioblast_atlas	GSM9601952_CK1_filtered_feature_bc	leaf_salt_stress_idioblast	unannotated	unannotated
6434	Solanum lycopersicum	tomato_salt_idioblast_atlas	GSM9601952_CK1_filtered_feature_bc	leaf_salt_stress_idioblast	unannotated	unannotated
6435	Solanum lycopersicum	tomato_salt_idioblast_atlas	GSM9601952_CK1_filtered_feature_bc	leaf_salt_stress_idioblast	unannotated	unannotated
6436	Solanum lycopersicum	tomato_salt_idioblast_atlas	GSM9601952_CK1_filtered_feature_bc	leaf_salt_stress_idioblast	unannotated	unannotated
6437	Solanum lycopersicum	tomato_salt_idioblast_atlas	GSM9601952_CK1_filtered_feature_bc	leaf_salt_stress_idioblast	unannotated	unannotated
6438	Solanum lycopersicum	tomato_salt_idioblast_atlas	GSM9601952_CK1_filtered_feature_bc	leaf_salt_stress_idioblast	unannotated	unannotated
6439	Solanum lycopersicum	tomato_salt_idioblast_atlas	GSM9601952_CK1_filtered_feature_bc	leaf_salt_stress_idioblast	unannotated	unannotated
6440	Solanum lycopersicum	tomato_salt_idioblast_atlas	GSM9601952_CK1_filtered_feature_bc	leaf_salt_stress_idioblast	unannotated	unannotated
6441	Solanum lycopersicum	tomato_salt_idioblast_atlas	GSM9601952_CK1_filtered_feature_bc	leaf_salt_stress_idioblast	unannotated	unannotated
6442	Solanum lycopersicum	tomato_salt_idioblast_atlas	GSM9601952_CK1_filtered_feature_bc	leaf_salt_stress_idioblast	unannotated	unannotated
6443	Solanum lycopersicum	tomato_salt_idioblast_atlas	GSM9601952_CK1_filtered_feature_bc	leaf_salt_stress_idioblast	unannotated	unannotated
6444	Solanum lycopersicum	tomato_salt_idioblast_atlas	GSM9601952_CK1_filtered_feature_bc	leaf_salt_stress_idioblast	unannotated	unannotated
6445	Solanum lycopersicum	tomato_salt_idioblast_atlas	GSM9601952_CK1_filtered_feature_bc	leaf_salt_stress_idioblast	unannotated	unannotated
6446	Solanum lycopersicum	tomato_salt_idioblast_atlas	GSM9601952_CK1_filtered_feature_bc	leaf_salt_stress_idioblast	unannotated	unannotated
6447	Solanum lycopersicum	tomato_salt_idioblast_atlas	GSM9601952_CK1_filtered_feature_bc	leaf_salt_stress_idioblast	unannotated	unannotated
6448	Solanum lycopersicum	tomato_salt_idioblast_atlas	GSM9601952_CK1_filtered_feature_bc	leaf_salt_stress_idioblast	unannotated	unannotated
6449	Solanum lycopersicum	tomato_salt_idioblast_atlas	GSM9601952_CK1_filtered_feature_bc	leaf_salt_stress_idioblast	unannotated	unannotated
6450	Solanum lycopersicum	tomato_salt_idioblast_atlas	GSM9601953_CK2_filtered_feature_bc	leaf_salt_stress_idioblast	unannotated	unannotated
6451	Solanum lycopersicum	tomato_salt_idioblast_atlas	GSM9601953_CK2_filtered_feature_bc	leaf_salt_stress_idioblast	unannotated	unannotated
6452	Solanum lycopersicum	tomato_salt_idioblast_atlas	GSM9601953_CK2_filtered_feature_bc	leaf_salt_stress_idioblast	unannotated	unannotated
6453	Solanum lycopersicum	tomato_salt_idioblast_atlas	GSM9601953_CK2_filtered_feature_bc	leaf_salt_stress_idioblast	unannotated	unannotated
6454	Solanum lycopersicum	tomato_salt_idioblast_atlas	GSM9601953_CK2_filtered_feature_bc	leaf_salt_stress_idioblast	unannotated	unannotated
6455	Solanum lycopersicum	tomato_salt_idioblast_atlas	GSM9601953_CK2_filtered_feature_bc	leaf_salt_stress_idioblast	unannotated	unannotated
6456	Solanum lycopersicum	tomato_salt_idioblast_atlas	GSM9601953_CK2_filtered_feature_bc	leaf_salt_stress_idioblast	unannotated	unannotated
6457	Solanum lycopersicum	tomato_salt_idioblast_atlas	GSM9601953_CK2_filtered_feature_bc	leaf_salt_stress_idioblast	unannotated	unannotated
6458	Solanum lycopersicum	tomato_salt_idioblast_atlas	GSM9601953_CK2_filtered_feature_bc	leaf_salt_stress_idioblast	unannotated	unannotated
6459	Solanum lycopersicum	tomato_salt_idioblast_atlas	GSM9601953_CK2_filtered_feature_bc	leaf_salt_stress_idioblast	unannotated	unannotated
6460	Solanum lycopersicum	tomato_salt_idioblast_atlas	GSM9601953_CK2_filtered_feature_bc	leaf_salt_stress_idioblast	unannotated	unannotated
6461	Solanum lycopersicum	tomato_salt_idioblast_atlas	GSM9601953_CK2_filtered_feature_bc	leaf_salt_stress_idioblast	unannotated	unannotated
6462	Solanum lycopersicum	tomato_salt_idioblast_atlas	GSM9601953_CK2_filtered_feature_bc	leaf_salt_stress_idioblast	unannotated	unannotated
6463	Solanum lycopersicum	tomato_salt_idioblast_atlas	GSM9601953_CK2_filtered_feature_bc	leaf_salt_stress_idioblast	unannotated	unannotated
6464	Solanum lycopersicum	tomato_salt_idioblast_atlas	GSM9601953_CK2_filtered_feature_bc	leaf_salt_stress_idioblast	unannotated	unannotated
6465	Solanum lycopersicum	tomato_salt_idioblast_atlas	GSM9601953_CK2_filtered_feature_bc	leaf_salt_stress_idioblast	unannotated	unannotated
6466	Solanum lycopersicum	tomato_salt_idioblast_atlas	GSM9601953_CK2_filtered_feature_bc	leaf_salt_stress_idioblast	unannotated	unannotated
6467	Solanum lycopersicum	tomato_salt_idioblast_atlas	GSM9601953_CK2_filtered_feature_bc	leaf_salt_stress_idioblast	unannotated	unannotated
6468	Solanum lycopersicum	tomato_salt_idioblast_atlas	GSM9601953_CK2_filtered_feature_bc	leaf_salt_stress_idioblast	unannotated	unannotated
6469	Solanum lycopersicum	tomato_salt_idioblast_atlas	GSM9601953_CK2_filtered_feature_bc	leaf_salt_stress_idioblast	unannotated	unannotated
6470	Solanum lycopersicum	tomato_salt_idioblast_atlas	GSM9601953_CK2_filtered_feature_bc	leaf_salt_stress_idioblast	unannotated	unannotated
6471	Solanum lycopersicum	tomato_salt_idioblast_atlas	GSM9601953_CK2_filtered_feature_bc	leaf_salt_stress_idioblast	unannotated	unannotated
6472	Solanum lycopersicum	tomato_salt_idioblast_atlas	GSM9601953_CK2_filtered_feature_bc	leaf_salt_stress_idioblast	unannotated	unannotated
6473	Solanum lycopersicum	tomato_salt_idioblast_atlas	GSM9601953_CK2_filtered_feature_bc	leaf_salt_stress_idioblast	unannotated	unannotated
6474	Solanum lycopersicum	tomato_salt_idioblast_atlas	GSM9601953_CK2_filtered_feature_bc	leaf_salt_stress_idioblast	unannotated	unannotated
6475	Solanum lycopersicum	tomato_salt_idioblast_atlas	GSM9601953_CK2_filtered_feature_bc	leaf_salt_stress_idioblast	unannotated	unannotated
6476	Solanum lycopersicum	tomato_salt_idioblast_atlas	GSM9601953_CK2_filtered_feature_bc	leaf_salt_stress_idioblast	unannotated	unannotated
6477	Solanum lycopersicum	tomato_salt_idioblast_atlas	GSM9601953_CK2_filtered_feature_bc	leaf_salt_stress_idioblast	unannotated	unannotated
6478	Solanum lycopersicum	tomato_salt_idioblast_atlas	GSM9601953_CK2_filtered_feature_bc	leaf_salt_stress_idioblast	unannotated	unannotated
6479	Solanum lycopersicum	tomato_salt_idioblast_atlas	GSM9601954_CK3_filtered_feature_bc	leaf_salt_stress_idioblast	unannotated	unannotated
6480	Solanum lycopersicum	tomato_salt_idioblast_atlas	GSM9601954_CK3_filtered_feature_bc	leaf_salt_stress_idioblast	unannotated	unannotated
6481	Solanum lycopersicum	tomato_salt_idioblast_atlas	GSM9601954_CK3_filtered_feature_bc	leaf_salt_stress_idioblast	unannotated	unannotated
6482	Solanum lycopersicum	tomato_salt_idioblast_atlas	GSM9601954_CK3_filtered_feature_bc	leaf_salt_stress_idioblast	unannotated	unannotated
6483	Solanum lycopersicum	tomato_salt_idioblast_atlas	GSM9601954_CK3_filtered_feature_bc	leaf_salt_stress_idioblast	unannotated	unannotated
6484	Solanum lycopersicum	tomato_salt_idioblast_atlas	GSM9601954_CK3_filtered_feature_bc	leaf_salt_stress_idioblast	unannotated	unannotated
6485	Solanum lycopersicum	tomato_salt_idioblast_atlas	GSM9601954_CK3_filtered_feature_bc	leaf_salt_stress_idioblast	unannotated	unannotated
6486	Solanum lycopersicum	tomato_salt_idioblast_atlas	GSM9601954_CK3_filtered_feature_bc	leaf_salt_stress_idioblast	unannotated	unannotated
6487	Solanum lycopersicum	tomato_salt_idioblast_atlas	GSM9601954_CK3_filtered_feature_bc	leaf_salt_stress_idioblast	unannotated	unannotated
6488	Solanum lycopersicum	tomato_salt_idioblast_atlas	GSM9601954_CK3_filtered_feature_bc	leaf_salt_stress_idioblast	unannotated	unannotated
6489	Solanum lycopersicum	tomato_salt_idioblast_atlas	GSM9601954_CK3_filtered_feature_bc	leaf_salt_stress_idioblast	unannotated	unannotated
6490	Solanum lycopersicum	tomato_salt_idioblast_atlas	GSM9601954_CK3_filtered_feature_bc	leaf_salt_stress_idioblast	unannotated	unannotated
6491	Solanum lycopersicum	tomato_salt_idioblast_atlas	GSM9601954_CK3_filtered_feature_bc	leaf_salt_stress_idioblast	unannotated	unannotated
6492	Solanum lycopersicum	tomato_salt_idioblast_atlas	GSM9601954_CK3_filtered_feature_bc	leaf_salt_stress_idioblast	unannotated	unannotated
6493	Solanum lycopersicum	tomato_salt_idioblast_atlas	GSM9601954_CK3_filtered_feature_bc	leaf_salt_stress_idioblast	unannotated	unannotated
6494	Solanum lycopersicum	tomato_salt_idioblast_atlas	GSM9601954_CK3_filtered_feature_bc	leaf_salt_stress_idioblast	unannotated	unannotated
6495	Solanum lycopersicum	tomato_salt_idioblast_atlas	GSM9601954_CK3_filtered_feature_bc	leaf_salt_stress_idioblast	unannotated	unannotated
6496	Solanum lycopersicum	tomato_salt_idioblast_atlas	GSM9601954_CK3_filtered_feature_bc	leaf_salt_stress_idioblast	unannotated	unannotated
6497	Solanum lycopersicum	tomato_salt_idioblast_atlas	GSM9601954_CK3_filtered_feature_bc	leaf_salt_stress_idioblast	unannotated	unannotated
6498	Solanum lycopersicum	tomato_salt_idioblast_atlas	GSM9601954_CK3_filtered_feature_bc	leaf_salt_stress_idioblast	unannotated	unannotated
6499	Solanum lycopersicum	tomato_salt_idioblast_atlas	GSM9601954_CK3_filtered_feature_bc	leaf_salt_stress_idioblast	unannotated	unannotated
6500	Solanum lycopersicum	tomato_salt_idioblast_atlas	GSM9601954_CK3_filtered_feature_bc	leaf_salt_stress_idioblast	unannotated	unannotated
6501	Solanum lycopersicum	tomato_salt_idioblast_atlas	GSM9601954_CK3_filtered_feature_bc	leaf_salt_stress_idioblast	unannotated	unannotated
6502	Solanum lycopersicum	tomato_salt_idioblast_atlas	GSM9601954_CK3_filtered_feature_bc	leaf_salt_stress_idioblast	unannotated	unannotated
6503	Solanum lycopersicum	tomato_salt_idioblast_atlas	GSM9601954_CK3_filtered_feature_bc	leaf_salt_stress_idioblast	unannotated	unannotated
6504	Solanum lycopersicum	tomato_salt_idioblast_atlas	GSM9601954_CK3_filtered_feature_bc	leaf_salt_stress_idioblast	unannotated	unannotated
6505	Solanum lycopersicum	tomato_salt_idioblast_atlas	GSM9601954_CK3_filtered_feature_bc	leaf_salt_stress_idioblast	unannotated	unannotated
6506	Solanum lycopersicum	tomato_salt_idioblast_atlas	GSM9601954_CK3_filtered_feature_bc	leaf_salt_stress_idioblast	unannotated	unannotated
6507	Solanum lycopersicum	tomato_salt_idioblast_atlas	GSM9601954_CK3_filtered_feature_bc	leaf_salt_stress_idioblast	unannotated	unannotated
6508	Solanum lycopersicum	tomato_salt_idioblast_atlas	GSM9601954_CK3_filtered_feature_bc	leaf_salt_stress_idioblast	unannotated	unannotated
6509	Solanum lycopersicum	tomato_salt_idioblast_atlas	GSM9601954_CK3_filtered_feature_bc	leaf_salt_stress_idioblast	unannotated	unannotated
6510	Solanum lycopersicum	tomato_salt_idioblast_atlas	GSM9601954_CK3_filtered_feature_bc	leaf_salt_stress_idioblast	unannotated	unannotated
6511	Solanum lycopersicum	tomato_salt_idioblast_atlas	GSM9601954_CK3_filtered_feature_bc	leaf_salt_stress_idioblast	unannotated	unannotated
6512	Solanum lycopersicum	tomato_salt_idioblast_atlas	GSM9601954_CK3_filtered_feature_bc	leaf_salt_stress_idioblast	unannotated	unannotated
6513	Solanum lycopersicum	tomato_salt_idioblast_atlas	GSM9601954_CK3_filtered_feature_bc	leaf_salt_stress_idioblast	unannotated	unannotated
6514	Solanum lycopersicum	tomato_salt_idioblast_atlas	GSM9601954_CK3_filtered_feature_bc	leaf_salt_stress_idioblast	unannotated	unannotated
6515	Solanum lycopersicum	tomato_salt_idioblast_atlas	GSM9601955_LTSS1_filtered_feature_bc	leaf_salt_stress_idioblast	unannotated	unannotated
6516	Solanum lycopersicum	tomato_salt_idioblast_atlas	GSM9601955_LTSS1_filtered_feature_bc	leaf_salt_stress_idioblast	unannotated	unannotated
6517	Solanum lycopersicum	tomato_salt_idioblast_atlas	GSM9601955_LTSS1_filtered_feature_bc	leaf_salt_stress_idioblast	unannotated	unannotated
6518	Solanum lycopersicum	tomato_salt_idioblast_atlas	GSM9601955_LTSS1_filtered_feature_bc	leaf_salt_stress_idioblast	unannotated	unannotated
6519	Solanum lycopersicum	tomato_salt_idioblast_atlas	GSM9601955_LTSS1_filtered_feature_bc	leaf_salt_stress_idioblast	unannotated	unannotated
6520	Solanum lycopersicum	tomato_salt_idioblast_atlas	GSM9601955_LTSS1_filtered_feature_bc	leaf_salt_stress_idioblast	unannotated	unannotated
6521	Solanum lycopersicum	tomato_salt_idioblast_atlas	GSM9601955_LTSS1_filtered_feature_bc	leaf_salt_stress_idioblast	unannotated	unannotated
6522	Solanum lycopersicum	tomato_salt_idioblast_atlas	GSM9601955_LTSS1_filtered_feature_bc	leaf_salt_stress_idioblast	unannotated	unannotated
6523	Solanum lycopersicum	tomato_salt_idioblast_atlas	GSM9601955_LTSS1_filtered_feature_bc	leaf_salt_stress_idioblast	unannotated	unannotated
6524	Solanum lycopersicum	tomato_salt_idioblast_atlas	GSM9601955_LTSS1_filtered_feature_bc	leaf_salt_stress_idioblast	unannotated	unannotated
6525	Solanum lycopersicum	tomato_salt_idioblast_atlas	GSM9601955_LTSS1_filtered_feature_bc	leaf_salt_stress_idioblast	unannotated	unannotated
6526	Solanum lycopersicum	tomato_salt_idioblast_atlas	GSM9601955_LTSS1_filtered_feature_bc	leaf_salt_stress_idioblast	unannotated	unannotated
6527	Solanum lycopersicum	tomato_salt_idioblast_atlas	GSM9601955_LTSS1_filtered_feature_bc	leaf_salt_stress_idioblast	unannotated	unannotated
6528	Solanum lycopersicum	tomato_salt_idioblast_atlas	GSM9601955_LTSS1_filtered_feature_bc	leaf_salt_stress_idioblast	unannotated	unannotated
6529	Solanum lycopersicum	tomato_salt_idioblast_atlas	GSM9601955_LTSS1_filtered_feature_bc	leaf_salt_stress_idioblast	unannotated	unannotated
6530	Solanum lycopersicum	tomato_salt_idioblast_atlas	GSM9601955_LTSS1_filtered_feature_bc	leaf_salt_stress_idioblast	unannotated	unannotated
6531	Solanum lycopersicum	tomato_salt_idioblast_atlas	GSM9601955_LTSS1_filtered_feature_bc	leaf_salt_stress_idioblast	unannotated	unannotated
6532	Solanum lycopersicum	tomato_salt_idioblast_atlas	GSM9601955_LTSS1_filtered_feature_bc	leaf_salt_stress_idioblast	unannotated	unannotated
6533	Solanum lycopersicum	tomato_salt_idioblast_atlas	GSM9601955_LTSS1_filtered_feature_bc	leaf_salt_stress_idioblast	unannotated	unannotated
6534	Solanum lycopersicum	tomato_salt_idioblast_atlas	GSM9601955_LTSS1_filtered_feature_bc	leaf_salt_stress_idioblast	unannotated	unannotated
6535	Solanum lycopersicum	tomato_salt_idioblast_atlas	GSM9601955_LTSS1_filtered_feature_bc	leaf_salt_stress_idioblast	unannotated	unannotated
6536	Solanum lycopersicum	tomato_salt_idioblast_atlas	GSM9601955_LTSS1_filtered_feature_bc	leaf_salt_stress_idioblast	unannotated	unannotated
6537	Solanum lycopersicum	tomato_salt_idioblast_atlas	GSM9601955_LTSS1_filtered_feature_bc	leaf_salt_stress_idioblast	unannotated	unannotated
6538	Solanum lycopersicum	tomato_salt_idioblast_atlas	GSM9601955_LTSS1_filtered_feature_bc	leaf_salt_stress_idioblast	unannotated	unannotated
6539	Solanum lycopersicum	tomato_salt_idioblast_atlas	GSM9601955_LTSS1_filtered_feature_bc	leaf_salt_stress_idioblast	unannotated	unannotated
6540	Solanum lycopersicum	tomato_salt_idioblast_atlas	GSM9601955_LTSS1_filtered_feature_bc	leaf_salt_stress_idioblast	unannotated	unannotated
6541	Solanum lycopersicum	tomato_salt_idioblast_atlas	GSM9601955_LTSS1_filtered_feature_bc	leaf_salt_stress_idioblast	unannotated	unannotated
6542	Solanum lycopersicum	tomato_salt_idioblast_atlas	GSM9601955_LTSS1_filtered_feature_bc	leaf_salt_stress_idioblast	unannotated	unannotated
6543	Solanum lycopersicum	tomato_salt_idioblast_atlas	GSM9601956_LTSS2_filtered_feature_bc	leaf_salt_stress_idioblast	unannotated	unannotated
6544	Solanum lycopersicum	tomato_salt_idioblast_atlas	GSM9601956_LTSS2_filtered_feature_bc	leaf_salt_stress_idioblast	unannotated	unannotated
6545	Solanum lycopersicum	tomato_salt_idioblast_atlas	GSM9601956_LTSS2_filtered_feature_bc	leaf_salt_stress_idioblast	unannotated	unannotated
6546	Solanum lycopersicum	tomato_salt_idioblast_atlas	GSM9601956_LTSS2_filtered_feature_bc	leaf_salt_stress_idioblast	unannotated	unannotated
6547	Solanum lycopersicum	tomato_salt_idioblast_atlas	GSM9601956_LTSS2_filtered_feature_bc	leaf_salt_stress_idioblast	unannotated	unannotated
6548	Solanum lycopersicum	tomato_salt_idioblast_atlas	GSM9601956_LTSS2_filtered_feature_bc	leaf_salt_stress_idioblast	unannotated	unannotated
6549	Solanum lycopersicum	tomato_salt_idioblast_atlas	GSM9601956_LTSS2_filtered_feature_bc	leaf_salt_stress_idioblast	unannotated	unannotated
6550	Solanum lycopersicum	tomato_salt_idioblast_atlas	GSM9601956_LTSS2_filtered_feature_bc	leaf_salt_stress_idioblast	unannotated	unannotated
6551	Solanum lycopersicum	tomato_salt_idioblast_atlas	GSM9601956_LTSS2_filtered_feature_bc	leaf_salt_stress_idioblast	unannotated	unannotated
6552	Solanum lycopersicum	tomato_salt_idioblast_atlas	GSM9601956_LTSS2_filtered_feature_bc	leaf_salt_stress_idioblast	unannotated	unannotated
6553	Solanum lycopersicum	tomato_salt_idioblast_atlas	GSM9601956_LTSS2_filtered_feature_bc	leaf_salt_stress_idioblast	unannotated	unannotated
6554	Solanum lycopersicum	tomato_salt_idioblast_atlas	GSM9601956_LTSS2_filtered_feature_bc	leaf_salt_stress_idioblast	unannotated	unannotated
6555	Solanum lycopersicum	tomato_salt_idioblast_atlas	GSM9601956_LTSS2_filtered_feature_bc	leaf_salt_stress_idioblast	unannotated	unannotated
6556	Solanum lycopersicum	tomato_salt_idioblast_atlas	GSM9601956_LTSS2_filtered_feature_bc	leaf_salt_stress_idioblast	unannotated	unannotated
6557	Solanum lycopersicum	tomato_salt_idioblast_atlas	GSM9601956_LTSS2_filtered_feature_bc	leaf_salt_stress_idioblast	unannotated	unannotated
6558	Solanum lycopersicum	tomato_salt_idioblast_atlas	GSM9601956_LTSS2_filtered_feature_bc	leaf_salt_stress_idioblast	unannotated	unannotated
6559	Solanum lycopersicum	tomato_salt_idioblast_atlas	GSM9601956_LTSS2_filtered_feature_bc	leaf_salt_stress_idioblast	unannotated	unannotated
6560	Solanum lycopersicum	tomato_salt_idioblast_atlas	GSM9601956_LTSS2_filtered_feature_bc	leaf_salt_stress_idioblast	unannotated	unannotated
6561	Solanum lycopersicum	tomato_salt_idioblast_atlas	GSM9601956_LTSS2_filtered_feature_bc	leaf_salt_stress_idioblast	unannotated	unannotated
6562	Solanum lycopersicum	tomato_salt_idioblast_atlas	GSM9601956_LTSS2_filtered_feature_bc	leaf_salt_stress_idioblast	unannotated	unannotated
6563	Solanum lycopersicum	tomato_salt_idioblast_atlas	GSM9601956_LTSS2_filtered_feature_bc	leaf_salt_stress_idioblast	unannotated	unannotated
6564	Solanum lycopersicum	tomato_salt_idioblast_atlas	GSM9601956_LTSS2_filtered_feature_bc	leaf_salt_stress_idioblast	unannotated	unannotated
6565	Solanum lycopersicum	tomato_salt_idioblast_atlas	GSM9601956_LTSS2_filtered_feature_bc	leaf_salt_stress_idioblast	unannotated	unannotated
6566	Solanum lycopersicum	tomato_salt_idioblast_atlas	GSM9601956_LTSS2_filtered_feature_bc	leaf_salt_stress_idioblast	unannotated	unannotated
6567	Solanum lycopersicum	tomato_salt_idioblast_atlas	GSM9601957_LTSS3_filtered_feature_bc	leaf_salt_stress_idioblast	unannotated	unannotated
6568	Solanum lycopersicum	tomato_salt_idioblast_atlas	GSM9601957_LTSS3_filtered_feature_bc	leaf_salt_stress_idioblast	unannotated	unannotated
6569	Solanum lycopersicum	tomato_salt_idioblast_atlas	GSM9601957_LTSS3_filtered_feature_bc	leaf_salt_stress_idioblast	unannotated	unannotated
6570	Solanum lycopersicum	tomato_salt_idioblast_atlas	GSM9601957_LTSS3_filtered_feature_bc	leaf_salt_stress_idioblast	unannotated	unannotated
6571	Solanum lycopersicum	tomato_salt_idioblast_atlas	GSM9601957_LTSS3_filtered_feature_bc	leaf_salt_stress_idioblast	unannotated	unannotated
6572	Solanum lycopersicum	tomato_salt_idioblast_atlas	GSM9601957_LTSS3_filtered_feature_bc	leaf_salt_stress_idioblast	unannotated	unannotated
6573	Solanum lycopersicum	tomato_salt_idioblast_atlas	GSM9601957_LTSS3_filtered_feature_bc	leaf_salt_stress_idioblast	unannotated	unannotated
6574	Solanum lycopersicum	tomato_salt_idioblast_atlas	GSM9601957_LTSS3_filtered_feature_bc	leaf_salt_stress_idioblast	unannotated	unannotated
6575	Solanum lycopersicum	tomato_salt_idioblast_atlas	GSM9601957_LTSS3_filtered_feature_bc	leaf_salt_stress_idioblast	unannotated	unannotated
6576	Solanum lycopersicum	tomato_salt_idioblast_atlas	GSM9601957_LTSS3_filtered_feature_bc	leaf_salt_stress_idioblast	unannotated	unannotated
6577	Solanum lycopersicum	tomato_salt_idioblast_atlas	GSM9601957_LTSS3_filtered_feature_bc	leaf_salt_stress_idioblast	unannotated	unannotated
6578	Solanum lycopersicum	tomato_salt_idioblast_atlas	GSM9601957_LTSS3_filtered_feature_bc	leaf_salt_stress_idioblast	unannotated	unannotated
6579	Solanum lycopersicum	tomato_salt_idioblast_atlas	GSM9601957_LTSS3_filtered_feature_bc	leaf_salt_stress_idioblast	unannotated	unannotated
6580	Solanum lycopersicum	tomato_salt_idioblast_atlas	GSM9601957_LTSS3_filtered_feature_bc	leaf_salt_stress_idioblast	unannotated	unannotated
6581	Solanum lycopersicum	tomato_salt_idioblast_atlas	GSM9601957_LTSS3_filtered_feature_bc	leaf_salt_stress_idioblast	unannotated	unannotated
6582	Solanum lycopersicum	tomato_salt_idioblast_atlas	GSM9601957_LTSS3_filtered_feature_bc	leaf_salt_stress_idioblast	unannotated	unannotated
6583	Solanum lycopersicum	tomato_salt_idioblast_atlas	GSM9601957_LTSS3_filtered_feature_bc	leaf_salt_stress_idioblast	unannotated	unannotated
6584	Solanum lycopersicum	tomato_salt_idioblast_atlas	GSM9601957_LTSS3_filtered_feature_bc	leaf_salt_stress_idioblast	unannotated	unannotated
6585	Solanum lycopersicum	tomato_salt_idioblast_atlas	GSM9601957_LTSS3_filtered_feature_bc	leaf_salt_stress_idioblast	unannotated	unannotated
6586	Solanum lycopersicum	tomato_salt_idioblast_atlas	GSM9601957_LTSS3_filtered_feature_bc	leaf_salt_stress_idioblast	unannotated	unannotated
6587	Solanum lycopersicum	tomato_salt_idioblast_atlas	GSM9601958_CK1	leaf_salt_stress_idioblast	unannotated	unannotated
6588	Solanum lycopersicum	tomato_salt_idioblast_atlas	GSM9601958_CK1	leaf_salt_stress_idioblast	unannotated	unannotated
6589	Solanum lycopersicum	tomato_salt_idioblast_atlas	GSM9601958_CK1	leaf_salt_stress_idioblast	unannotated	unannotated
6590	Solanum lycopersicum	tomato_salt_idioblast_atlas	GSM9601958_CK1	leaf_salt_stress_idioblast	unannotated	unannotated
6591	Solanum lycopersicum	tomato_salt_idioblast_atlas	GSM9601958_CK1	leaf_salt_stress_idioblast	unannotated	unannotated
6592	Solanum lycopersicum	tomato_salt_idioblast_atlas	GSM9601958_CK1	leaf_salt_stress_idioblast	unannotated	unannotated
6593	Solanum lycopersicum	tomato_salt_idioblast_atlas	GSM9601958_CK1	leaf_salt_stress_idioblast	unannotated	unannotated
6594	Solanum lycopersicum	tomato_salt_idioblast_atlas	GSM9601958_CK1	leaf_salt_stress_idioblast	unannotated	unannotated
6595	Solanum lycopersicum	tomato_salt_idioblast_atlas	GSM9601958_CK1	leaf_salt_stress_idioblast	unannotated	unannotated
6596	Solanum lycopersicum	tomato_salt_idioblast_atlas	GSM9601958_CK1	leaf_salt_stress_idioblast	unannotated	unannotated
6597	Solanum lycopersicum	tomato_salt_idioblast_atlas	GSM9601958_CK1	leaf_salt_stress_idioblast	unannotated	unannotated
6598	Solanum lycopersicum	tomato_salt_idioblast_atlas	GSM9601958_CK1	leaf_salt_stress_idioblast	unannotated	unannotated
6599	Solanum lycopersicum	tomato_salt_idioblast_atlas	GSM9601958_CK1	leaf_salt_stress_idioblast	unannotated	unannotated
6600	Solanum lycopersicum	tomato_salt_idioblast_atlas	GSM9601958_CK1	leaf_salt_stress_idioblast	unannotated	unannotated
6601	Solanum lycopersicum	tomato_salt_idioblast_atlas	GSM9601958_CK1	leaf_salt_stress_idioblast	unannotated	unannotated
6602	Solanum lycopersicum	tomato_salt_idioblast_atlas	GSM9601958_CK1	leaf_salt_stress_idioblast	unannotated	unannotated
6603	Solanum lycopersicum	tomato_salt_idioblast_atlas	GSM9601958_CK1	leaf_salt_stress_idioblast	unannotated	unannotated
6604	Solanum lycopersicum	tomato_salt_idioblast_atlas	GSM9601958_CK1	leaf_salt_stress_idioblast	unannotated	unannotated
6605	Solanum lycopersicum	tomato_salt_idioblast_atlas	GSM9601959_CK2	leaf_salt_stress_idioblast	unannotated	unannotated
6606	Solanum lycopersicum	tomato_salt_idioblast_atlas	GSM9601959_CK2	leaf_salt_stress_idioblast	unannotated	unannotated
6607	Solanum lycopersicum	tomato_salt_idioblast_atlas	GSM9601959_CK2	leaf_salt_stress_idioblast	unannotated	unannotated
6608	Solanum lycopersicum	tomato_salt_idioblast_atlas	GSM9601959_CK2	leaf_salt_stress_idioblast	unannotated	unannotated
6609	Solanum lycopersicum	tomato_salt_idioblast_atlas	GSM9601959_CK2	leaf_salt_stress_idioblast	unannotated	unannotated
6610	Solanum lycopersicum	tomato_salt_idioblast_atlas	GSM9601959_CK2	leaf_salt_stress_idioblast	unannotated	unannotated
6611	Solanum lycopersicum	tomato_salt_idioblast_atlas	GSM9601959_CK2	leaf_salt_stress_idioblast	unannotated	unannotated
6612	Solanum lycopersicum	tomato_salt_idioblast_atlas	GSM9601959_CK2	leaf_salt_stress_idioblast	unannotated	unannotated
6613	Solanum lycopersicum	tomato_salt_idioblast_atlas	GSM9601959_CK2	leaf_salt_stress_idioblast	unannotated	unannotated
6614	Solanum lycopersicum	tomato_salt_idioblast_atlas	GSM9601959_CK2	leaf_salt_stress_idioblast	unannotated	unannotated
6615	Solanum lycopersicum	tomato_salt_idioblast_atlas	GSM9601959_CK2	leaf_salt_stress_idioblast	unannotated	unannotated
6616	Solanum lycopersicum	tomato_salt_idioblast_atlas	GSM9601959_CK2	leaf_salt_stress_idioblast	unannotated	unannotated
6617	Solanum lycopersicum	tomato_salt_idioblast_atlas	GSM9601959_CK2	leaf_salt_stress_idioblast	unannotated	unannotated
6618	Solanum lycopersicum	tomato_salt_idioblast_atlas	GSM9601959_CK2	leaf_salt_stress_idioblast	unannotated	unannotated
6619	Solanum lycopersicum	tomato_salt_idioblast_atlas	GSM9601959_CK2	leaf_salt_stress_idioblast	unannotated	unannotated
6620	Solanum lycopersicum	tomato_salt_idioblast_atlas	GSM9601959_CK2	leaf_salt_stress_idioblast	unannotated	unannotated
6621	Solanum lycopersicum	tomato_salt_idioblast_atlas	GSM9601959_CK2	leaf_salt_stress_idioblast	unannotated	unannotated
6622	Solanum lycopersicum	tomato_salt_idioblast_atlas	GSM9601959_CK2	leaf_salt_stress_idioblast	unannotated	unannotated
6623	Solanum lycopersicum	tomato_salt_idioblast_atlas	GSM9601959_CK2	leaf_salt_stress_idioblast	unannotated	unannotated
6624	Solanum lycopersicum	tomato_salt_idioblast_atlas	GSM9601959_CK2	leaf_salt_stress_idioblast	unannotated	unannotated
6625	Solanum lycopersicum	tomato_salt_idioblast_atlas	GSM9601959_CK2	leaf_salt_stress_idioblast	unannotated	unannotated
6626	Solanum lycopersicum	tomato_salt_idioblast_atlas	GSM9601959_CK2	leaf_salt_stress_idioblast	unannotated	unannotated
6627	Solanum lycopersicum	tomato_salt_idioblast_atlas	GSM9601960_LTSS1	leaf_salt_stress_idioblast	unannotated	unannotated
6628	Solanum lycopersicum	tomato_salt_idioblast_atlas	GSM9601960_LTSS1	leaf_salt_stress_idioblast	unannotated	unannotated
6629	Solanum lycopersicum	tomato_salt_idioblast_atlas	GSM9601960_LTSS1	leaf_salt_stress_idioblast	unannotated	unannotated
6630	Solanum lycopersicum	tomato_salt_idioblast_atlas	GSM9601960_LTSS1	leaf_salt_stress_idioblast	unannotated	unannotated
6631	Solanum lycopersicum	tomato_salt_idioblast_atlas	GSM9601960_LTSS1	leaf_salt_stress_idioblast	unannotated	unannotated
6632	Solanum lycopersicum	tomato_salt_idioblast_atlas	GSM9601960_LTSS1	leaf_salt_stress_idioblast	unannotated	unannotated
6633	Solanum lycopersicum	tomato_salt_idioblast_atlas	GSM9601960_LTSS1	leaf_salt_stress_idioblast	unannotated	unannotated
6634	Solanum lycopersicum	tomato_salt_idioblast_atlas	GSM9601960_LTSS1	leaf_salt_stress_idioblast	unannotated	unannotated
6635	Solanum lycopersicum	tomato_salt_idioblast_atlas	GSM9601960_LTSS1	leaf_salt_stress_idioblast	unannotated	unannotated
6636	Solanum lycopersicum	tomato_salt_idioblast_atlas	GSM9601960_LTSS1	leaf_salt_stress_idioblast	unannotated	unannotated
6637	Solanum lycopersicum	tomato_salt_idioblast_atlas	GSM9601960_LTSS1	leaf_salt_stress_idioblast	unannotated	unannotated
6638	Solanum lycopersicum	tomato_salt_idioblast_atlas	GSM9601960_LTSS1	leaf_salt_stress_idioblast	unannotated	unannotated
6639	Solanum lycopersicum	tomato_salt_idioblast_atlas	GSM9601960_LTSS1	leaf_salt_stress_idioblast	unannotated	unannotated
6640	Solanum lycopersicum	tomato_salt_idioblast_atlas	GSM9601960_LTSS1	leaf_salt_stress_idioblast	unannotated	unannotated
6641	Solanum lycopersicum	tomato_salt_idioblast_atlas	GSM9601961_LTSS2	leaf_salt_stress_idioblast	unannotated	unannotated
6642	Solanum lycopersicum	tomato_salt_idioblast_atlas	GSM9601961_LTSS2	leaf_salt_stress_idioblast	unannotated	unannotated
6643	Solanum lycopersicum	tomato_salt_idioblast_atlas	GSM9601961_LTSS2	leaf_salt_stress_idioblast	unannotated	unannotated
6644	Solanum lycopersicum	tomato_salt_idioblast_atlas	GSM9601961_LTSS2	leaf_salt_stress_idioblast	unannotated	unannotated
6645	Solanum lycopersicum	tomato_salt_idioblast_atlas	GSM9601961_LTSS2	leaf_salt_stress_idioblast	unannotated	unannotated
6646	Solanum lycopersicum	tomato_salt_idioblast_atlas	GSM9601961_LTSS2	leaf_salt_stress_idioblast	unannotated	unannotated
6647	Solanum lycopersicum	tomato_salt_idioblast_atlas	GSM9601961_LTSS2	leaf_salt_stress_idioblast	unannotated	unannotated
6648	Solanum lycopersicum	tomato_salt_idioblast_atlas	GSM9601961_LTSS2	leaf_salt_stress_idioblast	unannotated	unannotated
6649	Solanum lycopersicum	tomato_salt_idioblast_atlas	GSM9601961_LTSS2	leaf_salt_stress_idioblast	unannotated	unannotated
6650	Solanum lycopersicum	tomato_salt_idioblast_atlas	GSM9601961_LTSS2	leaf_salt_stress_idioblast	unannotated	unannotated
6651	Solanum lycopersicum	tomato_salt_idioblast_atlas	GSM9601961_LTSS2	leaf_salt_stress_idioblast	unannotated	unannotated
6652	Solanum lycopersicum	tomato_salt_idioblast_atlas	GSM9601961_LTSS2	leaf_salt_stress_idioblast	unannotated	unannotated
6653	Solanum lycopersicum	tomato_salt_idioblast_atlas	GSM9601961_LTSS2	leaf_salt_stress_idioblast	unannotated	unannotated
6654	Solanum lycopersicum	tomato_salt_idioblast_atlas	GSM9601961_LTSS2	leaf_salt_stress_idioblast	unannotated	unannotated
6655	Solanum lycopersicum	tomato_salt_idioblast_atlas	GSM9601961_LTSS2	leaf_salt_stress_idioblast	unannotated	unannotated
6656	Zea mays	maize_leaf_phloem_atlas	GSM4774629_filtered_feature_bc_matrix_1	leaf_phloem	unannotated	unannotated
6657	Zea mays	maize_leaf_phloem_atlas	GSM4774629_filtered_feature_bc_matrix_1	leaf_phloem	unannotated	unannotated
6658	Zea mays	maize_leaf_phloem_atlas	GSM4774629_filtered_feature_bc_matrix_1	leaf_phloem	unannotated	unannotated
6659	Zea mays	maize_leaf_phloem_atlas	GSM4774629_filtered_feature_bc_matrix_1	leaf_phloem	unannotated	unannotated
6660	Zea mays	maize_leaf_phloem_atlas	GSM4774629_filtered_feature_bc_matrix_1	leaf_phloem	unannotated	unannotated
6661	Zea mays	maize_leaf_phloem_atlas	GSM4774629_filtered_feature_bc_matrix_1	leaf_phloem	unannotated	unannotated
6662	Zea mays	maize_leaf_phloem_atlas	GSM4774629_filtered_feature_bc_matrix_1	leaf_phloem	unannotated	unannotated
6663	Zea mays	maize_leaf_phloem_atlas	GSM4774629_filtered_feature_bc_matrix_1	leaf_phloem	unannotated	unannotated
6664	Zea mays	maize_leaf_phloem_atlas	GSM4774629_filtered_feature_bc_matrix_1	leaf_phloem	unannotated	unannotated
6665	Zea mays	maize_leaf_phloem_atlas	GSM4774629_filtered_feature_bc_matrix_1	leaf_phloem	unannotated	unannotated
6666	Zea mays	maize_leaf_phloem_atlas	GSM4774629_filtered_feature_bc_matrix_1	leaf_phloem	unannotated	unannotated
6667	Zea mays	maize_leaf_phloem_atlas	GSM4774629_filtered_feature_bc_matrix_1	leaf_phloem	unannotated	unannotated
6668	Zea mays	maize_leaf_phloem_atlas	GSM4774629_filtered_feature_bc_matrix_1	leaf_phloem	unannotated	unannotated
6669	Zea mays	maize_leaf_phloem_atlas	GSM4774629_filtered_feature_bc_matrix_1	leaf_phloem	unannotated	unannotated
6670	Zea mays	maize_leaf_phloem_atlas	GSM4774629_filtered_feature_bc_matrix_1	leaf_phloem	unannotated	unannotated
6671	Zea mays	maize_leaf_phloem_atlas	GSM4774629_filtered_feature_bc_matrix_1	leaf_phloem	unannotated	unannotated
6672	Zea mays	maize_leaf_phloem_atlas	GSM4774629_filtered_feature_bc_matrix_1	leaf_phloem	unannotated	unannotated
6673	Zea mays	maize_leaf_phloem_atlas	GSM4774629_filtered_feature_bc_matrix_1	leaf_phloem	unannotated	unannotated
6674	Zea mays	maize_leaf_phloem_atlas	GSM4774629_filtered_feature_bc_matrix_1	leaf_phloem	unannotated	unannotated
6675	Zea mays	maize_leaf_phloem_atlas	GSM4774629_filtered_feature_bc_matrix_1	leaf_phloem	unannotated	unannotated
6676	Zea mays	maize_leaf_phloem_atlas	GSM4774629_filtered_feature_bc_matrix_1	leaf_phloem	unannotated	unannotated
6677	Zea mays	maize_leaf_phloem_atlas	GSM4774629_filtered_feature_bc_matrix_1	leaf_phloem	unannotated	unannotated
6678	Zea mays	maize_leaf_phloem_atlas	GSM4774629_filtered_feature_bc_matrix_1	leaf_phloem	unannotated	unannotated
6679	Zea mays	maize_leaf_phloem_atlas	GSM4774629_filtered_feature_bc_matrix_1	leaf_phloem	unannotated	unannotated
6680	Zea mays	maize_leaf_phloem_atlas	GSM4774629_filtered_feature_bc_matrix_1	leaf_phloem	unannotated	unannotated
6681	Zea mays	maize_leaf_phloem_atlas	GSM4774629_filtered_feature_bc_matrix_1	leaf_phloem	unannotated	unannotated
6682	Zea mays	maize_leaf_phloem_atlas	GSM4774629_filtered_feature_bc_matrix_1	leaf_phloem	unannotated	unannotated
6683	Zea mays	maize_leaf_phloem_atlas	GSM4774629_filtered_feature_bc_matrix_1	leaf_phloem	unannotated	unannotated
6684	Zea mays	maize_leaf_phloem_atlas	GSM4774629_filtered_feature_bc_matrix_1	leaf_phloem	unannotated	unannotated
6685	Zea mays	maize_leaf_phloem_atlas	GSM4774629_filtered_feature_bc_matrix_1	leaf_phloem	unannotated	unannotated
6686	Zea mays	maize_leaf_phloem_atlas	GSM4774629_filtered_feature_bc_matrix_1	leaf_phloem	unannotated	unannotated
6687	Zea mays	maize_leaf_phloem_atlas	GSM4774629_filtered_feature_bc_matrix_1	leaf_phloem	unannotated	unannotated
6688	Zea mays	maize_leaf_phloem_atlas	GSM4774629_filtered_feature_bc_matrix_1	leaf_phloem	unannotated	unannotated
6689	Zea mays	maize_leaf_phloem_atlas	GSM4774629_filtered_feature_bc_matrix_1	leaf_phloem	unannotated	unannotated
6690	Zea mays	maize_leaf_phloem_atlas	GSM4774629_filtered_feature_bc_matrix_1	leaf_phloem	unannotated	unannotated
6691	Zea mays	maize_leaf_phloem_atlas	GSM4774629_filtered_feature_bc_matrix_1	leaf_phloem	unannotated	unannotated
6692	Zea mays	maize_leaf_phloem_atlas	GSM4774629_filtered_feature_bc_matrix_1	leaf_phloem	unannotated	unannotated
6693	Zea mays	maize_leaf_phloem_atlas	GSM4774629_filtered_feature_bc_matrix_1	leaf_phloem	unannotated	unannotated
6694	Zea mays	maize_leaf_phloem_atlas	GSM4774629_filtered_feature_bc_matrix_1	leaf_phloem	unannotated	unannotated
6695	Zea mays	maize_leaf_phloem_atlas	GSM4774629_filtered_feature_bc_matrix_1	leaf_phloem	unannotated	unannotated
6696	Zea mays	maize_leaf_phloem_atlas	GSM4774629_filtered_feature_bc_matrix_1	leaf_phloem	unannotated	unannotated
6697	Zea mays	maize_leaf_phloem_atlas	GSM4774629_filtered_feature_bc_matrix_1	leaf_phloem	unannotated	unannotated
6698	Zea mays	maize_leaf_phloem_atlas	GSM4774629_filtered_feature_bc_matrix_1	leaf_phloem	unannotated	unannotated
6699	Zea mays	maize_leaf_phloem_atlas	GSM4774629_filtered_feature_bc_matrix_1	leaf_phloem	unannotated	unannotated
6700	Zea mays	maize_leaf_phloem_atlas	GSM4774629_filtered_feature_bc_matrix_1	leaf_phloem	unannotated	unannotated
6701	Zea mays	maize_leaf_phloem_atlas	GSM4774629_filtered_feature_bc_matrix_1	leaf_phloem	unannotated	unannotated
6702	Zea mays	maize_leaf_phloem_atlas	GSM4774629_filtered_feature_bc_matrix_1	leaf_phloem	unannotated	unannotated
6703	Zea mays	maize_leaf_phloem_atlas	GSM4774629_filtered_feature_bc_matrix_1	leaf_phloem	unannotated	unannotated
6704	Zea mays	maize_leaf_phloem_atlas	GSM4774629_filtered_feature_bc_matrix_1	leaf_phloem	unannotated	unannotated
6705	Zea mays	maize_leaf_phloem_atlas	GSM4774629_filtered_feature_bc_matrix_1	leaf_phloem	unannotated	unannotated
6706	Zea mays	maize_leaf_phloem_atlas	GSM4774629_filtered_feature_bc_matrix_1	leaf_phloem	unannotated	unannotated
6707	Zea mays	maize_leaf_phloem_atlas	GSM4774629_filtered_feature_bc_matrix_1	leaf_phloem	unannotated	unannotated
6708	Zea mays	maize_leaf_phloem_atlas	GSM4774629_filtered_feature_bc_matrix_1	leaf_phloem	unannotated	unannotated
6709	Zea mays	maize_leaf_phloem_atlas	GSM4774629_filtered_feature_bc_matrix_1	leaf_phloem	unannotated	unannotated
6710	Zea mays	maize_leaf_phloem_atlas	GSM4774629_filtered_feature_bc_matrix_1	leaf_phloem	unannotated	unannotated
6711	Zea mays	maize_leaf_phloem_atlas	GSM4774629_filtered_feature_bc_matrix_1	leaf_phloem	unannotated	unannotated
6712	Zea mays	maize_leaf_phloem_atlas	GSM4774629_filtered_feature_bc_matrix_1	leaf_phloem	unannotated	unannotated
6713	Zea mays	maize_leaf_phloem_atlas	GSM4774629_filtered_feature_bc_matrix_1	leaf_phloem	unannotated	unannotated
6714	Zea mays	maize_leaf_phloem_atlas	GSM4774629_filtered_feature_bc_matrix_1	leaf_phloem	unannotated	unannotated
6715	Zea mays	maize_leaf_phloem_atlas	GSM4774629_filtered_feature_bc_matrix_1	leaf_phloem	unannotated	unannotated
6716	Zea mays	maize_leaf_phloem_atlas	GSM4774629_filtered_feature_bc_matrix_1	leaf_phloem	unannotated	unannotated
6717	Zea mays	maize_leaf_phloem_atlas	GSM4774629_filtered_feature_bc_matrix_1	leaf_phloem	unannotated	unannotated
6718	Zea mays	maize_leaf_phloem_atlas	GSM4774629_filtered_feature_bc_matrix_1	leaf_phloem	unannotated	unannotated
6719	Zea mays	maize_leaf_phloem_atlas	GSM4774629_filtered_feature_bc_matrix_1	leaf_phloem	unannotated	unannotated
6720	Zea mays	maize_leaf_phloem_atlas	GSM4774629_filtered_feature_bc_matrix_1	leaf_phloem	unannotated	unannotated
6721	Zea mays	maize_leaf_phloem_atlas	GSM4774629_filtered_feature_bc_matrix_1	leaf_phloem	unannotated	unannotated
6722	Zea mays	maize_leaf_phloem_atlas	GSM4774629_filtered_feature_bc_matrix_1	leaf_phloem	unannotated	unannotated
6723	Zea mays	maize_leaf_phloem_atlas	GSM4774629_filtered_feature_bc_matrix_1	leaf_phloem	unannotated	unannotated
6724	Zea mays	maize_leaf_phloem_atlas	GSM4774629_filtered_feature_bc_matrix_1	leaf_phloem	unannotated	unannotated
6725	Zea mays	maize_leaf_phloem_atlas	GSM4774629_filtered_feature_bc_matrix_1	leaf_phloem	unannotated	unannotated
6726	Zea mays	maize_leaf_phloem_atlas	GSM4774629_filtered_feature_bc_matrix_1	leaf_phloem	unannotated	unannotated
6727	Zea mays	maize_leaf_phloem_atlas	GSM4774629_filtered_feature_bc_matrix_1	leaf_phloem	unannotated	unannotated
6728	Zea mays	maize_leaf_phloem_atlas	GSM4774629_filtered_feature_bc_matrix_1	leaf_phloem	unannotated	unannotated
6729	Zea mays	maize_leaf_phloem_atlas	GSM4774629_filtered_feature_bc_matrix_1	leaf_phloem	unannotated	unannotated
6730	Zea mays	maize_leaf_phloem_atlas	GSM4774629_filtered_feature_bc_matrix_1	leaf_phloem	unannotated	unannotated
6731	Zea mays	maize_leaf_phloem_atlas	GSM4774629_filtered_feature_bc_matrix_1	leaf_phloem	unannotated	unannotated
6732	Zea mays	maize_leaf_phloem_atlas	GSM4774629_filtered_feature_bc_matrix_1	leaf_phloem	unannotated	unannotated
6733	Zea mays	maize_leaf_phloem_atlas	GSM4774629_filtered_feature_bc_matrix_1	leaf_phloem	unannotated	unannotated
6734	Zea mays	maize_leaf_phloem_atlas	GSM4774629_filtered_feature_bc_matrix_1	leaf_phloem	unannotated	unannotated
6735	Zea mays	maize_leaf_phloem_atlas	GSM4774629_filtered_feature_bc_matrix_1	leaf_phloem	unannotated	unannotated
6736	Zea mays	maize_leaf_phloem_atlas	GSM4774629_filtered_feature_bc_matrix_1	leaf_phloem	unannotated	unannotated
6737	Zea mays	maize_leaf_phloem_atlas	GSM4774629_filtered_feature_bc_matrix_1	leaf_phloem	unannotated	unannotated
6738	Zea mays	maize_leaf_phloem_atlas	GSM4774629_filtered_feature_bc_matrix_1	leaf_phloem	unannotated	unannotated
6739	Zea mays	maize_leaf_phloem_atlas	GSM4774629_filtered_feature_bc_matrix_1	leaf_phloem	unannotated	unannotated
6740	Zea mays	maize_leaf_phloem_atlas	GSM4774629_filtered_feature_bc_matrix_1	leaf_phloem	unannotated	unannotated
6741	Zea mays	maize_leaf_phloem_atlas	GSM4774629_filtered_feature_bc_matrix_1	leaf_phloem	unannotated	unannotated
6742	Zea mays	maize_leaf_phloem_atlas	GSM4774629_filtered_feature_bc_matrix_1	leaf_phloem	unannotated	unannotated
6743	Zea mays	maize_leaf_phloem_atlas	GSM4774629_filtered_feature_bc_matrix_1	leaf_phloem	unannotated	unannotated
6744	Zea mays	maize_leaf_phloem_atlas	GSM4774629_filtered_feature_bc_matrix_1	leaf_phloem	unannotated	unannotated
6745	Zea mays	maize_leaf_phloem_atlas	GSM4774629_filtered_feature_bc_matrix_1	leaf_phloem	unannotated	unannotated
6746	Zea mays	maize_leaf_phloem_atlas	GSM4774629_filtered_feature_bc_matrix_1	leaf_phloem	unannotated	unannotated
6747	Zea mays	maize_leaf_phloem_atlas	GSM4774629_filtered_feature_bc_matrix_1	leaf_phloem	unannotated	unannotated
6748	Zea mays	maize_leaf_phloem_atlas	GSM4774629_filtered_feature_bc_matrix_1	leaf_phloem	unannotated	unannotated
6749	Zea mays	maize_leaf_phloem_atlas	GSM4774629_filtered_feature_bc_matrix_1	leaf_phloem	unannotated	unannotated
6750	Zea mays	maize_leaf_phloem_atlas	GSM4774629_filtered_feature_bc_matrix_1	leaf_phloem	unannotated	unannotated
6751	Zea mays	maize_leaf_phloem_atlas	GSM4774629_filtered_feature_bc_matrix_1	leaf_phloem	unannotated	unannotated
6752	Zea mays	maize_leaf_phloem_atlas	GSM4774629_filtered_feature_bc_matrix_1	leaf_phloem	unannotated	unannotated
6753	Zea mays	maize_leaf_phloem_atlas	GSM4774629_filtered_feature_bc_matrix_1	leaf_phloem	unannotated	unannotated
6754	Zea mays	maize_leaf_phloem_atlas	GSM4774629_filtered_feature_bc_matrix_1	leaf_phloem	unannotated	unannotated
6755	Zea mays	maize_leaf_phloem_atlas	GSM4774629_filtered_feature_bc_matrix_1	leaf_phloem	unannotated	unannotated
6756	Zea mays	maize_leaf_phloem_atlas	GSM4774629_filtered_feature_bc_matrix_1	leaf_phloem	unannotated	unannotated
6757	Zea mays	maize_leaf_phloem_atlas	GSM4774629_filtered_feature_bc_matrix_1	leaf_phloem	unannotated	unannotated
6758	Zea mays	maize_leaf_phloem_atlas	GSM4774629_filtered_feature_bc_matrix_1	leaf_phloem	unannotated	unannotated
6759	Zea mays	maize_leaf_phloem_atlas	GSM4774629_filtered_feature_bc_matrix_1	leaf_phloem	unannotated	unannotated
6760	Zea mays	maize_leaf_phloem_atlas	GSM4774629_filtered_feature_bc_matrix_1	leaf_phloem	unannotated	unannotated
6761	Zea mays	maize_leaf_phloem_atlas	GSM4774629_filtered_feature_bc_matrix_1	leaf_phloem	unannotated	unannotated
6762	Zea mays	maize_leaf_phloem_atlas	GSM4774629_filtered_feature_bc_matrix_1	leaf_phloem	unannotated	unannotated
6763	Zea mays	maize_leaf_phloem_atlas	GSM4774629_filtered_feature_bc_matrix_1	leaf_phloem	unannotated	unannotated
6764	Zea mays	maize_leaf_phloem_atlas	GSM4774629_filtered_feature_bc_matrix_1	leaf_phloem	unannotated	unannotated
6765	Zea mays	maize_leaf_phloem_atlas	GSM4774629_filtered_feature_bc_matrix_1	leaf_phloem	unannotated	unannotated
6766	Zea mays	maize_leaf_phloem_atlas	GSM4774629_filtered_feature_bc_matrix_1	leaf_phloem	unannotated	unannotated
6767	Zea mays	maize_leaf_phloem_atlas	GSM4774629_filtered_feature_bc_matrix_1	leaf_phloem	unannotated	unannotated
6768	Zea mays	maize_leaf_phloem_atlas	GSM4774629_filtered_feature_bc_matrix_1	leaf_phloem	unannotated	unannotated
6769	Zea mays	maize_leaf_phloem_atlas	GSM4774629_filtered_feature_bc_matrix_1	leaf_phloem	unannotated	unannotated
6770	Zea mays	maize_leaf_phloem_atlas	GSM4774629_filtered_feature_bc_matrix_1	leaf_phloem	unannotated	unannotated
6771	Zea mays	maize_leaf_phloem_atlas	GSM4774629_filtered_feature_bc_matrix_1	leaf_phloem	unannotated	unannotated
6772	Zea mays	maize_leaf_phloem_atlas	GSM4774629_filtered_feature_bc_matrix_1	leaf_phloem	unannotated	unannotated
6773	Zea mays	maize_leaf_phloem_atlas	GSM4774629_filtered_feature_bc_matrix_1	leaf_phloem	unannotated	unannotated
6774	Zea mays	maize_leaf_phloem_atlas	GSM4774629_filtered_feature_bc_matrix_1	leaf_phloem	unannotated	unannotated
6775	Zea mays	maize_leaf_phloem_atlas	GSM4774629_filtered_feature_bc_matrix_1	leaf_phloem	unannotated	unannotated
6776	Zea mays	maize_leaf_phloem_atlas	GSM4774629_filtered_feature_bc_matrix_1	leaf_phloem	unannotated	unannotated
6777	Zea mays	maize_leaf_phloem_atlas	GSM4774629_filtered_feature_bc_matrix_1	leaf_phloem	unannotated	unannotated
6778	Zea mays	maize_leaf_phloem_atlas	GSM4774629_filtered_feature_bc_matrix_1	leaf_phloem	unannotated	unannotated
6779	Zea mays	maize_leaf_phloem_atlas	GSM4774629_filtered_feature_bc_matrix_1	leaf_phloem	unannotated	unannotated
6780	Zea mays	maize_leaf_phloem_atlas	GSM4774629_filtered_feature_bc_matrix_1	leaf_phloem	unannotated	unannotated
6781	Zea mays	maize_leaf_phloem_atlas	GSM4774629_filtered_feature_bc_matrix_1	leaf_phloem	unannotated	unannotated
6782	Zea mays	maize_leaf_phloem_atlas	GSM4774629_filtered_feature_bc_matrix_1	leaf_phloem	unannotated	unannotated
6783	Zea mays	maize_leaf_phloem_atlas	GSM4774629_filtered_feature_bc_matrix_1	leaf_phloem	unannotated	unannotated
6784	Zea mays	maize_leaf_phloem_atlas	GSM4774629_filtered_feature_bc_matrix_1	leaf_phloem	unannotated	unannotated
6785	Zea mays	maize_leaf_phloem_atlas	GSM4774629_filtered_feature_bc_matrix_1	leaf_phloem	unannotated	unannotated
6786	Zea mays	maize_leaf_phloem_atlas	GSM4774629_filtered_feature_bc_matrix_1	leaf_phloem	unannotated	unannotated
6787	Zea mays	maize_leaf_phloem_atlas	GSM4774629_filtered_feature_bc_matrix_1	leaf_phloem	unannotated	unannotated
6788	Zea mays	maize_leaf_phloem_atlas	GSM4774629_filtered_feature_bc_matrix_1	leaf_phloem	unannotated	unannotated
6789	Zea mays	maize_leaf_phloem_atlas	GSM4774629_filtered_feature_bc_matrix_1	leaf_phloem	unannotated	unannotated
6790	Zea mays	maize_leaf_phloem_atlas	GSM4774629_filtered_feature_bc_matrix_1	leaf_phloem	unannotated	unannotated
6791	Zea mays	maize_leaf_phloem_atlas	GSM4774629_filtered_feature_bc_matrix_1	leaf_phloem	unannotated	unannotated
6792	Zea mays	maize_leaf_phloem_atlas	GSM4774629_filtered_feature_bc_matrix_1	leaf_phloem	unannotated	unannotated
6793	Zea mays	maize_leaf_phloem_atlas	GSM4774629_filtered_feature_bc_matrix_1	leaf_phloem	unannotated	unannotated
6794	Zea mays	maize_leaf_phloem_atlas	GSM4774629_filtered_feature_bc_matrix_1	leaf_phloem	unannotated	unannotated
6795	Zea mays	maize_leaf_phloem_atlas	GSM4774629_filtered_feature_bc_matrix_1	leaf_phloem	unannotated	unannotated
6796	Zea mays	maize_leaf_phloem_atlas	GSM4774630_filtered_feature_bc_matrix_2	leaf_phloem	unannotated	unannotated
6797	Zea mays	maize_leaf_phloem_atlas	GSM4774630_filtered_feature_bc_matrix_2	leaf_phloem	unannotated	unannotated
6798	Zea mays	maize_leaf_phloem_atlas	GSM4774630_filtered_feature_bc_matrix_2	leaf_phloem	unannotated	unannotated
6799	Zea mays	maize_leaf_phloem_atlas	GSM4774630_filtered_feature_bc_matrix_2	leaf_phloem	unannotated	unannotated
6800	Zea mays	maize_leaf_phloem_atlas	GSM4774630_filtered_feature_bc_matrix_2	leaf_phloem	unannotated	unannotated
6801	Zea mays	maize_leaf_phloem_atlas	GSM4774630_filtered_feature_bc_matrix_2	leaf_phloem	unannotated	unannotated
6802	Zea mays	maize_leaf_phloem_atlas	GSM4774630_filtered_feature_bc_matrix_2	leaf_phloem	unannotated	unannotated
6803	Zea mays	maize_leaf_phloem_atlas	GSM4774630_filtered_feature_bc_matrix_2	leaf_phloem	unannotated	unannotated
6804	Zea mays	maize_leaf_phloem_atlas	GSM4774630_filtered_feature_bc_matrix_2	leaf_phloem	unannotated	unannotated
6805	Zea mays	maize_leaf_phloem_atlas	GSM4774630_filtered_feature_bc_matrix_2	leaf_phloem	unannotated	unannotated
6806	Zea mays	maize_leaf_phloem_atlas	GSM4774630_filtered_feature_bc_matrix_2	leaf_phloem	unannotated	unannotated
6807	Zea mays	maize_leaf_phloem_atlas	GSM4774630_filtered_feature_bc_matrix_2	leaf_phloem	unannotated	unannotated
6808	Zea mays	maize_leaf_phloem_atlas	GSM4774630_filtered_feature_bc_matrix_2	leaf_phloem	unannotated	unannotated
6809	Zea mays	maize_leaf_phloem_atlas	GSM4774630_filtered_feature_bc_matrix_2	leaf_phloem	unannotated	unannotated
6810	Zea mays	maize_leaf_phloem_atlas	GSM4774630_filtered_feature_bc_matrix_2	leaf_phloem	unannotated	unannotated
6811	Zea mays	maize_leaf_phloem_atlas	GSM4774630_filtered_feature_bc_matrix_2	leaf_phloem	unannotated	unannotated
6812	Zea mays	maize_leaf_phloem_atlas	GSM4774630_filtered_feature_bc_matrix_2	leaf_phloem	unannotated	unannotated
6813	Zea mays	maize_leaf_phloem_atlas	GSM4774630_filtered_feature_bc_matrix_2	leaf_phloem	unannotated	unannotated
6814	Zea mays	maize_leaf_phloem_atlas	GSM4774630_filtered_feature_bc_matrix_2	leaf_phloem	unannotated	unannotated
6815	Zea mays	maize_leaf_phloem_atlas	GSM4774630_filtered_feature_bc_matrix_2	leaf_phloem	unannotated	unannotated
6816	Zea mays	maize_leaf_phloem_atlas	GSM4774630_filtered_feature_bc_matrix_2	leaf_phloem	unannotated	unannotated
6817	Zea mays	maize_leaf_phloem_atlas	GSM4774630_filtered_feature_bc_matrix_2	leaf_phloem	unannotated	unannotated
6818	Zea mays	maize_leaf_phloem_atlas	GSM4774630_filtered_feature_bc_matrix_2	leaf_phloem	unannotated	unannotated
6819	Zea mays	maize_leaf_phloem_atlas	GSM4774630_filtered_feature_bc_matrix_2	leaf_phloem	unannotated	unannotated
6820	Zea mays	maize_leaf_phloem_atlas	GSM4774630_filtered_feature_bc_matrix_2	leaf_phloem	unannotated	unannotated
6821	Zea mays	maize_leaf_phloem_atlas	GSM4774630_filtered_feature_bc_matrix_2	leaf_phloem	unannotated	unannotated
6822	Zea mays	maize_leaf_phloem_atlas	GSM4774630_filtered_feature_bc_matrix_2	leaf_phloem	unannotated	unannotated
6823	Zea mays	maize_leaf_phloem_atlas	GSM4774630_filtered_feature_bc_matrix_2	leaf_phloem	unannotated	unannotated
6824	Zea mays	maize_leaf_phloem_atlas	GSM4774630_filtered_feature_bc_matrix_2	leaf_phloem	unannotated	unannotated
6825	Zea mays	maize_leaf_phloem_atlas	GSM4774630_filtered_feature_bc_matrix_2	leaf_phloem	unannotated	unannotated
6826	Zea mays	maize_leaf_phloem_atlas	GSM4774630_filtered_feature_bc_matrix_2	leaf_phloem	unannotated	unannotated
6827	Zea mays	maize_leaf_phloem_atlas	GSM4774630_filtered_feature_bc_matrix_2	leaf_phloem	unannotated	unannotated
6828	Zea mays	maize_leaf_phloem_atlas	GSM4774630_filtered_feature_bc_matrix_2	leaf_phloem	unannotated	unannotated
6829	Zea mays	maize_leaf_phloem_atlas	GSM4774630_filtered_feature_bc_matrix_2	leaf_phloem	unannotated	unannotated
6830	Zea mays	maize_leaf_phloem_atlas	GSM4774630_filtered_feature_bc_matrix_2	leaf_phloem	unannotated	unannotated
6831	Zea mays	maize_leaf_phloem_atlas	GSM4774630_filtered_feature_bc_matrix_2	leaf_phloem	unannotated	unannotated
6832	Zea mays	maize_leaf_phloem_atlas	GSM4774630_filtered_feature_bc_matrix_2	leaf_phloem	unannotated	unannotated
6833	Zea mays	maize_leaf_phloem_atlas	GSM4774630_filtered_feature_bc_matrix_2	leaf_phloem	unannotated	unannotated
6834	Zea mays	maize_leaf_phloem_atlas	GSM4774630_filtered_feature_bc_matrix_2	leaf_phloem	unannotated	unannotated
6835	Zea mays	maize_leaf_phloem_atlas	GSM4774630_filtered_feature_bc_matrix_2	leaf_phloem	unannotated	unannotated
6836	Zea mays	maize_leaf_phloem_atlas	GSM4774630_filtered_feature_bc_matrix_2	leaf_phloem	unannotated	unannotated
6837	Zea mays	maize_leaf_phloem_atlas	GSM4774630_filtered_feature_bc_matrix_2	leaf_phloem	unannotated	unannotated
6838	Zea mays	maize_leaf_phloem_atlas	GSM4774630_filtered_feature_bc_matrix_2	leaf_phloem	unannotated	unannotated
6839	Zea mays	maize_leaf_phloem_atlas	GSM4774630_filtered_feature_bc_matrix_2	leaf_phloem	unannotated	unannotated
6840	Zea mays	maize_leaf_phloem_atlas	GSM4774630_filtered_feature_bc_matrix_2	leaf_phloem	unannotated	unannotated
6841	Zea mays	maize_leaf_phloem_atlas	GSM4774630_filtered_feature_bc_matrix_2	leaf_phloem	unannotated	unannotated
6842	Zea mays	maize_leaf_phloem_atlas	GSM4774630_filtered_feature_bc_matrix_2	leaf_phloem	unannotated	unannotated
6843	Zea mays	maize_leaf_phloem_atlas	GSM4774630_filtered_feature_bc_matrix_2	leaf_phloem	unannotated	unannotated
6844	Zea mays	maize_leaf_phloem_atlas	GSM4774630_filtered_feature_bc_matrix_2	leaf_phloem	unannotated	unannotated
6845	Zea mays	maize_leaf_phloem_atlas	GSM4774630_filtered_feature_bc_matrix_2	leaf_phloem	unannotated	unannotated
6846	Zea mays	maize_leaf_phloem_atlas	GSM4774630_filtered_feature_bc_matrix_2	leaf_phloem	unannotated	unannotated
6847	Zea mays	maize_leaf_phloem_atlas	GSM4774630_filtered_feature_bc_matrix_2	leaf_phloem	unannotated	unannotated
6848	Zea mays	maize_leaf_phloem_atlas	GSM4774630_filtered_feature_bc_matrix_2	leaf_phloem	unannotated	unannotated
6849	Zea mays	maize_leaf_phloem_atlas	GSM4774630_filtered_feature_bc_matrix_2	leaf_phloem	unannotated	unannotated
6850	Zea mays	maize_leaf_phloem_atlas	GSM4774630_filtered_feature_bc_matrix_2	leaf_phloem	unannotated	unannotated
6851	Zea mays	maize_leaf_phloem_atlas	GSM4774630_filtered_feature_bc_matrix_2	leaf_phloem	unannotated	unannotated
6852	Zea mays	maize_leaf_phloem_atlas	GSM4774630_filtered_feature_bc_matrix_2	leaf_phloem	unannotated	unannotated
6853	Zea mays	maize_leaf_phloem_atlas	GSM4774630_filtered_feature_bc_matrix_2	leaf_phloem	unannotated	unannotated
6854	Zea mays	maize_leaf_phloem_atlas	GSM4774630_filtered_feature_bc_matrix_2	leaf_phloem	unannotated	unannotated
6855	Zea mays	maize_leaf_phloem_atlas	GSM4774630_filtered_feature_bc_matrix_2	leaf_phloem	unannotated	unannotated
6856	Zea mays	maize_leaf_phloem_atlas	GSM4774630_filtered_feature_bc_matrix_2	leaf_phloem	unannotated	unannotated
6857	Zea mays	maize_leaf_phloem_atlas	GSM4774630_filtered_feature_bc_matrix_2	leaf_phloem	unannotated	unannotated
6858	Zea mays	maize_leaf_phloem_atlas	GSM4774630_filtered_feature_bc_matrix_2	leaf_phloem	unannotated	unannotated
6859	Zea mays	maize_leaf_phloem_atlas	GSM4774630_filtered_feature_bc_matrix_2	leaf_phloem	unannotated	unannotated
6860	Zea mays	maize_leaf_phloem_atlas	GSM4774630_filtered_feature_bc_matrix_2	leaf_phloem	unannotated	unannotated
6861	Zea mays	maize_leaf_phloem_atlas	GSM4774630_filtered_feature_bc_matrix_2	leaf_phloem	unannotated	unannotated
6862	Zea mays	maize_leaf_phloem_atlas	GSM4774630_filtered_feature_bc_matrix_2	leaf_phloem	unannotated	unannotated
6863	Zea mays	maize_leaf_phloem_atlas	GSM4774630_filtered_feature_bc_matrix_2	leaf_phloem	unannotated	unannotated
6864	Zea mays	maize_leaf_phloem_atlas	GSM4774630_filtered_feature_bc_matrix_2	leaf_phloem	unannotated	unannotated
6865	Zea mays	maize_leaf_phloem_atlas	GSM4774630_filtered_feature_bc_matrix_2	leaf_phloem	unannotated	unannotated
6866	Zea mays	maize_leaf_phloem_atlas	GSM4774630_filtered_feature_bc_matrix_2	leaf_phloem	unannotated	unannotated
6867	Zea mays	maize_leaf_phloem_atlas	GSM4774630_filtered_feature_bc_matrix_2	leaf_phloem	unannotated	unannotated
6868	Zea mays	maize_leaf_phloem_atlas	GSM4774630_filtered_feature_bc_matrix_2	leaf_phloem	unannotated	unannotated
6869	Zea mays	maize_leaf_phloem_atlas	GSM4774630_filtered_feature_bc_matrix_2	leaf_phloem	unannotated	unannotated
6870	Zea mays	maize_leaf_phloem_atlas	GSM4774630_filtered_feature_bc_matrix_2	leaf_phloem	unannotated	unannotated
6871	Zea mays	maize_leaf_phloem_atlas	GSM4774630_filtered_feature_bc_matrix_2	leaf_phloem	unannotated	unannotated
6872	Zea mays	maize_leaf_phloem_atlas	GSM4774630_filtered_feature_bc_matrix_2	leaf_phloem	unannotated	unannotated
6873	Zea mays	maize_leaf_phloem_atlas	GSM4774630_filtered_feature_bc_matrix_2	leaf_phloem	unannotated	unannotated
6874	Zea mays	maize_leaf_phloem_atlas	GSM4774630_filtered_feature_bc_matrix_2	leaf_phloem	unannotated	unannotated
6875	Zea mays	maize_leaf_phloem_atlas	GSM4774630_filtered_feature_bc_matrix_2	leaf_phloem	unannotated	unannotated
6876	Zea mays	maize_leaf_phloem_atlas	GSM4774630_filtered_feature_bc_matrix_2	leaf_phloem	unannotated	unannotated
6877	Zea mays	maize_leaf_phloem_atlas	GSM4774630_filtered_feature_bc_matrix_2	leaf_phloem	unannotated	unannotated
6878	Zea mays	maize_leaf_phloem_atlas	GSM4774630_filtered_feature_bc_matrix_2	leaf_phloem	unannotated	unannotated
6879	Zea mays	maize_leaf_phloem_atlas	GSM4774630_filtered_feature_bc_matrix_2	leaf_phloem	unannotated	unannotated
6880	Zea mays	maize_leaf_phloem_atlas	GSM4774630_filtered_feature_bc_matrix_2	leaf_phloem	unannotated	unannotated
6881	Zea mays	maize_leaf_phloem_atlas	GSM4774630_filtered_feature_bc_matrix_2	leaf_phloem	unannotated	unannotated
6882	Zea mays	maize_leaf_phloem_atlas	GSM4774630_filtered_feature_bc_matrix_2	leaf_phloem	unannotated	unannotated
6883	Zea mays	maize_leaf_phloem_atlas	GSM4774630_filtered_feature_bc_matrix_2	leaf_phloem	unannotated	unannotated
6884	Zea mays	maize_leaf_phloem_atlas	GSM4774630_filtered_feature_bc_matrix_2	leaf_phloem	unannotated	unannotated
6885	Zea mays	maize_leaf_phloem_atlas	GSM4774630_filtered_feature_bc_matrix_2	leaf_phloem	unannotated	unannotated
6886	Zea mays	maize_leaf_phloem_atlas	GSM4774630_filtered_feature_bc_matrix_2	leaf_phloem	unannotated	unannotated
6887	Zea mays	maize_leaf_phloem_atlas	GSM4774630_filtered_feature_bc_matrix_2	leaf_phloem	unannotated	unannotated
6888	Zea mays	maize_leaf_phloem_atlas	GSM4774630_filtered_feature_bc_matrix_2	leaf_phloem	unannotated	unannotated
6889	Zea mays	maize_leaf_phloem_atlas	GSM4774630_filtered_feature_bc_matrix_2	leaf_phloem	unannotated	unannotated
6890	Zea mays	maize_leaf_phloem_atlas	GSM4774630_filtered_feature_bc_matrix_2	leaf_phloem	unannotated	unannotated
6891	Zea mays	maize_leaf_phloem_atlas	GSM4774630_filtered_feature_bc_matrix_2	leaf_phloem	unannotated	unannotated
6892	Zea mays	maize_leaf_phloem_atlas	GSM4774630_filtered_feature_bc_matrix_2	leaf_phloem	unannotated	unannotated
6893	Zea mays	maize_leaf_phloem_atlas	GSM4774630_filtered_feature_bc_matrix_2	leaf_phloem	unannotated	unannotated
6894	Zea mays	maize_leaf_phloem_atlas	GSM4774630_filtered_feature_bc_matrix_2	leaf_phloem	unannotated	unannotated
6895	Zea mays	maize_leaf_phloem_atlas	GSM4774630_filtered_feature_bc_matrix_2	leaf_phloem	unannotated	unannotated
6896	Zea mays	maize_leaf_phloem_atlas	GSM4774630_filtered_feature_bc_matrix_2	leaf_phloem	unannotated	unannotated
6897	Zea mays	maize_leaf_phloem_atlas	GSM4774630_filtered_feature_bc_matrix_2	leaf_phloem	unannotated	unannotated
6898	Zea mays	maize_leaf_phloem_atlas	GSM4774630_filtered_feature_bc_matrix_2	leaf_phloem	unannotated	unannotated
6899	Zea mays	maize_leaf_phloem_atlas	GSM4774630_filtered_feature_bc_matrix_2	leaf_phloem	unannotated	unannotated
6900	Zea mays	maize_leaf_phloem_atlas	GSM4774630_filtered_feature_bc_matrix_2	leaf_phloem	unannotated	unannotated
6901	Zea mays	maize_leaf_phloem_atlas	GSM4774630_filtered_feature_bc_matrix_2	leaf_phloem	unannotated	unannotated
6902	Zea mays	maize_leaf_phloem_atlas	GSM4774630_filtered_feature_bc_matrix_2	leaf_phloem	unannotated	unannotated
6903	Zea mays	maize_leaf_phloem_atlas	GSM4774630_filtered_feature_bc_matrix_2	leaf_phloem	unannotated	unannotated
6904	Zea mays	maize_leaf_phloem_atlas	GSM4774630_filtered_feature_bc_matrix_2	leaf_phloem	unannotated	unannotated
6905	Zea mays	maize_leaf_phloem_atlas	GSM4774630_filtered_feature_bc_matrix_2	leaf_phloem	unannotated	unannotated
6906	Zea mays	maize_leaf_phloem_atlas	GSM4774630_filtered_feature_bc_matrix_2	leaf_phloem	unannotated	unannotated
6907	Zea mays	maize_leaf_phloem_atlas	GSM4774630_filtered_feature_bc_matrix_2	leaf_phloem	unannotated	unannotated
6908	Zea mays	maize_leaf_phloem_atlas	GSM4774630_filtered_feature_bc_matrix_2	leaf_phloem	unannotated	unannotated
6909	Zea mays	maize_leaf_phloem_atlas	GSM4774630_filtered_feature_bc_matrix_2	leaf_phloem	unannotated	unannotated
6910	Zea mays	maize_leaf_phloem_atlas	GSM4774630_filtered_feature_bc_matrix_2	leaf_phloem	unannotated	unannotated
6911	Zea mays	maize_leaf_phloem_atlas	GSM4774630_filtered_feature_bc_matrix_2	leaf_phloem	unannotated	unannotated
6912	Medicago truncatula	medicago_root_rhizobia_atlas	GSM5530550_rep1	root_rhizobia_stress	unannotated	unannotated
6913	Medicago truncatula	medicago_root_rhizobia_atlas	GSM5530550_rep1	root_rhizobia_stress	unannotated	unannotated
6914	Medicago truncatula	medicago_root_rhizobia_atlas	GSM5530550_rep1	root_rhizobia_stress	unannotated	unannotated
6915	Medicago truncatula	medicago_root_rhizobia_atlas	GSM5530550_rep1	root_rhizobia_stress	unannotated	unannotated
6916	Medicago truncatula	medicago_root_rhizobia_atlas	GSM5530550_rep1	root_rhizobia_stress	unannotated	unannotated
6917	Medicago truncatula	medicago_root_rhizobia_atlas	GSM5530550_rep1	root_rhizobia_stress	unannotated	unannotated
6918	Medicago truncatula	medicago_root_rhizobia_atlas	GSM5530550_rep1	root_rhizobia_stress	unannotated	unannotated
6919	Medicago truncatula	medicago_root_rhizobia_atlas	GSM5530550_rep1	root_rhizobia_stress	unannotated	unannotated
6920	Medicago truncatula	medicago_root_rhizobia_atlas	GSM5530550_rep1	root_rhizobia_stress	unannotated	unannotated
6921	Medicago truncatula	medicago_root_rhizobia_atlas	GSM5530550_rep1	root_rhizobia_stress	unannotated	unannotated
6922	Medicago truncatula	medicago_root_rhizobia_atlas	GSM5530550_rep1	root_rhizobia_stress	unannotated	unannotated
6923	Medicago truncatula	medicago_root_rhizobia_atlas	GSM5530550_rep1	root_rhizobia_stress	unannotated	unannotated
6924	Medicago truncatula	medicago_root_rhizobia_atlas	GSM5530550_rep1	root_rhizobia_stress	unannotated	unannotated
6925	Medicago truncatula	medicago_root_rhizobia_atlas	GSM5530550_rep1	root_rhizobia_stress	unannotated	unannotated
6926	Medicago truncatula	medicago_root_rhizobia_atlas	GSM5530550_rep1	root_rhizobia_stress	unannotated	unannotated
6927	Medicago truncatula	medicago_root_rhizobia_atlas	GSM5530550_rep1	root_rhizobia_stress	unannotated	unannotated
6928	Medicago truncatula	medicago_root_rhizobia_atlas	GSM5530550_rep1	root_rhizobia_stress	unannotated	unannotated
6929	Medicago truncatula	medicago_root_rhizobia_atlas	GSM5530550_rep1	root_rhizobia_stress	unannotated	unannotated
6930	Medicago truncatula	medicago_root_rhizobia_atlas	GSM5530550_rep1	root_rhizobia_stress	unannotated	unannotated
6931	Medicago truncatula	medicago_root_rhizobia_atlas	GSM5530550_rep1	root_rhizobia_stress	unannotated	unannotated
6932	Medicago truncatula	medicago_root_rhizobia_atlas	GSM5530550_rep1	root_rhizobia_stress	unannotated	unannotated
6933	Medicago truncatula	medicago_root_rhizobia_atlas	GSM5530550_rep1	root_rhizobia_stress	unannotated	unannotated
6934	Medicago truncatula	medicago_root_rhizobia_atlas	GSM5530550_rep1	root_rhizobia_stress	unannotated	unannotated
6935	Medicago truncatula	medicago_root_rhizobia_atlas	GSM5530550_rep1	root_rhizobia_stress	unannotated	unannotated
6936	Medicago truncatula	medicago_root_rhizobia_atlas	GSM5530550_rep1	root_rhizobia_stress	unannotated	unannotated
6937	Medicago truncatula	medicago_root_rhizobia_atlas	GSM5530550_rep1	root_rhizobia_stress	unannotated	unannotated
6938	Medicago truncatula	medicago_root_rhizobia_atlas	GSM5530550_rep1	root_rhizobia_stress	unannotated	unannotated
6939	Medicago truncatula	medicago_root_rhizobia_atlas	GSM5530550_rep1	root_rhizobia_stress	unannotated	unannotated
6940	Medicago truncatula	medicago_root_rhizobia_atlas	GSM5530550_rep1	root_rhizobia_stress	unannotated	unannotated
6941	Medicago truncatula	medicago_root_rhizobia_atlas	GSM5530550_rep1	root_rhizobia_stress	unannotated	unannotated
6942	Medicago truncatula	medicago_root_rhizobia_atlas	GSM5530550_rep1	root_rhizobia_stress	unannotated	unannotated
6943	Medicago truncatula	medicago_root_rhizobia_atlas	GSM5530550_rep1	root_rhizobia_stress	unannotated	unannotated
6944	Medicago truncatula	medicago_root_rhizobia_atlas	GSM5530550_rep1	root_rhizobia_stress	unannotated	unannotated
6945	Medicago truncatula	medicago_root_rhizobia_atlas	GSM5530550_rep1	root_rhizobia_stress	unannotated	unannotated
6946	Medicago truncatula	medicago_root_rhizobia_atlas	GSM5530550_rep1	root_rhizobia_stress	unannotated	unannotated
6947	Medicago truncatula	medicago_root_rhizobia_atlas	GSM5530550_rep1	root_rhizobia_stress	unannotated	unannotated
6948	Medicago truncatula	medicago_root_rhizobia_atlas	GSM5530550_rep1	root_rhizobia_stress	unannotated	unannotated
6949	Medicago truncatula	medicago_root_rhizobia_atlas	GSM5530550_rep1	root_rhizobia_stress	unannotated	unannotated
6950	Medicago truncatula	medicago_root_rhizobia_atlas	GSM5530550_rep1	root_rhizobia_stress	unannotated	unannotated
6951	Medicago truncatula	medicago_root_rhizobia_atlas	GSM5530550_rep1	root_rhizobia_stress	unannotated	unannotated
6952	Medicago truncatula	medicago_root_rhizobia_atlas	GSM5530550_rep1	root_rhizobia_stress	unannotated	unannotated
6953	Medicago truncatula	medicago_root_rhizobia_atlas	GSM5530550_rep1	root_rhizobia_stress	unannotated	unannotated
6954	Medicago truncatula	medicago_root_rhizobia_atlas	GSM5530550_rep1	root_rhizobia_stress	unannotated	unannotated
6955	Medicago truncatula	medicago_root_rhizobia_atlas	GSM5530550_rep1	root_rhizobia_stress	unannotated	unannotated
6956	Medicago truncatula	medicago_root_rhizobia_atlas	GSM5530550_rep1	root_rhizobia_stress	unannotated	unannotated
6957	Medicago truncatula	medicago_root_rhizobia_atlas	GSM5530550_rep1	root_rhizobia_stress	unannotated	unannotated
6958	Medicago truncatula	medicago_root_rhizobia_atlas	GSM5530550_rep1	root_rhizobia_stress	unannotated	unannotated
6959	Medicago truncatula	medicago_root_rhizobia_atlas	GSM5530550_rep1	root_rhizobia_stress	unannotated	unannotated
6960	Medicago truncatula	medicago_root_rhizobia_atlas	GSM5530550_rep1	root_rhizobia_stress	unannotated	unannotated
6961	Medicago truncatula	medicago_root_rhizobia_atlas	GSM5530550_rep1	root_rhizobia_stress	unannotated	unannotated
6962	Medicago truncatula	medicago_root_rhizobia_atlas	GSM5530550_rep1	root_rhizobia_stress	unannotated	unannotated
6963	Medicago truncatula	medicago_root_rhizobia_atlas	GSM5530550_rep1	root_rhizobia_stress	unannotated	unannotated
6964	Medicago truncatula	medicago_root_rhizobia_atlas	GSM5530550_rep1	root_rhizobia_stress	unannotated	unannotated
6965	Medicago truncatula	medicago_root_rhizobia_atlas	GSM5530550_rep1	root_rhizobia_stress	unannotated	unannotated
6966	Medicago truncatula	medicago_root_rhizobia_atlas	GSM5530550_rep1	root_rhizobia_stress	unannotated	unannotated
6967	Medicago truncatula	medicago_root_rhizobia_atlas	GSM5530550_rep1	root_rhizobia_stress	unannotated	unannotated
6968	Medicago truncatula	medicago_root_rhizobia_atlas	GSM5530550_rep1	root_rhizobia_stress	unannotated	unannotated
6969	Medicago truncatula	medicago_root_rhizobia_atlas	GSM5530550_rep1	root_rhizobia_stress	unannotated	unannotated
6970	Medicago truncatula	medicago_root_rhizobia_atlas	GSM5530550_rep1	root_rhizobia_stress	unannotated	unannotated
6971	Medicago truncatula	medicago_root_rhizobia_atlas	GSM5530550_rep1	root_rhizobia_stress	unannotated	unannotated
6972	Medicago truncatula	medicago_root_rhizobia_atlas	GSM5530550_rep1	root_rhizobia_stress	unannotated	unannotated
6973	Medicago truncatula	medicago_root_rhizobia_atlas	GSM5530550_rep1	root_rhizobia_stress	unannotated	unannotated
6974	Medicago truncatula	medicago_root_rhizobia_atlas	GSM5530550_rep1	root_rhizobia_stress	unannotated	unannotated
6975	Medicago truncatula	medicago_root_rhizobia_atlas	GSM5530550_rep1	root_rhizobia_stress	unannotated	unannotated
6976	Medicago truncatula	medicago_root_rhizobia_atlas	GSM5530550_rep1	root_rhizobia_stress	unannotated	unannotated
6977	Medicago truncatula	medicago_root_rhizobia_atlas	GSM5530550_rep1	root_rhizobia_stress	unannotated	unannotated
6978	Medicago truncatula	medicago_root_rhizobia_atlas	GSM5530550_rep1	root_rhizobia_stress	unannotated	unannotated
6979	Medicago truncatula	medicago_root_rhizobia_atlas	GSM5530550_rep1	root_rhizobia_stress	unannotated	unannotated
6980	Medicago truncatula	medicago_root_rhizobia_atlas	GSM5530550_rep1	root_rhizobia_stress	unannotated	unannotated
6981	Medicago truncatula	medicago_root_rhizobia_atlas	GSM5530550_rep1	root_rhizobia_stress	unannotated	unannotated
6982	Medicago truncatula	medicago_root_rhizobia_atlas	GSM5530550_rep1	root_rhizobia_stress	unannotated	unannotated
6983	Medicago truncatula	medicago_root_rhizobia_atlas	GSM5530550_rep1	root_rhizobia_stress	unannotated	unannotated
6984	Medicago truncatula	medicago_root_rhizobia_atlas	GSM5530550_rep1	root_rhizobia_stress	unannotated	unannotated
6985	Medicago truncatula	medicago_root_rhizobia_atlas	GSM5530550_rep1	root_rhizobia_stress	unannotated	unannotated
6986	Medicago truncatula	medicago_root_rhizobia_atlas	GSM5530550_rep1	root_rhizobia_stress	unannotated	unannotated
6987	Medicago truncatula	medicago_root_rhizobia_atlas	GSM5530550_rep1	root_rhizobia_stress	unannotated	unannotated
6988	Medicago truncatula	medicago_root_rhizobia_atlas	GSM5530550_rep1	root_rhizobia_stress	unannotated	unannotated
6989	Medicago truncatula	medicago_root_rhizobia_atlas	GSM5530550_rep1	root_rhizobia_stress	unannotated	unannotated
6990	Medicago truncatula	medicago_root_rhizobia_atlas	GSM5530550_rep1	root_rhizobia_stress	unannotated	unannotated
6991	Medicago truncatula	medicago_root_rhizobia_atlas	GSM5530550_rep1	root_rhizobia_stress	unannotated	unannotated
6992	Medicago truncatula	medicago_root_rhizobia_atlas	GSM5530550_rep1	root_rhizobia_stress	unannotated	unannotated
6993	Medicago truncatula	medicago_root_rhizobia_atlas	GSM5530550_rep1	root_rhizobia_stress	unannotated	unannotated
6994	Medicago truncatula	medicago_root_rhizobia_atlas	GSM5530550_rep1	root_rhizobia_stress	unannotated	unannotated
6995	Medicago truncatula	medicago_root_rhizobia_atlas	GSM5530550_rep1	root_rhizobia_stress	unannotated	unannotated
6996	Medicago truncatula	medicago_root_rhizobia_atlas	GSM5530550_rep1	root_rhizobia_stress	unannotated	unannotated
6997	Medicago truncatula	medicago_root_rhizobia_atlas	GSM5530550_rep1	root_rhizobia_stress	unannotated	unannotated
6998	Medicago truncatula	medicago_root_rhizobia_atlas	GSM5530550_rep1	root_rhizobia_stress	unannotated	unannotated
6999	Medicago truncatula	medicago_root_rhizobia_atlas	GSM5530550_rep1	root_rhizobia_stress	unannotated	unannotated
7000	Medicago truncatula	medicago_root_rhizobia_atlas	GSM5530550_rep1	root_rhizobia_stress	unannotated	unannotated
7001	Medicago truncatula	medicago_root_rhizobia_atlas	GSM5530550_rep1	root_rhizobia_stress	unannotated	unannotated
7002	Medicago truncatula	medicago_root_rhizobia_atlas	GSM5530550_rep1	root_rhizobia_stress	unannotated	unannotated
7003	Medicago truncatula	medicago_root_rhizobia_atlas	GSM5530550_rep1	root_rhizobia_stress	unannotated	unannotated
7004	Medicago truncatula	medicago_root_rhizobia_atlas	GSM5530550_rep1	root_rhizobia_stress	unannotated	unannotated
7005	Medicago truncatula	medicago_root_rhizobia_atlas	GSM5530550_rep1	root_rhizobia_stress	unannotated	unannotated
7006	Medicago truncatula	medicago_root_rhizobia_atlas	GSM5530550_rep1	root_rhizobia_stress	unannotated	unannotated
7007	Medicago truncatula	medicago_root_rhizobia_atlas	GSM5530550_rep1	root_rhizobia_stress	unannotated	unannotated
7008	Medicago truncatula	medicago_root_rhizobia_atlas	GSM5530550_rep1	root_rhizobia_stress	unannotated	unannotated
7009	Medicago truncatula	medicago_root_rhizobia_atlas	GSM5530550_rep1	root_rhizobia_stress	unannotated	unannotated
7010	Medicago truncatula	medicago_root_rhizobia_atlas	GSM5530550_rep1	root_rhizobia_stress	unannotated	unannotated
7011	Medicago truncatula	medicago_root_rhizobia_atlas	GSM5530550_rep1	root_rhizobia_stress	unannotated	unannotated
7012	Medicago truncatula	medicago_root_rhizobia_atlas	GSM5530550_rep1	root_rhizobia_stress	unannotated	unannotated
7013	Medicago truncatula	medicago_root_rhizobia_atlas	GSM5530550_rep1	root_rhizobia_stress	unannotated	unannotated
7014	Medicago truncatula	medicago_root_rhizobia_atlas	GSM5530550_rep1	root_rhizobia_stress	unannotated	unannotated
7015	Medicago truncatula	medicago_root_rhizobia_atlas	GSM5530550_rep1	root_rhizobia_stress	unannotated	unannotated
7016	Medicago truncatula	medicago_root_rhizobia_atlas	GSM5530550_rep1	root_rhizobia_stress	unannotated	unannotated
7017	Medicago truncatula	medicago_root_rhizobia_atlas	GSM5530550_rep1	root_rhizobia_stress	unannotated	unannotated
7018	Medicago truncatula	medicago_root_rhizobia_atlas	GSM5530550_rep1	root_rhizobia_stress	unannotated	unannotated
7019	Medicago truncatula	medicago_root_rhizobia_atlas	GSM5530550_rep1	root_rhizobia_stress	unannotated	unannotated
7020	Medicago truncatula	medicago_root_rhizobia_atlas	GSM5530550_rep1	root_rhizobia_stress	unannotated	unannotated
7021	Medicago truncatula	medicago_root_rhizobia_atlas	GSM5530550_rep1	root_rhizobia_stress	unannotated	unannotated
7022	Medicago truncatula	medicago_root_rhizobia_atlas	GSM5530550_rep1	root_rhizobia_stress	unannotated	unannotated
7023	Medicago truncatula	medicago_root_rhizobia_atlas	GSM5530550_rep1	root_rhizobia_stress	unannotated	unannotated
7024	Medicago truncatula	medicago_root_rhizobia_atlas	GSM5530550_rep1	root_rhizobia_stress	unannotated	unannotated
7025	Medicago truncatula	medicago_root_rhizobia_atlas	GSM5530550_rep1	root_rhizobia_stress	unannotated	unannotated
7026	Medicago truncatula	medicago_root_rhizobia_atlas	GSM5530550_rep1	root_rhizobia_stress	unannotated	unannotated
7027	Medicago truncatula	medicago_root_rhizobia_atlas	GSM5530550_rep1	root_rhizobia_stress	unannotated	unannotated
7028	Medicago truncatula	medicago_root_rhizobia_atlas	GSM5530550_rep1	root_rhizobia_stress	unannotated	unannotated
7029	Medicago truncatula	medicago_root_rhizobia_atlas	GSM5530550_rep1	root_rhizobia_stress	unannotated	unannotated
7030	Medicago truncatula	medicago_root_rhizobia_atlas	GSM5530550_rep1	root_rhizobia_stress	unannotated	unannotated
7031	Medicago truncatula	medicago_root_rhizobia_atlas	GSM5530550_rep1	root_rhizobia_stress	unannotated	unannotated
7032	Medicago truncatula	medicago_root_rhizobia_atlas	GSM5530550_rep1	root_rhizobia_stress	unannotated	unannotated
7033	Medicago truncatula	medicago_root_rhizobia_atlas	GSM5530550_rep1	root_rhizobia_stress	unannotated	unannotated
7034	Medicago truncatula	medicago_root_rhizobia_atlas	GSM5530550_rep1	root_rhizobia_stress	unannotated	unannotated
7035	Medicago truncatula	medicago_root_rhizobia_atlas	GSM5530550_rep1	root_rhizobia_stress	unannotated	unannotated
7036	Medicago truncatula	medicago_root_rhizobia_atlas	GSM5530550_rep1	root_rhizobia_stress	unannotated	unannotated
7037	Medicago truncatula	medicago_root_rhizobia_atlas	GSM5530550_rep1	root_rhizobia_stress	unannotated	unannotated
7038	Medicago truncatula	medicago_root_rhizobia_atlas	GSM5530551_rep2	root_rhizobia_stress	unannotated	unannotated
7039	Medicago truncatula	medicago_root_rhizobia_atlas	GSM5530551_rep2	root_rhizobia_stress	unannotated	unannotated
7040	Medicago truncatula	medicago_root_rhizobia_atlas	GSM5530551_rep2	root_rhizobia_stress	unannotated	unannotated
7041	Medicago truncatula	medicago_root_rhizobia_atlas	GSM5530551_rep2	root_rhizobia_stress	unannotated	unannotated
7042	Medicago truncatula	medicago_root_rhizobia_atlas	GSM5530551_rep2	root_rhizobia_stress	unannotated	unannotated
7043	Medicago truncatula	medicago_root_rhizobia_atlas	GSM5530551_rep2	root_rhizobia_stress	unannotated	unannotated
7044	Medicago truncatula	medicago_root_rhizobia_atlas	GSM5530551_rep2	root_rhizobia_stress	unannotated	unannotated
7045	Medicago truncatula	medicago_root_rhizobia_atlas	GSM5530551_rep2	root_rhizobia_stress	unannotated	unannotated
7046	Medicago truncatula	medicago_root_rhizobia_atlas	GSM5530551_rep2	root_rhizobia_stress	unannotated	unannotated
7047	Medicago truncatula	medicago_root_rhizobia_atlas	GSM5530551_rep2	root_rhizobia_stress	unannotated	unannotated
7048	Medicago truncatula	medicago_root_rhizobia_atlas	GSM5530551_rep2	root_rhizobia_stress	unannotated	unannotated
7049	Medicago truncatula	medicago_root_rhizobia_atlas	GSM5530551_rep2	root_rhizobia_stress	unannotated	unannotated
7050	Medicago truncatula	medicago_root_rhizobia_atlas	GSM5530551_rep2	root_rhizobia_stress	unannotated	unannotated
7051	Medicago truncatula	medicago_root_rhizobia_atlas	GSM5530551_rep2	root_rhizobia_stress	unannotated	unannotated
7052	Medicago truncatula	medicago_root_rhizobia_atlas	GSM5530551_rep2	root_rhizobia_stress	unannotated	unannotated
7053	Medicago truncatula	medicago_root_rhizobia_atlas	GSM5530551_rep2	root_rhizobia_stress	unannotated	unannotated
7054	Medicago truncatula	medicago_root_rhizobia_atlas	GSM5530551_rep2	root_rhizobia_stress	unannotated	unannotated
7055	Medicago truncatula	medicago_root_rhizobia_atlas	GSM5530551_rep2	root_rhizobia_stress	unannotated	unannotated
7056	Medicago truncatula	medicago_root_rhizobia_atlas	GSM5530551_rep2	root_rhizobia_stress	unannotated	unannotated
7057	Medicago truncatula	medicago_root_rhizobia_atlas	GSM5530551_rep2	root_rhizobia_stress	unannotated	unannotated
7058	Medicago truncatula	medicago_root_rhizobia_atlas	GSM5530551_rep2	root_rhizobia_stress	unannotated	unannotated
7059	Medicago truncatula	medicago_root_rhizobia_atlas	GSM5530551_rep2	root_rhizobia_stress	unannotated	unannotated
7060	Medicago truncatula	medicago_root_rhizobia_atlas	GSM5530551_rep2	root_rhizobia_stress	unannotated	unannotated
7061	Medicago truncatula	medicago_root_rhizobia_atlas	GSM5530551_rep2	root_rhizobia_stress	unannotated	unannotated
7062	Medicago truncatula	medicago_root_rhizobia_atlas	GSM5530551_rep2	root_rhizobia_stress	unannotated	unannotated
7063	Medicago truncatula	medicago_root_rhizobia_atlas	GSM5530551_rep2	root_rhizobia_stress	unannotated	unannotated
7064	Medicago truncatula	medicago_root_rhizobia_atlas	GSM5530551_rep2	root_rhizobia_stress	unannotated	unannotated
7065	Medicago truncatula	medicago_root_rhizobia_atlas	GSM5530551_rep2	root_rhizobia_stress	unannotated	unannotated
7066	Medicago truncatula	medicago_root_rhizobia_atlas	GSM5530551_rep2	root_rhizobia_stress	unannotated	unannotated
7067	Medicago truncatula	medicago_root_rhizobia_atlas	GSM5530551_rep2	root_rhizobia_stress	unannotated	unannotated
7068	Medicago truncatula	medicago_root_rhizobia_atlas	GSM5530551_rep2	root_rhizobia_stress	unannotated	unannotated
7069	Medicago truncatula	medicago_root_rhizobia_atlas	GSM5530551_rep2	root_rhizobia_stress	unannotated	unannotated
7070	Medicago truncatula	medicago_root_rhizobia_atlas	GSM5530551_rep2	root_rhizobia_stress	unannotated	unannotated
7071	Medicago truncatula	medicago_root_rhizobia_atlas	GSM5530551_rep2	root_rhizobia_stress	unannotated	unannotated
7072	Medicago truncatula	medicago_root_rhizobia_atlas	GSM5530551_rep2	root_rhizobia_stress	unannotated	unannotated
7073	Medicago truncatula	medicago_root_rhizobia_atlas	GSM5530551_rep2	root_rhizobia_stress	unannotated	unannotated
7074	Medicago truncatula	medicago_root_rhizobia_atlas	GSM5530551_rep2	root_rhizobia_stress	unannotated	unannotated
7075	Medicago truncatula	medicago_root_rhizobia_atlas	GSM5530551_rep2	root_rhizobia_stress	unannotated	unannotated
7076	Medicago truncatula	medicago_root_rhizobia_atlas	GSM5530551_rep2	root_rhizobia_stress	unannotated	unannotated
7077	Medicago truncatula	medicago_root_rhizobia_atlas	GSM5530551_rep2	root_rhizobia_stress	unannotated	unannotated
7078	Medicago truncatula	medicago_root_rhizobia_atlas	GSM5530551_rep2	root_rhizobia_stress	unannotated	unannotated
7079	Medicago truncatula	medicago_root_rhizobia_atlas	GSM5530551_rep2	root_rhizobia_stress	unannotated	unannotated
7080	Medicago truncatula	medicago_root_rhizobia_atlas	GSM5530551_rep2	root_rhizobia_stress	unannotated	unannotated
7081	Medicago truncatula	medicago_root_rhizobia_atlas	GSM5530551_rep2	root_rhizobia_stress	unannotated	unannotated
7082	Medicago truncatula	medicago_root_rhizobia_atlas	GSM5530551_rep2	root_rhizobia_stress	unannotated	unannotated
7083	Medicago truncatula	medicago_root_rhizobia_atlas	GSM5530551_rep2	root_rhizobia_stress	unannotated	unannotated
7084	Medicago truncatula	medicago_root_rhizobia_atlas	GSM5530551_rep2	root_rhizobia_stress	unannotated	unannotated
7085	Medicago truncatula	medicago_root_rhizobia_atlas	GSM5530551_rep2	root_rhizobia_stress	unannotated	unannotated
7086	Medicago truncatula	medicago_root_rhizobia_atlas	GSM5530551_rep2	root_rhizobia_stress	unannotated	unannotated
7087	Medicago truncatula	medicago_root_rhizobia_atlas	GSM5530551_rep2	root_rhizobia_stress	unannotated	unannotated
7088	Medicago truncatula	medicago_root_rhizobia_atlas	GSM5530551_rep2	root_rhizobia_stress	unannotated	unannotated
7089	Medicago truncatula	medicago_root_rhizobia_atlas	GSM5530551_rep2	root_rhizobia_stress	unannotated	unannotated
7090	Medicago truncatula	medicago_root_rhizobia_atlas	GSM5530551_rep2	root_rhizobia_stress	unannotated	unannotated
7091	Medicago truncatula	medicago_root_rhizobia_atlas	GSM5530551_rep2	root_rhizobia_stress	unannotated	unannotated
7092	Medicago truncatula	medicago_root_rhizobia_atlas	GSM5530551_rep2	root_rhizobia_stress	unannotated	unannotated
7093	Medicago truncatula	medicago_root_rhizobia_atlas	GSM5530551_rep2	root_rhizobia_stress	unannotated	unannotated
7094	Medicago truncatula	medicago_root_rhizobia_atlas	GSM5530551_rep2	root_rhizobia_stress	unannotated	unannotated
7095	Medicago truncatula	medicago_root_rhizobia_atlas	GSM5530551_rep2	root_rhizobia_stress	unannotated	unannotated
7096	Medicago truncatula	medicago_root_rhizobia_atlas	GSM5530551_rep2	root_rhizobia_stress	unannotated	unannotated
7097	Medicago truncatula	medicago_root_rhizobia_atlas	GSM5530551_rep2	root_rhizobia_stress	unannotated	unannotated
7098	Medicago truncatula	medicago_root_rhizobia_atlas	GSM5530551_rep2	root_rhizobia_stress	unannotated	unannotated
7099	Medicago truncatula	medicago_root_rhizobia_atlas	GSM5530551_rep2	root_rhizobia_stress	unannotated	unannotated
7100	Medicago truncatula	medicago_root_rhizobia_atlas	GSM5530551_rep2	root_rhizobia_stress	unannotated	unannotated
7101	Medicago truncatula	medicago_root_rhizobia_atlas	GSM5530551_rep2	root_rhizobia_stress	unannotated	unannotated
7102	Medicago truncatula	medicago_root_rhizobia_atlas	GSM5530551_rep2	root_rhizobia_stress	unannotated	unannotated
7103	Medicago truncatula	medicago_root_rhizobia_atlas	GSM5530551_rep2	root_rhizobia_stress	unannotated	unannotated
7104	Medicago truncatula	medicago_root_rhizobia_atlas	GSM5530551_rep2	root_rhizobia_stress	unannotated	unannotated
7105	Medicago truncatula	medicago_root_rhizobia_atlas	GSM5530551_rep2	root_rhizobia_stress	unannotated	unannotated
7106	Medicago truncatula	medicago_root_rhizobia_atlas	GSM5530551_rep2	root_rhizobia_stress	unannotated	unannotated
7107	Medicago truncatula	medicago_root_rhizobia_atlas	GSM5530551_rep2	root_rhizobia_stress	unannotated	unannotated
7108	Medicago truncatula	medicago_root_rhizobia_atlas	GSM5530551_rep2	root_rhizobia_stress	unannotated	unannotated
7109	Medicago truncatula	medicago_root_rhizobia_atlas	GSM5530551_rep2	root_rhizobia_stress	unannotated	unannotated
7110	Medicago truncatula	medicago_root_rhizobia_atlas	GSM5530551_rep2	root_rhizobia_stress	unannotated	unannotated
7111	Medicago truncatula	medicago_root_rhizobia_atlas	GSM5530551_rep2	root_rhizobia_stress	unannotated	unannotated
7112	Medicago truncatula	medicago_root_rhizobia_atlas	GSM5530551_rep2	root_rhizobia_stress	unannotated	unannotated
7113	Medicago truncatula	medicago_root_rhizobia_atlas	GSM5530551_rep2	root_rhizobia_stress	unannotated	unannotated
7114	Medicago truncatula	medicago_root_rhizobia_atlas	GSM5530551_rep2	root_rhizobia_stress	unannotated	unannotated
7115	Medicago truncatula	medicago_root_rhizobia_atlas	GSM5530551_rep2	root_rhizobia_stress	unannotated	unannotated
7116	Medicago truncatula	medicago_root_rhizobia_atlas	GSM5530551_rep2	root_rhizobia_stress	unannotated	unannotated
7117	Medicago truncatula	medicago_root_rhizobia_atlas	GSM5530551_rep2	root_rhizobia_stress	unannotated	unannotated
7118	Medicago truncatula	medicago_root_rhizobia_atlas	GSM5530551_rep2	root_rhizobia_stress	unannotated	unannotated
7119	Medicago truncatula	medicago_root_rhizobia_atlas	GSM5530551_rep2	root_rhizobia_stress	unannotated	unannotated
7120	Medicago truncatula	medicago_root_rhizobia_atlas	GSM5530551_rep2	root_rhizobia_stress	unannotated	unannotated
7121	Medicago truncatula	medicago_root_rhizobia_atlas	GSM5530551_rep2	root_rhizobia_stress	unannotated	unannotated
7122	Medicago truncatula	medicago_root_rhizobia_atlas	GSM5530551_rep2	root_rhizobia_stress	unannotated	unannotated
7123	Medicago truncatula	medicago_root_rhizobia_atlas	GSM5530551_rep2	root_rhizobia_stress	unannotated	unannotated
7124	Medicago truncatula	medicago_root_rhizobia_atlas	GSM5530551_rep2	root_rhizobia_stress	unannotated	unannotated
7125	Medicago truncatula	medicago_root_rhizobia_atlas	GSM5530551_rep2	root_rhizobia_stress	unannotated	unannotated
7126	Medicago truncatula	medicago_root_rhizobia_atlas	GSM5530551_rep2	root_rhizobia_stress	unannotated	unannotated
7127	Medicago truncatula	medicago_root_rhizobia_atlas	GSM5530551_rep2	root_rhizobia_stress	unannotated	unannotated
7128	Medicago truncatula	medicago_root_rhizobia_atlas	GSM5530551_rep2	root_rhizobia_stress	unannotated	unannotated
7129	Medicago truncatula	medicago_root_rhizobia_atlas	GSM5530551_rep2	root_rhizobia_stress	unannotated	unannotated
7130	Medicago truncatula	medicago_root_rhizobia_atlas	GSM5530551_rep2	root_rhizobia_stress	unannotated	unannotated
7131	Medicago truncatula	medicago_root_rhizobia_atlas	GSM5530551_rep2	root_rhizobia_stress	unannotated	unannotated
7132	Medicago truncatula	medicago_root_rhizobia_atlas	GSM5530551_rep2	root_rhizobia_stress	unannotated	unannotated
7133	Medicago truncatula	medicago_root_rhizobia_atlas	GSM5530551_rep2	root_rhizobia_stress	unannotated	unannotated
7134	Medicago truncatula	medicago_root_rhizobia_atlas	GSM5530551_rep2	root_rhizobia_stress	unannotated	unannotated
7135	Medicago truncatula	medicago_root_rhizobia_atlas	GSM5530551_rep2	root_rhizobia_stress	unannotated	unannotated
7136	Medicago truncatula	medicago_root_rhizobia_atlas	GSM5530551_rep2	root_rhizobia_stress	unannotated	unannotated
7137	Medicago truncatula	medicago_root_rhizobia_atlas	GSM5530551_rep2	root_rhizobia_stress	unannotated	unannotated
7138	Medicago truncatula	medicago_root_rhizobia_atlas	GSM5530551_rep2	root_rhizobia_stress	unannotated	unannotated
7139	Medicago truncatula	medicago_root_rhizobia_atlas	GSM5530551_rep2	root_rhizobia_stress	unannotated	unannotated
7140	Medicago truncatula	medicago_root_rhizobia_atlas	GSM5530551_rep2	root_rhizobia_stress	unannotated	unannotated
7141	Medicago truncatula	medicago_root_rhizobia_atlas	GSM5530551_rep2	root_rhizobia_stress	unannotated	unannotated
7142	Medicago truncatula	medicago_root_rhizobia_atlas	GSM5530551_rep2	root_rhizobia_stress	unannotated	unannotated
7143	Medicago truncatula	medicago_root_rhizobia_atlas	GSM5530551_rep2	root_rhizobia_stress	unannotated	unannotated
7144	Medicago truncatula	medicago_root_rhizobia_atlas	GSM5530551_rep2	root_rhizobia_stress	unannotated	unannotated
7145	Medicago truncatula	medicago_root_rhizobia_atlas	GSM5530551_rep2	root_rhizobia_stress	unannotated	unannotated
7146	Medicago truncatula	medicago_root_rhizobia_atlas	GSM5530551_rep2	root_rhizobia_stress	unannotated	unannotated
7147	Medicago truncatula	medicago_root_rhizobia_atlas	GSM5530551_rep2	root_rhizobia_stress	unannotated	unannotated
7148	Medicago truncatula	medicago_root_rhizobia_atlas	GSM5530551_rep2	root_rhizobia_stress	unannotated	unannotated
7149	Medicago truncatula	medicago_root_rhizobia_atlas	GSM5530551_rep2	root_rhizobia_stress	unannotated	unannotated
7150	Medicago truncatula	medicago_root_rhizobia_atlas	GSM5530551_rep2	root_rhizobia_stress	unannotated	unannotated
7151	Medicago truncatula	medicago_root_rhizobia_atlas	GSM5530551_rep2	root_rhizobia_stress	unannotated	unannotated
7152	Medicago truncatula	medicago_root_rhizobia_atlas	GSM5530551_rep2	root_rhizobia_stress	unannotated	unannotated
7153	Medicago truncatula	medicago_root_rhizobia_atlas	GSM5530551_rep2	root_rhizobia_stress	unannotated	unannotated
7154	Medicago truncatula	medicago_root_rhizobia_atlas	GSM5530551_rep2	root_rhizobia_stress	unannotated	unannotated
7155	Medicago truncatula	medicago_root_rhizobia_atlas	GSM5530551_rep2	root_rhizobia_stress	unannotated	unannotated
7156	Medicago truncatula	medicago_root_rhizobia_atlas	GSM5530551_rep2	root_rhizobia_stress	unannotated	unannotated
7157	Medicago truncatula	medicago_root_rhizobia_atlas	GSM5530551_rep2	root_rhizobia_stress	unannotated	unannotated
7158	Medicago truncatula	medicago_root_rhizobia_atlas	GSM5530551_rep2	root_rhizobia_stress	unannotated	unannotated
7159	Medicago truncatula	medicago_root_rhizobia_atlas	GSM5530551_rep2	root_rhizobia_stress	unannotated	unannotated
7160	Medicago truncatula	medicago_root_rhizobia_atlas	GSM5530551_rep2	root_rhizobia_stress	unannotated	unannotated
7161	Medicago truncatula	medicago_root_rhizobia_atlas	GSM5530551_rep2	root_rhizobia_stress	unannotated	unannotated
7162	Medicago truncatula	medicago_root_rhizobia_atlas	GSM5530551_rep2	root_rhizobia_stress	unannotated	unannotated
7163	Medicago truncatula	medicago_root_rhizobia_atlas	GSM5530551_rep2	root_rhizobia_stress	unannotated	unannotated
7164	Medicago truncatula	medicago_root_rhizobia_atlas	GSM5530551_rep2	root_rhizobia_stress	unannotated	unannotated
7165	Medicago truncatula	medicago_root_rhizobia_atlas	GSM5530551_rep2	root_rhizobia_stress	unannotated	unannotated
7166	Medicago truncatula	medicago_root_rhizobia_atlas	GSM5530551_rep2	root_rhizobia_stress	unannotated	unannotated
7167	Medicago truncatula	medicago_root_rhizobia_atlas	GSM5530551_rep2	root_rhizobia_stress	unannotated	unannotated
7168	Populus trichocarpa	woody_xylem_development_atlas	filtered_feature_bc	internode_xylem	unannotated	unannotated
7169	Populus trichocarpa	woody_xylem_development_atlas	raw_feature_bc	internode_xylem	unannotated	unannotated
7170	Populus trichocarpa	woody_xylem_development_atlas	raw_feature_bc	internode_xylem	unannotated	unannotated
7171	Populus trichocarpa	woody_xylem_development_atlas	raw_feature_bc	internode_xylem	unannotated	unannotated
7172	Populus trichocarpa	woody_xylem_development_atlas	raw_feature_bc	internode_xylem	unannotated	unannotated
7173	Populus trichocarpa	woody_xylem_development_atlas	raw_feature_bc	internode_xylem	unannotated	unannotated
7174	Populus trichocarpa	woody_xylem_development_atlas	raw_feature_bc	internode_xylem	unannotated	unannotated
7175	Populus trichocarpa	woody_xylem_development_atlas	raw_feature_bc	internode_xylem	unannotated	unannotated
7176	Populus trichocarpa	woody_xylem_development_atlas	raw_feature_bc	internode_xylem	unannotated	unannotated
7177	Populus trichocarpa	woody_xylem_development_atlas	raw_feature_bc	internode_xylem	unannotated	unannotated
7178	Populus trichocarpa	woody_xylem_development_atlas	raw_feature_bc	internode_xylem	unannotated	unannotated
7179	Populus trichocarpa	woody_xylem_development_atlas	raw_feature_bc	internode_xylem	unannotated	unannotated
7180	Populus trichocarpa	woody_xylem_development_atlas	raw_feature_bc	internode_xylem	unannotated	unannotated
7181	Populus trichocarpa	woody_xylem_development_atlas	raw_feature_bc	internode_xylem	unannotated	unannotated
7182	Populus trichocarpa	woody_xylem_development_atlas	raw_feature_bc	internode_xylem	unannotated	unannotated
7183	Populus trichocarpa	woody_xylem_development_atlas	raw_feature_bc	internode_xylem	unannotated	unannotated
7184	Populus trichocarpa	woody_xylem_development_atlas	raw_feature_bc	internode_xylem	unannotated	unannotated
7185	Populus trichocarpa	woody_xylem_development_atlas	raw_feature_bc	internode_xylem	unannotated	unannotated
7186	Populus trichocarpa	woody_xylem_development_atlas	raw_feature_bc	internode_xylem	unannotated	unannotated
7187	Populus trichocarpa	woody_xylem_development_atlas	raw_feature_bc	internode_xylem	unannotated	unannotated
7188	Populus trichocarpa	woody_xylem_development_atlas	raw_feature_bc	internode_xylem	unannotated	unannotated
7189	Populus trichocarpa	woody_xylem_development_atlas	raw_feature_bc	internode_xylem	unannotated	unannotated
7190	Populus trichocarpa	woody_xylem_development_atlas	raw_feature_bc	internode_xylem	unannotated	unannotated
7191	Populus trichocarpa	woody_xylem_development_atlas	raw_feature_bc	internode_xylem	unannotated	unannotated
7192	Populus trichocarpa	woody_xylem_development_atlas	raw_feature_bc	internode_xylem	unannotated	unannotated
7193	Populus trichocarpa	woody_xylem_development_atlas	raw_feature_bc	internode_xylem	unannotated	unannotated
7194	Populus trichocarpa	woody_xylem_development_atlas	raw_feature_bc	internode_xylem	unannotated	unannotated
7195	Populus trichocarpa	woody_xylem_development_atlas	raw_feature_bc	internode_xylem	unannotated	unannotated
7196	Populus trichocarpa	woody_xylem_development_atlas	raw_feature_bc	internode_xylem	unannotated	unannotated
7197	Populus trichocarpa	woody_xylem_development_atlas	raw_feature_bc	internode_xylem	unannotated	unannotated
7198	Populus trichocarpa	woody_xylem_development_atlas	raw_feature_bc	internode_xylem	unannotated	unannotated
7199	Populus trichocarpa	woody_xylem_development_atlas	raw_feature_bc	internode_xylem	unannotated	unannotated
7200	Populus trichocarpa	woody_xylem_development_atlas	raw_feature_bc	internode_xylem	unannotated	unannotated
7201	Populus trichocarpa	woody_xylem_development_atlas	raw_feature_bc	internode_xylem	unannotated	unannotated
7202	Populus trichocarpa	woody_xylem_development_atlas	raw_feature_bc	internode_xylem	unannotated	unannotated
7203	Populus trichocarpa	woody_xylem_development_atlas	raw_feature_bc	internode_xylem	unannotated	unannotated
7204	Populus trichocarpa	woody_xylem_development_atlas	raw_feature_bc	internode_xylem	unannotated	unannotated
7205	Populus trichocarpa	woody_xylem_development_atlas	raw_feature_bc	internode_xylem	unannotated	unannotated
7206	Populus trichocarpa	woody_xylem_development_atlas	raw_feature_bc	internode_xylem	unannotated	unannotated
7207	Populus trichocarpa	woody_xylem_development_atlas	raw_feature_bc	internode_xylem	unannotated	unannotated
7208	Populus trichocarpa	woody_xylem_development_atlas	raw_feature_bc	internode_xylem	unannotated	unannotated
7209	Populus trichocarpa	woody_xylem_development_atlas	raw_feature_bc	internode_xylem	unannotated	unannotated
7210	Populus trichocarpa	woody_xylem_development_atlas	raw_feature_bc	internode_xylem	unannotated	unannotated
7211	Populus trichocarpa	woody_xylem_development_atlas	raw_feature_bc	internode_xylem	unannotated	unannotated
7212	Populus trichocarpa	woody_xylem_development_atlas	raw_feature_bc	internode_xylem	unannotated	unannotated
7213	Populus trichocarpa	woody_xylem_development_atlas	raw_feature_bc	internode_xylem	unannotated	unannotated
7214	Populus trichocarpa	woody_xylem_development_atlas	raw_feature_bc	internode_xylem	unannotated	unannotated
7215	Populus trichocarpa	woody_xylem_development_atlas	raw_feature_bc	internode_xylem	unannotated	unannotated
7216	Populus trichocarpa	woody_xylem_development_atlas	raw_feature_bc	internode_xylem	unannotated	unannotated
7217	Populus trichocarpa	woody_xylem_development_atlas	raw_feature_bc	internode_xylem	unannotated	unannotated
7218	Populus trichocarpa	woody_xylem_development_atlas	raw_feature_bc	internode_xylem	unannotated	unannotated
7219	Populus trichocarpa	woody_xylem_development_atlas	raw_feature_bc	internode_xylem	unannotated	unannotated
7220	Populus trichocarpa	woody_xylem_development_atlas	raw_feature_bc	internode_xylem	unannotated	unannotated
7221	Populus trichocarpa	woody_xylem_development_atlas	raw_feature_bc	internode_xylem	unannotated	unannotated
7222	Populus trichocarpa	woody_xylem_development_atlas	raw_feature_bc	internode_xylem	unannotated	unannotated
7223	Populus trichocarpa	woody_xylem_development_atlas	raw_feature_bc	internode_xylem	unannotated	unannotated
7224	Populus trichocarpa	woody_xylem_development_atlas	raw_feature_bc	internode_xylem	unannotated	unannotated
7225	Populus trichocarpa	woody_xylem_development_atlas	raw_feature_bc	internode_xylem	unannotated	unannotated
7226	Populus trichocarpa	woody_xylem_development_atlas	raw_feature_bc	internode_xylem	unannotated	unannotated
7227	Populus trichocarpa	woody_xylem_development_atlas	raw_feature_bc	internode_xylem	unannotated	unannotated
7228	Populus trichocarpa	woody_xylem_development_atlas	raw_feature_bc	internode_xylem	unannotated	unannotated
7229	Populus trichocarpa	woody_xylem_development_atlas	raw_feature_bc	internode_xylem	unannotated	unannotated
7230	Populus trichocarpa	woody_xylem_development_atlas	raw_feature_bc	internode_xylem	unannotated	unannotated
7231	Populus trichocarpa	woody_xylem_development_atlas	raw_feature_bc	internode_xylem	unannotated	unannotated
7232	Populus trichocarpa	woody_xylem_development_atlas	raw_feature_bc	internode_xylem	unannotated	unannotated
7233	Populus trichocarpa	woody_xylem_development_atlas	raw_feature_bc	internode_xylem	unannotated	unannotated
7234	Populus trichocarpa	woody_xylem_development_atlas	raw_feature_bc	internode_xylem	unannotated	unannotated
7235	Populus trichocarpa	woody_xylem_development_atlas	raw_feature_bc	internode_xylem	unannotated	unannotated
7236	Populus trichocarpa	woody_xylem_development_atlas	raw_feature_bc	internode_xylem	unannotated	unannotated
7237	Populus trichocarpa	woody_xylem_development_atlas	raw_feature_bc	internode_xylem	unannotated	unannotated
7238	Populus trichocarpa	woody_xylem_development_atlas	raw_feature_bc	internode_xylem	unannotated	unannotated
7239	Populus trichocarpa	woody_xylem_development_atlas	raw_feature_bc	internode_xylem	unannotated	unannotated
7240	Populus trichocarpa	woody_xylem_development_atlas	raw_feature_bc	internode_xylem	unannotated	unannotated
7241	Populus trichocarpa	woody_xylem_development_atlas	raw_feature_bc	internode_xylem	unannotated	unannotated
7242	Populus trichocarpa	woody_xylem_development_atlas	raw_feature_bc	internode_xylem	unannotated	unannotated
7243	Populus trichocarpa	woody_xylem_development_atlas	raw_feature_bc	internode_xylem	unannotated	unannotated
7244	Populus trichocarpa	woody_xylem_development_atlas	raw_feature_bc	internode_xylem	unannotated	unannotated
7245	Populus trichocarpa	woody_xylem_development_atlas	raw_feature_bc	internode_xylem	unannotated	unannotated
7246	Populus trichocarpa	woody_xylem_development_atlas	raw_feature_bc	internode_xylem	unannotated	unannotated
7247	Populus trichocarpa	woody_xylem_development_atlas	raw_feature_bc	internode_xylem	unannotated	unannotated
7248	Populus trichocarpa	woody_xylem_development_atlas	raw_feature_bc	internode_xylem	unannotated	unannotated
7249	Populus trichocarpa	woody_xylem_development_atlas	raw_feature_bc	internode_xylem	unannotated	unannotated
7250	Populus trichocarpa	woody_xylem_development_atlas	raw_feature_bc	internode_xylem	unannotated	unannotated
7251	Populus trichocarpa	woody_xylem_development_atlas	raw_feature_bc	internode_xylem	unannotated	unannotated
7252	Populus trichocarpa	woody_xylem_development_atlas	raw_feature_bc	internode_xylem	unannotated	unannotated
7253	Populus trichocarpa	woody_xylem_development_atlas	raw_feature_bc	internode_xylem	unannotated	unannotated
7254	Populus trichocarpa	woody_xylem_development_atlas	raw_feature_bc	internode_xylem	unannotated	unannotated
7255	Populus trichocarpa	woody_xylem_development_atlas	raw_feature_bc	internode_xylem	unannotated	unannotated
7256	Populus trichocarpa	woody_xylem_development_atlas	raw_feature_bc	internode_xylem	unannotated	unannotated
7257	Populus trichocarpa	woody_xylem_development_atlas	raw_feature_bc	internode_xylem	unannotated	unannotated
7258	Populus trichocarpa	woody_xylem_development_atlas	raw_feature_bc	internode_xylem	unannotated	unannotated
7259	Populus trichocarpa	woody_xylem_development_atlas	raw_feature_bc	internode_xylem	unannotated	unannotated
7260	Populus trichocarpa	woody_xylem_development_atlas	raw_feature_bc	internode_xylem	unannotated	unannotated
7261	Populus trichocarpa	woody_xylem_development_atlas	raw_feature_bc	internode_xylem	unannotated	unannotated
7262	Populus trichocarpa	woody_xylem_development_atlas	raw_feature_bc	internode_xylem	unannotated	unannotated
7263	Populus trichocarpa	woody_xylem_development_atlas	raw_feature_bc	internode_xylem	unannotated	unannotated
7264	Populus trichocarpa	woody_xylem_development_atlas	raw_feature_bc	internode_xylem	unannotated	unannotated
7265	Populus trichocarpa	woody_xylem_development_atlas	raw_feature_bc	internode_xylem	unannotated	unannotated
7266	Populus trichocarpa	woody_xylem_development_atlas	raw_feature_bc	internode_xylem	unannotated	unannotated
7267	Populus trichocarpa	woody_xylem_development_atlas	raw_feature_bc	internode_xylem	unannotated	unannotated
7268	Populus trichocarpa	woody_xylem_development_atlas	raw_feature_bc	internode_xylem	unannotated	unannotated
7269	Populus trichocarpa	woody_xylem_development_atlas	raw_feature_bc	internode_xylem	unannotated	unannotated
7270	Populus trichocarpa	woody_xylem_development_atlas	raw_feature_bc	internode_xylem	unannotated	unannotated
7271	Populus trichocarpa	woody_xylem_development_atlas	raw_feature_bc	internode_xylem	unannotated	unannotated
7272	Populus trichocarpa	woody_xylem_development_atlas	raw_feature_bc	internode_xylem	unannotated	unannotated
7273	Populus trichocarpa	woody_xylem_development_atlas	raw_feature_bc	internode_xylem	unannotated	unannotated
7274	Populus trichocarpa	woody_xylem_development_atlas	raw_feature_bc	internode_xylem	unannotated	unannotated
7275	Populus trichocarpa	woody_xylem_development_atlas	raw_feature_bc	internode_xylem	unannotated	unannotated
7276	Populus trichocarpa	woody_xylem_development_atlas	raw_feature_bc	internode_xylem	unannotated	unannotated
7277	Populus trichocarpa	woody_xylem_development_atlas	raw_feature_bc	internode_xylem	unannotated	unannotated
7278	Populus trichocarpa	woody_xylem_development_atlas	raw_feature_bc	internode_xylem	unannotated	unannotated
7279	Populus trichocarpa	woody_xylem_development_atlas	raw_feature_bc	internode_xylem	unannotated	unannotated
7280	Populus trichocarpa	woody_xylem_development_atlas	raw_feature_bc	internode_xylem	unannotated	unannotated
7281	Populus trichocarpa	woody_xylem_development_atlas	raw_feature_bc	internode_xylem	unannotated	unannotated
7282	Populus trichocarpa	woody_xylem_development_atlas	raw_feature_bc	internode_xylem	unannotated	unannotated
7283	Populus trichocarpa	woody_xylem_development_atlas	raw_feature_bc	internode_xylem	unannotated	unannotated
7284	Populus trichocarpa	woody_xylem_development_atlas	raw_feature_bc	internode_xylem	unannotated	unannotated
7285	Populus trichocarpa	woody_xylem_development_atlas	raw_feature_bc	internode_xylem	unannotated	unannotated
7286	Populus trichocarpa	woody_xylem_development_atlas	raw_feature_bc	internode_xylem	unannotated	unannotated
7287	Populus trichocarpa	woody_xylem_development_atlas	raw_feature_bc	internode_xylem	unannotated	unannotated
7288	Populus trichocarpa	woody_xylem_development_atlas	raw_feature_bc	internode_xylem	unannotated	unannotated
7289	Populus trichocarpa	woody_xylem_development_atlas	raw_feature_bc	internode_xylem	unannotated	unannotated
7290	Populus trichocarpa	woody_xylem_development_atlas	raw_feature_bc	internode_xylem	unannotated	unannotated
7291	Populus trichocarpa	woody_xylem_development_atlas	raw_feature_bc	internode_xylem	unannotated	unannotated
7292	Populus trichocarpa	woody_xylem_development_atlas	raw_feature_bc	internode_xylem	unannotated	unannotated
7293	Populus trichocarpa	woody_xylem_development_atlas	raw_feature_bc	internode_xylem	unannotated	unannotated
7294	Populus trichocarpa	woody_xylem_development_atlas	raw_feature_bc	internode_xylem	unannotated	unannotated
7295	Populus trichocarpa	woody_xylem_development_atlas	raw_feature_bc	internode_xylem	unannotated	unannotated
7296	Populus trichocarpa	woody_xylem_development_atlas	raw_feature_bc	internode_xylem	unannotated	unannotated
7297	Populus trichocarpa	woody_xylem_development_atlas	raw_feature_bc	internode_xylem	unannotated	unannotated
7298	Populus trichocarpa	woody_xylem_development_atlas	raw_feature_bc	internode_xylem	unannotated	unannotated
7299	Populus trichocarpa	woody_xylem_development_atlas	raw_feature_bc	internode_xylem	unannotated	unannotated
7300	Populus trichocarpa	woody_xylem_development_atlas	raw_feature_bc	internode_xylem	unannotated	unannotated
7301	Populus trichocarpa	woody_xylem_development_atlas	raw_feature_bc	internode_xylem	unannotated	unannotated
7302	Populus trichocarpa	woody_xylem_development_atlas	raw_feature_bc	internode_xylem	unannotated	unannotated
7303	Populus trichocarpa	woody_xylem_development_atlas	raw_feature_bc	internode_xylem	unannotated	unannotated
7304	Populus trichocarpa	woody_xylem_development_atlas	raw_feature_bc	internode_xylem	unannotated	unannotated
7305	Populus trichocarpa	woody_xylem_development_atlas	raw_feature_bc	internode_xylem	unannotated	unannotated
7306	Populus trichocarpa	woody_xylem_development_atlas	raw_feature_bc	internode_xylem	unannotated	unannotated
7307	Populus trichocarpa	woody_xylem_development_atlas	raw_feature_bc	internode_xylem	unannotated	unannotated
7308	Populus trichocarpa	woody_xylem_development_atlas	raw_feature_bc	internode_xylem	unannotated	unannotated
7309	Populus trichocarpa	woody_xylem_development_atlas	raw_feature_bc	internode_xylem	unannotated	unannotated
7310	Populus trichocarpa	woody_xylem_development_atlas	raw_feature_bc	internode_xylem	unannotated	unannotated
7311	Populus trichocarpa	woody_xylem_development_atlas	raw_feature_bc	internode_xylem	unannotated	unannotated
7312	Populus trichocarpa	woody_xylem_development_atlas	raw_feature_bc	internode_xylem	unannotated	unannotated
7313	Populus trichocarpa	woody_xylem_development_atlas	raw_feature_bc	internode_xylem	unannotated	unannotated
7314	Populus trichocarpa	woody_xylem_development_atlas	raw_feature_bc	internode_xylem	unannotated	unannotated
7315	Populus trichocarpa	woody_xylem_development_atlas	raw_feature_bc	internode_xylem	unannotated	unannotated
7316	Populus trichocarpa	woody_xylem_development_atlas	raw_feature_bc	internode_xylem	unannotated	unannotated
7317	Populus trichocarpa	woody_xylem_development_atlas	raw_feature_bc	internode_xylem	unannotated	unannotated
7318	Populus trichocarpa	woody_xylem_development_atlas	raw_feature_bc	internode_xylem	unannotated	unannotated
7319	Populus trichocarpa	woody_xylem_development_atlas	raw_feature_bc	internode_xylem	unannotated	unannotated
7320	Populus trichocarpa	woody_xylem_development_atlas	raw_feature_bc	internode_xylem	unannotated	unannotated
7321	Populus trichocarpa	woody_xylem_development_atlas	raw_feature_bc	internode_xylem	unannotated	unannotated
7322	Populus trichocarpa	woody_xylem_development_atlas	raw_feature_bc	internode_xylem	unannotated	unannotated
7323	Populus trichocarpa	woody_xylem_development_atlas	raw_feature_bc	internode_xylem	unannotated	unannotated
7324	Populus trichocarpa	woody_xylem_development_atlas	raw_feature_bc	internode_xylem	unannotated	unannotated
7325	Populus trichocarpa	woody_xylem_development_atlas	raw_feature_bc	internode_xylem	unannotated	unannotated
7326	Populus trichocarpa	woody_xylem_development_atlas	raw_feature_bc	internode_xylem	unannotated	unannotated
7327	Populus trichocarpa	woody_xylem_development_atlas	raw_feature_bc	internode_xylem	unannotated	unannotated
7328	Populus trichocarpa	woody_xylem_development_atlas	raw_feature_bc	internode_xylem	unannotated	unannotated
7329	Populus trichocarpa	woody_xylem_development_atlas	raw_feature_bc	internode_xylem	unannotated	unannotated
7330	Populus trichocarpa	woody_xylem_development_atlas	raw_feature_bc	internode_xylem	unannotated	unannotated
7331	Populus trichocarpa	woody_xylem_development_atlas	raw_feature_bc	internode_xylem	unannotated	unannotated
7332	Populus trichocarpa	woody_xylem_development_atlas	raw_feature_bc	internode_xylem	unannotated	unannotated
7333	Populus trichocarpa	woody_xylem_development_atlas	raw_feature_bc	internode_xylem	unannotated	unannotated
7334	Populus trichocarpa	woody_xylem_development_atlas	raw_feature_bc	internode_xylem	unannotated	unannotated
7335	Populus trichocarpa	woody_xylem_development_atlas	raw_feature_bc	internode_xylem	unannotated	unannotated
7336	Populus trichocarpa	woody_xylem_development_atlas	raw_feature_bc	internode_xylem	unannotated	unannotated
7337	Populus trichocarpa	woody_xylem_development_atlas	raw_feature_bc	internode_xylem	unannotated	unannotated
7338	Populus trichocarpa	woody_xylem_development_atlas	raw_feature_bc	internode_xylem	unannotated	unannotated
7339	Populus trichocarpa	woody_xylem_development_atlas	raw_feature_bc	internode_xylem	unannotated	unannotated
7340	Populus trichocarpa	woody_xylem_development_atlas	raw_feature_bc	internode_xylem	unannotated	unannotated
7341	Populus trichocarpa	woody_xylem_development_atlas	raw_feature_bc	internode_xylem	unannotated	unannotated
7342	Populus trichocarpa	woody_xylem_development_atlas	raw_feature_bc	internode_xylem	unannotated	unannotated
7343	Populus trichocarpa	woody_xylem_development_atlas	raw_feature_bc	internode_xylem	unannotated	unannotated
7344	Populus trichocarpa	woody_xylem_development_atlas	raw_feature_bc	internode_xylem	unannotated	unannotated
7345	Populus trichocarpa	woody_xylem_development_atlas	raw_feature_bc	internode_xylem	unannotated	unannotated
7346	Populus trichocarpa	woody_xylem_development_atlas	raw_feature_bc	internode_xylem	unannotated	unannotated
7347	Populus trichocarpa	woody_xylem_development_atlas	raw_feature_bc	internode_xylem	unannotated	unannotated
7348	Populus trichocarpa	woody_xylem_development_atlas	raw_feature_bc	internode_xylem	unannotated	unannotated
7349	Populus trichocarpa	woody_xylem_development_atlas	raw_feature_bc	internode_xylem	unannotated	unannotated
7350	Populus trichocarpa	woody_xylem_development_atlas	raw_feature_bc	internode_xylem	unannotated	unannotated
7351	Populus trichocarpa	woody_xylem_development_atlas	raw_feature_bc	internode_xylem	unannotated	unannotated
7352	Populus trichocarpa	woody_xylem_development_atlas	raw_feature_bc	internode_xylem	unannotated	unannotated
7353	Populus trichocarpa	woody_xylem_development_atlas	raw_feature_bc	internode_xylem	unannotated	unannotated
7354	Populus trichocarpa	woody_xylem_development_atlas	raw_feature_bc	internode_xylem	unannotated	unannotated
7355	Populus trichocarpa	woody_xylem_development_atlas	raw_feature_bc	internode_xylem	unannotated	unannotated
7356	Populus trichocarpa	woody_xylem_development_atlas	raw_feature_bc	internode_xylem	unannotated	unannotated
7357	Populus trichocarpa	woody_xylem_development_atlas	raw_feature_bc	internode_xylem	unannotated	unannotated
7358	Populus trichocarpa	woody_xylem_development_atlas	raw_feature_bc	internode_xylem	unannotated	unannotated
7359	Populus trichocarpa	woody_xylem_development_atlas	raw_feature_bc	internode_xylem	unannotated	unannotated
7360	Populus trichocarpa	woody_xylem_development_atlas	raw_feature_bc	internode_xylem	unannotated	unannotated
7361	Populus trichocarpa	woody_xylem_development_atlas	raw_feature_bc	internode_xylem	unannotated	unannotated
7362	Populus trichocarpa	woody_xylem_development_atlas	raw_feature_bc	internode_xylem	unannotated	unannotated
7363	Populus trichocarpa	woody_xylem_development_atlas	raw_feature_bc	internode_xylem	unannotated	unannotated
7364	Populus trichocarpa	woody_xylem_development_atlas	raw_feature_bc	internode_xylem	unannotated	unannotated
7365	Populus trichocarpa	woody_xylem_development_atlas	raw_feature_bc	internode_xylem	unannotated	unannotated
7366	Populus trichocarpa	woody_xylem_development_atlas	raw_feature_bc	internode_xylem	unannotated	unannotated
7367	Populus trichocarpa	woody_xylem_development_atlas	raw_feature_bc	internode_xylem	unannotated	unannotated
7368	Populus trichocarpa	woody_xylem_development_atlas	raw_feature_bc	internode_xylem	unannotated	unannotated
7369	Populus trichocarpa	woody_xylem_development_atlas	raw_feature_bc	internode_xylem	unannotated	unannotated
7370	Populus trichocarpa	woody_xylem_development_atlas	raw_feature_bc	internode_xylem	unannotated	unannotated
7371	Populus trichocarpa	woody_xylem_development_atlas	raw_feature_bc	internode_xylem	unannotated	unannotated
7372	Populus trichocarpa	woody_xylem_development_atlas	raw_feature_bc	internode_xylem	unannotated	unannotated
7373	Populus trichocarpa	woody_xylem_development_atlas	raw_feature_bc	internode_xylem	unannotated	unannotated
7374	Populus trichocarpa	woody_xylem_development_atlas	raw_feature_bc	internode_xylem	unannotated	unannotated
7375	Populus trichocarpa	woody_xylem_development_atlas	raw_feature_bc	internode_xylem	unannotated	unannotated
7376	Populus trichocarpa	woody_xylem_development_atlas	raw_feature_bc	internode_xylem	unannotated	unannotated
7377	Populus trichocarpa	woody_xylem_development_atlas	raw_feature_bc	internode_xylem	unannotated	unannotated
7378	Populus trichocarpa	woody_xylem_development_atlas	raw_feature_bc	internode_xylem	unannotated	unannotated
7379	Populus trichocarpa	woody_xylem_development_atlas	raw_feature_bc	internode_xylem	unannotated	unannotated
7380	Populus trichocarpa	woody_xylem_development_atlas	raw_feature_bc	internode_xylem	unannotated	unannotated
7381	Populus trichocarpa	woody_xylem_development_atlas	raw_feature_bc	internode_xylem	unannotated	unannotated
7382	Populus trichocarpa	woody_xylem_development_atlas	raw_feature_bc	internode_xylem	unannotated	unannotated
7383	Populus trichocarpa	woody_xylem_development_atlas	raw_feature_bc	internode_xylem	unannotated	unannotated
7384	Populus trichocarpa	woody_xylem_development_atlas	raw_feature_bc	internode_xylem	unannotated	unannotated
7385	Populus trichocarpa	woody_xylem_development_atlas	raw_feature_bc	internode_xylem	unannotated	unannotated
7386	Populus trichocarpa	woody_xylem_development_atlas	raw_feature_bc	internode_xylem	unannotated	unannotated
7387	Populus trichocarpa	woody_xylem_development_atlas	raw_feature_bc	internode_xylem	unannotated	unannotated
7388	Populus trichocarpa	woody_xylem_development_atlas	raw_feature_bc	internode_xylem	unannotated	unannotated
7389	Populus trichocarpa	woody_xylem_development_atlas	raw_feature_bc	internode_xylem	unannotated	unannotated
7390	Populus trichocarpa	woody_xylem_development_atlas	raw_feature_bc	internode_xylem	unannotated	unannotated
7391	Populus trichocarpa	woody_xylem_development_atlas	raw_feature_bc	internode_xylem	unannotated	unannotated
7392	Populus trichocarpa	woody_xylem_development_atlas	raw_feature_bc	internode_xylem	unannotated	unannotated
7393	Populus trichocarpa	woody_xylem_development_atlas	raw_feature_bc	internode_xylem	unannotated	unannotated
7394	Populus trichocarpa	woody_xylem_development_atlas	raw_feature_bc	internode_xylem	unannotated	unannotated
7395	Populus trichocarpa	woody_xylem_development_atlas	raw_feature_bc	internode_xylem	unannotated	unannotated
7396	Populus trichocarpa	woody_xylem_development_atlas	raw_feature_bc	internode_xylem	unannotated	unannotated
7397	Populus trichocarpa	woody_xylem_development_atlas	raw_feature_bc	internode_xylem	unannotated	unannotated
7398	Populus trichocarpa	woody_xylem_development_atlas	raw_feature_bc	internode_xylem	unannotated	unannotated
7399	Populus trichocarpa	woody_xylem_development_atlas	raw_feature_bc	internode_xylem	unannotated	unannotated
7400	Populus trichocarpa	woody_xylem_development_atlas	raw_feature_bc	internode_xylem	unannotated	unannotated
7401	Populus trichocarpa	woody_xylem_development_atlas	raw_feature_bc	internode_xylem	unannotated	unannotated
7402	Populus trichocarpa	woody_xylem_development_atlas	raw_feature_bc	internode_xylem	unannotated	unannotated
7403	Populus trichocarpa	woody_xylem_development_atlas	raw_feature_bc	internode_xylem	unannotated	unannotated
7404	Populus trichocarpa	woody_xylem_development_atlas	raw_feature_bc	internode_xylem	unannotated	unannotated
7405	Populus trichocarpa	woody_xylem_development_atlas	raw_feature_bc	internode_xylem	unannotated	unannotated
7406	Populus trichocarpa	woody_xylem_development_atlas	raw_feature_bc	internode_xylem	unannotated	unannotated
7407	Populus trichocarpa	woody_xylem_development_atlas	raw_feature_bc	internode_xylem	unannotated	unannotated
7408	Populus trichocarpa	woody_xylem_development_atlas	raw_feature_bc	internode_xylem	unannotated	unannotated
7409	Populus trichocarpa	woody_xylem_development_atlas	raw_feature_bc	internode_xylem	unannotated	unannotated
7410	Populus trichocarpa	woody_xylem_development_atlas	raw_feature_bc	internode_xylem	unannotated	unannotated
7411	Populus trichocarpa	woody_xylem_development_atlas	raw_feature_bc	internode_xylem	unannotated	unannotated
7412	Populus trichocarpa	woody_xylem_development_atlas	raw_feature_bc	internode_xylem	unannotated	unannotated
7413	Populus trichocarpa	woody_xylem_development_atlas	raw_feature_bc	internode_xylem	unannotated	unannotated
7414	Populus trichocarpa	woody_xylem_development_atlas	raw_feature_bc	internode_xylem	unannotated	unannotated
7415	Populus trichocarpa	woody_xylem_development_atlas	raw_feature_bc	internode_xylem	unannotated	unannotated
7416	Populus trichocarpa	woody_xylem_development_atlas	raw_feature_bc	internode_xylem	unannotated	unannotated
7417	Populus trichocarpa	woody_xylem_development_atlas	raw_feature_bc	internode_xylem	unannotated	unannotated
7418	Populus trichocarpa	woody_xylem_development_atlas	raw_feature_bc	internode_xylem	unannotated	unannotated
7419	Populus trichocarpa	woody_xylem_development_atlas	raw_feature_bc	internode_xylem	unannotated	unannotated
7420	Populus trichocarpa	woody_xylem_development_atlas	raw_feature_bc	internode_xylem	unannotated	unannotated
7421	Populus trichocarpa	woody_xylem_development_atlas	raw_feature_bc	internode_xylem	unannotated	unannotated
7422	Populus trichocarpa	woody_xylem_development_atlas	raw_feature_bc	internode_xylem	unannotated	unannotated
7423	Populus trichocarpa	woody_xylem_development_atlas	raw_feature_bc	internode_xylem	unannotated	unannotated
