cell_id	species	organ	truth_label	strict_prediction	covered_by_train_labels
scplantdb_CRA002977_1:CRX125602@@_AAACCTGGTGCACTTA-1	Arabidopsis thaliana	leaf	Leaf pavement cell	Mesophyll	False
scplantdb_CRA002977_1:CRX125602@@_AAAGATGTCGCCATAA-1	Arabidopsis thaliana	leaf	Mesophyll	Mesophyll	True
scplantdb_CRA002977_1:CRX125602@@_AACCATGCACCAACCG-1	Arabidopsis thaliana	leaf	Phloem parenchyma	Mesophyll	True
scplantdb_CRA002977_1:CRX125602@@_AACCATGCACTTAAGC-1	Arabidopsis thaliana	leaf	Mesophyll	Mesophyll	True
scplantdb_CRA002977_1:CRX125602@@_AACCATGGTGTGCGTC-1	Arabidopsis thaliana	leaf	Mesophyll	Mesophyll	True
scplantdb_CRA002977_1:CRX125602@@_AACCATGTCCTTTCGG-1	Arabidopsis thaliana	leaf	Mesophyll	Mesophyll	True
scplantdb_CRA002977_1:CRX125602@@_AACCATGTCTCTGTCG-1	Arabidopsis thaliana	leaf	Xylem	Mesophyll	True
scplantdb_CRA002977_1:CRX125602@@_AACTCCCCACGGTAGA-1	Arabidopsis thaliana	leaf	Mesophyll	Mesophyll	True
scplantdb_CRA002977_1:CRX125602@@_AACTCTTTCGAACTGT-1	Arabidopsis thaliana	leaf	Leaf pavement cell	Mesophyll	False
scplantdb_CRA002977_1:CRX125602@@_AAGACCTGTCGAGTTT-1	Arabidopsis thaliana	leaf	Mesophyll	Mesophyll	True
scplantdb_CRA002977_1:CRX125602@@_ACATACGTCCTCTAGC-1	Arabidopsis thaliana	leaf	Mesophyll	Mesophyll	True
scplantdb_CRA002977_1:CRX125602@@_ACCGTAAAGCACGCCT-1	Arabidopsis thaliana	leaf	Mesophyll	Mesophyll	True
scplantdb_CRA002977_1:CRX125602@@_ACCTTTAGTGTGAATA-1	Arabidopsis thaliana	leaf	Leaf pavement cell	Mesophyll	False
scplantdb_CRA002977_1:CRX125602@@_ACGAGGATCTCTAAGG-1	Arabidopsis thaliana	leaf	Mesophyll	Mesophyll	True
scplantdb_CRA002977_1:CRX125602@@_ACGCAGCAGCGATCCC-1	Arabidopsis thaliana	leaf	Xylem	Mesophyll	True
scplantdb_CRA002977_1:CRX125602@@_ACGGAGAAGATGTAAC-1	Arabidopsis thaliana	leaf	Mesophyll	Mesophyll	True
scplantdb_CRA002977_1:CRX125602@@_ACGTCAAAGGAACTGC-1	Arabidopsis thaliana	leaf	Mesophyll	Mesophyll	True
scplantdb_CRA002977_1:CRX125602@@_ACTATCTGTAGAAAGG-1	Arabidopsis thaliana	leaf	Mesophyll	Mesophyll	True
scplantdb_CRA002977_1:CRX125602@@_ACTGCTCAGCTGGAAC-1	Arabidopsis thaliana	leaf	Xylem	Mesophyll	True
scplantdb_CRA002977_1:CRX125602@@_ACTTACTGTACCATCA-1	Arabidopsis thaliana	leaf	Xylem	Mesophyll	True
scplantdb_CRA002977_1:CRX125602@@_ACTTTCACACAAGCCC-1	Arabidopsis thaliana	leaf	Leaf guard cell	Mesophyll	True
scplantdb_CRA002977_1:CRX125602@@_AGACGTTAGATCTGAA-1	Arabidopsis thaliana	leaf	Mesophyll	Mesophyll	True
scplantdb_CRA002977_1:CRX125602@@_AGCCTAAGTACAAGTA-1	Arabidopsis thaliana	leaf	Xylem	Mesophyll	True
scplantdb_CRA002977_1:CRX125602@@_AGCCTAATCCCTTGTG-1	Arabidopsis thaliana	leaf	Mesophyll	Mesophyll	True
scplantdb_CRA002977_1:CRX125602@@_AGCTCCTAGTCAAGCG-1	Arabidopsis thaliana	leaf	Mesophyll	Mesophyll	True
scplantdb_CRA002977_1:CRX125602@@_AGCTCTCGTAGCGTCC-1	Arabidopsis thaliana	leaf	Leaf guard cell	Mesophyll	True
scplantdb_CRA002977_1:CRX125602@@_AGCTCTCGTTTGGGCC-1	Arabidopsis thaliana	leaf	Mesophyll	Mesophyll	True
scplantdb_CRA002977_1:CRX125602@@_AGCTCTCTCAAACAAG-1	Arabidopsis thaliana	leaf	Mesophyll	Mesophyll	True
scplantdb_CRA002977_1:CRX125602@@_AGGGAGTCATGAGCGA-1	Arabidopsis thaliana	leaf	Mesophyll	Mesophyll	True
scplantdb_CRA002977_1:CRX125602@@_AGGGAGTTCGCTGATA-1	Arabidopsis thaliana	leaf	Leaf pavement cell	Mesophyll	False
scplantdb_CRA002977_1:CRX125602@@_AGGGTGATCCAAACTG-1	Arabidopsis thaliana	leaf	Mesophyll	Mesophyll	True
scplantdb_CRA002977_1:CRX125602@@_AGTGGGAAGTCAATAG-1	Arabidopsis thaliana	leaf	Companion cell	Mesophyll	True
scplantdb_CRA002977_1:CRX125602@@_ATAAGAGGTGCCTGGT-1	Arabidopsis thaliana	leaf	Mesophyll	Mesophyll	True
scplantdb_CRA002977_1:CRX125602@@_ATCCACCGTTCCACTC-1	Arabidopsis thaliana	leaf	Mesophyll	Mesophyll	True
scplantdb_CRA002977_1:CRX125602@@_ATCGAGTTCCGAACGC-1	Arabidopsis thaliana	leaf	Xylem	Mesophyll	True
scplantdb_CRA002977_1:CRX125602@@_ATGAGGGAGCGATATA-1	Arabidopsis thaliana	leaf	Mesophyll	Mesophyll	True
scplantdb_CRA002977_1:CRX125602@@_ATGAGGGCACCGTTGG-1	Arabidopsis thaliana	leaf	Xylem	Mesophyll	True
scplantdb_CRA002977_1:CRX125602@@_ATGCGATAGTGAACGC-1	Arabidopsis thaliana	leaf	Mesophyll	Mesophyll	True
scplantdb_CRA002977_1:CRX125602@@_ATGTGTGAGAAGGGTA-1	Arabidopsis thaliana	leaf	Xylem	Mesophyll	True
scplantdb_CRA002977_1:CRX125602@@_ATTACTCGTTCGTTGA-1	Arabidopsis thaliana	leaf	Mesophyll	Mesophyll	True
scplantdb_CRA002977_1:CRX125602@@_ATTATCCTCTTGTATC-1	Arabidopsis thaliana	leaf	Mesophyll	Mesophyll	True
scplantdb_CRA002977_1:CRX125602@@_ATTTCTGGTCACAAGG-1	Arabidopsis thaliana	leaf	Xylem	Mesophyll	True
scplantdb_CRA002977_1:CRX125602@@_CAACCAAAGGAATGGA-1	Arabidopsis thaliana	leaf	Xylem	Mesophyll	True
scplantdb_CRA002977_1:CRX125602@@_CAACCTCAGCTGTTCA-1	Arabidopsis thaliana	leaf	Mesophyll	Mesophyll	True
scplantdb_CRA002977_1:CRX125602@@_CAACCTCGTGCACGAA-1	Arabidopsis thaliana	leaf	Leaf guard cell	Mesophyll	True
scplantdb_CRA002977_1:CRX125602@@_CAACCTCTCCCACTTG-1	Arabidopsis thaliana	leaf	Xylem	Mesophyll	True
scplantdb_CRA002977_1:CRX125602@@_CAAGAAAAGCCGGTAA-1	Arabidopsis thaliana	leaf	Xylem	Mesophyll	True
scplantdb_CRA002977_1:CRX125602@@_CAAGATCTCCATGAAC-1	Arabidopsis thaliana	leaf	Mesophyll	Mesophyll	True
scplantdb_CRA002977_1:CRX125602@@_CAAGTTGGTCGAGTTT-1	Arabidopsis thaliana	leaf	Xylem	Mesophyll	True
scplantdb_CRA002977_1:CRX125602@@_CACAAACAGCTGCGAA-1	Arabidopsis thaliana	leaf	Mesophyll	Mesophyll	True
scplantdb_CRA002977_1:CRX125602@@_CACAAACTCTACTTAC-1	Arabidopsis thaliana	leaf	Mesophyll	Mesophyll	True
scplantdb_CRA002977_1:CRX125602@@_CACACAATCAGAAATG-1	Arabidopsis thaliana	leaf	Leaf pavement cell	Mesophyll	False
scplantdb_CRA002977_1:CRX125602@@_CACACCTTCCTGCAGG-1	Arabidopsis thaliana	leaf	Leaf pavement cell	Mesophyll	False
scplantdb_CRA002977_1:CRX125602@@_CACACCTTCGTGGTCG-1	Arabidopsis thaliana	leaf	Leaf guard cell	Mesophyll	True
scplantdb_CRA002977_1:CRX125602@@_CACATTTGTCATTAGC-1	Arabidopsis thaliana	leaf	Leaf pavement cell	Mesophyll	False
scplantdb_CRA002977_1:CRX125602@@_CACATTTGTCGGCACT-1	Arabidopsis thaliana	leaf	Leaf pavement cell	Mesophyll	False
scplantdb_CRA002977_1:CRX125602@@_CACCACTAGGTAAACT-1	Arabidopsis thaliana	leaf	Companion cell	Mesophyll	True
scplantdb_CRA002977_1:CRX125602@@_CACCAGGCAACACCCG-1	Arabidopsis thaliana	leaf	Xylem	Mesophyll	True
scplantdb_CRA002977_1:CRX125602@@_CACCTTGCAACACCCG-1	Arabidopsis thaliana	leaf	Mesophyll	Mesophyll	True
scplantdb_CRA002977_1:CRX125602@@_CACTCCACAGATCCAT-1	Arabidopsis thaliana	leaf	Xylem	Mesophyll	True
scplantdb_CRA002977_1:CRX125602@@_CAGAATCAGCAATCTC-1	Arabidopsis thaliana	leaf	Companion cell	Mesophyll	True
scplantdb_CRA002977_1:CRX125602@@_CAGCAGCAGGAACTGC-1	Arabidopsis thaliana	leaf	Leaf pavement cell	Mesophyll	False
scplantdb_CRA002977_1:CRX125602@@_CAGCCGACAGCGATCC-1	Arabidopsis thaliana	leaf	Xylem	Mesophyll	True
scplantdb_CRA002977_1:CRX125602@@_CAGCCGACATGGTAGG-1	Arabidopsis thaliana	leaf	Mesophyll	Mesophyll	True
scplantdb_CRA002977_1:CRX125602@@_CAGCTGGCAAAGGAAG-1	Arabidopsis thaliana	leaf	Xylem	Mesophyll	True
scplantdb_CRA002977_1:CRX125602@@_CAGGTGCGTACCTACA-1	Arabidopsis thaliana	leaf	Mesophyll	Mesophyll	True
scplantdb_CRA002977_1:CRX125602@@_CAGGTGCGTACGACCC-1	Arabidopsis thaliana	leaf	Mesophyll	Mesophyll	True
scplantdb_CRA002977_1:CRX125602@@_CAGTCCTGTAGTAGTA-1	Arabidopsis thaliana	leaf	Mesophyll	Mesophyll	True
scplantdb_CRA002977_1:CRX125602@@_CATATGGCAATGGATA-1	Arabidopsis thaliana	leaf	Xylem	Mesophyll	True
scplantdb_CRA002977_1:CRX125602@@_CATATGGGTTTGGGCC-1	Arabidopsis thaliana	leaf	Mesophyll	Mesophyll	True
scplantdb_CRA002977_1:CRX125602@@_CATCCACGTCTACCTC-1	Arabidopsis thaliana	leaf	Mesophyll	Mesophyll	True
scplantdb_CRA002977_1:CRX125602@@_CATGCCTAGGTGCACA-1	Arabidopsis thaliana	leaf	Mesophyll	Mesophyll	True
scplantdb_CRA002977_1:CRX125602@@_CATTATCCAAATACAG-1	Arabidopsis thaliana	leaf	Mesophyll	Mesophyll	True
scplantdb_CRA002977_1:CRX125602@@_CATTATCCATGTCTCC-1	Arabidopsis thaliana	leaf	Leaf pavement cell	Mesophyll	False
scplantdb_CRA002977_1:CRX125602@@_CATTCGCAGACTTTCG-1	Arabidopsis thaliana	leaf	Mesophyll	Mesophyll	True
scplantdb_CRA002977_1:CRX125602@@_CCAATCCTCTCGATGA-1	Arabidopsis thaliana	leaf	Mesophyll	Mesophyll	True
scplantdb_CRA002977_1:CRX125602@@_CCATTCGTCGTACGGC-1	Arabidopsis thaliana	leaf	Phloem parenchyma	Mesophyll	True
scplantdb_CRA002977_1:CRX125602@@_CCCAATCCAGTTTACG-1	Arabidopsis thaliana	leaf	Mesophyll	Mesophyll	True
scplantdb_CRA002977_1:CRX125602@@_CCCAGTTAGGTTACCT-1	Arabidopsis thaliana	leaf	Mesophyll	Mesophyll	True
scplantdb_CRA002977_1:CRX125602@@_CCCATACCACCCAGTG-1	Arabidopsis thaliana	leaf	Mesophyll	Mesophyll	True
scplantdb_CRA002977_1:CRX125602@@_CCCTCCTGTTTGACTG-1	Arabidopsis thaliana	leaf	Mesophyll	Mesophyll	True
scplantdb_CRA002977_1:CRX125602@@_CCGTACTCATCACGAT-1	Arabidopsis thaliana	leaf	Mesophyll	Mesophyll	True
scplantdb_CRA002977_1:CRX125602@@_CCTAAAGGTCTAGCGC-1	Arabidopsis thaliana	leaf	Xylem	Mesophyll	True
scplantdb_CRA002977_1:CRX125602@@_CCTACACAGCCGCCTA-1	Arabidopsis thaliana	leaf	Mesophyll	Mesophyll	True
scplantdb_CRA002977_1:CRX125602@@_CCTAGCTCATTTGCCC-1	Arabidopsis thaliana	leaf	Mesophyll	Mesophyll	True
scplantdb_CRA002977_1:CRX125602@@_CCTCTGACAGGGCATA-1	Arabidopsis thaliana	leaf	Mesophyll	Mesophyll	True
scplantdb_CRA002977_1:CRX125602@@_CCTTCGACACCCTATC-1	Arabidopsis thaliana	leaf	Mesophyll	Mesophyll	True
scplantdb_CRA002977_1:CRX125602@@_CCTTCGATCTTCAACT-1	Arabidopsis thaliana	leaf	Xylem	Mesophyll	True
scplantdb_CRA002977_1:CRX125602@@_CGAATGTCAATGAAAC-1	Arabidopsis thaliana	leaf	Mesophyll	Mesophyll	True
scplantdb_CRA002977_1:CRX125602@@_CGATGGCAGATCCGAG-1	Arabidopsis thaliana	leaf	Mesophyll	Mesophyll	True
scplantdb_CRA002977_1:CRX125602@@_CGATGGCGTGTGACCC-1	Arabidopsis thaliana	leaf	Xylem	Mesophyll	True
scplantdb_CRA002977_1:CRX125602@@_CGATGTACACTATCTT-1	Arabidopsis thaliana	leaf	S phase	Mesophyll	False
scplantdb_CRA002977_1:CRX125602@@_CGCGGTACACATCCGG-1	Arabidopsis thaliana	leaf	Mesophyll	Mesophyll	True
scplantdb_CRA002977_1:CRX125602@@_CGCTTCAGTTGACGTT-1	Arabidopsis thaliana	leaf	Mesophyll	Mesophyll	True
scplantdb_CRA002977_1:CRX125602@@_CGGACTGTCGCTGATA-1	Arabidopsis thaliana	leaf	Xylem	Mesophyll	True
scplantdb_CRA002977_1:CRX125602@@_CGGGTCAAGTCATGCT-1	Arabidopsis thaliana	leaf	Mesophyll	Mesophyll	True
scplantdb_CRA002977_1:CRX125602@@_CGGGTCACAAGTCTAC-1	Arabidopsis thaliana	leaf	Xylem	Mesophyll	True
scplantdb_CRA002977_1:CRX125602@@_CGGGTCATCTGTCAAG-1	Arabidopsis thaliana	leaf	Leaf guard cell	Mesophyll	True
scplantdb_CRA002977_1:CRX125602@@_CGTAGCGAGAGTAATC-1	Arabidopsis thaliana	leaf	Leaf pavement cell	Mesophyll	False
scplantdb_CRA002977_1:CRX125602@@_CGTCACTGTAGTACCT-1	Arabidopsis thaliana	leaf	Mesophyll	Mesophyll	True
scplantdb_CRA002977_1:CRX125602@@_CGTCAGGTCTGATACG-1	Arabidopsis thaliana	leaf	Leaf pavement cell	Mesophyll	False
scplantdb_CRA002977_1:CRX125602@@_CGTCCATCACTGAAGG-1	Arabidopsis thaliana	leaf	Mesophyll	Mesophyll	True
scplantdb_CRA002977_1:CRX125602@@_CGTGTAATCGGAGCAA-1	Arabidopsis thaliana	leaf	Xylem	Mesophyll	True
scplantdb_CRA002977_1:CRX125602@@_CGTTAGAAGTGAACAT-1	Arabidopsis thaliana	leaf	Leaf pavement cell	Mesophyll	False
scplantdb_CRA002977_1:CRX125602@@_CGTTCTGGTTTGCATG-1	Arabidopsis thaliana	leaf	Leaf pavement cell	Mesophyll	False
scplantdb_CRA002977_1:CRX125602@@_CTAAGACTCTTCATGT-1	Arabidopsis thaliana	leaf	Mesophyll	Mesophyll	True
scplantdb_CRA002977_1:CRX125602@@_CTAATGGCACCTCGGA-1	Arabidopsis thaliana	leaf	Mesophyll	Mesophyll	True
scplantdb_CRA002977_1:CRX125602@@_CTACGTCTCAAGAAGT-1	Arabidopsis thaliana	leaf	Companion cell	Mesophyll	True
scplantdb_CRA002977_1:CRX125602@@_CTACGTCTCGCATGAT-1	Arabidopsis thaliana	leaf	Mesophyll	Mesophyll	True
scplantdb_CRA002977_1:CRX125602@@_CTACGTCTCGCTTAGA-1	Arabidopsis thaliana	leaf	Mesophyll	Mesophyll	True
scplantdb_CRA002977_1:CRX125602@@_CTCACACAGAACAATC-1	Arabidopsis thaliana	leaf	Mesophyll	Mesophyll	True
scplantdb_CRA002977_1:CRX125602@@_CTCGAAACAAGCCCAC-1	Arabidopsis thaliana	leaf	S phase	Mesophyll	False
scplantdb_CRA002977_1:CRX125602@@_CTCGAGGGTGTAATGA-1	Arabidopsis thaliana	leaf	S phase	Mesophyll	False
scplantdb_CRA002977_1:CRX125602@@_CTCGGAGCAGAGCCAA-1	Arabidopsis thaliana	leaf	Xylem	Mesophyll	True
scplantdb_CRA002977_1:CRX125602@@_CTCGTACAGGAATCGC-1	Arabidopsis thaliana	leaf	Xylem	Mesophyll	True
scplantdb_CRA002977_1:CRX125602@@_CTCTGGTTCGTCTGAA-1	Arabidopsis thaliana	leaf	Xylem	Mesophyll	True
scplantdb_CRA002977_1:CRX125602@@_CTGAAACTCGTAGGAG-1	Arabidopsis thaliana	leaf	Mesophyll	Mesophyll	True
scplantdb_CRA002977_1:CRX125602@@_CTGAAGTGTACAGTGG-1	Arabidopsis thaliana	leaf	Mesophyll	Mesophyll	True
scplantdb_CRA002977_1:CRX125602@@_CTGAAGTTCCTCAACC-1	Arabidopsis thaliana	leaf	Companion cell	Mesophyll	True
scplantdb_CRA002977_1:CRX125602@@_CTGATCCCACGGACAA-1	Arabidopsis thaliana	leaf	Leaf pavement cell	Mesophyll	False
scplantdb_CRA002977_1:CRX125602@@_CTGGTCTAGACAGACC-1	Arabidopsis thaliana	leaf	Mesophyll	Mesophyll	True
scplantdb_CRA002977_1:CRX125602@@_CTGGTCTCATGTCGAT-1	Arabidopsis thaliana	leaf	Mesophyll	Mesophyll	True
scplantdb_CRA002977_1:CRX125602@@_CTGTTTAAGCGTGTCC-1	Arabidopsis thaliana	leaf	Phloem parenchyma	Mesophyll	True
scplantdb_CRA002977_1:CRX125602@@_CTTAACTAGTACGCGA-1	Arabidopsis thaliana	leaf	Mesophyll	Mesophyll	True
scplantdb_CRA002977_1:CRX125602@@_CTTACCGTCAGAGACG-1	Arabidopsis thaliana	leaf	Leaf pavement cell	Mesophyll	False
scplantdb_CRA002977_1:CRX125602@@_CTTAGGATCACCAGGC-1	Arabidopsis thaliana	leaf	Xylem	Mesophyll	True
scplantdb_CRA002977_1:CRX125602@@_CTTCTCTTCGGCCGAT-1	Arabidopsis thaliana	leaf	Xylem	Mesophyll	True
scplantdb_CRA002977_1:CRX125602@@_GAATGAAAGTTAGGTA-1	Arabidopsis thaliana	leaf	Mesophyll	Mesophyll	True
scplantdb_CRA002977_1:CRX125602@@_GACACGCCAGCCTGTG-1	Arabidopsis thaliana	leaf	Mesophyll	Mesophyll	True
scplantdb_CRA002977_1:CRX125602@@_GACAGAGCATCCGCGA-1	Arabidopsis thaliana	leaf	Mesophyll	Mesophyll	True
scplantdb_CRA002977_1:CRX125602@@_GACCAATCAACTTGAC-1	Arabidopsis thaliana	leaf	Mesophyll	Mesophyll	True
scplantdb_CRA002977_1:CRX125602@@_GACGCGTGTTACTGAC-1	Arabidopsis thaliana	leaf	Mesophyll	Mesophyll	True
scplantdb_CRA002977_1:CRX125602@@_GACGTGCAGGTGCAAC-1	Arabidopsis thaliana	leaf	Mesophyll	Mesophyll	True
scplantdb_CRA002977_1:CRX125602@@_GACGTGCAGTTAGCGG-1	Arabidopsis thaliana	leaf	Leaf guard cell	Mesophyll	True
scplantdb_CRA002977_1:CRX125602@@_GACGTTATCGTACGGC-1	Arabidopsis thaliana	leaf	Companion cell	Mesophyll	True
scplantdb_CRA002977_1:CRX125602@@_GACTAACTCAAAGTAG-1	Arabidopsis thaliana	leaf	Mesophyll	Mesophyll	True
scplantdb_CRA002977_1:CRX125602@@_GACTACATCTGATTCT-1	Arabidopsis thaliana	leaf	Mesophyll	Mesophyll	True
scplantdb_CRA002977_1:CRX125602@@_GAGGTGAGTGAGTATA-1	Arabidopsis thaliana	leaf	Mesophyll	Mesophyll	True
scplantdb_CRA002977_1:CRX125602@@_GATCAGTGTCTGATTG-1	Arabidopsis thaliana	leaf	Companion cell	Mesophyll	True
scplantdb_CRA002977_1:CRX125602@@_GATCGCGAGTGTACCT-1	Arabidopsis thaliana	leaf	Xylem	Mesophyll	True
scplantdb_CRA002977_1:CRX125602@@_GATCGCGGTAGCGTCC-1	Arabidopsis thaliana	leaf	Mesophyll	Mesophyll	True
scplantdb_CRA002977_1:CRX125602@@_GATGAGGGTGACAAAT-1	Arabidopsis thaliana	leaf	Xylem	Mesophyll	True
scplantdb_CRA002977_1:CRX125602@@_GATGAGGTCAATAAGG-1	Arabidopsis thaliana	leaf	Mesophyll	Mesophyll	True
scplantdb_CRA002977_1:CRX125602@@_GATTCAGCAGCGTCCA-1	Arabidopsis thaliana	leaf	Xylem	Mesophyll	True
scplantdb_CRA002977_1:CRX125602@@_GATTCAGCAGTCGTGC-1	Arabidopsis thaliana	leaf	Xylem	Mesophyll	True
scplantdb_CRA002977_1:CRX125602@@_GCAAACTTCTTATCTG-1	Arabidopsis thaliana	leaf	Leaf pavement cell	Mesophyll	False
scplantdb_CRA002977_1:CRX125602@@_GCAGCCAAGTCTCCTC-1	Arabidopsis thaliana	leaf	S phase	Mesophyll	False
scplantdb_CRA002977_1:CRX125602@@_GCATACAAGACAGGCT-1	Arabidopsis thaliana	leaf	Xylem	Mesophyll	True
scplantdb_CRA002977_1:CRX125602@@_GCATACATCGCCTGTT-1	Arabidopsis thaliana	leaf	Mesophyll	Mesophyll	True
scplantdb_CRA002977_1:CRX125602@@_GCATGATTCTCGGACG-1	Arabidopsis thaliana	leaf	Mesophyll	Mesophyll	True
scplantdb_CRA002977_1:CRX125602@@_GCATGATTCTTTACGT-1	Arabidopsis thaliana	leaf	Xylem	Mesophyll	True
scplantdb_CRA002977_1:CRX125602@@_GCATGCGAGAGACGAA-1	Arabidopsis thaliana	leaf	Xylem	Mesophyll	True
scplantdb_CRA002977_1:CRX125602@@_GCATGCGCAATGGAAT-1	Arabidopsis thaliana	leaf	Mesophyll	Mesophyll	True
scplantdb_CRA002977_1:CRX125602@@_GCATGCGTCAGCTCGG-1	Arabidopsis thaliana	leaf	Xylem	Mesophyll	True
scplantdb_CRA002977_1:CRX125602@@_GCATGTATCACCGTAA-1	Arabidopsis thaliana	leaf	Mesophyll	Mesophyll	True
scplantdb_CRA002977_1:CRX125602@@_GCGACCAAGGAGTTGC-1	Arabidopsis thaliana	leaf	Mesophyll	Mesophyll	True
scplantdb_CRA002977_1:CRX125602@@_GCGCAACTCTCGTTTA-1	Arabidopsis thaliana	leaf	Phloem parenchyma	Mesophyll	True
scplantdb_CRA002977_1:CRX125602@@_GCGCAACTCTGAGGGA-1	Arabidopsis thaliana	leaf	Xylem	Mesophyll	True
scplantdb_CRA002977_1:CRX125602@@_GCGCCAAAGAAACGAG-1	Arabidopsis thaliana	leaf	Mesophyll	Mesophyll	True
scplantdb_CRA002977_1:CRX125602@@_GCGCCAAAGAACTCGG-1	Arabidopsis thaliana	leaf	Mesophyll	Mesophyll	True
scplantdb_CRA002977_1:CRX125602@@_GCTCCTAAGCCCTAAT-1	Arabidopsis thaliana	leaf	Xylem	Mesophyll	True
scplantdb_CRA002977_1:CRX125602@@_GCTGCTTCACTTCTGC-1	Arabidopsis thaliana	leaf	Mesophyll	Mesophyll	True
scplantdb_CRA002977_1:CRX125602@@_GCTGCTTGTATATGGA-1	Arabidopsis thaliana	leaf	Mesophyll	Mesophyll	True
scplantdb_CRA002977_1:CRX125602@@_GCTGGGTCAGCTATTG-1	Arabidopsis thaliana	leaf	Xylem	Mesophyll	True
scplantdb_CRA002977_1:CRX125602@@_GCTGGGTCATCGATTG-1	Arabidopsis thaliana	leaf	Mesophyll	Mesophyll	True
scplantdb_CRA002977_1:CRX125602@@_GCTTCCAGTAAATGTG-1	Arabidopsis thaliana	leaf	Companion cell	Mesophyll	True
scplantdb_CRA002977_1:CRX125602@@_GCTTGAAGTACGCTGC-1	Arabidopsis thaliana	leaf	Mesophyll	Mesophyll	True
scplantdb_CRA002977_1:CRX125602@@_GGAAAGCTCAAGGTAA-1	Arabidopsis thaliana	leaf	S phase	Mesophyll	False
scplantdb_CRA002977_1:CRX125602@@_GGAATAAAGCTGTTCA-1	Arabidopsis thaliana	leaf	Mesophyll	Mesophyll	True
scplantdb_CRA002977_1:CRX125602@@_GGAATAAGTCTCACCT-1	Arabidopsis thaliana	leaf	Mesophyll	Mesophyll	True
scplantdb_CRA002977_1:CRX125602@@_GGACAGACAGCTCGCA-1	Arabidopsis thaliana	leaf	Leaf pavement cell	Mesophyll	False
scplantdb_CRA002977_1:CRX125602@@_GGACAGATCAGAGGTG-1	Arabidopsis thaliana	leaf	Xylem	Mesophyll	True
scplantdb_CRA002977_1:CRX125602@@_GGACATTGTACAGACG-1	Arabidopsis thaliana	leaf	Mesophyll	Mesophyll	True
scplantdb_CRA002977_1:CRX125602@@_GGACGTCAGGCAATTA-1	Arabidopsis thaliana	leaf	Companion cell	Mesophyll	True
scplantdb_CRA002977_1:CRX125602@@_GGAGCAATCTGTACGA-1	Arabidopsis thaliana	leaf	Mesophyll	Mesophyll	True
scplantdb_CRA002977_1:CRX125602@@_GGATTACAGGGAAACA-1	Arabidopsis thaliana	leaf	Mesophyll	Mesophyll	True
scplantdb_CRA002977_1:CRX125602@@_GGATTACCAGTATCTG-1	Arabidopsis thaliana	leaf	Mesophyll	Mesophyll	True
scplantdb_CRA002977_1:CRX125602@@_GGCGTGTAGTCGAGTG-1	Arabidopsis thaliana	leaf	Leaf guard cell	Mesophyll	True
scplantdb_CRA002977_1:CRX125602@@_GGGACCTTCACAATGC-1	Arabidopsis thaliana	leaf	Mesophyll	Mesophyll	True
scplantdb_CRA002977_1:CRX125602@@_GGGCACTCAGGATTGG-1	Arabidopsis thaliana	leaf	Companion cell	Mesophyll	True
scplantdb_CRA002977_1:CRX125602@@_GGGCATCTCAAACCGT-1	Arabidopsis thaliana	leaf	Xylem	Mesophyll	True
scplantdb_CRA002977_1:CRX125602@@_GGGTCTGTCCCAGGTG-1	Arabidopsis thaliana	leaf	Mesophyll	Mesophyll	True
scplantdb_CRA002977_1:CRX125602@@_GGGTTGCGTTCACCTC-1	Arabidopsis thaliana	leaf	Leaf pavement cell	Mesophyll	False
scplantdb_CRA002977_1:CRX125602@@_GTAACGTTCACCTCGT-1	Arabidopsis thaliana	leaf	Xylem	Mesophyll	True
scplantdb_CRA002977_1:CRX125602@@_GTACGTAGTCCTCCAT-1	Arabidopsis thaliana	leaf	Mesophyll	Mesophyll	True
scplantdb_CRA002977_1:CRX125602@@_GTACGTATCTCTTATG-1	Arabidopsis thaliana	leaf	Mesophyll	Mesophyll	True
scplantdb_CRA002977_1:CRX125602@@_GTAGGCCCATGAGCGA-1	Arabidopsis thaliana	leaf	Xylem	Mesophyll	True
scplantdb_CRA002977_1:CRX125602@@_GTATTCTCATTCCTCG-1	Arabidopsis thaliana	leaf	Mesophyll	Mesophyll	True
scplantdb_CRA002977_1:CRX125602@@_GTCAAGTAGGCATTGG-1	Arabidopsis thaliana	leaf	Mesophyll	Mesophyll	True
scplantdb_CRA002977_1:CRX125602@@_GTCGGGTAGATCGATA-1	Arabidopsis thaliana	leaf	Mesophyll	Mesophyll	True
scplantdb_CRA002977_1:CRX125602@@_GTCGGGTCAGGAATGC-1	Arabidopsis thaliana	leaf	Mesophyll	Mesophyll	True
scplantdb_CRA002977_1:CRX125602@@_GTCGTAAGTCTAGAGG-1	Arabidopsis thaliana	leaf	Leaf guard cell	Mesophyll	True
scplantdb_CRA002977_1:CRX125602@@_GTCTCGTAGCTGCGAA-1	Arabidopsis thaliana	leaf	Mesophyll	Mesophyll	True
scplantdb_CRA002977_1:CRX125602@@_GTCTTCGCAAAGTCAA-1	Arabidopsis thaliana	leaf	Mesophyll	Mesophyll	True
scplantdb_CRA002977_1:CRX125602@@_GTGCATAGTCTGCGGT-1	Arabidopsis thaliana	leaf	Leaf guard cell	Mesophyll	True
scplantdb_CRA002977_1:CRX125602@@_GTGCGGTGTAGGGTAC-1	Arabidopsis thaliana	leaf	Mesophyll	Mesophyll	True
scplantdb_CRA002977_1:CRX125602@@_GTGCTTCAGCAGCGTA-1	Arabidopsis thaliana	leaf	Leaf guard cell	Mesophyll	True
scplantdb_CRA002977_1:CRX125602@@_GTGCTTCCATGTCGAT-1	Arabidopsis thaliana	leaf	Xylem	Mesophyll	True
scplantdb_CRA002977_1:CRX125602@@_GTGGGTCTCCTCAATT-1	Arabidopsis thaliana	leaf	Mesophyll	Mesophyll	True
scplantdb_CRA002977_1:CRX125602@@_GTTACAGGTCCGTCAG-1	Arabidopsis thaliana	leaf	Mesophyll	Mesophyll	True
scplantdb_CRA002977_1:CRX125602@@_GTTCGGGGTTCTCATT-1	Arabidopsis thaliana	leaf	Mesophyll	Mesophyll	True
scplantdb_CRA002977_1:CRX125602@@_TAAGCGTGTATCTGCA-1	Arabidopsis thaliana	leaf	Mesophyll	Mesophyll	True
scplantdb_CRA002977_1:CRX125602@@_TAAGTGCAGCGTCTAT-1	Arabidopsis thaliana	leaf	Phloem parenchyma	Mesophyll	True
scplantdb_CRA002977_1:CRX125602@@_TAAGTGCAGCTCTCGG-1	Arabidopsis thaliana	leaf	Mesophyll	Mesophyll	True
scplantdb_CRA002977_1:CRX125602@@_TACACGAAGGAGTCTG-1	Arabidopsis thaliana	leaf	Mesophyll	Mesophyll	True
scplantdb_CRA002977_1:CRX125602@@_TACAGTGCACCATCCT-1	Arabidopsis thaliana	leaf	Mesophyll	Mesophyll	True
scplantdb_CRA002977_1:CRX125602@@_TACGGATAGTGTTAGA-1	Arabidopsis thaliana	leaf	S phase	Mesophyll	False
scplantdb_CRA002977_1:CRX125602@@_TACGGTAGTGATGATA-1	Arabidopsis thaliana	leaf	Xylem	Mesophyll	True
scplantdb_CRA002977_1:CRX125602@@_TACGGTATCTGCTTGC-1	Arabidopsis thaliana	leaf	Mesophyll	Mesophyll	True
scplantdb_CRA002977_1:CRX125602@@_TACTCGCCAATAAGCA-1	Arabidopsis thaliana	leaf	Mesophyll	Mesophyll	True
scplantdb_CRA002977_1:CRX125602@@_TACTTACCATCAGTCA-1	Arabidopsis thaliana	leaf	Mesophyll	Mesophyll	True
scplantdb_CRA002977_1:CRX125602@@_TACTTACGTTCGCGAC-1	Arabidopsis thaliana	leaf	Mesophyll	Mesophyll	True
scplantdb_CRA002977_1:CRX125602@@_TACTTGTAGACAGACC-1	Arabidopsis thaliana	leaf	Mesophyll	Mesophyll	True
scplantdb_CRA002977_1:CRX125602@@_TAGTTGGAGGACGAAA-1	Arabidopsis thaliana	leaf	Xylem	Mesophyll	True
scplantdb_CRA002977_1:CRX125602@@_TAGTTGGCAGATCGGA-1	Arabidopsis thaliana	leaf	Mesophyll	Mesophyll	True
scplantdb_CRA002977_1:CRX125602@@_TATGCCCGTAGCGATG-1	Arabidopsis thaliana	leaf	Mesophyll	Mesophyll	True
scplantdb_CRA002977_1:CRX125602@@_TATTACCCAGGTCGTC-1	Arabidopsis thaliana	leaf	Xylem	Mesophyll	True
scplantdb_CRA002977_1:CRX125602@@_TATTACCCATACGCCG-1	Arabidopsis thaliana	leaf	Mesophyll	Mesophyll	True
scplantdb_CRA002977_1:CRX125602@@_TCAACGAAGCCCAATT-1	Arabidopsis thaliana	leaf	Leaf guard cell	Mesophyll	True
scplantdb_CRA002977_1:CRX125602@@_TCACAAGGTGGTACAG-1	Arabidopsis thaliana	leaf	Leaf guard cell	Mesophyll	True
scplantdb_CRA002977_1:CRX125602@@_TCAGATGAGCGTGAGT-1	Arabidopsis thaliana	leaf	Xylem	Mesophyll	True
scplantdb_CRA002977_1:CRX125602@@_TCAGCAACACTGTTAG-1	Arabidopsis thaliana	leaf	Mesophyll	Mesophyll	True
scplantdb_CRA002977_1:CRX125602@@_TCAGGATTCCGCGGTA-1	Arabidopsis thaliana	leaf	Mesophyll	Mesophyll	True
scplantdb_CRA002977_1:CRX125602@@_TCGCGTTAGAGGACGG-1	Arabidopsis thaliana	leaf	Leaf pavement cell	Mesophyll	False
scplantdb_CRA002977_1:CRX125602@@_TCGTACCTCGAATCCA-1	Arabidopsis thaliana	leaf	Mesophyll	Mesophyll	True
scplantdb_CRA002977_1:CRX125602@@_TCTATTGGTCAAAGAT-1	Arabidopsis thaliana	leaf	Mesophyll	Mesophyll	True
scplantdb_CRA002977_1:CRX125602@@_TCTGAGATCTTCTGGC-1	Arabidopsis thaliana	leaf	S phase	Mesophyll	False
scplantdb_CRA002977_1:CRX125602@@_TCTTCGGCAGATGGCA-1	Arabidopsis thaliana	leaf	Leaf pavement cell	Mesophyll	False
scplantdb_CRA002977_1:CRX125602@@_TCTTTCCAGTAAGTAC-1	Arabidopsis thaliana	leaf	Mesophyll	Mesophyll	True
scplantdb_CRA002977_1:CRX125602@@_TGACGGCTCACGCATA-1	Arabidopsis thaliana	leaf	Phloem parenchyma	Mesophyll	True
scplantdb_CRA002977_1:CRX125602@@_TGACTAGCACACGCTG-1	Arabidopsis thaliana	leaf	Mesophyll	Mesophyll	True
scplantdb_CRA002977_1:CRX125602@@_TGATTTCTCTCGATGA-1	Arabidopsis thaliana	leaf	Mesophyll	Mesophyll	True
scplantdb_CRA002977_1:CRX125602@@_TGCCCTACATAGAAAC-1	Arabidopsis thaliana	leaf	Mesophyll	Mesophyll	True
scplantdb_CRA002977_1:CRX125602@@_TGCGCAGGTTAGATGA-1	Arabidopsis thaliana	leaf	Xylem	Mesophyll	True
scplantdb_CRA002977_1:CRX125602@@_TGGCCAGGTGTGACCC-1	Arabidopsis thaliana	leaf	Mesophyll	Mesophyll	True
scplantdb_CRA002977_1:CRX125602@@_TGGCCAGTCGCAAGCC-1	Arabidopsis thaliana	leaf	Leaf pavement cell	Mesophyll	False
scplantdb_CRA002977_1:CRX125602@@_TGGCGCATCGCTGATA-1	Arabidopsis thaliana	leaf	Mesophyll	Mesophyll	True
scplantdb_CRA002977_1:CRX125602@@_TGGCTGGGTAGCGTCC-1	Arabidopsis thaliana	leaf	Mesophyll	Mesophyll	True
scplantdb_CRA002977_1:CRX125602@@_TGGTTAGTCTGTCTAT-1	Arabidopsis thaliana	leaf	Mesophyll	Mesophyll	True
scplantdb_CRA002977_1:CRX125602@@_TGGTTCCAGTCCCACG-1	Arabidopsis thaliana	leaf	Leaf guard cell	Mesophyll	True
scplantdb_CRA002977_1:CRX125602@@_TGGTTCCGTTATGCGT-1	Arabidopsis thaliana	leaf	Mesophyll	Mesophyll	True
scplantdb_CRA002977_1:CRX125602@@_TGTCCCAAGCGTTCCG-1	Arabidopsis thaliana	leaf	Mesophyll	Mesophyll	True
scplantdb_CRA002977_1:CRX125602@@_TGTCCCACAATGAAAC-1	Arabidopsis thaliana	leaf	Mesophyll	Mesophyll	True
scplantdb_CRA002977_1:CRX125602@@_TGTGGTAAGTAAGTAC-1	Arabidopsis thaliana	leaf	Companion cell	Mesophyll	True
scplantdb_CRA002977_1:CRX125602@@_TGTGTTTTCACCCGAG-1	Arabidopsis thaliana	leaf	Mesophyll	Mesophyll	True
scplantdb_CRA002977_1:CRX125602@@_TGTTCCGTCCGAATGT-1	Arabidopsis thaliana	leaf	Xylem	Mesophyll	True
scplantdb_CRA002977_1:CRX125602@@_TTAGGCATCCACGTGG-1	Arabidopsis thaliana	leaf	Mesophyll	Mesophyll	True
scplantdb_CRA002977_1:CRX125602@@_TTAGGCATCCTTAATC-1	Arabidopsis thaliana	leaf	Mesophyll	Mesophyll	True
scplantdb_CRA002977_1:CRX125602@@_TTCGAAGCACTAGTAC-1	Arabidopsis thaliana	leaf	Mesophyll	Mesophyll	True
scplantdb_CRA002977_1:CRX125602@@_TTCTCCTTCGCTTGTC-1	Arabidopsis thaliana	leaf	Leaf guard cell	Mesophyll	True
scplantdb_CRA002977_1:CRX125602@@_TTCTTAGAGTACGTTC-1	Arabidopsis thaliana	leaf	Mesophyll	Mesophyll	True
scplantdb_CRA002977_1:CRX125602@@_TTCTTAGTCTGTCTCG-1	Arabidopsis thaliana	leaf	Mesophyll	Mesophyll	True
scplantdb_CRA002977_1:CRX125602@@_TTGCCGTTCTCTAGGA-1	Arabidopsis thaliana	leaf	Mesophyll	Mesophyll	True
scplantdb_CRA002977_1:CRX125602@@_TTGGAACTCTATCCCG-1	Arabidopsis thaliana	leaf	Leaf guard cell	Mesophyll	True
scplantdb_CRA002977_1:CRX125602@@_TTTACTGCATGGATGG-1	Arabidopsis thaliana	leaf	Mesophyll	Mesophyll	True
scplantdb_CRA002977_1:CRX125602@@_TTTGTCAAGCTAACAA-1	Arabidopsis thaliana	leaf	Leaf guard cell	Mesophyll	True
scplantdb_CRA002977_2:CRX125603@@_AAAGCAAGTGAGGGTT-1	Arabidopsis thaliana	shoot_apex	Mesophyll	Mesophyll	True
scplantdb_CRA002977_2:CRX125603@@_AAATGCCAGTGATCGG-1	Arabidopsis thaliana	shoot_apex	Mesophyll	Mesophyll	True
scplantdb_CRA002977_2:CRX125603@@_AACCATGTCCGCGTTT-1	Arabidopsis thaliana	shoot_apex	Shoot system epidermis	Mesophyll	False
scplantdb_CRA002977_2:CRX125603@@_AACCGCGAGACTTTCG-1	Arabidopsis thaliana	shoot_apex	Unknow	Mesophyll	True
scplantdb_CRA002977_2:CRX125603@@_AACCGCGAGCTCCCAG-1	Arabidopsis thaliana	shoot_apex	Vascular tissue	Mesophyll	True
scplantdb_CRA002977_2:CRX125603@@_AACTGGTTCTTCATGT-1	Arabidopsis thaliana	shoot_apex	Shoot apical meristem	Mesophyll	False
scplantdb_CRA002977_2:CRX125603@@_AAGCCGCCACAAGCCC-1	Arabidopsis thaliana	shoot_apex	Shoot system epidermis	Mesophyll	False
scplantdb_CRA002977_2:CRX125603@@_AAGGAGCGTCCTCCAT-1	Arabidopsis thaliana	shoot_apex	Mesophyll	Mesophyll	True
scplantdb_CRA002977_2:CRX125603@@_AAGGTTCAGTGCGATG-1	Arabidopsis thaliana	shoot_apex	Shoot system epidermis	Mesophyll	False
scplantdb_CRA002977_2:CRX125603@@_ACACCGGTCTCCGGTT-1	Arabidopsis thaliana	shoot_apex	Vascular tissue	Mesophyll	True
scplantdb_CRA002977_2:CRX125603@@_ACGATGTTCTACCAGA-1	Arabidopsis thaliana	shoot_apex	Vascular tissue	Mesophyll	True
scplantdb_CRA002977_2:CRX125603@@_ACTGAGTAGTGTCTCA-1	Arabidopsis thaliana	shoot_apex	S phase	Mesophyll	False
scplantdb_CRA002977_2:CRX125603@@_ACTGAGTCATCGGTTA-1	Arabidopsis thaliana	shoot_apex	Mesophyll	Mesophyll	True
scplantdb_CRA002977_2:CRX125603@@_ACTGTCCAGGTGCTAG-1	Arabidopsis thaliana	shoot_apex	G2/M phase	Mesophyll	False
scplantdb_CRA002977_2:CRX125603@@_AGCTCCTGTCGACTAT-1	Arabidopsis thaliana	shoot_apex	Vascular tissue	Mesophyll	True
scplantdb_CRA002977_2:CRX125603@@_AGGCCGTCATGACATC-1	Arabidopsis thaliana	shoot_apex	Vascular tissue	Mesophyll	True
scplantdb_CRA002977_2:CRX125603@@_AGGGTGAGTCATACTG-1	Arabidopsis thaliana	shoot_apex	Shoot system epidermis	Mesophyll	False
scplantdb_CRA002977_2:CRX125603@@_ATCCGAATCAAACAAG-1	Arabidopsis thaliana	shoot_apex	Shoot system epidermis	Mesophyll	False
scplantdb_CRA002977_2:CRX125603@@_ATTATCCCACAGATTC-1	Arabidopsis thaliana	shoot_apex	Mesophyll	Mesophyll	True
scplantdb_CRA002977_2:CRX125603@@_CAGAGAGGTTTGGGCC-1	Arabidopsis thaliana	shoot_apex	Mesophyll	Mesophyll	True
scplantdb_CRA002977_2:CRX125603@@_CAGCATACAGTCGATT-1	Arabidopsis thaliana	shoot_apex	Shoot apical meristem	Mesophyll	False
scplantdb_CRA002977_2:CRX125603@@_CAGTAACAGGTGATTA-1	Arabidopsis thaliana	shoot_apex	Shoot system epidermis	Mesophyll	False
scplantdb_CRA002977_2:CRX125603@@_CATGCCTAGGGTGTTG-1	Arabidopsis thaliana	shoot_apex	Unknow	Mesophyll	True
scplantdb_CRA002977_2:CRX125603@@_CATGGCGTCACTCTTA-1	Arabidopsis thaliana	shoot_apex	Vascular tissue	Mesophyll	True
scplantdb_CRA002977_2:CRX125603@@_CATTCGCAGCTCCCAG-1	Arabidopsis thaliana	shoot_apex	Mesophyll	Mesophyll	True
scplantdb_CRA002977_2:CRX125603@@_CCACGGACACCAGATT-1	Arabidopsis thaliana	shoot_apex	Unknow	Mesophyll	True
scplantdb_CRA002977_2:CRX125603@@_CCATGTCAGTGGGCTA-1	Arabidopsis thaliana	shoot_apex	Mesophyll	Mesophyll	True
scplantdb_CRA002977_2:CRX125603@@_CCCAGTTCAATCACAC-1	Arabidopsis thaliana	shoot_apex	G2/M phase	Mesophyll	False
scplantdb_CRA002977_2:CRX125603@@_CCTCTGAGTGGCCCTA-1	Arabidopsis thaliana	shoot_apex	G2/M phase	Mesophyll	False
scplantdb_CRA002977_2:CRX125603@@_CGAACATTCACTCCTG-1	Arabidopsis thaliana	shoot_apex	G2/M phase	Mesophyll	False
scplantdb_CRA002977_2:CRX125603@@_CGACCTTGTCCATGAT-1	Arabidopsis thaliana	shoot_apex	Mesophyll	Mesophyll	True
scplantdb_CRA002977_2:CRX125603@@_CGCGTTTCAAAGGAAG-1	Arabidopsis thaliana	shoot_apex	Mesophyll	Mesophyll	True
scplantdb_CRA002977_2:CRX125603@@_CGCGTTTTCGGAAATA-1	Arabidopsis thaliana	shoot_apex	Vascular tissue	Mesophyll	True
scplantdb_CRA002977_2:CRX125603@@_CGCTATCGTTGAGTTC-1	Arabidopsis thaliana	shoot_apex	Mesophyll	Mesophyll	True
scplantdb_CRA002977_2:CRX125603@@_CGGACTGCAATGTAAG-1	Arabidopsis thaliana	shoot_apex	Mesophyll	Mesophyll	True
scplantdb_CRA002977_2:CRX125603@@_CGGCTAGAGCAAATCA-1	Arabidopsis thaliana	shoot_apex	Vascular tissue	Mesophyll	True
scplantdb_CRA002977_2:CRX125603@@_CGTCTACCAAATTGCC-1	Arabidopsis thaliana	shoot_apex	Shoot system epidermis	Mesophyll	False
scplantdb_CRA002977_2:CRX125603@@_CGTTGGGTCATGCTCC-1	Arabidopsis thaliana	shoot_apex	Shoot system epidermis	Mesophyll	False
scplantdb_CRA002977_2:CRX125603@@_CTAGTGACACATGACT-1	Arabidopsis thaliana	shoot_apex	Mesophyll	Mesophyll	True
scplantdb_CRA002977_2:CRX125603@@_CTCGAGGCACGGCTAC-1	Arabidopsis thaliana	shoot_apex	Mesophyll	Mesophyll	True
scplantdb_CRA002977_2:CRX125603@@_CTTAGGAGTAATAGCA-1	Arabidopsis thaliana	shoot_apex	Shoot system epidermis	Mesophyll	False
scplantdb_CRA002977_2:CRX125603@@_GAAACTCAGCTAAACA-1	Arabidopsis thaliana	shoot_apex	Mesophyll	Mesophyll	True
scplantdb_CRA002977_2:CRX125603@@_GAAATGAAGAAACCTA-1	Arabidopsis thaliana	shoot_apex	Vascular tissue	Mesophyll	True
scplantdb_CRA002977_2:CRX125603@@_GAAGCAGAGCAGACTG-1	Arabidopsis thaliana	shoot_apex	Companion cell	Mesophyll	True
scplantdb_CRA002977_2:CRX125603@@_GAATAAGCAGTCCTTC-1	Arabidopsis thaliana	shoot_apex	G2/M phase	Mesophyll	False
scplantdb_CRA002977_2:CRX125603@@_GACCAATTCTATCCTA-1	Arabidopsis thaliana	shoot_apex	Shoot system epidermis	Mesophyll	False
scplantdb_CRA002977_2:CRX125603@@_GACGCGTTCTACTATC-1	Arabidopsis thaliana	shoot_apex	Mesophyll	Mesophyll	True
scplantdb_CRA002977_2:CRX125603@@_GAGCAGAGTGTGTGCC-1	Arabidopsis thaliana	shoot_apex	Mesophyll	Mesophyll	True
scplantdb_CRA002977_2:CRX125603@@_GATGCTAAGCCACGCT-1	Arabidopsis thaliana	shoot_apex	S phase	Mesophyll	False
scplantdb_CRA002977_2:CRX125603@@_GATTCAGGTATTCGTG-1	Arabidopsis thaliana	shoot_apex	S phase	Mesophyll	False
scplantdb_CRA002977_2:CRX125603@@_GCATGATCATGAACCT-1	Arabidopsis thaliana	shoot_apex	Shoot system epidermis	Mesophyll	False
scplantdb_CRA002977_2:CRX125603@@_GCTCCTATCCTCAATT-1	Arabidopsis thaliana	shoot_apex	Mesophyll	Mesophyll	True
scplantdb_CRA002977_2:CRX125603@@_GCTGCTTAGAAGGCCT-1	Arabidopsis thaliana	shoot_apex	Mesophyll	Mesophyll	True
scplantdb_CRA002977_2:CRX125603@@_GCTGGGTTCGACGGAA-1	Arabidopsis thaliana	shoot_apex	Shoot apical meristem	Mesophyll	False
scplantdb_CRA002977_2:CRX125603@@_GGACAGAGTATTCTCT-1	Arabidopsis thaliana	shoot_apex	Shoot system epidermis	Mesophyll	False
scplantdb_CRA002977_2:CRX125603@@_GGATGTTCATCCTTGC-1	Arabidopsis thaliana	shoot_apex	G2/M phase	Mesophyll	False
scplantdb_CRA002977_2:CRX125603@@_GGCTCGATCCCTCAGT-1	Arabidopsis thaliana	shoot_apex	Mesophyll	Mesophyll	True
scplantdb_CRA002977_2:CRX125603@@_GGGTTGCGTGCTTCTC-1	Arabidopsis thaliana	shoot_apex	Shoot apical meristem	Mesophyll	False
scplantdb_CRA002977_2:CRX125603@@_GGTATTGCAACGATGG-1	Arabidopsis thaliana	shoot_apex	Mesophyll	Mesophyll	True
scplantdb_CRA002977_2:CRX125603@@_GGTGAAGAGCGGCTTC-1	Arabidopsis thaliana	shoot_apex	Shoot system epidermis	Mesophyll	False
scplantdb_CRA002977_2:CRX125603@@_GTAGGCCTCAAGAAGT-1	Arabidopsis thaliana	shoot_apex	Companion cell	Mesophyll	True
scplantdb_CRA002977_2:CRX125603@@_GTCACGGGTGTCCTCT-1	Arabidopsis thaliana	shoot_apex	Mesophyll	Mesophyll	True
scplantdb_CRA002977_2:CRX125603@@_GTCTTCGTCCACGTTC-1	Arabidopsis thaliana	shoot_apex	S phase	Mesophyll	False
scplantdb_CRA002977_2:CRX125603@@_GTGGGTCGTACGAAAT-1	Arabidopsis thaliana	shoot_apex	Mesophyll	Mesophyll	True
scplantdb_CRA002977_2:CRX125603@@_GTGGGTCGTTTGTGTG-1	Arabidopsis thaliana	shoot_apex	Vascular tissue	Mesophyll	True
scplantdb_CRA002977_2:CRX125603@@_GTGTTAGCACCCATGG-1	Arabidopsis thaliana	shoot_apex	Mesophyll	Mesophyll	True
scplantdb_CRA002977_2:CRX125603@@_TACCTATTCACCACCT-1	Arabidopsis thaliana	shoot_apex	Mesophyll	Mesophyll	True
scplantdb_CRA002977_2:CRX125603@@_TACTCATAGCGACGTA-1	Arabidopsis thaliana	shoot_apex	G2/M phase	Mesophyll	False
scplantdb_CRA002977_2:CRX125603@@_TAGACCACAGCTTCGG-1	Arabidopsis thaliana	shoot_apex	Mesophyll	Mesophyll	True
scplantdb_CRA002977_2:CRX125603@@_TAGTGGTGTCGACTGC-1	Arabidopsis thaliana	shoot_apex	G2/M phase	Mesophyll	False
scplantdb_CRA002977_2:CRX125603@@_TATGCCCTCACTTATC-1	Arabidopsis thaliana	shoot_apex	S phase	Mesophyll	False
scplantdb_CRA002977_2:CRX125603@@_TATTACCCAGACGTAG-1	Arabidopsis thaliana	shoot_apex	Vascular tissue	Mesophyll	True
scplantdb_CRA002977_2:CRX125603@@_TCAGCTCAGCTTTGGT-1	Arabidopsis thaliana	shoot_apex	Mesophyll	Mesophyll	True
scplantdb_CRA002977_2:CRX125603@@_TCAGGTATCCGCATAA-1	Arabidopsis thaliana	shoot_apex	Vascular tissue	Mesophyll	True
scplantdb_CRA002977_2:CRX125603@@_TCGGGACCACGTCTCT-1	Arabidopsis thaliana	shoot_apex	Vascular tissue	Mesophyll	True
scplantdb_CRA002977_2:CRX125603@@_TCGTAGAAGGCTAGAC-1	Arabidopsis thaliana	shoot_apex	Unknow	Mesophyll	True
scplantdb_CRA002977_2:CRX125603@@_TCTCTAACAAGGTTTC-1	Arabidopsis thaliana	shoot_apex	Vascular tissue	Mesophyll	True
scplantdb_CRA002977_2:CRX125603@@_TGAGAGGGTATGGTTC-1	Arabidopsis thaliana	shoot_apex	Mesophyll	Mesophyll	True
scplantdb_CRA002977_2:CRX125603@@_TGCGCAGCATAGGATA-1	Arabidopsis thaliana	shoot_apex	Shoot system epidermis	Mesophyll	False
scplantdb_CRA002977_2:CRX125603@@_TGCTACCGTACGCTGC-1	Arabidopsis thaliana	shoot_apex	Mesophyll	Mesophyll	True
scplantdb_CRA002977_2:CRX125603@@_TGGACGCCAATGCCAT-1	Arabidopsis thaliana	shoot_apex	Shoot system epidermis	Mesophyll	False
scplantdb_CRA002977_2:CRX125603@@_TGGCCAGCACAGGAGT-1	Arabidopsis thaliana	shoot_apex	Mesophyll	Mesophyll	True
scplantdb_CRA002977_2:CRX125603@@_TGGCTGGGTGTCAATC-1	Arabidopsis thaliana	shoot_apex	Shoot apical meristem	Mesophyll	False
scplantdb_CRA002977_2:CRX125603@@_TTAGTTCTCTAACTCT-1	Arabidopsis thaliana	shoot_apex	G2/M phase	Mesophyll	False
scplantdb_CRA002977_2:CRX125603@@_TTATGCTTCAGCTCGG-1	Arabidopsis thaliana	shoot_apex	Shoot system epidermis	Mesophyll	False
scplantdb_CRA002977_2:CRX125603@@_TTATGCTTCGGTCCGA-1	Arabidopsis thaliana	shoot_apex	Shoot system epidermis	Mesophyll	False
scplantdb_CRA002977_2:CRX125603@@_TTGAACGAGATATGCA-1	Arabidopsis thaliana	shoot_apex	Mesophyll	Mesophyll	True
scplantdb_CRA002977_2:CRX125603@@_TTTATGCGTGAAAGAG-1	Arabidopsis thaliana	shoot_apex	Vascular tissue	Mesophyll	True
scplantdb_CRA002977_2:CRX125603@@_TTTCCTCAGAAACCTA-1	Arabidopsis thaliana	shoot_apex	G2/M phase	Mesophyll	False
scplantdb_CRA002977_2:CRX125603@@_TTTCCTCCAGCCTATA-1	Arabidopsis thaliana	shoot_apex	Mesophyll	Mesophyll	True
scplantdb_CRA002977_2:CRX125603@@_TTTCCTCTCTGTCTCG-1	Arabidopsis thaliana	shoot_apex	Shoot apical meristem	Mesophyll	False
scplantdb_CRA002977_2:CRX125603@@_TTTGTCAAGCTGAACG-1	Arabidopsis thaliana	shoot_apex	Shoot apical meristem	Mesophyll	False
scplantdb_CRA002977_2:CRX125604@@_AACCATGAGACCTTTG-1	Arabidopsis thaliana	shoot_apex	S phase	Mesophyll	False
scplantdb_CRA002977_2:CRX125604@@_AACGTTGCAGGTGCCT-1	Arabidopsis thaliana	shoot_apex	Mesophyll	Mesophyll	True
scplantdb_CRA002977_2:CRX125604@@_AACTTTCCAGTAACGG-1	Arabidopsis thaliana	shoot_apex	Vascular tissue	Mesophyll	True
scplantdb_CRA002977_2:CRX125604@@_ACCAGTACAGACGTAG-1	Arabidopsis thaliana	shoot_apex	Shoot system epidermis	Mesophyll	False
scplantdb_CRA002977_2:CRX125604@@_ACGAGGATCATCTGCC-1	Arabidopsis thaliana	shoot_apex	S phase	Mesophyll	False
scplantdb_CRA002977_2:CRX125604@@_ACGCAGCGTGTCTGAT-1	Arabidopsis thaliana	shoot_apex	Mesophyll	Mesophyll	True
scplantdb_CRA002977_2:CRX125604@@_ACTGAACGTTGCGTTA-1	Arabidopsis thaliana	shoot_apex	Mesophyll	Mesophyll	True
scplantdb_CRA002977_2:CRX125604@@_ACTGTCCGTTAAAGAC-1	Arabidopsis thaliana	shoot_apex	Shoot system epidermis	Mesophyll	False
scplantdb_CRA002977_2:CRX125604@@_AGAGCGAGTGATGATA-1	Arabidopsis thaliana	shoot_apex	S phase	Mesophyll	False
scplantdb_CRA002977_2:CRX125604@@_AGCGTATTCCAAACTG-1	Arabidopsis thaliana	shoot_apex	Mesophyll	Mesophyll	True
scplantdb_CRA002977_2:CRX125604@@_AGGGATGCATAGTAAG-1	Arabidopsis thaliana	shoot_apex	S phase	Mesophyll	False
scplantdb_CRA002977_2:CRX125604@@_AGTCTTTAGTCCGGTC-1	Arabidopsis thaliana	shoot_apex	Shoot system epidermis	Mesophyll	False
scplantdb_CRA002977_2:CRX125604@@_AGTGGGACAGGACCCT-1	Arabidopsis thaliana	shoot_apex	Mesophyll	Mesophyll	True
scplantdb_CRA002977_2:CRX125604@@_ATCTGCCAGAGCTGGT-1	Arabidopsis thaliana	shoot_apex	Mesophyll	Mesophyll	True
scplantdb_CRA002977_2:CRX125604@@_CAACTAGGTCACCCAG-1	Arabidopsis thaliana	shoot_apex	Vascular tissue	Mesophyll	True
scplantdb_CRA002977_2:CRX125604@@_CAAGAAAAGTGTCCCG-1	Arabidopsis thaliana	shoot_apex	Mesophyll	Mesophyll	True
scplantdb_CRA002977_2:CRX125604@@_CACATAGCAAGCGAGT-1	Arabidopsis thaliana	shoot_apex	Mesophyll	Mesophyll	True
scplantdb_CRA002977_2:CRX125604@@_CACATAGCACCGAATT-1	Arabidopsis thaliana	shoot_apex	G2/M phase	Mesophyll	False
scplantdb_CRA002977_2:CRX125604@@_CAGCTGGCATTCACTT-1	Arabidopsis thaliana	shoot_apex	Mesophyll	Mesophyll	True
scplantdb_CRA002977_2:CRX125604@@_CAGGTGCGTAGAGTGC-1	Arabidopsis thaliana	shoot_apex	Vascular tissue	Mesophyll	True
scplantdb_CRA002977_2:CRX125604@@_CAGTCCTTCAAACAAG-1	Arabidopsis thaliana	shoot_apex	Mesophyll	Mesophyll	True
scplantdb_CRA002977_2:CRX125604@@_CATCAAGAGTGGTCCC-1	Arabidopsis thaliana	shoot_apex	Mesophyll	Mesophyll	True
scplantdb_CRA002977_2:CRX125604@@_CATCGGGGTTGTTTGG-1	Arabidopsis thaliana	shoot_apex	S phase	Mesophyll	False
scplantdb_CRA002977_2:CRX125604@@_CATTCGCGTGGGTATG-1	Arabidopsis thaliana	shoot_apex	Mesophyll	Mesophyll	True
scplantdb_CRA002977_2:CRX125604@@_CCATTCGAGTGTGAAT-1	Arabidopsis thaliana	shoot_apex	S phase	Mesophyll	False
scplantdb_CRA002977_2:CRX125604@@_CCATTCGCAGCCTTTC-1	Arabidopsis thaliana	shoot_apex	Mesophyll	Mesophyll	True
scplantdb_CRA002977_2:CRX125604@@_CCCTCCTGTACGACCC-1	Arabidopsis thaliana	shoot_apex	Shoot system epidermis	Mesophyll	False
scplantdb_CRA002977_2:CRX125604@@_CGAATGTAGGTCGGAT-1	Arabidopsis thaliana	shoot_apex	S phase	Mesophyll	False
scplantdb_CRA002977_2:CRX125604@@_CGATGGCTCCAGATCA-1	Arabidopsis thaliana	shoot_apex	Mesophyll	Mesophyll	True
scplantdb_CRA002977_2:CRX125604@@_CGCTGGATCGTACCGG-1	Arabidopsis thaliana	shoot_apex	Vascular tissue	Mesophyll	True
scplantdb_CRA002977_2:CRX125604@@_CGCTTCACAAGTACCT-1	Arabidopsis thaliana	shoot_apex	S phase	Mesophyll	False
scplantdb_CRA002977_2:CRX125604@@_CTAGCCTAGTGGACGT-1	Arabidopsis thaliana	shoot_apex	S phase	Mesophyll	False
scplantdb_CRA002977_2:CRX125604@@_CTCACACAGTCGAGTG-1	Arabidopsis thaliana	shoot_apex	Shoot system epidermis	Mesophyll	False
scplantdb_CRA002977_2:CRX125604@@_CTCGTACCACATGACT-1	Arabidopsis thaliana	shoot_apex	Mesophyll	Mesophyll	True
scplantdb_CRA002977_2:CRX125604@@_CTCTACGGTTAGGGTG-1	Arabidopsis thaliana	shoot_apex	Mesophyll	Mesophyll	True
scplantdb_CRA002977_2:CRX125604@@_CTGATAGCAGCTGCAC-1	Arabidopsis thaliana	shoot_apex	G2/M phase	Mesophyll	False
scplantdb_CRA002977_2:CRX125604@@_CTGCGGAGTCGTTGTA-1	Arabidopsis thaliana	shoot_apex	Shoot apical meristem	Mesophyll	False
scplantdb_CRA002977_2:CRX125604@@_CTGCTGTAGGGCACTA-1	Arabidopsis thaliana	shoot_apex	Vascular tissue	Mesophyll	True
scplantdb_CRA002977_2:CRX125604@@_CTTACCGCAAGACGTG-1	Arabidopsis thaliana	shoot_apex	S phase	Mesophyll	False
scplantdb_CRA002977_2:CRX125604@@_CTTAGGATCACAATGC-1	Arabidopsis thaliana	shoot_apex	G2/M phase	Mesophyll	False
scplantdb_CRA002977_2:CRX125604@@_GAAGCAGGTCTGCAAT-1	Arabidopsis thaliana	shoot_apex	Shoot system epidermis	Mesophyll	False
scplantdb_CRA002977_2:CRX125604@@_GACACGCAGTGTCCAT-1	Arabidopsis thaliana	shoot_apex	Mesophyll	Mesophyll	True
scplantdb_CRA002977_2:CRX125604@@_GACGCGTCAGTATCTG-1	Arabidopsis thaliana	shoot_apex	Shoot system epidermis	Mesophyll	False
scplantdb_CRA002977_2:CRX125604@@_GAGGTGAAGCTGCGAA-1	Arabidopsis thaliana	shoot_apex	Shoot apical meristem	Mesophyll	False
scplantdb_CRA002977_2:CRX125604@@_GATGAAATCCACGAAT-1	Arabidopsis thaliana	shoot_apex	Guard cell	Mesophyll	False
scplantdb_CRA002977_2:CRX125604@@_GATGAGGTCAGCGACC-1	Arabidopsis thaliana	shoot_apex	Mesophyll	Mesophyll	True
scplantdb_CRA002977_2:CRX125604@@_GATGCTATCGTAGATC-1	Arabidopsis thaliana	shoot_apex	Shoot apical meristem	Mesophyll	False
scplantdb_CRA002977_2:CRX125604@@_GCACTCTGTGGCTCCA-1	Arabidopsis thaliana	shoot_apex	Shoot system epidermis	Mesophyll	False
scplantdb_CRA002977_2:CRX125604@@_GCGCCAAAGCGATTCT-1	Arabidopsis thaliana	shoot_apex	Mesophyll	Mesophyll	True
scplantdb_CRA002977_2:CRX125604@@_GGAAAGCCACTGCCAG-1	Arabidopsis thaliana	shoot_apex	Shoot system epidermis	Mesophyll	False
scplantdb_CRA002977_2:CRX125604@@_GGACAGACACGGCTAC-1	Arabidopsis thaliana	shoot_apex	Vascular tissue	Mesophyll	True
scplantdb_CRA002977_2:CRX125604@@_GGGCACTTCTGGTGTA-1	Arabidopsis thaliana	shoot_apex	Vascular tissue	Mesophyll	True
scplantdb_CRA002977_2:CRX125604@@_GGGCATCGTGTTGAGG-1	Arabidopsis thaliana	shoot_apex	Shoot system epidermis	Mesophyll	False
scplantdb_CRA002977_2:CRX125604@@_GGTATTGAGCGATCCC-1	Arabidopsis thaliana	shoot_apex	Shoot system epidermis	Mesophyll	False
scplantdb_CRA002977_2:CRX125604@@_GTACTTTCACCACCAG-1	Arabidopsis thaliana	shoot_apex	Shoot system epidermis	Mesophyll	False
scplantdb_CRA002977_2:CRX125604@@_GTAGGCCAGCAGCCTC-1	Arabidopsis thaliana	shoot_apex	Mesophyll	Mesophyll	True
scplantdb_CRA002977_2:CRX125604@@_GTATTCTAGAGATGAG-1	Arabidopsis thaliana	shoot_apex	Mesophyll	Mesophyll	True
scplantdb_CRA002977_2:CRX125604@@_GTCACAATCTCTAAGG-1	Arabidopsis thaliana	shoot_apex	Shoot system epidermis	Mesophyll	False
scplantdb_CRA002977_2:CRX125604@@_GTGAAGGTCCAGATCA-1	Arabidopsis thaliana	shoot_apex	S phase	Mesophyll	False
scplantdb_CRA002977_2:CRX125604@@_GTGCGGTGTTAGTGGG-1	Arabidopsis thaliana	shoot_apex	Shoot system epidermis	Mesophyll	False
scplantdb_CRA002977_2:CRX125604@@_GTTACAGGTAGCCTAT-1	Arabidopsis thaliana	shoot_apex	Unknow	Mesophyll	True
scplantdb_CRA002977_2:CRX125604@@_TACGGTAGTCTTCTCG-1	Arabidopsis thaliana	shoot_apex	Mesophyll	Mesophyll	True
scplantdb_CRA002977_2:CRX125604@@_TACTCGCGTAGCGTAG-1	Arabidopsis thaliana	shoot_apex	Mesophyll	Mesophyll	True
scplantdb_CRA002977_2:CRX125604@@_TAGTGGTAGTTTGCGT-1	Arabidopsis thaliana	shoot_apex	Shoot apical meristem	Mesophyll	False
scplantdb_CRA002977_2:CRX125604@@_TCAATCTAGTCGCCGT-1	Arabidopsis thaliana	shoot_apex	Mesophyll	Mesophyll	True
scplantdb_CRA002977_2:CRX125604@@_TCAGGATGTACAGACG-1	Arabidopsis thaliana	shoot_apex	Mesophyll	Mesophyll	True
scplantdb_CRA002977_2:CRX125604@@_TCAGGATGTGCCTTGG-1	Arabidopsis thaliana	shoot_apex	Vascular tissue	Mesophyll	True
scplantdb_CRA002977_2:CRX125604@@_TCAGGATTCCAGAAGG-1	Arabidopsis thaliana	shoot_apex	Mesophyll	Mesophyll	True
scplantdb_CRA002977_2:CRX125604@@_TCAGGTACAATGACCT-1	Arabidopsis thaliana	shoot_apex	Vascular tissue	Mesophyll	True
scplantdb_CRA002977_2:CRX125604@@_TCAGGTACACATCCGG-1	Arabidopsis thaliana	shoot_apex	Mesophyll	Mesophyll	True
scplantdb_CRA002977_2:CRX125604@@_TCAGGTACATCCGGGT-1	Arabidopsis thaliana	shoot_apex	S phase	Mesophyll	False
scplantdb_CRA002977_2:CRX125604@@_TCGGTAAAGGAGTCTG-1	Arabidopsis thaliana	shoot_apex	Shoot system epidermis	Mesophyll	False
scplantdb_CRA002977_2:CRX125604@@_TCTATTGCAAGTAATG-1	Arabidopsis thaliana	shoot_apex	Mesophyll	Mesophyll	True
scplantdb_CRA002977_2:CRX125604@@_TCTCTAAGTCATTAGC-1	Arabidopsis thaliana	shoot_apex	Vascular tissue	Mesophyll	True
scplantdb_CRA002977_2:CRX125604@@_TCTTCGGCAGTCGTGC-1	Arabidopsis thaliana	shoot_apex	G2/M phase	Mesophyll	False
scplantdb_CRA002977_2:CRX125604@@_TGATTTCAGAACAACT-1	Arabidopsis thaliana	shoot_apex	G2/M phase	Mesophyll	False
scplantdb_CRA002977_2:CRX125604@@_TGATTTCTCTTATCTG-1	Arabidopsis thaliana	shoot_apex	Shoot apical meristem	Mesophyll	False
scplantdb_CRA002977_2:CRX125604@@_TTAGGACTCTCTGCTG-1	Arabidopsis thaliana	shoot_apex	Mesophyll	Mesophyll	True
scplantdb_CRA002977_2:CRX125604@@_TTCCCAGCATGACGGA-1	Arabidopsis thaliana	shoot_apex	Shoot system epidermis	Mesophyll	False
scplantdb_CRA002977_2:CRX125604@@_TTCTCCTCAATCGGTT-1	Arabidopsis thaliana	shoot_apex	Vascular tissue	Mesophyll	True
scplantdb_CRA002977_2:CRX125604@@_TTGAACGTCTTGACGA-1	Arabidopsis thaliana	shoot_apex	Shoot system epidermis	Mesophyll	False
scplantdb_CRA002977_2:CRX125604@@_TTGCCGTAGAGCTGCA-1	Arabidopsis thaliana	shoot_apex	Shoot system epidermis	Mesophyll	False
scplantdb_CRA002977_2:CRX125604@@_TTGGCAAAGGTAGCTG-1	Arabidopsis thaliana	shoot_apex	Shoot apical meristem	Mesophyll	False
scplantdb_CRA002977_2:CRX125605@@_AAACCCACATCGAAGG-1	Arabidopsis thaliana	shoot_apex	G2/M phase	Mesophyll	False
scplantdb_CRA002977_2:CRX125605@@_AAACCCATCCGTGGCA-1	Arabidopsis thaliana	shoot_apex	Vascular tissue	Mesophyll	True
scplantdb_CRA002977_2:CRX125605@@_AACAACCGTCCTACGG-1	Arabidopsis thaliana	shoot_apex	G2/M phase	Mesophyll	False
scplantdb_CRA002977_2:CRX125605@@_AACCATGCATTCTTCA-1	Arabidopsis thaliana	shoot_apex	Shoot system epidermis	Mesophyll	False
scplantdb_CRA002977_2:CRX125605@@_AACGTCAAGAGCCTGA-1	Arabidopsis thaliana	shoot_apex	Shoot system epidermis	Mesophyll	False
scplantdb_CRA002977_2:CRX125605@@_ACATCGAAGACAAGCC-1	Arabidopsis thaliana	shoot_apex	G2/M phase	Mesophyll	False
scplantdb_CRA002977_2:CRX125605@@_ACGTTCCGTCAAACGG-1	Arabidopsis thaliana	shoot_apex	Mesophyll	Mesophyll	True
scplantdb_CRA002977_2:CRX125605@@_ACTCTCGTCTTGGTGA-1	Arabidopsis thaliana	shoot_apex	Shoot apical meristem	Mesophyll	False
scplantdb_CRA002977_2:CRX125605@@_ACTTAGGTCCTCTCTT-1	Arabidopsis thaliana	shoot_apex	S phase	Mesophyll	False
scplantdb_CRA002977_2:CRX125605@@_AGACAAAAGCGTTAGG-1	Arabidopsis thaliana	shoot_apex	Vascular tissue	Mesophyll	True
scplantdb_CRA002977_2:CRX125605@@_AGACCCGGTGAGATAT-1	Arabidopsis thaliana	shoot_apex	Vascular tissue	Mesophyll	True
scplantdb_CRA002977_2:CRX125605@@_AGCGCTGAGGCTCAAG-1	Arabidopsis thaliana	shoot_apex	Vascular tissue	Mesophyll	True
scplantdb_CRA002977_2:CRX125605@@_AGGCCACCACTGTTCC-1	Arabidopsis thaliana	shoot_apex	G2/M phase	Mesophyll	False
scplantdb_CRA002977_2:CRX125605@@_AGTAACCAGCTTTCTT-1	Arabidopsis thaliana	shoot_apex	Shoot apical meristem	Mesophyll	False
scplantdb_CRA002977_2:CRX125605@@_AGTAGCTAGGAGACCT-1	Arabidopsis thaliana	shoot_apex	Unknow	Mesophyll	True
scplantdb_CRA002977_2:CRX125605@@_AGTCATGCAGCACGAA-1	Arabidopsis thaliana	shoot_apex	Vascular tissue	Mesophyll	True
scplantdb_CRA002977_2:CRX125605@@_ATCACAGCAGGAATAT-1	Arabidopsis thaliana	shoot_apex	S phase	Mesophyll	False
scplantdb_CRA002977_2:CRX125605@@_ATCGTGATCGAGATGG-1	Arabidopsis thaliana	shoot_apex	Mesophyll	Mesophyll	True
scplantdb_CRA002977_2:CRX125605@@_ATTCCTAGTACCCGAC-1	Arabidopsis thaliana	shoot_apex	Shoot apical meristem	Mesophyll	False
scplantdb_CRA002977_2:CRX125605@@_ATTTCACCAGGTCCGT-1	Arabidopsis thaliana	shoot_apex	Guard cell	Mesophyll	False
scplantdb_CRA002977_2:CRX125605@@_CAAAGAACACCCGTAG-1	Arabidopsis thaliana	shoot_apex	Mesophyll	Mesophyll	True
scplantdb_CRA002977_2:CRX125605@@_CAATACGGTGTAGCAG-1	Arabidopsis thaliana	shoot_apex	S phase	Mesophyll	False
scplantdb_CRA002977_2:CRX125605@@_CACAGGCGTGCTAGCC-1	Arabidopsis thaliana	shoot_apex	Vascular tissue	Mesophyll	True
scplantdb_CRA002977_2:CRX125605@@_CACGAATTCTCGGGAC-1	Arabidopsis thaliana	shoot_apex	Shoot system epidermis	Mesophyll	False
scplantdb_CRA002977_2:CRX125605@@_CACTTCGCAGACACAG-1	Arabidopsis thaliana	shoot_apex	Shoot apical meristem	Mesophyll	False
scplantdb_CRA002977_2:CRX125605@@_CAGGGCTCATGGAAGC-1	Arabidopsis thaliana	shoot_apex	S phase	Mesophyll	False
scplantdb_CRA002977_2:CRX125605@@_CATACAGCATTGGCAT-1	Arabidopsis thaliana	shoot_apex	S phase	Mesophyll	False
scplantdb_CRA002977_2:CRX125605@@_CATGCCTCACAGTCGC-1	Arabidopsis thaliana	shoot_apex	S phase	Mesophyll	False
scplantdb_CRA002977_2:CRX125605@@_CATTGCCGTTGCCGCA-1	Arabidopsis thaliana	shoot_apex	Shoot apical meristem	Mesophyll	False
scplantdb_CRA002977_2:CRX125605@@_CCATAAGAGCAGCCCT-1	Arabidopsis thaliana	shoot_apex	G2/M phase	Mesophyll	False
scplantdb_CRA002977_2:CRX125605@@_CCCTAACGTCTACGAT-1	Arabidopsis thaliana	shoot_apex	Shoot system epidermis	Mesophyll	False
scplantdb_CRA002977_2:CRX125605@@_CCGCAAGCAAGAATAC-1	Arabidopsis thaliana	shoot_apex	G2/M phase	Mesophyll	False
scplantdb_CRA002977_2:CRX125605@@_CCGCAAGTCGGCACTG-1	Arabidopsis thaliana	shoot_apex	Shoot system epidermis	Mesophyll	False
scplantdb_CRA002977_2:CRX125605@@_CCTCAACGTCAGCTTA-1	Arabidopsis thaliana	shoot_apex	Shoot system epidermis	Mesophyll	False
scplantdb_CRA002977_2:CRX125605@@_CGGACACGTAACATCC-1	Arabidopsis thaliana	shoot_apex	Vascular tissue	Mesophyll	True
scplantdb_CRA002977_2:CRX125605@@_CTACCCAAGCTGCCAC-1	Arabidopsis thaliana	shoot_apex	Vascular tissue	Mesophyll	True
scplantdb_CRA002977_2:CRX125605@@_CTAGGTACAAACAGGC-1	Arabidopsis thaliana	shoot_apex	Shoot system epidermis	Mesophyll	False
scplantdb_CRA002977_2:CRX125605@@_CTCTCAGTCACAAGAA-1	Arabidopsis thaliana	shoot_apex	S phase	Mesophyll	False
scplantdb_CRA002977_2:CRX125605@@_CTGTATTGTAACACCT-1	Arabidopsis thaliana	shoot_apex	Shoot system epidermis	Mesophyll	False
scplantdb_CRA002977_2:CRX125605@@_GAAGCCCCAAACTCTG-1	Arabidopsis thaliana	shoot_apex	Guard cell	Mesophyll	False
scplantdb_CRA002977_2:CRX125605@@_GACTCTCTCCACTAGA-1	Arabidopsis thaliana	shoot_apex	S phase	Mesophyll	False
scplantdb_CRA002977_2:CRX125605@@_GAGCCTGGTCGTTTCC-1	Arabidopsis thaliana	shoot_apex	Shoot system epidermis	Mesophyll	False
scplantdb_CRA002977_2:CRX125605@@_GAGGCAACAGTCTACA-1	Arabidopsis thaliana	shoot_apex	Vascular tissue	Mesophyll	True
scplantdb_CRA002977_2:CRX125605@@_GAGTGAGCAGCACGAA-1	Arabidopsis thaliana	shoot_apex	Mesophyll	Mesophyll	True
scplantdb_CRA002977_2:CRX125605@@_GATTCGATCGAACCTA-1	Arabidopsis thaliana	shoot_apex	G2/M phase	Mesophyll	False
scplantdb_CRA002977_2:CRX125605@@_GCACGTGGTGCCGAAA-1	Arabidopsis thaliana	shoot_apex	Vascular tissue	Mesophyll	True
scplantdb_CRA002977_2:CRX125605@@_GCCTGTTTCGGTCGGT-1	Arabidopsis thaliana	shoot_apex	Guard cell	Mesophyll	False
scplantdb_CRA002977_2:CRX125605@@_GCGTTTCTCTGCACCT-1	Arabidopsis thaliana	shoot_apex	Shoot system epidermis	Mesophyll	False
scplantdb_CRA002977_2:CRX125605@@_GCTGCAGCACAGTATC-1	Arabidopsis thaliana	shoot_apex	Vascular tissue	Mesophyll	True
scplantdb_CRA002977_2:CRX125605@@_GGCTGTGGTAGAATGT-1	Arabidopsis thaliana	shoot_apex	Guard cell	Mesophyll	False
scplantdb_CRA002977_2:CRX125605@@_GGCTTGGTCAATGTCG-1	Arabidopsis thaliana	shoot_apex	Shoot apical meristem	Mesophyll	False
scplantdb_CRA002977_2:CRX125605@@_GGTGTCGAGCGAGTCA-1	Arabidopsis thaliana	shoot_apex	Vascular tissue	Mesophyll	True
scplantdb_CRA002977_2:CRX125605@@_GTAAGTCAGGTAGCAC-1	Arabidopsis thaliana	shoot_apex	Vascular tissue	Mesophyll	True
scplantdb_CRA002977_2:CRX125605@@_GTAGGAGAGAGTACCG-1	Arabidopsis thaliana	shoot_apex	Mesophyll	Mesophyll	True
scplantdb_CRA002977_2:CRX125605@@_GTGCAGCAGAGCCATG-1	Arabidopsis thaliana	shoot_apex	Shoot system epidermis	Mesophyll	False
scplantdb_CRA002977_2:CRX125605@@_GTGCGTGCATTCGATG-1	Arabidopsis thaliana	shoot_apex	Vascular tissue	Mesophyll	True
scplantdb_CRA002977_2:CRX125605@@_GTGGGAATCGTCACCT-1	Arabidopsis thaliana	shoot_apex	Shoot system epidermis	Mesophyll	False
scplantdb_CRA002977_2:CRX125605@@_GTGTTCCTCTATCCAT-1	Arabidopsis thaliana	shoot_apex	Guard cell	Mesophyll	False
scplantdb_CRA002977_2:CRX125605@@_GTTAGACCACAATCTG-1	Arabidopsis thaliana	shoot_apex	Shoot system epidermis	Mesophyll	False
scplantdb_CRA002977_2:CRX125605@@_GTTATGGGTAGGTAGC-1	Arabidopsis thaliana	shoot_apex	Vascular tissue	Mesophyll	True
scplantdb_CRA002977_2:CRX125605@@_TAAGTCGAGAGCGACT-1	Arabidopsis thaliana	shoot_apex	Vascular tissue	Mesophyll	True
scplantdb_CRA002977_2:CRX125605@@_TAATCTCTCTCACGAA-1	Arabidopsis thaliana	shoot_apex	Vascular tissue	Mesophyll	True
scplantdb_CRA002977_2:CRX125605@@_TAATTCCCACCCGTAG-1	Arabidopsis thaliana	shoot_apex	Vascular tissue	Mesophyll	True
scplantdb_CRA002977_2:CRX125605@@_TACAGGTCACGCCAGT-1	Arabidopsis thaliana	shoot_apex	S phase	Mesophyll	False
scplantdb_CRA002977_2:CRX125605@@_TAGGTACAGGATGCGT-1	Arabidopsis thaliana	shoot_apex	Mesophyll	Mesophyll	True
scplantdb_CRA002977_2:CRX125605@@_TCCGATCAGGACATCG-1	Arabidopsis thaliana	shoot_apex	Vascular tissue	Mesophyll	True
scplantdb_CRA002977_2:CRX125605@@_TCCTAATAGAGTGACC-1	Arabidopsis thaliana	shoot_apex	G2/M phase	Mesophyll	False
scplantdb_CRA002977_2:CRX125605@@_TCTAACTAGCCTATCA-1	Arabidopsis thaliana	shoot_apex	Vascular tissue	Mesophyll	True
scplantdb_CRA002977_2:CRX125605@@_TCTCTGGAGATTGCGG-1	Arabidopsis thaliana	shoot_apex	Mesophyll	Mesophyll	True
scplantdb_CRA002977_2:CRX125605@@_TGAACGTAGATAGTCA-1	Arabidopsis thaliana	shoot_apex	Mesophyll	Mesophyll	True
scplantdb_CRA002977_2:CRX125605@@_TGAGGAGTCTCGGCTT-1	Arabidopsis thaliana	shoot_apex	G2/M phase	Mesophyll	False
scplantdb_CRA002977_2:CRX125605@@_TGCGACGGTTTCGTAG-1	Arabidopsis thaliana	shoot_apex	Vascular tissue	Mesophyll	True
scplantdb_CRA002977_2:CRX125605@@_TGCGGCAAGCCGAATG-1	Arabidopsis thaliana	shoot_apex	Mesophyll	Mesophyll	True
scplantdb_CRA002977_2:CRX125605@@_TGGGTTAAGCACCGTC-1	Arabidopsis thaliana	shoot_apex	S phase	Mesophyll	False
scplantdb_CRA002977_2:CRX125605@@_TGGTTAGTCACCCTGT-1	Arabidopsis thaliana	shoot_apex	Vascular tissue	Mesophyll	True
scplantdb_CRA002977_2:CRX125605@@_TTACCATAGAGAGCGG-1	Arabidopsis thaliana	shoot_apex	Shoot apical meristem	Mesophyll	False
scplantdb_CRA002977_2:CRX125605@@_TTCCACGGTCGCATGC-1	Arabidopsis thaliana	shoot_apex	Shoot system epidermis	Mesophyll	False
scplantdb_CRA002977_2:CRX125605@@_TTGAACGGTAACCCTA-1	Arabidopsis thaliana	shoot_apex	Unknow	Mesophyll	True
scplantdb_CRA002977_2:CRX125605@@_TTGCTGCAGCCTAGGA-1	Arabidopsis thaliana	shoot_apex	Shoot apical meristem	Mesophyll	False
scplantdb_CRA002977_2:CRX125605@@_TTGGGTATCTAGCCTC-1	Arabidopsis thaliana	shoot_apex	Vascular tissue	Mesophyll	True
scplantdb_CRA002977_2:CRX125605@@_TTTCGATGTGATCGTT-1	Arabidopsis thaliana	shoot_apex	Mesophyll	Mesophyll	True
scplantdb_CRA004848:CRX270106@@_AAACGCTAGGTTGGTG-1	Fragaria vesca	leaf	Unknow	Mesophyll	True
scplantdb_CRA004848:CRX270106@@_AAAGTCCTCTATCGTT-1	Fragaria vesca	leaf	Mesophyll	Mesophyll	True
scplantdb_CRA004848:CRX270106@@_AAATGGACACGTCTCT-1	Fragaria vesca	leaf	Mesophyll	Mesophyll	True
scplantdb_CRA004848:CRX270106@@_AACACACCAGACGATG-1	Fragaria vesca	leaf	Mesophyll	Mesophyll	True
scplantdb_CRA004848:CRX270106@@_AAGATAGGTCGTGCCA-1	Fragaria vesca	leaf	Mesophyll	Mesophyll	True
scplantdb_CRA004848:CRX270106@@_AAGTGAAAGCGGACAT-1	Fragaria vesca	leaf	Mesophyll	Mesophyll	True
scplantdb_CRA004848:CRX270106@@_ACCGTTCGTGGATCGA-1	Fragaria vesca	leaf	Hydathodes	Mesophyll	False
scplantdb_CRA004848:CRX270106@@_ACCTACCGTCGGCACT-1	Fragaria vesca	leaf	Mesophyll	Mesophyll	True
scplantdb_CRA004848:CRX270106@@_ACGCACGGTATCTCGA-1	Fragaria vesca	leaf	Hydathodes	Mesophyll	False
scplantdb_CRA004848:CRX270106@@_ACGGTTAAGCAAACAT-1	Fragaria vesca	leaf	Mesophyll	Mesophyll	True
scplantdb_CRA004848:CRX270106@@_ACGTCCTCATTATGCG-1	Fragaria vesca	leaf	Xylem	Mesophyll	True
scplantdb_CRA004848:CRX270106@@_ACTGCAACAATCGCAT-1	Fragaria vesca	leaf	Xylem parenchyma	Mesophyll	False
scplantdb_CRA004848:CRX270106@@_ACTTAGGCACTACCGG-1	Fragaria vesca	leaf	Mesophyll	Mesophyll	True
scplantdb_CRA004848:CRX270106@@_AGAGCCCTCTTGATTC-1	Fragaria vesca	leaf	Mesophyll	Mesophyll	True
scplantdb_CRA004848:CRX270106@@_AGCCAGCCAAACACCT-1	Fragaria vesca	leaf	Mesophyll	Mesophyll	True
scplantdb_CRA004848:CRX270106@@_AGCCAGCTCAAGTGTC-1	Fragaria vesca	leaf	Adaxial epidermis	Mesophyll	False
scplantdb_CRA004848:CRX270106@@_AGCTACATCGATACGT-1	Fragaria vesca	leaf	Hydathodes	Mesophyll	False
scplantdb_CRA004848:CRX270106@@_AGGGTGACACAGTCGC-1	Fragaria vesca	leaf	Hydathodes	Mesophyll	False
scplantdb_CRA004848:CRX270106@@_AGGTTGTCAATTCTTC-1	Fragaria vesca	leaf	Mesophyll	Mesophyll	True
scplantdb_CRA004848:CRX270106@@_AGTCAACAGTCCGTCG-1	Fragaria vesca	leaf	Mesophyll	Mesophyll	True
scplantdb_CRA004848:CRX270106@@_ATCACGACACGAAAGC-1	Fragaria vesca	leaf	Mesophyll	Mesophyll	True
scplantdb_CRA004848:CRX270106@@_ATGTCTTCATTGTCGA-1	Fragaria vesca	leaf	Mesophyll	Mesophyll	True
scplantdb_CRA004848:CRX270106@@_ATTCCTATCGGTTAGT-1	Fragaria vesca	leaf	Mesophyll	Mesophyll	True
scplantdb_CRA004848:CRX270106@@_CAACCAACAAATCAGA-1	Fragaria vesca	leaf	Mesophyll	Mesophyll	True
scplantdb_CRA004848:CRX270106@@_CAAGACTGTTAGAGTA-1	Fragaria vesca	leaf	Mesophyll	Mesophyll	True
scplantdb_CRA004848:CRX270106@@_CACATGACATTCAGCA-1	Fragaria vesca	leaf	Mesophyll	Mesophyll	True
scplantdb_CRA004848:CRX270106@@_CATACAGGTATCCCAA-1	Fragaria vesca	leaf	Mesophyll	Mesophyll	True
scplantdb_CRA004848:CRX270106@@_CATGAGTTCTCAGGCG-1	Fragaria vesca	leaf	Mesophyll	Mesophyll	True
scplantdb_CRA004848:CRX270106@@_CCCTCAAGTTCACGAT-1	Fragaria vesca	leaf	Mesophyll	Mesophyll	True
scplantdb_CRA004848:CRX270106@@_CGAGTGCCAAAGCAAT-1	Fragaria vesca	leaf	Hydathodes	Mesophyll	False
scplantdb_CRA004848:CRX270106@@_CGAGTGCGTGCGTCGT-1	Fragaria vesca	leaf	Mesophyll	Mesophyll	True
scplantdb_CRA004848:CRX270106@@_CGAGTTAGTGTTTCTT-1	Fragaria vesca	leaf	Mesophyll	Mesophyll	True
scplantdb_CRA004848:CRX270106@@_CGGAACCAGAGCGACT-1	Fragaria vesca	leaf	Phloem	Mesophyll	True
scplantdb_CRA004848:CRX270106@@_CGGACACCAATGGCAG-1	Fragaria vesca	leaf	Mesophyll	Mesophyll	True
scplantdb_CRA004848:CRX270106@@_CGGCAGTAGCTCACTA-1	Fragaria vesca	leaf	Mesophyll	Mesophyll	True
scplantdb_CRA004848:CRX270106@@_CGTAAGTTCGAGTGAG-1	Fragaria vesca	leaf	Unknow	Mesophyll	True
scplantdb_CRA004848:CRX270106@@_CTAACTTCAGCATGCC-1	Fragaria vesca	leaf	Mesophyll	Mesophyll	True
scplantdb_CRA004848:CRX270106@@_CTACAGAGTTGCCATA-1	Fragaria vesca	leaf	Mesophyll	Mesophyll	True
scplantdb_CRA004848:CRX270106@@_CTCATTAAGAGAGAAC-1	Fragaria vesca	leaf	Adaxial epidermis	Mesophyll	False
scplantdb_CRA004848:CRX270106@@_CTCCGATAGGCTCTCG-1	Fragaria vesca	leaf	Hydathodes	Mesophyll	False
scplantdb_CRA004848:CRX270106@@_CTTCAATGTACGTGTT-1	Fragaria vesca	leaf	Xylem	Mesophyll	True
scplantdb_CRA004848:CRX270106@@_GACGTTAGTATTGGCT-1	Fragaria vesca	leaf	Adaxial epidermis	Mesophyll	False
scplantdb_CRA004848:CRX270106@@_GAGGCCTCAGCAGTCC-1	Fragaria vesca	leaf	Mesophyll	Mesophyll	True
scplantdb_CRA004848:CRX270106@@_GATCCCTGTCGACTTA-1	Fragaria vesca	leaf	Mesophyll	Mesophyll	True
scplantdb_CRA004848:CRX270106@@_GGAATCTTCCTACCGT-1	Fragaria vesca	leaf	Xylem parenchyma	Mesophyll	False
scplantdb_CRA004848:CRX270106@@_GGGCTACAGGTCACCC-1	Fragaria vesca	leaf	Mesophyll	Mesophyll	True
scplantdb_CRA004848:CRX270106@@_GTGTTCCTCCGGGACT-1	Fragaria vesca	leaf	Mesophyll	Mesophyll	True
scplantdb_CRA004848:CRX270106@@_GTTACCCCACCCGTAG-1	Fragaria vesca	leaf	Mesophyll	Mesophyll	True
scplantdb_CRA004848:CRX270106@@_GTTAGTGGTGAGCGAT-1	Fragaria vesca	leaf	Mesophyll	Mesophyll	True
scplantdb_CRA004848:CRX270106@@_GTTGAACAGCTCGCAC-1	Fragaria vesca	leaf	Mesophyll	Mesophyll	True
scplantdb_CRA004848:CRX270106@@_TAACGACGTGTTCATG-1	Fragaria vesca	leaf	Mesophyll	Mesophyll	True
scplantdb_CRA004848:CRX270106@@_TACCCGTCACTTCTCG-1	Fragaria vesca	leaf	Mesophyll	Mesophyll	True
scplantdb_CRA004848:CRX270106@@_TACCCGTGTACGTAGG-1	Fragaria vesca	leaf	Mesophyll	Mesophyll	True
scplantdb_CRA004848:CRX270106@@_TACGCTCAGCGCTTCG-1	Fragaria vesca	leaf	Mesophyll	Mesophyll	True
scplantdb_CRA004848:CRX270106@@_TCATATCTCGCCGATG-1	Fragaria vesca	leaf	Hydathodes	Mesophyll	False
scplantdb_CRA004848:CRX270106@@_TCATTTGAGATCGACG-1	Fragaria vesca	leaf	Mesophyll	Mesophyll	True
scplantdb_CRA004848:CRX270106@@_TCGCTTGTCCGTATAG-1	Fragaria vesca	leaf	Mesophyll	Mesophyll	True
scplantdb_CRA004848:CRX270106@@_TCGTAGAAGCAAATCA-1	Fragaria vesca	leaf	Adaxial epidermis	Mesophyll	False
scplantdb_CRA004848:CRX270106@@_TCTACATCAGTAGGAC-1	Fragaria vesca	leaf	Hydathodes	Mesophyll	False
scplantdb_CRA004848:CRX270106@@_TCTGGCTAGCCATCCG-1	Fragaria vesca	leaf	Mesophyll	Mesophyll	True
scplantdb_CRA004848:CRX270106@@_TGAGGTTCAATTTCCT-1	Fragaria vesca	leaf	Xylem parenchyma	Mesophyll	False
scplantdb_CRA004848:CRX270106@@_TGATTCTCAGTATGAA-1	Fragaria vesca	leaf	Unknow	Mesophyll	True
scplantdb_CRA004848:CRX270106@@_TGCTTCGCACTCTAGA-1	Fragaria vesca	leaf	Adaxial epidermis	Mesophyll	False
scplantdb_CRA004848:CRX270106@@_TGGCGTGGTCGAACAG-1	Fragaria vesca	leaf	Mesophyll	Mesophyll	True
scplantdb_CRA004848:CRX270106@@_TGTTCCGTCATTCATC-1	Fragaria vesca	leaf	Mesophyll	Mesophyll	True
scplantdb_CRA004848:CRX270106@@_TTATTGCCACTGGATT-1	Fragaria vesca	leaf	Mesophyll	Mesophyll	True
scplantdb_CRA004848:CRX270106@@_TTCCAATTCCAGCTCT-1	Fragaria vesca	leaf	Mesophyll	Mesophyll	True
scplantdb_CRA004848:CRX270106@@_TTCCTCTAGCGAAACC-1	Fragaria vesca	leaf	Hydathodes	Mesophyll	False
scplantdb_CRA004848:CRX270106@@_TTCGATTAGAGCTTTC-1	Fragaria vesca	leaf	Mesophyll	Mesophyll	True
scplantdb_CRA004848:CRX270106@@_TTCTTCCAGAATCGCG-1	Fragaria vesca	leaf	Hydathodes	Mesophyll	False
scplantdb_CRA004848:CRX270106@@_TTCTTCCCAAACCACT-1	Fragaria vesca	leaf	Mesophyll	Mesophyll	True
scplantdb_CRA004848:CRX270106@@_TTCTTGATCATCTCTA-1	Fragaria vesca	leaf	Mesophyll	Mesophyll	True
scplantdb_CRA004848:CRX270106@@_TTGGGCGCAGCAGGAT-1	Fragaria vesca	leaf	Mesophyll	Mesophyll	True
scplantdb_CRA004848:CRX270106@@_TTTACGTGTATGACAA-1	Fragaria vesca	leaf	Mesophyll	Mesophyll	True
scplantdb_CRA004848:CRX270106@@_TTTCATGTCAGCAGAG-1	Fragaria vesca	leaf	Xylem parenchyma	Mesophyll	False
scplantdb_CRA004848:CRX270108@@_AAATGGAAGCGTCGAA-1	Fragaria vesca	leaf	Hydathodes	Mesophyll	False
scplantdb_CRA004848:CRX270108@@_AACAAGAGTTAAGTCC-1	Fragaria vesca	leaf	Hydathodes	Mesophyll	False
scplantdb_CRA004848:CRX270108@@_AACAGGGGTCCATACA-1	Fragaria vesca	leaf	Mesophyll	Mesophyll	True
scplantdb_CRA004848:CRX270108@@_AACCCAAAGGCTCACC-1	Fragaria vesca	leaf	Mesophyll	Mesophyll	True
scplantdb_CRA004848:CRX270108@@_AACGGGAGTAGCTGCC-1	Fragaria vesca	leaf	Mesophyll	Mesophyll	True
scplantdb_CRA004848:CRX270108@@_AAGCGTTCAATATCCG-1	Fragaria vesca	leaf	Hydathodes	Mesophyll	False
scplantdb_CRA004848:CRX270108@@_AAGTACCTCATTTCCA-1	Fragaria vesca	leaf	Mesophyll	Mesophyll	True
scplantdb_CRA004848:CRX270108@@_AATGGAATCATTGGTG-1	Fragaria vesca	leaf	Unknow	Mesophyll	True
scplantdb_CRA004848:CRX270108@@_ACAACCAAGGCATCAG-1	Fragaria vesca	leaf	Abaxial epidermis	Mesophyll	False
scplantdb_CRA004848:CRX270108@@_ACACCAAGTAGACGGT-1	Fragaria vesca	leaf	Mesophyll	Mesophyll	True
scplantdb_CRA004848:CRX270108@@_ACCAAACCACGGCTAC-1	Fragaria vesca	leaf	Mesophyll	Mesophyll	True
scplantdb_CRA004848:CRX270108@@_ACGGTTACACGCTGAC-1	Fragaria vesca	leaf	Mesophyll	Mesophyll	True
scplantdb_CRA004848:CRX270108@@_ACTGTGATCAAGGAGC-1	Fragaria vesca	leaf	Adaxial epidermis	Mesophyll	False
scplantdb_CRA004848:CRX270108@@_AGGCATTAGCGCCTCA-1	Fragaria vesca	leaf	Mesophyll	Mesophyll	True
scplantdb_CRA004848:CRX270108@@_AGGTTACGTTCGCGTG-1	Fragaria vesca	leaf	Xylem parenchyma	Mesophyll	False
scplantdb_CRA004848:CRX270108@@_ATGCCTCTCCGTTTCG-1	Fragaria vesca	leaf	Mesophyll	Mesophyll	True
scplantdb_CRA004848:CRX270108@@_ATGCGATTCCCGTGAG-1	Fragaria vesca	leaf	Mesophyll	Mesophyll	True
scplantdb_CRA004848:CRX270108@@_ATGGGTTAGCACTCCG-1	Fragaria vesca	leaf	Adaxial epidermis	Mesophyll	False
scplantdb_CRA004848:CRX270108@@_CAATGACTCCATCTAT-1	Fragaria vesca	leaf	Hydathodes	Mesophyll	False
scplantdb_CRA004848:CRX270108@@_CACAACAGTCCTGTCT-1	Fragaria vesca	leaf	Adaxial epidermis	Mesophyll	False
scplantdb_CRA004848:CRX270108@@_CACTGGGCATACCGTA-1	Fragaria vesca	leaf	Hydathodes	Mesophyll	False
scplantdb_CRA004848:CRX270108@@_CAGAGCCCAGTAACCT-1	Fragaria vesca	leaf	Adaxial epidermis	Mesophyll	False
scplantdb_CRA004848:CRX270108@@_CAGCAGCCAAGGTCGA-1	Fragaria vesca	leaf	Adaxial epidermis	Mesophyll	False
scplantdb_CRA004848:CRX270108@@_CATCCCAAGGTAGCCA-1	Fragaria vesca	leaf	Hydathodes	Mesophyll	False
scplantdb_CRA004848:CRX270108@@_CATCCCAGTGGCTCTG-1	Fragaria vesca	leaf	Mesophyll	Mesophyll	True
scplantdb_CRA004848:CRX270108@@_CCAATGATCGGTTGTA-1	Fragaria vesca	leaf	Hydathodes	Mesophyll	False
scplantdb_CRA004848:CRX270108@@_CCTAACCCAGTATGAA-1	Fragaria vesca	leaf	Hydathodes	Mesophyll	False
scplantdb_CRA004848:CRX270108@@_CCTCACAGTTGTAGCT-1	Fragaria vesca	leaf	Mesophyll	Mesophyll	True
scplantdb_CRA004848:CRX270108@@_CCTCCTCCATTCGGGC-1	Fragaria vesca	leaf	Mesophyll	Mesophyll	True
scplantdb_CRA004848:CRX270108@@_CGATGCGTCCCATGGG-1	Fragaria vesca	leaf	Mesophyll	Mesophyll	True
scplantdb_CRA004848:CRX270108@@_CGGAATTCACTTCAAG-1	Fragaria vesca	leaf	Xylem	Mesophyll	True
scplantdb_CRA004848:CRX270108@@_CGTTGGGCAAGTTCCA-1	Fragaria vesca	leaf	Mesophyll	Mesophyll	True
scplantdb_CRA004848:CRX270108@@_CTAGGTATCGTTCATT-1	Fragaria vesca	leaf	Adaxial epidermis	Mesophyll	False
scplantdb_CRA004848:CRX270108@@_CTGAGCGCACGACTAT-1	Fragaria vesca	leaf	Abaxial epidermis	Mesophyll	False
scplantdb_CRA004848:CRX270108@@_CTGAGCGCAGCAGTGA-1	Fragaria vesca	leaf	Hydathodes	Mesophyll	False
scplantdb_CRA004848:CRX270108@@_CTTCCTTGTCATCCCT-1	Fragaria vesca	leaf	Mesophyll	Mesophyll	True
scplantdb_CRA004848:CRX270108@@_GAAGTAACATCTATCT-1	Fragaria vesca	leaf	Phloem	Mesophyll	True
scplantdb_CRA004848:CRX270108@@_GAATAGATCGGACGTC-1	Fragaria vesca	leaf	Phloem	Mesophyll	True
scplantdb_CRA004848:CRX270108@@_GACAGCCCAAGTTTGC-1	Fragaria vesca	leaf	Hydathodes	Mesophyll	False
scplantdb_CRA004848:CRX270108@@_GACATCAAGGCAGGGA-1	Fragaria vesca	leaf	Mesophyll	Mesophyll	True
scplantdb_CRA004848:CRX270108@@_GAGGCCTGTCGTACAT-1	Fragaria vesca	leaf	Mesophyll	Mesophyll	True
scplantdb_CRA004848:CRX270108@@_GCAACCGAGAAGCGCT-1	Fragaria vesca	leaf	Mesophyll	Mesophyll	True
scplantdb_CRA004848:CRX270108@@_GGAACCCGTGGATCGA-1	Fragaria vesca	leaf	Hydathodes	Mesophyll	False
scplantdb_CRA004848:CRX270108@@_GGGACAATCGATGCAT-1	Fragaria vesca	leaf	Mesophyll	Mesophyll	True
scplantdb_CRA004848:CRX270108@@_GGGTGAACATCGCTAA-1	Fragaria vesca	leaf	Mesophyll	Mesophyll	True
scplantdb_CRA004848:CRX270108@@_GTAATGCTCCGTACGG-1	Fragaria vesca	leaf	Hydathodes	Mesophyll	False
scplantdb_CRA004848:CRX270108@@_GTAGAGGGTTGTTGCA-1	Fragaria vesca	leaf	Hydathodes	Mesophyll	False
scplantdb_CRA004848:CRX270108@@_GTAGGAGGTGTGTCGC-1	Fragaria vesca	leaf	Mesophyll	Mesophyll	True
scplantdb_CRA004848:CRX270108@@_GTCCACTAGGATGGCT-1	Fragaria vesca	leaf	Adaxial epidermis	Mesophyll	False
scplantdb_CRA004848:CRX270108@@_GTCCACTGTTGACTGT-1	Fragaria vesca	leaf	Mesophyll	Mesophyll	True
scplantdb_CRA004848:CRX270108@@_GTTACCCTCACCGGGT-1	Fragaria vesca	leaf	Hydathodes	Mesophyll	False
scplantdb_CRA004848:CRX270108@@_GTTGTCCCATAAGATG-1	Fragaria vesca	leaf	Mesophyll	Mesophyll	True
scplantdb_CRA004848:CRX270108@@_TAACACGGTAGTATAG-1	Fragaria vesca	leaf	Hydathodes	Mesophyll	False
scplantdb_CRA004848:CRX270108@@_TAAGCACAGAGGACTC-1	Fragaria vesca	leaf	Hydathodes	Mesophyll	False
scplantdb_CRA004848:CRX270108@@_TACCCGTGTGTTCGAT-1	Fragaria vesca	leaf	Hydathodes	Mesophyll	False
scplantdb_CRA004848:CRX270108@@_TACCGGGGTTGGGTAG-1	Fragaria vesca	leaf	Mesophyll	Mesophyll	True
scplantdb_CRA004848:CRX270108@@_TACCTGCCAGCACGAA-1	Fragaria vesca	leaf	Hydathodes	Mesophyll	False
scplantdb_CRA004848:CRX270108@@_TACCTGCTCGCATTGA-1	Fragaria vesca	leaf	Abaxial epidermis	Mesophyll	False
scplantdb_CRA004848:CRX270108@@_TACGCTCGTTGTAGCT-1	Fragaria vesca	leaf	Abaxial epidermis	Mesophyll	False
scplantdb_CRA004848:CRX270108@@_TATCCTACAAGAGAGA-1	Fragaria vesca	leaf	Mesophyll	Mesophyll	True
scplantdb_CRA004848:CRX270108@@_TATTGCTCATAGGCGA-1	Fragaria vesca	leaf	Mesophyll	Mesophyll	True
scplantdb_CRA004848:CRX270108@@_TCAGGGCGTGCTGATT-1	Fragaria vesca	leaf	Mesophyll	Mesophyll	True
scplantdb_CRA004848:CRX270108@@_TCATCATAGGATACGC-1	Fragaria vesca	leaf	Hydathodes	Mesophyll	False
scplantdb_CRA004848:CRX270108@@_TCATGGAAGCTTCATG-1	Fragaria vesca	leaf	Xylem	Mesophyll	True
scplantdb_CRA004848:CRX270108@@_TCCCAGTCAGCTCGGT-1	Fragaria vesca	leaf	Hydathodes	Mesophyll	False
scplantdb_CRA004848:CRX270108@@_TCTCAGCCACGCCAGT-1	Fragaria vesca	leaf	Mesophyll	Mesophyll	True
scplantdb_CRA004848:CRX270108@@_TCTGCCAAGTGTTCCA-1	Fragaria vesca	leaf	Hydathodes	Mesophyll	False
scplantdb_CRA004848:CRX270108@@_TGAGTCATCACATTGG-1	Fragaria vesca	leaf	Hydathodes	Mesophyll	False
scplantdb_CRA004848:CRX270108@@_TGATCTTAGATGCGAC-1	Fragaria vesca	leaf	Mesophyll	Mesophyll	True
scplantdb_CRA004848:CRX270108@@_TGCATCCCATAATCGC-1	Fragaria vesca	leaf	Unknow	Mesophyll	True
scplantdb_CRA004848:CRX270108@@_TGCGGGTGTACGGCAA-1	Fragaria vesca	leaf	Hydathodes	Mesophyll	False
scplantdb_CRA004848:CRX270108@@_TGCTTCGCAGCTGGTC-1	Fragaria vesca	leaf	Hydathodes	Mesophyll	False
scplantdb_CRA004848:CRX270108@@_TGGAGAGAGACCAAGC-1	Fragaria vesca	leaf	Mesophyll	Mesophyll	True
scplantdb_CRA004848:CRX270108@@_TGTAACGAGGCTCCCA-1	Fragaria vesca	leaf	Mesophyll	Mesophyll	True
scplantdb_CRA004848:CRX270108@@_TGTGTGATCTCAATCT-1	Fragaria vesca	leaf	Adaxial epidermis	Mesophyll	False
scplantdb_CRA004848:CRX270108@@_TGTTGAGGTCGTGCCA-1	Fragaria vesca	leaf	Unknow	Mesophyll	True
scplantdb_CRA004848:CRX270108@@_TTAGGCACATAGATGA-1	Fragaria vesca	leaf	Xylem parenchyma	Mesophyll	False
scplantdb_CRA004848:CRX270108@@_TTCAATCAGTGATGGC-1	Fragaria vesca	leaf	Mesophyll	Mesophyll	True
scplantdb_CRA004848:CRX270108@@_TTCAGGAAGCGAGTCA-1	Fragaria vesca	leaf	Hydathodes	Mesophyll	False
scplantdb_CRA004848:CRX270108@@_TTCATGTTCGCCGAGT-1	Fragaria vesca	leaf	Hydathodes	Mesophyll	False
scplantdb_CRA004848:CRX270108@@_TTCCAATGTAAGGTCG-1	Fragaria vesca	leaf	Abaxial epidermis	Mesophyll	False
scplantdb_CRA004848:CRX270108@@_TTCCGTGCATGTTTGG-1	Fragaria vesca	leaf	Hydathodes	Mesophyll	False
scplantdb_CRA004848:CRX270108@@_TTGACCCAGTCCCAAT-1	Fragaria vesca	leaf	Mesophyll	Mesophyll	True
scplantdb_CRA004848:CRX270108@@_TTGCTGCGTACCGTGC-1	Fragaria vesca	leaf	Mesophyll	Mesophyll	True
scplantdb_CRA004848:CRX270108@@_TTGTGGAAGGCTTAGG-1	Fragaria vesca	leaf	Mesophyll	Mesophyll	True
scplantdb_CRA004848:CRX270108@@_TTTCCTCAGTCGGCCT-1	Fragaria vesca	leaf	Abaxial epidermis	Mesophyll	False
scplantdb_CRA004848:CRX270107@@_AACCCAAGTTAGAGAT-1	Fragaria vesca	leaf	Mesophyll	Mesophyll	True
scplantdb_CRA004848:CRX270107@@_AAGACTCAGTGCAAAT-1	Fragaria vesca	leaf	Xylem parenchyma	Mesophyll	False
scplantdb_CRA004848:CRX270107@@_AAGCATCGTACGGATG-1	Fragaria vesca	leaf	Abaxial epidermis	Mesophyll	False
scplantdb_CRA004848:CRX270107@@_AAGGTAAAGTCGTTAC-1	Fragaria vesca	leaf	Mesophyll	Mesophyll	True
scplantdb_CRA004848:CRX270107@@_AAGTTCGGTGACACAG-1	Fragaria vesca	leaf	Mesophyll	Mesophyll	True
scplantdb_CRA004848:CRX270107@@_AATCGTGCAACAGCCC-1	Fragaria vesca	leaf	Adaxial epidermis	Mesophyll	False
scplantdb_CRA004848:CRX270107@@_ACAGGGAGTTGGGATG-1	Fragaria vesca	leaf	Mesophyll	Mesophyll	True
scplantdb_CRA004848:CRX270107@@_ACTTTGTAGCGTGAAC-1	Fragaria vesca	leaf	Mesophyll	Mesophyll	True
scplantdb_CRA004848:CRX270107@@_AGCGCCAAGAGGATCC-1	Fragaria vesca	leaf	Unknow	Mesophyll	True
scplantdb_CRA004848:CRX270107@@_AGGAAATTCTTTCTAG-1	Fragaria vesca	leaf	Mesophyll	Mesophyll	True
scplantdb_CRA004848:CRX270107@@_AGGTCTAGTGTCTAAC-1	Fragaria vesca	leaf	Xylem parenchyma	Mesophyll	False
scplantdb_CRA004848:CRX270107@@_AGGTTGTAGACCAACG-1	Fragaria vesca	leaf	Mesophyll	Mesophyll	True
scplantdb_CRA004848:CRX270107@@_AGGTTGTGTAGGAGTC-1	Fragaria vesca	leaf	Mesophyll	Mesophyll	True
scplantdb_CRA004848:CRX270107@@_AGGTTGTTCCCTTTGG-1	Fragaria vesca	leaf	Mesophyll	Mesophyll	True
scplantdb_CRA004848:CRX270107@@_AGTCACAGTATTGACC-1	Fragaria vesca	leaf	Mesophyll	Mesophyll	True
scplantdb_CRA004848:CRX270107@@_ATACCTTTCGCTAGCG-1	Fragaria vesca	leaf	Mesophyll	Mesophyll	True
scplantdb_CRA004848:CRX270107@@_ATGAGGGCAGAGCGTA-1	Fragaria vesca	leaf	Hydathodes	Mesophyll	False
scplantdb_CRA004848:CRX270107@@_CAATACGGTCGCACAC-1	Fragaria vesca	leaf	Mesophyll	Mesophyll	True
scplantdb_CRA004848:CRX270107@@_CAGCACGTCATCTATC-1	Fragaria vesca	leaf	Hydathodes	Mesophyll	False
scplantdb_CRA004848:CRX270107@@_CATACAGCACGGTAGA-1	Fragaria vesca	leaf	Adaxial epidermis	Mesophyll	False
scplantdb_CRA004848:CRX270107@@_CATGCAATCTCTGCTG-1	Fragaria vesca	leaf	Mesophyll	Mesophyll	True
scplantdb_CRA004848:CRX270107@@_CCACACTGTCTGTAGT-1	Fragaria vesca	leaf	Phloem	Mesophyll	True
scplantdb_CRA004848:CRX270107@@_CCACGTTGTCCCTGTT-1	Fragaria vesca	leaf	Mesophyll	Mesophyll	True
scplantdb_CRA004848:CRX270107@@_CCATAAGTCTCATGCC-1	Fragaria vesca	leaf	Mesophyll	Mesophyll	True
scplantdb_CRA004848:CRX270107@@_CCGCAAGTCGCACTCT-1	Fragaria vesca	leaf	Unknow	Mesophyll	True
scplantdb_CRA004848:CRX270107@@_CCTGCATCATAGCACT-1	Fragaria vesca	leaf	Mesophyll	Mesophyll	True
scplantdb_CRA004848:CRX270107@@_CCTTCAGTCAAACGAA-1	Fragaria vesca	leaf	Mesophyll	Mesophyll	True
scplantdb_CRA004848:CRX270107@@_CGAGTTAGTCTACACA-1	Fragaria vesca	leaf	Mesophyll	Mesophyll	True
scplantdb_CRA004848:CRX270107@@_CGCCATTAGCAGGGAG-1	Fragaria vesca	leaf	Mesophyll	Mesophyll	True
scplantdb_CRA004848:CRX270107@@_CGGAATTTCTGCATGA-1	Fragaria vesca	leaf	Mesophyll	Mesophyll	True
scplantdb_CRA004848:CRX270107@@_CGTCAAAGTCCCTGTT-1	Fragaria vesca	leaf	Hydathodes	Mesophyll	False
scplantdb_CRA004848:CRX270107@@_CGTCCATTCCGGCAAC-1	Fragaria vesca	leaf	Hydathodes	Mesophyll	False
scplantdb_CRA004848:CRX270107@@_CGTGATAGTGTCTTCC-1	Fragaria vesca	leaf	Mesophyll	Mesophyll	True
scplantdb_CRA004848:CRX270107@@_CTACCCAGTAGACGTG-1	Fragaria vesca	leaf	Xylem	Mesophyll	True
scplantdb_CRA004848:CRX270107@@_CTCAGAACAGAAGTGC-1	Fragaria vesca	leaf	Hydathodes	Mesophyll	False
scplantdb_CRA004848:CRX270107@@_CTCCATGAGAGAGCCT-1	Fragaria vesca	leaf	Hydathodes	Mesophyll	False
scplantdb_CRA004848:CRX270107@@_CTGAGGCAGATGAACT-1	Fragaria vesca	leaf	Mesophyll	Mesophyll	True
scplantdb_CRA004848:CRX270107@@_CTGAGGCCAGTAGAAT-1	Fragaria vesca	leaf	Mesophyll	Mesophyll	True
scplantdb_CRA004848:CRX270107@@_CTGAGGCGTCTGTAGT-1	Fragaria vesca	leaf	Hydathodes	Mesophyll	False
scplantdb_CRA004848:CRX270107@@_CTGCATCAGGCTCAAG-1	Fragaria vesca	leaf	Mesophyll	Mesophyll	True
scplantdb_CRA004848:CRX270107@@_CTGCGAGCACCCAACG-1	Fragaria vesca	leaf	Hydathodes	Mesophyll	False
scplantdb_CRA004848:CRX270107@@_CTGGACGTCCCTGGTT-1	Fragaria vesca	leaf	Hydathodes	Mesophyll	False
scplantdb_CRA004848:CRX270107@@_CTGTATTTCGATAACC-1	Fragaria vesca	leaf	Mesophyll	Mesophyll	True
scplantdb_CRA004848:CRX270107@@_CTGTGAATCCTTCACG-1	Fragaria vesca	leaf	Hydathodes	Mesophyll	False
scplantdb_CRA004848:CRX270107@@_CTTCAATGTGGAAGTC-1	Fragaria vesca	leaf	Unknow	Mesophyll	True
scplantdb_CRA004848:CRX270107@@_CTTCGGTAGGATACGC-1	Fragaria vesca	leaf	Hydathodes	Mesophyll	False
scplantdb_CRA004848:CRX270107@@_GAACTGTTCGACATAC-1	Fragaria vesca	leaf	Mesophyll	Mesophyll	True
scplantdb_CRA004848:CRX270107@@_GAAGCGATCTTTCCGG-1	Fragaria vesca	leaf	Mesophyll	Mesophyll	True
scplantdb_CRA004848:CRX270107@@_GAAGGGTCAGCTTTGA-1	Fragaria vesca	leaf	Hydathodes	Mesophyll	False
scplantdb_CRA004848:CRX270107@@_GAATCGTTCAAGTCTG-1	Fragaria vesca	leaf	Mesophyll	Mesophyll	True
scplantdb_CRA004848:CRX270107@@_GACGCTGGTAAGTTGA-1	Fragaria vesca	leaf	Mesophyll	Mesophyll	True
scplantdb_CRA004848:CRX270107@@_GAGCTGCAGACCTCCG-1	Fragaria vesca	leaf	Mesophyll	Mesophyll	True
scplantdb_CRA004848:CRX270107@@_GCAACATGTAGCGAGT-1	Fragaria vesca	leaf	Adaxial epidermis	Mesophyll	False
scplantdb_CRA004848:CRX270107@@_GCTTCACTCTTCGTAT-1	Fragaria vesca	leaf	Mesophyll	Mesophyll	True
scplantdb_CRA004848:CRX270107@@_GCTTTCGAGACCAAAT-1	Fragaria vesca	leaf	Mesophyll	Mesophyll	True
scplantdb_CRA004848:CRX270107@@_GGACGTCCAAAGACTA-1	Fragaria vesca	leaf	Mesophyll	Mesophyll	True
scplantdb_CRA004848:CRX270107@@_GGAGGTAGTGAATTAG-1	Fragaria vesca	leaf	Abaxial epidermis	Mesophyll	False
scplantdb_CRA004848:CRX270107@@_GGATCTAGTACGTACT-1	Fragaria vesca	leaf	Hydathodes	Mesophyll	False
scplantdb_CRA004848:CRX270107@@_GGCGTCAAGGTCACCC-1	Fragaria vesca	leaf	Mesophyll	Mesophyll	True
scplantdb_CRA004848:CRX270107@@_GGGCTACCACGGTGAA-1	Fragaria vesca	leaf	Unknow	Mesophyll	True
scplantdb_CRA004848:CRX270107@@_GGGTTATGTGCCCAGT-1	Fragaria vesca	leaf	Mesophyll	Mesophyll	True
scplantdb_CRA004848:CRX270107@@_GTAGCTATCGCTGTCT-1	Fragaria vesca	leaf	Hydathodes	Mesophyll	False
scplantdb_CRA004848:CRX270107@@_GTAGGTTTCGCTTAAG-1	Fragaria vesca	leaf	Hydathodes	Mesophyll	False
scplantdb_CRA004848:CRX270107@@_GTCTCACAGCACGTCC-1	Fragaria vesca	leaf	Hydathodes	Mesophyll	False
scplantdb_CRA004848:CRX270107@@_GTGAGCCAGGCCACTC-1	Fragaria vesca	leaf	Hydathodes	Mesophyll	False
scplantdb_CRA004848:CRX270107@@_GTGTTAGAGCTACAAA-1	Fragaria vesca	leaf	Mesophyll	Mesophyll	True
scplantdb_CRA004848:CRX270107@@_GTTACGAAGTCACAGG-1	Fragaria vesca	leaf	Hydathodes	Mesophyll	False
scplantdb_CRA004848:CRX270107@@_GTTAGTGGTATGGAAT-1	Fragaria vesca	leaf	Mesophyll	Mesophyll	True
scplantdb_CRA004848:CRX270107@@_GTTGAACCAATTGCGT-1	Fragaria vesca	leaf	Hydathodes	Mesophyll	False
scplantdb_CRA004848:CRX270107@@_GTTTACTTCGCCTCTA-1	Fragaria vesca	leaf	Mesophyll	Mesophyll	True
scplantdb_CRA004848:CRX270107@@_TAACGACAGATAGCAT-1	Fragaria vesca	leaf	Mesophyll	Mesophyll	True
scplantdb_CRA004848:CRX270107@@_TAGAGTCGTTCTTCAT-1	Fragaria vesca	leaf	Mesophyll	Mesophyll	True
scplantdb_CRA004848:CRX270107@@_TATATCCTCACACCCT-1	Fragaria vesca	leaf	Adaxial epidermis	Mesophyll	False
scplantdb_CRA004848:CRX270107@@_TATCTGTGTTAGGACG-1	Fragaria vesca	leaf	Mesophyll	Mesophyll	True
scplantdb_CRA004848:CRX270107@@_TATTCCAGTTCAAAGA-1	Fragaria vesca	leaf	Hydathodes	Mesophyll	False
scplantdb_CRA004848:CRX270107@@_TATTCCATCCCGAGTG-1	Fragaria vesca	leaf	Mesophyll	Mesophyll	True
scplantdb_CRA004848:CRX270107@@_TATTGGGCAGAACTCT-1	Fragaria vesca	leaf	Mesophyll	Mesophyll	True
scplantdb_CRA004848:CRX270107@@_TCCGAAACATTGGGAG-1	Fragaria vesca	leaf	Hydathodes	Mesophyll	False
scplantdb_CRA004848:CRX270107@@_TCCGGGAGTGCACAAG-1	Fragaria vesca	leaf	Mesophyll	Mesophyll	True
scplantdb_CRA004848:CRX270107@@_TCGCTCAAGCGATGCA-1	Fragaria vesca	leaf	Mesophyll	Mesophyll	True
scplantdb_CRA004848:CRX270107@@_TCTATCAAGCTGACTT-1	Fragaria vesca	leaf	Mesophyll	Mesophyll	True
scplantdb_CRA004848:CRX270107@@_TCTATCACATAATGCC-1	Fragaria vesca	leaf	Adaxial epidermis	Mesophyll	False
scplantdb_CRA004848:CRX270107@@_TCTGTCGCATACCACA-1	Fragaria vesca	leaf	Hydathodes	Mesophyll	False
scplantdb_CRA004848:CRX270107@@_TCTTCCTCAGTTAGAA-1	Fragaria vesca	leaf	Mesophyll	Mesophyll	True
scplantdb_CRA004848:CRX270107@@_TGAACGTCAGCCGTCA-1	Fragaria vesca	leaf	Abaxial epidermis	Mesophyll	False
scplantdb_CRA004848:CRX270107@@_TGGGAGAGTTACGTAC-1	Fragaria vesca	leaf	Unknow	Mesophyll	True
scplantdb_CRA004848:CRX270107@@_TGTACAGAGACGACTG-1	Fragaria vesca	leaf	Unknow	Mesophyll	True
scplantdb_CRA004848:CRX270107@@_TGTTGGACAAGACGGT-1	Fragaria vesca	leaf	Mesophyll	Mesophyll	True
scplantdb_CRA004848:CRX270107@@_TTACGCCAGGCCACTC-1	Fragaria vesca	leaf	Unknow	Mesophyll	True
scplantdb_CRA004848:CRX270107@@_TTCCGGTCAGCTAACT-1	Fragaria vesca	leaf	Mesophyll	Mesophyll	True
scplantdb_CRA004848:CRX270107@@_TTGCGTCTCAAGCCTA-1	Fragaria vesca	leaf	Unknow	Mesophyll	True
scplantdb_CRA004848:CRX270107@@_TTGGATGTCGATTCCC-1	Fragaria vesca	leaf	Mesophyll	Mesophyll	True
scplantdb_CRA004848:CRX270107@@_TTGGGTATCGATCCCT-1	Fragaria vesca	leaf	Unknow	Mesophyll	True
scplantdb_CRA004848:CRX270107@@_TTTGACTCACCCAACG-1	Fragaria vesca	leaf	Mesophyll	Mesophyll	True
scplantdb_CRA004848:CRX270107@@_TTTGTTGAGGCTCTCG-1	Fragaria vesca	leaf	Hydathodes	Mesophyll	False
scplantdb_CRA006988:CRX443755@@_AACACGTGTACAGTTC-1	Brassica rapa	leaf	Unknow	Mesophyll	True
scplantdb_CRA006988:CRX443755@@_AACTCAGCATACGCCG-1	Brassica rapa	leaf	Unknow	Mesophyll	True
scplantdb_CRA006988:CRX443755@@_AAGCCGCTCCGCGCAA-1	Brassica rapa	leaf	Vascular tissue	Mesophyll	True
scplantdb_CRA006988:CRX443755@@_AAGGTTCGTTGATTGC-1	Brassica rapa	leaf	Unknow	Mesophyll	True
scplantdb_CRA006988:CRX443755@@_ACATCAGAGGTGTTAA-1	Brassica rapa	leaf	Unknow	Mesophyll	True
scplantdb_CRA006988:CRX443755@@_ACATCAGGTAAGAGGA-1	Brassica rapa	leaf	Mesophyll	Mesophyll	True
scplantdb_CRA006988:CRX443755@@_ACCGTAAAGCCGGTAA-1	Brassica rapa	leaf	Mesophyll	Mesophyll	True
scplantdb_CRA006988:CRX443755@@_ACCGTAAGTTCGGCAC-1	Brassica rapa	leaf	Mesophyll	Mesophyll	True
scplantdb_CRA006988:CRX443755@@_ACCTTTATCTTGAGGT-1	Brassica rapa	leaf	Mesophyll	Mesophyll	True
scplantdb_CRA006988:CRX443755@@_ACGAGCCGTCTAAACC-1	Brassica rapa	leaf	Unknow	Mesophyll	True
scplantdb_CRA006988:CRX443755@@_ACGAGGAAGTACGTAA-1	Brassica rapa	leaf	Unknow	Mesophyll	True
scplantdb_CRA006988:CRX443755@@_ACGATGTCAAGCGCTC-1	Brassica rapa	leaf	Leaf epidermis	Mesophyll	True
scplantdb_CRA006988:CRX443755@@_ACGGCCATCCTGTAGA-1	Brassica rapa	leaf	Leaf epidermis	Mesophyll	True
scplantdb_CRA006988:CRX443755@@_ACGGGCTGTTAGTGGG-1	Brassica rapa	leaf	Leaf epidermis	Mesophyll	True
scplantdb_CRA006988:CRX443755@@_ACTGTCCGTAACGTTC-1	Brassica rapa	leaf	Mesophyll	Mesophyll	True
scplantdb_CRA006988:CRX443755@@_ACTTACTAGTGGGATC-1	Brassica rapa	leaf	Unknow	Mesophyll	True
scplantdb_CRA006988:CRX443755@@_ACTTTCAAGATCTGCT-1	Brassica rapa	leaf	Unknow	Mesophyll	True
scplantdb_CRA006988:CRX443755@@_AGAATAGCATGCTAGT-1	Brassica rapa	leaf	Unknow	Mesophyll	True
scplantdb_CRA006988:CRX443755@@_AGATTGCCACTAGTAC-1	Brassica rapa	leaf	Mesophyll	Mesophyll	True
scplantdb_CRA006988:CRX443755@@_AGCCTAAGTCTGCAAT-1	Brassica rapa	leaf	Unknow	Mesophyll	True
scplantdb_CRA006988:CRX443755@@_AGCGGTCCACAACGCC-1	Brassica rapa	leaf	Unknow	Mesophyll	True
scplantdb_CRA006988:CRX443755@@_AGCGTATAGCTGCAAG-1	Brassica rapa	leaf	Mesophyll	Mesophyll	True
scplantdb_CRA006988:CRX443755@@_AGCGTATGTACCATCA-1	Brassica rapa	leaf	Leaf epidermis	Mesophyll	True
scplantdb_CRA006988:CRX443755@@_AGCGTATTCTACTCAT-1	Brassica rapa	leaf	Unknow	Mesophyll	True
scplantdb_CRA006988:CRX443755@@_CAAGGCCAGGAGTCTG-1	Brassica rapa	leaf	Leaf epidermis	Mesophyll	True
scplantdb_CRA006988:CRX443755@@_CACATAGCATTACCTT-1	Brassica rapa	leaf	Bundle sheath	Mesophyll	False
scplantdb_CRA006988:CRX443755@@_CACATTTGTTACGTCA-1	Brassica rapa	leaf	Mesophyll	Mesophyll	True
scplantdb_CRA006988:CRX443755@@_CACTCCATCTGTCAAG-1	Brassica rapa	leaf	Leaf epidermis	Mesophyll	True
scplantdb_CRA006988:CRX443755@@_CAGAATCGTCATCGGC-1	Brassica rapa	leaf	Unknow	Mesophyll	True
scplantdb_CRA006988:CRX443755@@_CAGTCCTCAGGAACGT-1	Brassica rapa	leaf	Unknow	Mesophyll	True
scplantdb_CRA006988:CRX443755@@_CATCGGGAGATGAGAG-1	Brassica rapa	leaf	Leaf epidermis	Mesophyll	True
scplantdb_CRA006988:CRX443755@@_CCCAATCCAAGCCGCT-1	Brassica rapa	leaf	Leaf epidermis	Mesophyll	True
scplantdb_CRA006988:CRX443755@@_CCCAGTTCAATCTACG-1	Brassica rapa	leaf	Unknow	Mesophyll	True
scplantdb_CRA006988:CRX443755@@_CCGGGATAGATGTGGC-1	Brassica rapa	leaf	Leaf epidermis	Mesophyll	True
scplantdb_CRA006988:CRX443755@@_CCGGTAGAGAAGAAGC-1	Brassica rapa	leaf	Unknow	Mesophyll	True
scplantdb_CRA006988:CRX443755@@_CCTCAGTCATCTCCCA-1	Brassica rapa	leaf	Mesophyll	Mesophyll	True
scplantdb_CRA006988:CRX443755@@_CCTTACGGTTGGACCC-1	Brassica rapa	leaf	Mesophyll	Mesophyll	True
scplantdb_CRA006988:CRX443755@@_CGAACATAGTCCAGGA-1	Brassica rapa	leaf	Unknow	Mesophyll	True
scplantdb_CRA006988:CRX443755@@_CGACCTTAGAAGAAGC-1	Brassica rapa	leaf	Bundle sheath	Mesophyll	False
scplantdb_CRA006988:CRX443755@@_CGATGTATCAGTTAGC-1	Brassica rapa	leaf	Unknow	Mesophyll	True
scplantdb_CRA006988:CRX443755@@_CGGACACGTAGGACAC-1	Brassica rapa	leaf	Unknow	Mesophyll	True
scplantdb_CRA006988:CRX443755@@_CGGACGTTCGTAGGTT-1	Brassica rapa	leaf	Unknow	Mesophyll	True
scplantdb_CRA006988:CRX443755@@_CGGACTGAGCTGATAA-1	Brassica rapa	leaf	Unknow	Mesophyll	True
scplantdb_CRA006988:CRX443755@@_CGGACTGCAAACTGTC-1	Brassica rapa	leaf	Vascular tissue	Mesophyll	True
scplantdb_CRA006988:CRX443755@@_CGTGTCTGTAGCTTGT-1	Brassica rapa	leaf	Meristematic cell	Mesophyll	True
scplantdb_CRA006988:CRX443755@@_CTAATGGGTTAAAGAC-1	Brassica rapa	leaf	Unknow	Mesophyll	True
scplantdb_CRA006988:CRX443755@@_CTACACCAGCATCATC-1	Brassica rapa	leaf	Unknow	Mesophyll	True
scplantdb_CRA006988:CRX443755@@_CTAGTGATCACCAGGC-1	Brassica rapa	leaf	Unknow	Mesophyll	True
scplantdb_CRA006988:CRX443755@@_CTCGAAAAGAGTAATC-1	Brassica rapa	leaf	Unknow	Mesophyll	True
scplantdb_CRA006988:CRX443755@@_CTCGGAGCAATAAGCA-1	Brassica rapa	leaf	Leaf epidermis	Mesophyll	True
scplantdb_CRA006988:CRX443755@@_CTCTGGTCACCCAGTG-1	Brassica rapa	leaf	Mesophyll	Mesophyll	True
scplantdb_CRA006988:CRX443755@@_CTGAAACTCTCCTATA-1	Brassica rapa	leaf	Unknow	Mesophyll	True
scplantdb_CRA006988:CRX443755@@_CTGTGCTAGCGTGAAC-1	Brassica rapa	leaf	Bundle sheath	Mesophyll	False
scplantdb_CRA006988:CRX443755@@_CTGTTTATCTGTGCAA-1	Brassica rapa	leaf	Unknow	Mesophyll	True
scplantdb_CRA006988:CRX443755@@_CTTCTCTCACCGATAT-1	Brassica rapa	leaf	Leaf epidermis	Mesophyll	True
scplantdb_CRA006988:CRX443755@@_CTTGGCTGTTTGTTGG-1	Brassica rapa	leaf	Meristematic cell	Mesophyll	True
scplantdb_CRA006988:CRX443755@@_GAACATCCAATAGCGG-1	Brassica rapa	leaf	Unknow	Mesophyll	True
scplantdb_CRA006988:CRX443755@@_GAACCTAGTTACGACT-1	Brassica rapa	leaf	Unknow	Mesophyll	True
scplantdb_CRA006988:CRX443755@@_GAATAAGTCCCTCAGT-1	Brassica rapa	leaf	Mesophyll	Mesophyll	True
scplantdb_CRA006988:CRX443755@@_GAATGAACATAAGACA-1	Brassica rapa	leaf	Unknow	Mesophyll	True
scplantdb_CRA006988:CRX443755@@_GACACGCTCCGTTGCT-1	Brassica rapa	leaf	Leaf epidermis	Mesophyll	True
scplantdb_CRA006988:CRX443755@@_GACGGCTTCAAGAAGT-1	Brassica rapa	leaf	Unknow	Mesophyll	True
scplantdb_CRA006988:CRX443755@@_GACTGCGCATTTCAGG-1	Brassica rapa	leaf	Leaf epidermis	Mesophyll	True
scplantdb_CRA006988:CRX443755@@_GATCGATAGGGTCGAT-1	Brassica rapa	leaf	Unknow	Mesophyll	True
scplantdb_CRA006988:CRX443755@@_GATCGATCATGTCTCC-1	Brassica rapa	leaf	Leaf epidermis	Mesophyll	True
scplantdb_CRA006988:CRX443755@@_GATCGATGTAGCAAAT-1	Brassica rapa	leaf	Leaf epidermis	Mesophyll	True
scplantdb_CRA006988:CRX443755@@_GCGCCAACACGCGAAA-1	Brassica rapa	leaf	Unknow	Mesophyll	True
scplantdb_CRA006988:CRX443755@@_GCGCCAAGTGCGCTTG-1	Brassica rapa	leaf	Unknow	Mesophyll	True
scplantdb_CRA006988:CRX443755@@_GCTGCAGAGTGAACGC-1	Brassica rapa	leaf	Unknow	Mesophyll	True
scplantdb_CRA006988:CRX443755@@_GCTGCGATCCCTAACC-1	Brassica rapa	leaf	Unknow	Mesophyll	True
scplantdb_CRA006988:CRX443755@@_GCTGGGTCACCGGAAA-1	Brassica rapa	leaf	Unknow	Mesophyll	True
scplantdb_CRA006988:CRX443755@@_GGACAGACATCCTTGC-1	Brassica rapa	leaf	Unknow	Mesophyll	True
scplantdb_CRA006988:CRX443755@@_GGACATTCACTTACGA-1	Brassica rapa	leaf	Unknow	Mesophyll	True
scplantdb_CRA006988:CRX443755@@_GGAGCAACAGACGCAA-1	Brassica rapa	leaf	Leaf epidermis	Mesophyll	True
scplantdb_CRA006988:CRX443755@@_GGATGTTAGAAACCTA-1	Brassica rapa	leaf	Unknow	Mesophyll	True
scplantdb_CRA006988:CRX443755@@_GGATGTTAGCTCTCGG-1	Brassica rapa	leaf	Unknow	Mesophyll	True
scplantdb_CRA006988:CRX443755@@_GGATTACCAGCTGCTG-1	Brassica rapa	leaf	Unknow	Mesophyll	True
scplantdb_CRA006988:CRX443755@@_GGCGACTGTCTAGTCA-1	Brassica rapa	leaf	Mesophyll	Mesophyll	True
scplantdb_CRA006988:CRX443755@@_GGCTGGTAGGCTCTTA-1	Brassica rapa	leaf	Unknow	Mesophyll	True
scplantdb_CRA006988:CRX443755@@_GGGAGATAGAGAGCTC-1	Brassica rapa	leaf	Mesophyll	Mesophyll	True
scplantdb_CRA006988:CRX443755@@_GGGTCTGAGACAAGCC-1	Brassica rapa	leaf	Unknow	Mesophyll	True
scplantdb_CRA006988:CRX443755@@_GGGTTGCAGAGTAATC-1	Brassica rapa	leaf	Mesophyll	Mesophyll	True
scplantdb_CRA006988:CRX443755@@_GGGTTGCCATACTCTT-1	Brassica rapa	leaf	Unknow	Mesophyll	True
scplantdb_CRA006988:CRX443755@@_GGTGTTACACAGGAGT-1	Brassica rapa	leaf	Unknow	Mesophyll	True
scplantdb_CRA006988:CRX443755@@_GTACGTAAGCGCTTAT-1	Brassica rapa	leaf	Mesophyll	Mesophyll	True
scplantdb_CRA006988:CRX443755@@_GTACGTACATCACGTA-1	Brassica rapa	leaf	Leaf epidermis	Mesophyll	True
scplantdb_CRA006988:CRX443755@@_GTCACGGCACGGCCAT-1	Brassica rapa	leaf	Bundle sheath	Mesophyll	False
scplantdb_CRA006988:CRX443755@@_GTCGGGTCACGAGGTA-1	Brassica rapa	leaf	Mesophyll	Mesophyll	True
scplantdb_CRA006988:CRX443755@@_GTGGGTCTCTGAGTGT-1	Brassica rapa	leaf	Unknow	Mesophyll	True
scplantdb_CRA006988:CRX443755@@_GTTCTCGCACCTTGTC-1	Brassica rapa	leaf	Unknow	Mesophyll	True
scplantdb_CRA006988:CRX443755@@_TACCTTATCGGTTCGG-1	Brassica rapa	leaf	Bundle sheath	Mesophyll	False
scplantdb_CRA006988:CRX443755@@_TACGGATCAATGTAAG-1	Brassica rapa	leaf	Bundle sheath	Mesophyll	False
scplantdb_CRA006988:CRX443755@@_TACGGATTCGAGAGCA-1	Brassica rapa	leaf	Unknow	Mesophyll	True
scplantdb_CRA006988:CRX443755@@_TACTCGCTCAGCTGGC-1	Brassica rapa	leaf	Mesophyll	Mesophyll	True
scplantdb_CRA006988:CRX443755@@_TACTTGTTCGGAAACG-1	Brassica rapa	leaf	Leaf epidermis	Mesophyll	True
scplantdb_CRA006988:CRX443755@@_TCAACGATCTAGAGTC-1	Brassica rapa	leaf	Unknow	Mesophyll	True
scplantdb_CRA006988:CRX443755@@_TCACAAGGTTCCACTC-1	Brassica rapa	leaf	Leaf epidermis	Mesophyll	True
scplantdb_CRA006988:CRX443755@@_TCAGATGAGCCTATGT-1	Brassica rapa	leaf	Unknow	Mesophyll	True
scplantdb_CRA006988:CRX443755@@_TCAGGTATCCTAGTGA-1	Brassica rapa	leaf	Unknow	Mesophyll	True
scplantdb_CRA006988:CRX443755@@_TCCACACAGTTTGCGT-1	Brassica rapa	leaf	Unknow	Mesophyll	True
scplantdb_CRA006988:CRX443755@@_TCCACACTCTGGAGCC-1	Brassica rapa	leaf	Leaf epidermis	Mesophyll	True
scplantdb_CRA006988:CRX443755@@_TCGGGACAGATGGGTC-1	Brassica rapa	leaf	Mesophyll	Mesophyll	True
scplantdb_CRA006988:CRX443755@@_TCTGGAAAGCCGGTAA-1	Brassica rapa	leaf	Unknow	Mesophyll	True
scplantdb_CRA006988:CRX443755@@_TGAGAGGAGCCTATGT-1	Brassica rapa	leaf	Unknow	Mesophyll	True
scplantdb_CRA006988:CRX443755@@_TGCGCAGAGTGATCGG-1	Brassica rapa	leaf	Mesophyll	Mesophyll	True
scplantdb_CRA006988:CRX443755@@_TGGGCGTTCTCTAAGG-1	Brassica rapa	leaf	Unknow	Mesophyll	True
scplantdb_CRA006988:CRX443755@@_TGGTTAGCAGTCGTGC-1	Brassica rapa	leaf	Unknow	Mesophyll	True
scplantdb_CRA006988:CRX443755@@_TGTATTCGTGCCTTGG-1	Brassica rapa	leaf	Mesophyll	Mesophyll	True
scplantdb_CRA006988:CRX443755@@_TGTTCCGCAGCTTCGG-1	Brassica rapa	leaf	Meristematic cell	Mesophyll	True
scplantdb_CRA006988:CRX443755@@_TGTTCCGTCCTTTCTC-1	Brassica rapa	leaf	Leaf epidermis	Mesophyll	True
scplantdb_CRA006988:CRX443755@@_TTCGGTCTCGCCAGCA-1	Brassica rapa	leaf	Unknow	Mesophyll	True
scplantdb_CRA006988:CRX443755@@_TTGCGTCCATTGTGCA-1	Brassica rapa	leaf	Leaf epidermis	Mesophyll	True
scplantdb_CRA006988:CRX443756@@_AAAGGATGTCGTTGCG-1	Brassica rapa	leaf	Unknow	Mesophyll	True
scplantdb_CRA006988:CRX443756@@_AAAGTGAAGGTGCTGA-1	Brassica rapa	leaf	Mesophyll	Mesophyll	True
scplantdb_CRA006988:CRX443756@@_AACAGGGGTGAATTAG-1	Brassica rapa	leaf	Unknow	Mesophyll	True
scplantdb_CRA006988:CRX443756@@_AAGGTAAGTTAGGAGC-1	Brassica rapa	leaf	Vascular tissue	Mesophyll	True
scplantdb_CRA006988:CRX443756@@_AATGACCTCCCAGGAC-1	Brassica rapa	leaf	Meristematic cell	Mesophyll	True
scplantdb_CRA006988:CRX443756@@_ACATCGACATACTGAC-1	Brassica rapa	leaf	Unknow	Mesophyll	True
scplantdb_CRA006988:CRX443756@@_ACATTTCCACCTGATA-1	Brassica rapa	leaf	Mesophyll	Mesophyll	True
scplantdb_CRA006988:CRX443756@@_ACTCTCGTCTGGACTA-1	Brassica rapa	leaf	Meristematic cell	Mesophyll	True
scplantdb_CRA006988:CRX443756@@_ACTGCAACATGGATCT-1	Brassica rapa	leaf	Unknow	Mesophyll	True
scplantdb_CRA006988:CRX443756@@_ACTTATCCACGGGTAA-1	Brassica rapa	leaf	Bundle sheath	Mesophyll	False
scplantdb_CRA006988:CRX443756@@_AGAGCCCTCCGATAGT-1	Brassica rapa	leaf	Meristematic cell	Mesophyll	True
scplantdb_CRA006988:CRX443756@@_AGCTACACACCTGAAT-1	Brassica rapa	leaf	Vascular tissue	Mesophyll	True
scplantdb_CRA006988:CRX443756@@_AGGACTTCATTGGATC-1	Brassica rapa	leaf	Leaf epidermis	Mesophyll	True
scplantdb_CRA006988:CRX443756@@_AGGCCACGTTCCTACC-1	Brassica rapa	leaf	Unknow	Mesophyll	True
scplantdb_CRA006988:CRX443756@@_ATCGATGTCCATCCGT-1	Brassica rapa	leaf	Phloem	Mesophyll	True
scplantdb_CRA006988:CRX443756@@_ATCGCCTTCTTCCCGA-1	Brassica rapa	leaf	Unknow	Mesophyll	True
scplantdb_CRA006988:CRX443756@@_ATCTCTATCTACGCGG-1	Brassica rapa	leaf	Vascular tissue	Mesophyll	True
scplantdb_CRA006988:CRX443756@@_ATGCGATCAGGCCCTA-1	Brassica rapa	leaf	Mesophyll	Mesophyll	True
scplantdb_CRA006988:CRX443756@@_ATTTCTGCAAGTCCAT-1	Brassica rapa	leaf	Unknow	Mesophyll	True
scplantdb_CRA006988:CRX443756@@_CAAGACTAGTACTGGG-1	Brassica rapa	leaf	Mesophyll	Mesophyll	True
scplantdb_CRA006988:CRX443756@@_CAGCCAGTCGTGGTAT-1	Brassica rapa	leaf	Mesophyll	Mesophyll	True
scplantdb_CRA006988:CRX443756@@_CCCTAACCAGAAGTTA-1	Brassica rapa	leaf	Mesophyll	Mesophyll	True
scplantdb_CRA006988:CRX443756@@_CCCTCTCGTCGTTGCG-1	Brassica rapa	leaf	Leaf epidermis	Mesophyll	True
scplantdb_CRA006988:CRX443756@@_CCTAAGAGTTTCCAAG-1	Brassica rapa	leaf	Vascular tissue	Mesophyll	True
scplantdb_CRA006988:CRX443756@@_CCTCTAGCATGAAGGC-1	Brassica rapa	leaf	Mesophyll	Mesophyll	True
scplantdb_CRA006988:CRX443756@@_CTATCTAGTCTTGAGT-1	Brassica rapa	leaf	Unknow	Mesophyll	True
scplantdb_CRA006988:CRX443756@@_CTCACTGTCCGTCACT-1	Brassica rapa	leaf	Vascular tissue	Mesophyll	True
scplantdb_CRA006988:CRX443756@@_CTCCACAGTTGTCAGT-1	Brassica rapa	leaf	Vascular tissue	Mesophyll	True
scplantdb_CRA006988:CRX443756@@_CTCCCAAAGGAAAGTG-1	Brassica rapa	leaf	Unknow	Mesophyll	True
scplantdb_CRA006988:CRX443756@@_CTCCGATAGTTGCATC-1	Brassica rapa	leaf	Mesophyll	Mesophyll	True
scplantdb_CRA006988:CRX443756@@_CTCCTCCCAAGAATGT-1	Brassica rapa	leaf	Vascular tissue	Mesophyll	True
scplantdb_CRA006988:CRX443756@@_CTGCATCTCGGTAGAG-1	Brassica rapa	leaf	Meristematic cell	Mesophyll	True
scplantdb_CRA006988:CRX443756@@_CTGGACGGTCATCCGG-1	Brassica rapa	leaf	Leaf guard cell	Mesophyll	True
scplantdb_CRA006988:CRX443756@@_CTGGTCTGTCCAAATC-1	Brassica rapa	leaf	Mesophyll	Mesophyll	True
scplantdb_CRA006988:CRX443756@@_CTGTGAACAGCTGTTA-1	Brassica rapa	leaf	Unknow	Mesophyll	True
scplantdb_CRA006988:CRX443756@@_CTGTGAATCGGCTTCT-1	Brassica rapa	leaf	Unknow	Mesophyll	True
scplantdb_CRA006988:CRX443756@@_GACCTTCGTTCTGACA-1	Brassica rapa	leaf	Unknow	Mesophyll	True
scplantdb_CRA006988:CRX443756@@_GACGTTAGTGTACATC-1	Brassica rapa	leaf	Vascular tissue	Mesophyll	True
scplantdb_CRA006988:CRX443756@@_GAGTGAGCAATGGGTG-1	Brassica rapa	leaf	Mesophyll	Mesophyll	True
scplantdb_CRA006988:CRX443756@@_GATTCGATCAGGAAAT-1	Brassica rapa	leaf	Unknow	Mesophyll	True
scplantdb_CRA006988:CRX443756@@_GCCGTGAGTATGCAAA-1	Brassica rapa	leaf	Leaf epidermis	Mesophyll	True
scplantdb_CRA006988:CRX443756@@_GGCACGTTCACACGAT-1	Brassica rapa	leaf	Unknow	Mesophyll	True
scplantdb_CRA006988:CRX443756@@_GGGCGTTAGATTTGCC-1	Brassica rapa	leaf	Mesophyll	Mesophyll	True
scplantdb_CRA006988:CRX443756@@_GGGTCTGGTGGTTCTA-1	Brassica rapa	leaf	Mesophyll	Mesophyll	True
scplantdb_CRA006988:CRX443756@@_GGGTTTAGTCTCGGGT-1	Brassica rapa	leaf	Leaf epidermis	Mesophyll	True
scplantdb_CRA006988:CRX443756@@_GTGCGTGGTCGTGGTC-1	Brassica rapa	leaf	Mesophyll	Mesophyll	True
scplantdb_CRA006988:CRX443756@@_TAAGCACCAAAGTGTA-1	Brassica rapa	leaf	Meristematic cell	Mesophyll	True
scplantdb_CRA006988:CRX443756@@_TAGACTGAGGCATTTC-1	Brassica rapa	leaf	Meristematic cell	Mesophyll	True
scplantdb_CRA006988:CRX443756@@_TATCAGGAGGTCATAA-1	Brassica rapa	leaf	Bundle sheath	Mesophyll	False
scplantdb_CRA006988:CRX443756@@_TATTGCTCACTGGAAG-1	Brassica rapa	leaf	Leaf epidermis	Mesophyll	True
scplantdb_CRA006988:CRX443756@@_TCAAGACAGATAGGGA-1	Brassica rapa	leaf	Vascular tissue	Mesophyll	True
scplantdb_CRA006988:CRX443756@@_TCAGTCCTCATCGTAG-1	Brassica rapa	leaf	Unknow	Mesophyll	True
scplantdb_CRA006988:CRX443756@@_TCGCTCATCTACACAG-1	Brassica rapa	leaf	Unknow	Mesophyll	True
scplantdb_CRA006988:CRX443756@@_TCTCACGTCGAAATCC-1	Brassica rapa	leaf	Leaf epidermis	Mesophyll	True
scplantdb_CRA006988:CRX443756@@_TCTCCGAGTGTTGACT-1	Brassica rapa	leaf	Unknow	Mesophyll	True
scplantdb_CRA006988:CRX443756@@_TGCAGGCCATGGCCAC-1	Brassica rapa	leaf	Meristematic cell	Mesophyll	True
scplantdb_CRA006988:CRX443756@@_TGGAGAGCAATTTCGG-1	Brassica rapa	leaf	Bundle sheath	Mesophyll	False
scplantdb_CRA006988:CRX443756@@_TGGGAGACATGGAATA-1	Brassica rapa	leaf	Unknow	Mesophyll	True
scplantdb_CRA006988:CRX443756@@_TGGGATTGTCGGCTAC-1	Brassica rapa	leaf	Leaf epidermis	Mesophyll	True
scplantdb_CRA006988:CRX443756@@_TGGTGATCAGGCCCTA-1	Brassica rapa	leaf	Unknow	Mesophyll	True
scplantdb_CRA006988:CRX443756@@_TTAGGGTCAACCGACC-1	Brassica rapa	leaf	Leaf epidermis	Mesophyll	True
scplantdb_CRA006988:CRX443756@@_TTCAATCAGCTTCGTA-1	Brassica rapa	leaf	Leaf epidermis	Mesophyll	True
scplantdb_CRA006988:CRX443756@@_TTCACGCCACGGTGAA-1	Brassica rapa	leaf	Meristematic cell	Mesophyll	True
scplantdb_CRA006988:CRX443756@@_TTCCGGTCAGTGCGCT-1	Brassica rapa	leaf	Unknow	Mesophyll	True
scplantdb_CRA006988:CRX443756@@_TTCCTCTGTCCAGGTC-1	Brassica rapa	leaf	Leaf epidermis	Mesophyll	True
scplantdb_CRA006988:CRX443756@@_TTGTTCATCGAACTCA-1	Brassica rapa	leaf	Leaf epidermis	Mesophyll	True
scplantdb_CRA006988:CRX443756@@_TTTACCATCCGTAGGC-1	Brassica rapa	leaf	Unknow	Mesophyll	True
scplantdb_CRA006988:CRX443756@@_TTTGGAGGTCCCTCAT-1	Brassica rapa	leaf	Meristematic cell	Mesophyll	True
scplantdb_CRA006988:CRX443757@@_AACAACCGTAAGTAGT-1	Brassica rapa	leaf	Mesophyll	Mesophyll	True
scplantdb_CRA006988:CRX443757@@_AACAAGAGTCTACATG-1	Brassica rapa	leaf	Unknow	Mesophyll	True
scplantdb_CRA006988:CRX443757@@_AACCCAATCCATAGAC-1	Brassica rapa	leaf	Leaf epidermis	Mesophyll	True
scplantdb_CRA006988:CRX443757@@_ACAGCCGCACAAAGCG-1	Brassica rapa	leaf	Unknow	Mesophyll	True
scplantdb_CRA006988:CRX443757@@_ACAGGGAAGTGATTCC-1	Brassica rapa	leaf	Bundle sheath	Mesophyll	False
scplantdb_CRA006988:CRX443757@@_ACTGATGCAGGGTCTC-1	Brassica rapa	leaf	Unknow	Mesophyll	True
scplantdb_CRA006988:CRX443757@@_ACTGCAATCTCGGTAA-1	Brassica rapa	leaf	Vascular tissue	Mesophyll	True
scplantdb_CRA006988:CRX443757@@_AGAGCAGTCAATCAGC-1	Brassica rapa	leaf	Leaf epidermis	Mesophyll	True
scplantdb_CRA006988:CRX443757@@_AGGAAATCATAGGTAA-1	Brassica rapa	leaf	Unknow	Mesophyll	True
scplantdb_CRA006988:CRX443757@@_AGGAAATTCATGCTAG-1	Brassica rapa	leaf	Unknow	Mesophyll	True
scplantdb_CRA006988:CRX443757@@_AGGCTGCCATCCGTTC-1	Brassica rapa	leaf	Bundle sheath	Mesophyll	False
scplantdb_CRA006988:CRX443757@@_AGGGCTCGTTGATCGT-1	Brassica rapa	leaf	Bundle sheath	Mesophyll	False
scplantdb_CRA006988:CRX443757@@_AGTGACTCAAGCTGTT-1	Brassica rapa	leaf	Leaf epidermis	Mesophyll	True
scplantdb_CRA006988:CRX443757@@_AGTGATCTCCTCTCGA-1	Brassica rapa	leaf	Leaf epidermis	Mesophyll	True
scplantdb_CRA006988:CRX443757@@_AGTTCCCCATGATGCT-1	Brassica rapa	leaf	Meristematic cell	Mesophyll	True
scplantdb_CRA006988:CRX443757@@_ATACTTCAGCCATATC-1	Brassica rapa	leaf	Unknow	Mesophyll	True
scplantdb_CRA006988:CRX443757@@_ATTCAGGGTTCTCCCA-1	Brassica rapa	leaf	Mesophyll	Mesophyll	True
scplantdb_CRA006988:CRX443757@@_ATTCAGGTCATTTACC-1	Brassica rapa	leaf	Leaf epidermis	Mesophyll	True
scplantdb_CRA006988:CRX443757@@_ATTCCCGTCCTCTCGA-1	Brassica rapa	leaf	Leaf epidermis	Mesophyll	True
scplantdb_CRA006988:CRX443757@@_ATTCGTTTCTGTCTCG-1	Brassica rapa	leaf	Mesophyll	Mesophyll	True
scplantdb_CRA006988:CRX443757@@_CAACGATAGTAACCGG-1	Brassica rapa	leaf	Meristematic cell	Mesophyll	True
scplantdb_CRA006988:CRX443757@@_CAGAGCCTCAGTGTTG-1	Brassica rapa	leaf	Meristematic cell	Mesophyll	True
scplantdb_CRA006988:CRX443757@@_CAGCAATAGGCTATCT-1	Brassica rapa	leaf	Unknow	Mesophyll	True
scplantdb_CRA006988:CRX443757@@_CAGCAATGTACACGTT-1	Brassica rapa	leaf	Unknow	Mesophyll	True
scplantdb_CRA006988:CRX443757@@_CAGCACGCAAATGGTA-1	Brassica rapa	leaf	Unknow	Mesophyll	True
scplantdb_CRA006988:CRX443757@@_CATGCTCCACTAGTAC-1	Brassica rapa	leaf	Leaf epidermis	Mesophyll	True
scplantdb_CRA006988:CRX443757@@_CATGGATAGAGCAACC-1	Brassica rapa	leaf	Unknow	Mesophyll	True
scplantdb_CRA006988:CRX443757@@_CATTGCCGTTGTCCCT-1	Brassica rapa	leaf	Unknow	Mesophyll	True
scplantdb_CRA006988:CRX443757@@_CATTGTTGTCCGGTGT-1	Brassica rapa	leaf	Unknow	Mesophyll	True
scplantdb_CRA006988:CRX443757@@_CCACGTTAGGGCTAAC-1	Brassica rapa	leaf	Unknow	Mesophyll	True
scplantdb_CRA006988:CRX443757@@_CCATAAGAGTCATGAA-1	Brassica rapa	leaf	Leaf epidermis	Mesophyll	True
scplantdb_CRA006988:CRX443757@@_CCCATTGGTTTGGAGG-1	Brassica rapa	leaf	Unknow	Mesophyll	True
scplantdb_CRA006988:CRX443757@@_CCCTCAATCTGATTCT-1	Brassica rapa	leaf	Unknow	Mesophyll	True
scplantdb_CRA006988:CRX443757@@_CCGGTGACATGCGGTC-1	Brassica rapa	leaf	Unknow	Mesophyll	True
scplantdb_CRA006988:CRX443757@@_CCTACGTGTGCTGCAC-1	Brassica rapa	leaf	Unknow	Mesophyll	True
scplantdb_CRA006988:CRX443757@@_CCTCAACGTTGCAAGG-1	Brassica rapa	leaf	Mesophyll	Mesophyll	True
scplantdb_CRA006988:CRX443757@@_CCTCACAGTATGATCC-1	Brassica rapa	leaf	Meristematic cell	Mesophyll	True
scplantdb_CRA006988:CRX443757@@_CGGAATTAGAGTATAC-1	Brassica rapa	leaf	Unknow	Mesophyll	True
scplantdb_CRA006988:CRX443757@@_CGTAAGTTCTTCCCGA-1	Brassica rapa	leaf	Unknow	Mesophyll	True
scplantdb_CRA006988:CRX443757@@_CGTGTCTAGCTCACTA-1	Brassica rapa	leaf	Leaf epidermis	Mesophyll	True
scplantdb_CRA006988:CRX443757@@_CTACCCAGTTGAGGAC-1	Brassica rapa	leaf	Bundle sheath	Mesophyll	False
scplantdb_CRA006988:CRX443757@@_CTCCAACTCGCTATTT-1	Brassica rapa	leaf	Unknow	Mesophyll	True
scplantdb_CRA006988:CRX443757@@_CTCTCGAAGGTCATCT-1	Brassica rapa	leaf	Unknow	Mesophyll	True
scplantdb_CRA006988:CRX443757@@_CTGAGCGCAACACAGG-1	Brassica rapa	leaf	Unknow	Mesophyll	True
scplantdb_CRA006988:CRX443757@@_CTGCCATAGTGTGTTC-1	Brassica rapa	leaf	Bundle sheath	Mesophyll	False
scplantdb_CRA006988:CRX443757@@_CTGTAGAAGTCGTTAC-1	Brassica rapa	leaf	Mesophyll	Mesophyll	True
scplantdb_CRA006988:CRX443757@@_GAACGTTGTTGTCCCT-1	Brassica rapa	leaf	Unknow	Mesophyll	True
scplantdb_CRA006988:CRX443757@@_GAATCGTGTACAGTAA-1	Brassica rapa	leaf	Unknow	Mesophyll	True
scplantdb_CRA006988:CRX443757@@_GACAGCCCAGTAGAAT-1	Brassica rapa	leaf	Meristematic cell	Mesophyll	True
scplantdb_CRA006988:CRX443757@@_GACTTCCAGTCCTGCG-1	Brassica rapa	leaf	Mesophyll	Mesophyll	True
scplantdb_CRA006988:CRX443757@@_GAGCCTGCAGCACGAA-1	Brassica rapa	leaf	Unknow	Mesophyll	True
scplantdb_CRA006988:CRX443757@@_GAGTGAGAGTATGATG-1	Brassica rapa	leaf	Unknow	Mesophyll	True
scplantdb_CRA006988:CRX443757@@_GCCGATGGTGCAGTGA-1	Brassica rapa	leaf	Mesophyll	Mesophyll	True
scplantdb_CRA006988:CRX443757@@_GCGGATCTCGTTGTTT-1	Brassica rapa	leaf	Mesophyll	Mesophyll	True
scplantdb_CRA006988:CRX443757@@_GCGTTTCCAGCTATTG-1	Brassica rapa	leaf	Leaf epidermis	Mesophyll	True
scplantdb_CRA006988:CRX443757@@_GCTTGGGCATCATGAC-1	Brassica rapa	leaf	Unknow	Mesophyll	True
scplantdb_CRA006988:CRX443757@@_GGGAGATTCTCATGCC-1	Brassica rapa	leaf	Unknow	Mesophyll	True
scplantdb_CRA006988:CRX443757@@_GGTGTTATCCAAGCAT-1	Brassica rapa	leaf	Unknow	Mesophyll	True
scplantdb_CRA006988:CRX443757@@_GTACAACGTCTGTGGC-1	Brassica rapa	leaf	Unknow	Mesophyll	True
scplantdb_CRA006988:CRX443757@@_GTCATGAGTTTCAGAC-1	Brassica rapa	leaf	Unknow	Mesophyll	True
scplantdb_CRA006988:CRX443757@@_GTTGCGGGTAGAGATT-1	Brassica rapa	leaf	Mesophyll	Mesophyll	True
scplantdb_CRA006988:CRX443757@@_GTTTGGAGTTAAGAAC-1	Brassica rapa	leaf	Unknow	Mesophyll	True
scplantdb_CRA006988:CRX443757@@_TAATTCCGTTATGTGC-1	Brassica rapa	leaf	Bundle sheath	Mesophyll	False
scplantdb_CRA006988:CRX443757@@_TACGGTAAGGTCGAGT-1	Brassica rapa	leaf	Bundle sheath	Mesophyll	False
scplantdb_CRA006988:CRX443757@@_TATTGGGGTAACATAG-1	Brassica rapa	leaf	Vascular tissue	Mesophyll	True
scplantdb_CRA006988:CRX443757@@_TCATGCCAGAGCAGCT-1	Brassica rapa	leaf	Mesophyll	Mesophyll	True
scplantdb_CRA006988:CRX443757@@_TCCTGCACAACACGAG-1	Brassica rapa	leaf	Unknow	Mesophyll	True
scplantdb_CRA006988:CRX443757@@_TCTATCAAGTGTTGTC-1	Brassica rapa	leaf	Unknow	Mesophyll	True
scplantdb_CRA006988:CRX443757@@_TGGGAAGAGCTAAGTA-1	Brassica rapa	leaf	Mesophyll	Mesophyll	True
scplantdb_CRA006988:CRX443757@@_TGGGAAGCAGGACTTT-1	Brassica rapa	leaf	Unknow	Mesophyll	True
scplantdb_CRA006988:CRX443757@@_TGGGAAGGTCGTGCCA-1	Brassica rapa	leaf	Unknow	Mesophyll	True
scplantdb_CRA006988:CRX443757@@_TGGGTTAGTGCGGATA-1	Brassica rapa	leaf	Unknow	Mesophyll	True
scplantdb_CRA006988:CRX443757@@_TTCATGTCAGTGGGTA-1	Brassica rapa	leaf	Unknow	Mesophyll	True
scplantdb_CRA006988:CRX443757@@_TTCTTGACATAACGGG-1	Brassica rapa	leaf	Leaf epidermis	Mesophyll	True
scplantdb_CRA006988:CRX443757@@_TTGCGTCAGGTACAGC-1	Brassica rapa	leaf	Unknow	Mesophyll	True
scplantdb_CRA006988:CRX443757@@_TTGGGCGTCGCAGAGA-1	Brassica rapa	leaf	Unknow	Mesophyll	True
scplantdb_DRP009643:DRX382001@@_AAACCCAAGTGCAACG-1	Arabidopsis thaliana	leaf	Mesophyll	Mesophyll	True
scplantdb_DRP009643:DRX382001@@_AAACCCATCTGTCTCG-1	Arabidopsis thaliana	leaf	Mesophyll	Mesophyll	True
scplantdb_DRP009643:DRX382001@@_AAAGGATGTAACGGTG-1	Arabidopsis thaliana	leaf	Mesophyll	Mesophyll	True
scplantdb_DRP009643:DRX382001@@_AACAGGGGTAGCGTCC-1	Arabidopsis thaliana	leaf	Mesophyll	Mesophyll	True
scplantdb_DRP009643:DRX382001@@_AACCTTTCATACCAGT-1	Arabidopsis thaliana	leaf	Mesophyll	Mesophyll	True
scplantdb_DRP009643:DRX382001@@_AAGCGAGCAGGATGAC-1	Arabidopsis thaliana	leaf	Mesophyll	Mesophyll	True
scplantdb_DRP009643:DRX382001@@_AAGGTAATCCGTGTAA-1	Arabidopsis thaliana	leaf	Mesophyll	Mesophyll	True
scplantdb_DRP009643:DRX382001@@_AAGTACCGTTCTTGTT-1	Arabidopsis thaliana	leaf	Mesophyll	Mesophyll	True
scplantdb_DRP009643:DRX382001@@_AAGTCGTTCGGTTCAA-1	Arabidopsis thaliana	leaf	Mesophyll	Mesophyll	True
scplantdb_DRP009643:DRX382001@@_AAGTGAAGTTGTGTTG-1	Arabidopsis thaliana	leaf	Mesophyll	Mesophyll	True
scplantdb_DRP009643:DRX382001@@_AATGAAGTCTAGACCA-1	Arabidopsis thaliana	leaf	Mesophyll	Mesophyll	True
scplantdb_DRP009643:DRX382001@@_AATGACCAGACCAGAC-1	Arabidopsis thaliana	leaf	Mesophyll	Mesophyll	True
scplantdb_DRP009643:DRX382001@@_AATGGAACAGCACAAG-1	Arabidopsis thaliana	leaf	Mesophyll	Mesophyll	True
scplantdb_DRP009643:DRX382001@@_AATTCCTGTGGTCCCA-1	Arabidopsis thaliana	leaf	Mesophyll	Mesophyll	True
scplantdb_DRP009643:DRX382001@@_ACAACCACAACCTATG-1	Arabidopsis thaliana	leaf	Mesophyll	Mesophyll	True
scplantdb_DRP009643:DRX382001@@_ACATCGAAGATGAAGG-1	Arabidopsis thaliana	leaf	Mesophyll	Mesophyll	True
scplantdb_DRP009643:DRX382001@@_ACATCGAAGCTGTCCG-1	Arabidopsis thaliana	leaf	Mesophyll	Mesophyll	True
scplantdb_DRP009643:DRX382001@@_ACATGCACAGGAGGAG-1	Arabidopsis thaliana	leaf	Mesophyll	Mesophyll	True
scplantdb_DRP009643:DRX382001@@_ACATTTCCACGTAGAG-1	Arabidopsis thaliana	leaf	Mesophyll	Mesophyll	True
scplantdb_DRP009643:DRX382001@@_ACCGTTCCACACAGAG-1	Arabidopsis thaliana	leaf	Mesophyll	Mesophyll	True
scplantdb_DRP009643:DRX382001@@_ACGCACGGTCTCTCAC-1	Arabidopsis thaliana	leaf	Mesophyll	Mesophyll	True
scplantdb_DRP009643:DRX382001@@_ACGGAAGCATTGACCA-1	Arabidopsis thaliana	leaf	Mesophyll	Mesophyll	True
scplantdb_DRP009643:DRX382001@@_ACTCTCGTCTACCCAC-1	Arabidopsis thaliana	leaf	Mesophyll	Mesophyll	True
scplantdb_DRP009643:DRX382001@@_AGAAATGCAACACGTT-1	Arabidopsis thaliana	leaf	Mesophyll	Mesophyll	True
scplantdb_DRP009643:DRX382001@@_AGACCATGTAGCGTTT-1	Arabidopsis thaliana	leaf	Mesophyll	Mesophyll	True
scplantdb_DRP009643:DRX382001@@_AGAGAGCCACGGGCTT-1	Arabidopsis thaliana	leaf	Mesophyll	Mesophyll	True
scplantdb_DRP009643:DRX382001@@_AGCCAGCAGTTGGGAC-1	Arabidopsis thaliana	leaf	Mesophyll	Mesophyll	True
scplantdb_DRP009643:DRX382001@@_AGCGCCACATTGACTG-1	Arabidopsis thaliana	leaf	Mesophyll	Mesophyll	True
scplantdb_DRP009643:DRX382001@@_AGCGCTGGTTATCCAG-1	Arabidopsis thaliana	leaf	Mesophyll	Mesophyll	True
scplantdb_DRP009643:DRX382001@@_AGCTTCCCACCAATTG-1	Arabidopsis thaliana	leaf	Mesophyll	Mesophyll	True
scplantdb_DRP009643:DRX382001@@_AGGAATATCGACGACC-1	Arabidopsis thaliana	leaf	Mesophyll	Mesophyll	True
scplantdb_DRP009643:DRX382001@@_AGGATAACACTTGTGA-1	Arabidopsis thaliana	leaf	Mesophyll	Mesophyll	True
scplantdb_DRP009643:DRX382001@@_AGGCTGCGTTGTCTAG-1	Arabidopsis thaliana	leaf	Mesophyll	Mesophyll	True
scplantdb_DRP009643:DRX382001@@_AGGGTTTTCCTTCTTC-1	Arabidopsis thaliana	leaf	Mesophyll	Mesophyll	True
scplantdb_DRP009643:DRX382001@@_AGGTTACTCCGCAAAT-1	Arabidopsis thaliana	leaf	Mesophyll	Mesophyll	True
scplantdb_DRP009643:DRX382001@@_AGTAACCTCTAGTGTG-1	Arabidopsis thaliana	leaf	Mesophyll	Mesophyll	True
scplantdb_DRP009643:DRX382001@@_AGTCAACCACAAAGCG-1	Arabidopsis thaliana	leaf	Mesophyll	Mesophyll	True
scplantdb_DRP009643:DRX382001@@_AGTCACAAGATGTTAG-1	Arabidopsis thaliana	leaf	Mesophyll	Mesophyll	True
scplantdb_DRP009643:DRX382001@@_AGTCTCCAGAGGTGCT-1	Arabidopsis thaliana	leaf	Mesophyll	Mesophyll	True
scplantdb_DRP009643:DRX382001@@_AGTTCGAAGTGTGTTC-1	Arabidopsis thaliana	leaf	Companion cell	Mesophyll	True
scplantdb_DRP009643:DRX382001@@_ATACTTCTCGAAGCAG-1	Arabidopsis thaliana	leaf	Mesophyll	Mesophyll	True
scplantdb_DRP009643:DRX382001@@_ATAGACCAGGTGAGCT-1	Arabidopsis thaliana	leaf	Mesophyll	Mesophyll	True
scplantdb_DRP009643:DRX382001@@_ATATCCTCAGTCTACA-1	Arabidopsis thaliana	leaf	Mesophyll	Mesophyll	True
scplantdb_DRP009643:DRX382001@@_ATATCCTGTTACCTGA-1	Arabidopsis thaliana	leaf	Mesophyll	Mesophyll	True
scplantdb_DRP009643:DRX382001@@_ATCACAGTCGATACAC-1	Arabidopsis thaliana	leaf	Mesophyll	Mesophyll	True
scplantdb_DRP009643:DRX382001@@_ATCGCCTAGAACAGGA-1	Arabidopsis thaliana	leaf	Mesophyll	Mesophyll	True
scplantdb_DRP009643:DRX382001@@_ATCGTAGCATGTTCGA-1	Arabidopsis thaliana	leaf	Mesophyll	Mesophyll	True
scplantdb_DRP009643:DRX382001@@_ATCTTCAGTATAATGG-1	Arabidopsis thaliana	leaf	Vascular tissue	Mesophyll	True
scplantdb_DRP009643:DRX382001@@_ATGAGGGTCGCTTTAT-1	Arabidopsis thaliana	leaf	Mesophyll	Mesophyll	True
scplantdb_DRP009643:DRX382001@@_ATGCATGGTCAAGCGA-1	Arabidopsis thaliana	leaf	Mesophyll	Mesophyll	True
scplantdb_DRP009643:DRX382001@@_ATGGAGGCACATTCGA-1	Arabidopsis thaliana	leaf	Mesophyll	Mesophyll	True
scplantdb_DRP009643:DRX382001@@_ATGGAGGGTTGCGAAG-1	Arabidopsis thaliana	leaf	Mesophyll	Mesophyll	True
scplantdb_DRP009643:DRX382001@@_ATGGATCCATGTACGT-1	Arabidopsis thaliana	leaf	Mesophyll	Mesophyll	True
scplantdb_DRP009643:DRX382001@@_ATGGGAGGTGTACATC-1	Arabidopsis thaliana	leaf	Mesophyll	Mesophyll	True
scplantdb_DRP009643:DRX382001@@_ATGGGTTAGTCAACAA-1	Arabidopsis thaliana	leaf	Mesophyll	Mesophyll	True
scplantdb_DRP009643:DRX382001@@_ATTCACTGTAAGAACT-1	Arabidopsis thaliana	leaf	Mesophyll	Mesophyll	True
scplantdb_DRP009643:DRX382001@@_CAACGGCGTTGCCGCA-1	Arabidopsis thaliana	leaf	Mesophyll	Mesophyll	True
scplantdb_DRP009643:DRX382001@@_CACACAAAGTAACAGT-1	Arabidopsis thaliana	leaf	Mesophyll	Mesophyll	True
scplantdb_DRP009643:DRX382001@@_CACATGAAGTAGCATA-1	Arabidopsis thaliana	leaf	Mesophyll	Mesophyll	True
scplantdb_DRP009643:DRX382001@@_CACATGATCGAACCTA-1	Arabidopsis thaliana	leaf	Mesophyll	Mesophyll	True
scplantdb_DRP009643:DRX382001@@_CACGAATAGTGGACGT-1	Arabidopsis thaliana	leaf	Mesophyll	Mesophyll	True
scplantdb_DRP009643:DRX382001@@_CACGGGTGTTGCAACT-1	Arabidopsis thaliana	leaf	Mesophyll	Mesophyll	True
scplantdb_DRP009643:DRX382001@@_CACGTTCTCGGCTGGT-1	Arabidopsis thaliana	leaf	Mesophyll	Mesophyll	True
scplantdb_DRP009643:DRX382001@@_CACTGAATCTGATGGT-1	Arabidopsis thaliana	leaf	Vascular tissue	Mesophyll	True
scplantdb_DRP009643:DRX382001@@_CACTGGGAGTGCACCC-1	Arabidopsis thaliana	leaf	Mesophyll	Mesophyll	True
scplantdb_DRP009643:DRX382001@@_CACTGTCGTACCCAGC-1	Arabidopsis thaliana	leaf	Vascular tissue	Mesophyll	True
scplantdb_DRP009643:DRX382001@@_CAGATTGTCCATAGAC-1	Arabidopsis thaliana	leaf	Mesophyll	Mesophyll	True
scplantdb_DRP009643:DRX382001@@_CAGCAGCGTTCGCGTG-1	Arabidopsis thaliana	leaf	Vascular tissue	Mesophyll	True
scplantdb_DRP009643:DRX382001@@_CAGCGTGTCACTGGTA-1	Arabidopsis thaliana	leaf	Mesophyll	Mesophyll	True
scplantdb_DRP009643:DRX382001@@_CAGGGCTAGTCACTAC-1	Arabidopsis thaliana	leaf	Mesophyll	Mesophyll	True
scplantdb_DRP009643:DRX382001@@_CATAAGCAGTTTGAGA-1	Arabidopsis thaliana	leaf	Mesophyll	Mesophyll	True
scplantdb_DRP009643:DRX382001@@_CATGAGTAGAGGGTCT-1	Arabidopsis thaliana	leaf	Mesophyll	Mesophyll	True
scplantdb_DRP009643:DRX382001@@_CATGGTACACAGTCAT-1	Arabidopsis thaliana	leaf	Mesophyll	Mesophyll	True
scplantdb_DRP009643:DRX382001@@_CATTGAGCAGCTGTTA-1	Arabidopsis thaliana	leaf	Companion cell	Mesophyll	True
scplantdb_DRP009643:DRX382001@@_CCACGAGTCGTTAGTG-1	Arabidopsis thaliana	leaf	Mesophyll	Mesophyll	True
scplantdb_DRP009643:DRX382001@@_CCACTTGGTATACCTG-1	Arabidopsis thaliana	leaf	Mesophyll	Mesophyll	True
scplantdb_DRP009643:DRX382001@@_CCATCACAGAAACTAC-1	Arabidopsis thaliana	leaf	Mesophyll	Mesophyll	True
scplantdb_DRP009643:DRX382001@@_CCCTCTCTCGAACCTA-1	Arabidopsis thaliana	leaf	Mesophyll	Mesophyll	True
scplantdb_DRP009643:DRX382001@@_CCCTTAGAGGTAGCCA-1	Arabidopsis thaliana	leaf	Mesophyll	Mesophyll	True
scplantdb_DRP009643:DRX382001@@_CCCTTAGTCTCTCCGA-1	Arabidopsis thaliana	leaf	Mesophyll	Mesophyll	True
scplantdb_DRP009643:DRX382001@@_CCGAACGCAATCGCCG-1	Arabidopsis thaliana	leaf	Mesophyll	Mesophyll	True
scplantdb_DRP009643:DRX382001@@_CCGCAAGCAGTGCGCT-1	Arabidopsis thaliana	leaf	Mesophyll	Mesophyll	True
scplantdb_DRP009643:DRX382001@@_CCTCAACAGGGTCAAC-1	Arabidopsis thaliana	leaf	Mesophyll	Mesophyll	True
scplantdb_DRP009643:DRX382001@@_CCTCAACCATCGAACT-1	Arabidopsis thaliana	leaf	Mesophyll	Mesophyll	True
scplantdb_DRP009643:DRX382001@@_CCTCTAGGTACTAACC-1	Arabidopsis thaliana	leaf	Mesophyll	Mesophyll	True
scplantdb_DRP009643:DRX382001@@_CGAAGTTGTTCCGCGA-1	Arabidopsis thaliana	leaf	Leaf guard cell	Mesophyll	True
scplantdb_DRP009643:DRX382001@@_CGAGAAGAGTAAACAC-1	Arabidopsis thaliana	leaf	Mesophyll	Mesophyll	True
scplantdb_DRP009643:DRX382001@@_CGAGTTAGTCCCAAAT-1	Arabidopsis thaliana	leaf	Mesophyll	Mesophyll	True
scplantdb_DRP009643:DRX382001@@_CGCATAAAGAGTCCGA-1	Arabidopsis thaliana	leaf	Mesophyll	Mesophyll	True
scplantdb_DRP009643:DRX382001@@_CGCCATTGTTCTTGTT-1	Arabidopsis thaliana	leaf	Mesophyll	Mesophyll	True
scplantdb_DRP009643:DRX382001@@_CGCGTGATCACTGGTA-1	Arabidopsis thaliana	leaf	Mesophyll	Mesophyll	True
scplantdb_DRP009643:DRX382001@@_CGGAATTTCGAGAACG-1	Arabidopsis thaliana	leaf	Mesophyll	Mesophyll	True
scplantdb_DRP009643:DRX382001@@_CGGGTCAAGGTTGACG-1	Arabidopsis thaliana	leaf	Mesophyll	Mesophyll	True
scplantdb_DRP009643:DRX382001@@_CGTAGTAGTACACGTT-1	Arabidopsis thaliana	leaf	Mesophyll	Mesophyll	True
scplantdb_DRP009643:DRX382001@@_CGTGATAAGTGGCCTC-1	Arabidopsis thaliana	leaf	Mesophyll	Mesophyll	True
scplantdb_DRP009643:DRX382001@@_CTATCCGGTTGGGATG-1	Arabidopsis thaliana	leaf	Vascular tissue	Mesophyll	True
scplantdb_DRP009643:DRX382001@@_CTATCTAAGATTGATG-1	Arabidopsis thaliana	leaf	Mesophyll	Mesophyll	True
scplantdb_DRP009643:DRX382001@@_CTCAAGATCCACGAAT-1	Arabidopsis thaliana	leaf	Mesophyll	Mesophyll	True
scplantdb_DRP009643:DRX382001@@_CTCAATTAGGTTGCCC-1	Arabidopsis thaliana	leaf	Mesophyll	Mesophyll	True
scplantdb_DRP009643:DRX382001@@_CTCACTGTCTCACCCA-1	Arabidopsis thaliana	leaf	Mesophyll	Mesophyll	True
scplantdb_DRP009643:DRX382001@@_CTCATGCGTAGCGTTT-1	Arabidopsis thaliana	leaf	Mesophyll	Mesophyll	True
scplantdb_DRP009643:DRX382001@@_CTCATTATCAAGAGGC-1	Arabidopsis thaliana	leaf	Mesophyll	Mesophyll	True
scplantdb_DRP009643:DRX382001@@_CTCCAACTCACTCTTA-1	Arabidopsis thaliana	leaf	Mesophyll	Mesophyll	True
scplantdb_DRP009643:DRX382001@@_CTCCACAGTAGGTACG-1	Arabidopsis thaliana	leaf	Vascular tissue	Mesophyll	True
scplantdb_DRP009643:DRX382001@@_CTGAGCGGTGTTATCG-1	Arabidopsis thaliana	leaf	Mesophyll	Mesophyll	True
scplantdb_DRP009643:DRX382001@@_CTGCCTAAGCGACCCT-1	Arabidopsis thaliana	leaf	Mesophyll	Mesophyll	True
scplantdb_DRP009643:DRX382001@@_CTGTCGTAGTAAGGGA-1	Arabidopsis thaliana	leaf	Mesophyll	Mesophyll	True
scplantdb_DRP009643:DRX382001@@_CTGTGGGTCATTTGTC-1	Arabidopsis thaliana	leaf	Mesophyll	Mesophyll	True
scplantdb_DRP009643:DRX382001@@_CTTACCGGTCATCGCG-1	Arabidopsis thaliana	leaf	Mesophyll	Mesophyll	True
scplantdb_DRP009643:DRX382001@@_CTTCAATGTTGTACGT-1	Arabidopsis thaliana	leaf	Mesophyll	Mesophyll	True
scplantdb_DRP009643:DRX382001@@_CTTCAATTCAGTGTTG-1	Arabidopsis thaliana	leaf	Mesophyll	Mesophyll	True
scplantdb_DRP009643:DRX382001@@_CTTCTCTAGTCATACC-1	Arabidopsis thaliana	leaf	Mesophyll	Mesophyll	True
scplantdb_DRP009643:DRX382001@@_CTTTCAAGTAACCCGC-1	Arabidopsis thaliana	leaf	Mesophyll	Mesophyll	True
scplantdb_DRP009643:DRX382001@@_GAAACCTTCACATCAG-1	Arabidopsis thaliana	leaf	Mesophyll	Mesophyll	True
scplantdb_DRP009643:DRX382001@@_GAAATGACAGTAGTGG-1	Arabidopsis thaliana	leaf	Mesophyll	Mesophyll	True
scplantdb_DRP009643:DRX382001@@_GAAGCCCTCGCTACGG-1	Arabidopsis thaliana	leaf	Vascular tissue	Mesophyll	True
scplantdb_DRP009643:DRX382001@@_GAAGGACGTCGAAGCA-1	Arabidopsis thaliana	leaf	Mesophyll	Mesophyll	True
scplantdb_DRP009643:DRX382001@@_GAATAGAAGAATAACC-1	Arabidopsis thaliana	leaf	Mesophyll	Mesophyll	True
scplantdb_DRP009643:DRX382001@@_GACCCTTCACTGCTTC-1	Arabidopsis thaliana	leaf	Mesophyll	Mesophyll	True
scplantdb_DRP009643:DRX382001@@_GACGCTGCAAGCACCC-1	Arabidopsis thaliana	leaf	Mesophyll	Mesophyll	True
scplantdb_DRP009643:DRX382001@@_GACTATGAGGCGACAT-1	Arabidopsis thaliana	leaf	Companion cell	Mesophyll	True
scplantdb_DRP009643:DRX382001@@_GACTATGGTCGGTACC-1	Arabidopsis thaliana	leaf	Mesophyll	Mesophyll	True
scplantdb_DRP009643:DRX382001@@_GACTTCCCAGCGACAA-1	Arabidopsis thaliana	leaf	Mesophyll	Mesophyll	True
scplantdb_DRP009643:DRX382001@@_GAGAAATAGTTCTCTT-1	Arabidopsis thaliana	leaf	Mesophyll	Mesophyll	True
scplantdb_DRP009643:DRX382001@@_GAGACTTAGGTGGGTT-1	Arabidopsis thaliana	leaf	Mesophyll	Mesophyll	True
scplantdb_DRP009643:DRX382001@@_GAGCCTGAGTTAGAAC-1	Arabidopsis thaliana	leaf	Mesophyll	Mesophyll	True
scplantdb_DRP009643:DRX382001@@_GAGGCCTCAGGAATAT-1	Arabidopsis thaliana	leaf	Mesophyll	Mesophyll	True
scplantdb_DRP009643:DRX382001@@_GAGTGTTTCTAACACG-1	Arabidopsis thaliana	leaf	Mesophyll	Mesophyll	True
scplantdb_DRP009643:DRX382001@@_GATCACATCTTAAGGC-1	Arabidopsis thaliana	leaf	Mesophyll	Mesophyll	True
scplantdb_DRP009643:DRX382001@@_GATCGTAGTTCTCAGA-1	Arabidopsis thaliana	leaf	Mesophyll	Mesophyll	True
scplantdb_DRP009643:DRX382001@@_GATGATCTCACCATGA-1	Arabidopsis thaliana	leaf	Mesophyll	Mesophyll	True
scplantdb_DRP009643:DRX382001@@_GATGTTGTCTCATGGA-1	Arabidopsis thaliana	leaf	Mesophyll	Mesophyll	True
scplantdb_DRP009643:DRX382001@@_GCAACATGTCCATACA-1	Arabidopsis thaliana	leaf	Mesophyll	Mesophyll	True
scplantdb_DRP009643:DRX382001@@_GCACGGTAGTGCTCGC-1	Arabidopsis thaliana	leaf	Mesophyll	Mesophyll	True
scplantdb_DRP009643:DRX382001@@_GCATCTCTCCGATGTA-1	Arabidopsis thaliana	leaf	Mesophyll	Mesophyll	True
scplantdb_DRP009643:DRX382001@@_GCATGATAGTTAGTGA-1	Arabidopsis thaliana	leaf	Mesophyll	Mesophyll	True
scplantdb_DRP009643:DRX382001@@_GCATTAGTCCTAGAGT-1	Arabidopsis thaliana	leaf	Mesophyll	Mesophyll	True
scplantdb_DRP009643:DRX382001@@_GCCAACGGTCCTATAG-1	Arabidopsis thaliana	leaf	Mesophyll	Mesophyll	True
scplantdb_DRP009643:DRX382001@@_GCCAGGTCAAATCGTC-1	Arabidopsis thaliana	leaf	Mesophyll	Mesophyll	True
scplantdb_DRP009643:DRX382001@@_GCCGTGATCCTGCCAT-1	Arabidopsis thaliana	leaf	Mesophyll	Mesophyll	True
scplantdb_DRP009643:DRX382001@@_GCCTGTTCAAAGGAGA-1	Arabidopsis thaliana	leaf	Mesophyll	Mesophyll	True
scplantdb_DRP009643:DRX382001@@_GCGTGCAAGATGACAT-1	Arabidopsis thaliana	leaf	Mesophyll	Mesophyll	True
scplantdb_DRP009643:DRX382001@@_GCTACAAAGCACTCAT-1	Arabidopsis thaliana	leaf	Mesophyll	Mesophyll	True
scplantdb_DRP009643:DRX382001@@_GCTACAATCTACTGCC-1	Arabidopsis thaliana	leaf	Mesophyll	Mesophyll	True
scplantdb_DRP009643:DRX382001@@_GCTTGGGCACAGCTGC-1	Arabidopsis thaliana	leaf	Mesophyll	Mesophyll	True
scplantdb_DRP009643:DRX382001@@_GGAACCCCACGACAGA-1	Arabidopsis thaliana	leaf	Mesophyll	Mesophyll	True
scplantdb_DRP009643:DRX382001@@_GGAACCCGTCGGCACT-1	Arabidopsis thaliana	leaf	Mesophyll	Mesophyll	True
scplantdb_DRP009643:DRX382001@@_GGAACCCTCCGGCAGT-1	Arabidopsis thaliana	leaf	Mesophyll	Mesophyll	True
scplantdb_DRP009643:DRX382001@@_GGACGTCTCGCATTAG-1	Arabidopsis thaliana	leaf	Mesophyll	Mesophyll	True
scplantdb_DRP009643:DRX382001@@_GGAGCAACAGGGCTTC-1	Arabidopsis thaliana	leaf	Mesophyll	Mesophyll	True
scplantdb_DRP009643:DRX382001@@_GGAGCAACATTGAAAG-1	Arabidopsis thaliana	leaf	Mesophyll	Mesophyll	True
scplantdb_DRP009643:DRX382001@@_GGGACAACATCCTGTC-1	Arabidopsis thaliana	leaf	Mesophyll	Mesophyll	True
scplantdb_DRP009643:DRX382001@@_GGGCCATCAGAGATTA-1	Arabidopsis thaliana	leaf	Mesophyll	Mesophyll	True
scplantdb_DRP009643:DRX382001@@_GGGCTCAAGCGCCTTG-1	Arabidopsis thaliana	leaf	Mesophyll	Mesophyll	True
scplantdb_DRP009643:DRX382001@@_GGGTATTAGCAGGGAG-1	Arabidopsis thaliana	leaf	Mesophyll	Mesophyll	True
scplantdb_DRP009643:DRX382001@@_GTAAGTCCAATAGTAG-1	Arabidopsis thaliana	leaf	Mesophyll	Mesophyll	True
scplantdb_DRP009643:DRX382001@@_GTAAGTCCAGACGATG-1	Arabidopsis thaliana	leaf	Mesophyll	Mesophyll	True
scplantdb_DRP009643:DRX382001@@_GTACAACCACAACATC-1	Arabidopsis thaliana	leaf	Mesophyll	Mesophyll	True
scplantdb_DRP009643:DRX382001@@_GTACAGTTCACTTGTT-1	Arabidopsis thaliana	leaf	Mesophyll	Mesophyll	True
scplantdb_DRP009643:DRX382001@@_GTATTGGGTCCACATA-1	Arabidopsis thaliana	leaf	Mesophyll	Mesophyll	True
scplantdb_DRP009643:DRX382001@@_GTCAAACAGTTTCGAC-1	Arabidopsis thaliana	leaf	Mesophyll	Mesophyll	True
scplantdb_DRP009643:DRX382001@@_GTCCTCATCGGAGCAA-1	Arabidopsis thaliana	leaf	Mesophyll	Mesophyll	True
scplantdb_DRP009643:DRX382001@@_GTCTCACCAGCATCTA-1	Arabidopsis thaliana	leaf	Mesophyll	Mesophyll	True
scplantdb_DRP009643:DRX382001@@_GTGAGGAAGGTGATCG-1	Arabidopsis thaliana	leaf	Mesophyll	Mesophyll	True
scplantdb_DRP009643:DRX382001@@_GTGAGTTCAAGTTCCA-1	Arabidopsis thaliana	leaf	Mesophyll	Mesophyll	True
scplantdb_DRP009643:DRX382001@@_GTGGGAATCCAAGCAT-1	Arabidopsis thaliana	leaf	Mesophyll	Mesophyll	True
scplantdb_DRP009643:DRX382001@@_GTGGTTAAGAAACTGT-1	Arabidopsis thaliana	leaf	Mesophyll	Mesophyll	True
scplantdb_DRP009643:DRX382001@@_GTGGTTATCTGAGGCC-1	Arabidopsis thaliana	leaf	Mesophyll	Mesophyll	True
scplantdb_DRP009643:DRX382001@@_GTGTGATCAAGAATAC-1	Arabidopsis thaliana	leaf	Mesophyll	Mesophyll	True
scplantdb_DRP009643:DRX382001@@_GTGTGATGTAGGATAT-1	Arabidopsis thaliana	leaf	Mesophyll	Mesophyll	True
scplantdb_DRP009643:DRX382001@@_GTTACAGGTCAACCTA-1	Arabidopsis thaliana	leaf	Vascular tissue	Mesophyll	True
scplantdb_DRP009643:DRX382001@@_GTTACAGGTGCAGGAT-1	Arabidopsis thaliana	leaf	Mesophyll	Mesophyll	True
scplantdb_DRP009643:DRX382001@@_GTTATGGAGAAGCCAC-1	Arabidopsis thaliana	leaf	Mesophyll	Mesophyll	True
scplantdb_DRP009643:DRX382001@@_GTTCTATAGTACGTCT-1	Arabidopsis thaliana	leaf	Mesophyll	Mesophyll	True
scplantdb_DRP009643:DRX382001@@_GTTGAACGTTTACGAC-1	Arabidopsis thaliana	leaf	Mesophyll	Mesophyll	True
scplantdb_DRP009643:DRX382001@@_GTTGTAGTCGACACCG-1	Arabidopsis thaliana	leaf	Mesophyll	Mesophyll	True
scplantdb_DRP009643:DRX382001@@_GTTGTCCGTTGCATGT-1	Arabidopsis thaliana	leaf	Mesophyll	Mesophyll	True
scplantdb_DRP009643:DRX382001@@_GTTTGGAGTCGAGTGA-1	Arabidopsis thaliana	leaf	Mesophyll	Mesophyll	True
scplantdb_DRP009643:DRX382001@@_TAACACGAGCTCCGAC-1	Arabidopsis thaliana	leaf	Mesophyll	Mesophyll	True
scplantdb_DRP009643:DRX382001@@_TAACCAGAGAGCCGAT-1	Arabidopsis thaliana	leaf	Mesophyll	Mesophyll	True
scplantdb_DRP009643:DRX382001@@_TAAGCGTTCTCTGCTG-1	Arabidopsis thaliana	leaf	Mesophyll	Mesophyll	True
scplantdb_DRP009643:DRX382001@@_TAATCTCCACTGGCGT-1	Arabidopsis thaliana	leaf	Mesophyll	Mesophyll	True
scplantdb_DRP009643:DRX382001@@_TAATTCCAGTGACACG-1	Arabidopsis thaliana	leaf	Mesophyll	Mesophyll	True
scplantdb_DRP009643:DRX382001@@_TAATTCCAGTTTGAGA-1	Arabidopsis thaliana	leaf	Mesophyll	Mesophyll	True
scplantdb_DRP009643:DRX382001@@_TAATTCCGTTGCCTAA-1	Arabidopsis thaliana	leaf	Mesophyll	Mesophyll	True
scplantdb_DRP009643:DRX382001@@_TACCCGTTCCGCACGA-1	Arabidopsis thaliana	leaf	Mesophyll	Mesophyll	True
scplantdb_DRP009643:DRX382001@@_TACCCGTTCTGGACCG-1	Arabidopsis thaliana	leaf	Mesophyll	Mesophyll	True
scplantdb_DRP009643:DRX382001@@_TACGGGCTCAATGCAC-1	Arabidopsis thaliana	leaf	Mesophyll	Mesophyll	True
scplantdb_DRP009643:DRX382001@@_TACGTCCAGCATGCAG-1	Arabidopsis thaliana	leaf	Mesophyll	Mesophyll	True
scplantdb_DRP009643:DRX382001@@_TAGACCATCGGCTCTT-1	Arabidopsis thaliana	leaf	Mesophyll	Mesophyll	True
scplantdb_DRP009643:DRX382001@@_TAGGGTTTCTTCTGGC-1	Arabidopsis thaliana	leaf	Mesophyll	Mesophyll	True
scplantdb_DRP009643:DRX382001@@_TAGGTACTCCGCGATG-1	Arabidopsis thaliana	leaf	Vascular tissue	Mesophyll	True
scplantdb_DRP009643:DRX382001@@_TATATCCGTCGTGGTC-1	Arabidopsis thaliana	leaf	Mesophyll	Mesophyll	True
scplantdb_DRP009643:DRX382001@@_TATCGCCTCGAAGCCC-1	Arabidopsis thaliana	leaf	Vascular tissue	Mesophyll	True
scplantdb_DRP009643:DRX382001@@_TATCTGTGTCGTTTCC-1	Arabidopsis thaliana	leaf	Mesophyll	Mesophyll	True
scplantdb_DRP009643:DRX382001@@_TATTCCACAGCCGTTG-1	Arabidopsis thaliana	leaf	Mesophyll	Mesophyll	True
scplantdb_DRP009643:DRX382001@@_TATTCCATCGGCTATA-1	Arabidopsis thaliana	leaf	Mesophyll	Mesophyll	True
scplantdb_DRP009643:DRX382001@@_TATTGGGCACCAAATC-1	Arabidopsis thaliana	leaf	Mesophyll	Mesophyll	True
scplantdb_DRP009643:DRX382001@@_TATTGGGCAGTAGGAC-1	Arabidopsis thaliana	leaf	Mesophyll	Mesophyll	True
scplantdb_DRP009643:DRX382001@@_TATTTCGAGTACAACA-1	Arabidopsis thaliana	leaf	Mesophyll	Mesophyll	True
scplantdb_DRP009643:DRX382001@@_TCACACCGTGTTTGCA-1	Arabidopsis thaliana	leaf	Mesophyll	Mesophyll	True
scplantdb_DRP009643:DRX382001@@_TCACGGGAGACATATG-1	Arabidopsis thaliana	leaf	Mesophyll	Mesophyll	True
scplantdb_DRP009643:DRX382001@@_TCACGGGGTGTTTACG-1	Arabidopsis thaliana	leaf	Mesophyll	Mesophyll	True
scplantdb_DRP009643:DRX382001@@_TCAGCAATCTACTGCC-1	Arabidopsis thaliana	leaf	Mesophyll	Mesophyll	True
scplantdb_DRP009643:DRX382001@@_TCAGTTTAGGCGTTAG-1	Arabidopsis thaliana	leaf	Vascular tissue	Mesophyll	True
scplantdb_DRP009643:DRX382001@@_TCATACTTCCAAGCAT-1	Arabidopsis thaliana	leaf	Mesophyll	Mesophyll	True
scplantdb_DRP009643:DRX382001@@_TCATTACCAATACGAA-1	Arabidopsis thaliana	leaf	Mesophyll	Mesophyll	True
scplantdb_DRP009643:DRX382001@@_TCCAGAATCGTCCTTG-1	Arabidopsis thaliana	leaf	Mesophyll	Mesophyll	True
scplantdb_DRP009643:DRX382001@@_TCCCACATCCAATGCA-1	Arabidopsis thaliana	leaf	Mesophyll	Mesophyll	True
scplantdb_DRP009643:DRX382001@@_TCCCACATCTACTATC-1	Arabidopsis thaliana	leaf	Mesophyll	Mesophyll	True
scplantdb_DRP009643:DRX382001@@_TCCCAGTGTAATGATG-1	Arabidopsis thaliana	leaf	Mesophyll	Mesophyll	True
scplantdb_DRP009643:DRX382001@@_TCCTCTTTCTGGGCAC-1	Arabidopsis thaliana	leaf	Sieve element	Mesophyll	False
scplantdb_DRP009643:DRX382001@@_TCGACCTTCCGCACGA-1	Arabidopsis thaliana	leaf	Mesophyll	Mesophyll	True
scplantdb_DRP009643:DRX382001@@_TCGCACTGTTACCCTC-1	Arabidopsis thaliana	leaf	Mesophyll	Mesophyll	True
scplantdb_DRP009643:DRX382001@@_TCTAACTAGTAGGCCA-1	Arabidopsis thaliana	leaf	Mesophyll	Mesophyll	True
scplantdb_DRP009643:DRX382001@@_TCTATACCAGTTGCGC-1	Arabidopsis thaliana	leaf	Mesophyll	Mesophyll	True
scplantdb_DRP009643:DRX382001@@_TCTCACGCAGCATCTA-1	Arabidopsis thaliana	leaf	Mesophyll	Mesophyll	True
scplantdb_DRP009643:DRX382001@@_TGACTCCAGCAATAGT-1	Arabidopsis thaliana	leaf	Mesophyll	Mesophyll	True
scplantdb_DRP009643:DRX382001@@_TGAGGGAAGGGATGTC-1	Arabidopsis thaliana	leaf	Mesophyll	Mesophyll	True
scplantdb_DRP009643:DRX382001@@_TGATGCAAGGAAGTCC-1	Arabidopsis thaliana	leaf	Mesophyll	Mesophyll	True
scplantdb_DRP009643:DRX382001@@_TGATGCACAATACCTG-1	Arabidopsis thaliana	leaf	Mesophyll	Mesophyll	True
scplantdb_DRP009643:DRX382001@@_TGATGGTTCTAAGCGT-1	Arabidopsis thaliana	leaf	Vascular tissue	Mesophyll	True
scplantdb_DRP009643:DRX382001@@_TGCACGGAGTGCCCGT-1	Arabidopsis thaliana	leaf	Mesophyll	Mesophyll	True
scplantdb_DRP009643:DRX382001@@_TGCACGGTCTTCGTGC-1	Arabidopsis thaliana	leaf	Mesophyll	Mesophyll	True
scplantdb_DRP009643:DRX382001@@_TGCAGTACACTTTATC-1	Arabidopsis thaliana	leaf	Mesophyll	Mesophyll	True
scplantdb_DRP009643:DRX382001@@_TGCGACGAGATAGTGT-1	Arabidopsis thaliana	leaf	Vascular tissue	Mesophyll	True
scplantdb_DRP009643:DRX382001@@_TGGAACTCAAAGAACT-1	Arabidopsis thaliana	leaf	Mesophyll	Mesophyll	True
scplantdb_DRP009643:DRX382001@@_TGGAGGAGTTTGGAGG-1	Arabidopsis thaliana	leaf	Mesophyll	Mesophyll	True
scplantdb_DRP009643:DRX382001@@_TGGATCAAGAAGGCTC-1	Arabidopsis thaliana	leaf	Vascular tissue	Mesophyll	True
scplantdb_DRP009643:DRX382001@@_TGGGAGAGTAGCTTGT-1	Arabidopsis thaliana	leaf	Mesophyll	Mesophyll	True
scplantdb_DRP009643:DRX382001@@_TGGGAGATCTTTCAGT-1	Arabidopsis thaliana	leaf	Mesophyll	Mesophyll	True
scplantdb_DRP009643:DRX382001@@_TGGTTAGTCTGTAAGC-1	Arabidopsis thaliana	leaf	Mesophyll	Mesophyll	True
scplantdb_DRP009643:DRX382001@@_TGTCCTGCATTGAAGA-1	Arabidopsis thaliana	leaf	Mesophyll	Mesophyll	True
scplantdb_DRP009643:DRX382001@@_TGTGAGTAGCTGTGCC-1	Arabidopsis thaliana	leaf	Mesophyll	Mesophyll	True
scplantdb_DRP009643:DRX382001@@_TGTGATGTCATGCCGG-1	Arabidopsis thaliana	leaf	Leaf guard cell	Mesophyll	True
scplantdb_DRP009643:DRX382001@@_TGTTTGTTCTACGGGC-1	Arabidopsis thaliana	leaf	Mesophyll	Mesophyll	True
scplantdb_DRP009643:DRX382001@@_TTACGCCTCCCATAAG-1	Arabidopsis thaliana	leaf	Mesophyll	Mesophyll	True
scplantdb_DRP009643:DRX382001@@_TTACGTTTCATCGACA-1	Arabidopsis thaliana	leaf	Mesophyll	Mesophyll	True
scplantdb_DRP009643:DRX382001@@_TTAGGCATCGTTACCC-1	Arabidopsis thaliana	leaf	Mesophyll	Mesophyll	True
scplantdb_DRP009643:DRX382001@@_TTAGTCTAGCCACTCG-1	Arabidopsis thaliana	leaf	Mesophyll	Mesophyll	True
scplantdb_DRP009643:DRX382001@@_TTCATTGCAGGTCTCG-1	Arabidopsis thaliana	leaf	Mesophyll	Mesophyll	True
scplantdb_DRP009643:DRX382001@@_TTCCTAAAGCAACCAG-1	Arabidopsis thaliana	leaf	Mesophyll	Mesophyll	True
scplantdb_DRP009643:DRX382001@@_TTCCTTCCAGCCTTCT-1	Arabidopsis thaliana	leaf	Mesophyll	Mesophyll	True
scplantdb_DRP009643:DRX382001@@_TTCTAGTGTCCTGGGT-1	Arabidopsis thaliana	leaf	Mesophyll	Mesophyll	True
scplantdb_DRP009643:DRX382001@@_TTCTAGTTCTTTCAGT-1	Arabidopsis thaliana	leaf	Mesophyll	Mesophyll	True
scplantdb_DRP009643:DRX382001@@_TTCTGTATCTGCTCTG-1	Arabidopsis thaliana	leaf	Mesophyll	Mesophyll	True
scplantdb_DRP009643:DRX382001@@_TTCTTGATCATTTCGT-1	Arabidopsis thaliana	leaf	Mesophyll	Mesophyll	True
scplantdb_DRP009643:DRX382001@@_TTGCATTGTACCGGCT-1	Arabidopsis thaliana	leaf	Mesophyll	Mesophyll	True
scplantdb_DRP009643:DRX382001@@_TTGCATTGTCATCCGG-1	Arabidopsis thaliana	leaf	Mesophyll	Mesophyll	True
scplantdb_DRP009643:DRX382001@@_TTGCGTCTCGAACTCA-1	Arabidopsis thaliana	leaf	Mesophyll	Mesophyll	True
scplantdb_DRP009643:DRX382001@@_TTGCTGCAGGAGAATG-1	Arabidopsis thaliana	leaf	Mesophyll	Mesophyll	True
scplantdb_DRP009643:DRX382001@@_TTTAGTCTCTGCGATA-1	Arabidopsis thaliana	leaf	Mesophyll	Mesophyll	True
scplantdb_DRP009643:DRX382001@@_TTTCACAGTCTTAGTG-1	Arabidopsis thaliana	leaf	Mesophyll	Mesophyll	True
scplantdb_DRP009643:DRX382001@@_TTTCACATCTGTTCAT-1	Arabidopsis thaliana	leaf	Vascular tissue	Mesophyll	True
scplantdb_DRP009643:DRX382001@@_TTTCCTCAGGCACTCC-1	Arabidopsis thaliana	leaf	Mesophyll	Mesophyll	True
scplantdb_DRP009643:DRX382001@@_TTTGGAGGTTGTGCAT-1	Arabidopsis thaliana	leaf	Mesophyll	Mesophyll	True
scplantdb_SRP148288:SRX4098368@@_TAACCCGCGCTA	Arabidopsis thaliana	root	Root cortex	unannotated root	False
scplantdb_SRP148288:SRX4098368@@_TGATTGATCTCC	Arabidopsis thaliana	root	Phloem	unannotated root	True
scplantdb_SRP148288:SRX4098368@@_ACGCGCACGATC	Arabidopsis thaliana	root	Phloem	unannotated root	True
scplantdb_SRP148288:SRX4098368@@_TGAGTTTAGCTA	Arabidopsis thaliana	root	Root cortex	unannotated root	False
scplantdb_SRP148288:SRX4098368@@_CTTACTATCCGT	Arabidopsis thaliana	root	Non-hair	unannotated root	False
scplantdb_SRP148288:SRX4098368@@_TCGGTTTTTCCG	Arabidopsis thaliana	root	Non-hair	unannotated root	False
scplantdb_SRP148288:SRX4098368@@_ACAGTGGCTCGG	Arabidopsis thaliana	root	Root cap	unannotated root	False
scplantdb_SRP148288:SRX4098368@@_TCTTGGCCGAGA	Arabidopsis thaliana	root	Root endodermis	unannotated root	False
scplantdb_SRP148288:SRX4098368@@_TTGTTGTCATAT	Arabidopsis thaliana	root	Root cortex	unannotated root	False
scplantdb_SRP148288:SRX4098368@@_GAGTCTGACTCC	Arabidopsis thaliana	root	Lateral root cap	unannotated root	False
scplantdb_SRP148288:SRX4098368@@_TCTGGTGGCGTC	Arabidopsis thaliana	root	Lateral root cap	unannotated root	False
scplantdb_SRP148288:SRX4098369@@_GATCTAGCGAGG	Arabidopsis thaliana	root	G2/M phase	unannotated root	False
scplantdb_SRP148288:SRX4098369@@_TTTGTGCTTAAT	Arabidopsis thaliana	root	Root cortex	unannotated root	False
scplantdb_SRP148288:SRX4098369@@_AGCTCGACCTTT	Arabidopsis thaliana	root	Root cap	unannotated root	False
scplantdb_SRP148288:SRX4098369@@_GTTTTCTCGATA	Arabidopsis thaliana	root	Root cortex	unannotated root	False
scplantdb_SRP148288:SRX4098369@@_ACGAAGTTCATA	Arabidopsis thaliana	root	S phase	unannotated root	False
scplantdb_SRP148288:SRX4098369@@_GGCCGTTTCAGA	Arabidopsis thaliana	root	Root cortex	unannotated root	False
scplantdb_SRP148288:SRX4098369@@_CATCAACGGTCC	Arabidopsis thaliana	root	S phase	unannotated root	False
scplantdb_SRP148288:SRX4098369@@_GCCTGGAAGGAG	Arabidopsis thaliana	root	S phase	unannotated root	False
scplantdb_SRP148288:SRX4098369@@_CAGAGGGTACAA	Arabidopsis thaliana	root	S phase	unannotated root	False
scplantdb_SRP148288:SRX4098369@@_TTGTGCGAGCCG	Arabidopsis thaliana	root	Root cap	unannotated root	False
scplantdb_SRP148288:SRX4098369@@_CACTAGGCCTCC	Arabidopsis thaliana	root	Root cortex	unannotated root	False
scplantdb_SRP148288:SRX4098369@@_CGATCAACAGCC	Arabidopsis thaliana	root	Root cortex	unannotated root	False
scplantdb_SRP148288:SRX4098369@@_ATTTGGAGACGC	Arabidopsis thaliana	root	Root cortex	unannotated root	False
scplantdb_SRP148288:SRX4098369@@_CCATTAGGCTGA	Arabidopsis thaliana	root	Root cortex	unannotated root	False
scplantdb_SRP148288:SRX4098369@@_GTGCTGTCGTTG	Arabidopsis thaliana	root	Root cap	unannotated root	False
scplantdb_SRP148288:SRX4098369@@_CCCCGGTAGCTA	Arabidopsis thaliana	root	Root cortex	unannotated root	False
scplantdb_SRP148288:SRX4098369@@_TTTGTTAAATCG	Arabidopsis thaliana	root	Phloem	unannotated root	True
scplantdb_SRP148288:SRX4098369@@_TTCACTCGCATA	Arabidopsis thaliana	root	Root cortex	unannotated root	False
scplantdb_SRP148288:SRX4098369@@_CCCAGAACTGGT	Arabidopsis thaliana	root	Root cortex	unannotated root	False
scplantdb_SRP148288:SRX4098369@@_AGCTTATGCGTT	Arabidopsis thaliana	root	Root cap	unannotated root	False
scplantdb_SRP148288:SRX4098369@@_GGTCATGGTCGC	Arabidopsis thaliana	root	Root cortex	unannotated root	False
scplantdb_SRP148288:SRX4098369@@_AATTTCGTCGCC	Arabidopsis thaliana	root	G2/M phase	unannotated root	False
scplantdb_SRP148288:SRX4098369@@_AGTTTGACCATA	Arabidopsis thaliana	root	G2/M phase	unannotated root	False
scplantdb_SRP148288:SRX4098369@@_GGCTGGGCCTTA	Arabidopsis thaliana	root	Root cortex	unannotated root	False
scplantdb_SRP148288:SRX4098369@@_TTCTCTACCACC	Arabidopsis thaliana	root	Root hair	unannotated root	False
scplantdb_SRP148288:SRX4098369@@_CGACTGTTCCAG	Arabidopsis thaliana	root	Root cap	unannotated root	False
scplantdb_SRP148288:SRX4098369@@_CAAAGCGACCCG	Arabidopsis thaliana	root	Root hair	unannotated root	False
scplantdb_SRP148288:SRX4098369@@_GGCGCGAAGCCA	Arabidopsis thaliana	root	Root cortex	unannotated root	False
scplantdb_SRP148288:SRX4098369@@_TTGATGGTTATG	Arabidopsis thaliana	root	Root cortex	unannotated root	False
scplantdb_SRP148288:SRX4098369@@_ATCTAAGATGGG	Arabidopsis thaliana	root	Xylem	unannotated root	True
scplantdb_SRP148288:SRX4098370@@_CCGGCTCTCCTG	Arabidopsis thaliana	root	G2/M phase	unannotated root	False
scplantdb_SRP148288:SRX4098370@@_AGCTCCGAAGAA	Arabidopsis thaliana	root	Unknow	unannotated root	True
scplantdb_SRP148288:SRX4098370@@_TTATTCTCTGGT	Arabidopsis thaliana	root	Lateral root cap	unannotated root	False
scplantdb_SRP148288:SRX4098370@@_TAGCCTTCAAAG	Arabidopsis thaliana	root	S phase	unannotated root	False
scplantdb_SRP148288:SRX4098370@@_CGCGCGGAACTG	Arabidopsis thaliana	root	Columella root cap	unannotated root	False
scplantdb_SRP148288:SRX4098370@@_GCCGCTGCACAG	Arabidopsis thaliana	root	Root cortex	unannotated root	False
scplantdb_SRP148288:SRX4098370@@_CAGATAAACAGG	Arabidopsis thaliana	root	G2/M phase	unannotated root	False
scplantdb_SRP148288:SRX4098370@@_GGGACTCTTGTG	Arabidopsis thaliana	root	Non-hair	unannotated root	False
scplantdb_SRP148288:SRX4098370@@_ATCCTATCCTCC	Arabidopsis thaliana	root	Root cortex	unannotated root	False
scplantdb_SRP148288:SRX4098370@@_AGATTATAGTTA	Arabidopsis thaliana	root	Root cortex	unannotated root	False
scplantdb_SRP148288:SRX4098370@@_CCCCACAACCTC	Arabidopsis thaliana	root	Root cap	unannotated root	False
scplantdb_SRP148288:SRX4098370@@_GCCGCTACCCGA	Arabidopsis thaliana	root	S phase	unannotated root	False
scplantdb_SRP148288:SRX4098370@@_AGCTTGCTGCAC	Arabidopsis thaliana	root	Root cortex	unannotated root	False
scplantdb_SRP148288:SRX4098370@@_AGCTTGCTGCCG	Arabidopsis thaliana	root	Root cortex	unannotated root	False
scplantdb_SRP148288:SRX4098370@@_GAAGACCGTGAA	Arabidopsis thaliana	root	Unknow	unannotated root	True
scplantdb_SRP148288:SRX4098370@@_CAAAGGAATCCT	Arabidopsis thaliana	root	Root cortex	unannotated root	False
scplantdb_SRP148288:SRX4098370@@_TCAACTGTACAA	Arabidopsis thaliana	root	G2/M phase	unannotated root	False
scplantdb_SRP148288:SRX4098370@@_CCTTTTGCCTGC	Arabidopsis thaliana	root	Root cortex	unannotated root	False
scplantdb_SRP148288:SRX4098370@@_TCGGCCAACGCC	Arabidopsis thaliana	root	Root cortex	unannotated root	False
scplantdb_SRP148288:SRX4098370@@_AAATGCTATAAC	Arabidopsis thaliana	root	Root cortex	unannotated root	False
scplantdb_SRP148288:SRX4098370@@_GTGACAGAGAGC	Arabidopsis thaliana	root	G2/M phase	unannotated root	False
scplantdb_SRP148288:SRX4098370@@_GAAGCGCATGTA	Arabidopsis thaliana	root	Root cap	unannotated root	False
scplantdb_SRP148288:SRX4098370@@_ATATCATCTTGC	Arabidopsis thaliana	root	Root cortex	unannotated root	False
scplantdb_SRP148288:SRX4098370@@_TATACAAAACAC	Arabidopsis thaliana	root	Root cap	unannotated root	False
scplantdb_SRP148288:SRX4098370@@_GATACACCCGGG	Arabidopsis thaliana	root	G2/M phase	unannotated root	False
scplantdb_SRP148288:SRX4098370@@_ACCAACCTTCGG	Arabidopsis thaliana	root	Unknow	unannotated root	True
scplantdb_SRP148288:SRX4098370@@_ATTTTGTCGCTG	Arabidopsis thaliana	root	G2/M phase	unannotated root	False
scplantdb_SRP148288:SRX4098370@@_CGATAAAGCAAT	Arabidopsis thaliana	root	Columella root cap	unannotated root	False
scplantdb_SRP148288:SRX4098370@@_CATTGCCACAGC	Arabidopsis thaliana	root	S phase	unannotated root	False
scplantdb_SRP148288:SRX4098370@@_AAAGCCCGGCAC	Arabidopsis thaliana	root	Root cortex	unannotated root	False
scplantdb_SRP148288:SRX4098370@@_GAATAGCCCTGG	Arabidopsis thaliana	root	Lateral root cap	unannotated root	False
scplantdb_SRP148288:SRX4098370@@_CGCCCCAAAGCT	Arabidopsis thaliana	root	Root hair	unannotated root	False
scplantdb_SRP148288:SRX4098370@@_AAAGCTCTGCCC	Arabidopsis thaliana	root	Root cortex	unannotated root	False
scplantdb_SRP148288:SRX4098370@@_GGACATGATCGC	Arabidopsis thaliana	root	Unknow	unannotated root	True
scplantdb_SRP148288:SRX4098370@@_GTCAGTGCCCTC	Arabidopsis thaliana	root	G2/M phase	unannotated root	False
scplantdb_SRP148288:SRX4098370@@_TTGCTCTGGGCA	Arabidopsis thaliana	root	G2/M phase	unannotated root	False
scplantdb_SRP148288:SRX4098370@@_CAAGCCACTGGC	Arabidopsis thaliana	root	Unknow	unannotated root	True
scplantdb_SRP148288:SRX4098370@@_GTATGATATGAC	Arabidopsis thaliana	root	Root cortex	unannotated root	False
scplantdb_SRP148288:SRX4098370@@_GTATGATATGAA	Arabidopsis thaliana	root	Root cortex	unannotated root	False
scplantdb_SRP148288:SRX4098370@@_GCGCGGGTTTCT	Arabidopsis thaliana	root	Root cap	unannotated root	False
scplantdb_SRP148288:SRX4098370@@_CTCCCTGCTTCT	Arabidopsis thaliana	root	Root cortex	unannotated root	False
scplantdb_SRP148288:SRX4098370@@_CCATGGGATAGC	Arabidopsis thaliana	root	Root cortex	unannotated root	False
scplantdb_SRP148288:SRX4098370@@_ACGGATTGCCGT	Arabidopsis thaliana	root	Root cap	unannotated root	False
scplantdb_SRP148288:SRX4098370@@_AATAACTATTTC	Arabidopsis thaliana	root	Unknow	unannotated root	True
scplantdb_SRP148288:SRX4098370@@_TTAATTGAGTTC	Arabidopsis thaliana	root	Unknow	unannotated root	True
scplantdb_SRP148288:SRX4098370@@_CAAATTGATCGT	Arabidopsis thaliana	root	S phase	unannotated root	False
scplantdb_SRP148288:SRX4098370@@_ATAGCCAGAATT	Arabidopsis thaliana	root	Root cortex	unannotated root	False
scplantdb_SRP148288:SRX4098370@@_AATGCCGCCCGC	Arabidopsis thaliana	root	Unknow	unannotated root	True
scplantdb_SRP148288:SRX4098370@@_GATTGTCAAGCG	Arabidopsis thaliana	root	S phase	unannotated root	False
scplantdb_SRP148288:SRX4098370@@_CCACACTTCGCG	Arabidopsis thaliana	root	Lateral root cap	unannotated root	False
scplantdb_SRP148288:SRX4098370@@_CTTTCAATTTTG	Arabidopsis thaliana	root	G2/M phase	unannotated root	False
scplantdb_SRP148288:SRX4098370@@_AAGGAGTGGGAC	Arabidopsis thaliana	root	G2/M phase	unannotated root	False
scplantdb_SRP148288:SRX4098370@@_AAAACCTACGAC	Arabidopsis thaliana	root	Root cap	unannotated root	False
scplantdb_SRP148288:SRX4098370@@_ATCGTTCCGGTC	Arabidopsis thaliana	root	Root cortex	unannotated root	False
scplantdb_SRP148288:SRX4098370@@_CCTACAGCATCA	Arabidopsis thaliana	root	Unknow	unannotated root	True
scplantdb_SRP148288:SRX4098370@@_TAGGAATTGTGA	Arabidopsis thaliana	root	Root cortex	unannotated root	False
scplantdb_SRP148288:SRX4098370@@_TGCTCTCATTTG	Arabidopsis thaliana	root	Root cortex	unannotated root	False
scplantdb_SRP148288:SRX4098370@@_GGGCTATGACGC	Arabidopsis thaliana	root	Root cortex	unannotated root	False
scplantdb_SRP148288:SRX4098370@@_GGCCAAACATCT	Arabidopsis thaliana	root	Non-hair	unannotated root	False
scplantdb_SRP148288:SRX4098370@@_AGGGCAATGATG	Arabidopsis thaliana	root	Root cortex	unannotated root	False
scplantdb_SRP148288:SRX4098370@@_CTTGATAAACCC	Arabidopsis thaliana	root	Root cap	unannotated root	False
scplantdb_SRP148288:SRX4098370@@_ACATGTCCCGCC	Arabidopsis thaliana	root	Unknow	unannotated root	True
scplantdb_SRP148288:SRX4098370@@_TCGGACCAAATA	Arabidopsis thaliana	root	Root cortex	unannotated root	False
scplantdb_SRP148288:SRX4098370@@_ATTACCCGTAGC	Arabidopsis thaliana	root	Root cortex	unannotated root	False
scplantdb_SRP148288:SRX4098370@@_CTGACATAAGCG	Arabidopsis thaliana	root	Root cap	unannotated root	False
scplantdb_SRP148288:SRX4098370@@_TATGTCAAGTCC	Arabidopsis thaliana	root	Root cortex	unannotated root	False
scplantdb_SRP148288:SRX4098370@@_AAAGGCAGCATG	Arabidopsis thaliana	root	Columella root cap	unannotated root	False
scplantdb_SRP148288:SRX4098370@@_GCGACCTCCCGG	Arabidopsis thaliana	root	G2/M phase	unannotated root	False
scplantdb_SRP148288:SRX4098370@@_CCGAGAGCCCCA	Arabidopsis thaliana	root	Root cortex	unannotated root	False
scplantdb_SRP148288:SRX4098370@@_CTGCAGCCAGTT	Arabidopsis thaliana	root	S phase	unannotated root	False
scplantdb_SRP148288:SRX4098370@@_CCCCAAAACGAC	Arabidopsis thaliana	root	Root cap	unannotated root	False
scplantdb_SRP148288:SRX4098370@@_AAGACTCTGGGC	Arabidopsis thaliana	root	G2/M phase	unannotated root	False
scplantdb_SRP148288:SRX4098370@@_GCCTATGCATAT	Arabidopsis thaliana	root	Root cap	unannotated root	False
scplantdb_SRP148288:SRX4098370@@_TACCAATTTTTC	Arabidopsis thaliana	root	Root cortex	unannotated root	False
scplantdb_SRP148288:SRX4098370@@_GGGCTCTGCCGC	Arabidopsis thaliana	root	Root cortex	unannotated root	False
scplantdb_SRP148288:SRX4098370@@_ATGCCTCTGGGC	Arabidopsis thaliana	root	G2/M phase	unannotated root	False
scplantdb_SRP148288:SRX4098370@@_TTGACCACCGTG	Arabidopsis thaliana	root	Root cap	unannotated root	False
scplantdb_SRP148288:SRX4098371@@_TCGGATTACTAT	Arabidopsis thaliana	root	Unknow	unannotated root	True
scplantdb_SRP148288:SRX4098371@@_ATTAAGACCGCC	Arabidopsis thaliana	root	G2/M phase	unannotated root	False
scplantdb_SRP148288:SRX4098371@@_AGCCTTCACAAT	Arabidopsis thaliana	root	G2/M phase	unannotated root	False
scplantdb_SRP148288:SRX4098371@@_TGAGTCCCCCAT	Arabidopsis thaliana	root	Unknow	unannotated root	True
scplantdb_SRP148288:SRX4098371@@_CTTATTGGCAAC	Arabidopsis thaliana	root	Root hair	unannotated root	False
scplantdb_SRP148288:SRX4098371@@_GCCTGACCTTCC	Arabidopsis thaliana	root	Root cortex	unannotated root	False
scplantdb_SRP148288:SRX4098371@@_TTCATGTTCTCA	Arabidopsis thaliana	root	Root hair	unannotated root	False
scplantdb_SRP148288:SRX4098371@@_TTTGTTATCTCC	Arabidopsis thaliana	root	G2/M phase	unannotated root	False
scplantdb_SRP148288:SRX4098371@@_TAATACCGGAAA	Arabidopsis thaliana	root	Unknow	unannotated root	True
scplantdb_SRP148288:SRX4098371@@_ACCGACCCTTGG	Arabidopsis thaliana	root	Root cap	unannotated root	False
scplantdb_SRP148288:SRX4098371@@_GATTATATCCAG	Arabidopsis thaliana	root	Unknow	unannotated root	True
scplantdb_SRP148288:SRX4098371@@_ATTTGAATCAAT	Arabidopsis thaliana	root	G2/M phase	unannotated root	False
scplantdb_SRP148288:SRX4098371@@_GCGCATGTCATA	Arabidopsis thaliana	root	S phase	unannotated root	False
scplantdb_SRP148288:SRX4098371@@_AAGGAGAGTGTA	Arabidopsis thaliana	root	G2/M phase	unannotated root	False
scplantdb_SRP148288:SRX4098371@@_CGATTAATACAA	Arabidopsis thaliana	root	Lateral root cap	unannotated root	False
scplantdb_SRP148288:SRX4098371@@_AATTGTGGCCTA	Arabidopsis thaliana	root	G2/M phase	unannotated root	False
scplantdb_SRP148288:SRX4098371@@_GAGCAGCCCGAA	Arabidopsis thaliana	root	Root cortex	unannotated root	False
scplantdb_SRP148288:SRX4098371@@_TACATGTTGTCA	Arabidopsis thaliana	root	Root hair	unannotated root	False
scplantdb_SRP148288:SRX4098371@@_TGCCGCACGAAT	Arabidopsis thaliana	root	G2/M phase	unannotated root	False
scplantdb_SRP148288:SRX4098371@@_ACTCTAGACAAA	Arabidopsis thaliana	root	G2/M phase	unannotated root	False
scplantdb_SRP148288:SRX4098371@@_TGATTTTAGGCA	Arabidopsis thaliana	root	G2/M phase	unannotated root	False
scplantdb_SRP148288:SRX4098371@@_TTGAATCCATGT	Arabidopsis thaliana	root	Lateral root cap	unannotated root	False
scplantdb_SRP148288:SRX4098371@@_TAGCAGCCCGCA	Arabidopsis thaliana	root	G2/M phase	unannotated root	False
scplantdb_SRP148288:SRX4098371@@_GAGCCGCAATAT	Arabidopsis thaliana	root	G2/M phase	unannotated root	False
scplantdb_SRP148288:SRX4098371@@_TTCCCTAACTCG	Arabidopsis thaliana	root	Root cortex	unannotated root	False
scplantdb_SRP148288:SRX4098371@@_GACTTCGTGCAG	Arabidopsis thaliana	root	G2/M phase	unannotated root	False
scplantdb_SRP148288:SRX4098371@@_CCAGGTGGTGCC	Arabidopsis thaliana	root	S phase	unannotated root	False
scplantdb_SRP148288:SRX4098371@@_GGGGAGGCTATC	Arabidopsis thaliana	root	G2/M phase	unannotated root	False
scplantdb_SRP148288:SRX4098371@@_GCGCTTACGTGC	Arabidopsis thaliana	root	G2/M phase	unannotated root	False
scplantdb_SRP148288:SRX4098371@@_AAAGCTATCTCA	Arabidopsis thaliana	root	Root cap	unannotated root	False
scplantdb_SRP148288:SRX4098371@@_TGAAAAATTTTT	Arabidopsis thaliana	root	Unknow	unannotated root	True
scplantdb_SRP148288:SRX4098371@@_ATGGCATCTTAT	Arabidopsis thaliana	root	G2/M phase	unannotated root	False
scplantdb_SRP148288:SRX4098371@@_GATCTGACGTTC	Arabidopsis thaliana	root	S phase	unannotated root	False
scplantdb_SRP148288:SRX4098371@@_AGAACTCAGACG	Arabidopsis thaliana	root	Root cortex	unannotated root	False
scplantdb_SRP148288:SRX4098371@@_TTCGATCTACCA	Arabidopsis thaliana	root	G2/M phase	unannotated root	False
scplantdb_SRP148288:SRX4098371@@_CTCCTCTCCAGA	Arabidopsis thaliana	root	Root cortex	unannotated root	False
scplantdb_SRP148288:SRX4098371@@_GAGTCCGAGCTA	Arabidopsis thaliana	root	Unknow	unannotated root	True
scplantdb_SRP148288:SRX4098371@@_AACTCGTTAATT	Arabidopsis thaliana	root	G2/M phase	unannotated root	False
scplantdb_SRP148288:SRX4098371@@_CAGCAAAACTTG	Arabidopsis thaliana	root	G2/M phase	unannotated root	False
scplantdb_SRP148288:SRX4098371@@_AGTCACAACGAA	Arabidopsis thaliana	root	Root cap	unannotated root	False
scplantdb_SRP148288:SRX4098371@@_AGCGTACCCCGG	Arabidopsis thaliana	root	G2/M phase	unannotated root	False
scplantdb_SRP148288:SRX4098371@@_ACCTAGGTTCCG	Arabidopsis thaliana	root	G2/M phase	unannotated root	False
scplantdb_SRP148288:SRX4098371@@_TGAGGGTATTCT	Arabidopsis thaliana	root	S phase	unannotated root	False
scplantdb_SRP148288:SRX4098371@@_TTTTATTTTTAA	Arabidopsis thaliana	root	G2/M phase	unannotated root	False
scplantdb_SRP148288:SRX4098371@@_AAGCCGCGATAT	Arabidopsis thaliana	root	G2/M phase	unannotated root	False
scplantdb_SRP148288:SRX4098371@@_CGCGAGAGGCGT	Arabidopsis thaliana	root	G2/M phase	unannotated root	False
scplantdb_SRP148288:SRX4098371@@_TATCCAACCTCG	Arabidopsis thaliana	root	Root cortex	unannotated root	False
scplantdb_SRP148288:SRX4098371@@_GTAGCTATTTCT	Arabidopsis thaliana	root	Root hair	unannotated root	False
scplantdb_SRP148288:SRX4098371@@_ATCTCTGTTTGC	Arabidopsis thaliana	root	G2/M phase	unannotated root	False
scplantdb_SRP148288:SRX4098371@@_AGATTGCGCCTC	Arabidopsis thaliana	root	Unknow	unannotated root	True
scplantdb_SRP148288:SRX4098371@@_GTCATGTTGTCA	Arabidopsis thaliana	root	Root hair	unannotated root	False
scplantdb_SRP148288:SRX4098371@@_GCGTACGAGCTA	Arabidopsis thaliana	root	S phase	unannotated root	False
scplantdb_SRP148288:SRX4098371@@_TAAACATTGTTA	Arabidopsis thaliana	root	S phase	unannotated root	False
scplantdb_SRP148288:SRX4098371@@_TTACTTCCTTTA	Arabidopsis thaliana	root	S phase	unannotated root	False
scplantdb_SRP148288:SRX4098371@@_GAAATGTCACGG	Arabidopsis thaliana	root	Root hair	unannotated root	False
scplantdb_SRP148288:SRX4098372@@_GGTCGCTTGCGA	Arabidopsis thaliana	root	Root cap	unannotated root	False
scplantdb_SRP148288:SRX4098372@@_CGGTATATGGAC	Arabidopsis thaliana	root	Root cap	unannotated root	False
scplantdb_SRP148288:SRX4098372@@_CTTGCGGAGCGG	Arabidopsis thaliana	root	Root cap	unannotated root	False
scplantdb_SRP148288:SRX4098372@@_ATATTTTTAGGA	Arabidopsis thaliana	root	Root cap	unannotated root	False
scplantdb_SRP148288:SRX4098372@@_GTGTTCTGCCAC	Arabidopsis thaliana	root	Root cap	unannotated root	False
scplantdb_SRP148288:SRX4098372@@_TCATATTCTTTA	Arabidopsis thaliana	root	Root cortex	unannotated root	False
scplantdb_SRP148288:SRX4098372@@_TGACTATCCTGT	Arabidopsis thaliana	root	Root hair	unannotated root	False
scplantdb_SRP148288:SRX4098372@@_CTCTCCAAGAAA	Arabidopsis thaliana	root	Non-hair	unannotated root	False
scplantdb_SRP148288:SRX4098372@@_GGGCTCATAATT	Arabidopsis thaliana	root	G2/M phase	unannotated root	False
scplantdb_SRP148288:SRX4098372@@_GACTGCGGAAAT	Arabidopsis thaliana	root	Columella root cap	unannotated root	False
scplantdb_SRP148288:SRX4098372@@_TCGCATAATCAG	Arabidopsis thaliana	root	Lateral root cap	unannotated root	False
scplantdb_SRP148288:SRX4098372@@_GGCTCGACTTCT	Arabidopsis thaliana	root	S phase	unannotated root	False
scplantdb_SRP148288:SRX4098372@@_CGGCGCCGTCTG	Arabidopsis thaliana	root	Root hair	unannotated root	False
scplantdb_SRP148288:SRX4098372@@_ATACAGAGAGTT	Arabidopsis thaliana	root	Root cap	unannotated root	False
scplantdb_SRP148288:SRX4098372@@_CGCCATCACGCC	Arabidopsis thaliana	root	Lateral root cap	unannotated root	False
scplantdb_SRP148288:SRX4098372@@_GGGGTATACATC	Arabidopsis thaliana	root	G2/M phase	unannotated root	False
scplantdb_SRP148288:SRX4098372@@_TCTCACGCGGTG	Arabidopsis thaliana	root	Phloem	unannotated root	True
scplantdb_SRP148288:SRX4098372@@_CACGTCGTGCCG	Arabidopsis thaliana	root	Phloem	unannotated root	True
scplantdb_SRP148288:SRX4098372@@_AGGGACTGGTGA	Arabidopsis thaliana	root	Unknow	unannotated root	True
scplantdb_SRP148288:SRX4098372@@_GACACATTTGGG	Arabidopsis thaliana	root	Root cap	unannotated root	False
scplantdb_SRP148288:SRX4098372@@_CGCCATCCTTTC	Arabidopsis thaliana	root	Xylem	unannotated root	True
scplantdb_SRP148288:SRX4098372@@_TTTAGTCCCATT	Arabidopsis thaliana	root	Root cap	unannotated root	False
scplantdb_SRP148288:SRX4098372@@_AGAAAGGAGGCA	Arabidopsis thaliana	root	S phase	unannotated root	False
scplantdb_SRP148288:SRX4098372@@_ATTGTGCGCCCC	Arabidopsis thaliana	root	Unknow	unannotated root	True
scplantdb_SRP148288:SRX4098372@@_CCCCCTAACGCA	Arabidopsis thaliana	root	Root cortex	unannotated root	False
scplantdb_SRP148288:SRX4098372@@_CGGATCTCACCT	Arabidopsis thaliana	root	G2/M phase	unannotated root	False
scplantdb_SRP148288:SRX4098372@@_CGGATCTCACCC	Arabidopsis thaliana	root	Columella root cap	unannotated root	False
scplantdb_SRP148288:SRX4098372@@_TGGTCAGTAGTC	Arabidopsis thaliana	root	Unknow	unannotated root	True
scplantdb_SRP148288:SRX4098372@@_CGCAAGTCGGCC	Arabidopsis thaliana	root	S phase	unannotated root	False
scplantdb_SRP148288:SRX4098372@@_CGCAAGTCGGCG	Arabidopsis thaliana	root	Root cap	unannotated root	False
scplantdb_SRP148288:SRX4098372@@_AAATTGAGAATC	Arabidopsis thaliana	root	Root cap	unannotated root	False
scplantdb_SRP148288:SRX4098372@@_GAGTTTTTTAGG	Arabidopsis thaliana	root	Non-hair	unannotated root	False
scplantdb_SRP148288:SRX4098372@@_CTTGTGCGCGCC	Arabidopsis thaliana	root	S phase	unannotated root	False
scplantdb_SRP148288:SRX4098372@@_TTTACTTCTTGA	Arabidopsis thaliana	root	Root hair	unannotated root	False
scplantdb_SRP148288:SRX4098372@@_GATGTACTGGAT	Arabidopsis thaliana	root	Columella root cap	unannotated root	False
scplantdb_SRP148288:SRX4098372@@_TGACGATAATAA	Arabidopsis thaliana	root	G2/M phase	unannotated root	False
scplantdb_SRP148288:SRX4098372@@_TTCAATAGCCGA	Arabidopsis thaliana	root	S phase	unannotated root	False
scplantdb_SRP148288:SRX4098372@@_ACCCTCAAATCG	Arabidopsis thaliana	root	Root cap	unannotated root	False
scplantdb_SRP148288:SRX4098372@@_TTACATTTTAAA	Arabidopsis thaliana	root	Unknow	unannotated root	True
scplantdb_SRP148288:SRX4098372@@_ACCCGCGGACCA	Arabidopsis thaliana	root	S phase	unannotated root	False
scplantdb_SRP148288:SRX4098372@@_CTGAGGTCAGAG	Arabidopsis thaliana	root	Root cap	unannotated root	False
scplantdb_SRP148288:SRX4098372@@_CCCGGAAATATA	Arabidopsis thaliana	root	Unknow	unannotated root	True
scplantdb_SRP148288:SRX4098372@@_ATTCACCAAAAA	Arabidopsis thaliana	root	G2/M phase	unannotated root	False
scplantdb_SRP148288:SRX4098372@@_GCGGGCGGAAGG	Arabidopsis thaliana	root	G2/M phase	unannotated root	False
scplantdb_SRP148288:SRX4098372@@_CCTAAATAAGCA	Arabidopsis thaliana	root	Root cortex	unannotated root	False
scplantdb_SRP148288:SRX4098372@@_CACTACCTCTGT	Arabidopsis thaliana	root	Root hair	unannotated root	False
scplantdb_SRP148288:SRX4098372@@_AGACTTGCGGCT	Arabidopsis thaliana	root	Phloem	unannotated root	True
scplantdb_SRP148288:SRX4098372@@_AATATCCTGTGA	Arabidopsis thaliana	root	S phase	unannotated root	False
scplantdb_SRP148288:SRX4098372@@_GATGAACTCTTT	Arabidopsis thaliana	root	Root hair	unannotated root	False
scplantdb_SRP148288:SRX4098373@@_CTTGTCTGGCGC	Arabidopsis thaliana	root	S phase	unannotated root	False
scplantdb_SRP148288:SRX4098373@@_GTGCGACCATCC	Arabidopsis thaliana	root	S phase	unannotated root	False
scplantdb_SRP148288:SRX4098373@@_TAATTACTGAAG	Arabidopsis thaliana	root	Root hair	unannotated root	False
scplantdb_SRP148288:SRX4098373@@_ACCGTGAACTTC	Arabidopsis thaliana	root	Root cap	unannotated root	False
scplantdb_SRP148288:SRX4098373@@_ATAGTCAGTACT	Arabidopsis thaliana	root	Root cap	unannotated root	False
scplantdb_SRP148288:SRX4098373@@_AATATTATTGTT	Arabidopsis thaliana	root	G2/M phase	unannotated root	False
scplantdb_SRP148288:SRX4098373@@_AACTTGGGCGTC	Arabidopsis thaliana	root	Root cortex	unannotated root	False
scplantdb_SRP148288:SRX4098373@@_ACACCTGTCCTG	Arabidopsis thaliana	root	Root cortex	unannotated root	False
scplantdb_SRP148288:SRX4098373@@_CTTAAACCCATA	Arabidopsis thaliana	root	Non-hair	unannotated root	False
scplantdb_SRP148288:SRX4098373@@_AAACCTTATGTA	Arabidopsis thaliana	root	Unknow	unannotated root	True
scplantdb_SRP148288:SRX4098373@@_ATGCCAGCAAGA	Arabidopsis thaliana	root	Root cortex	unannotated root	False
scplantdb_SRP148288:SRX4098373@@_TTAGCCACTCAC	Arabidopsis thaliana	root	S phase	unannotated root	False
scplantdb_SRP148288:SRX4098373@@_GTCCATTGCCGA	Arabidopsis thaliana	root	Root cap	unannotated root	False
scplantdb_SRP148288:SRX4098373@@_CGTCGAATTGCT	Arabidopsis thaliana	root	S phase	unannotated root	False
scplantdb_SRP148288:SRX4098373@@_CCCTGGCTGTTT	Arabidopsis thaliana	root	Non-hair	unannotated root	False
scplantdb_SRP148288:SRX4098373@@_GAACTGTACTGG	Arabidopsis thaliana	root	G2/M phase	unannotated root	False
scplantdb_SRP148288:SRX4098373@@_CATCCCTACACA	Arabidopsis thaliana	root	Root cap	unannotated root	False
scplantdb_SRP148288:SRX4098373@@_GTGTTCTCGTGT	Arabidopsis thaliana	root	S phase	unannotated root	False
scplantdb_SRP148288:SRX4098373@@_ATCGTTGTGCTC	Arabidopsis thaliana	root	Columella root cap	unannotated root	False
scplantdb_SRP148288:SRX4098373@@_AGTGACGTACTG	Arabidopsis thaliana	root	Root cap	unannotated root	False
scplantdb_SRP148288:SRX4098373@@_TGTTAGTCCCTG	Arabidopsis thaliana	root	Root cortex	unannotated root	False
scplantdb_SRP148288:SRX4098373@@_AACACTCTCTAA	Arabidopsis thaliana	root	S phase	unannotated root	False
scplantdb_SRP148288:SRX4098373@@_GTGCCGAGGCCG	Arabidopsis thaliana	root	Root cap	unannotated root	False
scplantdb_SRP148288:SRX4098373@@_CGTACGCCGGGA	Arabidopsis thaliana	root	G2/M phase	unannotated root	False
scplantdb_SRP148288:SRX4098373@@_AGTACGCAGGGA	Arabidopsis thaliana	root	G2/M phase	unannotated root	False
scplantdb_SRP148288:SRX4098373@@_CAGCTAAATCCC	Arabidopsis thaliana	root	Columella root cap	unannotated root	False
scplantdb_SRP148288:SRX4098373@@_GGGCGCTGTACG	Arabidopsis thaliana	root	Lateral root cap	unannotated root	False
scplantdb_SRP148288:SRX4098373@@_ATCCTGAGACGG	Arabidopsis thaliana	root	G2/M phase	unannotated root	False
scplantdb_SRP148288:SRX4098373@@_CTCGTCGCAGCG	Arabidopsis thaliana	root	G2/M phase	unannotated root	False
scplantdb_SRP148288:SRX4098373@@_GGCTTAACTTTT	Arabidopsis thaliana	root	S phase	unannotated root	False
scplantdb_SRP148288:SRX4098373@@_CATGTGGAAATT	Arabidopsis thaliana	root	Columella root cap	unannotated root	False
scplantdb_SRP148288:SRX4098373@@_TTGCGTAAGACC	Arabidopsis thaliana	root	Root cap	unannotated root	False
scplantdb_SRP148288:SRX4098373@@_GTAATGTACTAG	Arabidopsis thaliana	root	G2/M phase	unannotated root	False
scplantdb_SRP148288:SRX4098373@@_TACCATATAAGC	Arabidopsis thaliana	root	Root cap	unannotated root	False
scplantdb_SRP169576:SRX5025979@@_GCGTAGGCCGAC	Arabidopsis thaliana	root	Non-hair	unannotated root	False
scplantdb_SRP169576:SRX5025979@@_AAGGGACGTGCT	Arabidopsis thaliana	root	Non-hair	unannotated root	False
scplantdb_SRP169576:SRX5025979@@_CTTTGGAACGCT	Arabidopsis thaliana	root	Root cortex	unannotated root	False
scplantdb_SRP169576:SRX5025979@@_AACTGCCCCAGT	Arabidopsis thaliana	root	Lateral root cap	unannotated root	False
scplantdb_SRP169576:SRX5025979@@_GACAGGGTACTC	Arabidopsis thaliana	root	Root endodermis	unannotated root	False
scplantdb_SRP169576:SRX5025979@@_CAGTATTCGTTT	Arabidopsis thaliana	root	Root hair	unannotated root	False
scplantdb_SRP169576:SRX5025979@@_GCCTGGTCGCGT	Arabidopsis thaliana	root	Root endodermis	unannotated root	False
scplantdb_SRP169576:SRX5025979@@_ACACTCGACACA	Arabidopsis thaliana	root	Root endodermis	unannotated root	False
scplantdb_SRP169576:SRX5025979@@_TTGACTCCGTCC	Arabidopsis thaliana	root	Non-hair	unannotated root	False
scplantdb_SRP169576:SRX5025979@@_GAAATAGGGAAT	Arabidopsis thaliana	root	Root hair	unannotated root	False
scplantdb_SRP169576:SRX5025979@@_GAAGCGTCATTC	Arabidopsis thaliana	root	Root stele	unannotated root	False
scplantdb_SRP169576:SRX5025979@@_TAATCCCATGAA	Arabidopsis thaliana	root	Lateral root cap	unannotated root	False
scplantdb_SRP169576:SRX5025979@@_AAGTCCCTGATC	Arabidopsis thaliana	root	Root endodermis	unannotated root	False
scplantdb_SRP169576:SRX5025979@@_AGCCCGACTAAT	Arabidopsis thaliana	root	Unknow	unannotated root	True
scplantdb_SRP169576:SRX5025979@@_CCAAGAGGAACT	Arabidopsis thaliana	root	S phase	unannotated root	False
scplantdb_SRP169576:SRX5025979@@_ATCATTACGCTG	Arabidopsis thaliana	root	Root endodermis	unannotated root	False
scplantdb_SRP169576:SRX5025979@@_CAAGTACTACAA	Arabidopsis thaliana	root	Root cap	unannotated root	False
scplantdb_SRP169576:SRX5025979@@_CATCAAGCAGTG	Arabidopsis thaliana	root	Unknow	unannotated root	True
scplantdb_SRP169576:SRX5025979@@_GCCGCTTTTGAG	Arabidopsis thaliana	root	Lateral root cap	unannotated root	False
scplantdb_SRP169576:SRX5025979@@_ACATCTACTGAA	Arabidopsis thaliana	root	Lateral root cap	unannotated root	False
scplantdb_SRP169576:SRX5025979@@_AGGGCGATTCAC	Arabidopsis thaliana	root	Root cap	unannotated root	False
scplantdb_SRP169576:SRX5025979@@_TCGCCTCCGCGC	Arabidopsis thaliana	root	Root hair	unannotated root	False
scplantdb_SRP169576:SRX5025979@@_AAGCATAGAAGA	Arabidopsis thaliana	root	Non-hair	unannotated root	False
scplantdb_SRP169576:SRX5025979@@_GCGCAAAATCAT	Arabidopsis thaliana	root	Root endodermis	unannotated root	False
scplantdb_SRP169576:SRX5025979@@_TCATAAGAGTTC	Arabidopsis thaliana	root	Root stele	unannotated root	False
scplantdb_SRP169576:SRX5025979@@_AACCGGAGCAGC	Arabidopsis thaliana	root	Unknow	unannotated root	True
scplantdb_SRP169576:SRX5025979@@_ATAAAGGAGGAT	Arabidopsis thaliana	root	Root hair	unannotated root	False
scplantdb_SRP169576:SRX5025979@@_CTCAAAATGTCA	Arabidopsis thaliana	root	Unknow	unannotated root	True
scplantdb_SRP169576:SRX5025980@@_GGTCGCTGTTGG	Arabidopsis thaliana	root	Root cortex	unannotated root	False
scplantdb_SRP169576:SRX5025980@@_CGTCCAGGATTG	Arabidopsis thaliana	root	Root cap	unannotated root	False
scplantdb_SRP169576:SRX5025980@@_ACGATCTCGTTG	Arabidopsis thaliana	root	Root hair	unannotated root	False
scplantdb_SRP169576:SRX5025980@@_GCGTCCTGCTAG	Arabidopsis thaliana	root	Xylem	unannotated root	True
scplantdb_SRP169576:SRX5025980@@_CATTCTGACTGC	Arabidopsis thaliana	root	Non-hair	unannotated root	False
scplantdb_SRP169576:SRX5025980@@_GCACGCTGGCTG	Arabidopsis thaliana	root	Lateral root cap	unannotated root	False
scplantdb_SRP169576:SRX5025980@@_TGATGAAGTCTG	Arabidopsis thaliana	root	Root hair	unannotated root	False
scplantdb_SRP169576:SRX5025980@@_CTATCGTAAACG	Arabidopsis thaliana	root	Lateral root cap	unannotated root	False
scplantdb_SRP169576:SRX5025980@@_GACTTATACTCC	Arabidopsis thaliana	root	Unknow	unannotated root	True
scplantdb_SRP169576:SRX5025980@@_CTAGCCAACTCC	Arabidopsis thaliana	root	Root hair	unannotated root	False
scplantdb_SRP169576:SRX5025980@@_AAGCGGCCGTCA	Arabidopsis thaliana	root	Root cortex	unannotated root	False
scplantdb_SRP169576:SRX5025980@@_GGCCGACTTCCC	Arabidopsis thaliana	root	Root endodermis	unannotated root	False
scplantdb_SRP169576:SRX5025980@@_GTATCGGTAAGA	Arabidopsis thaliana	root	Non-hair	unannotated root	False
scplantdb_SRP169576:SRX5025980@@_CCTGCTGGGCAA	Arabidopsis thaliana	root	Unknow	unannotated root	True
scplantdb_SRP169576:SRX5025980@@_TGCCTCATGCAG	Arabidopsis thaliana	root	Root cortex	unannotated root	False
scplantdb_SRP169576:SRX5025980@@_AGTGACGTTACG	Arabidopsis thaliana	root	Root endodermis	unannotated root	False
scplantdb_SRP169576:SRX5025980@@_AACGTTACGCGA	Arabidopsis thaliana	root	Lateral root cap	unannotated root	False
scplantdb_SRP169576:SRX5025980@@_TCGCTGTGGGAC	Arabidopsis thaliana	root	Root cap	unannotated root	False
scplantdb_SRP169576:SRX5025980@@_GCGCATTAGTGT	Arabidopsis thaliana	root	Lateral root cap	unannotated root	False
scplantdb_SRP169576:SRX5025980@@_CCACAAAGCAGT	Arabidopsis thaliana	root	Unknow	unannotated root	True
scplantdb_SRP169576:SRX5025980@@_CATCAAATAGAA	Arabidopsis thaliana	root	Root stele	unannotated root	False
scplantdb_SRP169576:SRX5025980@@_AATATTTCGCGT	Arabidopsis thaliana	root	Non-hair	unannotated root	False
scplantdb_SRP169576:SRX5025980@@_AGAGCCCCCCAG	Arabidopsis thaliana	root	Unknow	unannotated root	True
scplantdb_SRP169576:SRX5025980@@_AAGTTCTAACGT	Arabidopsis thaliana	root	Lateral root cap	unannotated root	False
scplantdb_SRP169576:SRX5025980@@_AGGACACCCACA	Arabidopsis thaliana	root	Root hair	unannotated root	False
scplantdb_SRP169576:SRX5025980@@_TAATCATTCCAT	Arabidopsis thaliana	root	Root cortex	unannotated root	False
scplantdb_SRP169576:SRX5025981@@_GTGGCTAAATGG	Arabidopsis thaliana	root	Root stele	unannotated root	False
scplantdb_SRP169576:SRX5025981@@_GACCGTCAGCAG	Arabidopsis thaliana	root	Root cortex	unannotated root	False
scplantdb_SRP169576:SRX5025981@@_GACTCACTTCCT	Arabidopsis thaliana	root	Unknow	unannotated root	True
scplantdb_SRP169576:SRX5025981@@_ACATGGTCAACC	Arabidopsis thaliana	root	Unknow	unannotated root	True
scplantdb_SRP169576:SRX5025981@@_CCATTCCCTACA	Arabidopsis thaliana	root	Unknow	unannotated root	True
scplantdb_SRP169576:SRX5025981@@_ATATCTTACTCT	Arabidopsis thaliana	root	Root stele	unannotated root	False
scplantdb_SRP169576:SRX5025981@@_CAGCCGGTAGCA	Arabidopsis thaliana	root	Unknow	unannotated root	True
scplantdb_SRP169576:SRX5025981@@_CCGCACGCCTCG	Arabidopsis thaliana	root	Root hair	unannotated root	False
scplantdb_SRP169576:SRX5025981@@_GACTTCAACTGG	Arabidopsis thaliana	root	Unknow	unannotated root	True
scplantdb_SRP169576:SRX5025981@@_TTCCAGTAACGC	Arabidopsis thaliana	root	Unknow	unannotated root	True
scplantdb_SRP169576:SRX5025981@@_AGTATGCAGGTA	Arabidopsis thaliana	root	Root hair	unannotated root	False
scplantdb_SRP169576:SRX5025981@@_TTCTGATGCACC	Arabidopsis thaliana	root	Root stele	unannotated root	False
scplantdb_SRP169576:SRX5025981@@_GCGGGTCTAACC	Arabidopsis thaliana	root	Non-hair	unannotated root	False
scplantdb_SRP169576:SRX5025981@@_ATCTTTCAGCGT	Arabidopsis thaliana	root	Unknow	unannotated root	True
scplantdb_SRP169576:SRX5025981@@_CTCCGCATGATC	Arabidopsis thaliana	root	Root stele	unannotated root	False
scplantdb_SRP169576:SRX5025981@@_CTCCGCATGAAC	Arabidopsis thaliana	root	Root stele	unannotated root	False
scplantdb_SRP169576:SRX5025981@@_TGGGCCTACCCG	Arabidopsis thaliana	root	Root hair	unannotated root	False
scplantdb_SRP169576:SRX5025981@@_TCAGAACGTGTC	Arabidopsis thaliana	root	Root hair	unannotated root	False
scplantdb_SRP169576:SRX5025981@@_TGGGCCTACTAC	Arabidopsis thaliana	root	Root hair	unannotated root	False
scplantdb_SRP169576:SRX5025981@@_GCGCACGCATCA	Arabidopsis thaliana	root	Unknow	unannotated root	True
scplantdb_SRP169576:SRX5025981@@_TATTTCGCTAGG	Arabidopsis thaliana	root	Unknow	unannotated root	True
scplantdb_SRP169576:SRX5025981@@_GGAGAGAGCTCC	Arabidopsis thaliana	root	Lateral root cap	unannotated root	False
scplantdb_SRP169576:SRX5025981@@_AACCTGACTCTG	Arabidopsis thaliana	root	Columella root cap	unannotated root	False
scplantdb_SRP169576:SRX5025981@@_CCATTGCGCCTT	Arabidopsis thaliana	root	Unknow	unannotated root	True
scplantdb_SRP169576:SRX5025981@@_AGCGGAATCTAC	Arabidopsis thaliana	root	Root hair	unannotated root	False
scplantdb_SRP169576:SRX5025981@@_CGTCTTATTAGG	Arabidopsis thaliana	root	Root hair	unannotated root	False
scplantdb_SRP169576:SRX5025981@@_AGCGGAATCGCG	Arabidopsis thaliana	root	Root hair	unannotated root	False
scplantdb_SRP169576:SRX5025981@@_CTCGGAATACAA	Arabidopsis thaliana	root	Root endodermis	unannotated root	False
scplantdb_SRP169576:SRX5025981@@_CACTCGCACGTG	Arabidopsis thaliana	root	Root stele	unannotated root	False
scplantdb_SRP169576:SRX5025981@@_ACGCACGATTGT	Arabidopsis thaliana	root	S phase	unannotated root	False
scplantdb_SRP169576:SRX5025981@@_CAATAGTGAGAT	Arabidopsis thaliana	root	Unknow	unannotated root	True
scplantdb_SRP169576:SRX5025981@@_ACATAATGATCA	Arabidopsis thaliana	root	Unknow	unannotated root	True
scplantdb_SRP169576:SRX5025981@@_GCGTGTTGGTTC	Arabidopsis thaliana	root	Unknow	unannotated root	True
scplantdb_SRP169576:SRX5025981@@_TTACCCGCTTTT	Arabidopsis thaliana	root	Unknow	unannotated root	True
scplantdb_SRP169576:SRX5025981@@_ACGTAAGTGGCG	Arabidopsis thaliana	root	Root cap	unannotated root	False
scplantdb_SRP169576:SRX5025981@@_GCTGTACACTCG	Arabidopsis thaliana	root	Unknow	unannotated root	True
scplantdb_SRP169576:SRX5025981@@_TGTAATATCGGA	Arabidopsis thaliana	root	Root hair	unannotated root	False
scplantdb_SRP169576:SRX5025981@@_GGAGAGAGTCGC	Arabidopsis thaliana	root	Root hair	unannotated root	False
scplantdb_SRP169576:SRX5025981@@_ATTGCAGGTAGG	Arabidopsis thaliana	root	Root hair	unannotated root	False
scplantdb_SRP169576:SRX5025981@@_TCCCACTGGTTT	Arabidopsis thaliana	root	Root cortex	unannotated root	False
scplantdb_SRP169576:SRX5025981@@_GTCGATCTTCAA	Arabidopsis thaliana	root	Unknow	unannotated root	True
scplantdb_SRP169576:SRX5025981@@_ACCCCCCATCCC	Arabidopsis thaliana	root	Unknow	unannotated root	True
scplantdb_SRP169576:SRX5025981@@_TCCGTCGAACCC	Arabidopsis thaliana	root	Unknow	unannotated root	True
scplantdb_SRP169576:SRX5025981@@_GCTTTACTATAC	Arabidopsis thaliana	root	Unknow	unannotated root	True
scplantdb_SRP169576:SRX5025981@@_TCATACATGTTA	Arabidopsis thaliana	root	Lateral root cap	unannotated root	False
scplantdb_SRP169576:SRX5025981@@_TTTATCTCCACT	Arabidopsis thaliana	root	Root cap	unannotated root	False
scplantdb_SRP169576:SRX5025981@@_ATCCTCGGAGTT	Arabidopsis thaliana	root	Non-hair	unannotated root	False
scplantdb_SRP169576:SRX5025981@@_ATCCCAGGATGG	Arabidopsis thaliana	root	Unknow	unannotated root	True
scplantdb_SRP169576:SRX5025981@@_AGGGAGATTATG	Arabidopsis thaliana	root	Root cortex	unannotated root	False
scplantdb_SRP169576:SRX5025981@@_GAATGAACTCCT	Arabidopsis thaliana	root	Unknow	unannotated root	True
scplantdb_SRP169576:SRX5025981@@_AAAGTAGCCTAG	Arabidopsis thaliana	root	Root hair	unannotated root	False
scplantdb_SRP169576:SRX5025981@@_TGATACTTTTGC	Arabidopsis thaliana	root	G1/G0 phase	unannotated root	False
scplantdb_SRP169576:SRX5025981@@_TCAGCTCGGATG	Arabidopsis thaliana	root	Root hair	unannotated root	False
scplantdb_SRP169576:SRX5025981@@_TCTCCGTCTTGT	Arabidopsis thaliana	root	Root hair	unannotated root	False
scplantdb_SRP169576:SRX5025981@@_TGAGGCCTACCT	Arabidopsis thaliana	root	Root hair	unannotated root	False
scplantdb_SRP169576:SRX5025981@@_GTACTCAAATTC	Arabidopsis thaliana	root	Columella root cap	unannotated root	False
scplantdb_SRP169576:SRX5025981@@_CCCGGTTTACCA	Arabidopsis thaliana	root	Unknow	unannotated root	True
scplantdb_SRP169576:SRX5025981@@_GGTAGGGTCGGG	Arabidopsis thaliana	root	Root stele	unannotated root	False
scplantdb_SRP169576:SRX5025981@@_CGGCCCGCTCAT	Arabidopsis thaliana	root	Root hair	unannotated root	False
scplantdb_SRP169576:SRX5025981@@_GCCGCAATGACA	Arabidopsis thaliana	root	Unknow	unannotated root	True
scplantdb_SRP169576:SRX5025981@@_CGCGTTCTGGCA	Arabidopsis thaliana	root	Root hair	unannotated root	False
scplantdb_SRP169576:SRX5025981@@_TTTTTCTTTTTG	Arabidopsis thaliana	root	Unknow	unannotated root	True
scplantdb_SRP169576:SRX5025981@@_CATTTAGTTGCG	Arabidopsis thaliana	root	Root cortex	unannotated root	False
scplantdb_SRP169576:SRX5025981@@_AGTTACAAGCCA	Arabidopsis thaliana	root	Root hair	unannotated root	False
scplantdb_SRP169576:SRX5025981@@_AGTTACAAGCGC	Arabidopsis thaliana	root	Root hair	unannotated root	False
scplantdb_SRP169576:SRX5025981@@_ACTATGACAATG	Arabidopsis thaliana	root	Unknow	unannotated root	True
scplantdb_SRP169576:SRX5025981@@_CCTGTTCAGGTT	Arabidopsis thaliana	root	Root cortex	unannotated root	False
scplantdb_SRP169576:SRX5025981@@_GCGCTATGTAGG	Arabidopsis thaliana	root	Unknow	unannotated root	True
scplantdb_SRP169576:SRX5025981@@_ACGCAGGATCGT	Arabidopsis thaliana	root	S phase	unannotated root	False
scplantdb_SRP169576:SRX5025981@@_CCGAGCCGACGG	Arabidopsis thaliana	root	Root endodermis	unannotated root	False
scplantdb_SRP169576:SRX5025981@@_CCTTTAATCCAA	Arabidopsis thaliana	root	Non-hair	unannotated root	False
scplantdb_SRP169576:SRX5025981@@_GAATACCAGCAT	Arabidopsis thaliana	root	Unknow	unannotated root	True
scplantdb_SRP169576:SRX5025981@@_TACCTTACGTCA	Arabidopsis thaliana	root	Root hair	unannotated root	False
scplantdb_SRP169576:SRX5025981@@_ATTGGCAGTTCC	Arabidopsis thaliana	root	Root cap	unannotated root	False
scplantdb_SRP169576:SRX5025981@@_GTCAGGAGCCTC	Arabidopsis thaliana	root	Unknow	unannotated root	True
scplantdb_SRP169576:SRX5025981@@_ATAGGCTCTTGT	Arabidopsis thaliana	root	Root stele	unannotated root	False
scplantdb_SRP169576:SRX5025981@@_TTTTTGTAGATA	Arabidopsis thaliana	root	Unknow	unannotated root	True
scplantdb_SRP169576:SRX5025981@@_AACTTCTCTTCG	Arabidopsis thaliana	root	Unknow	unannotated root	True
scplantdb_SRP169576:SRX5025981@@_TTCGAGTGAGTC	Arabidopsis thaliana	root	Unknow	unannotated root	True
scplantdb_SRP169576:SRX5025981@@_ACTGGCGGACAC	Arabidopsis thaliana	root	Root hair	unannotated root	False
scplantdb_SRP169576:SRX5025981@@_AAAGCGTTGTCG	Arabidopsis thaliana	root	Unknow	unannotated root	True
scplantdb_SRP169576:SRX5025981@@_ATAGTGCCTTAC	Arabidopsis thaliana	root	Root hair	unannotated root	False
scplantdb_SRP169576:SRX5025981@@_CATATACATTCA	Arabidopsis thaliana	root	Root endodermis	unannotated root	False
scplantdb_SRP169576:SRX5025981@@_CATATACATTAC	Arabidopsis thaliana	root	Root endodermis	unannotated root	False
scplantdb_SRP169576:SRX5025981@@_GTCTTATGAACT	Arabidopsis thaliana	root	Unknow	unannotated root	True
scplantdb_SRP169576:SRX5025981@@_ACCTGGACTGTG	Arabidopsis thaliana	root	Unknow	unannotated root	True
scplantdb_SRP169576:SRX5025981@@_TGAGGTGAGCTG	Arabidopsis thaliana	root	Root endodermis	unannotated root	False
scplantdb_SRP169576:SRX5025981@@_TGAGGTGAGCGA	Arabidopsis thaliana	root	Root endodermis	unannotated root	False
scplantdb_SRP169576:SRX5025981@@_CAAGCCCTCCTA	Arabidopsis thaliana	root	Root cortex	unannotated root	False
scplantdb_SRP169576:SRX5025981@@_TTCTATACCCCA	Arabidopsis thaliana	root	Unknow	unannotated root	True
scplantdb_SRP169576:SRX5025981@@_GTCTTGACCCTG	Arabidopsis thaliana	root	Unknow	unannotated root	True
scplantdb_SRP169576:SRX5025981@@_GCCCCGCCTCGA	Arabidopsis thaliana	root	Unknow	unannotated root	True
scplantdb_SRP169576:SRX5025981@@_TAATCAAAAGAA	Arabidopsis thaliana	root	Unknow	unannotated root	True
scplantdb_SRP169576:SRX5025981@@_GTGGACTGGCCG	Arabidopsis thaliana	root	Non-hair	unannotated root	False
scplantdb_SRP169576:SRX5025981@@_GTGGACTGGCCT	Arabidopsis thaliana	root	Non-hair	unannotated root	False
scplantdb_SRP169576:SRX5025981@@_AGAGTCCCTCTT	Arabidopsis thaliana	root	Unknow	unannotated root	True
scplantdb_SRP169576:SRX5025981@@_TTTAAACAGGGA	Arabidopsis thaliana	root	Root stele	unannotated root	False
scplantdb_SRP169576:SRX5025981@@_CTCGTATCAGGA	Arabidopsis thaliana	root	Root endodermis	unannotated root	False
scplantdb_SRP169576:SRX5025981@@_AACCGCGCCCCT	Arabidopsis thaliana	root	Root endodermis	unannotated root	False
scplantdb_SRP169576:SRX5025981@@_CGAACACCCTTA	Arabidopsis thaliana	root	Unknow	unannotated root	True
scplantdb_SRP169576:SRX5025981@@_CTTTTATAGACA	Arabidopsis thaliana	root	Root endodermis	unannotated root	False
scplantdb_SRP169576:SRX5025981@@_ACGAGATTTACT	Arabidopsis thaliana	root	Root endodermis	unannotated root	False
scplantdb_SRP169576:SRX5025981@@_TGTCGTACTAGC	Arabidopsis thaliana	root	Non-hair	unannotated root	False
scplantdb_SRP169576:SRX5025981@@_GACGCACATCTA	Arabidopsis thaliana	root	Unknow	unannotated root	True
scplantdb_SRP169576:SRX5025981@@_GTTCAGCCGTTG	Arabidopsis thaliana	root	Root hair	unannotated root	False
scplantdb_SRP169576:SRX5025981@@_GGCGCTTGACTT	Arabidopsis thaliana	root	Root endodermis	unannotated root	False
scplantdb_SRP169576:SRX5025981@@_ATTTTTTTTTTT	Arabidopsis thaliana	root	Unknow	unannotated root	True
scplantdb_SRP169576:SRX5025982@@_TGATTAATCCAC	Arabidopsis thaliana	root	Xylem	unannotated root	True
scplantdb_SRP169576:SRX5025982@@_CTCGGTGCGCAA	Arabidopsis thaliana	root	Root stele	unannotated root	False
scplantdb_SRP169576:SRX5025982@@_CACCATGAATGA	Arabidopsis thaliana	root	Root cap	unannotated root	False
scplantdb_SRP169576:SRX5025982@@_ATGAGGAGCTCG	Arabidopsis thaliana	root	Root cap	unannotated root	False
scplantdb_SRP169576:SRX5025982@@_TCGCGACTGGCG	Arabidopsis thaliana	root	Root stele	unannotated root	False
scplantdb_SRP169576:SRX5025982@@_GATCACGCAGCT	Arabidopsis thaliana	root	Root stele	unannotated root	False
scplantdb_SRP169576:SRX5025982@@_CATGACTCTAGT	Arabidopsis thaliana	root	Root stele	unannotated root	False
scplantdb_SRP169576:SRX5025983@@_ATCGCAGACACC	Arabidopsis thaliana	root	Unknow	unannotated root	True
scplantdb_SRP169576:SRX5025983@@_AATATCGTCTAC	Arabidopsis thaliana	root	Root stele	unannotated root	False
scplantdb_SRP169576:SRX5025983@@_TGACGGGTAGCA	Arabidopsis thaliana	root	Root cortex	unannotated root	False
scplantdb_SRP169576:SRX5025983@@_GGCTGCCGGGCA	Arabidopsis thaliana	root	S phase	unannotated root	False
scplantdb_SRP169576:SRX5025983@@_TGATAACATGTT	Arabidopsis thaliana	root	Unknow	unannotated root	True
scplantdb_SRP169576:SRX5025983@@_CATGGTGGGACG	Arabidopsis thaliana	root	Root endodermis	unannotated root	False
scplantdb_SRP169576:SRX5025984@@_TGAAGTCGTATT	Arabidopsis thaliana	root	Non-hair	unannotated root	False
scplantdb_SRP169576:SRX5025984@@_GCCACAGGTGGA	Arabidopsis thaliana	root	S phase	unannotated root	False
scplantdb_SRP169576:SRX5025984@@_TGCCATTTATGC	Arabidopsis thaliana	root	Lateral root cap	unannotated root	False
scplantdb_SRP169576:SRX5025984@@_TGTCATCTGATT	Arabidopsis thaliana	root	Root cap	unannotated root	False
scplantdb_SRP169576:SRX5025984@@_CGCCTTCGAACT	Arabidopsis thaliana	root	Root hair	unannotated root	False
scplantdb_SRP169576:SRX5025984@@_GCATCCAACACC	Arabidopsis thaliana	root	Root stele	unannotated root	False
scplantdb_SRP169576:SRX5025984@@_CGATCGACCTTC	Arabidopsis thaliana	root	Lateral root cap	unannotated root	False
scplantdb_SRP169576:SRX5025984@@_AATGAAATAGGG	Arabidopsis thaliana	root	Lateral root cap	unannotated root	False
scplantdb_SRP169576:SRX5025984@@_CCCTCTTAGCCG	Arabidopsis thaliana	root	Columella root cap	unannotated root	False
scplantdb_SRP169576:SRX5025984@@_GGCCCGGCTCTG	Arabidopsis thaliana	root	Non-hair	unannotated root	False
scplantdb_SRP169576:SRX5025985@@_GCGGTGGAAGGA	Arabidopsis thaliana	root	Root stele	unannotated root	False
scplantdb_SRP169576:SRX5025985@@_GAATTCCGCCAT	Arabidopsis thaliana	root	Columella root cap	unannotated root	False
scplantdb_SRP169576:SRX5025985@@_TGTCGGAGTATA	Arabidopsis thaliana	root	S phase	unannotated root	False
scplantdb_SRP169576:SRX5025985@@_CATTAGTTTGGA	Arabidopsis thaliana	root	Root endodermis	unannotated root	False
scplantdb_SRP169576:SRX5025985@@_GTCCGGGATCTC	Arabidopsis thaliana	root	Root stele	unannotated root	False
scplantdb_SRP169576:SRX5025985@@_CCACTTTGATTA	Arabidopsis thaliana	root	Columella root cap	unannotated root	False
scplantdb_SRP169576:SRX5025985@@_CTGATTGGAGAG	Arabidopsis thaliana	root	S phase	unannotated root	False
scplantdb_SRP169576:SRX5025985@@_GTACGATCTTAG	Arabidopsis thaliana	root	Columella root cap	unannotated root	False
scplantdb_SRP169576:SRX5025985@@_GGGCGGCGGAAA	Arabidopsis thaliana	root	S phase	unannotated root	False
scplantdb_SRP169576:SRX5025985@@_AGCGCACTTGCT	Arabidopsis thaliana	root	Unknow	unannotated root	True
scplantdb_SRP169576:SRX5025985@@_AAGCCCGCATGA	Arabidopsis thaliana	root	Lateral root cap	unannotated root	False
scplantdb_SRP169576:SRX5025985@@_TTACAATCGCGA	Arabidopsis thaliana	root	Columella root cap	unannotated root	False
scplantdb_SRP169576:SRX5025985@@_CAAGAGAATGTG	Arabidopsis thaliana	root	Root cortex	unannotated root	False
scplantdb_SRP169576:SRX5025985@@_CCCAAACCTTAG	Arabidopsis thaliana	root	Non-hair	unannotated root	False
scplantdb_SRP169576:SRX5025986@@_TTTCCGCACGAT	Arabidopsis thaliana	root	Unknow	unannotated root	True
scplantdb_SRP169576:SRX5025986@@_GGCCGATTCGAG	Arabidopsis thaliana	root	Root cortex	unannotated root	False
scplantdb_SRP169576:SRX5025986@@_GCCATTCGCCGC	Arabidopsis thaliana	root	Root endodermis	unannotated root	False
scplantdb_SRP169576:SRX5025986@@_CGCGGATAGAGT	Arabidopsis thaliana	root	Non-hair	unannotated root	False
scplantdb_SRP169576:SRX5025986@@_GGTATTACTCTG	Arabidopsis thaliana	root	Unknow	unannotated root	True
scplantdb_SRP169576:SRX5025986@@_TATCGACATTAT	Arabidopsis thaliana	root	Phloem	unannotated root	True
scplantdb_SRP169576:SRX5025986@@_TTTATGCCTGTA	Arabidopsis thaliana	root	S phase	unannotated root	False
scplantdb_SRP169576:SRX5025987@@_TACAGATGTGAC	Arabidopsis thaliana	root	Unknow	unannotated root	True
scplantdb_SRP169576:SRX5025987@@_GCTGAATCTCGA	Arabidopsis thaliana	root	Lateral root cap	unannotated root	False
scplantdb_SRP169576:SRX5025987@@_CAAGCCGATCTA	Arabidopsis thaliana	root	Lateral root cap	unannotated root	False
scplantdb_SRP169576:SRX5025987@@_GCGTGCCGGCAC	Arabidopsis thaliana	root	S phase	unannotated root	False
scplantdb_SRP169576:SRX5025987@@_CAGCCTCTGCCG	Arabidopsis thaliana	root	Root endodermis	unannotated root	False
scplantdb_SRP169576:SRX5025987@@_GCGGCGGTAATC	Arabidopsis thaliana	root	Unknow	unannotated root	True
scplantdb_SRP169576:SRX5025987@@_AGCACGTTTTAA	Arabidopsis thaliana	root	Root cortex	unannotated root	False
scplantdb_SRP169576:SRX5025987@@_GTCAAACGGATC	Arabidopsis thaliana	root	Root stele	unannotated root	False
scplantdb_SRP169576:SRX5025987@@_GCGCAGCGAGTG	Arabidopsis thaliana	root	Root cap	unannotated root	False
scplantdb_SRP169576:SRX5025987@@_CTATTATATCAT	Arabidopsis thaliana	root	Root cap	unannotated root	False
scplantdb_SRP169576:SRX5025987@@_AGTTGTACCCGG	Arabidopsis thaliana	root	Lateral root cap	unannotated root	False
scplantdb_SRP169576:SRX5025987@@_CTAGTTTTGCGA	Arabidopsis thaliana	root	Phloem	unannotated root	True
scplantdb_SRP169576:SRX5025987@@_CTACCTCGGTGG	Arabidopsis thaliana	root	Columella root cap	unannotated root	False
scplantdb_SRP169576:SRX5025987@@_GGCAGCGGGTAG	Arabidopsis thaliana	root	Unknow	unannotated root	True
scplantdb_SRP169576:SRX5025987@@_GCGCAACCTGCT	Arabidopsis thaliana	root	Columella root cap	unannotated root	False
scplantdb_SRP169576:SRX5025987@@_AACGCAAGCTCA	Arabidopsis thaliana	root	Root cap	unannotated root	False
scplantdb_SRP169576:SRX5025987@@_ATCGATAATGGT	Arabidopsis thaliana	root	Non-hair	unannotated root	False
scplantdb_SRP169576:SRX5025987@@_AGCTACAGGTGG	Arabidopsis thaliana	root	Root cortex	unannotated root	False
scplantdb_SRP169576:SRX5025987@@_TAGACTCCCTGT	Arabidopsis thaliana	root	Root cortex	unannotated root	False
scplantdb_SRP169576:SRX5025987@@_AATGATTGGTCG	Arabidopsis thaliana	root	Root endodermis	unannotated root	False
scplantdb_SRP169576:SRX5025987@@_CTTGGTTGCAAC	Arabidopsis thaliana	root	Xylem	unannotated root	True
scplantdb_SRP169576:SRX5025987@@_AATGAGGCCGGG	Arabidopsis thaliana	root	Root cap	unannotated root	False
scplantdb_SRP169576:SRX5025987@@_TTCCGTGTGGTA	Arabidopsis thaliana	root	S phase	unannotated root	False
scplantdb_SRP169576:SRX5025988@@_TCAGGTTAGCGG	Arabidopsis thaliana	root	Root stele	unannotated root	False
scplantdb_SRP169576:SRX5025988@@_GGACGATTGCAG	Arabidopsis thaliana	root	Unknow	unannotated root	True
scplantdb_SRP169576:SRX5025988@@_AGGCGTCCACCC	Arabidopsis thaliana	root	Non-hair	unannotated root	False
scplantdb_SRP169576:SRX5025988@@_TAGATCCTCCGC	Arabidopsis thaliana	root	Root endodermis	unannotated root	False
scplantdb_SRP169576:SRX5025988@@_AAGAGTATAACC	Arabidopsis thaliana	root	Root endodermis	unannotated root	False
scplantdb_SRP169576:SRX5025988@@_ATTCAGCCGCTT	Arabidopsis thaliana	root	S phase	unannotated root	False
scplantdb_SRP169576:SRX5025988@@_TTGCGGACATAC	Arabidopsis thaliana	root	G1/G0 phase	unannotated root	False
scplantdb_SRP169576:SRX5025988@@_GGCATAAGCCAT	Arabidopsis thaliana	root	Columella root cap	unannotated root	False
scplantdb_SRP169576:SRX5025988@@_ACGTATCGTTCC	Arabidopsis thaliana	root	Columella root cap	unannotated root	False
scplantdb_SRP169576:SRX5025988@@_AAGTTGACAAGA	Arabidopsis thaliana	root	Root cortex	unannotated root	False
scplantdb_SRP169576:SRX5025988@@_ACCCCAGAATGC	Arabidopsis thaliana	root	Root hair	unannotated root	False
scplantdb_SRP169576:SRX5025988@@_GGTCAGGAAGAT	Arabidopsis thaliana	root	S phase	unannotated root	False
scplantdb_SRP169576:SRX5025988@@_GAGGGGCAGAAT	Arabidopsis thaliana	root	Root cortex	unannotated root	False
scplantdb_SRP169576:SRX5025988@@_TTTTTGGCCTAA	Arabidopsis thaliana	root	Root cortex	unannotated root	False
scplantdb_SRP169576:SRX5025988@@_ACCGATGCCAGT	Arabidopsis thaliana	root	Root endodermis	unannotated root	False
scplantdb_SRP169576:SRX5025988@@_CGTATCCATATC	Arabidopsis thaliana	root	Root cap	unannotated root	False
scplantdb_SRP169576:SRX5025988@@_CAATGCGACACA	Arabidopsis thaliana	root	Non-hair	unannotated root	False
scplantdb_SRP169576:SRX5025988@@_TGCGCTAGGCGC	Arabidopsis thaliana	root	Root cap	unannotated root	False
scplantdb_SRP169576:SRX5025988@@_TCCAATAATAAT	Arabidopsis thaliana	root	G1/G0 phase	unannotated root	False
scplantdb_SRP169576:SRX5025988@@_TAGCGGGACGAA	Arabidopsis thaliana	root	Lateral root cap	unannotated root	False
scplantdb_SRP169576:SRX5025988@@_GGTGCCTTCCGC	Arabidopsis thaliana	root	Columella root cap	unannotated root	False
scplantdb_SRP169576:SRX5025988@@_ATGAGCCTCTTA	Arabidopsis thaliana	root	Root endodermis	unannotated root	False
scplantdb_SRP169576:SRX5025988@@_AGCAAGAATGGT	Arabidopsis thaliana	root	S phase	unannotated root	False
scplantdb_SRP169576:SRX5025988@@_TTTACTCCGGTC	Arabidopsis thaliana	root	Root cortex	unannotated root	False
scplantdb_SRP169576:SRX5025988@@_TTAACTCAGAAG	Arabidopsis thaliana	root	Lateral root cap	unannotated root	False
scplantdb_SRP169576:SRX5025988@@_GCAGGAGTCGCA	Arabidopsis thaliana	root	Non-hair	unannotated root	False
scplantdb_SRP169576:SRX5025988@@_GCGTTGCATTCC	Arabidopsis thaliana	root	Lateral root cap	unannotated root	False
scplantdb_SRP169576:SRX5025988@@_GGCCCGGGGTAG	Arabidopsis thaliana	root	Root cap	unannotated root	False
scplantdb_SRP335448:SRX12004740@@_AATGGAAAGACCTCAT-1	Catharanthus roseus	leaf	Mesophyll	Mesophyll	True
scplantdb_SRP335448:SRX12004740@@_AGAGAATCAAGAGCTG-1	Catharanthus roseus	leaf	Mesophyll	Mesophyll	True
scplantdb_SRP335448:SRX12004740@@_AGCGTCGAGGTTGGTG-1	Catharanthus roseus	leaf	Mesophyll	Mesophyll	True
scplantdb_SRP335448:SRX12004740@@_AGCTCAACACTGATTG-1	Catharanthus roseus	leaf	Mesophyll	Mesophyll	True
scplantdb_SRP335448:SRX12004740@@_ATACTTCGTTTGAAAG-1	Catharanthus roseus	leaf	Vascular tissue	Mesophyll	True
scplantdb_SRP335448:SRX12004740@@_ATTCATCCATCCAACA-1	Catharanthus roseus	leaf	Mesophyll	Mesophyll	True
scplantdb_SRP335448:SRX12004740@@_CACTGAACAATTTCGG-1	Catharanthus roseus	leaf	Leaf epidermis	Mesophyll	True
scplantdb_SRP335448:SRX12004740@@_CAGAGCCCAACTTGGT-1	Catharanthus roseus	leaf	Idioblast cell	Mesophyll	False
scplantdb_SRP335448:SRX12004740@@_CAGCCAGCAGATCCTA-1	Catharanthus roseus	leaf	Idioblast cell	Mesophyll	False
scplantdb_SRP335448:SRX12004740@@_CAGGTATCAATGTCAC-1	Catharanthus roseus	leaf	Mesophyll	Mesophyll	True
scplantdb_SRP335448:SRX12004740@@_CATGGATTCATAGCAC-1	Catharanthus roseus	leaf	Leaf epidermis	Mesophyll	True
scplantdb_SRP335448:SRX12004740@@_CATTGTTCAGCTCTGG-1	Catharanthus roseus	leaf	Mesophyll	Mesophyll	True
scplantdb_SRP335448:SRX12004740@@_CCTCAGTCAACCAACT-1	Catharanthus roseus	leaf	Leaf epidermis	Mesophyll	True
scplantdb_SRP335448:SRX12004740@@_CGGTCAGTCAACCTCC-1	Catharanthus roseus	leaf	Mesophyll	Mesophyll	True
scplantdb_SRP335448:SRX12004740@@_CGTCAAAGTAGGGAGG-1	Catharanthus roseus	leaf	Leaf epidermis	Mesophyll	True
scplantdb_SRP335448:SRX12004740@@_CTCATCGAGTTTGGCT-1	Catharanthus roseus	leaf	Idioblast cell	Mesophyll	False
scplantdb_SRP335448:SRX12004740@@_CTCATTAGTAGTCTGT-1	Catharanthus roseus	leaf	Mesophyll	Mesophyll	True
scplantdb_SRP335448:SRX12004740@@_CTGCATCCACTGGATT-1	Catharanthus roseus	leaf	Leaf epidermis	Mesophyll	True
scplantdb_SRP335448:SRX12004740@@_CTGGCAGAGCCATTTG-1	Catharanthus roseus	leaf	Mesophyll	Mesophyll	True
scplantdb_SRP335448:SRX12004740@@_CTGTACCGTGGGTTGA-1	Catharanthus roseus	leaf	Mesophyll	Mesophyll	True
scplantdb_SRP335448:SRX12004740@@_CTTACCGTCTACACAG-1	Catharanthus roseus	leaf	Idioblast cell	Mesophyll	False
scplantdb_SRP335448:SRX12004740@@_CTTAGGACACGGCGTT-1	Catharanthus roseus	leaf	Mesophyll	Mesophyll	True
scplantdb_SRP335448:SRX12004740@@_GACTATGTCCACGGAC-1	Catharanthus roseus	leaf	Mesophyll	Mesophyll	True
scplantdb_SRP335448:SRX12004740@@_GAGATGGCAAGGTACG-1	Catharanthus roseus	leaf	Mesophyll	Mesophyll	True
scplantdb_SRP335448:SRX12004740@@_GAGTTACAGCTCCCTT-1	Catharanthus roseus	leaf	Mesophyll	Mesophyll	True
scplantdb_SRP335448:SRX12004740@@_GCATGATGTCGAGTTT-1	Catharanthus roseus	leaf	Mesophyll	Mesophyll	True
scplantdb_SRP335448:SRX12004740@@_GCCAGGTTCAATCTTC-1	Catharanthus roseus	leaf	Idioblast cell	Mesophyll	False
scplantdb_SRP335448:SRX12004740@@_GCCCGAACACCAGCGT-1	Catharanthus roseus	leaf	Mesophyll	Mesophyll	True
scplantdb_SRP335448:SRX12004740@@_GCGTTTCAGTAGTGCG-1	Catharanthus roseus	leaf	Mesophyll	Mesophyll	True
scplantdb_SRP335448:SRX12004740@@_GCTTGGGTCTCCAATT-1	Catharanthus roseus	leaf	Leaf epidermis	Mesophyll	True
scplantdb_SRP335448:SRX12004740@@_GGCACGTTCACTCACC-1	Catharanthus roseus	leaf	Mesophyll	Mesophyll	True
scplantdb_SRP335448:SRX12004740@@_GGGAGATTCATTCATC-1	Catharanthus roseus	leaf	Mesophyll	Mesophyll	True
scplantdb_SRP335448:SRX12004740@@_GGGAGTATCCGTCAAA-1	Catharanthus roseus	leaf	Idioblast cell	Mesophyll	False
scplantdb_SRP335448:SRX12004740@@_GTGAGTTGTGCCCGTA-1	Catharanthus roseus	leaf	Mesophyll	Mesophyll	True
scplantdb_SRP335448:SRX12004740@@_GTTGAACCAAGAGCTG-1	Catharanthus roseus	leaf	Mesophyll	Mesophyll	True
scplantdb_SRP335448:SRX12004740@@_GTTGCGGTCCTTCGAC-1	Catharanthus roseus	leaf	Mesophyll	Mesophyll	True
scplantdb_SRP335448:SRX12004740@@_TACTTACCATGACGTT-1	Catharanthus roseus	leaf	Mesophyll	Mesophyll	True
scplantdb_SRP335448:SRX12004740@@_TACTTGTCAGATAAAC-1	Catharanthus roseus	leaf	Mesophyll	Mesophyll	True
scplantdb_SRP335448:SRX12004740@@_TAGGGTTTCTATTTCG-1	Catharanthus roseus	leaf	Leaf epidermis	Mesophyll	True
scplantdb_SRP335448:SRX12004740@@_TCAAGCACAGATCCAT-1	Catharanthus roseus	leaf	Mesophyll	Mesophyll	True
scplantdb_SRP335448:SRX12004740@@_TCCACGTAGGCACCAA-1	Catharanthus roseus	leaf	Mesophyll	Mesophyll	True
scplantdb_SRP335448:SRX12004740@@_TCCAGAACATGAGATA-1	Catharanthus roseus	leaf	Mesophyll	Mesophyll	True
scplantdb_SRP335448:SRX12004740@@_TCCCATGTCCGATCGG-1	Catharanthus roseus	leaf	Mesophyll	Mesophyll	True
scplantdb_SRP335448:SRX12004740@@_TCCTCTTCAAGAGAGA-1	Catharanthus roseus	leaf	Mesophyll	Mesophyll	True
scplantdb_SRP335448:SRX12004740@@_TCGATTTCATTGTAGC-1	Catharanthus roseus	leaf	Mesophyll	Mesophyll	True
scplantdb_SRP335448:SRX12004740@@_TCGTCCAAGTTCTCTT-1	Catharanthus roseus	leaf	Mesophyll	Mesophyll	True
scplantdb_SRP335448:SRX12004740@@_TGCACGGAGCTGCCAC-1	Catharanthus roseus	leaf	Mesophyll	Mesophyll	True
scplantdb_SRP335448:SRX12004740@@_TGCTTGCTCCGATGCG-1	Catharanthus roseus	leaf	Mesophyll	Mesophyll	True
scplantdb_SRP335448:SRX12004740@@_TGGGTTACAGCCGTCA-1	Catharanthus roseus	leaf	Mesophyll	Mesophyll	True
scplantdb_SRP335448:SRX12004740@@_TTAGGCATCGGCTATA-1	Catharanthus roseus	leaf	Mesophyll	Mesophyll	True
scplantdb_SRP335448:SRX12004740@@_TTCCTCTTCATGCAGT-1	Catharanthus roseus	leaf	Mesophyll	Mesophyll	True
scplantdb_SRP335448:SRX12004740@@_TTCGCTGAGACCATTC-1	Catharanthus roseus	leaf	Mesophyll	Mesophyll	True
scplantdb_SRP335448:SRX12004740@@_TTTGGTTCAAGGAGTC-1	Catharanthus roseus	leaf	Mesophyll	Mesophyll	True
scplantdb_SRP335448:SRX15488576@@_AACAACCTCTATGTGG-1	Catharanthus roseus	leaf	Mesophyll	Mesophyll	True
scplantdb_SRP335448:SRX15488576@@_AATGGAAGTACAGTTC-1	Catharanthus roseus	leaf	Leaf epidermis	Mesophyll	True
scplantdb_SRP335448:SRX15488576@@_ACGATGTAGTGGAAAG-1	Catharanthus roseus	leaf	Mesophyll	Mesophyll	True
scplantdb_SRP335448:SRX15488576@@_ACGTACAAGTTGAATG-1	Catharanthus roseus	leaf	Leaf epidermis	Mesophyll	True
scplantdb_SRP335448:SRX15488576@@_ACTATCTCATCCTTGC-1	Catharanthus roseus	leaf	Leaf epidermis	Mesophyll	True
scplantdb_SRP335448:SRX15488576@@_ACTTTGTCAGCATGCC-1	Catharanthus roseus	leaf	Idioblast cell	Mesophyll	False
scplantdb_SRP335448:SRX15488576@@_AGACAGGCATAATGAG-1	Catharanthus roseus	leaf	Leaf epidermis	Mesophyll	True
scplantdb_SRP335448:SRX15488576@@_AGACCCGTCACTGTCC-1	Catharanthus roseus	leaf	Leaf epidermis	Mesophyll	True
scplantdb_SRP335448:SRX15488576@@_AGGGTTTCACTGCACG-1	Catharanthus roseus	leaf	Mesophyll	Mesophyll	True
scplantdb_SRP335448:SRX15488576@@_AGGTGTTTCTCCAATT-1	Catharanthus roseus	leaf	Mesophyll	Mesophyll	True
scplantdb_SRP335448:SRX15488576@@_AGGTTGTCAGTCTCTC-1	Catharanthus roseus	leaf	Mesophyll	Mesophyll	True
scplantdb_SRP335448:SRX15488576@@_ATAGAGATCCTCTTTC-1	Catharanthus roseus	leaf	Mesophyll	Mesophyll	True
scplantdb_SRP335448:SRX15488576@@_ATGGGTTTCCAACTAG-1	Catharanthus roseus	leaf	Mesophyll	Mesophyll	True
scplantdb_SRP335448:SRX15488576@@_ATTACCTAGGAGGCAG-1	Catharanthus roseus	leaf	Mesophyll	Mesophyll	True
scplantdb_SRP335448:SRX15488576@@_ATTCCTAAGTCGAGGT-1	Catharanthus roseus	leaf	Meristematic cell	Mesophyll	True
scplantdb_SRP335448:SRX15488576@@_ATTCGTTAGGGATGTC-1	Catharanthus roseus	leaf	Mesophyll	Mesophyll	True
scplantdb_SRP335448:SRX15488576@@_CAATGACTCATTCGGA-1	Catharanthus roseus	leaf	Mesophyll	Mesophyll	True
scplantdb_SRP335448:SRX15488576@@_CACAGATGTTAAACAG-1	Catharanthus roseus	leaf	Idioblast cell	Mesophyll	False
scplantdb_SRP335448:SRX15488576@@_CACAGATTCCATAAGC-1	Catharanthus roseus	leaf	Mesophyll	Mesophyll	True
scplantdb_SRP335448:SRX15488576@@_CACTGAATCCAAGCCG-1	Catharanthus roseus	leaf	Meristematic cell	Mesophyll	True
scplantdb_SRP335448:SRX15488576@@_CACTGTCCATCTTCGC-1	Catharanthus roseus	leaf	Mesophyll	Mesophyll	True
scplantdb_SRP335448:SRX15488576@@_CAGCACGAGGTCGCCT-1	Catharanthus roseus	leaf	Mesophyll	Mesophyll	True
scplantdb_SRP335448:SRX15488576@@_CATACTTAGACCCGCT-1	Catharanthus roseus	leaf	Mesophyll	Mesophyll	True
scplantdb_SRP335448:SRX15488576@@_CATCCGTGTTGCATTG-1	Catharanthus roseus	leaf	Mesophyll	Mesophyll	True
scplantdb_SRP335448:SRX15488576@@_CATGCCTGTCACCCTT-1	Catharanthus roseus	leaf	Mesophyll	Mesophyll	True
scplantdb_SRP335448:SRX15488576@@_CATGGATCACGGTGCT-1	Catharanthus roseus	leaf	Mesophyll	Mesophyll	True
scplantdb_SRP335448:SRX15488576@@_CATTGTTCAAACTGCT-1	Catharanthus roseus	leaf	Phloem parenchyma	Mesophyll	True
scplantdb_SRP335448:SRX15488576@@_CCGCAAGCAAACTAAG-1	Catharanthus roseus	leaf	Mesophyll	Mesophyll	True
scplantdb_SRP335448:SRX15488576@@_CCTCAGTCAGCCTTCT-1	Catharanthus roseus	leaf	Mesophyll	Mesophyll	True
scplantdb_SRP335448:SRX15488576@@_CCTCCAATCTTGCAAG-1	Catharanthus roseus	leaf	Mesophyll	Mesophyll	True
scplantdb_SRP335448:SRX15488576@@_CCTGCATAGTGTAGAT-1	Catharanthus roseus	leaf	Mesophyll	Mesophyll	True
scplantdb_SRP335448:SRX15488576@@_CGAGGAAAGACTTAAG-1	Catharanthus roseus	leaf	Mesophyll	Mesophyll	True
scplantdb_SRP335448:SRX15488576@@_CGAGGCTAGACGCCAA-1	Catharanthus roseus	leaf	Mesophyll	Mesophyll	True
scplantdb_SRP335448:SRX15488576@@_CGCATGGTCACCCTCA-1	Catharanthus roseus	leaf	Mesophyll	Mesophyll	True
scplantdb_SRP335448:SRX15488576@@_CGTAATGTCGTAGCTA-1	Catharanthus roseus	leaf	Mesophyll	Mesophyll	True
scplantdb_SRP335448:SRX15488576@@_CGTTAGAAGAAGTGTT-1	Catharanthus roseus	leaf	Mesophyll	Mesophyll	True
scplantdb_SRP335448:SRX15488576@@_CGTTGGGCAGTCAGCC-1	Catharanthus roseus	leaf	Leaf epidermis	Mesophyll	True
scplantdb_SRP335448:SRX15488576@@_CGTTGGGTCCGACATA-1	Catharanthus roseus	leaf	Mesophyll	Mesophyll	True
scplantdb_SRP335448:SRX15488576@@_CTAGGTAGTTTCAGAC-1	Catharanthus roseus	leaf	Mesophyll	Mesophyll	True
scplantdb_SRP335448:SRX15488576@@_CTATCTATCGCCGAGT-1	Catharanthus roseus	leaf	Mesophyll	Mesophyll	True
scplantdb_SRP335448:SRX15488576@@_CTCAATTGTACAGCGA-1	Catharanthus roseus	leaf	Leaf epidermis	Mesophyll	True
scplantdb_SRP335448:SRX15488576@@_CTCACTGTCGACATAC-1	Catharanthus roseus	leaf	Mesophyll	Mesophyll	True
scplantdb_SRP335448:SRX15488576@@_CTCATGCAGCTCCGAC-1	Catharanthus roseus	leaf	Mesophyll	Mesophyll	True
scplantdb_SRP335448:SRX15488576@@_CTCCCTCTCGCTGCGA-1	Catharanthus roseus	leaf	Mesophyll	Mesophyll	True
scplantdb_SRP335448:SRX15488576@@_CTCCGATAGCGATTCT-1	Catharanthus roseus	leaf	Mesophyll	Mesophyll	True
scplantdb_SRP335448:SRX15488576@@_CTCTCAGTCCTTGACC-1	Catharanthus roseus	leaf	Mesophyll	Mesophyll	True
scplantdb_SRP335448:SRX15488576@@_CTGCATCTCCTTCTTC-1	Catharanthus roseus	leaf	Mesophyll	Mesophyll	True
scplantdb_SRP335448:SRX15488576@@_CTGTCGTCATTGGCAT-1	Catharanthus roseus	leaf	Vascular tissue	Mesophyll	True
scplantdb_SRP335448:SRX15488576@@_CTGTGAATCGAACCAT-1	Catharanthus roseus	leaf	Mesophyll	Mesophyll	True
scplantdb_SRP335448:SRX15488576@@_GAAGGACGTACGAGTG-1	Catharanthus roseus	leaf	Vascular tissue	Mesophyll	True
scplantdb_SRP335448:SRX15488576@@_GACCGTGGTATCTTCT-1	Catharanthus roseus	leaf	Mesophyll	Mesophyll	True
scplantdb_SRP335448:SRX15488576@@_GACGTTATCCCAGCGA-1	Catharanthus roseus	leaf	Mesophyll	Mesophyll	True
scplantdb_SRP335448:SRX15488576@@_GAGAAATCATCCTAAG-1	Catharanthus roseus	leaf	Mesophyll	Mesophyll	True
scplantdb_SRP335448:SRX15488576@@_GAGTCTACATAGACTC-1	Catharanthus roseus	leaf	Mesophyll	Mesophyll	True
scplantdb_SRP335448:SRX15488576@@_GAGTTACTCGAAGGAC-1	Catharanthus roseus	leaf	Mesophyll	Mesophyll	True
scplantdb_SRP335448:SRX15488576@@_GAGTTACTCTAGAACC-1	Catharanthus roseus	leaf	Mesophyll	Mesophyll	True
scplantdb_SRP335448:SRX15488576@@_GATAGCTGTCCCAAAT-1	Catharanthus roseus	leaf	Leaf epidermis	Mesophyll	True
scplantdb_SRP335448:SRX15488576@@_GATCGTACAGCATCTA-1	Catharanthus roseus	leaf	Mesophyll	Mesophyll	True
scplantdb_SRP335448:SRX15488576@@_GATCGTAGTCGCAGTC-1	Catharanthus roseus	leaf	Mesophyll	Mesophyll	True
scplantdb_SRP335448:SRX15488576@@_GCACATACATCGAACT-1	Catharanthus roseus	leaf	Mesophyll	Mesophyll	True
scplantdb_SRP335448:SRX15488576@@_GCATCTCGTTGCATGT-1	Catharanthus roseus	leaf	Idioblast cell	Mesophyll	False
scplantdb_SRP335448:SRX15488576@@_GCTACCTCAAATGAAC-1	Catharanthus roseus	leaf	Mesophyll	Mesophyll	True
scplantdb_SRP335448:SRX15488576@@_GCTACCTTCACTTGGA-1	Catharanthus roseus	leaf	Meristematic cell	Mesophyll	True
scplantdb_SRP335448:SRX15488576@@_GCTGGGTGTGTTCAGT-1	Catharanthus roseus	leaf	Leaf epidermis	Mesophyll	True
scplantdb_SRP335448:SRX15488576@@_GGAAGTGCATCAGCAT-1	Catharanthus roseus	leaf	Mesophyll	Mesophyll	True
scplantdb_SRP335448:SRX15488576@@_GGAATGGGTTACCCAA-1	Catharanthus roseus	leaf	Mesophyll	Mesophyll	True
scplantdb_SRP335448:SRX15488576@@_GGAATGGGTTGTCATG-1	Catharanthus roseus	leaf	Mesophyll	Mesophyll	True
scplantdb_SRP335448:SRX15488576@@_GGAGGTACACATGAAA-1	Catharanthus roseus	leaf	Mesophyll	Mesophyll	True
scplantdb_SRP335448:SRX15488576@@_GGGCCATTCCTAAACG-1	Catharanthus roseus	leaf	Mesophyll	Mesophyll	True
scplantdb_SRP335448:SRX15488576@@_GGGTGAACACGTAACT-1	Catharanthus roseus	leaf	Mesophyll	Mesophyll	True
scplantdb_SRP335448:SRX15488576@@_GTAAGTCAGGCTGTAG-1	Catharanthus roseus	leaf	Mesophyll	Mesophyll	True
scplantdb_SRP335448:SRX15488576@@_GTAGAGGAGGGCTGAT-1	Catharanthus roseus	leaf	Phloem parenchyma	Mesophyll	True
scplantdb_SRP335448:SRX15488576@@_GTCTCACCAACTCCCT-1	Catharanthus roseus	leaf	Mesophyll	Mesophyll	True
scplantdb_SRP335448:SRX15488576@@_GTCTTTACACTGTTCC-1	Catharanthus roseus	leaf	Mesophyll	Mesophyll	True
scplantdb_SRP335448:SRX15488576@@_GTGCTTCGTAGATCGG-1	Catharanthus roseus	leaf	Mesophyll	Mesophyll	True
scplantdb_SRP335448:SRX15488576@@_GTTCATTGTGTTCGAT-1	Catharanthus roseus	leaf	Mesophyll	Mesophyll	True
scplantdb_SRP335448:SRX15488576@@_TAACCAGGTTACGTAC-1	Catharanthus roseus	leaf	Mesophyll	Mesophyll	True
scplantdb_SRP335448:SRX15488576@@_TAACTTCCACTACTTT-1	Catharanthus roseus	leaf	Meristematic cell	Mesophyll	True
scplantdb_SRP335448:SRX15488576@@_TACAGGTTCCGACATA-1	Catharanthus roseus	leaf	Mesophyll	Mesophyll	True
scplantdb_SRP335448:SRX15488576@@_TACCCGTCAGGGATAC-1	Catharanthus roseus	leaf	Mesophyll	Mesophyll	True
scplantdb_SRP335448:SRX15488576@@_TACGGTAAGCTGTGCC-1	Catharanthus roseus	leaf	Mesophyll	Mesophyll	True
scplantdb_SRP335448:SRX15488576@@_TCAGGGCGTCCAACGC-1	Catharanthus roseus	leaf	Mesophyll	Mesophyll	True
scplantdb_SRP335448:SRX15488576@@_TCAGGTATCTAGTCAG-1	Catharanthus roseus	leaf	Mesophyll	Mesophyll	True
scplantdb_SRP335448:SRX15488576@@_TCATTACAGAGGGCGA-1	Catharanthus roseus	leaf	Mesophyll	Mesophyll	True
scplantdb_SRP335448:SRX15488576@@_TCATTCATCTGACAGT-1	Catharanthus roseus	leaf	Leaf epidermis	Mesophyll	True
scplantdb_SRP335448:SRX15488576@@_TCCGTGTGTCGTGCCA-1	Catharanthus roseus	leaf	Mesophyll	Mesophyll	True
scplantdb_SRP335448:SRX15488576@@_TCCTTTCGTACCCGCA-1	Catharanthus roseus	leaf	Mesophyll	Mesophyll	True
scplantdb_SRP335448:SRX15488576@@_TCGAAGTAGGCGCTCT-1	Catharanthus roseus	leaf	Meristematic cell	Mesophyll	True
scplantdb_SRP335448:SRX15488576@@_TCGACCTGTACAGCGA-1	Catharanthus roseus	leaf	Mesophyll	Mesophyll	True
scplantdb_SRP335448:SRX15488576@@_TCGGGACCATGCGGTC-1	Catharanthus roseus	leaf	Mesophyll	Mesophyll	True
scplantdb_SRP335448:SRX15488576@@_TCGGGTGGTGAGTAGC-1	Catharanthus roseus	leaf	Mesophyll	Mesophyll	True
scplantdb_SRP335448:SRX15488576@@_TCGTAGATCCTCTCGA-1	Catharanthus roseus	leaf	Mesophyll	Mesophyll	True
scplantdb_SRP335448:SRX15488576@@_TCTATCACAAGTCGTT-1	Catharanthus roseus	leaf	Mesophyll	Mesophyll	True
scplantdb_SRP335448:SRX15488576@@_TCTATCAGTAGATCCT-1	Catharanthus roseus	leaf	Mesophyll	Mesophyll	True
scplantdb_SRP335448:SRX15488576@@_TCTGCCATCCCGTTCA-1	Catharanthus roseus	leaf	Mesophyll	Mesophyll	True
scplantdb_SRP335448:SRX15488576@@_TCTTAGTGTTGACTAC-1	Catharanthus roseus	leaf	Leaf epidermis	Mesophyll	True
scplantdb_SRP335448:SRX15488576@@_TGACGCGCACAACGCC-1	Catharanthus roseus	leaf	Mesophyll	Mesophyll	True
scplantdb_SRP335448:SRX15488576@@_TGACTCCTCTTCGATT-1	Catharanthus roseus	leaf	Unknow	Mesophyll	True
scplantdb_SRP335448:SRX15488576@@_TGAGACTGTGCCTACG-1	Catharanthus roseus	leaf	Vascular tissue	Mesophyll	True
scplantdb_SRP335448:SRX15488576@@_TGAGTCAAGATTGCGG-1	Catharanthus roseus	leaf	Vascular tissue	Mesophyll	True
scplantdb_SRP335448:SRX15488576@@_TGCATCCTCCTGGCTT-1	Catharanthus roseus	leaf	Mesophyll	Mesophyll	True
scplantdb_SRP335448:SRX15488576@@_TGTCCACGTGATCATC-1	Catharanthus roseus	leaf	Mesophyll	Mesophyll	True
scplantdb_SRP335448:SRX15488576@@_TGTGATGTCCATTGTT-1	Catharanthus roseus	leaf	Mesophyll	Mesophyll	True
scplantdb_SRP335448:SRX15488576@@_TGTGGCGCAAGTGCTT-1	Catharanthus roseus	leaf	Meristematic cell	Mesophyll	True
scplantdb_SRP335448:SRX15488576@@_TGTGTGATCACGTAGT-1	Catharanthus roseus	leaf	Idioblast cell	Mesophyll	False
scplantdb_SRP335448:SRX15488576@@_TGTTGGAGTTCGAGCC-1	Catharanthus roseus	leaf	Leaf epidermis	Mesophyll	True
scplantdb_SRP335448:SRX15488576@@_TTACAGGCAGCTCATA-1	Catharanthus roseus	leaf	Mesophyll	Mesophyll	True
scplantdb_SRP335448:SRX15488576@@_TTAGTCTAGCTGAAGC-1	Catharanthus roseus	leaf	Mesophyll	Mesophyll	True
scplantdb_SRP335448:SRX15488576@@_TTAGTCTAGTCGCCAC-1	Catharanthus roseus	leaf	Vascular tissue	Mesophyll	True
scplantdb_SRP335448:SRX15488576@@_TTCACGCGTCGAACAG-1	Catharanthus roseus	leaf	Mesophyll	Mesophyll	True
scplantdb_SRP335448:SRX15488576@@_TTCATTGAGCCAAGGT-1	Catharanthus roseus	leaf	Leaf epidermis	Mesophyll	True
scplantdb_SRP335448:SRX15488576@@_TTCCTTCTCTATACTC-1	Catharanthus roseus	leaf	Mesophyll	Mesophyll	True
scplantdb_SRP335448:SRX15488576@@_TTCTTCCTCAATCTTC-1	Catharanthus roseus	leaf	Mesophyll	Mesophyll	True
scplantdb_SRP335448:SRX15488576@@_TTGATGGGTGTTACTG-1	Catharanthus roseus	leaf	Mesophyll	Mesophyll	True
scplantdb_SRP335448:SRX15488576@@_TTGCATTGTCCAAATC-1	Catharanthus roseus	leaf	Mesophyll	Mesophyll	True
scplantdb_SRP335448:SRX15488576@@_TTGTGGACATCGGCCA-1	Catharanthus roseus	leaf	Mesophyll	Mesophyll	True
scplantdb_SRP335448:SRX15488576@@_TTTACTGTCTGGAGAG-1	Catharanthus roseus	leaf	Mesophyll	Mesophyll	True
scplantdb_SRP335448:SRX15488576@@_TTTCATGCATCCTGTC-1	Catharanthus roseus	leaf	Mesophyll	Mesophyll	True
scplantdb_SRP335448:SRX15488577@@_AACGTCAGTCACCGAC-1	Catharanthus roseus	leaf	Mesophyll	Mesophyll	True
scplantdb_SRP335448:SRX15488577@@_AAGTACCGTCTCTCCA-1	Catharanthus roseus	leaf	Idioblast cell	Mesophyll	False
scplantdb_SRP335448:SRX15488577@@_ACGTTCCCATCCTCAC-1	Catharanthus roseus	leaf	Leaf epidermis	Mesophyll	True
scplantdb_SRP335448:SRX15488577@@_ACTTCGCGTAAGGCCA-1	Catharanthus roseus	leaf	Mesophyll	Mesophyll	True
scplantdb_SRP335448:SRX15488577@@_ACTTCGCGTATCGATC-1	Catharanthus roseus	leaf	Leaf epidermis	Mesophyll	True
scplantdb_SRP335448:SRX15488577@@_AGATGAACACCCTAAA-1	Catharanthus roseus	leaf	Mesophyll	Mesophyll	True
scplantdb_SRP335448:SRX15488577@@_AGGCATTGTTAGGCCC-1	Catharanthus roseus	leaf	Meristematic cell	Mesophyll	True
scplantdb_SRP335448:SRX15488577@@_AGGTGTTAGAATCGAT-1	Catharanthus roseus	leaf	Mesophyll	Mesophyll	True
scplantdb_SRP335448:SRX15488577@@_AGTGCCGGTCGTTTCC-1	Catharanthus roseus	leaf	Mesophyll	Mesophyll	True
scplantdb_SRP335448:SRX15488577@@_ATACCGAAGACTGAGC-1	Catharanthus roseus	leaf	Mesophyll	Mesophyll	True
scplantdb_SRP335448:SRX15488577@@_ATGCATGCATTCCTCG-1	Catharanthus roseus	leaf	Mesophyll	Mesophyll	True
scplantdb_SRP335448:SRX15488577@@_ATGGGTTAGGCAGTCA-1	Catharanthus roseus	leaf	Vascular tissue	Mesophyll	True
scplantdb_SRP335448:SRX15488577@@_ATGGTTGAGTCATGGG-1	Catharanthus roseus	leaf	Mesophyll	Mesophyll	True
scplantdb_SRP335448:SRX15488577@@_ATTCGTTAGCTGCCTG-1	Catharanthus roseus	leaf	Vascular tissue	Mesophyll	True
scplantdb_SRP335448:SRX15488577@@_ATTGTTCTCCAAGGGA-1	Catharanthus roseus	leaf	Unknow	Mesophyll	True
scplantdb_SRP335448:SRX15488577@@_CAAGAGGCAGAAACCG-1	Catharanthus roseus	leaf	Mesophyll	Mesophyll	True
scplantdb_SRP335448:SRX15488577@@_CAATTTCCACAGCCTG-1	Catharanthus roseus	leaf	Leaf epidermis	Mesophyll	True
scplantdb_SRP335448:SRX15488577@@_CACGGGTGTTACGTAC-1	Catharanthus roseus	leaf	Idioblast cell	Mesophyll	False
scplantdb_SRP335448:SRX15488577@@_CACTAAGTCGTGGTAT-1	Catharanthus roseus	leaf	Mesophyll	Mesophyll	True
scplantdb_SRP335448:SRX15488577@@_CACTTCGGTGTATACC-1	Catharanthus roseus	leaf	Leaf epidermis	Mesophyll	True
scplantdb_SRP335448:SRX15488577@@_CAGATTGCATCATTTC-1	Catharanthus roseus	leaf	Unknow	Mesophyll	True
scplantdb_SRP335448:SRX15488577@@_CAGTTAGAGTAACCTC-1	Catharanthus roseus	leaf	Idioblast cell	Mesophyll	False
scplantdb_SRP335448:SRX15488577@@_CATGCCTAGCCTTCTC-1	Catharanthus roseus	leaf	Mesophyll	Mesophyll	True
scplantdb_SRP335448:SRX15488577@@_CCAATTTGTGCCCAGT-1	Catharanthus roseus	leaf	Mesophyll	Mesophyll	True
scplantdb_SRP335448:SRX15488577@@_CCCGAAGCAGAACGCA-1	Catharanthus roseus	leaf	Mesophyll	Mesophyll	True
scplantdb_SRP335448:SRX15488577@@_CCGTAGGCAATCTCGA-1	Catharanthus roseus	leaf	Mesophyll	Mesophyll	True
scplantdb_SRP335448:SRX15488577@@_CCGTGAGCAGCCCACA-1	Catharanthus roseus	leaf	Mesophyll	Mesophyll	True
scplantdb_SRP335448:SRX15488577@@_CCGTGAGGTCTCGACG-1	Catharanthus roseus	leaf	Unknow	Mesophyll	True
scplantdb_SRP335448:SRX15488577@@_CCTAACCCATACCGTA-1	Catharanthus roseus	leaf	Leaf epidermis	Mesophyll	True
scplantdb_SRP335448:SRX15488577@@_CTAGGTATCTCCGAGG-1	Catharanthus roseus	leaf	Meristematic cell	Mesophyll	True
scplantdb_SRP335448:SRX15488577@@_CTATCCGCATTGGATC-1	Catharanthus roseus	leaf	Unknow	Mesophyll	True
scplantdb_SRP335448:SRX15488577@@_CTCCTTTAGGCGTTAG-1	Catharanthus roseus	leaf	Mesophyll	Mesophyll	True
scplantdb_SRP335448:SRX15488577@@_CTGAGGCTCCGCACTT-1	Catharanthus roseus	leaf	Mesophyll	Mesophyll	True
scplantdb_SRP335448:SRX15488577@@_CTGGACGAGTCCGCGT-1	Catharanthus roseus	leaf	Mesophyll	Mesophyll	True
scplantdb_SRP335448:SRX15488577@@_CTGTCGTTCCATACAG-1	Catharanthus roseus	leaf	Mesophyll	Mesophyll	True
scplantdb_SRP335448:SRX15488577@@_GAACTGTCAATATCCG-1	Catharanthus roseus	leaf	Mesophyll	Mesophyll	True
scplantdb_SRP335448:SRX15488577@@_GAACTGTCAGTTCACA-1	Catharanthus roseus	leaf	Mesophyll	Mesophyll	True
scplantdb_SRP335448:SRX15488577@@_GAAGCGACAACTAGAA-1	Catharanthus roseus	leaf	Mesophyll	Mesophyll	True
scplantdb_SRP335448:SRX15488577@@_GAATCGTCACAGAGAC-1	Catharanthus roseus	leaf	Mesophyll	Mesophyll	True
scplantdb_SRP335448:SRX15488577@@_GACGCTGGTTCTTGTT-1	Catharanthus roseus	leaf	Leaf epidermis	Mesophyll	True
scplantdb_SRP335448:SRX15488577@@_GACTTCCTCGCTATTT-1	Catharanthus roseus	leaf	Unknow	Mesophyll	True
scplantdb_SRP335448:SRX15488577@@_GAGAAATAGCTTTCCC-1	Catharanthus roseus	leaf	Mesophyll	Mesophyll	True
scplantdb_SRP335448:SRX15488577@@_GAGAGGTTCAATGTCG-1	Catharanthus roseus	leaf	Mesophyll	Mesophyll	True
scplantdb_SRP335448:SRX15488577@@_GAGATGGTCTAATTCC-1	Catharanthus roseus	leaf	Unknow	Mesophyll	True
scplantdb_SRP335448:SRX15488577@@_GAGGCCTTCTCCTGCA-1	Catharanthus roseus	leaf	Mesophyll	Mesophyll	True
scplantdb_SRP335448:SRX15488577@@_GAGTTTGAGTATTAGG-1	Catharanthus roseus	leaf	Mesophyll	Mesophyll	True
scplantdb_SRP335448:SRX15488577@@_GATGACTAGAGAGCGG-1	Catharanthus roseus	leaf	Unknow	Mesophyll	True
scplantdb_SRP335448:SRX15488577@@_GATGGAGGTATCGCAT-1	Catharanthus roseus	leaf	Meristematic cell	Mesophyll	True
scplantdb_SRP335448:SRX15488577@@_GATTCGACACTGGCGT-1	Catharanthus roseus	leaf	Mesophyll	Mesophyll	True
scplantdb_SRP335448:SRX15488577@@_GCATCTCAGGATCACG-1	Catharanthus roseus	leaf	Mesophyll	Mesophyll	True
scplantdb_SRP335448:SRX15488577@@_GCCAGCATCACTGAAC-1	Catharanthus roseus	leaf	Mesophyll	Mesophyll	True
scplantdb_SRP335448:SRX15488577@@_GCCAGGTAGGGCTAAC-1	Catharanthus roseus	leaf	Mesophyll	Mesophyll	True
scplantdb_SRP335448:SRX15488577@@_GCCAGGTCACTGGATT-1	Catharanthus roseus	leaf	Mesophyll	Mesophyll	True
scplantdb_SRP335448:SRX15488577@@_GCGATCGAGGTTGACG-1	Catharanthus roseus	leaf	Mesophyll	Mesophyll	True
scplantdb_SRP335448:SRX15488577@@_GCGTTTCAGCGCACAA-1	Catharanthus roseus	leaf	Mesophyll	Mesophyll	True
scplantdb_SRP335448:SRX15488577@@_GGAATCTGTTAACCTG-1	Catharanthus roseus	leaf	Mesophyll	Mesophyll	True
scplantdb_SRP335448:SRX15488577@@_GGCTGTGAGGTGCTGA-1	Catharanthus roseus	leaf	Unknow	Mesophyll	True
scplantdb_SRP335448:SRX15488577@@_GGGACTCAGCCTGAGA-1	Catharanthus roseus	leaf	Mesophyll	Mesophyll	True
scplantdb_SRP335448:SRX15488577@@_GGGCTCAGTGCATACT-1	Catharanthus roseus	leaf	Mesophyll	Mesophyll	True
scplantdb_SRP335448:SRX15488577@@_GGGCTCAGTTACTCAG-1	Catharanthus roseus	leaf	Phloem parenchyma	Mesophyll	True
scplantdb_SRP335448:SRX15488577@@_GGGTTTAGTCAGACTT-1	Catharanthus roseus	leaf	Unknow	Mesophyll	True
scplantdb_SRP335448:SRX15488577@@_GGTAATCGTGTCCTAA-1	Catharanthus roseus	leaf	Mesophyll	Mesophyll	True
scplantdb_SRP335448:SRX15488577@@_GTATTTCGTATCATGC-1	Catharanthus roseus	leaf	Mesophyll	Mesophyll	True
scplantdb_SRP335448:SRX15488577@@_GTCGTTCCACCAGGTC-1	Catharanthus roseus	leaf	Idioblast cell	Mesophyll	False
scplantdb_SRP335448:SRX15488577@@_GTCTCACTCTCCGTGT-1	Catharanthus roseus	leaf	Mesophyll	Mesophyll	True
scplantdb_SRP335448:SRX15488577@@_TAATCTCAGCGACTAG-1	Catharanthus roseus	leaf	Leaf epidermis	Mesophyll	True
scplantdb_SRP335448:SRX15488577@@_TACGGTATCGGATACT-1	Catharanthus roseus	leaf	Mesophyll	Mesophyll	True
scplantdb_SRP335448:SRX15488577@@_TACTTACAGGGAGGAC-1	Catharanthus roseus	leaf	Mesophyll	Mesophyll	True
scplantdb_SRP335448:SRX15488577@@_TCAGGTAGTGGGATTG-1	Catharanthus roseus	leaf	Unknow	Mesophyll	True
scplantdb_SRP335448:SRX15488577@@_TCATGCCCACGCTGCA-1	Catharanthus roseus	leaf	Mesophyll	Mesophyll	True
scplantdb_SRP335448:SRX15488577@@_TCCGGGATCAAAGACA-1	Catharanthus roseus	leaf	Mesophyll	Mesophyll	True
scplantdb_SRP335448:SRX15488577@@_TCTACCGCAGGCATGA-1	Catharanthus roseus	leaf	Mesophyll	Mesophyll	True
scplantdb_SRP335448:SRX15488577@@_TGACCCTGTGCGAGTA-1	Catharanthus roseus	leaf	Unknow	Mesophyll	True
scplantdb_SRP335448:SRX15488577@@_TGCAGATTCTCGGTAA-1	Catharanthus roseus	leaf	Leaf epidermis	Mesophyll	True
scplantdb_SRP335448:SRX15488577@@_TGCAGGCGTAGTGCGA-1	Catharanthus roseus	leaf	Mesophyll	Mesophyll	True
scplantdb_SRP335448:SRX15488577@@_TGCAGTACATTCCTCG-1	Catharanthus roseus	leaf	Mesophyll	Mesophyll	True
scplantdb_SRP335448:SRX15488577@@_TGGAACTAGACCTCCG-1	Catharanthus roseus	leaf	Mesophyll	Mesophyll	True
scplantdb_SRP335448:SRX15488577@@_TTCATTGTCCGCGGAT-1	Catharanthus roseus	leaf	Mesophyll	Mesophyll	True
scplantdb_SRP335448:SRX15488577@@_TTCCTTCAGTAGCTCT-1	Catharanthus roseus	leaf	Mesophyll	Mesophyll	True
scplantdb_SRP335448:SRX15488577@@_TTGAACGGTGTCTTGA-1	Catharanthus roseus	leaf	Vascular tissue	Mesophyll	True
scplantdb_SRP335448:SRX15488577@@_TTGCATTAGGAGCAAA-1	Catharanthus roseus	leaf	Idioblast cell	Mesophyll	False
scplantdb_SRP335448:SRX15488577@@_TTGGGATAGCGGGTAT-1	Catharanthus roseus	leaf	Unknow	Mesophyll	True
scplantdb_SRP335448:SRX15488577@@_TTTCACAGTCTAACTG-1	Catharanthus roseus	leaf	Mesophyll	Mesophyll	True
scplantdb_SRP335448:SRX15488577@@_TTTGATCCACCTGCAG-1	Catharanthus roseus	leaf	Leaf epidermis	Mesophyll	True
scplantdb_SRP335448:SRX15488577@@_TTTGATCGTACAAGCG-1	Catharanthus roseus	leaf	Mesophyll	Mesophyll	True
scplantdb_SRP424189:SRX19292258@@_AAAGGATCACTTGTGA-1	Gossypium bickii	leaf	Mesophyll	Mesophyll	True
scplantdb_SRP424189:SRX19292258@@_AAAGGGCAGACATAAC-1	Gossypium bickii	leaf	Mesophyll	Mesophyll	True
scplantdb_SRP424189:SRX19292258@@_AAAGGTATCTATTCGT-1	Gossypium bickii	leaf	Procambium	Mesophyll	False
scplantdb_SRP424189:SRX19292258@@_AAAGTCCCACAGCTTA-1	Gossypium bickii	leaf	Mesophyll	Mesophyll	True
scplantdb_SRP424189:SRX19292258@@_AAAGTGATCAGCAATC-1	Gossypium bickii	leaf	Mesophyll	Mesophyll	True
scplantdb_SRP424189:SRX19292258@@_AACACACGTTATGTCG-1	Gossypium bickii	leaf	Mesophyll	Mesophyll	True
scplantdb_SRP424189:SRX19292258@@_AACCCAACAGCAGGAT-1	Gossypium bickii	leaf	Mesophyll	Mesophyll	True
scplantdb_SRP424189:SRX19292258@@_AACCCAATCGGTTCAA-1	Gossypium bickii	leaf	Mesophyll	Mesophyll	True
scplantdb_SRP424189:SRX19292258@@_AACCTGAAGAAGAACG-1	Gossypium bickii	leaf	Leaf epidermis	Mesophyll	True
scplantdb_SRP424189:SRX19292258@@_AAGACTCCAATTTCCT-1	Gossypium bickii	leaf	Leaf epidermis	Mesophyll	True
scplantdb_SRP424189:SRX19292258@@_AAGCGAGAGCGCTGCT-1	Gossypium bickii	leaf	Mesophyll	Mesophyll	True
scplantdb_SRP424189:SRX19292258@@_AAGGTAATCTTAGCAG-1	Gossypium bickii	leaf	Procambium	Mesophyll	False
scplantdb_SRP424189:SRX19292258@@_AAGTTCGAGCACAAAT-1	Gossypium bickii	leaf	Phloem parenchyma	Mesophyll	True
scplantdb_SRP424189:SRX19292258@@_AAGTTCGTCGATTCCC-1	Gossypium bickii	leaf	Mesophyll	Mesophyll	True
scplantdb_SRP424189:SRX19292258@@_AATCGACGTATCAAGA-1	Gossypium bickii	leaf	Mesophyll	Mesophyll	True
scplantdb_SRP424189:SRX19292258@@_AATCGTGCATCATTTC-1	Gossypium bickii	leaf	Mesophyll	Mesophyll	True
scplantdb_SRP424189:SRX19292258@@_AATGACCAGCAATTAG-1	Gossypium bickii	leaf	Pigment gland	Mesophyll	False
scplantdb_SRP424189:SRX19292258@@_AATGCCAGTGGTCAAG-1	Gossypium bickii	leaf	Mesophyll	Mesophyll	True
scplantdb_SRP424189:SRX19292258@@_AATGGAAAGTTGAAAC-1	Gossypium bickii	leaf	Leaf epidermis	Mesophyll	True
scplantdb_SRP424189:SRX19292258@@_AATTCCTTCAGGACGA-1	Gossypium bickii	leaf	Mesophyll	Mesophyll	True
scplantdb_SRP424189:SRX19292258@@_ACAACCACAGACCCGT-1	Gossypium bickii	leaf	Mesophyll	Mesophyll	True
scplantdb_SRP424189:SRX19292258@@_ACACCAAGTGGTAATA-1	Gossypium bickii	leaf	Mesophyll	Mesophyll	True
scplantdb_SRP424189:SRX19292258@@_ACAGCCGCAGAGATGC-1	Gossypium bickii	leaf	Mesophyll	Mesophyll	True
scplantdb_SRP424189:SRX19292258@@_ACCACAAGTAGAGACC-1	Gossypium bickii	leaf	Procambium	Mesophyll	False
scplantdb_SRP424189:SRX19292258@@_ACCCAAATCTCTCTTC-1	Gossypium bickii	leaf	Mesophyll	Mesophyll	True
scplantdb_SRP424189:SRX19292258@@_ACGATCACAGAGGCTA-1	Gossypium bickii	leaf	Mesophyll	Mesophyll	True
scplantdb_SRP424189:SRX19292258@@_ACGATCATCCTTCTAA-1	Gossypium bickii	leaf	Phloem parenchyma	Mesophyll	True
scplantdb_SRP424189:SRX19292258@@_ACGCACGGTACGCGTC-1	Gossypium bickii	leaf	Leaf epidermis	Mesophyll	True
scplantdb_SRP424189:SRX19292258@@_ACGGAAGCAATCCTTT-1	Gossypium bickii	leaf	Mesophyll	Mesophyll	True
scplantdb_SRP424189:SRX19292258@@_ACGGGTCCAGTAACAA-1	Gossypium bickii	leaf	Mesophyll	Mesophyll	True
scplantdb_SRP424189:SRX19292258@@_ACGGGTCGTAGAATGT-1	Gossypium bickii	leaf	Leaf epidermis	Mesophyll	True
scplantdb_SRP424189:SRX19292258@@_ACTATGGAGTCCCAAT-1	Gossypium bickii	leaf	Mesophyll	Mesophyll	True
scplantdb_SRP424189:SRX19292258@@_ACTTTGTGTCACTACA-1	Gossypium bickii	leaf	Xylem	Mesophyll	True
scplantdb_SRP424189:SRX19292258@@_AGAAGCGCACTGTCGG-1	Gossypium bickii	leaf	Leaf epidermis	Mesophyll	True
scplantdb_SRP424189:SRX19292258@@_AGAAGCGCAGCTCCTT-1	Gossypium bickii	leaf	Mesophyll	Mesophyll	True
scplantdb_SRP424189:SRX19292258@@_AGAGCAGAGGTATCTC-1	Gossypium bickii	leaf	Mesophyll	Mesophyll	True
scplantdb_SRP424189:SRX19292258@@_AGATCCATCTACCACC-1	Gossypium bickii	leaf	Mesophyll	Mesophyll	True
scplantdb_SRP424189:SRX19292258@@_AGATGCTCACTGTCCT-1	Gossypium bickii	leaf	Mesophyll	Mesophyll	True
scplantdb_SRP424189:SRX19292258@@_AGCATCAGTGTCCACG-1	Gossypium bickii	leaf	Phloem parenchyma	Mesophyll	True
scplantdb_SRP424189:SRX19292258@@_AGCCAATAGGTCTACT-1	Gossypium bickii	leaf	Leaf epidermis	Mesophyll	True
scplantdb_SRP424189:SRX19292258@@_AGCGATTGTCTCCTGT-1	Gossypium bickii	leaf	Procambium	Mesophyll	False
scplantdb_SRP424189:SRX19292258@@_AGCTACACACCCTATC-1	Gossypium bickii	leaf	Mesophyll	Mesophyll	True
scplantdb_SRP424189:SRX19292258@@_AGGCTGCTCTACGGTA-1	Gossypium bickii	leaf	Leaf epidermis	Mesophyll	True
scplantdb_SRP424189:SRX19292258@@_AGGGCTCTCAGATTGC-1	Gossypium bickii	leaf	Phloem parenchyma	Mesophyll	True
scplantdb_SRP424189:SRX19292258@@_AGGGTTTTCTCGCGTT-1	Gossypium bickii	leaf	Pigment gland	Mesophyll	False
scplantdb_SRP424189:SRX19292258@@_AGTAGCTCATTAAGCC-1	Gossypium bickii	leaf	Leaf epidermis	Mesophyll	True
scplantdb_SRP424189:SRX19292258@@_AGTGATCTCGGACAAG-1	Gossypium bickii	leaf	Leaf epidermis	Mesophyll	True
scplantdb_SRP424189:SRX19292258@@_AGTTAGCCAACGTAAA-1	Gossypium bickii	leaf	Mesophyll	Mesophyll	True
scplantdb_SRP424189:SRX19292258@@_AGTTAGCCATTGCTTT-1	Gossypium bickii	leaf	Leaf epidermis	Mesophyll	True
scplantdb_SRP424189:SRX19292258@@_ATACCTTTCACGATCA-1	Gossypium bickii	leaf	Mesophyll	Mesophyll	True
scplantdb_SRP424189:SRX19292258@@_ATAGACCCAGTGCGCT-1	Gossypium bickii	leaf	Leaf guard cell	Mesophyll	True
scplantdb_SRP424189:SRX19292258@@_ATCACTTGTGCTTCAA-1	Gossypium bickii	leaf	Companion cell	Mesophyll	True
scplantdb_SRP424189:SRX19292258@@_ATCCATTAGCTGAGTG-1	Gossypium bickii	leaf	Procambium	Mesophyll	False
scplantdb_SRP424189:SRX19292258@@_ATCGGCGTCTATTCGT-1	Gossypium bickii	leaf	Procambium	Mesophyll	False
scplantdb_SRP424189:SRX19292258@@_ATCGTCCCACTCAGAT-1	Gossypium bickii	leaf	Leaf epidermis	Mesophyll	True
scplantdb_SRP424189:SRX19292258@@_ATGCCTCCAACAGTGG-1	Gossypium bickii	leaf	Mesophyll	Mesophyll	True
scplantdb_SRP424189:SRX19292258@@_ATGCCTCGTACCCAGC-1	Gossypium bickii	leaf	Phloem parenchyma	Mesophyll	True
scplantdb_SRP424189:SRX19292258@@_ATGCGATCACTTTAGG-1	Gossypium bickii	leaf	Companion cell	Mesophyll	True
scplantdb_SRP424189:SRX19292258@@_ATGCGATCAGCCATTA-1	Gossypium bickii	leaf	Leaf epidermis	Mesophyll	True
scplantdb_SRP424189:SRX19292258@@_ATGGGTTTCTTACGTT-1	Gossypium bickii	leaf	Leaf guard cell	Mesophyll	True
scplantdb_SRP424189:SRX19292258@@_ATTCCCGCACAAATAG-1	Gossypium bickii	leaf	Mesophyll	Mesophyll	True
scplantdb_SRP424189:SRX19292258@@_ATTCCTACACGAAGAC-1	Gossypium bickii	leaf	Leaf epidermis	Mesophyll	True
scplantdb_SRP424189:SRX19292258@@_ATTCTTGCAGCGTATT-1	Gossypium bickii	leaf	Mesophyll	Mesophyll	True
scplantdb_SRP424189:SRX19292258@@_CAACAGTCAGCGATTT-1	Gossypium bickii	leaf	Mesophyll	Mesophyll	True
scplantdb_SRP424189:SRX19292258@@_CAACGATTCTAGCAAC-1	Gossypium bickii	leaf	Leaf epidermis	Mesophyll	True
scplantdb_SRP424189:SRX19292258@@_CAAGCTATCAGCAGAG-1	Gossypium bickii	leaf	Mesophyll	Mesophyll	True
scplantdb_SRP424189:SRX19292258@@_CAATCGACATGACTTG-1	Gossypium bickii	leaf	Leaf epidermis	Mesophyll	True
scplantdb_SRP424189:SRX19292258@@_CACAGGCTCCTTCTTC-1	Gossypium bickii	leaf	Mesophyll	Mesophyll	True
scplantdb_SRP424189:SRX19292258@@_CACATGAAGTCCGTCG-1	Gossypium bickii	leaf	Xylem	Mesophyll	True
scplantdb_SRP424189:SRX19292258@@_CACGAATAGAAATTCG-1	Gossypium bickii	leaf	Leaf epidermis	Mesophyll	True
scplantdb_SRP424189:SRX19292258@@_CACTAAGTCTTCGATT-1	Gossypium bickii	leaf	Leaf epidermis	Mesophyll	True
scplantdb_SRP424189:SRX19292258@@_CACTTCGCACAGTCAT-1	Gossypium bickii	leaf	Mesophyll	Mesophyll	True
scplantdb_SRP424189:SRX19292258@@_CAGAGCCTCCGTAGTA-1	Gossypium bickii	leaf	Leaf epidermis	Mesophyll	True
scplantdb_SRP424189:SRX19292258@@_CAGAGCCTCTGGTGGC-1	Gossypium bickii	leaf	Mesophyll	Mesophyll	True
scplantdb_SRP424189:SRX19292258@@_CAGCACGCAGATACTC-1	Gossypium bickii	leaf	Mesophyll	Mesophyll	True
scplantdb_SRP424189:SRX19292258@@_CAGGGCTCATGGCTAT-1	Gossypium bickii	leaf	Mesophyll	Mesophyll	True
scplantdb_SRP424189:SRX19292258@@_CATACAGAGGCACAAC-1	Gossypium bickii	leaf	Procambium	Mesophyll	False
scplantdb_SRP424189:SRX19292258@@_CATACAGCAGGAAGTC-1	Gossypium bickii	leaf	Mesophyll	Mesophyll	True
scplantdb_SRP424189:SRX19292258@@_CATCCGTTCCGCTGTT-1	Gossypium bickii	leaf	Mesophyll	Mesophyll	True
scplantdb_SRP424189:SRX19292258@@_CATCGGGTCTACCAGA-1	Gossypium bickii	leaf	Mesophyll	Mesophyll	True
scplantdb_SRP424189:SRX19292258@@_CATTCTAGTACACGTT-1	Gossypium bickii	leaf	Xylem	Mesophyll	True
scplantdb_SRP424189:SRX19292258@@_CATTGAGGTGGCTCTG-1	Gossypium bickii	leaf	Phloem parenchyma	Mesophyll	True
scplantdb_SRP424189:SRX19292258@@_CATTGCCAGGATACAT-1	Gossypium bickii	leaf	Companion cell	Mesophyll	True
scplantdb_SRP424189:SRX19292258@@_CCAAGCGAGTTTCGGT-1	Gossypium bickii	leaf	Mesophyll	Mesophyll	True
scplantdb_SRP424189:SRX19292258@@_CCAAGCGTCTATCCAT-1	Gossypium bickii	leaf	Procambium	Mesophyll	False
scplantdb_SRP424189:SRX19292258@@_CCACAAACAAGGGTCA-1	Gossypium bickii	leaf	Mesophyll	Mesophyll	True
scplantdb_SRP424189:SRX19292258@@_CCACGTTGTTTCGCTC-1	Gossypium bickii	leaf	Phloem parenchyma	Mesophyll	True
scplantdb_SRP424189:SRX19292258@@_CCCGGAAAGGTGATAT-1	Gossypium bickii	leaf	Leaf epidermis	Mesophyll	True
scplantdb_SRP424189:SRX19292258@@_CCCTAACGTTACCTTT-1	Gossypium bickii	leaf	Leaf epidermis	Mesophyll	True
scplantdb_SRP424189:SRX19292258@@_CCGATGGTCGCATGAT-1	Gossypium bickii	leaf	Leaf epidermis	Mesophyll	True
scplantdb_SRP424189:SRX19292258@@_CCGCAAGTCCACAGGC-1	Gossypium bickii	leaf	Mesophyll	Mesophyll	True
scplantdb_SRP424189:SRX19292258@@_CCGGTGAGTGGACCAA-1	Gossypium bickii	leaf	Mesophyll	Mesophyll	True
scplantdb_SRP424189:SRX19292258@@_CCGTAGGCATAGACTC-1	Gossypium bickii	leaf	Procambium	Mesophyll	False
scplantdb_SRP424189:SRX19292258@@_CCGTAGGGTGAATATG-1	Gossypium bickii	leaf	Companion cell	Mesophyll	True
scplantdb_SRP424189:SRX19292258@@_CCGTGAGCAGGACATG-1	Gossypium bickii	leaf	Phloem parenchyma	Mesophyll	True
scplantdb_SRP424189:SRX19292258@@_CCTATCGGTATGAGAT-1	Gossypium bickii	leaf	Leaf epidermis	Mesophyll	True
scplantdb_SRP424189:SRX19292258@@_CCTCACACACTGCACG-1	Gossypium bickii	leaf	Mesophyll	Mesophyll	True
scplantdb_SRP424189:SRX19292258@@_CCTCTAGAGAGTTGAT-1	Gossypium bickii	leaf	Leaf epidermis	Mesophyll	True
scplantdb_SRP424189:SRX19292258@@_CCTGTTGAGAGGGCGA-1	Gossypium bickii	leaf	Companion cell	Mesophyll	True
scplantdb_SRP424189:SRX19292258@@_CCTGTTGGTCATACCA-1	Gossypium bickii	leaf	Leaf epidermis	Mesophyll	True
scplantdb_SRP424189:SRX19292258@@_CCTGTTGTCATCCTGC-1	Gossypium bickii	leaf	Procambium	Mesophyll	False
scplantdb_SRP424189:SRX19292258@@_CGCATAACAGAGTTGG-1	Gossypium bickii	leaf	Leaf epidermis	Mesophyll	True
scplantdb_SRP424189:SRX19292258@@_CGCCATTGTACGGTTT-1	Gossypium bickii	leaf	Mesophyll	Mesophyll	True
scplantdb_SRP424189:SRX19292258@@_CGCGTGAGTGGTCTGC-1	Gossypium bickii	leaf	Companion cell	Mesophyll	True
scplantdb_SRP424189:SRX19292258@@_CGGACACGTATCGTAC-1	Gossypium bickii	leaf	Phloem parenchyma	Mesophyll	True
scplantdb_SRP424189:SRX19292258@@_CGTCAAAAGTCCCAGC-1	Gossypium bickii	leaf	Procambium	Mesophyll	False
scplantdb_SRP424189:SRX19292258@@_CTACAGAGTACTCCCT-1	Gossypium bickii	leaf	Procambium	Mesophyll	False
scplantdb_SRP424189:SRX19292258@@_CTACAGATCAGGAAGC-1	Gossypium bickii	leaf	Leaf guard cell	Mesophyll	True
scplantdb_SRP424189:SRX19292258@@_CTAGGTAAGTAGTCCT-1	Gossypium bickii	leaf	Leaf epidermis	Mesophyll	True
scplantdb_SRP424189:SRX19292258@@_CTCAATTTCGATCCAA-1	Gossypium bickii	leaf	Mesophyll	Mesophyll	True
scplantdb_SRP424189:SRX19292258@@_CTCAGGGTCATACGAC-1	Gossypium bickii	leaf	Xylem	Mesophyll	True
scplantdb_SRP424189:SRX19292258@@_CTCATCGCATCGTCCT-1	Gossypium bickii	leaf	Mesophyll	Mesophyll	True
scplantdb_SRP424189:SRX19292258@@_CTCATCGGTGTAGCAG-1	Gossypium bickii	leaf	Mesophyll	Mesophyll	True
scplantdb_SRP424189:SRX19292258@@_CTCATGCGTATCGAAA-1	Gossypium bickii	leaf	Pigment gland	Mesophyll	False
scplantdb_SRP424189:SRX19292258@@_CTCCTCCTCGTGGTAT-1	Gossypium bickii	leaf	Mesophyll	Mesophyll	True
scplantdb_SRP424189:SRX19292258@@_CTGAGCGGTATCGCTA-1	Gossypium bickii	leaf	Mesophyll	Mesophyll	True
scplantdb_SRP424189:SRX19292258@@_CTGCCTAAGTATGAAC-1	Gossypium bickii	leaf	Xylem	Mesophyll	True
scplantdb_SRP424189:SRX19292258@@_CTGCCTACAGCGACCT-1	Gossypium bickii	leaf	Mesophyll	Mesophyll	True
scplantdb_SRP424189:SRX19292258@@_CTGCGAGAGTTGCCCG-1	Gossypium bickii	leaf	Mesophyll	Mesophyll	True
scplantdb_SRP424189:SRX19292258@@_CTGGACGCATGAAAGT-1	Gossypium bickii	leaf	Mesophyll	Mesophyll	True
scplantdb_SRP424189:SRX19292258@@_CTTAGGAGTCACTACA-1	Gossypium bickii	leaf	Mesophyll	Mesophyll	True
scplantdb_SRP424189:SRX19292258@@_CTTCCTTTCCATTGCC-1	Gossypium bickii	leaf	Mesophyll	Mesophyll	True
scplantdb_SRP424189:SRX19292258@@_GAAATGAAGCCTTGAT-1	Gossypium bickii	leaf	Mesophyll	Mesophyll	True
scplantdb_SRP424189:SRX19292258@@_GAAGCGAGTGGCTCTG-1	Gossypium bickii	leaf	Mesophyll	Mesophyll	True
scplantdb_SRP424189:SRX19292258@@_GAAGTAATCGTTGTGA-1	Gossypium bickii	leaf	Phloem parenchyma	Mesophyll	True
scplantdb_SRP424189:SRX19292258@@_GAATCACGTCACCACG-1	Gossypium bickii	leaf	Mesophyll	Mesophyll	True
scplantdb_SRP424189:SRX19292258@@_GACCCAGGTATCCTCC-1	Gossypium bickii	leaf	Mesophyll	Mesophyll	True
scplantdb_SRP424189:SRX19292258@@_GACCTTCCAGATACTC-1	Gossypium bickii	leaf	Phloem parenchyma	Mesophyll	True
scplantdb_SRP424189:SRX19292258@@_GAGACCCTCCATAAGC-1	Gossypium bickii	leaf	Leaf epidermis	Mesophyll	True
scplantdb_SRP424189:SRX19292258@@_GAGACTTGTAAGCGGT-1	Gossypium bickii	leaf	Phloem parenchyma	Mesophyll	True
scplantdb_SRP424189:SRX19292258@@_GAGGGTAAGATGGTAT-1	Gossypium bickii	leaf	Mesophyll	Mesophyll	True
scplantdb_SRP424189:SRX19292258@@_GAGGGTAAGGGCAGTT-1	Gossypium bickii	leaf	Leaf epidermis	Mesophyll	True
scplantdb_SRP424189:SRX19292258@@_GAGGGTACAACGCCCA-1	Gossypium bickii	leaf	Mesophyll	Mesophyll	True
scplantdb_SRP424189:SRX19292258@@_GAGTCTAGTCACTAGT-1	Gossypium bickii	leaf	Mesophyll	Mesophyll	True
scplantdb_SRP424189:SRX19292258@@_GATAGCTAGATCGCTT-1	Gossypium bickii	leaf	Procambium	Mesophyll	False
scplantdb_SRP424189:SRX19292258@@_GATCAGTAGAGGACTC-1	Gossypium bickii	leaf	Mesophyll	Mesophyll	True
scplantdb_SRP424189:SRX19292258@@_GATGACTGTATGCAAA-1	Gossypium bickii	leaf	Mesophyll	Mesophyll	True
scplantdb_SRP424189:SRX19292258@@_GATGACTGTCGTATGT-1	Gossypium bickii	leaf	Mesophyll	Mesophyll	True
scplantdb_SRP424189:SRX19292258@@_GCAACCGAGAAGCCAC-1	Gossypium bickii	leaf	Pigment gland	Mesophyll	False
scplantdb_SRP424189:SRX19292258@@_GCATCTCCAACTCCAA-1	Gossypium bickii	leaf	Mesophyll	Mesophyll	True
scplantdb_SRP424189:SRX19292258@@_GCATCTCTCGACCATA-1	Gossypium bickii	leaf	Companion cell	Mesophyll	True
scplantdb_SRP424189:SRX19292258@@_GCCAGCAGTCTGTGAT-1	Gossypium bickii	leaf	Mesophyll	Mesophyll	True
scplantdb_SRP424189:SRX19292258@@_GCCATGGCAAGCCATT-1	Gossypium bickii	leaf	Mesophyll	Mesophyll	True
scplantdb_SRP424189:SRX19292258@@_GCCATTCCAGCGTTTA-1	Gossypium bickii	leaf	Mesophyll	Mesophyll	True
scplantdb_SRP424189:SRX19292258@@_GCCCGAATCATCTGTT-1	Gossypium bickii	leaf	Mesophyll	Mesophyll	True
scplantdb_SRP424189:SRX19292258@@_GCCGATGCACAATGCT-1	Gossypium bickii	leaf	Mesophyll	Mesophyll	True
scplantdb_SRP424189:SRX19292258@@_GCGAGAATCCACAAGT-1	Gossypium bickii	leaf	Companion cell	Mesophyll	True
scplantdb_SRP424189:SRX19292258@@_GCGTGCAGTCCGTTTC-1	Gossypium bickii	leaf	Mesophyll	Mesophyll	True
scplantdb_SRP424189:SRX19292258@@_GGAACCCGTGAGTCAG-1	Gossypium bickii	leaf	Mesophyll	Mesophyll	True
scplantdb_SRP424189:SRX19292258@@_GGACGTCCACTTTATC-1	Gossypium bickii	leaf	Mesophyll	Mesophyll	True
scplantdb_SRP424189:SRX19292258@@_GGAGATGCAACGATTC-1	Gossypium bickii	leaf	Phloem parenchyma	Mesophyll	True
scplantdb_SRP424189:SRX19292258@@_GGATGTTGTACCTAGT-1	Gossypium bickii	leaf	Xylem	Mesophyll	True
scplantdb_SRP424189:SRX19292258@@_GGCAGTCTCGGTTGTA-1	Gossypium bickii	leaf	Mesophyll	Mesophyll	True
scplantdb_SRP424189:SRX19292258@@_GGGAAGTTCCCAATAG-1	Gossypium bickii	leaf	Mesophyll	Mesophyll	True
scplantdb_SRP424189:SRX19292258@@_GGGACAATCCGTATGA-1	Gossypium bickii	leaf	Mesophyll	Mesophyll	True
scplantdb_SRP424189:SRX19292258@@_GGGAGTAAGGGTAGCT-1	Gossypium bickii	leaf	Mesophyll	Mesophyll	True
scplantdb_SRP424189:SRX19292258@@_GGGAGTAGTACGCTAT-1	Gossypium bickii	leaf	Leaf epidermis	Mesophyll	True
scplantdb_SRP424189:SRX19292258@@_GGGTCTGCAAGTGACG-1	Gossypium bickii	leaf	Procambium	Mesophyll	False
scplantdb_SRP424189:SRX19292258@@_GGGTGAACACTCTAGA-1	Gossypium bickii	leaf	Mesophyll	Mesophyll	True
scplantdb_SRP424189:SRX19292258@@_GGTTAACGTGTCTCCT-1	Gossypium bickii	leaf	Mesophyll	Mesophyll	True
scplantdb_SRP424189:SRX19292258@@_GGTTCTCAGATGGCAC-1	Gossypium bickii	leaf	Mesophyll	Mesophyll	True
scplantdb_SRP424189:SRX19292258@@_GTAACACGTAGGTCAG-1	Gossypium bickii	leaf	Mesophyll	Mesophyll	True
scplantdb_SRP424189:SRX19292258@@_GTCAAGTTCTCATTGT-1	Gossypium bickii	leaf	Leaf epidermis	Mesophyll	True
scplantdb_SRP424189:SRX19292258@@_GTCCACTCAATCGCGC-1	Gossypium bickii	leaf	Mesophyll	Mesophyll	True
scplantdb_SRP424189:SRX19292258@@_GTCCCATTCCCGATCT-1	Gossypium bickii	leaf	Mesophyll	Mesophyll	True
scplantdb_SRP424189:SRX19292258@@_GTCCTCACACTTGGCG-1	Gossypium bickii	leaf	Procambium	Mesophyll	False
scplantdb_SRP424189:SRX19292258@@_GTCGCGAAGTAGGTTA-1	Gossypium bickii	leaf	Mesophyll	Mesophyll	True
scplantdb_SRP424189:SRX19292258@@_GTGCACGGTGCCCAGT-1	Gossypium bickii	leaf	Mesophyll	Mesophyll	True
scplantdb_SRP424189:SRX19292258@@_GTGCGTGTCACTTTGT-1	Gossypium bickii	leaf	Leaf epidermis	Mesophyll	True
scplantdb_SRP424189:SRX19292258@@_GTGGAAGCACGCTGCA-1	Gossypium bickii	leaf	Procambium	Mesophyll	False
scplantdb_SRP424189:SRX19292258@@_GTGGAGACACGTTGGC-1	Gossypium bickii	leaf	Mesophyll	Mesophyll	True
scplantdb_SRP424189:SRX19292258@@_GTGGAGATCCTCTTTC-1	Gossypium bickii	leaf	Mesophyll	Mesophyll	True
scplantdb_SRP424189:SRX19292258@@_GTGGGAACAACCGTGC-1	Gossypium bickii	leaf	Mesophyll	Mesophyll	True
scplantdb_SRP424189:SRX19292258@@_GTGTAACTCCGCTGTT-1	Gossypium bickii	leaf	Mesophyll	Mesophyll	True
scplantdb_SRP424189:SRX19292258@@_GTGTGATAGCAGGCTA-1	Gossypium bickii	leaf	Mesophyll	Mesophyll	True
scplantdb_SRP424189:SRX19292258@@_GTTACGAGTAGCCAGA-1	Gossypium bickii	leaf	Procambium	Mesophyll	False
scplantdb_SRP424189:SRX19292258@@_GTTAGACAGGGATCTG-1	Gossypium bickii	leaf	Leaf epidermis	Mesophyll	True
scplantdb_SRP424189:SRX19292258@@_GTTAGTGGTATACCTG-1	Gossypium bickii	leaf	Leaf epidermis	Mesophyll	True
scplantdb_SRP424189:SRX19292258@@_GTTATGGCAAGACTGG-1	Gossypium bickii	leaf	Leaf epidermis	Mesophyll	True
scplantdb_SRP424189:SRX19292258@@_GTTCCGTTCTATCCAT-1	Gossypium bickii	leaf	Mesophyll	Mesophyll	True
scplantdb_SRP424189:SRX19292258@@_GTTCGCTGTAATGATG-1	Gossypium bickii	leaf	Leaf epidermis	Mesophyll	True
scplantdb_SRP424189:SRX19292258@@_GTTGCGGTCACCCTGT-1	Gossypium bickii	leaf	Mesophyll	Mesophyll	True
scplantdb_SRP424189:SRX19292258@@_GTTGTCCGTCACTTCC-1	Gossypium bickii	leaf	Phloem parenchyma	Mesophyll	True
scplantdb_SRP424189:SRX19292258@@_GTTTGGAAGACATACA-1	Gossypium bickii	leaf	Mesophyll	Mesophyll	True
scplantdb_SRP424189:SRX19292258@@_GTTTGGAGTCAGCTTA-1	Gossypium bickii	leaf	Mesophyll	Mesophyll	True
scplantdb_SRP424189:SRX19292258@@_TAACTTCCAGTCCGTG-1	Gossypium bickii	leaf	Mesophyll	Mesophyll	True
scplantdb_SRP424189:SRX19292258@@_TAATTCCAGAAGCGCT-1	Gossypium bickii	leaf	Pigment gland	Mesophyll	False
scplantdb_SRP424189:SRX19292258@@_TACATTCAGAGTTCGG-1	Gossypium bickii	leaf	Phloem parenchyma	Mesophyll	True
scplantdb_SRP424189:SRX19292258@@_TACATTCGTGTTAACC-1	Gossypium bickii	leaf	Mesophyll	Mesophyll	True
scplantdb_SRP424189:SRX19292258@@_TACCCACGTTAGAAGT-1	Gossypium bickii	leaf	Mesophyll	Mesophyll	True
scplantdb_SRP424189:SRX19292258@@_TAGACCAGTCGGTACC-1	Gossypium bickii	leaf	Leaf epidermis	Mesophyll	True
scplantdb_SRP424189:SRX19292258@@_TAGACCAGTTAGGGTG-1	Gossypium bickii	leaf	Mesophyll	Mesophyll	True
scplantdb_SRP424189:SRX19292258@@_TAGACTGGTCAGGAGT-1	Gossypium bickii	leaf	Xylem	Mesophyll	True
scplantdb_SRP424189:SRX19292258@@_TAGATCGAGTCGAAGC-1	Gossypium bickii	leaf	Mesophyll	Mesophyll	True
scplantdb_SRP424189:SRX19292258@@_TAGGGTTCACATGGTT-1	Gossypium bickii	leaf	Companion cell	Mesophyll	True
scplantdb_SRP424189:SRX19292258@@_TAGGTACTCAAAGAAC-1	Gossypium bickii	leaf	Companion cell	Mesophyll	True
scplantdb_SRP424189:SRX19292258@@_TATACCTTCGACGAGA-1	Gossypium bickii	leaf	Mesophyll	Mesophyll	True
scplantdb_SRP424189:SRX19292258@@_TATTCCACACTGCGTG-1	Gossypium bickii	leaf	Mesophyll	Mesophyll	True
scplantdb_SRP424189:SRX19292258@@_TCAAGTGTCTCCTGAC-1	Gossypium bickii	leaf	Mesophyll	Mesophyll	True
scplantdb_SRP424189:SRX19292258@@_TCAATCTAGGGAGATA-1	Gossypium bickii	leaf	Leaf epidermis	Mesophyll	True
scplantdb_SRP424189:SRX19292258@@_TCACAAGCAGTTCTAG-1	Gossypium bickii	leaf	Mesophyll	Mesophyll	True
scplantdb_SRP424189:SRX19292258@@_TCACACCAGGACAGTC-1	Gossypium bickii	leaf	Mesophyll	Mesophyll	True
scplantdb_SRP424189:SRX19292258@@_TCACATTGTCCGGTGT-1	Gossypium bickii	leaf	Mesophyll	Mesophyll	True
scplantdb_SRP424189:SRX19292258@@_TCACGGGTCCATCTCG-1	Gossypium bickii	leaf	Mesophyll	Mesophyll	True
scplantdb_SRP424189:SRX19292258@@_TCACTATTCACGTAGT-1	Gossypium bickii	leaf	Procambium	Mesophyll	False
scplantdb_SRP424189:SRX19292258@@_TCACTCGGTATCTCGA-1	Gossypium bickii	leaf	Mesophyll	Mesophyll	True
scplantdb_SRP424189:SRX19292258@@_TCAGTTTAGAGAACCC-1	Gossypium bickii	leaf	Mesophyll	Mesophyll	True
scplantdb_SRP424189:SRX19292258@@_TCAGTTTGTTGTGTTG-1	Gossypium bickii	leaf	Mesophyll	Mesophyll	True
scplantdb_SRP424189:SRX19292258@@_TCATTGTAGGGCAAGG-1	Gossypium bickii	leaf	Mesophyll	Mesophyll	True
scplantdb_SRP424189:SRX19292258@@_TCCACGTGTTCCCACT-1	Gossypium bickii	leaf	Leaf epidermis	Mesophyll	True
scplantdb_SRP424189:SRX19292258@@_TCCACGTTCGCTGATA-1	Gossypium bickii	leaf	Mesophyll	Mesophyll	True
scplantdb_SRP424189:SRX19292258@@_TCCAGAATCGTCGCTT-1	Gossypium bickii	leaf	Mesophyll	Mesophyll	True
scplantdb_SRP424189:SRX19292258@@_TCCATCGCAGGCCTGT-1	Gossypium bickii	leaf	Mesophyll	Mesophyll	True
scplantdb_SRP424189:SRX19292258@@_TCCATCGCAGTACTAC-1	Gossypium bickii	leaf	Mesophyll	Mesophyll	True
scplantdb_SRP424189:SRX19292258@@_TCCTCGACATTCACCC-1	Gossypium bickii	leaf	Leaf epidermis	Mesophyll	True
scplantdb_SRP424189:SRX19292258@@_TCGCAGGGTAACACCT-1	Gossypium bickii	leaf	Mesophyll	Mesophyll	True
scplantdb_SRP424189:SRX19292258@@_TCGCTTGAGTAGCTCT-1	Gossypium bickii	leaf	Leaf epidermis	Mesophyll	True
scplantdb_SRP424189:SRX19292258@@_TCGCTTGGTGCATTTG-1	Gossypium bickii	leaf	Leaf epidermis	Mesophyll	True
scplantdb_SRP424189:SRX19292258@@_TCGCTTGGTTTACGTG-1	Gossypium bickii	leaf	Mesophyll	Mesophyll	True
scplantdb_SRP424189:SRX19292258@@_TCGGATAAGATCACCT-1	Gossypium bickii	leaf	Xylem	Mesophyll	True
scplantdb_SRP424189:SRX19292258@@_TCGGGACCAATAGTGA-1	Gossypium bickii	leaf	Mesophyll	Mesophyll	True
scplantdb_SRP424189:SRX19292258@@_TCGTGCTTCAATCGGT-1	Gossypium bickii	leaf	Leaf guard cell	Mesophyll	True
scplantdb_SRP424189:SRX19292258@@_TCTCAGCGTCCGACGT-1	Gossypium bickii	leaf	Leaf epidermis	Mesophyll	True
scplantdb_SRP424189:SRX19292258@@_TCTCAGCTCCAGCTCT-1	Gossypium bickii	leaf	Mesophyll	Mesophyll	True
scplantdb_SRP424189:SRX19292258@@_TCTTGCGTCCTTATAC-1	Gossypium bickii	leaf	Leaf epidermis	Mesophyll	True
scplantdb_SRP424189:SRX19292258@@_TGACTCCAGCAAGTCG-1	Gossypium bickii	leaf	Xylem	Mesophyll	True
scplantdb_SRP424189:SRX19292258@@_TGACTCCGTGTCATTG-1	Gossypium bickii	leaf	Mesophyll	Mesophyll	True
scplantdb_SRP424189:SRX19292258@@_TGAGTCAAGTCGAATA-1	Gossypium bickii	leaf	Leaf epidermis	Mesophyll	True
scplantdb_SRP424189:SRX19292258@@_TGAGTCACAAACTAGA-1	Gossypium bickii	leaf	Mesophyll	Mesophyll	True
scplantdb_SRP424189:SRX19292258@@_TGAGTCAGTGTATACC-1	Gossypium bickii	leaf	Mesophyll	Mesophyll	True
scplantdb_SRP424189:SRX19292258@@_TGATCTTCAAACTGCT-1	Gossypium bickii	leaf	Mesophyll	Mesophyll	True
scplantdb_SRP424189:SRX19292258@@_TGCAGGCCAAGAATGT-1	Gossypium bickii	leaf	Mesophyll	Mesophyll	True
scplantdb_SRP424189:SRX19292258@@_TGCAGTACACTATGTG-1	Gossypium bickii	leaf	Phloem parenchyma	Mesophyll	True
scplantdb_SRP424189:SRX19292258@@_TGCATCCCAGTTCTAG-1	Gossypium bickii	leaf	Mesophyll	Mesophyll	True
scplantdb_SRP424189:SRX19292258@@_TGCCGAGAGCGGGTAT-1	Gossypium bickii	leaf	Leaf epidermis	Mesophyll	True
scplantdb_SRP424189:SRX19292258@@_TGCGACGGTATGTCTG-1	Gossypium bickii	leaf	Leaf epidermis	Mesophyll	True
scplantdb_SRP424189:SRX19292258@@_TGGGCTGCATCGAAGG-1	Gossypium bickii	leaf	Mesophyll	Mesophyll	True
scplantdb_SRP424189:SRX19292258@@_TGGTTAGTCGAACGGA-1	Gossypium bickii	leaf	Leaf epidermis	Mesophyll	True
scplantdb_SRP424189:SRX19292258@@_TGTAACGAGGGTTGCA-1	Gossypium bickii	leaf	Mesophyll	Mesophyll	True
scplantdb_SRP424189:SRX19292258@@_TGTCCACGTGTAAACA-1	Gossypium bickii	leaf	Companion cell	Mesophyll	True
scplantdb_SRP424189:SRX19292258@@_TGTGATGAGTGACACG-1	Gossypium bickii	leaf	Mesophyll	Mesophyll	True
scplantdb_SRP424189:SRX19292258@@_TGTGTGAGTATGAGCG-1	Gossypium bickii	leaf	Mesophyll	Mesophyll	True
scplantdb_SRP424189:SRX19292258@@_TTAATCCCATGGGTCC-1	Gossypium bickii	leaf	Xylem	Mesophyll	True
scplantdb_SRP424189:SRX19292258@@_TTACCATCAGGACTTT-1	Gossypium bickii	leaf	Phloem parenchyma	Mesophyll	True
scplantdb_SRP424189:SRX19292258@@_TTCCGGTTCGCGGTAC-1	Gossypium bickii	leaf	Mesophyll	Mesophyll	True
scplantdb_SRP424189:SRX19292258@@_TTCTAGTCAGCAGATG-1	Gossypium bickii	leaf	Mesophyll	Mesophyll	True
scplantdb_SRP424189:SRX19292258@@_TTCTTCCGTTTACGAC-1	Gossypium bickii	leaf	Mesophyll	Mesophyll	True
scplantdb_SRP424189:SRX19292258@@_TTGATGGAGCGACTAG-1	Gossypium bickii	leaf	Mesophyll	Mesophyll	True
scplantdb_SRP424189:SRX19292258@@_TTGCCTGTCGTTGTGA-1	Gossypium bickii	leaf	Xylem	Mesophyll	True
scplantdb_SRP424189:SRX19292258@@_TTGCTGCTCAGCGGAA-1	Gossypium bickii	leaf	Mesophyll	Mesophyll	True
scplantdb_SRP424189:SRX19292258@@_TTGGTTTAGGCTGGAT-1	Gossypium bickii	leaf	Mesophyll	Mesophyll	True
scplantdb_SRP424189:SRX19292258@@_TTGTTCAGTATGAGAT-1	Gossypium bickii	leaf	Phloem parenchyma	Mesophyll	True
scplantdb_SRP424189:SRX19292258@@_TTTACCAGTTCGTGCG-1	Gossypium bickii	leaf	Leaf epidermis	Mesophyll	True
scplantdb_SRP424189:SRX19292258@@_TTTACTGTCCTTATGT-1	Gossypium bickii	leaf	Mesophyll	Mesophyll	True
scplantdb_SRP424189:SRX19292258@@_TTTCAGTAGGTCGTCC-1	Gossypium bickii	leaf	Mesophyll	Mesophyll	True
scplantdb_SRP424189:SRX19292258@@_TTTGGAGGTTAGGACG-1	Gossypium bickii	leaf	Procambium	Mesophyll	False
arabidopsis_root_atlas:spliced_counts_filtered:AAAGGATCAATTGCTG	Arabidopsis thaliana	root	unannotated	unannotated root	False
arabidopsis_root_atlas:spliced_counts_filtered:AAAGTGACATGACAGG	Arabidopsis thaliana	root	unannotated	unannotated root	False
arabidopsis_root_atlas:spliced_counts_filtered:AACCAACCAACTACGT	Arabidopsis thaliana	root	unannotated	unannotated root	False
arabidopsis_root_atlas:spliced_counts_filtered:AAGTCGTTCGGTTGTA	Arabidopsis thaliana	root	unannotated	unannotated root	False
arabidopsis_root_atlas:spliced_counts_filtered:AATTTCCGTGACTCGC	Arabidopsis thaliana	root	unannotated	unannotated root	False
arabidopsis_root_atlas:spliced_counts_filtered:ACACGCGCAGAAATTG	Arabidopsis thaliana	root	unannotated	unannotated root	False
arabidopsis_root_atlas:spliced_counts_filtered:ACACGCGCAGCTGTGC	Arabidopsis thaliana	root	unannotated	unannotated root	False
arabidopsis_root_atlas:spliced_counts_filtered:ACACTGAAGGGTCAAC	Arabidopsis thaliana	root	unannotated	unannotated root	False
arabidopsis_root_atlas:spliced_counts_filtered:ACAGCCGAGACATCAA	Arabidopsis thaliana	root	unannotated	unannotated root	False
arabidopsis_root_atlas:spliced_counts_filtered:ACATCCCCACGAAAGC	Arabidopsis thaliana	root	unannotated	unannotated root	False
arabidopsis_root_atlas:spliced_counts_filtered:ACATGCATCGAACACT	Arabidopsis thaliana	root	unannotated	unannotated root	False
arabidopsis_root_atlas:spliced_counts_filtered:ACTTAGGCATCCTTGC	Arabidopsis thaliana	root	unannotated	unannotated root	False
arabidopsis_root_atlas:spliced_counts_filtered:ACTTATCCAACTGGTT	Arabidopsis thaliana	root	unannotated	unannotated root	False
arabidopsis_root_atlas:spliced_counts_filtered:AGAACAAAGGTCGAGT	Arabidopsis thaliana	root	unannotated	unannotated root	False
arabidopsis_root_atlas:spliced_counts_filtered:AGACACTGTCGGTAAG	Arabidopsis thaliana	root	unannotated	unannotated root	False
arabidopsis_root_atlas:spliced_counts_filtered:AGACCATAGGTCGTCC	Arabidopsis thaliana	root	unannotated	unannotated root	False
arabidopsis_root_atlas:spliced_counts_filtered:AGATAGATCATTGCGA	Arabidopsis thaliana	root	unannotated	unannotated root	False
arabidopsis_root_atlas:spliced_counts_filtered:AGATGAATCTCCGAAA	Arabidopsis thaliana	root	unannotated	unannotated root	False
arabidopsis_root_atlas:spliced_counts_filtered:AGCCAATGTCCTCCAT	Arabidopsis thaliana	root	unannotated	unannotated root	False
arabidopsis_root_atlas:spliced_counts_filtered:AGCTTCCGTTAAACCC	Arabidopsis thaliana	root	unannotated	unannotated root	False
arabidopsis_root_atlas:spliced_counts_filtered:AGGATAAGTCTGTGCG	Arabidopsis thaliana	root	unannotated	unannotated root	False
arabidopsis_root_atlas:spliced_counts_filtered:AGGGTCCTCAAAGCCT	Arabidopsis thaliana	root	unannotated	unannotated root	False
arabidopsis_root_atlas:spliced_counts_filtered:AGTTAGCTCAGAGCAG	Arabidopsis thaliana	root	unannotated	unannotated root	False
arabidopsis_root_atlas:spliced_counts_filtered:AGTTAGCTCTTGGGCG	Arabidopsis thaliana	root	unannotated	unannotated root	False
arabidopsis_root_atlas:spliced_counts_filtered:ATCACTTCAGGCTTGC	Arabidopsis thaliana	root	unannotated	unannotated root	False
arabidopsis_root_atlas:spliced_counts_filtered:ATCGCCTTCCTTGACC	Arabidopsis thaliana	root	unannotated	unannotated root	False
arabidopsis_root_atlas:spliced_counts_filtered:ATCGTGATCAACACCA	Arabidopsis thaliana	root	unannotated	unannotated root	False
arabidopsis_root_atlas:spliced_counts_filtered:ATGAGGGCAGCGTTGC	Arabidopsis thaliana	root	unannotated	unannotated root	False
arabidopsis_root_atlas:spliced_counts_filtered:ATTCCATTCGCCATAA	Arabidopsis thaliana	root	unannotated	unannotated root	False
arabidopsis_root_atlas:spliced_counts_filtered:ATTGTTCAGGGTACGT	Arabidopsis thaliana	root	unannotated	unannotated root	False
arabidopsis_root_atlas:spliced_counts_filtered:ATTGTTCCACGGTGTC	Arabidopsis thaliana	root	unannotated	unannotated root	False
arabidopsis_root_atlas:spliced_counts_filtered:ATTGTTCTCATCACTT	Arabidopsis thaliana	root	unannotated	unannotated root	False
arabidopsis_root_atlas:spliced_counts_filtered:CACCGTTGTCACCGAC	Arabidopsis thaliana	root	unannotated	unannotated root	False
arabidopsis_root_atlas:spliced_counts_filtered:CATCCCACAGACGATG	Arabidopsis thaliana	root	unannotated	unannotated root	False
arabidopsis_root_atlas:spliced_counts_filtered:CATGCTCCAAGTTCCA	Arabidopsis thaliana	root	unannotated	unannotated root	False
arabidopsis_root_atlas:spliced_counts_filtered:CATGGATCAGCACGAA	Arabidopsis thaliana	root	unannotated	unannotated root	False
arabidopsis_root_atlas:spliced_counts_filtered:CCAATGAGTGCCAAGA	Arabidopsis thaliana	root	unannotated	unannotated root	False
arabidopsis_root_atlas:spliced_counts_filtered:CCACACTTCTAGCCTC	Arabidopsis thaliana	root	unannotated	unannotated root	False
arabidopsis_root_atlas:spliced_counts_filtered:CCACCATTCGCTGTCT	Arabidopsis thaliana	root	unannotated	unannotated root	False
arabidopsis_root_atlas:spliced_counts_filtered:CCATCACTCCTTATAC	Arabidopsis thaliana	root	unannotated	unannotated root	False
arabidopsis_root_atlas:spliced_counts_filtered:CCGCAAGTCGGCACTG	Arabidopsis thaliana	root	unannotated	unannotated root	False
arabidopsis_root_atlas:spliced_counts_filtered:CCGTGAGAGCTCGAAG	Arabidopsis thaliana	root	unannotated	unannotated root	False
arabidopsis_root_atlas:spliced_counts_filtered:CCTCAGTTCTCGCAGG	Arabidopsis thaliana	root	unannotated	unannotated root	False
arabidopsis_root_atlas:spliced_counts_filtered:CCTTGTGAGACCAGCA	Arabidopsis thaliana	root	unannotated	unannotated root	False
arabidopsis_root_atlas:spliced_counts_filtered:CCTTGTGAGTGTGTTC	Arabidopsis thaliana	root	unannotated	unannotated root	False
arabidopsis_root_atlas:spliced_counts_filtered:CGGAACCTCGTGGTAT	Arabidopsis thaliana	root	unannotated	unannotated root	False
arabidopsis_root_atlas:spliced_counts_filtered:CGGGTCAAGCTGGCTC	Arabidopsis thaliana	root	unannotated	unannotated root	False
arabidopsis_root_atlas:spliced_counts_filtered:CGTAGTAAGTATCTGC	Arabidopsis thaliana	root	unannotated	unannotated root	False
arabidopsis_root_atlas:spliced_counts_filtered:CGTCCATCATCGTGCG	Arabidopsis thaliana	root	unannotated	unannotated root	False
arabidopsis_root_atlas:spliced_counts_filtered:CGTTAGATCGCTCTAC	Arabidopsis thaliana	root	unannotated	unannotated root	False
arabidopsis_root_atlas:spliced_counts_filtered:CTAAGTGAGTCTCCTC	Arabidopsis thaliana	root	unannotated	unannotated root	False
arabidopsis_root_atlas:spliced_counts_filtered:CTAAGTGTCTGGGCAC	Arabidopsis thaliana	root	unannotated	unannotated root	False
arabidopsis_root_atlas:spliced_counts_filtered:CTACATTGTACGAGCA	Arabidopsis thaliana	root	unannotated	unannotated root	False
arabidopsis_root_atlas:spliced_counts_filtered:CTACCCAAGGCAGTCA	Arabidopsis thaliana	root	unannotated	unannotated root	False
arabidopsis_root_atlas:spliced_counts_filtered:CTACGGGAGGGCGAGA	Arabidopsis thaliana	root	unannotated	unannotated root	False
arabidopsis_root_atlas:spliced_counts_filtered:CTATCTAGTGTGACCC	Arabidopsis thaliana	root	unannotated	unannotated root	False
arabidopsis_root_atlas:spliced_counts_filtered:CTCAGTCCATGACTAC	Arabidopsis thaliana	root	unannotated	unannotated root	False
arabidopsis_root_atlas:spliced_counts_filtered:CTCATTAAGAGGTTTA	Arabidopsis thaliana	root	unannotated	unannotated root	False
arabidopsis_root_atlas:spliced_counts_filtered:CTCCAACGTTATTCCT	Arabidopsis thaliana	root	unannotated	unannotated root	False
arabidopsis_root_atlas:spliced_counts_filtered:CTGAGGCGTGTCCGTG	Arabidopsis thaliana	root	unannotated	unannotated root	False
arabidopsis_root_atlas:spliced_counts_filtered:CTGGCAGCATAGGTTC	Arabidopsis thaliana	root	unannotated	unannotated root	False
arabidopsis_root_atlas:spliced_counts_filtered:CTTCCTTGTTAGCGGA	Arabidopsis thaliana	root	unannotated	unannotated root	False
arabidopsis_root_atlas:spliced_counts_filtered:CTTCTCTGTTCGGCTG	Arabidopsis thaliana	root	unannotated	unannotated root	False
arabidopsis_root_atlas:spliced_counts_filtered:GAAATGATCTCTGAGA	Arabidopsis thaliana	root	unannotated	unannotated root	False
arabidopsis_root_atlas:spliced_counts_filtered:GAACGTTGTTGTTTGG	Arabidopsis thaliana	root	unannotated	unannotated root	False
arabidopsis_root_atlas:spliced_counts_filtered:GAACTGTAGCATGGGT	Arabidopsis thaliana	root	unannotated	unannotated root	False
arabidopsis_root_atlas:spliced_counts_filtered:GAAGGGTCACCACTGG	Arabidopsis thaliana	root	unannotated	unannotated root	False
arabidopsis_root_atlas:spliced_counts_filtered:GACCCTTTCACGTAGT	Arabidopsis thaliana	root	unannotated	unannotated root	False
arabidopsis_root_atlas:spliced_counts_filtered:GACTATGAGACTACCT	Arabidopsis thaliana	root	unannotated	unannotated root	False
arabidopsis_root_atlas:spliced_counts_filtered:GAGCTGCAGCCTTCTC	Arabidopsis thaliana	root	unannotated	unannotated root	False
arabidopsis_root_atlas:spliced_counts_filtered:GAGTTACAGAAGCCTG	Arabidopsis thaliana	root	unannotated	unannotated root	False
arabidopsis_root_atlas:spliced_counts_filtered:GAGTTACTCCTCCACA	Arabidopsis thaliana	root	unannotated	unannotated root	False
arabidopsis_root_atlas:spliced_counts_filtered:GATCATGGTCCAATCA	Arabidopsis thaliana	root	unannotated	unannotated root	False
arabidopsis_root_atlas:spliced_counts_filtered:GATTCGAAGGACACTG	Arabidopsis thaliana	root	unannotated	unannotated root	False
arabidopsis_root_atlas:spliced_counts_filtered:GCACGTGGTCGCATCG	Arabidopsis thaliana	root	unannotated	unannotated root	False
arabidopsis_root_atlas:spliced_counts_filtered:GCCATTCGTGTTCGTA	Arabidopsis thaliana	root	unannotated	unannotated root	False
arabidopsis_root_atlas:spliced_counts_filtered:GCCGATGCAATAAGGT	Arabidopsis thaliana	root	unannotated	unannotated root	False
arabidopsis_root_atlas:spliced_counts_filtered:GCCGATGTCTAACGCA	Arabidopsis thaliana	root	unannotated	unannotated root	False
arabidopsis_root_atlas:spliced_counts_filtered:GCGGAAACAAATGGCG	Arabidopsis thaliana	root	unannotated	unannotated root	False
arabidopsis_root_atlas:spliced_counts_filtered:GCGGAAACATCACAGT	Arabidopsis thaliana	root	unannotated	unannotated root	False
arabidopsis_root_atlas:spliced_counts_filtered:GGAACCCAGTGAGTGC	Arabidopsis thaliana	root	unannotated	unannotated root	False
arabidopsis_root_atlas:spliced_counts_filtered:GGAAGTGTCACAGTGT	Arabidopsis thaliana	root	unannotated	unannotated root	False
arabidopsis_root_atlas:spliced_counts_filtered:GGACGTCAGGTTCATC	Arabidopsis thaliana	root	unannotated	unannotated root	False
arabidopsis_root_atlas:spliced_counts_filtered:GGAGGATGTAAGTTGA	Arabidopsis thaliana	root	unannotated	unannotated root	False
arabidopsis_root_atlas:spliced_counts_filtered:GGAGGATTCGTCAACA	Arabidopsis thaliana	root	unannotated	unannotated root	False
arabidopsis_root_atlas:spliced_counts_filtered:GGGCGTTTCGCTGCGA	Arabidopsis thaliana	root	unannotated	unannotated root	False
arabidopsis_root_atlas:spliced_counts_filtered:GGGCTCACAGCGTATT	Arabidopsis thaliana	root	unannotated	unannotated root	False
arabidopsis_root_atlas:spliced_counts_filtered:GGGTTTAAGTACTCGT	Arabidopsis thaliana	root	unannotated	unannotated root	False
arabidopsis_root_atlas:spliced_counts_filtered:GGTGAAGTCATCACAG	Arabidopsis thaliana	root	unannotated	unannotated root	False
arabidopsis_root_atlas:spliced_counts_filtered:GGTGATTGTTATAGAG	Arabidopsis thaliana	root	unannotated	unannotated root	False
arabidopsis_root_atlas:spliced_counts_filtered:GTAACACGTGTGTGTT	Arabidopsis thaliana	root	unannotated	unannotated root	False
arabidopsis_root_atlas:spliced_counts_filtered:GTCAAGTTCGGTTGTA	Arabidopsis thaliana	root	unannotated	unannotated root	False
arabidopsis_root_atlas:spliced_counts_filtered:GTCACTCAGCACACCC	Arabidopsis thaliana	root	unannotated	unannotated root	False
arabidopsis_root_atlas:spliced_counts_filtered:GTCATCCCAGTTGTCA	Arabidopsis thaliana	root	unannotated	unannotated root	False
arabidopsis_root_atlas:spliced_counts_filtered:GTCATGATCTCGACGG	Arabidopsis thaliana	root	unannotated	unannotated root	False
arabidopsis_root_atlas:spliced_counts_filtered:GTCATTTTCCTACGAA	Arabidopsis thaliana	root	unannotated	unannotated root	False
arabidopsis_root_atlas:spliced_counts_filtered:GTCCCATCAGAGTCTT	Arabidopsis thaliana	root	unannotated	unannotated root	False
arabidopsis_root_atlas:spliced_counts_filtered:GTGTTCCTCGGTCACG	Arabidopsis thaliana	root	unannotated	unannotated root	False
arabidopsis_root_atlas:spliced_counts_filtered:GTTCATTGTTCTCTAT	Arabidopsis thaliana	root	unannotated	unannotated root	False
arabidopsis_root_atlas:spliced_counts_filtered:TACCTGCTCTCATAGG	Arabidopsis thaliana	root	unannotated	unannotated root	False
arabidopsis_root_atlas:spliced_counts_filtered:TACGGGCTCATTACGG	Arabidopsis thaliana	root	unannotated	unannotated root	False
arabidopsis_root_atlas:spliced_counts_filtered:TACGTCCAGAGTTGAT	Arabidopsis thaliana	root	unannotated	unannotated root	False
arabidopsis_root_atlas:spliced_counts_filtered:TAGTGCAGTATCGATC	Arabidopsis thaliana	root	unannotated	unannotated root	False
arabidopsis_root_atlas:spliced_counts_filtered:TATTCCATCGACCATA	Arabidopsis thaliana	root	unannotated	unannotated root	False
arabidopsis_root_atlas:spliced_counts_filtered:TATTGCTTCTTCCACG	Arabidopsis thaliana	root	unannotated	unannotated root	False
arabidopsis_root_atlas:spliced_counts_filtered:TCAATTCCATCTTAGG	Arabidopsis thaliana	root	unannotated	unannotated root	False
arabidopsis_root_atlas:spliced_counts_filtered:TCACAAGTCCTCAGGG	Arabidopsis thaliana	root	unannotated	unannotated root	False
arabidopsis_root_atlas:spliced_counts_filtered:TCACGCTGTCCTGGGT	Arabidopsis thaliana	root	unannotated	unannotated root	False
arabidopsis_root_atlas:spliced_counts_filtered:TCAGCAATCTCCTGTG	Arabidopsis thaliana	root	unannotated	unannotated root	False
arabidopsis_root_atlas:spliced_counts_filtered:TCCCAGTTCCCATTTA	Arabidopsis thaliana	root	unannotated	unannotated root	False
arabidopsis_root_atlas:spliced_counts_filtered:TCCGATCCAATCTCTT	Arabidopsis thaliana	root	unannotated	unannotated root	False
arabidopsis_root_atlas:spliced_counts_filtered:TCGTAGATCTGTGCGG	Arabidopsis thaliana	root	unannotated	unannotated root	False
arabidopsis_root_atlas:spliced_counts_filtered:TCTGCCAGTCGCATTA	Arabidopsis thaliana	root	unannotated	unannotated root	False
arabidopsis_root_atlas:spliced_counts_filtered:TCTGTCGAGTGGACTG	Arabidopsis thaliana	root	unannotated	unannotated root	False
arabidopsis_root_atlas:spliced_counts_filtered:TCTGTCGGTGGAAATT	Arabidopsis thaliana	root	unannotated	unannotated root	False
arabidopsis_root_atlas:spliced_counts_filtered:TCTTAGTTCCTGCCAT	Arabidopsis thaliana	root	unannotated	unannotated root	False
arabidopsis_root_atlas:spliced_counts_filtered:TCTTCCTTCGCATAGT	Arabidopsis thaliana	root	unannotated	unannotated root	False
arabidopsis_root_atlas:spliced_counts_filtered:TGACTCCAGCCATTGT	Arabidopsis thaliana	root	unannotated	unannotated root	False
arabidopsis_root_atlas:spliced_counts_filtered:TGAGACTTCTATTTCG	Arabidopsis thaliana	root	unannotated	unannotated root	False
arabidopsis_root_atlas:spliced_counts_filtered:TGAGGTTAGAGCCTGA	Arabidopsis thaliana	root	unannotated	unannotated root	False
arabidopsis_root_atlas:spliced_counts_filtered:TGATGGTCATCTGCGG	Arabidopsis thaliana	root	unannotated	unannotated root	False
arabidopsis_root_atlas:spliced_counts_filtered:TGCACGGGTACGAGCA	Arabidopsis thaliana	root	unannotated	unannotated root	False
arabidopsis_root_atlas:spliced_counts_filtered:TGCAGGCTCTATTTCG	Arabidopsis thaliana	root	unannotated	unannotated root	False
arabidopsis_root_atlas:spliced_counts_filtered:TGCGGCATCGGTCAGC	Arabidopsis thaliana	root	unannotated	unannotated root	False
arabidopsis_root_atlas:spliced_counts_filtered:TGGATCAGTCCTGTCT	Arabidopsis thaliana	root	unannotated	unannotated root	False
arabidopsis_root_atlas:spliced_counts_filtered:TGTTCTACAAGTGACG	Arabidopsis thaliana	root	unannotated	unannotated root	False
arabidopsis_root_atlas:spliced_counts_filtered:TTCAATCCACGGATCC	Arabidopsis thaliana	root	unannotated	unannotated root	False
arabidopsis_root_atlas:spliced_counts_filtered:TTCGATTAGGTCATTC	Arabidopsis thaliana	root	unannotated	unannotated root	False
arabidopsis_root_atlas:spliced_counts_filtered:TTCGGTCCAAAGGTTA	Arabidopsis thaliana	root	unannotated	unannotated root	False
arabidopsis_root_atlas:spliced_counts_filtered:TTCGGTCTCTCACCCA	Arabidopsis thaliana	root	unannotated	unannotated root	False
arabidopsis_root_atlas:spliced_counts_filtered:TTCTAACCAAAGGGCT	Arabidopsis thaliana	root	unannotated	unannotated root	False
arabidopsis_root_atlas:spliced_counts_filtered:TTCTTGAAGGGAGGTG	Arabidopsis thaliana	root	unannotated	unannotated root	False
arabidopsis_root_atlas:spliced_counts_filtered:TTCTTGACAGCTCCTT	Arabidopsis thaliana	root	unannotated	unannotated root	False
arabidopsis_root_atlas:spliced_counts_filtered:TTGGTTTTCTTCCTAA	Arabidopsis thaliana	root	unannotated	unannotated root	False
arabidopsis_root_atlas:unspliced_counts_filtered:AAAGGGCAGAGGTCAC	Arabidopsis thaliana	root	unannotated	unannotated root	False
arabidopsis_root_atlas:unspliced_counts_filtered:AACAAGAAGAGAGCCT	Arabidopsis thaliana	root	unannotated	unannotated root	False
arabidopsis_root_atlas:unspliced_counts_filtered:AAGCGAGGTTCCTAGA	Arabidopsis thaliana	root	unannotated	unannotated root	False
arabidopsis_root_atlas:unspliced_counts_filtered:AAGCGAGGTTCGTACA	Arabidopsis thaliana	root	unannotated	unannotated root	False
arabidopsis_root_atlas:unspliced_counts_filtered:AAGCGTTAGTATAGAC	Arabidopsis thaliana	root	unannotated	unannotated root	False
arabidopsis_root_atlas:unspliced_counts_filtered:AAGTCGTCAACATACC	Arabidopsis thaliana	root	unannotated	unannotated root	False
arabidopsis_root_atlas:unspliced_counts_filtered:ACAAGCTCACGTAGAG	Arabidopsis thaliana	root	unannotated	unannotated root	False
arabidopsis_root_atlas:unspliced_counts_filtered:ACAGCCGAGTGGACGT	Arabidopsis thaliana	root	unannotated	unannotated root	False
arabidopsis_root_atlas:unspliced_counts_filtered:ACATGCAAGAAATTCG	Arabidopsis thaliana	root	unannotated	unannotated root	False
arabidopsis_root_atlas:unspliced_counts_filtered:ACCTACCTCTCTTCAA	Arabidopsis thaliana	root	unannotated	unannotated root	False
arabidopsis_root_atlas:unspliced_counts_filtered:ACGTACACACGGTAGA	Arabidopsis thaliana	root	unannotated	unannotated root	False
arabidopsis_root_atlas:unspliced_counts_filtered:ACGTCCTGTTCCACGG	Arabidopsis thaliana	root	unannotated	unannotated root	False
arabidopsis_root_atlas:unspliced_counts_filtered:ACTCTCGTCTTGAGCA	Arabidopsis thaliana	root	unannotated	unannotated root	False
arabidopsis_root_atlas:unspliced_counts_filtered:ACTGATGAGTATAGGT	Arabidopsis thaliana	root	unannotated	unannotated root	False
arabidopsis_root_atlas:unspliced_counts_filtered:AGACACTCACAGAGCA	Arabidopsis thaliana	root	unannotated	unannotated root	False
arabidopsis_root_atlas:unspliced_counts_filtered:AGAGAATAGTGGATTA	Arabidopsis thaliana	root	unannotated	unannotated root	False
arabidopsis_root_atlas:unspliced_counts_filtered:AGCCAGCAGAAGGCTC	Arabidopsis thaliana	root	unannotated	unannotated root	False
arabidopsis_root_atlas:unspliced_counts_filtered:AGGATAATCTGTGCGG	Arabidopsis thaliana	root	unannotated	unannotated root	False
arabidopsis_root_atlas:unspliced_counts_filtered:AGGCCACGTTTACGTG	Arabidopsis thaliana	root	unannotated	unannotated root	False
arabidopsis_root_atlas:unspliced_counts_filtered:AGGTTACTCTGAGCAT	Arabidopsis thaliana	root	unannotated	unannotated root	False
arabidopsis_root_atlas:unspliced_counts_filtered:AGTAGTCCAACAAAGT	Arabidopsis thaliana	root	unannotated	unannotated root	False
arabidopsis_root_atlas:unspliced_counts_filtered:ATACCGATCGCCCAGA	Arabidopsis thaliana	root	unannotated	unannotated root	False
arabidopsis_root_atlas:unspliced_counts_filtered:ATCCGTCCAACTGGTT	Arabidopsis thaliana	root	unannotated	unannotated root	False
arabidopsis_root_atlas:unspliced_counts_filtered:ATCCGTCTCGTGGAAG	Arabidopsis thaliana	root	unannotated	unannotated root	False
arabidopsis_root_atlas:unspliced_counts_filtered:ATCGTCCCATAGCACT	Arabidopsis thaliana	root	unannotated	unannotated root	False
arabidopsis_root_atlas:unspliced_counts_filtered:ATGAAAGGTGGCTAGA	Arabidopsis thaliana	root	unannotated	unannotated root	False
arabidopsis_root_atlas:unspliced_counts_filtered:ATGCCTCTCAGCGCGT	Arabidopsis thaliana	root	unannotated	unannotated root	False
arabidopsis_root_atlas:unspliced_counts_filtered:ATGGAGGCACGCAGTC	Arabidopsis thaliana	root	unannotated	unannotated root	False
arabidopsis_root_atlas:unspliced_counts_filtered:ATGGTTGCACATAGCT	Arabidopsis thaliana	root	unannotated	unannotated root	False
arabidopsis_root_atlas:unspliced_counts_filtered:ATTCACTGTACCGGCT	Arabidopsis thaliana	root	unannotated	unannotated root	False
arabidopsis_root_atlas:unspliced_counts_filtered:ATTTCTGTCCGGCAAC	Arabidopsis thaliana	root	unannotated	unannotated root	False
arabidopsis_root_atlas:unspliced_counts_filtered:CAACCTCGTATCGCGC	Arabidopsis thaliana	root	unannotated	unannotated root	False
arabidopsis_root_atlas:unspliced_counts_filtered:CAACGGCGTCTAACTG	Arabidopsis thaliana	root	unannotated	unannotated root	False
arabidopsis_root_atlas:unspliced_counts_filtered:CAAGGGACAGAATCGG	Arabidopsis thaliana	root	unannotated	unannotated root	False
arabidopsis_root_atlas:unspliced_counts_filtered:CACGTTCTCCGGACGT	Arabidopsis thaliana	root	unannotated	unannotated root	False
arabidopsis_root_atlas:unspliced_counts_filtered:CAGAGCCTCATCTATC	Arabidopsis thaliana	root	unannotated	unannotated root	False
arabidopsis_root_atlas:unspliced_counts_filtered:CAGATCACAATTGCGT	Arabidopsis thaliana	root	unannotated	unannotated root	False
arabidopsis_root_atlas:unspliced_counts_filtered:CAGCAATTCCGTGCGA	Arabidopsis thaliana	root	unannotated	unannotated root	False
arabidopsis_root_atlas:unspliced_counts_filtered:CAGGTATAGCTAGAAT	Arabidopsis thaliana	root	unannotated	unannotated root	False
arabidopsis_root_atlas:unspliced_counts_filtered:CATAAGCTCGCTCTCA	Arabidopsis thaliana	root	unannotated	unannotated root	False
arabidopsis_root_atlas:unspliced_counts_filtered:CATAAGCTCTCAAAGC	Arabidopsis thaliana	root	unannotated	unannotated root	False
arabidopsis_root_atlas:unspliced_counts_filtered:CATCAAGAGCACCGAA	Arabidopsis thaliana	root	unannotated	unannotated root	False
arabidopsis_root_atlas:unspliced_counts_filtered:CATCAAGCATAGATCC	Arabidopsis thaliana	root	unannotated	unannotated root	False
arabidopsis_root_atlas:unspliced_counts_filtered:CATGCAACAGATTCGT	Arabidopsis thaliana	root	unannotated	unannotated root	False
arabidopsis_root_atlas:unspliced_counts_filtered:CCAATTTCACTGCTTC	Arabidopsis thaliana	root	unannotated	unannotated root	False
arabidopsis_root_atlas:unspliced_counts_filtered:CCACACTCACGGGTAA	Arabidopsis thaliana	root	unannotated	unannotated root	False
arabidopsis_root_atlas:unspliced_counts_filtered:CCACTTGGTCCGGACT	Arabidopsis thaliana	root	unannotated	unannotated root	False
arabidopsis_root_atlas:unspliced_counts_filtered:CCCGAAGCATTGTAGC	Arabidopsis thaliana	root	unannotated	unannotated root	False
arabidopsis_root_atlas:unspliced_counts_filtered:CCCTCTCTCTCATTTG	Arabidopsis thaliana	root	unannotated	unannotated root	False
arabidopsis_root_atlas:unspliced_counts_filtered:CCGGGTACAAGGCCTC	Arabidopsis thaliana	root	unannotated	unannotated root	False
arabidopsis_root_atlas:unspliced_counts_filtered:CCTCATGCACAGAGAC	Arabidopsis thaliana	root	unannotated	unannotated root	False
arabidopsis_root_atlas:unspliced_counts_filtered:CGGAATTGTGATTCAC	Arabidopsis thaliana	root	unannotated	unannotated root	False
arabidopsis_root_atlas:unspliced_counts_filtered:CGGGTGTCAGCTCGGT	Arabidopsis thaliana	root	unannotated	unannotated root	False
arabidopsis_root_atlas:unspliced_counts_filtered:CGGGTGTTCGACGTCG	Arabidopsis thaliana	root	unannotated	unannotated root	False
arabidopsis_root_atlas:unspliced_counts_filtered:CGTAAGTTCCCTCGTA	Arabidopsis thaliana	root	unannotated	unannotated root	False
arabidopsis_root_atlas:unspliced_counts_filtered:CTAACCCTCCGCGGAT	Arabidopsis thaliana	root	unannotated	unannotated root	False
arabidopsis_root_atlas:unspliced_counts_filtered:CTAAGTGTCCATCTCG	Arabidopsis thaliana	root	unannotated	unannotated root	False
arabidopsis_root_atlas:unspliced_counts_filtered:CTATCCGGTTGAGTCT	Arabidopsis thaliana	root	unannotated	unannotated root	False
arabidopsis_root_atlas:unspliced_counts_filtered:CTCAATTAGACTACCT	Arabidopsis thaliana	root	unannotated	unannotated root	False
arabidopsis_root_atlas:unspliced_counts_filtered:CTCATGCGTCGTCTCT	Arabidopsis thaliana	root	unannotated	unannotated root	False
arabidopsis_root_atlas:unspliced_counts_filtered:CTCCATGGTGATACAA	Arabidopsis thaliana	root	unannotated	unannotated root	False
arabidopsis_root_atlas:unspliced_counts_filtered:CTCTCGATCTTTGATC	Arabidopsis thaliana	root	unannotated	unannotated root	False
arabidopsis_root_atlas:unspliced_counts_filtered:CTGAGCGGTGGGACAT	Arabidopsis thaliana	root	unannotated	unannotated root	False
arabidopsis_root_atlas:unspliced_counts_filtered:CTGCCATGTGGAGGTT	Arabidopsis thaliana	root	unannotated	unannotated root	False
arabidopsis_root_atlas:unspliced_counts_filtered:CTGGTCTGTACTGTTG	Arabidopsis thaliana	root	unannotated	unannotated root	False
arabidopsis_root_atlas:unspliced_counts_filtered:CTGTGAAGTTACACAC	Arabidopsis thaliana	root	unannotated	unannotated root	False
arabidopsis_root_atlas:unspliced_counts_filtered:CTTCAATTCGGAGCAA	Arabidopsis thaliana	root	unannotated	unannotated root	False
arabidopsis_root_atlas:unspliced_counts_filtered:CTTCTCTGTGTTTCTT	Arabidopsis thaliana	root	unannotated	unannotated root	False
arabidopsis_root_atlas:unspliced_counts_filtered:CTTTCGGGTGTTCGTA	Arabidopsis thaliana	root	unannotated	unannotated root	False
arabidopsis_root_atlas:unspliced_counts_filtered:CTTTCGGTCTCGCCTA	Arabidopsis thaliana	root	unannotated	unannotated root	False
arabidopsis_root_atlas:unspliced_counts_filtered:GAGACTTTCAAATGAG	Arabidopsis thaliana	root	unannotated	unannotated root	False
arabidopsis_root_atlas:unspliced_counts_filtered:GAGACTTTCGTGGACC	Arabidopsis thaliana	root	unannotated	unannotated root	False
arabidopsis_root_atlas:unspliced_counts_filtered:GAGGCAACACTAAACC	Arabidopsis thaliana	root	unannotated	unannotated root	False
arabidopsis_root_atlas:unspliced_counts_filtered:GAGGCAATCTCTTCAA	Arabidopsis thaliana	root	unannotated	unannotated root	False
arabidopsis_root_atlas:unspliced_counts_filtered:GAGGCCTTCGCAGTCG	Arabidopsis thaliana	root	unannotated	unannotated root	False
arabidopsis_root_atlas:unspliced_counts_filtered:GAGTGTTTCATTCACT	Arabidopsis thaliana	root	unannotated	unannotated root	False
arabidopsis_root_atlas:unspliced_counts_filtered:GAGTTACCATACTGAC	Arabidopsis thaliana	root	unannotated	unannotated root	False
arabidopsis_root_atlas:unspliced_counts_filtered:GATCAGTTCTCGCTCA	Arabidopsis thaliana	root	unannotated	unannotated root	False
arabidopsis_root_atlas:unspliced_counts_filtered:GCCGTGAGTTTGTTGG	Arabidopsis thaliana	root	unannotated	unannotated root	False
arabidopsis_root_atlas:unspliced_counts_filtered:GGAGGTAAGCGTACAG	Arabidopsis thaliana	root	unannotated	unannotated root	False
arabidopsis_root_atlas:unspliced_counts_filtered:GGCTTGGGTTTCGGCG	Arabidopsis thaliana	root	unannotated	unannotated root	False
arabidopsis_root_atlas:unspliced_counts_filtered:GGTTAACAGGAAAGGT	Arabidopsis thaliana	root	unannotated	unannotated root	False
arabidopsis_root_atlas:unspliced_counts_filtered:GTCAAGTCAAACTAAG	Arabidopsis thaliana	root	unannotated	unannotated root	False
arabidopsis_root_atlas:unspliced_counts_filtered:GTCGTAATCAACCTTT	Arabidopsis thaliana	root	unannotated	unannotated root	False
arabidopsis_root_atlas:unspliced_counts_filtered:GTGATGTCACTTCATT	Arabidopsis thaliana	root	unannotated	unannotated root	False
arabidopsis_root_atlas:unspliced_counts_filtered:GTTACGACACCCTATC	Arabidopsis thaliana	root	unannotated	unannotated root	False
arabidopsis_root_atlas:unspliced_counts_filtered:GTTCGCTGTCGCACGT	Arabidopsis thaliana	root	unannotated	unannotated root	False
arabidopsis_root_atlas:unspliced_counts_filtered:GTTGTCCAGCGTCGAA	Arabidopsis thaliana	root	unannotated	unannotated root	False
arabidopsis_root_atlas:unspliced_counts_filtered:TAAGCACTCACATCAG	Arabidopsis thaliana	root	unannotated	unannotated root	False
arabidopsis_root_atlas:unspliced_counts_filtered:TAAGCGTTCTATTGTC	Arabidopsis thaliana	root	unannotated	unannotated root	False
arabidopsis_root_atlas:unspliced_counts_filtered:TACATTCTCGTAACAC	Arabidopsis thaliana	root	unannotated	unannotated root	False
arabidopsis_root_atlas:unspliced_counts_filtered:TACGGTAGTTTAAGGA	Arabidopsis thaliana	root	unannotated	unannotated root	False
arabidopsis_root_atlas:unspliced_counts_filtered:TAGACCACACCACATA	Arabidopsis thaliana	root	unannotated	unannotated root	False
arabidopsis_root_atlas:unspliced_counts_filtered:TAGACTGCAGCAGTGA	Arabidopsis thaliana	root	unannotated	unannotated root	False
arabidopsis_root_atlas:unspliced_counts_filtered:TATACCTGTATGAAGT	Arabidopsis thaliana	root	unannotated	unannotated root	False
arabidopsis_root_atlas:unspliced_counts_filtered:TCACAAGCATGAGTAA	Arabidopsis thaliana	root	unannotated	unannotated root	False
arabidopsis_root_atlas:unspliced_counts_filtered:TCACAAGTCGATTTCT	Arabidopsis thaliana	root	unannotated	unannotated root	False
arabidopsis_root_atlas:unspliced_counts_filtered:TCACTCGGTCACCACG	Arabidopsis thaliana	root	unannotated	unannotated root	False
arabidopsis_root_atlas:unspliced_counts_filtered:TCAGTGAGTACAGAGC	Arabidopsis thaliana	root	unannotated	unannotated root	False
arabidopsis_root_atlas:unspliced_counts_filtered:TCGACGGGTTGTGCCG	Arabidopsis thaliana	root	unannotated	unannotated root	False
arabidopsis_root_atlas:unspliced_counts_filtered:TCGGGCAAGGCCTAGA	Arabidopsis thaliana	root	unannotated	unannotated root	False
arabidopsis_root_atlas:unspliced_counts_filtered:TCGGGCACACCGTGCA	Arabidopsis thaliana	root	unannotated	unannotated root	False
arabidopsis_root_atlas:unspliced_counts_filtered:TCGGGTGCAGCGGATA	Arabidopsis thaliana	root	unannotated	unannotated root	False
arabidopsis_root_atlas:unspliced_counts_filtered:TCGGGTGGTTTCGGCG	Arabidopsis thaliana	root	unannotated	unannotated root	False
arabidopsis_root_atlas:unspliced_counts_filtered:TCTCAGCAGGGAGAAT	Arabidopsis thaliana	root	unannotated	unannotated root	False
arabidopsis_root_atlas:unspliced_counts_filtered:TCTCTGGAGTAGTCTC	Arabidopsis thaliana	root	unannotated	unannotated root	False
arabidopsis_root_atlas:unspliced_counts_filtered:TCTTAGTCAGGCGATA	Arabidopsis thaliana	root	unannotated	unannotated root	False
arabidopsis_root_atlas:unspliced_counts_filtered:TGACAGTCAGGTCCCA	Arabidopsis thaliana	root	unannotated	unannotated root	False
arabidopsis_root_atlas:unspliced_counts_filtered:TGAGCGCAGTGATAAC	Arabidopsis thaliana	root	unannotated	unannotated root	False
arabidopsis_root_atlas:unspliced_counts_filtered:TGAGTCAAGTCGCTAT	Arabidopsis thaliana	root	unannotated	unannotated root	False
arabidopsis_root_atlas:unspliced_counts_filtered:TGATGCAGTGCTGATT	Arabidopsis thaliana	root	unannotated	unannotated root	False
arabidopsis_root_atlas:unspliced_counts_filtered:TGGTGATTCCTCACGT	Arabidopsis thaliana	root	unannotated	unannotated root	False
arabidopsis_root_atlas:unspliced_counts_filtered:TGTAACGCAGCGGATA	Arabidopsis thaliana	root	unannotated	unannotated root	False
arabidopsis_root_atlas:unspliced_counts_filtered:TGTAGACGTCGGAACA	Arabidopsis thaliana	root	unannotated	unannotated root	False
arabidopsis_root_atlas:unspliced_counts_filtered:TTCCACGTCTGCTGAA	Arabidopsis thaliana	root	unannotated	unannotated root	False
arabidopsis_root_atlas:unspliced_counts_filtered:TTCGATTAGAAGAGCA	Arabidopsis thaliana	root	unannotated	unannotated root	False
arabidopsis_root_atlas:unspliced_counts_filtered:TTCGGTCCAAAGGTTA	Arabidopsis thaliana	root	unannotated	unannotated root	False
arabidopsis_root_atlas:unspliced_counts_filtered:TTCTAACGTAGGTGCA	Arabidopsis thaliana	root	unannotated	unannotated root	False
arabidopsis_root_atlas:unspliced_counts_filtered:TTGTGGATCGTAGAGG	Arabidopsis thaliana	root	unannotated	unannotated root	False
arabidopsis_root_atlas:unspliced_counts_filtered:TTTACCAAGCAGTCTT	Arabidopsis thaliana	root	unannotated	unannotated root	False
arabidopsis_root_atlas:unspliced_counts_filtered:TTTACGTGTCAGTCTA	Arabidopsis thaliana	root	unannotated	unannotated root	False
arabidopsis_root_atlas:unspliced_counts_filtered:TTTGACTAGTACTGGG	Arabidopsis thaliana	root	unannotated	unannotated root	False
cotton_glandular_terpenoid_atlas:GSM7785431_Rep1:AACCAACAGACACACG-1	Gossypium hirsutum	leaf	unannotated leaf glandular	Mesophyll	False
cotton_glandular_terpenoid_atlas:GSM7785431_Rep1:AATGGCTAGATGACAT-1	Gossypium hirsutum	leaf	unannotated leaf glandular	Mesophyll	False
cotton_glandular_terpenoid_atlas:GSM7785431_Rep1:ACAAGCTTCCGTGGTG-1	Gossypium hirsutum	leaf	unannotated leaf glandular	Mesophyll	False
cotton_glandular_terpenoid_atlas:GSM7785431_Rep1:ACATTTCCACCAAAGG-1	Gossypium hirsutum	leaf	unannotated leaf glandular	Mesophyll	False
cotton_glandular_terpenoid_atlas:GSM7785431_Rep1:ACGGAAGGTTCAATCG-1	Gossypium hirsutum	leaf	unannotated leaf glandular	unannotated root	False
cotton_glandular_terpenoid_atlas:GSM7785431_Rep1:ACTATTCAGTGATGGC-1	Gossypium hirsutum	leaf	unannotated leaf glandular	Mesophyll	False
cotton_glandular_terpenoid_atlas:GSM7785431_Rep1:ACTCCCAGTAACTTCG-1	Gossypium hirsutum	leaf	unannotated leaf glandular	Mesophyll	False
cotton_glandular_terpenoid_atlas:GSM7785431_Rep1:AGAAGCGCATTCTTCA-1	Gossypium hirsutum	leaf	unannotated leaf glandular	Mesophyll	False
cotton_glandular_terpenoid_atlas:GSM7785431_Rep1:AGCGCTGGTGCCGTAC-1	Gossypium hirsutum	leaf	unannotated leaf glandular	unannotated root	False
cotton_glandular_terpenoid_atlas:GSM7785431_Rep1:AGGGTCCTCAACTGAC-1	Gossypium hirsutum	leaf	unannotated leaf glandular	Mesophyll	False
cotton_glandular_terpenoid_atlas:GSM7785431_Rep1:AGGTAGGGTACCACGC-1	Gossypium hirsutum	leaf	unannotated leaf glandular	Mesophyll	False
cotton_glandular_terpenoid_atlas:GSM7785431_Rep1:ATAGACCCAGTAACCT-1	Gossypium hirsutum	leaf	unannotated leaf glandular	Mesophyll	False
cotton_glandular_terpenoid_atlas:GSM7785431_Rep1:ATGAAAGAGTGCGACA-1	Gossypium hirsutum	leaf	unannotated leaf glandular	Mesophyll	False
cotton_glandular_terpenoid_atlas:GSM7785431_Rep1:ATGCATGGTAGTGCGA-1	Gossypium hirsutum	leaf	unannotated leaf glandular	Mesophyll	False
cotton_glandular_terpenoid_atlas:GSM7785431_Rep1:ATGCCTCAGGCACCAA-1	Gossypium hirsutum	leaf	unannotated leaf glandular	Mesophyll	False
cotton_glandular_terpenoid_atlas:GSM7785431_Rep1:ATGCGATAGCCTCCAG-1	Gossypium hirsutum	leaf	unannotated leaf glandular	Mesophyll	False
cotton_glandular_terpenoid_atlas:GSM7785431_Rep1:ATTTCTGGTCAACCTA-1	Gossypium hirsutum	leaf	unannotated leaf glandular	Mesophyll	False
cotton_glandular_terpenoid_atlas:GSM7785431_Rep1:CAACAGTAGATCGCCC-1	Gossypium hirsutum	leaf	unannotated leaf glandular	Mesophyll	False
cotton_glandular_terpenoid_atlas:GSM7785431_Rep1:CAACCAAGTCAAAGTA-1	Gossypium hirsutum	leaf	unannotated leaf glandular	Mesophyll	False
cotton_glandular_terpenoid_atlas:GSM7785431_Rep1:CAACCTCTCCAATCTT-1	Gossypium hirsutum	leaf	unannotated leaf glandular	Mesophyll	False
cotton_glandular_terpenoid_atlas:GSM7785431_Rep1:CAAGACTGTCATGGCC-1	Gossypium hirsutum	leaf	unannotated leaf glandular	Mesophyll	False
cotton_glandular_terpenoid_atlas:GSM7785431_Rep1:CAATCGAGTGCTTATG-1	Gossypium hirsutum	leaf	unannotated leaf glandular	Mesophyll	False
cotton_glandular_terpenoid_atlas:GSM7785431_Rep1:CACGAATTCGAGAAAT-1	Gossypium hirsutum	leaf	unannotated leaf glandular	Mesophyll	False
cotton_glandular_terpenoid_atlas:GSM7785431_Rep1:CACGTGGTCGCGTTTC-1	Gossypium hirsutum	leaf	unannotated leaf glandular	Mesophyll	False
cotton_glandular_terpenoid_atlas:GSM7785431_Rep1:CACTAAGGTAGGCTGA-1	Gossypium hirsutum	leaf	unannotated leaf glandular	unannotated root	False
cotton_glandular_terpenoid_atlas:GSM7785431_Rep1:CATAGACCAGCTGTCG-1	Gossypium hirsutum	leaf	unannotated leaf glandular	Mesophyll	False
cotton_glandular_terpenoid_atlas:GSM7785431_Rep1:CATGCCTGTCGGTACC-1	Gossypium hirsutum	leaf	unannotated leaf glandular	Mesophyll	False
cotton_glandular_terpenoid_atlas:GSM7785431_Rep1:CATTGAGAGGCCCGTT-1	Gossypium hirsutum	leaf	unannotated leaf glandular	Mesophyll	False
cotton_glandular_terpenoid_atlas:GSM7785431_Rep1:CATTGTTAGATCGCTT-1	Gossypium hirsutum	leaf	unannotated leaf glandular	Mesophyll	False
cotton_glandular_terpenoid_atlas:GSM7785431_Rep1:CCACGAGAGGCCCACT-1	Gossypium hirsutum	leaf	unannotated leaf glandular	Mesophyll	False
cotton_glandular_terpenoid_atlas:GSM7785431_Rep1:CCGGTAGTCCAGCTCT-1	Gossypium hirsutum	leaf	unannotated leaf glandular	Mesophyll	False
cotton_glandular_terpenoid_atlas:GSM7785431_Rep1:CCTACGTCACGATTCA-1	Gossypium hirsutum	leaf	unannotated leaf glandular	Mesophyll	False
cotton_glandular_terpenoid_atlas:GSM7785431_Rep1:CCTGCATTCTTACACT-1	Gossypium hirsutum	leaf	unannotated leaf glandular	Mesophyll	False
cotton_glandular_terpenoid_atlas:GSM7785431_Rep1:CGAAGGACACGACGCT-1	Gossypium hirsutum	leaf	unannotated leaf glandular	Mesophyll	False
cotton_glandular_terpenoid_atlas:GSM7785431_Rep1:CGAAGGATCAGACCTA-1	Gossypium hirsutum	leaf	unannotated leaf glandular	Mesophyll	False
cotton_glandular_terpenoid_atlas:GSM7785431_Rep1:CGAAGTTCAGCATCTA-1	Gossypium hirsutum	leaf	unannotated leaf glandular	unannotated root	False
cotton_glandular_terpenoid_atlas:GSM7785431_Rep1:CGAGTTAAGAGAGGTA-1	Gossypium hirsutum	leaf	unannotated leaf glandular	Mesophyll	False
cotton_glandular_terpenoid_atlas:GSM7785431_Rep1:CGATGGCCATATCGGT-1	Gossypium hirsutum	leaf	unannotated leaf glandular	Mesophyll	False
cotton_glandular_terpenoid_atlas:GSM7785431_Rep1:CGTGCTTTCCTACCGT-1	Gossypium hirsutum	leaf	unannotated leaf glandular	Mesophyll	False
cotton_glandular_terpenoid_atlas:GSM7785431_Rep1:CTAGACAAGTCAATCC-1	Gossypium hirsutum	leaf	unannotated leaf glandular	Mesophyll	False
cotton_glandular_terpenoid_atlas:GSM7785431_Rep1:CTATCCGGTGACGCCT-1	Gossypium hirsutum	leaf	unannotated leaf glandular	Mesophyll	False
cotton_glandular_terpenoid_atlas:GSM7785431_Rep1:CTCAATTCATTGGGAG-1	Gossypium hirsutum	leaf	unannotated leaf glandular	Mesophyll	False
cotton_glandular_terpenoid_atlas:GSM7785431_Rep1:CTCAGGGTCATTCTTG-1	Gossypium hirsutum	leaf	unannotated leaf glandular	Mesophyll	False
cotton_glandular_terpenoid_atlas:GSM7785431_Rep1:CTCATTATCAGTGATC-1	Gossypium hirsutum	leaf	unannotated leaf glandular	Mesophyll	False
cotton_glandular_terpenoid_atlas:GSM7785431_Rep1:CTCCTCCGTGGTAACG-1	Gossypium hirsutum	leaf	unannotated leaf glandular	Mesophyll	False
cotton_glandular_terpenoid_atlas:GSM7785431_Rep1:CTCTCGAAGTAACGAT-1	Gossypium hirsutum	leaf	unannotated leaf glandular	Mesophyll	False
cotton_glandular_terpenoid_atlas:GSM7785431_Rep1:CTGAATGGTCAGACGA-1	Gossypium hirsutum	leaf	unannotated leaf glandular	Mesophyll	False
cotton_glandular_terpenoid_atlas:GSM7785431_Rep1:CTGTAGATCACAGAGG-1	Gossypium hirsutum	leaf	unannotated leaf glandular	Mesophyll	False
cotton_glandular_terpenoid_atlas:GSM7785431_Rep1:CTTCTAAGTGGAACCA-1	Gossypium hirsutum	leaf	unannotated leaf glandular	Mesophyll	False
cotton_glandular_terpenoid_atlas:GSM7785431_Rep1:GACTTCCTCTGAGAAA-1	Gossypium hirsutum	leaf	unannotated leaf glandular	Mesophyll	False
cotton_glandular_terpenoid_atlas:GSM7785431_Rep1:GAGGGTAGTAGCGAGT-1	Gossypium hirsutum	leaf	unannotated leaf glandular	Mesophyll	False
cotton_glandular_terpenoid_atlas:GSM7785431_Rep1:GATTCTTAGCACGGAT-1	Gossypium hirsutum	leaf	unannotated leaf glandular	Mesophyll	False
cotton_glandular_terpenoid_atlas:GSM7785431_Rep1:GCAACCGTCCAAGCTA-1	Gossypium hirsutum	leaf	unannotated leaf glandular	Mesophyll	False
cotton_glandular_terpenoid_atlas:GSM7785431_Rep1:GCAGGCTTCGACGCGT-1	Gossypium hirsutum	leaf	unannotated leaf glandular	Mesophyll	False
cotton_glandular_terpenoid_atlas:GSM7785431_Rep1:GCCAACGTCCTAGAGT-1	Gossypium hirsutum	leaf	unannotated leaf glandular	Mesophyll	False
cotton_glandular_terpenoid_atlas:GSM7785431_Rep1:GCCAGCAAGACCGTTT-1	Gossypium hirsutum	leaf	unannotated leaf glandular	Mesophyll	False
cotton_glandular_terpenoid_atlas:GSM7785431_Rep1:GCCCGAAGTACGTACT-1	Gossypium hirsutum	leaf	unannotated leaf glandular	Mesophyll	False
cotton_glandular_terpenoid_atlas:GSM7785431_Rep1:GCGGAAAAGGGCCTCT-1	Gossypium hirsutum	leaf	unannotated leaf glandular	unannotated root	False
cotton_glandular_terpenoid_atlas:GSM7785431_Rep1:GCTACAAAGTATTCCG-1	Gossypium hirsutum	leaf	unannotated leaf glandular	Mesophyll	False
cotton_glandular_terpenoid_atlas:GSM7785431_Rep1:GGAACCCGTAAGACCG-1	Gossypium hirsutum	leaf	unannotated leaf glandular	Mesophyll	False
cotton_glandular_terpenoid_atlas:GSM7785431_Rep1:GGCTTGGCACCTCTGT-1	Gossypium hirsutum	leaf	unannotated leaf glandular	Mesophyll	False
cotton_glandular_terpenoid_atlas:GSM7785431_Rep1:GGGTCTGTCACCACAA-1	Gossypium hirsutum	leaf	unannotated leaf glandular	Mesophyll	False
cotton_glandular_terpenoid_atlas:GSM7785431_Rep1:GGTGAAGAGCAGGCTA-1	Gossypium hirsutum	leaf	unannotated leaf glandular	Mesophyll	False
cotton_glandular_terpenoid_atlas:GSM7785431_Rep1:GTCACTCTCATGGATC-1	Gossypium hirsutum	leaf	unannotated leaf glandular	Mesophyll	False
cotton_glandular_terpenoid_atlas:GSM7785431_Rep1:GTCAGCGGTATGGTAA-1	Gossypium hirsutum	leaf	unannotated leaf glandular	Mesophyll	False
cotton_glandular_terpenoid_atlas:GSM7785431_Rep1:GTCTCACAGACGACTG-1	Gossypium hirsutum	leaf	unannotated leaf glandular	Mesophyll	False
cotton_glandular_terpenoid_atlas:GSM7785431_Rep1:GTGACGCTCTTACGGA-1	Gossypium hirsutum	leaf	unannotated leaf glandular	Mesophyll	False
cotton_glandular_terpenoid_atlas:GSM7785431_Rep1:GTGCTGGTCTGGGAGA-1	Gossypium hirsutum	leaf	unannotated leaf glandular	Mesophyll	False
cotton_glandular_terpenoid_atlas:GSM7785431_Rep1:GTGTGGCTCTTCGTGC-1	Gossypium hirsutum	leaf	unannotated leaf glandular	Mesophyll	False
cotton_glandular_terpenoid_atlas:GSM7785431_Rep1:GTTGAACTCATTCATC-1	Gossypium hirsutum	leaf	unannotated leaf glandular	Mesophyll	False
cotton_glandular_terpenoid_atlas:GSM7785431_Rep1:TACGTCCAGTCGAATA-1	Gossypium hirsutum	leaf	unannotated leaf glandular	Mesophyll	False
cotton_glandular_terpenoid_atlas:GSM7785431_Rep1:TAGGAGGGTTGAGAGC-1	Gossypium hirsutum	leaf	unannotated leaf glandular	Mesophyll	False
cotton_glandular_terpenoid_atlas:GSM7785431_Rep1:TAGGGTTAGTAATACG-1	Gossypium hirsutum	leaf	unannotated leaf glandular	Mesophyll	False
cotton_glandular_terpenoid_atlas:GSM7785431_Rep1:TATATCCCACTAAACC-1	Gossypium hirsutum	leaf	unannotated leaf glandular	Mesophyll	False
cotton_glandular_terpenoid_atlas:GSM7785431_Rep1:TCACAAGCAACCAATC-1	Gossypium hirsutum	leaf	unannotated leaf glandular	Mesophyll	False
cotton_glandular_terpenoid_atlas:GSM7785431_Rep1:TCATATCGTGATACCT-1	Gossypium hirsutum	leaf	unannotated leaf glandular	Mesophyll	False
cotton_glandular_terpenoid_atlas:GSM7785431_Rep1:TCCTTCTCACAATGCT-1	Gossypium hirsutum	leaf	unannotated leaf glandular	Mesophyll	False
cotton_glandular_terpenoid_atlas:GSM7785431_Rep1:TCTATCAAGATGCGAC-1	Gossypium hirsutum	leaf	unannotated leaf glandular	Mesophyll	False
cotton_glandular_terpenoid_atlas:GSM7785431_Rep1:TCTCAGCTCACCCTCA-1	Gossypium hirsutum	leaf	unannotated leaf glandular	Mesophyll	False
cotton_glandular_terpenoid_atlas:GSM7785431_Rep1:TGAACGTAGGATGTTA-1	Gossypium hirsutum	leaf	unannotated leaf glandular	Mesophyll	False
cotton_glandular_terpenoid_atlas:GSM7785431_Rep1:TGCAGATGTCTCGGAC-1	Gossypium hirsutum	leaf	unannotated leaf glandular	Mesophyll	False
cotton_glandular_terpenoid_atlas:GSM7785431_Rep1:TGTACAGTCGCGTGCA-1	Gossypium hirsutum	leaf	unannotated leaf glandular	Mesophyll	False
cotton_glandular_terpenoid_atlas:GSM7785431_Rep1:TGTAGACTCTCCTGTG-1	Gossypium hirsutum	leaf	unannotated leaf glandular	Mesophyll	False
cotton_glandular_terpenoid_atlas:GSM7785431_Rep1:TGTCCACCATCACCAA-1	Gossypium hirsutum	leaf	unannotated leaf glandular	Mesophyll	False
cotton_glandular_terpenoid_atlas:GSM7785431_Rep1:TTCTAGTAGAAGTCCG-1	Gossypium hirsutum	leaf	unannotated leaf glandular	Mesophyll	False
cotton_glandular_terpenoid_atlas:GSM7785431_Rep1:TTCTCTCTCCTTCAGC-1	Gossypium hirsutum	leaf	unannotated leaf glandular	Mesophyll	False
cotton_glandular_terpenoid_atlas:GSM7785431_Rep1:TTCTTCCAGATGCGAC-1	Gossypium hirsutum	leaf	unannotated leaf glandular	Mesophyll	False
cotton_glandular_terpenoid_atlas:GSM7785431_Rep1:TTGCGTCCATAACCCA-1	Gossypium hirsutum	leaf	unannotated leaf glandular	Mesophyll	False
cotton_glandular_terpenoid_atlas:GSM7785431_Rep1:TTTCAGTTCTTTGCAT-1	Gossypium hirsutum	leaf	unannotated leaf glandular	Mesophyll	False
cotton_glandular_terpenoid_atlas:GSM7785432_Rep2:AAAGAACAGGGATCAC-1	Gossypium hirsutum	leaf	unannotated leaf glandular	Mesophyll	False
cotton_glandular_terpenoid_atlas:GSM7785432_Rep2:AAAGGATGTTATAGAG-1	Gossypium hirsutum	leaf	unannotated leaf glandular	Mesophyll	False
cotton_glandular_terpenoid_atlas:GSM7785432_Rep2:AAAGTCCCAGCACCCA-1	Gossypium hirsutum	leaf	unannotated leaf glandular	Mesophyll	False
cotton_glandular_terpenoid_atlas:GSM7785432_Rep2:AAATGGACAGGTTACT-1	Gossypium hirsutum	leaf	unannotated leaf glandular	Mesophyll	False
cotton_glandular_terpenoid_atlas:GSM7785432_Rep2:AACGGGACAGTAACGG-1	Gossypium hirsutum	leaf	unannotated leaf glandular	unannotated root	False
cotton_glandular_terpenoid_atlas:GSM7785432_Rep2:ACATCGAAGCCATATC-1	Gossypium hirsutum	leaf	unannotated leaf glandular	Mesophyll	False
cotton_glandular_terpenoid_atlas:GSM7785432_Rep2:ACCATTTGTACGTGTT-1	Gossypium hirsutum	leaf	unannotated leaf glandular	Mesophyll	False
cotton_glandular_terpenoid_atlas:GSM7785432_Rep2:ACCCAAAAGTTACGGG-1	Gossypium hirsutum	leaf	unannotated leaf glandular	unannotated root	False
cotton_glandular_terpenoid_atlas:GSM7785432_Rep2:ACCGTTCCAAGTGTCT-1	Gossypium hirsutum	leaf	unannotated leaf glandular	Mesophyll	False
cotton_glandular_terpenoid_atlas:GSM7785432_Rep2:ACGATCATCGGTTCAA-1	Gossypium hirsutum	leaf	unannotated leaf glandular	Mesophyll	False
cotton_glandular_terpenoid_atlas:GSM7785432_Rep2:ACGTAACAGTTCAACC-1	Gossypium hirsutum	leaf	unannotated leaf glandular	Mesophyll	False
cotton_glandular_terpenoid_atlas:GSM7785432_Rep2:ACGTTCCAGTACCCTA-1	Gossypium hirsutum	leaf	unannotated leaf glandular	Mesophyll	False
cotton_glandular_terpenoid_atlas:GSM7785432_Rep2:ACTATCTAGAGCTGCA-1	Gossypium hirsutum	leaf	unannotated leaf glandular	Mesophyll	False
cotton_glandular_terpenoid_atlas:GSM7785432_Rep2:ACTCCCAGTACTCGCG-1	Gossypium hirsutum	leaf	unannotated leaf glandular	Mesophyll	False
cotton_glandular_terpenoid_atlas:GSM7785432_Rep2:ACTCCCATCTGTTGGA-1	Gossypium hirsutum	leaf	unannotated leaf glandular	Mesophyll	False
cotton_glandular_terpenoid_atlas:GSM7785432_Rep2:AGAGAATGTAACTAAG-1	Gossypium hirsutum	leaf	unannotated leaf glandular	Mesophyll	False
cotton_glandular_terpenoid_atlas:GSM7785432_Rep2:AGCCACGAGTCATCGT-1	Gossypium hirsutum	leaf	unannotated leaf glandular	Mesophyll	False
cotton_glandular_terpenoid_atlas:GSM7785432_Rep2:AGCTCAACAGTAGTGG-1	Gossypium hirsutum	leaf	unannotated leaf glandular	Mesophyll	False
cotton_glandular_terpenoid_atlas:GSM7785432_Rep2:AGGACGAAGTGGATTA-1	Gossypium hirsutum	leaf	unannotated leaf glandular	Mesophyll	False
cotton_glandular_terpenoid_atlas:GSM7785432_Rep2:AGGGAGTCACATATGC-1	Gossypium hirsutum	leaf	unannotated leaf glandular	Mesophyll	False
cotton_glandular_terpenoid_atlas:GSM7785432_Rep2:AGTACTGTCTTGGGCG-1	Gossypium hirsutum	leaf	unannotated leaf glandular	Mesophyll	False
cotton_glandular_terpenoid_atlas:GSM7785432_Rep2:AGTCATGTCTGCGGCA-1	Gossypium hirsutum	leaf	unannotated leaf glandular	Mesophyll	False
cotton_glandular_terpenoid_atlas:GSM7785432_Rep2:ATCAGGTAGTTTAGGA-1	Gossypium hirsutum	leaf	unannotated leaf glandular	Mesophyll	False
cotton_glandular_terpenoid_atlas:GSM7785432_Rep2:ATCCACCAGTCATGGG-1	Gossypium hirsutum	leaf	unannotated leaf glandular	Mesophyll	False
cotton_glandular_terpenoid_atlas:GSM7785432_Rep2:ATCCGTCCACATGACT-1	Gossypium hirsutum	leaf	unannotated leaf glandular	Mesophyll	False
cotton_glandular_terpenoid_atlas:GSM7785432_Rep2:ATTCATCAGTTCAACC-1	Gossypium hirsutum	leaf	unannotated leaf glandular	Mesophyll	False
cotton_glandular_terpenoid_atlas:GSM7785432_Rep2:ATTCGTTGTGCGGATA-1	Gossypium hirsutum	leaf	unannotated leaf glandular	Mesophyll	False
cotton_glandular_terpenoid_atlas:GSM7785432_Rep2:CAACCTCTCAAGGTGG-1	Gossypium hirsutum	leaf	unannotated leaf glandular	Mesophyll	False
cotton_glandular_terpenoid_atlas:GSM7785432_Rep2:CAGGGCTTCGCATTAG-1	Gossypium hirsutum	leaf	unannotated leaf glandular	Mesophyll	False
cotton_glandular_terpenoid_atlas:GSM7785432_Rep2:CATGAGTAGGCCTTCG-1	Gossypium hirsutum	leaf	unannotated leaf glandular	Mesophyll	False
cotton_glandular_terpenoid_atlas:GSM7785432_Rep2:CATGGATCATCTCATT-1	Gossypium hirsutum	leaf	unannotated leaf glandular	Mesophyll	False
cotton_glandular_terpenoid_atlas:GSM7785432_Rep2:CGGAATTAGTCCCGGT-1	Gossypium hirsutum	leaf	unannotated leaf glandular	Mesophyll	False
cotton_glandular_terpenoid_atlas:GSM7785432_Rep2:CGGAATTCACCCTGTT-1	Gossypium hirsutum	leaf	unannotated leaf glandular	Mesophyll	False
cotton_glandular_terpenoid_atlas:GSM7785432_Rep2:CGGGACTTCGTTATCT-1	Gossypium hirsutum	leaf	unannotated leaf glandular	Mesophyll	False
cotton_glandular_terpenoid_atlas:GSM7785432_Rep2:CTAGGTACACCTGAAT-1	Gossypium hirsutum	leaf	unannotated leaf glandular	Mesophyll	False
cotton_glandular_terpenoid_atlas:GSM7785432_Rep2:CTCAAGATCCACCTGT-1	Gossypium hirsutum	leaf	unannotated leaf glandular	Mesophyll	False
cotton_glandular_terpenoid_atlas:GSM7785432_Rep2:CTCCCTCTCTGGTGGC-1	Gossypium hirsutum	leaf	unannotated leaf glandular	Mesophyll	False
cotton_glandular_terpenoid_atlas:GSM7785432_Rep2:CTGCATCGTGTTCGTA-1	Gossypium hirsutum	leaf	unannotated leaf glandular	Mesophyll	False
cotton_glandular_terpenoid_atlas:GSM7785432_Rep2:CTGCTCAAGAGTCAAT-1	Gossypium hirsutum	leaf	unannotated leaf glandular	Mesophyll	False
cotton_glandular_terpenoid_atlas:GSM7785432_Rep2:CTGGACGTCATCTCTA-1	Gossypium hirsutum	leaf	unannotated leaf glandular	Mesophyll	False
cotton_glandular_terpenoid_atlas:GSM7785432_Rep2:GAATCGTTCAATCTCT-1	Gossypium hirsutum	leaf	unannotated leaf glandular	Mesophyll	False
cotton_glandular_terpenoid_atlas:GSM7785432_Rep2:GACGTTAAGCCAACCC-1	Gossypium hirsutum	leaf	unannotated leaf glandular	unannotated root	False
cotton_glandular_terpenoid_atlas:GSM7785432_Rep2:GAGCCTGCAGGTACGA-1	Gossypium hirsutum	leaf	unannotated leaf glandular	Mesophyll	False
cotton_glandular_terpenoid_atlas:GSM7785432_Rep2:GAGCCTGCATAATCCG-1	Gossypium hirsutum	leaf	unannotated leaf glandular	Mesophyll	False
cotton_glandular_terpenoid_atlas:GSM7785432_Rep2:GAGCTGCAGGGTGAAA-1	Gossypium hirsutum	leaf	unannotated leaf glandular	Mesophyll	False
cotton_glandular_terpenoid_atlas:GSM7785432_Rep2:GAGGCCTCATGCGTGC-1	Gossypium hirsutum	leaf	unannotated leaf glandular	Mesophyll	False
cotton_glandular_terpenoid_atlas:GSM7785432_Rep2:GATTCGATCCTGGGTG-1	Gossypium hirsutum	leaf	unannotated leaf glandular	Mesophyll	False
cotton_glandular_terpenoid_atlas:GSM7785432_Rep2:GATTTCTGTTTGTTCT-1	Gossypium hirsutum	leaf	unannotated leaf glandular	Mesophyll	False
cotton_glandular_terpenoid_atlas:GSM7785432_Rep2:GCACTAAAGTATAGGT-1	Gossypium hirsutum	leaf	unannotated leaf glandular	Mesophyll	False
cotton_glandular_terpenoid_atlas:GSM7785432_Rep2:GCAGGCTTCAGCCTCT-1	Gossypium hirsutum	leaf	unannotated leaf glandular	Mesophyll	False
cotton_glandular_terpenoid_atlas:GSM7785432_Rep2:GCCATGGAGTCAACAA-1	Gossypium hirsutum	leaf	unannotated leaf glandular	Mesophyll	False
cotton_glandular_terpenoid_atlas:GSM7785432_Rep2:GGAACCCAGAATTGTG-1	Gossypium hirsutum	leaf	unannotated leaf glandular	Mesophyll	False
cotton_glandular_terpenoid_atlas:GSM7785432_Rep2:GGAATCTAGTTGGAGC-1	Gossypium hirsutum	leaf	unannotated leaf glandular	Mesophyll	False
cotton_glandular_terpenoid_atlas:GSM7785432_Rep2:GGAGGATCAAGCGAGT-1	Gossypium hirsutum	leaf	unannotated leaf glandular	Mesophyll	False
cotton_glandular_terpenoid_atlas:GSM7785432_Rep2:GGTAACTGTCCACTCT-1	Gossypium hirsutum	leaf	unannotated leaf glandular	Mesophyll	False
cotton_glandular_terpenoid_atlas:GSM7785432_Rep2:GTAAGTCTCGAGCTGC-1	Gossypium hirsutum	leaf	unannotated leaf glandular	Mesophyll	False
cotton_glandular_terpenoid_atlas:GSM7785432_Rep2:GTAATGCTCGGTTAGT-1	Gossypium hirsutum	leaf	unannotated leaf glandular	Mesophyll	False
cotton_glandular_terpenoid_atlas:GSM7785432_Rep2:GTATTTCCACTAACCA-1	Gossypium hirsutum	leaf	unannotated leaf glandular	Mesophyll	False
cotton_glandular_terpenoid_atlas:GSM7785432_Rep2:GTCCACTTCCTACGGG-1	Gossypium hirsutum	leaf	unannotated leaf glandular	Mesophyll	False
cotton_glandular_terpenoid_atlas:GSM7785432_Rep2:GTCCTCAGTGTATCCA-1	Gossypium hirsutum	leaf	unannotated leaf glandular	Mesophyll	False
cotton_glandular_terpenoid_atlas:GSM7785432_Rep2:GTCGTAACAGAAGTTA-1	Gossypium hirsutum	leaf	unannotated leaf glandular	Mesophyll	False
cotton_glandular_terpenoid_atlas:GSM7785432_Rep2:GTCGTAATCAATGTCG-1	Gossypium hirsutum	leaf	unannotated leaf glandular	Mesophyll	False
cotton_glandular_terpenoid_atlas:GSM7785432_Rep2:GTCGTTCTCGAGAATA-1	Gossypium hirsutum	leaf	unannotated leaf glandular	Mesophyll	False
cotton_glandular_terpenoid_atlas:GSM7785432_Rep2:GTCTGTCAGGAACTCG-1	Gossypium hirsutum	leaf	unannotated leaf glandular	Mesophyll	False
cotton_glandular_terpenoid_atlas:GSM7785432_Rep2:GTGAGTTGTTTAGAGA-1	Gossypium hirsutum	leaf	unannotated leaf glandular	Mesophyll	False
cotton_glandular_terpenoid_atlas:GSM7785432_Rep2:TAAGCACTCACATACG-1	Gossypium hirsutum	leaf	unannotated leaf glandular	Mesophyll	False
cotton_glandular_terpenoid_atlas:GSM7785432_Rep2:TACAACGGTGTCCACG-1	Gossypium hirsutum	leaf	unannotated leaf glandular	Mesophyll	False
cotton_glandular_terpenoid_atlas:GSM7785432_Rep2:TACGCTCCACACGGTC-1	Gossypium hirsutum	leaf	unannotated leaf glandular	Mesophyll	False
cotton_glandular_terpenoid_atlas:GSM7785432_Rep2:TACGGTACATGGGAAC-1	Gossypium hirsutum	leaf	unannotated leaf glandular	Mesophyll	False
cotton_glandular_terpenoid_atlas:GSM7785432_Rep2:TACGTCCGTCTTGGTA-1	Gossypium hirsutum	leaf	unannotated leaf glandular	Mesophyll	False
cotton_glandular_terpenoid_atlas:GSM7785432_Rep2:TACTTACTCCCAGCGA-1	Gossypium hirsutum	leaf	unannotated leaf glandular	Mesophyll	False
cotton_glandular_terpenoid_atlas:GSM7785432_Rep2:TATCGCCCAGTCGCTG-1	Gossypium hirsutum	leaf	unannotated leaf glandular	Mesophyll	False
cotton_glandular_terpenoid_atlas:GSM7785432_Rep2:TATGTTCAGAATCTAG-1	Gossypium hirsutum	leaf	unannotated leaf glandular	Mesophyll	False
cotton_glandular_terpenoid_atlas:GSM7785432_Rep2:TCACGCTCATCTATCT-1	Gossypium hirsutum	leaf	unannotated leaf glandular	Mesophyll	False
cotton_glandular_terpenoid_atlas:GSM7785432_Rep2:TCATGAGCATTGCCTC-1	Gossypium hirsutum	leaf	unannotated leaf glandular	unannotated root	False
cotton_glandular_terpenoid_atlas:GSM7785432_Rep2:TCGAACATCAAGGCTT-1	Gossypium hirsutum	leaf	unannotated leaf glandular	Mesophyll	False
cotton_glandular_terpenoid_atlas:GSM7785432_Rep2:TCGCTTGTCTGGGCAC-1	Gossypium hirsutum	leaf	unannotated leaf glandular	Mesophyll	False
cotton_glandular_terpenoid_atlas:GSM7785432_Rep2:TCGGGCAAGTCTAGCT-1	Gossypium hirsutum	leaf	unannotated leaf glandular	Mesophyll	False
cotton_glandular_terpenoid_atlas:GSM7785432_Rep2:TCGGGCATCGCTTACC-1	Gossypium hirsutum	leaf	unannotated leaf glandular	Mesophyll	False
cotton_glandular_terpenoid_atlas:GSM7785432_Rep2:TCGTGGGTCGTCTCAC-1	Gossypium hirsutum	leaf	unannotated leaf glandular	Mesophyll	False
cotton_glandular_terpenoid_atlas:GSM7785432_Rep2:TCTACATTCAGCACCG-1	Gossypium hirsutum	leaf	unannotated leaf glandular	Mesophyll	False
cotton_glandular_terpenoid_atlas:GSM7785432_Rep2:TCTCACGAGCTAATCC-1	Gossypium hirsutum	leaf	unannotated leaf glandular	Mesophyll	False
cotton_glandular_terpenoid_atlas:GSM7785432_Rep2:TGGAACTGTGATATAG-1	Gossypium hirsutum	leaf	unannotated leaf glandular	Mesophyll	False
cotton_glandular_terpenoid_atlas:GSM7785432_Rep2:TGTGGCGTCTGGGAGA-1	Gossypium hirsutum	leaf	unannotated leaf glandular	Mesophyll	False
cotton_glandular_terpenoid_atlas:GSM7785432_Rep2:TTACGTTTCCTTCGAC-1	Gossypium hirsutum	leaf	unannotated leaf glandular	Mesophyll	False
cotton_glandular_terpenoid_atlas:GSM7785432_Rep2:TTCCGGTAGAAACACT-1	Gossypium hirsutum	leaf	unannotated leaf glandular	Mesophyll	False
cotton_glandular_terpenoid_atlas:GSM7785432_Rep2:TTCCGTGGTCGCGTTG-1	Gossypium hirsutum	leaf	unannotated leaf glandular	Mesophyll	False
cotton_glandular_terpenoid_atlas:GSM7785432_Rep2:TTCTCTCTCCGCAAAT-1	Gossypium hirsutum	leaf	unannotated leaf glandular	Mesophyll	False
cotton_glandular_terpenoid_atlas:GSM7785432_Rep2:TTCTTGAAGATTCGCT-1	Gossypium hirsutum	leaf	unannotated leaf glandular	Mesophyll	False
cotton_glandular_terpenoid_atlas:GSM7785432_Rep2:TTGCCTGAGAGCATCG-1	Gossypium hirsutum	leaf	unannotated leaf glandular	Mesophyll	False
cotton_glandular_terpenoid_atlas:GSM7785432_Rep2:TTTCGATTCCCAGGAC-1	Gossypium hirsutum	leaf	unannotated leaf glandular	Mesophyll	False
cotton_glandular_terpenoid_atlas:GSM7785432_Rep2:TTTGGAGCACCCGTAG-1	Gossypium hirsutum	leaf	unannotated leaf glandular	Mesophyll	False
cotton_glandular_terpenoid_atlas:GSM7785432_Rep2:TTTGTTGAGTATGACA-1	Gossypium hirsutum	leaf	unannotated leaf glandular	Mesophyll	False
cotton_glandular_terpenoid_atlas:GSM7785433_Rep3:AACAACCCAGTAGTTC-1	Gossypium hirsutum	leaf	unannotated leaf glandular	Mesophyll	False
cotton_glandular_terpenoid_atlas:GSM7785433_Rep3:AACGAAAGTGCTAGCC-1	Gossypium hirsutum	leaf	unannotated leaf glandular	Mesophyll	False
cotton_glandular_terpenoid_atlas:GSM7785433_Rep3:AAGTACCGTGAGGAAA-1	Gossypium hirsutum	leaf	unannotated leaf glandular	Mesophyll	False
cotton_glandular_terpenoid_atlas:GSM7785433_Rep3:AATTCCTCACCATTCC-1	Gossypium hirsutum	leaf	unannotated leaf glandular	unannotated root	False
cotton_glandular_terpenoid_atlas:GSM7785433_Rep3:ACAGGGAGTGGCTGCT-1	Gossypium hirsutum	leaf	unannotated leaf glandular	Mesophyll	False
cotton_glandular_terpenoid_atlas:GSM7785433_Rep3:ACCAACAGTTGCGAAG-1	Gossypium hirsutum	leaf	unannotated leaf glandular	Mesophyll	False
cotton_glandular_terpenoid_atlas:GSM7785433_Rep3:ACCTGTCAGTGAATAC-1	Gossypium hirsutum	leaf	unannotated leaf glandular	Mesophyll	False
cotton_glandular_terpenoid_atlas:GSM7785433_Rep3:AGAACAAGTGTAAATG-1	Gossypium hirsutum	leaf	unannotated leaf glandular	unannotated root	False
cotton_glandular_terpenoid_atlas:GSM7785433_Rep3:AGACAGGCACCTCAGG-1	Gossypium hirsutum	leaf	unannotated leaf glandular	Mesophyll	False
cotton_glandular_terpenoid_atlas:GSM7785433_Rep3:AGATGAACATACCACA-1	Gossypium hirsutum	leaf	unannotated leaf glandular	Mesophyll	False
cotton_glandular_terpenoid_atlas:GSM7785433_Rep3:AGCGCTGAGACGGATC-1	Gossypium hirsutum	leaf	unannotated leaf glandular	Mesophyll	False
cotton_glandular_terpenoid_atlas:GSM7785433_Rep3:AGGGAGTTCCTAGCGG-1	Gossypium hirsutum	leaf	unannotated leaf glandular	Mesophyll	False
cotton_glandular_terpenoid_atlas:GSM7785433_Rep3:AGGGTTTCACCAGCGT-1	Gossypium hirsutum	leaf	unannotated leaf glandular	Mesophyll	False
cotton_glandular_terpenoid_atlas:GSM7785433_Rep3:AGGGTTTGTTGTGTTG-1	Gossypium hirsutum	leaf	unannotated leaf glandular	Mesophyll	False
cotton_glandular_terpenoid_atlas:GSM7785433_Rep3:AGTGACTGTAGCGATG-1	Gossypium hirsutum	leaf	unannotated leaf glandular	Mesophyll	False
cotton_glandular_terpenoid_atlas:GSM7785433_Rep3:ATACCGACAGGTCCGT-1	Gossypium hirsutum	leaf	unannotated leaf glandular	Mesophyll	False
cotton_glandular_terpenoid_atlas:GSM7785433_Rep3:ATGCATGAGCGAACTG-1	Gossypium hirsutum	leaf	unannotated leaf glandular	unannotated root	False
cotton_glandular_terpenoid_atlas:GSM7785433_Rep3:ATTACCTAGTCTGCAT-1	Gossypium hirsutum	leaf	unannotated leaf glandular	Mesophyll	False
cotton_glandular_terpenoid_atlas:GSM7785433_Rep3:ATTCACTCACGACTAT-1	Gossypium hirsutum	leaf	unannotated leaf glandular	Mesophyll	False
cotton_glandular_terpenoid_atlas:GSM7785433_Rep3:ATTCCATCACGGAAGT-1	Gossypium hirsutum	leaf	unannotated leaf glandular	Mesophyll	False
cotton_glandular_terpenoid_atlas:GSM7785433_Rep3:ATTTCACGTATGTGTC-1	Gossypium hirsutum	leaf	unannotated leaf glandular	Mesophyll	False
cotton_glandular_terpenoid_atlas:GSM7785433_Rep3:CACGTGGAGTTGCGCC-1	Gossypium hirsutum	leaf	unannotated leaf glandular	Mesophyll	False
cotton_glandular_terpenoid_atlas:GSM7785433_Rep3:CACGTTCCACACACGC-1	Gossypium hirsutum	leaf	unannotated leaf glandular	Mesophyll	False
cotton_glandular_terpenoid_atlas:GSM7785433_Rep3:CAGAGCCGTTGCTCGG-1	Gossypium hirsutum	leaf	unannotated leaf glandular	Mesophyll	False
cotton_glandular_terpenoid_atlas:GSM7785433_Rep3:CATCGGGCAATTCACG-1	Gossypium hirsutum	leaf	unannotated leaf glandular	Mesophyll	False
cotton_glandular_terpenoid_atlas:GSM7785433_Rep3:CCAATTTTCACGGAGA-1	Gossypium hirsutum	leaf	unannotated leaf glandular	Mesophyll	False
cotton_glandular_terpenoid_atlas:GSM7785433_Rep3:CCACAAATCGACGCTG-1	Gossypium hirsutum	leaf	unannotated leaf glandular	Mesophyll	False
cotton_glandular_terpenoid_atlas:GSM7785433_Rep3:CCCTCAAGTACGATCT-1	Gossypium hirsutum	leaf	unannotated leaf glandular	Mesophyll	False
cotton_glandular_terpenoid_atlas:GSM7785433_Rep3:CCTAAGAAGACGGTTG-1	Gossypium hirsutum	leaf	unannotated leaf glandular	Mesophyll	False
cotton_glandular_terpenoid_atlas:GSM7785433_Rep3:CCTCATGAGCTTGTGT-1	Gossypium hirsutum	leaf	unannotated leaf glandular	Mesophyll	False
cotton_glandular_terpenoid_atlas:GSM7785433_Rep3:CGATGGCTCGCGGTAC-1	Gossypium hirsutum	leaf	unannotated leaf glandular	unannotated root	False
cotton_glandular_terpenoid_atlas:GSM7785433_Rep3:CGGGTCATCTATACTC-1	Gossypium hirsutum	leaf	unannotated leaf glandular	Mesophyll	False
cotton_glandular_terpenoid_atlas:GSM7785433_Rep3:CTATCCGGTGACGCCT-1	Gossypium hirsutum	leaf	unannotated leaf glandular	Mesophyll	False
cotton_glandular_terpenoid_atlas:GSM7785433_Rep3:CTGCGAGAGAGATGCC-1	Gossypium hirsutum	leaf	unannotated leaf glandular	Mesophyll	False
cotton_glandular_terpenoid_atlas:GSM7785433_Rep3:GAAACCTTCCCAGGCA-1	Gossypium hirsutum	leaf	unannotated leaf glandular	Mesophyll	False
cotton_glandular_terpenoid_atlas:GSM7785433_Rep3:GAAATGAGTAGGTACG-1	Gossypium hirsutum	leaf	unannotated leaf glandular	Mesophyll	False
cotton_glandular_terpenoid_atlas:GSM7785433_Rep3:GAACTGTCAAGTTCGT-1	Gossypium hirsutum	leaf	unannotated leaf glandular	Mesophyll	False
cotton_glandular_terpenoid_atlas:GSM7785433_Rep3:GACCCTTAGGCCTAGA-1	Gossypium hirsutum	leaf	unannotated leaf glandular	Mesophyll	False
cotton_glandular_terpenoid_atlas:GSM7785433_Rep3:GATCCCTTCTTAATCC-1	Gossypium hirsutum	leaf	unannotated leaf glandular	Mesophyll	False
cotton_glandular_terpenoid_atlas:GSM7785433_Rep3:GCATGATAGGTAGACC-1	Gossypium hirsutum	leaf	unannotated leaf glandular	Mesophyll	False
cotton_glandular_terpenoid_atlas:GSM7785433_Rep3:GCATGATTCCTAGCTC-1	Gossypium hirsutum	leaf	unannotated leaf glandular	Mesophyll	False
cotton_glandular_terpenoid_atlas:GSM7785433_Rep3:GCCATGGAGGTAAACT-1	Gossypium hirsutum	leaf	unannotated leaf glandular	Mesophyll	False
cotton_glandular_terpenoid_atlas:GSM7785433_Rep3:GCCCGAACAGACTCTA-1	Gossypium hirsutum	leaf	unannotated leaf glandular	Mesophyll	False
cotton_glandular_terpenoid_atlas:GSM7785433_Rep3:GCTCAAATCAACGAGG-1	Gossypium hirsutum	leaf	unannotated leaf glandular	Mesophyll	False
cotton_glandular_terpenoid_atlas:GSM7785433_Rep3:GCTGAATGTCTCTCTG-1	Gossypium hirsutum	leaf	unannotated leaf glandular	Mesophyll	False
cotton_glandular_terpenoid_atlas:GSM7785433_Rep3:GGCGTCATCCGGACTG-1	Gossypium hirsutum	leaf	unannotated leaf glandular	Mesophyll	False
cotton_glandular_terpenoid_atlas:GSM7785433_Rep3:GGCTGTGGTGACAGGT-1	Gossypium hirsutum	leaf	unannotated leaf glandular	Mesophyll	False
cotton_glandular_terpenoid_atlas:GSM7785433_Rep3:GGCTTTCTCTACGGGC-1	Gossypium hirsutum	leaf	unannotated leaf glandular	Mesophyll	False
cotton_glandular_terpenoid_atlas:GSM7785433_Rep3:GGGTATTTCAGCCTCT-1	Gossypium hirsutum	leaf	unannotated leaf glandular	Mesophyll	False
cotton_glandular_terpenoid_atlas:GSM7785433_Rep3:GGTGGCTGTGAATTGA-1	Gossypium hirsutum	leaf	unannotated leaf glandular	Mesophyll	False
cotton_glandular_terpenoid_atlas:GSM7785433_Rep3:GTAACCAAGGGTGAGG-1	Gossypium hirsutum	leaf	unannotated leaf glandular	Mesophyll	False
cotton_glandular_terpenoid_atlas:GSM7785433_Rep3:GTACAGTGTTCTTGCC-1	Gossypium hirsutum	leaf	unannotated leaf glandular	Mesophyll	False
cotton_glandular_terpenoid_atlas:GSM7785433_Rep3:GTCGCGATCCCGTTCA-1	Gossypium hirsutum	leaf	unannotated leaf glandular	Mesophyll	False
cotton_glandular_terpenoid_atlas:GSM7785433_Rep3:GTGATGTTCGCAGAGA-1	Gossypium hirsutum	leaf	unannotated leaf glandular	Mesophyll	False
cotton_glandular_terpenoid_atlas:GSM7785433_Rep3:GTGCGTGTCGACGCTG-1	Gossypium hirsutum	leaf	unannotated leaf glandular	Mesophyll	False
cotton_glandular_terpenoid_atlas:GSM7785433_Rep3:GTGTCCTTCGAGAGAC-1	Gossypium hirsutum	leaf	unannotated leaf glandular	Mesophyll	False
cotton_glandular_terpenoid_atlas:GSM7785433_Rep3:GTTGAACGTGGTAACG-1	Gossypium hirsutum	leaf	unannotated leaf glandular	Mesophyll	False
cotton_glandular_terpenoid_atlas:GSM7785433_Rep3:TAAGCACAGACAAGCC-1	Gossypium hirsutum	leaf	unannotated leaf glandular	Mesophyll	False
cotton_glandular_terpenoid_atlas:GSM7785433_Rep3:TAAGCCACATCGTGCG-1	Gossypium hirsutum	leaf	unannotated leaf glandular	Mesophyll	False
cotton_glandular_terpenoid_atlas:GSM7785433_Rep3:TACACCCAGGATACAT-1	Gossypium hirsutum	leaf	unannotated leaf glandular	Mesophyll	False
cotton_glandular_terpenoid_atlas:GSM7785433_Rep3:TACATTCAGAAGCCTG-1	Gossypium hirsutum	leaf	unannotated leaf glandular	Mesophyll	False
cotton_glandular_terpenoid_atlas:GSM7785433_Rep3:TACTGCCGTTTCTATC-1	Gossypium hirsutum	leaf	unannotated leaf glandular	Mesophyll	False
cotton_glandular_terpenoid_atlas:GSM7785433_Rep3:TAGACTGCATGTGGTT-1	Gossypium hirsutum	leaf	unannotated leaf glandular	Mesophyll	False
cotton_glandular_terpenoid_atlas:GSM7785433_Rep3:TAGATCGAGAACGTGC-1	Gossypium hirsutum	leaf	unannotated leaf glandular	Mesophyll	False
cotton_glandular_terpenoid_atlas:GSM7785433_Rep3:TCAGTGATCGAAGGAC-1	Gossypium hirsutum	leaf	unannotated leaf glandular	Mesophyll	False
cotton_glandular_terpenoid_atlas:GSM7785433_Rep3:TCATCATTCCAGCCTT-1	Gossypium hirsutum	leaf	unannotated leaf glandular	Mesophyll	False
cotton_glandular_terpenoid_atlas:GSM7785433_Rep3:TCGCAGGAGTTGCCTA-1	Gossypium hirsutum	leaf	unannotated leaf glandular	Mesophyll	False
cotton_glandular_terpenoid_atlas:GSM7785433_Rep3:TGAGTCAGTTCGTGCG-1	Gossypium hirsutum	leaf	unannotated leaf glandular	Mesophyll	False
cotton_glandular_terpenoid_atlas:GSM7785433_Rep3:TTACGCCGTTGACTAC-1	Gossypium hirsutum	leaf	unannotated leaf glandular	Mesophyll	False
cotton_glandular_terpenoid_atlas:GSM7785433_Rep3:TTAGTCTGTACCACGC-1	Gossypium hirsutum	leaf	unannotated leaf glandular	Mesophyll	False
cotton_glandular_terpenoid_atlas:GSM7785433_Rep3:TTCCGTGAGGTCGTGA-1	Gossypium hirsutum	leaf	unannotated leaf glandular	Mesophyll	False
cotton_glandular_terpenoid_atlas:GSM7785433_Rep3:TTCGCTGTCACTACGA-1	Gossypium hirsutum	leaf	unannotated leaf glandular	Mesophyll	False
cotton_glandular_terpenoid_atlas:GSM7785433_Rep3:TTGTGGATCAAGCCTA-1	Gossypium hirsutum	leaf	unannotated leaf glandular	Mesophyll	False
cotton_glandular_terpenoid_atlas:GSM7785433_Rep3:TTGTTGTTCTGGCCAG-1	Gossypium hirsutum	leaf	unannotated leaf glandular	Mesophyll	False
arabidopsis_secondary_root_dev_atlas:GSM8335426_JWE03_filtered_feature_bc_matrix:AAACGCTCAGCTACCG-1	Arabidopsis thaliana	root	unannotated root	unannotated root	True
arabidopsis_secondary_root_dev_atlas:GSM8335426_JWE03_filtered_feature_bc_matrix:AAAGGGCAGCAGGCAT-1	Arabidopsis thaliana	root	unannotated root	unannotated root	True
arabidopsis_secondary_root_dev_atlas:GSM8335426_JWE03_filtered_feature_bc_matrix:AACAAGACATTCCTAT-1	Arabidopsis thaliana	root	unannotated root	unannotated root	True
arabidopsis_secondary_root_dev_atlas:GSM8335426_JWE03_filtered_feature_bc_matrix:AACGTCACATTCAGCA-1	Arabidopsis thaliana	root	unannotated root	unannotated root	True
arabidopsis_secondary_root_dev_atlas:GSM8335426_JWE03_filtered_feature_bc_matrix:AAGATAGAGATGCGAC-1	Arabidopsis thaliana	root	unannotated root	unannotated root	True
arabidopsis_secondary_root_dev_atlas:GSM8335426_JWE03_filtered_feature_bc_matrix:AAGTACCCACAACGCC-1	Arabidopsis thaliana	root	unannotated root	unannotated root	True
arabidopsis_secondary_root_dev_atlas:GSM8335426_JWE03_filtered_feature_bc_matrix:AATCACGGTGTTCGAT-1	Arabidopsis thaliana	root	unannotated root	unannotated root	True
arabidopsis_secondary_root_dev_atlas:GSM8335426_JWE03_filtered_feature_bc_matrix:AATCGACCAACTCATG-1	Arabidopsis thaliana	root	unannotated root	unannotated root	True
arabidopsis_secondary_root_dev_atlas:GSM8335426_JWE03_filtered_feature_bc_matrix:AATGAAGGTATCAAGA-1	Arabidopsis thaliana	root	unannotated root	unannotated root	True
arabidopsis_secondary_root_dev_atlas:GSM8335426_JWE03_filtered_feature_bc_matrix:AATGGCTTCTCTCTAA-1	Arabidopsis thaliana	root	unannotated root	unannotated root	True
arabidopsis_secondary_root_dev_atlas:GSM8335426_JWE03_filtered_feature_bc_matrix:ACACAGTTCCTGGTCT-1	Arabidopsis thaliana	root	unannotated root	unannotated root	True
arabidopsis_secondary_root_dev_atlas:GSM8335426_JWE03_filtered_feature_bc_matrix:ACACTGAAGACCGTTT-1	Arabidopsis thaliana	root	unannotated root	unannotated root	True
arabidopsis_secondary_root_dev_atlas:GSM8335426_JWE03_filtered_feature_bc_matrix:ACAGCCGCAGTAGTGG-1	Arabidopsis thaliana	root	unannotated root	unannotated root	True
arabidopsis_secondary_root_dev_atlas:GSM8335426_JWE03_filtered_feature_bc_matrix:ACAGCCGTCATTCACT-1	Arabidopsis thaliana	root	unannotated root	unannotated root	True
arabidopsis_secondary_root_dev_atlas:GSM8335426_JWE03_filtered_feature_bc_matrix:ACAGGGAGTATCGATC-1	Arabidopsis thaliana	root	unannotated root	unannotated root	True
arabidopsis_secondary_root_dev_atlas:GSM8335426_JWE03_filtered_feature_bc_matrix:ACATCGACACGGCGTT-1	Arabidopsis thaliana	root	unannotated root	unannotated root	True
arabidopsis_secondary_root_dev_atlas:GSM8335426_JWE03_filtered_feature_bc_matrix:ACATGCATCCACGTCT-1	Arabidopsis thaliana	root	unannotated root	unannotated root	True
arabidopsis_secondary_root_dev_atlas:GSM8335426_JWE03_filtered_feature_bc_matrix:ACCAACAAGGGTAGCT-1	Arabidopsis thaliana	root	unannotated root	unannotated root	True
arabidopsis_secondary_root_dev_atlas:GSM8335426_JWE03_filtered_feature_bc_matrix:ACCACAACAGAGTTCT-1	Arabidopsis thaliana	root	unannotated root	unannotated root	True
arabidopsis_secondary_root_dev_atlas:GSM8335426_JWE03_filtered_feature_bc_matrix:ACCATTTCAATACAGA-1	Arabidopsis thaliana	root	unannotated root	unannotated root	True
arabidopsis_secondary_root_dev_atlas:GSM8335426_JWE03_filtered_feature_bc_matrix:ACCATTTTCAGTCTTT-1	Arabidopsis thaliana	root	unannotated root	unannotated root	True
arabidopsis_secondary_root_dev_atlas:GSM8335426_JWE03_filtered_feature_bc_matrix:ACGATGTAGTATGATG-1	Arabidopsis thaliana	root	unannotated root	unannotated root	True
arabidopsis_secondary_root_dev_atlas:GSM8335426_JWE03_filtered_feature_bc_matrix:ACGTAGTAGCAGCCCT-1	Arabidopsis thaliana	root	unannotated root	unannotated root	True
arabidopsis_secondary_root_dev_atlas:GSM8335426_JWE03_filtered_feature_bc_matrix:ACGTCCTTCTGGCTGG-1	Arabidopsis thaliana	root	unannotated root	unannotated root	True
arabidopsis_secondary_root_dev_atlas:GSM8335426_JWE03_filtered_feature_bc_matrix:ACGTTCCAGGCAGGGA-1	Arabidopsis thaliana	root	unannotated root	unannotated root	True
arabidopsis_secondary_root_dev_atlas:GSM8335426_JWE03_filtered_feature_bc_matrix:ACTTAGGAGGCTAGCA-1	Arabidopsis thaliana	root	unannotated root	unannotated root	True
arabidopsis_secondary_root_dev_atlas:GSM8335426_JWE03_filtered_feature_bc_matrix:ACTTTGTAGCCTCAAT-1	Arabidopsis thaliana	root	unannotated root	unannotated root	True
arabidopsis_secondary_root_dev_atlas:GSM8335426_JWE03_filtered_feature_bc_matrix:AGAAGCGTCGGCATAT-1	Arabidopsis thaliana	root	unannotated root	unannotated root	True
arabidopsis_secondary_root_dev_atlas:GSM8335426_JWE03_filtered_feature_bc_matrix:AGACAGGGTTCATCTT-1	Arabidopsis thaliana	root	unannotated root	unannotated root	True
arabidopsis_secondary_root_dev_atlas:GSM8335426_JWE03_filtered_feature_bc_matrix:AGACCATAGAGCAAGA-1	Arabidopsis thaliana	root	unannotated root	unannotated root	True
arabidopsis_secondary_root_dev_atlas:GSM8335426_JWE03_filtered_feature_bc_matrix:AGAGAATAGATTGTGA-1	Arabidopsis thaliana	root	unannotated root	unannotated root	True
arabidopsis_secondary_root_dev_atlas:GSM8335426_JWE03_filtered_feature_bc_matrix:AGATAGACACCGAATT-1	Arabidopsis thaliana	root	unannotated root	unannotated root	True
arabidopsis_secondary_root_dev_atlas:GSM8335426_JWE03_filtered_feature_bc_matrix:AGATCGTAGTAGACCG-1	Arabidopsis thaliana	root	unannotated root	unannotated root	True
arabidopsis_secondary_root_dev_atlas:GSM8335426_JWE03_filtered_feature_bc_matrix:AGCATCAGTGCTATTG-1	Arabidopsis thaliana	root	unannotated root	unannotated root	True
arabidopsis_secondary_root_dev_atlas:GSM8335426_JWE03_filtered_feature_bc_matrix:AGCCACGTCCCAGGCA-1	Arabidopsis thaliana	root	unannotated root	unannotated root	True
arabidopsis_secondary_root_dev_atlas:GSM8335426_JWE03_filtered_feature_bc_matrix:AGCGATTAGGAATTAC-1	Arabidopsis thaliana	root	unannotated root	unannotated root	True
arabidopsis_secondary_root_dev_atlas:GSM8335426_JWE03_filtered_feature_bc_matrix:AGCGCCACAGAAGCTG-1	Arabidopsis thaliana	root	unannotated root	unannotated root	True
arabidopsis_secondary_root_dev_atlas:GSM8335426_JWE03_filtered_feature_bc_matrix:AGCGTCGCAGCTTCCT-1	Arabidopsis thaliana	root	unannotated root	unannotated root	True
arabidopsis_secondary_root_dev_atlas:GSM8335426_JWE03_filtered_feature_bc_matrix:AGCTTCCGTCACTCTC-1	Arabidopsis thaliana	root	unannotated root	unannotated root	True
arabidopsis_secondary_root_dev_atlas:GSM8335426_JWE03_filtered_feature_bc_matrix:AGGGCCTGTCGCTTGG-1	Arabidopsis thaliana	root	unannotated root	unannotated root	True
arabidopsis_secondary_root_dev_atlas:GSM8335426_JWE03_filtered_feature_bc_matrix:AGGGTGAAGATAACAC-1	Arabidopsis thaliana	root	unannotated root	unannotated root	True
arabidopsis_secondary_root_dev_atlas:GSM8335426_JWE03_filtered_feature_bc_matrix:AGGGTGAGTCGCACGT-1	Arabidopsis thaliana	root	unannotated root	unannotated root	True
arabidopsis_secondary_root_dev_atlas:GSM8335426_JWE03_filtered_feature_bc_matrix:AGGGTTTTCTCGCAGG-1	Arabidopsis thaliana	root	unannotated root	unannotated root	True
arabidopsis_secondary_root_dev_atlas:GSM8335426_JWE03_filtered_feature_bc_matrix:AGGTCTAAGTAGCATA-1	Arabidopsis thaliana	root	unannotated root	unannotated root	True
arabidopsis_secondary_root_dev_atlas:GSM8335426_JWE03_filtered_feature_bc_matrix:AGGTGTTAGCCAACCC-1	Arabidopsis thaliana	root	unannotated root	unannotated root	True
arabidopsis_secondary_root_dev_atlas:GSM8335426_JWE03_filtered_feature_bc_matrix:AGGTTGTGTCGTTGGC-1	Arabidopsis thaliana	root	unannotated root	unannotated root	True
arabidopsis_secondary_root_dev_atlas:GSM8335426_JWE03_filtered_feature_bc_matrix:AGTTCCCAGCCTTTGA-1	Arabidopsis thaliana	root	unannotated root	unannotated root	True
arabidopsis_secondary_root_dev_atlas:GSM8335426_JWE03_filtered_feature_bc_matrix:AGTTCCCCAAAGGGTC-1	Arabidopsis thaliana	root	unannotated root	unannotated root	True
arabidopsis_secondary_root_dev_atlas:GSM8335426_JWE03_filtered_feature_bc_matrix:ATACCGACAGCCTATA-1	Arabidopsis thaliana	root	unannotated root	unannotated root	True
arabidopsis_secondary_root_dev_atlas:GSM8335426_JWE03_filtered_feature_bc_matrix:ATACCTTAGACTCATC-1	Arabidopsis thaliana	root	unannotated root	unannotated root	True
arabidopsis_secondary_root_dev_atlas:GSM8335426_JWE03_filtered_feature_bc_matrix:ATATCCTTCAATCTTC-1	Arabidopsis thaliana	root	unannotated root	unannotated root	True
arabidopsis_secondary_root_dev_atlas:GSM8335426_JWE03_filtered_feature_bc_matrix:ATCACAGAGCCAGACA-1	Arabidopsis thaliana	root	unannotated root	unannotated root	True
arabidopsis_secondary_root_dev_atlas:GSM8335426_JWE03_filtered_feature_bc_matrix:ATCCGTCAGACTTAAG-1	Arabidopsis thaliana	root	unannotated root	unannotated root	True
arabidopsis_secondary_root_dev_atlas:GSM8335426_JWE03_filtered_feature_bc_matrix:ATGAAAGAGCAGCGAT-1	Arabidopsis thaliana	root	unannotated root	unannotated root	True
arabidopsis_secondary_root_dev_atlas:GSM8335426_JWE03_filtered_feature_bc_matrix:ATGAAAGGTGCGACAA-1	Arabidopsis thaliana	root	unannotated root	unannotated root	True
arabidopsis_secondary_root_dev_atlas:GSM8335426_JWE03_filtered_feature_bc_matrix:ATGAGGGCAAGTATCC-1	Arabidopsis thaliana	root	unannotated root	unannotated root	True
arabidopsis_secondary_root_dev_atlas:GSM8335426_JWE03_filtered_feature_bc_matrix:ATGATCGGTGATATAG-1	Arabidopsis thaliana	root	unannotated root	unannotated root	True
arabidopsis_secondary_root_dev_atlas:GSM8335426_JWE03_filtered_feature_bc_matrix:ATTATCCCAGACCTGC-1	Arabidopsis thaliana	root	unannotated root	unannotated root	True
arabidopsis_secondary_root_dev_atlas:GSM8335426_JWE03_filtered_feature_bc_matrix:ATTGGGTTCTCAACGA-1	Arabidopsis thaliana	root	unannotated root	unannotated root	True
arabidopsis_secondary_root_dev_atlas:GSM8335426_JWE03_filtered_feature_bc_matrix:CAACAACCATCTATCT-1	Arabidopsis thaliana	root	unannotated root	unannotated root	True
arabidopsis_secondary_root_dev_atlas:GSM8335426_JWE03_filtered_feature_bc_matrix:CACAACACAATGACCT-1	Arabidopsis thaliana	root	unannotated root	unannotated root	True
arabidopsis_secondary_root_dev_atlas:GSM8335426_JWE03_filtered_feature_bc_matrix:CACACAACATGGAGAC-1	Arabidopsis thaliana	root	unannotated root	unannotated root	True
arabidopsis_secondary_root_dev_atlas:GSM8335426_JWE03_filtered_feature_bc_matrix:CACCAAAAGCCTATTG-1	Arabidopsis thaliana	root	unannotated root	unannotated root	True
arabidopsis_secondary_root_dev_atlas:GSM8335426_JWE03_filtered_feature_bc_matrix:CACGTGGGTTGGTAGG-1	Arabidopsis thaliana	root	unannotated root	unannotated root	True
arabidopsis_secondary_root_dev_atlas:GSM8335426_JWE03_filtered_feature_bc_matrix:CAGAGCCCAACAACAA-1	Arabidopsis thaliana	root	unannotated root	unannotated root	True
arabidopsis_secondary_root_dev_atlas:GSM8335426_JWE03_filtered_feature_bc_matrix:CAGCAGCGTAGTCGTT-1	Arabidopsis thaliana	root	unannotated root	unannotated root	True
arabidopsis_secondary_root_dev_atlas:GSM8335426_JWE03_filtered_feature_bc_matrix:CAGCGTGCAACACGTT-1	Arabidopsis thaliana	root	unannotated root	unannotated root	True
arabidopsis_secondary_root_dev_atlas:GSM8335426_JWE03_filtered_feature_bc_matrix:CAGGGCTGTTCCAAAC-1	Arabidopsis thaliana	root	unannotated root	unannotated root	True
arabidopsis_secondary_root_dev_atlas:GSM8335426_JWE03_filtered_feature_bc_matrix:CAGGTATTCCCATAAG-1	Arabidopsis thaliana	root	unannotated root	unannotated root	True
arabidopsis_secondary_root_dev_atlas:GSM8335426_JWE03_filtered_feature_bc_matrix:CAGTTCCCACGTAGTT-1	Arabidopsis thaliana	root	unannotated root	unannotated root	True
arabidopsis_secondary_root_dev_atlas:GSM8335426_JWE03_filtered_feature_bc_matrix:CAGTTCCGTCTTACAG-1	Arabidopsis thaliana	root	unannotated root	unannotated root	True
arabidopsis_secondary_root_dev_atlas:GSM8335426_JWE03_filtered_feature_bc_matrix:CATGCGGTCATGGAGG-1	Arabidopsis thaliana	root	unannotated root	unannotated root	True
arabidopsis_secondary_root_dev_atlas:GSM8335426_JWE03_filtered_feature_bc_matrix:CATGCTCTCTCCACTG-1	Arabidopsis thaliana	root	unannotated root	unannotated root	True
arabidopsis_secondary_root_dev_atlas:GSM8335426_JWE03_filtered_feature_bc_matrix:CATGGTATCGTGGCGT-1	Arabidopsis thaliana	root	unannotated root	unannotated root	True
arabidopsis_secondary_root_dev_atlas:GSM8335426_JWE03_filtered_feature_bc_matrix:CATTCTAGTTTCTATC-1	Arabidopsis thaliana	root	unannotated root	unannotated root	True
arabidopsis_secondary_root_dev_atlas:GSM8335426_JWE03_filtered_feature_bc_matrix:CATTGCCAGCTTACGT-1	Arabidopsis thaliana	root	unannotated root	unannotated root	True
arabidopsis_secondary_root_dev_atlas:GSM8335426_JWE03_filtered_feature_bc_matrix:CATTGCCCAATACGCT-1	Arabidopsis thaliana	root	unannotated root	unannotated root	True
arabidopsis_secondary_root_dev_atlas:GSM8335426_JWE03_filtered_feature_bc_matrix:CATTTCAAGCAACTCT-1	Arabidopsis thaliana	root	unannotated root	unannotated root	True
arabidopsis_secondary_root_dev_atlas:GSM8335426_JWE03_filtered_feature_bc_matrix:CCACACTTCGCGTTTC-1	Arabidopsis thaliana	root	unannotated root	unannotated root	True
arabidopsis_secondary_root_dev_atlas:GSM8335426_JWE03_filtered_feature_bc_matrix:CCACGAGAGCGTGTTT-1	Arabidopsis thaliana	root	unannotated root	unannotated root	True
arabidopsis_secondary_root_dev_atlas:GSM8335426_JWE03_filtered_feature_bc_matrix:CCCGAAGGTGCCTAAT-1	Arabidopsis thaliana	root	unannotated root	unannotated root	True
arabidopsis_secondary_root_dev_atlas:GSM8335426_JWE03_filtered_feature_bc_matrix:CCCGAAGTCCGGGACT-1	Arabidopsis thaliana	root	unannotated root	unannotated root	True
arabidopsis_secondary_root_dev_atlas:GSM8335426_JWE03_filtered_feature_bc_matrix:CCCTCAAGTCGTTGGC-1	Arabidopsis thaliana	root	unannotated root	unannotated root	True
arabidopsis_secondary_root_dev_atlas:GSM8335426_JWE03_filtered_feature_bc_matrix:CCGATGGGTGATAGAT-1	Arabidopsis thaliana	root	unannotated root	unannotated root	True
arabidopsis_secondary_root_dev_atlas:GSM8335426_JWE03_filtered_feature_bc_matrix:CCGTAGGCATATCGGT-1	Arabidopsis thaliana	root	unannotated root	unannotated root	True
arabidopsis_secondary_root_dev_atlas:GSM8335426_JWE03_filtered_feature_bc_matrix:CCGTGAGTCTGAATCG-1	Arabidopsis thaliana	root	unannotated root	unannotated root	True
arabidopsis_secondary_root_dev_atlas:GSM8335426_JWE03_filtered_feature_bc_matrix:CCTAACCTCAACCTCC-1	Arabidopsis thaliana	root	unannotated root	unannotated root	True
arabidopsis_secondary_root_dev_atlas:GSM8335426_JWE03_filtered_feature_bc_matrix:CCTACGTCACATGGTT-1	Arabidopsis thaliana	root	unannotated root	unannotated root	True
arabidopsis_secondary_root_dev_atlas:GSM8335426_JWE03_filtered_feature_bc_matrix:CCTCAACCACAACGCC-1	Arabidopsis thaliana	root	unannotated root	unannotated root	True
arabidopsis_secondary_root_dev_atlas:GSM8335426_JWE03_filtered_feature_bc_matrix:CCTCACAAGAGGCGTT-1	Arabidopsis thaliana	root	unannotated root	unannotated root	True
arabidopsis_secondary_root_dev_atlas:GSM8335426_JWE03_filtered_feature_bc_matrix:CGAAGGAGTTGACTGT-1	Arabidopsis thaliana	root	unannotated root	unannotated root	True
arabidopsis_secondary_root_dev_atlas:GSM8335426_JWE03_filtered_feature_bc_matrix:CGAAGGATCCCGAGGT-1	Arabidopsis thaliana	root	unannotated root	unannotated root	True
arabidopsis_secondary_root_dev_atlas:GSM8335426_JWE03_filtered_feature_bc_matrix:CGAAGTTAGCAGGTCA-1	Arabidopsis thaliana	root	unannotated root	unannotated root	True
arabidopsis_secondary_root_dev_atlas:GSM8335426_JWE03_filtered_feature_bc_matrix:CGACAGCCATGTTCGA-1	Arabidopsis thaliana	root	unannotated root	unannotated root	True
arabidopsis_secondary_root_dev_atlas:GSM8335426_JWE03_filtered_feature_bc_matrix:CGAGAAGAGCAGCACA-1	Arabidopsis thaliana	root	unannotated root	unannotated root	True
arabidopsis_secondary_root_dev_atlas:GSM8335426_JWE03_filtered_feature_bc_matrix:CGCAGGTTCTGCTGAA-1	Arabidopsis thaliana	root	unannotated root	unannotated root	True
arabidopsis_secondary_root_dev_atlas:GSM8335426_JWE03_filtered_feature_bc_matrix:CGCCATTCACATGACT-1	Arabidopsis thaliana	root	unannotated root	unannotated root	True
arabidopsis_secondary_root_dev_atlas:GSM8335426_JWE03_filtered_feature_bc_matrix:CGGAATTAGATCGCTT-1	Arabidopsis thaliana	root	unannotated root	unannotated root	True
arabidopsis_secondary_root_dev_atlas:GSM8335426_JWE03_filtered_feature_bc_matrix:CGGAGAATCCAACCAA-1	Arabidopsis thaliana	root	unannotated root	unannotated root	True
arabidopsis_secondary_root_dev_atlas:GSM8335426_JWE03_filtered_feature_bc_matrix:CGTGAATAGGTGCTTT-1	Arabidopsis thaliana	root	unannotated root	unannotated root	True
arabidopsis_secondary_root_dev_atlas:GSM8335426_JWE03_filtered_feature_bc_matrix:CGTTAGACATCGGAAG-1	Arabidopsis thaliana	root	unannotated root	unannotated root	True
arabidopsis_secondary_root_dev_atlas:GSM8335426_JWE03_filtered_feature_bc_matrix:CTAACTTCACCTCTAC-1	Arabidopsis thaliana	root	unannotated root	unannotated root	True
arabidopsis_secondary_root_dev_atlas:GSM8335426_JWE03_filtered_feature_bc_matrix:CTCAGGGCAGGACATG-1	Arabidopsis thaliana	root	unannotated root	unannotated root	True
arabidopsis_secondary_root_dev_atlas:GSM8335426_JWE03_filtered_feature_bc_matrix:CTCATCGCACATAACC-1	Arabidopsis thaliana	root	unannotated root	unannotated root	True
arabidopsis_secondary_root_dev_atlas:GSM8335426_JWE03_filtered_feature_bc_matrix:CTCATTACACTCTCGT-1	Arabidopsis thaliana	root	unannotated root	unannotated root	True
arabidopsis_secondary_root_dev_atlas:GSM8335426_JWE03_filtered_feature_bc_matrix:CTCCAACTCAAGCCAT-1	Arabidopsis thaliana	root	unannotated root	unannotated root	True
arabidopsis_secondary_root_dev_atlas:GSM8335426_JWE03_filtered_feature_bc_matrix:CTCCACATCAGGTGTT-1	Arabidopsis thaliana	root	unannotated root	unannotated root	True
arabidopsis_secondary_root_dev_atlas:GSM8335426_JWE03_filtered_feature_bc_matrix:CTCCCAAGTCTGTCAA-1	Arabidopsis thaliana	root	unannotated root	unannotated root	True
arabidopsis_secondary_root_dev_atlas:GSM8335426_JWE03_filtered_feature_bc_matrix:CTCCTTTGTGTTATCG-1	Arabidopsis thaliana	root	unannotated root	unannotated root	True
arabidopsis_secondary_root_dev_atlas:GSM8335426_JWE03_filtered_feature_bc_matrix:CTGCAGGCACTCATAG-1	Arabidopsis thaliana	root	unannotated root	unannotated root	True
arabidopsis_secondary_root_dev_atlas:GSM8335426_JWE03_filtered_feature_bc_matrix:CTGCCTACAGCAGACA-1	Arabidopsis thaliana	root	unannotated root	unannotated root	True
arabidopsis_secondary_root_dev_atlas:GSM8335426_JWE03_filtered_feature_bc_matrix:CTGCGAGTCCTGTAAG-1	Arabidopsis thaliana	root	unannotated root	unannotated root	True
arabidopsis_secondary_root_dev_atlas:GSM8335426_JWE03_filtered_feature_bc_matrix:CTGGTCTTCTTGCAAG-1	Arabidopsis thaliana	root	unannotated root	unannotated root	True
arabidopsis_secondary_root_dev_atlas:GSM8335426_JWE03_filtered_feature_bc_matrix:CTGTGGGCATCCCGTT-1	Arabidopsis thaliana	root	unannotated root	unannotated root	True
arabidopsis_secondary_root_dev_atlas:GSM8335426_JWE03_filtered_feature_bc_matrix:CTTAGGATCAGAGCAG-1	Arabidopsis thaliana	root	unannotated root	unannotated root	True
arabidopsis_secondary_root_dev_atlas:GSM8335426_JWE03_filtered_feature_bc_matrix:CTTGAGAAGTTCATCG-1	Arabidopsis thaliana	root	unannotated root	unannotated root	True
arabidopsis_secondary_root_dev_atlas:GSM8335426_JWE03_filtered_feature_bc_matrix:GAACTGTCAACAAAGT-1	Arabidopsis thaliana	root	unannotated root	unannotated root	True
arabidopsis_secondary_root_dev_atlas:GSM8335426_JWE03_filtered_feature_bc_matrix:GAAGAATAGCGTGCCT-1	Arabidopsis thaliana	root	unannotated root	unannotated root	True
arabidopsis_secondary_root_dev_atlas:GSM8335426_JWE03_filtered_feature_bc_matrix:GAAGAATCAACGTATC-1	Arabidopsis thaliana	root	unannotated root	unannotated root	True
arabidopsis_secondary_root_dev_atlas:GSM8335426_JWE03_filtered_feature_bc_matrix:GAAGGGTGTGTTGACT-1	Arabidopsis thaliana	root	unannotated root	unannotated root	True
arabidopsis_secondary_root_dev_atlas:GSM8335426_JWE03_filtered_feature_bc_matrix:GACCCTTTCGCAGTGC-1	Arabidopsis thaliana	root	unannotated root	unannotated root	True
arabidopsis_secondary_root_dev_atlas:GSM8335426_JWE03_filtered_feature_bc_matrix:GACTCTCCAGTTGAAA-1	Arabidopsis thaliana	root	unannotated root	unannotated root	True
arabidopsis_secondary_root_dev_atlas:GSM8335426_JWE03_filtered_feature_bc_matrix:GACTTCCAGGCATGCA-1	Arabidopsis thaliana	root	unannotated root	unannotated root	True
arabidopsis_secondary_root_dev_atlas:GSM8335426_JWE03_filtered_feature_bc_matrix:GAGAGGTAGTGAGGCT-1	Arabidopsis thaliana	root	unannotated root	unannotated root	True
arabidopsis_secondary_root_dev_atlas:GSM8335426_JWE03_filtered_feature_bc_matrix:GAGCTGCGTATCATGC-1	Arabidopsis thaliana	root	unannotated root	unannotated root	True
arabidopsis_secondary_root_dev_atlas:GSM8335426_JWE03_filtered_feature_bc_matrix:GAGGGATCAAGGCAAC-1	Arabidopsis thaliana	root	unannotated root	unannotated root	True
arabidopsis_secondary_root_dev_atlas:GSM8335426_JWE03_filtered_feature_bc_matrix:GAGGGTACAGACACCC-1	Arabidopsis thaliana	root	unannotated root	unannotated root	True
arabidopsis_secondary_root_dev_atlas:GSM8335426_JWE03_filtered_feature_bc_matrix:GAGTGTTCAATGTTGC-1	Arabidopsis thaliana	root	unannotated root	unannotated root	True
arabidopsis_secondary_root_dev_atlas:GSM8335426_JWE03_filtered_feature_bc_matrix:GAGTTTGTCCCTTCCC-1	Arabidopsis thaliana	root	unannotated root	unannotated root	True
arabidopsis_secondary_root_dev_atlas:GSM8335426_JWE03_filtered_feature_bc_matrix:GATAGCTGTCCGGTCA-1	Arabidopsis thaliana	root	unannotated root	unannotated root	True
arabidopsis_secondary_root_dev_atlas:GSM8335426_JWE03_filtered_feature_bc_matrix:GATCACAAGGGTGAAA-1	Arabidopsis thaliana	root	unannotated root	unannotated root	True
arabidopsis_secondary_root_dev_atlas:GSM8335426_JWE03_filtered_feature_bc_matrix:GATCCCTCAAGAGCTG-1	Arabidopsis thaliana	root	unannotated root	unannotated root	True
arabidopsis_secondary_root_dev_atlas:GSM8335426_JWE03_filtered_feature_bc_matrix:GATCGTATCTTACCAT-1	Arabidopsis thaliana	root	unannotated root	unannotated root	True
arabidopsis_secondary_root_dev_atlas:GSM8335426_JWE03_filtered_feature_bc_matrix:GATTCGAGTGACGTCC-1	Arabidopsis thaliana	root	unannotated root	unannotated root	True
arabidopsis_secondary_root_dev_atlas:GSM8335426_JWE03_filtered_feature_bc_matrix:GCACGGTCAAGCGAAC-1	Arabidopsis thaliana	root	unannotated root	unannotated root	True
arabidopsis_secondary_root_dev_atlas:GSM8335426_JWE03_filtered_feature_bc_matrix:GCAGCTGCAGGTTCGC-1	Arabidopsis thaliana	root	unannotated root	unannotated root	True
arabidopsis_secondary_root_dev_atlas:GSM8335426_JWE03_filtered_feature_bc_matrix:GCATGATAGTAGGATT-1	Arabidopsis thaliana	root	unannotated root	unannotated root	True
arabidopsis_secondary_root_dev_atlas:GSM8335426_JWE03_filtered_feature_bc_matrix:GCCAACGAGGCGTTAG-1	Arabidopsis thaliana	root	unannotated root	unannotated root	True
arabidopsis_secondary_root_dev_atlas:GSM8335426_JWE03_filtered_feature_bc_matrix:GCGTGCACACAACCGC-1	Arabidopsis thaliana	root	unannotated root	unannotated root	True
arabidopsis_secondary_root_dev_atlas:GSM8335426_JWE03_filtered_feature_bc_matrix:GCGTTTCAGCGACCCT-1	Arabidopsis thaliana	root	unannotated root	unannotated root	True
arabidopsis_secondary_root_dev_atlas:GSM8335426_JWE03_filtered_feature_bc_matrix:GCTACAAAGGTTGGTG-1	Arabidopsis thaliana	root	unannotated root	unannotated root	True
arabidopsis_secondary_root_dev_atlas:GSM8335426_JWE03_filtered_feature_bc_matrix:GCTTTCGCATGCAGCC-1	Arabidopsis thaliana	root	unannotated root	unannotated root	True
arabidopsis_secondary_root_dev_atlas:GSM8335426_JWE03_filtered_feature_bc_matrix:GGCACGTAGCTTCTAG-1	Arabidopsis thaliana	root	unannotated root	unannotated root	True
arabidopsis_secondary_root_dev_atlas:GSM8335426_JWE03_filtered_feature_bc_matrix:GGCTTTCTCGCATGAT-1	Arabidopsis thaliana	root	unannotated root	unannotated root	True
arabidopsis_secondary_root_dev_atlas:GSM8335426_JWE03_filtered_feature_bc_matrix:GGGACCTTCTCCACTG-1	Arabidopsis thaliana	root	unannotated root	unannotated root	True
arabidopsis_secondary_root_dev_atlas:GSM8335426_JWE03_filtered_feature_bc_matrix:GGGATGACAAATCAGA-1	Arabidopsis thaliana	root	unannotated root	unannotated root	True
arabidopsis_secondary_root_dev_atlas:GSM8335426_JWE03_filtered_feature_bc_matrix:GGGCTCAGTCGAGTTT-1	Arabidopsis thaliana	root	unannotated root	unannotated root	True
arabidopsis_secondary_root_dev_atlas:GSM8335426_JWE03_filtered_feature_bc_matrix:GGGTCTGCACAGAGAC-1	Arabidopsis thaliana	root	unannotated root	unannotated root	True
arabidopsis_secondary_root_dev_atlas:GSM8335426_JWE03_filtered_feature_bc_matrix:GGTCTGGGTGGATGAC-1	Arabidopsis thaliana	root	unannotated root	unannotated root	True
arabidopsis_secondary_root_dev_atlas:GSM8335426_JWE03_filtered_feature_bc_matrix:GGTTAACGTCTCAAGT-1	Arabidopsis thaliana	root	unannotated root	unannotated root	True
arabidopsis_secondary_root_dev_atlas:GSM8335426_JWE03_filtered_feature_bc_matrix:GTAAGTCAGGTGTGAC-1	Arabidopsis thaliana	root	unannotated root	unannotated root	True
arabidopsis_secondary_root_dev_atlas:GSM8335426_JWE03_filtered_feature_bc_matrix:GTAGAGGCAGATCATC-1	Arabidopsis thaliana	root	unannotated root	unannotated root	True
arabidopsis_secondary_root_dev_atlas:GSM8335426_JWE03_filtered_feature_bc_matrix:GTAGATCCAACGACTT-1	Arabidopsis thaliana	root	unannotated root	unannotated root	True
arabidopsis_secondary_root_dev_atlas:GSM8335426_JWE03_filtered_feature_bc_matrix:GTAGGTTAGTAGGCCA-1	Arabidopsis thaliana	root	unannotated root	unannotated root	True
arabidopsis_secondary_root_dev_atlas:GSM8335426_JWE03_filtered_feature_bc_matrix:GTAGGTTTCGCCAATA-1	Arabidopsis thaliana	root	unannotated root	unannotated root	True
arabidopsis_secondary_root_dev_atlas:GSM8335426_JWE03_filtered_feature_bc_matrix:GTCACGGAGGACGGAG-1	Arabidopsis thaliana	root	unannotated root	unannotated root	True
arabidopsis_secondary_root_dev_atlas:GSM8335426_JWE03_filtered_feature_bc_matrix:GTCACGGGTGTTTCTT-1	Arabidopsis thaliana	root	unannotated root	unannotated root	True
arabidopsis_secondary_root_dev_atlas:GSM8335426_JWE03_filtered_feature_bc_matrix:GTCCTCACAGCGTGAA-1	Arabidopsis thaliana	root	unannotated root	unannotated root	True
arabidopsis_secondary_root_dev_atlas:GSM8335426_JWE03_filtered_feature_bc_matrix:GTCTCACTCCGGCAGT-1	Arabidopsis thaliana	root	unannotated root	unannotated root	True
arabidopsis_secondary_root_dev_atlas:GSM8335426_JWE03_filtered_feature_bc_matrix:GTGAGTTTCTCTAGGA-1	Arabidopsis thaliana	root	unannotated root	unannotated root	True
arabidopsis_secondary_root_dev_atlas:GSM8335426_JWE03_filtered_feature_bc_matrix:GTGATGTCAGGAAGTC-1	Arabidopsis thaliana	root	unannotated root	unannotated root	True
arabidopsis_secondary_root_dev_atlas:GSM8335426_JWE03_filtered_feature_bc_matrix:GTGCACGTCCATACAG-1	Arabidopsis thaliana	root	unannotated root	unannotated root	True
arabidopsis_secondary_root_dev_atlas:GSM8335426_JWE03_filtered_feature_bc_matrix:GTGTGATTCACCTCAC-1	Arabidopsis thaliana	root	unannotated root	unannotated root	True
arabidopsis_secondary_root_dev_atlas:GSM8335426_JWE03_filtered_feature_bc_matrix:GTTGCGGAGAAAGCGA-1	Arabidopsis thaliana	root	unannotated root	unannotated root	True
arabidopsis_secondary_root_dev_atlas:GSM8335426_JWE03_filtered_feature_bc_matrix:GTTGTCCTCGCCATAA-1	Arabidopsis thaliana	root	unannotated root	unannotated root	True
arabidopsis_secondary_root_dev_atlas:GSM8335426_JWE03_filtered_feature_bc_matrix:TAACGACTCTTACCGC-1	Arabidopsis thaliana	root	unannotated root	unannotated root	True
arabidopsis_secondary_root_dev_atlas:GSM8335426_JWE03_filtered_feature_bc_matrix:TAATCTCAGCGACATG-1	Arabidopsis thaliana	root	unannotated root	unannotated root	True
arabidopsis_secondary_root_dev_atlas:GSM8335426_JWE03_filtered_feature_bc_matrix:TAATCTCGTCTGTGTA-1	Arabidopsis thaliana	root	unannotated root	unannotated root	True
arabidopsis_secondary_root_dev_atlas:GSM8335426_JWE03_filtered_feature_bc_matrix:TAATCTCTCGATAACC-1	Arabidopsis thaliana	root	unannotated root	unannotated root	True
arabidopsis_secondary_root_dev_atlas:GSM8335426_JWE03_filtered_feature_bc_matrix:TAATTCCAGTAATCCC-1	Arabidopsis thaliana	root	unannotated root	unannotated root	True
arabidopsis_secondary_root_dev_atlas:GSM8335426_JWE03_filtered_feature_bc_matrix:TACAACGCAGCTGTGC-1	Arabidopsis thaliana	root	unannotated root	unannotated root	True
arabidopsis_secondary_root_dev_atlas:GSM8335426_JWE03_filtered_feature_bc_matrix:TACAGGTAGTACCGGA-1	Arabidopsis thaliana	root	unannotated root	unannotated root	True
arabidopsis_secondary_root_dev_atlas:GSM8335426_JWE03_filtered_feature_bc_matrix:TACATTCTCAGACCCG-1	Arabidopsis thaliana	root	unannotated root	unannotated root	True
arabidopsis_secondary_root_dev_atlas:GSM8335426_JWE03_filtered_feature_bc_matrix:TACCCACCAACTTGGT-1	Arabidopsis thaliana	root	unannotated root	unannotated root	True
arabidopsis_secondary_root_dev_atlas:GSM8335426_JWE03_filtered_feature_bc_matrix:TACCCACGTTGTCCCT-1	Arabidopsis thaliana	root	unannotated root	unannotated root	True
arabidopsis_secondary_root_dev_atlas:GSM8335426_JWE03_filtered_feature_bc_matrix:TACCCGTTCAAACCTG-1	Arabidopsis thaliana	root	unannotated root	unannotated root	True
arabidopsis_secondary_root_dev_atlas:GSM8335426_JWE03_filtered_feature_bc_matrix:TACCGGGTCAAGCCAT-1	Arabidopsis thaliana	root	unannotated root	unannotated root	True
arabidopsis_secondary_root_dev_atlas:GSM8335426_JWE03_filtered_feature_bc_matrix:TAGAGTCTCCCGAATA-1	Arabidopsis thaliana	root	unannotated root	unannotated root	True
arabidopsis_secondary_root_dev_atlas:GSM8335426_JWE03_filtered_feature_bc_matrix:TAGATCGGTCACGTGC-1	Arabidopsis thaliana	root	unannotated root	unannotated root	True
arabidopsis_secondary_root_dev_atlas:GSM8335426_JWE03_filtered_feature_bc_matrix:TAGGAGGCATGCCATA-1	Arabidopsis thaliana	root	unannotated root	unannotated root	True
arabidopsis_secondary_root_dev_atlas:GSM8335426_JWE03_filtered_feature_bc_matrix:TAGGAGGGTCCCGCAA-1	Arabidopsis thaliana	root	unannotated root	unannotated root	True
arabidopsis_secondary_root_dev_atlas:GSM8335426_JWE03_filtered_feature_bc_matrix:TAGGTTGAGCACTTTG-1	Arabidopsis thaliana	root	unannotated root	unannotated root	True
arabidopsis_secondary_root_dev_atlas:GSM8335426_JWE03_filtered_feature_bc_matrix:TAGGTTGAGGTCACCC-1	Arabidopsis thaliana	root	unannotated root	unannotated root	True
arabidopsis_secondary_root_dev_atlas:GSM8335426_JWE03_filtered_feature_bc_matrix:TAGGTTGGTGGTCTCG-1	Arabidopsis thaliana	root	unannotated root	unannotated root	True
arabidopsis_secondary_root_dev_atlas:GSM8335426_JWE03_filtered_feature_bc_matrix:TCAAGTGCAAAGGAGA-1	Arabidopsis thaliana	root	unannotated root	unannotated root	True
arabidopsis_secondary_root_dev_atlas:GSM8335426_JWE03_filtered_feature_bc_matrix:TCAATCTTCGCTCATC-1	Arabidopsis thaliana	root	unannotated root	unannotated root	True
arabidopsis_secondary_root_dev_atlas:GSM8335426_JWE03_filtered_feature_bc_matrix:TCACACCCAGCGTGCT-1	Arabidopsis thaliana	root	unannotated root	unannotated root	True
arabidopsis_secondary_root_dev_atlas:GSM8335426_JWE03_filtered_feature_bc_matrix:TCACGCTGTATCGTTG-1	Arabidopsis thaliana	root	unannotated root	unannotated root	True
arabidopsis_secondary_root_dev_atlas:GSM8335426_JWE03_filtered_feature_bc_matrix:TCACGGGGTCGTGATT-1	Arabidopsis thaliana	root	unannotated root	unannotated root	True
arabidopsis_secondary_root_dev_atlas:GSM8335426_JWE03_filtered_feature_bc_matrix:TCAGCCTAGTGATTCC-1	Arabidopsis thaliana	root	unannotated root	unannotated root	True
arabidopsis_secondary_root_dev_atlas:GSM8335426_JWE03_filtered_feature_bc_matrix:TCAGGGCAGGAACTCG-1	Arabidopsis thaliana	root	unannotated root	unannotated root	True
arabidopsis_secondary_root_dev_atlas:GSM8335426_JWE03_filtered_feature_bc_matrix:TCATACTGTTAGCTAC-1	Arabidopsis thaliana	root	unannotated root	unannotated root	True
arabidopsis_secondary_root_dev_atlas:GSM8335426_JWE03_filtered_feature_bc_matrix:TCATCATCAAAGACGC-1	Arabidopsis thaliana	root	unannotated root	unannotated root	True
arabidopsis_secondary_root_dev_atlas:GSM8335426_JWE03_filtered_feature_bc_matrix:TCATCCGGTTCCAGGC-1	Arabidopsis thaliana	root	unannotated root	unannotated root	True
arabidopsis_secondary_root_dev_atlas:GSM8335426_JWE03_filtered_feature_bc_matrix:TCATGAGAGGAATCGC-1	Arabidopsis thaliana	root	unannotated root	unannotated root	True
arabidopsis_secondary_root_dev_atlas:GSM8335426_JWE03_filtered_feature_bc_matrix:TCATTCACAAGTGGCA-1	Arabidopsis thaliana	root	unannotated root	unannotated root	True
arabidopsis_secondary_root_dev_atlas:GSM8335426_JWE03_filtered_feature_bc_matrix:TCCCATGGTAGCTCGC-1	Arabidopsis thaliana	root	unannotated root	unannotated root	True
arabidopsis_secondary_root_dev_atlas:GSM8335426_JWE03_filtered_feature_bc_matrix:TCCGATCAGCGCATCC-1	Arabidopsis thaliana	root	unannotated root	unannotated root	True
arabidopsis_secondary_root_dev_atlas:GSM8335426_JWE03_filtered_feature_bc_matrix:TCCGATCTCTCCGCAT-1	Arabidopsis thaliana	root	unannotated root	unannotated root	True
arabidopsis_secondary_root_dev_atlas:GSM8335426_JWE03_filtered_feature_bc_matrix:TCCTAATTCCTACACC-1	Arabidopsis thaliana	root	unannotated root	unannotated root	True
arabidopsis_secondary_root_dev_atlas:GSM8335426_JWE03_filtered_feature_bc_matrix:TCCTCCCAGCACTCAT-1	Arabidopsis thaliana	root	unannotated root	unannotated root	True
arabidopsis_secondary_root_dev_atlas:GSM8335426_JWE03_filtered_feature_bc_matrix:TCGCAGGCACAGCCAC-1	Arabidopsis thaliana	root	unannotated root	unannotated root	True
arabidopsis_secondary_root_dev_atlas:GSM8335426_JWE03_filtered_feature_bc_matrix:TCGCTTGAGTAAAGCT-1	Arabidopsis thaliana	root	unannotated root	unannotated root	True
arabidopsis_secondary_root_dev_atlas:GSM8335426_JWE03_filtered_feature_bc_matrix:TCGCTTGTCGTTCCTG-1	Arabidopsis thaliana	root	unannotated root	unannotated root	True
arabidopsis_secondary_root_dev_atlas:GSM8335426_JWE03_filtered_feature_bc_matrix:TCGGATACAAGGTTGG-1	Arabidopsis thaliana	root	unannotated root	unannotated root	True
arabidopsis_secondary_root_dev_atlas:GSM8335426_JWE03_filtered_feature_bc_matrix:TCGGGACGTGCCTTTC-1	Arabidopsis thaliana	root	unannotated root	unannotated root	True
arabidopsis_secondary_root_dev_atlas:GSM8335426_JWE03_filtered_feature_bc_matrix:TCGTGCTAGGCTCTAT-1	Arabidopsis thaliana	root	unannotated root	unannotated root	True
arabidopsis_secondary_root_dev_atlas:GSM8335426_JWE03_filtered_feature_bc_matrix:TCTACATCACTGCGAC-1	Arabidopsis thaliana	root	unannotated root	unannotated root	True
arabidopsis_secondary_root_dev_atlas:GSM8335426_JWE03_filtered_feature_bc_matrix:TCTATCACACTAAACC-1	Arabidopsis thaliana	root	unannotated root	unannotated root	True
arabidopsis_secondary_root_dev_atlas:GSM8335426_JWE03_filtered_feature_bc_matrix:TCTATCAGTATGCAAA-1	Arabidopsis thaliana	root	unannotated root	unannotated root	True
arabidopsis_secondary_root_dev_atlas:GSM8335426_JWE03_filtered_feature_bc_matrix:TCTCACGGTAGCGTAG-1	Arabidopsis thaliana	root	unannotated root	unannotated root	True
arabidopsis_secondary_root_dev_atlas:GSM8335426_JWE03_filtered_feature_bc_matrix:TCTTTGACATATGAAG-1	Arabidopsis thaliana	root	unannotated root	unannotated root	True
arabidopsis_secondary_root_dev_atlas:GSM8335426_JWE03_filtered_feature_bc_matrix:TGAACGTAGTTGGCTT-1	Arabidopsis thaliana	root	unannotated root	unannotated root	True
arabidopsis_secondary_root_dev_atlas:GSM8335426_JWE03_filtered_feature_bc_matrix:TGACAGTGTTTCCATT-1	Arabidopsis thaliana	root	unannotated root	unannotated root	True
arabidopsis_secondary_root_dev_atlas:GSM8335426_JWE03_filtered_feature_bc_matrix:TGACCCTCATCGAAGG-1	Arabidopsis thaliana	root	unannotated root	unannotated root	True
arabidopsis_secondary_root_dev_atlas:GSM8335426_JWE03_filtered_feature_bc_matrix:TGAGGGAAGATCGACG-1	Arabidopsis thaliana	root	unannotated root	unannotated root	True
arabidopsis_secondary_root_dev_atlas:GSM8335426_JWE03_filtered_feature_bc_matrix:TGAGGTTGTGGATCGA-1	Arabidopsis thaliana	root	unannotated root	unannotated root	True
arabidopsis_secondary_root_dev_atlas:GSM8335426_JWE03_filtered_feature_bc_matrix:TGCAGATCAGGTGGAT-1	Arabidopsis thaliana	root	unannotated root	unannotated root	True
arabidopsis_secondary_root_dev_atlas:GSM8335426_JWE03_filtered_feature_bc_matrix:TGCAGGCCACTCTGCT-1	Arabidopsis thaliana	root	unannotated root	unannotated root	True
arabidopsis_secondary_root_dev_atlas:GSM8335426_JWE03_filtered_feature_bc_matrix:TGCAGTAAGTGACACG-1	Arabidopsis thaliana	root	unannotated root	unannotated root	True
arabidopsis_secondary_root_dev_atlas:GSM8335426_JWE03_filtered_feature_bc_matrix:TGCGATATCTTTACAC-1	Arabidopsis thaliana	root	unannotated root	unannotated root	True
arabidopsis_secondary_root_dev_atlas:GSM8335426_JWE03_filtered_feature_bc_matrix:TGCGGCAAGGCATTTC-1	Arabidopsis thaliana	root	unannotated root	unannotated root	True
arabidopsis_secondary_root_dev_atlas:GSM8335426_JWE03_filtered_feature_bc_matrix:TGCGGCAGTGCTAGCC-1	Arabidopsis thaliana	root	unannotated root	unannotated root	True
arabidopsis_secondary_root_dev_atlas:GSM8335426_JWE03_filtered_feature_bc_matrix:TGGATCACAGGGCTTC-1	Arabidopsis thaliana	root	unannotated root	unannotated root	True
arabidopsis_secondary_root_dev_atlas:GSM8335426_JWE03_filtered_feature_bc_matrix:TGTCAGATCGCTGTCT-1	Arabidopsis thaliana	root	unannotated root	unannotated root	True
arabidopsis_secondary_root_dev_atlas:GSM8335426_JWE03_filtered_feature_bc_matrix:TGTCCTGGTAGGTCAG-1	Arabidopsis thaliana	root	unannotated root	unannotated root	True
arabidopsis_secondary_root_dev_atlas:GSM8335426_JWE03_filtered_feature_bc_matrix:TGTGATGAGCACGATG-1	Arabidopsis thaliana	root	unannotated root	unannotated root	True
arabidopsis_secondary_root_dev_atlas:GSM8335426_JWE03_filtered_feature_bc_matrix:TGTGATGCACAGGATG-1	Arabidopsis thaliana	root	unannotated root	unannotated root	True
arabidopsis_secondary_root_dev_atlas:GSM8335426_JWE03_filtered_feature_bc_matrix:TGTGCGGAGGACAACC-1	Arabidopsis thaliana	root	unannotated root	unannotated root	True
arabidopsis_secondary_root_dev_atlas:GSM8335426_JWE03_filtered_feature_bc_matrix:TGTGTGATCCGAGAAG-1	Arabidopsis thaliana	root	unannotated root	unannotated root	True
arabidopsis_secondary_root_dev_atlas:GSM8335426_JWE03_filtered_feature_bc_matrix:TGTTCCGAGTGCTAGG-1	Arabidopsis thaliana	root	unannotated root	unannotated root	True
arabidopsis_secondary_root_dev_atlas:GSM8335426_JWE03_filtered_feature_bc_matrix:TGTTCTAGTCATATGC-1	Arabidopsis thaliana	root	unannotated root	unannotated root	True
arabidopsis_secondary_root_dev_atlas:GSM8335426_JWE03_filtered_feature_bc_matrix:TGTTGGATCCGCATAA-1	Arabidopsis thaliana	root	unannotated root	unannotated root	True
arabidopsis_secondary_root_dev_atlas:GSM8335426_JWE03_filtered_feature_bc_matrix:TTAATCCAGTGTTGAA-1	Arabidopsis thaliana	root	unannotated root	unannotated root	True
arabidopsis_secondary_root_dev_atlas:GSM8335426_JWE03_filtered_feature_bc_matrix:TTAGGCATCGGACGTC-1	Arabidopsis thaliana	root	unannotated root	unannotated root	True
arabidopsis_secondary_root_dev_atlas:GSM8335426_JWE03_filtered_feature_bc_matrix:TTATTGCCAGAGCTAG-1	Arabidopsis thaliana	root	unannotated root	unannotated root	True
arabidopsis_secondary_root_dev_atlas:GSM8335426_JWE03_filtered_feature_bc_matrix:TTCAATCGTCAGGCAA-1	Arabidopsis thaliana	root	unannotated root	unannotated root	True
arabidopsis_secondary_root_dev_atlas:GSM8335426_JWE03_filtered_feature_bc_matrix:TTCAATCGTCCCGCAA-1	Arabidopsis thaliana	root	unannotated root	unannotated root	True
arabidopsis_secondary_root_dev_atlas:GSM8335426_JWE03_filtered_feature_bc_matrix:TTCACCGAGAACGCGT-1	Arabidopsis thaliana	root	unannotated root	unannotated root	True
arabidopsis_secondary_root_dev_atlas:GSM8335426_JWE03_filtered_feature_bc_matrix:TTCCAATAGAGTTGTA-1	Arabidopsis thaliana	root	unannotated root	unannotated root	True
arabidopsis_secondary_root_dev_atlas:GSM8335426_JWE03_filtered_feature_bc_matrix:TTCCTAACACGCTTAA-1	Arabidopsis thaliana	root	unannotated root	unannotated root	True
arabidopsis_secondary_root_dev_atlas:GSM8335426_JWE03_filtered_feature_bc_matrix:TTCCTTCCAACTGCTA-1	Arabidopsis thaliana	root	unannotated root	unannotated root	True
arabidopsis_secondary_root_dev_atlas:GSM8335426_JWE03_filtered_feature_bc_matrix:TTGACCCTCAAACTGC-1	Arabidopsis thaliana	root	unannotated root	unannotated root	True
arabidopsis_secondary_root_dev_atlas:GSM8335426_JWE03_filtered_feature_bc_matrix:TTGCCTGTCCTAAACG-1	Arabidopsis thaliana	root	unannotated root	unannotated root	True
arabidopsis_secondary_root_dev_atlas:GSM8335426_JWE03_filtered_feature_bc_matrix:TTGGGATTCTTTCCAA-1	Arabidopsis thaliana	root	unannotated root	unannotated root	True
arabidopsis_secondary_root_dev_atlas:GSM8335426_JWE03_filtered_feature_bc_matrix:TTGGTTTGTCTTGCGG-1	Arabidopsis thaliana	root	unannotated root	unannotated root	True
arabidopsis_secondary_root_dev_atlas:GSM8335426_JWE03_filtered_feature_bc_matrix:TTGTGTTGTTCATCGA-1	Arabidopsis thaliana	root	unannotated root	unannotated root	True
arabidopsis_secondary_root_dev_atlas:GSM8335426_JWE03_filtered_feature_bc_matrix:TTGTTCATCGCATAGT-1	Arabidopsis thaliana	root	unannotated root	unannotated root	True
arabidopsis_secondary_root_dev_atlas:GSM8335426_JWE03_filtered_feature_bc_matrix:TTGTTTGCAGAGTCAG-1	Arabidopsis thaliana	root	unannotated root	unannotated root	True
arabidopsis_secondary_root_dev_atlas:GSM8335426_JWE03_filtered_feature_bc_matrix:TTGTTTGTCCCGAGTG-1	Arabidopsis thaliana	root	unannotated root	unannotated root	True
arabidopsis_secondary_root_dev_atlas:GSM8335426_JWE03_filtered_feature_bc_matrix:TTTAGTCAGTCATAGA-1	Arabidopsis thaliana	root	unannotated root	unannotated root	True
arabidopsis_secondary_root_dev_atlas:GSM8335426_JWE03_filtered_feature_bc_matrix:TTTAGTCGTACCTAGT-1	Arabidopsis thaliana	root	unannotated root	unannotated root	True
arabidopsis_secondary_root_dev_atlas:GSM8335426_JWE03_filtered_feature_bc_matrix:TTTCACACAGACAATA-1	Arabidopsis thaliana	root	unannotated root	unannotated root	True
arabidopsis_secondary_root_dev_atlas:GSM8335426_JWE03_filtered_feature_bc_matrix:TTTCATGGTGACTAAA-1	Arabidopsis thaliana	root	unannotated root	unannotated root	True
arabidopsis_secondary_root_dev_atlas:GSM8335426_JWE03_filtered_feature_bc_matrix:TTTCGATAGGTAGTAT-1	Arabidopsis thaliana	root	unannotated root	unannotated root	True
arabidopsis_secondary_root_dev_atlas:GSM8335426_JWE03_filtered_feature_bc_matrix:TTTGACTAGAGGTGCT-1	Arabidopsis thaliana	root	unannotated root	unannotated root	True
wheat_soil_root_atlas:GSM8339904_rep1_filtered_feature_bc_matrix:AAACGCTGTCCGTTTC-1	Triticum aestivum	root	unannotated root	unannotated root	True
wheat_soil_root_atlas:GSM8339904_rep1_filtered_feature_bc_matrix:AACACACGTCCTGTTC-1	Triticum aestivum	root	unannotated root	unannotated root	True
wheat_soil_root_atlas:GSM8339904_rep1_filtered_feature_bc_matrix:AACAGGGCATCGCTAA-1	Triticum aestivum	root	unannotated root	unannotated root	True
wheat_soil_root_atlas:GSM8339904_rep1_filtered_feature_bc_matrix:AACCACAGTGTCCGTG-1	Triticum aestivum	root	unannotated root	unannotated root	True
wheat_soil_root_atlas:GSM8339904_rep1_filtered_feature_bc_matrix:AACCTGAAGGGATCAC-1	Triticum aestivum	root	unannotated root	unannotated root	True
wheat_soil_root_atlas:GSM8339904_rep1_filtered_feature_bc_matrix:AAGAACAAGGACGCTA-1	Triticum aestivum	root	unannotated root	unannotated root	True
wheat_soil_root_atlas:GSM8339904_rep1_filtered_feature_bc_matrix:AAGACTCCAAATGATG-1	Triticum aestivum	root	unannotated root	unannotated root	True
wheat_soil_root_atlas:GSM8339904_rep1_filtered_feature_bc_matrix:AAGCGAGAGTGATCGG-1	Triticum aestivum	root	unannotated root	unannotated root	True
wheat_soil_root_atlas:GSM8339904_rep1_filtered_feature_bc_matrix:AAGCGTTCATTGCTGA-1	Triticum aestivum	root	unannotated root	unannotated root	True
wheat_soil_root_atlas:GSM8339904_rep1_filtered_feature_bc_matrix:AAGTGAAGTACCTATG-1	Triticum aestivum	root	unannotated root	unannotated root	True
wheat_soil_root_atlas:GSM8339904_rep1_filtered_feature_bc_matrix:AATAGAGTCGACATCA-1	Triticum aestivum	root	unannotated root	unannotated root	True
wheat_soil_root_atlas:GSM8339904_rep1_filtered_feature_bc_matrix:AATGCCAAGCTACTGT-1	Triticum aestivum	root	unannotated root	unannotated root	True
wheat_soil_root_atlas:GSM8339904_rep1_filtered_feature_bc_matrix:AATTCCTTCTCATTAC-1	Triticum aestivum	root	unannotated root	unannotated root	True
wheat_soil_root_atlas:GSM8339904_rep1_filtered_feature_bc_matrix:ACACCAACAGGATGAC-1	Triticum aestivum	root	unannotated root	unannotated root	True
wheat_soil_root_atlas:GSM8339904_rep1_filtered_feature_bc_matrix:ACCATTTAGCTGTTAC-1	Triticum aestivum	root	unannotated root	unannotated root	True
wheat_soil_root_atlas:GSM8339904_rep1_filtered_feature_bc_matrix:ACCATTTCATCGTGGC-1	Triticum aestivum	root	unannotated root	unannotated root	True
wheat_soil_root_atlas:GSM8339904_rep1_filtered_feature_bc_matrix:ACCCAAATCGGATAAA-1	Triticum aestivum	root	unannotated root	unannotated root	True
wheat_soil_root_atlas:GSM8339904_rep1_filtered_feature_bc_matrix:ACCCTCATCTAGGAAA-1	Triticum aestivum	root	unannotated root	unannotated root	True
wheat_soil_root_atlas:GSM8339904_rep1_filtered_feature_bc_matrix:ACCGTTCCACAACGTT-1	Triticum aestivum	root	unannotated root	unannotated root	True
wheat_soil_root_atlas:GSM8339904_rep1_filtered_feature_bc_matrix:ACCGTTCGTCGAGTTT-1	Triticum aestivum	root	unannotated root	unannotated root	True
wheat_soil_root_atlas:GSM8339904_rep1_filtered_feature_bc_matrix:ACCTGAATCTCAGAAC-1	Triticum aestivum	root	unannotated root	unannotated root	True
wheat_soil_root_atlas:GSM8339904_rep1_filtered_feature_bc_matrix:ACTATCTTCATTGAGC-1	Triticum aestivum	root	unannotated root	unannotated root	True
wheat_soil_root_atlas:GSM8339904_rep1_filtered_feature_bc_matrix:ACTATTCTCGTACCTC-1	Triticum aestivum	root	unannotated root	unannotated root	True
wheat_soil_root_atlas:GSM8339904_rep1_filtered_feature_bc_matrix:ACTCCCACACAACCGC-1	Triticum aestivum	root	unannotated root	unannotated root	True
wheat_soil_root_atlas:GSM8339904_rep1_filtered_feature_bc_matrix:ACTGATGGTAGTGTGG-1	Triticum aestivum	root	unannotated root	unannotated root	True
wheat_soil_root_atlas:GSM8339904_rep1_filtered_feature_bc_matrix:ACTGCAAGTACAAACA-1	Triticum aestivum	root	unannotated root	unannotated root	True
wheat_soil_root_atlas:GSM8339904_rep1_filtered_feature_bc_matrix:AGAGAATAGGTAAGTT-1	Triticum aestivum	root	unannotated root	unannotated root	True
wheat_soil_root_atlas:GSM8339904_rep1_filtered_feature_bc_matrix:AGAGAATCACGCCAGT-1	Triticum aestivum	root	unannotated root	unannotated root	True
wheat_soil_root_atlas:GSM8339904_rep1_filtered_feature_bc_matrix:AGCCAGCCAGGCGTTC-1	Triticum aestivum	root	unannotated root	unannotated root	True
wheat_soil_root_atlas:GSM8339904_rep1_filtered_feature_bc_matrix:AGCGTATGTACGGATG-1	Triticum aestivum	root	unannotated root	unannotated root	True
wheat_soil_root_atlas:GSM8339904_rep1_filtered_feature_bc_matrix:AGCTACACACCCGTAG-1	Triticum aestivum	root	unannotated root	unannotated root	True
wheat_soil_root_atlas:GSM8339904_rep1_filtered_feature_bc_matrix:AGCTACATCGTAACAC-1	Triticum aestivum	root	unannotated root	unannotated root	True
wheat_soil_root_atlas:GSM8339904_rep1_filtered_feature_bc_matrix:AGGACGAAGTCAAGCG-1	Triticum aestivum	root	unannotated root	unannotated root	True
wheat_soil_root_atlas:GSM8339904_rep1_filtered_feature_bc_matrix:AGGATAAAGAACTGAT-1	Triticum aestivum	root	unannotated root	unannotated root	True
wheat_soil_root_atlas:GSM8339904_rep1_filtered_feature_bc_matrix:AGGATCTTCACATTGG-1	Triticum aestivum	root	unannotated root	unannotated root	True
wheat_soil_root_atlas:GSM8339904_rep1_filtered_feature_bc_matrix:AGGGCTCCATGACACT-1	Triticum aestivum	root	unannotated root	unannotated root	True
wheat_soil_root_atlas:GSM8339904_rep1_filtered_feature_bc_matrix:AGGGCTCTCTACACAG-1	Triticum aestivum	root	unannotated root	unannotated root	True
wheat_soil_root_atlas:GSM8339904_rep1_filtered_feature_bc_matrix:AGGGTGAAGGTGCTAG-1	Triticum aestivum	root	unannotated root	unannotated root	True
wheat_soil_root_atlas:GSM8339904_rep1_filtered_feature_bc_matrix:AGGGTGAGTACCAGAG-1	Triticum aestivum	root	unannotated root	unannotated root	True
wheat_soil_root_atlas:GSM8339904_rep1_filtered_feature_bc_matrix:AGGTCTATCTCACGAA-1	Triticum aestivum	root	unannotated root	unannotated root	True
wheat_soil_root_atlas:GSM8339904_rep1_filtered_feature_bc_matrix:AGGTTGTAGGTTCCAT-1	Triticum aestivum	root	unannotated root	unannotated root	True
wheat_soil_root_atlas:GSM8339904_rep1_filtered_feature_bc_matrix:AGGTTGTGTCTGTCCT-1	Triticum aestivum	root	unannotated root	unannotated root	True
wheat_soil_root_atlas:GSM8339904_rep1_filtered_feature_bc_matrix:AGTAGTCCAACGCCCA-1	Triticum aestivum	root	unannotated root	unannotated root	True
wheat_soil_root_atlas:GSM8339904_rep1_filtered_feature_bc_matrix:AGTCTCCAGAAGGCTC-1	Triticum aestivum	root	unannotated root	unannotated root	True
wheat_soil_root_atlas:GSM8339904_rep1_filtered_feature_bc_matrix:AGTGCCGAGAAAGTCT-1	Triticum aestivum	root	unannotated root	unannotated root	True
wheat_soil_root_atlas:GSM8339904_rep1_filtered_feature_bc_matrix:ATACCGACACGCGTCA-1	Triticum aestivum	root	unannotated root	unannotated root	True
wheat_soil_root_atlas:GSM8339904_rep1_filtered_feature_bc_matrix:ATACCTTAGTTACGAA-1	Triticum aestivum	root	unannotated root	unannotated root	True
wheat_soil_root_atlas:GSM8339904_rep1_filtered_feature_bc_matrix:ATAGGCTCAATTCTTC-1	Triticum aestivum	root	unannotated root	unannotated root	True
wheat_soil_root_atlas:GSM8339904_rep1_filtered_feature_bc_matrix:ATCATTCTCGCTCATC-1	Triticum aestivum	root	unannotated root	unannotated root	True
wheat_soil_root_atlas:GSM8339904_rep1_filtered_feature_bc_matrix:ATCGGATCATACAGAA-1	Triticum aestivum	root	unannotated root	unannotated root	True
wheat_soil_root_atlas:GSM8339904_rep1_filtered_feature_bc_matrix:ATGAAAGCAAGGGTCA-1	Triticum aestivum	root	unannotated root	unannotated root	True
wheat_soil_root_atlas:GSM8339904_rep1_filtered_feature_bc_matrix:ATGAGTCTCTTGGTCC-1	Triticum aestivum	root	unannotated root	unannotated root	True
wheat_soil_root_atlas:GSM8339904_rep1_filtered_feature_bc_matrix:ATGATCGAGGTTACCT-1	Triticum aestivum	root	unannotated root	unannotated root	True
wheat_soil_root_atlas:GSM8339904_rep1_filtered_feature_bc_matrix:ATGGATCCAACTTGCA-1	Triticum aestivum	root	unannotated root	unannotated root	True
wheat_soil_root_atlas:GSM8339904_rep1_filtered_feature_bc_matrix:ATGGGTTCACATTGTG-1	Triticum aestivum	root	unannotated root	unannotated root	True
wheat_soil_root_atlas:GSM8339904_rep1_filtered_feature_bc_matrix:ATGGGTTGTTCGTTCC-1	Triticum aestivum	root	unannotated root	unannotated root	True
wheat_soil_root_atlas:GSM8339904_rep1_filtered_feature_bc_matrix:ATTACCTTCCCAGTGG-1	Triticum aestivum	root	unannotated root	unannotated root	True
wheat_soil_root_atlas:GSM8339904_rep1_filtered_feature_bc_matrix:ATTATCCAGACGCCAA-1	Triticum aestivum	root	unannotated root	unannotated root	True
wheat_soil_root_atlas:GSM8339904_rep1_filtered_feature_bc_matrix:ATTCATCTCATACGGT-1	Triticum aestivum	root	unannotated root	unannotated root	True
wheat_soil_root_atlas:GSM8339904_rep1_filtered_feature_bc_matrix:CAAAGAAAGTTCACTG-1	Triticum aestivum	root	unannotated root	unannotated root	True
wheat_soil_root_atlas:GSM8339904_rep1_filtered_feature_bc_matrix:CAACAACTCGCGAAGA-1	Triticum aestivum	root	unannotated root	unannotated root	True
wheat_soil_root_atlas:GSM8339904_rep1_filtered_feature_bc_matrix:CAAGGGACACTGCATA-1	Triticum aestivum	root	unannotated root	unannotated root	True
wheat_soil_root_atlas:GSM8339904_rep1_filtered_feature_bc_matrix:CACATGAAGTATAACG-1	Triticum aestivum	root	unannotated root	unannotated root	True
wheat_soil_root_atlas:GSM8339904_rep1_filtered_feature_bc_matrix:CACCAAAAGACTTCAC-1	Triticum aestivum	root	unannotated root	unannotated root	True
wheat_soil_root_atlas:GSM8339904_rep1_filtered_feature_bc_matrix:CACCGTTGTTCAGCTA-1	Triticum aestivum	root	unannotated root	unannotated root	True
wheat_soil_root_atlas:GSM8339904_rep1_filtered_feature_bc_matrix:CACGAATTCAGCACCG-1	Triticum aestivum	root	unannotated root	unannotated root	True
wheat_soil_root_atlas:GSM8339904_rep1_filtered_feature_bc_matrix:CACTAAGAGTATCCTG-1	Triticum aestivum	root	unannotated root	unannotated root	True
wheat_soil_root_atlas:GSM8339904_rep1_filtered_feature_bc_matrix:CACTGAAAGGACGCTA-1	Triticum aestivum	root	unannotated root	unannotated root	True
wheat_soil_root_atlas:GSM8339904_rep1_filtered_feature_bc_matrix:CACTGTCAGCCTATCA-1	Triticum aestivum	root	unannotated root	unannotated root	True
wheat_soil_root_atlas:GSM8339904_rep1_filtered_feature_bc_matrix:CACTTCGGTCACGCTG-1	Triticum aestivum	root	unannotated root	unannotated root	True
wheat_soil_root_atlas:GSM8339904_rep1_filtered_feature_bc_matrix:CAGCAATAGTATCCTG-1	Triticum aestivum	root	unannotated root	unannotated root	True
wheat_soil_root_atlas:GSM8339904_rep1_filtered_feature_bc_matrix:CATCCACAGAGGGTCT-1	Triticum aestivum	root	unannotated root	unannotated root	True
wheat_soil_root_atlas:GSM8339904_rep1_filtered_feature_bc_matrix:CATCCCACAAATCCCA-1	Triticum aestivum	root	unannotated root	unannotated root	True
wheat_soil_root_atlas:GSM8339904_rep1_filtered_feature_bc_matrix:CATCGCTGTGGATGAC-1	Triticum aestivum	root	unannotated root	unannotated root	True
wheat_soil_root_atlas:GSM8339904_rep1_filtered_feature_bc_matrix:CATCGGGTCCTGGGAC-1	Triticum aestivum	root	unannotated root	unannotated root	True
wheat_soil_root_atlas:GSM8339904_rep1_filtered_feature_bc_matrix:CATGGATTCCCATTTA-1	Triticum aestivum	root	unannotated root	unannotated root	True
wheat_soil_root_atlas:GSM8339904_rep1_filtered_feature_bc_matrix:CATTCTATCGTAATGC-1	Triticum aestivum	root	unannotated root	unannotated root	True
wheat_soil_root_atlas:GSM8339904_rep1_filtered_feature_bc_matrix:CCACACTCACAGCTTA-1	Triticum aestivum	root	unannotated root	unannotated root	True
wheat_soil_root_atlas:GSM8339904_rep1_filtered_feature_bc_matrix:CCACCATAGCGTCAGA-1	Triticum aestivum	root	unannotated root	unannotated root	True
wheat_soil_root_atlas:GSM8339904_rep1_filtered_feature_bc_matrix:CCACGTTCACGTTGGC-1	Triticum aestivum	root	unannotated root	unannotated root	True
wheat_soil_root_atlas:GSM8339904_rep1_filtered_feature_bc_matrix:CCATCACCACTACCCT-1	Triticum aestivum	root	unannotated root	unannotated root	True
wheat_soil_root_atlas:GSM8339904_rep1_filtered_feature_bc_matrix:CCCAACTTCAGGGATG-1	Triticum aestivum	root	unannotated root	unannotated root	True
wheat_soil_root_atlas:GSM8339904_rep1_filtered_feature_bc_matrix:CCCTCTCTCTTGCAAG-1	Triticum aestivum	root	unannotated root	unannotated root	True
wheat_soil_root_atlas:GSM8339904_rep1_filtered_feature_bc_matrix:CCCTGATCATCGCCTT-1	Triticum aestivum	root	unannotated root	unannotated root	True
wheat_soil_root_atlas:GSM8339904_rep1_filtered_feature_bc_matrix:CCGCAAGAGCCTTTCC-1	Triticum aestivum	root	unannotated root	unannotated root	True
wheat_soil_root_atlas:GSM8339904_rep1_filtered_feature_bc_matrix:CCGGTAGGTTCGGGTC-1	Triticum aestivum	root	unannotated root	unannotated root	True
wheat_soil_root_atlas:GSM8339904_rep1_filtered_feature_bc_matrix:CCGGTGATCATGCAGT-1	Triticum aestivum	root	unannotated root	unannotated root	True
wheat_soil_root_atlas:GSM8339904_rep1_filtered_feature_bc_matrix:CCGTGAGCACATTCTT-1	Triticum aestivum	root	unannotated root	unannotated root	True
wheat_soil_root_atlas:GSM8339904_rep1_filtered_feature_bc_matrix:CCTAACCAGCAACAAT-1	Triticum aestivum	root	unannotated root	unannotated root	True
wheat_soil_root_atlas:GSM8339904_rep1_filtered_feature_bc_matrix:CCTAACCGTGAGTGAC-1	Triticum aestivum	root	unannotated root	unannotated root	True
wheat_soil_root_atlas:GSM8339904_rep1_filtered_feature_bc_matrix:CCTCCAAAGAGCAAGA-1	Triticum aestivum	root	unannotated root	unannotated root	True
wheat_soil_root_atlas:GSM8339904_rep1_filtered_feature_bc_matrix:CGAAGGACACAGAGCA-1	Triticum aestivum	root	unannotated root	unannotated root	True
wheat_soil_root_atlas:GSM8339904_rep1_filtered_feature_bc_matrix:CGATGGCCACGTAACT-1	Triticum aestivum	root	unannotated root	unannotated root	True
wheat_soil_root_atlas:GSM8339904_rep1_filtered_feature_bc_matrix:CGCATAACACTTGTGA-1	Triticum aestivum	root	unannotated root	unannotated root	True
wheat_soil_root_atlas:GSM8339904_rep1_filtered_feature_bc_matrix:CGCCAGACAACAAGAT-1	Triticum aestivum	root	unannotated root	unannotated root	True
wheat_soil_root_atlas:GSM8339904_rep1_filtered_feature_bc_matrix:CGGCAGTCAGGTGTGA-1	Triticum aestivum	root	unannotated root	unannotated root	True
wheat_soil_root_atlas:GSM8339904_rep1_filtered_feature_bc_matrix:CGTAAGTGTTATGGTC-1	Triticum aestivum	root	unannotated root	unannotated root	True
wheat_soil_root_atlas:GSM8339904_rep1_filtered_feature_bc_matrix:CTACAGAAGAAGGTAG-1	Triticum aestivum	root	unannotated root	unannotated root	True
wheat_soil_root_atlas:GSM8339904_rep1_filtered_feature_bc_matrix:CTACATTTCTCGGGAC-1	Triticum aestivum	root	unannotated root	unannotated root	True
wheat_soil_root_atlas:GSM8339904_rep1_filtered_feature_bc_matrix:CTACCCATCCACGTGG-1	Triticum aestivum	root	unannotated root	unannotated root	True
wheat_soil_root_atlas:GSM8339904_rep1_filtered_feature_bc_matrix:CTACGGGTCGTGGCTG-1	Triticum aestivum	root	unannotated root	unannotated root	True
wheat_soil_root_atlas:GSM8339904_rep1_filtered_feature_bc_matrix:CTAGGTACATGGAACG-1	Triticum aestivum	root	unannotated root	unannotated root	True
wheat_soil_root_atlas:GSM8339904_rep1_filtered_feature_bc_matrix:CTCACTGTCCTTATCA-1	Triticum aestivum	root	unannotated root	unannotated root	True
wheat_soil_root_atlas:GSM8339904_rep1_filtered_feature_bc_matrix:CTCAGAAGTCTGTCCT-1	Triticum aestivum	root	unannotated root	unannotated root	True
wheat_soil_root_atlas:GSM8339904_rep1_filtered_feature_bc_matrix:CTCATTAGTGTCTCCT-1	Triticum aestivum	root	unannotated root	unannotated root	True
wheat_soil_root_atlas:GSM8339904_rep1_filtered_feature_bc_matrix:CTCCATGCACACTGGC-1	Triticum aestivum	root	unannotated root	unannotated root	True
wheat_soil_root_atlas:GSM8339904_rep1_filtered_feature_bc_matrix:CTCCCAACAATGGCCC-1	Triticum aestivum	root	unannotated root	unannotated root	True
wheat_soil_root_atlas:GSM8339904_rep1_filtered_feature_bc_matrix:CTCCGATCACACACTA-1	Triticum aestivum	root	unannotated root	unannotated root	True
wheat_soil_root_atlas:GSM8339904_rep1_filtered_feature_bc_matrix:CTCCTCCCAAATAGCA-1	Triticum aestivum	root	unannotated root	unannotated root	True
wheat_soil_root_atlas:GSM8339904_rep1_filtered_feature_bc_matrix:CTGAATGAGTGCCTCG-1	Triticum aestivum	root	unannotated root	unannotated root	True
wheat_soil_root_atlas:GSM8339904_rep1_filtered_feature_bc_matrix:CTGAATGTCGAGCACC-1	Triticum aestivum	root	unannotated root	unannotated root	True
wheat_soil_root_atlas:GSM8339904_rep1_filtered_feature_bc_matrix:CTGAGCGTCACACGAT-1	Triticum aestivum	root	unannotated root	unannotated root	True
wheat_soil_root_atlas:GSM8339904_rep1_filtered_feature_bc_matrix:CTGCAGGCACAAATAG-1	Triticum aestivum	root	unannotated root	unannotated root	True
wheat_soil_root_atlas:GSM8339904_rep1_filtered_feature_bc_matrix:CTGCAGGGTGGGAGAG-1	Triticum aestivum	root	unannotated root	unannotated root	True
wheat_soil_root_atlas:GSM8339904_rep1_filtered_feature_bc_matrix:CTGCCATCAGTACTAC-1	Triticum aestivum	root	unannotated root	unannotated root	True
wheat_soil_root_atlas:GSM8339904_rep1_filtered_feature_bc_matrix:CTGCTCACAGTAGTGG-1	Triticum aestivum	root	unannotated root	unannotated root	True
wheat_soil_root_atlas:GSM8339904_rep1_filtered_feature_bc_matrix:CTGTACCGTACAAAGT-1	Triticum aestivum	root	unannotated root	unannotated root	True
wheat_soil_root_atlas:GSM8339904_rep1_filtered_feature_bc_matrix:CTGTGGGGTCGTACAT-1	Triticum aestivum	root	unannotated root	unannotated root	True
wheat_soil_root_atlas:GSM8339904_rep1_filtered_feature_bc_matrix:CTTGATTGTAGCGAGT-1	Triticum aestivum	root	unannotated root	unannotated root	True
wheat_soil_root_atlas:GSM8339904_rep1_filtered_feature_bc_matrix:GAAATGATCAACACCA-1	Triticum aestivum	root	unannotated root	unannotated root	True
wheat_soil_root_atlas:GSM8339904_rep1_filtered_feature_bc_matrix:GAAATGATCGGAAGGT-1	Triticum aestivum	root	unannotated root	unannotated root	True
wheat_soil_root_atlas:GSM8339904_rep1_filtered_feature_bc_matrix:GAACACTCAGTCGAGA-1	Triticum aestivum	root	unannotated root	unannotated root	True
wheat_soil_root_atlas:GSM8339904_rep1_filtered_feature_bc_matrix:GAAGCCCTCTATGTGG-1	Triticum aestivum	root	unannotated root	unannotated root	True
wheat_soil_root_atlas:GSM8339904_rep1_filtered_feature_bc_matrix:GAAGCGAAGGCTATCT-1	Triticum aestivum	root	unannotated root	unannotated root	True
wheat_soil_root_atlas:GSM8339904_rep1_filtered_feature_bc_matrix:GACCCAGCACGACGTC-1	Triticum aestivum	root	unannotated root	unannotated root	True
wheat_soil_root_atlas:GSM8339904_rep1_filtered_feature_bc_matrix:GACGCTGGTGTGTGTT-1	Triticum aestivum	root	unannotated root	unannotated root	True
wheat_soil_root_atlas:GSM8339904_rep1_filtered_feature_bc_matrix:GACTCTCGTGGCGCTT-1	Triticum aestivum	root	unannotated root	unannotated root	True
wheat_soil_root_atlas:GSM8339904_rep1_filtered_feature_bc_matrix:GACTCTCTCTCGCAGG-1	Triticum aestivum	root	unannotated root	unannotated root	True
wheat_soil_root_atlas:GSM8339904_rep1_filtered_feature_bc_matrix:GACTGATCATCCTGTC-1	Triticum aestivum	root	unannotated root	unannotated root	True
wheat_soil_root_atlas:GSM8339904_rep1_filtered_feature_bc_matrix:GAGATGGTCCCGGTAG-1	Triticum aestivum	root	unannotated root	unannotated root	True
wheat_soil_root_atlas:GSM8339904_rep1_filtered_feature_bc_matrix:GAGGCAATCAGCGGAA-1	Triticum aestivum	root	unannotated root	unannotated root	True
wheat_soil_root_atlas:GSM8339904_rep1_filtered_feature_bc_matrix:GAGTTACCATCCTCAC-1	Triticum aestivum	root	unannotated root	unannotated root	True
wheat_soil_root_atlas:GSM8339904_rep1_filtered_feature_bc_matrix:GATAGAAAGCGAAACC-1	Triticum aestivum	root	unannotated root	unannotated root	True
wheat_soil_root_atlas:GSM8339904_rep1_filtered_feature_bc_matrix:GATAGAATCAAGCGTT-1	Triticum aestivum	root	unannotated root	unannotated root	True
wheat_soil_root_atlas:GSM8339904_rep1_filtered_feature_bc_matrix:GATAGCTAGCCTCACG-1	Triticum aestivum	root	unannotated root	unannotated root	True
wheat_soil_root_atlas:GSM8339904_rep1_filtered_feature_bc_matrix:GATCAGTCAAGCGCTC-1	Triticum aestivum	root	unannotated root	unannotated root	True
wheat_soil_root_atlas:GSM8339904_rep1_filtered_feature_bc_matrix:GATGCTAGTGGCTGAA-1	Triticum aestivum	root	unannotated root	unannotated root	True
wheat_soil_root_atlas:GSM8339904_rep1_filtered_feature_bc_matrix:GATTTCTAGAGCAAGA-1	Triticum aestivum	root	unannotated root	unannotated root	True
wheat_soil_root_atlas:GSM8339904_rep1_filtered_feature_bc_matrix:GCACATAAGCGACCCT-1	Triticum aestivum	root	unannotated root	unannotated root	True
wheat_soil_root_atlas:GSM8339904_rep1_filtered_feature_bc_matrix:GCAGCTGGTGTCATGT-1	Triticum aestivum	root	unannotated root	unannotated root	True
wheat_soil_root_atlas:GSM8339904_rep1_filtered_feature_bc_matrix:GCAGTTAGTCGACGCT-1	Triticum aestivum	root	unannotated root	unannotated root	True
wheat_soil_root_atlas:GSM8339904_rep1_filtered_feature_bc_matrix:GCATCGGAGTTCACTG-1	Triticum aestivum	root	unannotated root	unannotated root	True
wheat_soil_root_atlas:GSM8339904_rep1_filtered_feature_bc_matrix:GCATCTCCACTACCGG-1	Triticum aestivum	root	unannotated root	unannotated root	True
wheat_soil_root_atlas:GSM8339904_rep1_filtered_feature_bc_matrix:GCATGATTCCTGTTAT-1	Triticum aestivum	root	unannotated root	unannotated root	True
wheat_soil_root_atlas:GSM8339904_rep1_filtered_feature_bc_matrix:GCATTAGAGCTTAGTC-1	Triticum aestivum	root	unannotated root	unannotated root	True
wheat_soil_root_atlas:GSM8339904_rep1_filtered_feature_bc_matrix:GCCAGTGCACACTTAG-1	Triticum aestivum	root	unannotated root	unannotated root	True
wheat_soil_root_atlas:GSM8339904_rep1_filtered_feature_bc_matrix:GCCCGAAGTGGATGAC-1	Triticum aestivum	root	unannotated root	unannotated root	True
wheat_soil_root_atlas:GSM8339904_rep1_filtered_feature_bc_matrix:GCCTGTTAGCGGGTAT-1	Triticum aestivum	root	unannotated root	unannotated root	True
wheat_soil_root_atlas:GSM8339904_rep1_filtered_feature_bc_matrix:GCCTGTTTCCCTCATG-1	Triticum aestivum	root	unannotated root	unannotated root	True
wheat_soil_root_atlas:GSM8339904_rep1_filtered_feature_bc_matrix:GCGAGAATCACACGAT-1	Triticum aestivum	root	unannotated root	unannotated root	True
wheat_soil_root_atlas:GSM8339904_rep1_filtered_feature_bc_matrix:GCTACAAGTGAACCGA-1	Triticum aestivum	root	unannotated root	unannotated root	True
wheat_soil_root_atlas:GSM8339904_rep1_filtered_feature_bc_matrix:GCTACAATCAATCGGT-1	Triticum aestivum	root	unannotated root	unannotated root	True
wheat_soil_root_atlas:GSM8339904_rep1_filtered_feature_bc_matrix:GGAACCCGTGGAATGC-1	Triticum aestivum	root	unannotated root	unannotated root	True
wheat_soil_root_atlas:GSM8339904_rep1_filtered_feature_bc_matrix:GGAAGTGTCCCATGGG-1	Triticum aestivum	root	unannotated root	unannotated root	True
wheat_soil_root_atlas:GSM8339904_rep1_filtered_feature_bc_matrix:GGAGATGGTTGAGAGC-1	Triticum aestivum	root	unannotated root	unannotated root	True
wheat_soil_root_atlas:GSM8339904_rep1_filtered_feature_bc_matrix:GGCTGTGTCCGTAGTA-1	Triticum aestivum	root	unannotated root	unannotated root	True
wheat_soil_root_atlas:GSM8339904_rep1_filtered_feature_bc_matrix:GGGAAGTCAAGAGCTG-1	Triticum aestivum	root	unannotated root	unannotated root	True
wheat_soil_root_atlas:GSM8339904_rep1_filtered_feature_bc_matrix:GGGACTCGTACAGTAA-1	Triticum aestivum	root	unannotated root	unannotated root	True
wheat_soil_root_atlas:GSM8339904_rep1_filtered_feature_bc_matrix:GGGAGATCAGATGCGA-1	Triticum aestivum	root	unannotated root	unannotated root	True
wheat_soil_root_atlas:GSM8339904_rep1_filtered_feature_bc_matrix:GGGCCATAGGTACATA-1	Triticum aestivum	root	unannotated root	unannotated root	True
wheat_soil_root_atlas:GSM8339904_rep1_filtered_feature_bc_matrix:GGGCTACAGCTACAAA-1	Triticum aestivum	root	unannotated root	unannotated root	True
wheat_soil_root_atlas:GSM8339904_rep1_filtered_feature_bc_matrix:GGGTCTGAGGCCTTGC-1	Triticum aestivum	root	unannotated root	unannotated root	True
wheat_soil_root_atlas:GSM8339904_rep1_filtered_feature_bc_matrix:GGGTGTCCACGGAAGT-1	Triticum aestivum	root	unannotated root	unannotated root	True
wheat_soil_root_atlas:GSM8339904_rep1_filtered_feature_bc_matrix:GGGTTATCAATGAAAC-1	Triticum aestivum	root	unannotated root	unannotated root	True
wheat_soil_root_atlas:GSM8339904_rep1_filtered_feature_bc_matrix:GGTAATCAGTTCATCG-1	Triticum aestivum	root	unannotated root	unannotated root	True
wheat_soil_root_atlas:GSM8339904_rep1_filtered_feature_bc_matrix:GGTCACGGTTCGATTG-1	Triticum aestivum	root	unannotated root	unannotated root	True
wheat_soil_root_atlas:GSM8339904_rep1_filtered_feature_bc_matrix:GTAACACCAAAGTGTA-1	Triticum aestivum	root	unannotated root	unannotated root	True
wheat_soil_root_atlas:GSM8339904_rep1_filtered_feature_bc_matrix:GTAACACTCATGAAAG-1	Triticum aestivum	root	unannotated root	unannotated root	True
wheat_soil_root_atlas:GSM8339904_rep1_filtered_feature_bc_matrix:GTAACCAAGTAATACG-1	Triticum aestivum	root	unannotated root	unannotated root	True
wheat_soil_root_atlas:GSM8339904_rep1_filtered_feature_bc_matrix:GTAATCGCAGGTTCGC-1	Triticum aestivum	root	unannotated root	unannotated root	True
wheat_soil_root_atlas:GSM8339904_rep1_filtered_feature_bc_matrix:GTCACGGAGCTCACTA-1	Triticum aestivum	root	unannotated root	unannotated root	True
wheat_soil_root_atlas:GSM8339904_rep1_filtered_feature_bc_matrix:GTCATGACAGACCTAT-1	Triticum aestivum	root	unannotated root	unannotated root	True
wheat_soil_root_atlas:GSM8339904_rep1_filtered_feature_bc_matrix:GTCCCATAGATAACGT-1	Triticum aestivum	root	unannotated root	unannotated root	True
wheat_soil_root_atlas:GSM8339904_rep1_filtered_feature_bc_matrix:GTCGAATAGTAGGATT-1	Triticum aestivum	root	unannotated root	unannotated root	True
wheat_soil_root_atlas:GSM8339904_rep1_filtered_feature_bc_matrix:GTCGAATGTTTCGTTT-1	Triticum aestivum	root	unannotated root	unannotated root	True
wheat_soil_root_atlas:GSM8339904_rep1_filtered_feature_bc_matrix:GTCTAGAGTTTCGATG-1	Triticum aestivum	root	unannotated root	unannotated root	True
wheat_soil_root_atlas:GSM8339904_rep1_filtered_feature_bc_matrix:GTGAGGACAGAAATCA-1	Triticum aestivum	root	unannotated root	unannotated root	True
wheat_soil_root_atlas:GSM8339904_rep1_filtered_feature_bc_matrix:GTGGCGTTCTTACCGC-1	Triticum aestivum	root	unannotated root	unannotated root	True
wheat_soil_root_atlas:GSM8339904_rep1_filtered_feature_bc_matrix:GTGTAACTCACCCTCA-1	Triticum aestivum	root	unannotated root	unannotated root	True
wheat_soil_root_atlas:GSM8339904_rep1_filtered_feature_bc_matrix:GTGTTCCGTACTGCGC-1	Triticum aestivum	root	unannotated root	unannotated root	True
wheat_soil_root_atlas:GSM8339904_rep1_filtered_feature_bc_matrix:GTTACGACAGTCACGC-1	Triticum aestivum	root	unannotated root	unannotated root	True
wheat_soil_root_atlas:GSM8339904_rep1_filtered_feature_bc_matrix:GTTAGTGGTGTTACAC-1	Triticum aestivum	root	unannotated root	unannotated root	True
wheat_soil_root_atlas:GSM8339904_rep1_filtered_feature_bc_matrix:GTTATGGCACATTACG-1	Triticum aestivum	root	unannotated root	unannotated root	True
wheat_soil_root_atlas:GSM8339904_rep1_filtered_feature_bc_matrix:GTTATGGTCTAGCCTC-1	Triticum aestivum	root	unannotated root	unannotated root	True
wheat_soil_root_atlas:GSM8339904_rep1_filtered_feature_bc_matrix:GTTCCGTGTATAGGAT-1	Triticum aestivum	root	unannotated root	unannotated root	True
wheat_soil_root_atlas:GSM8339904_rep1_filtered_feature_bc_matrix:GTTGTAGTCAGAGCGA-1	Triticum aestivum	root	unannotated root	unannotated root	True
wheat_soil_root_atlas:GSM8339904_rep1_filtered_feature_bc_matrix:GTTGTGATCCGATAAC-1	Triticum aestivum	root	unannotated root	unannotated root	True
wheat_soil_root_atlas:GSM8339904_rep1_filtered_feature_bc_matrix:TAACCAGTCACTCACC-1	Triticum aestivum	root	unannotated root	unannotated root	True
wheat_soil_root_atlas:GSM8339904_rep1_filtered_feature_bc_matrix:TAAGCGTGTGGTCCGT-1	Triticum aestivum	root	unannotated root	unannotated root	True
wheat_soil_root_atlas:GSM8339904_rep1_filtered_feature_bc_matrix:TAATCTCCAAGTCGTT-1	Triticum aestivum	root	unannotated root	unannotated root	True
wheat_soil_root_atlas:GSM8339904_rep1_filtered_feature_bc_matrix:TAATCTCTCGAGTTGT-1	Triticum aestivum	root	unannotated root	unannotated root	True
wheat_soil_root_atlas:GSM8339904_rep1_filtered_feature_bc_matrix:TACCGAAAGATCGACG-1	Triticum aestivum	root	unannotated root	unannotated root	True
wheat_soil_root_atlas:GSM8339904_rep1_filtered_feature_bc_matrix:TACCGGGTCCGTCACT-1	Triticum aestivum	root	unannotated root	unannotated root	True
wheat_soil_root_atlas:GSM8339904_rep1_filtered_feature_bc_matrix:TACCTGCTCGAACTCA-1	Triticum aestivum	root	unannotated root	unannotated root	True
wheat_soil_root_atlas:GSM8339904_rep1_filtered_feature_bc_matrix:TAGGTACTCAAGCCAT-1	Triticum aestivum	root	unannotated root	unannotated root	True
wheat_soil_root_atlas:GSM8339904_rep1_filtered_feature_bc_matrix:TATCTTGAGTCAACAA-1	Triticum aestivum	root	unannotated root	unannotated root	True
wheat_soil_root_atlas:GSM8339904_rep1_filtered_feature_bc_matrix:TATGTTCGTTACACTG-1	Triticum aestivum	root	unannotated root	unannotated root	True
wheat_soil_root_atlas:GSM8339904_rep1_filtered_feature_bc_matrix:TATTTCGTCTCTATAC-1	Triticum aestivum	root	unannotated root	unannotated root	True
wheat_soil_root_atlas:GSM8339904_rep1_filtered_feature_bc_matrix:TCAAGCAAGCATGCGA-1	Triticum aestivum	root	unannotated root	unannotated root	True
wheat_soil_root_atlas:GSM8339904_rep1_filtered_feature_bc_matrix:TCAAGTGAGACCTCAT-1	Triticum aestivum	root	unannotated root	unannotated root	True
wheat_soil_root_atlas:GSM8339904_rep1_filtered_feature_bc_matrix:TCAATCTGTAGCGCCT-1	Triticum aestivum	root	unannotated root	unannotated root	True
wheat_soil_root_atlas:GSM8339904_rep1_filtered_feature_bc_matrix:TCACAAGCATCCAACA-1	Triticum aestivum	root	unannotated root	unannotated root	True
wheat_soil_root_atlas:GSM8339904_rep1_filtered_feature_bc_matrix:TCACATTTCACGGGCT-1	Triticum aestivum	root	unannotated root	unannotated root	True
wheat_soil_root_atlas:GSM8339904_rep1_filtered_feature_bc_matrix:TCAGCAAAGCCTGACC-1	Triticum aestivum	root	unannotated root	unannotated root	True
wheat_soil_root_atlas:GSM8339904_rep1_filtered_feature_bc_matrix:TCAGCCTCAGCGTGCT-1	Triticum aestivum	root	unannotated root	unannotated root	True
wheat_soil_root_atlas:GSM8339904_rep1_filtered_feature_bc_matrix:TCAGTCCTCACCTACC-1	Triticum aestivum	root	unannotated root	unannotated root	True
wheat_soil_root_atlas:GSM8339904_rep1_filtered_feature_bc_matrix:TCATATCTCACCATCC-1	Triticum aestivum	root	unannotated root	unannotated root	True
wheat_soil_root_atlas:GSM8339904_rep1_filtered_feature_bc_matrix:TCATTTGAGGGCCAAT-1	Triticum aestivum	root	unannotated root	unannotated root	True
wheat_soil_root_atlas:GSM8339904_rep1_filtered_feature_bc_matrix:TCCACGTGTCCGGCAT-1	Triticum aestivum	root	unannotated root	unannotated root	True
wheat_soil_root_atlas:GSM8339904_rep1_filtered_feature_bc_matrix:TCCCACATCGATTGAC-1	Triticum aestivum	root	unannotated root	unannotated root	True
wheat_soil_root_atlas:GSM8339904_rep1_filtered_feature_bc_matrix:TCCGAAACACGACAGA-1	Triticum aestivum	root	unannotated root	unannotated root	True
wheat_soil_root_atlas:GSM8339904_rep1_filtered_feature_bc_matrix:TCCGGGAAGACTACGG-1	Triticum aestivum	root	unannotated root	unannotated root	True
wheat_soil_root_atlas:GSM8339904_rep1_filtered_feature_bc_matrix:TCCTCGACACTTGTGA-1	Triticum aestivum	root	unannotated root	unannotated root	True
wheat_soil_root_atlas:GSM8339904_rep1_filtered_feature_bc_matrix:TCCTGCAAGTAGACCG-1	Triticum aestivum	root	unannotated root	unannotated root	True
wheat_soil_root_atlas:GSM8339904_rep1_filtered_feature_bc_matrix:TCGACCTCAGCTATTG-1	Triticum aestivum	root	unannotated root	unannotated root	True
wheat_soil_root_atlas:GSM8339904_rep1_filtered_feature_bc_matrix:TCGGATAGTACCCGCA-1	Triticum aestivum	root	unannotated root	unannotated root	True
wheat_soil_root_atlas:GSM8339904_rep1_filtered_feature_bc_matrix:TCGGGACAGGAGGTTC-1	Triticum aestivum	root	unannotated root	unannotated root	True
wheat_soil_root_atlas:GSM8339904_rep1_filtered_feature_bc_matrix:TCGTAGACAGTGTGGA-1	Triticum aestivum	root	unannotated root	unannotated root	True
wheat_soil_root_atlas:GSM8339904_rep1_filtered_feature_bc_matrix:TCGTAGATCTCGTGGG-1	Triticum aestivum	root	unannotated root	unannotated root	True
wheat_soil_root_atlas:GSM8339904_rep1_filtered_feature_bc_matrix:TCTATCAGTGGTCTGC-1	Triticum aestivum	root	unannotated root	unannotated root	True
wheat_soil_root_atlas:GSM8339904_rep1_filtered_feature_bc_matrix:TCTCACGTCAGCTCTC-1	Triticum aestivum	root	unannotated root	unannotated root	True
wheat_soil_root_atlas:GSM8339904_rep1_filtered_feature_bc_matrix:TCTCACGTCCATTGGA-1	Triticum aestivum	root	unannotated root	unannotated root	True
wheat_soil_root_atlas:GSM8339904_rep1_filtered_feature_bc_matrix:TCTCCGAAGACGTCCC-1	Triticum aestivum	root	unannotated root	unannotated root	True
wheat_soil_root_atlas:GSM8339904_rep1_filtered_feature_bc_matrix:TCTCCGAGTCAATCTG-1	Triticum aestivum	root	unannotated root	unannotated root	True
wheat_soil_root_atlas:GSM8339904_rep1_filtered_feature_bc_matrix:TCTCTGGGTCACTACA-1	Triticum aestivum	root	unannotated root	unannotated root	True
wheat_soil_root_atlas:GSM8339904_rep1_filtered_feature_bc_matrix:TCTTAGTCAACACAAA-1	Triticum aestivum	root	unannotated root	unannotated root	True
wheat_soil_root_atlas:GSM8339904_rep1_filtered_feature_bc_matrix:TCTTAGTCAACGGCCT-1	Triticum aestivum	root	unannotated root	unannotated root	True
wheat_soil_root_atlas:GSM8339904_rep1_filtered_feature_bc_matrix:TGAGGAGTCCAAGCTA-1	Triticum aestivum	root	unannotated root	unannotated root	True
wheat_soil_root_atlas:GSM8339904_rep1_filtered_feature_bc_matrix:TGAGGTTAGGATCACG-1	Triticum aestivum	root	unannotated root	unannotated root	True
wheat_soil_root_atlas:GSM8339904_rep1_filtered_feature_bc_matrix:TGATCTTCACGCTGAC-1	Triticum aestivum	root	unannotated root	unannotated root	True
wheat_soil_root_atlas:GSM8339904_rep1_filtered_feature_bc_matrix:TGATTTCGTCTGTAAC-1	Triticum aestivum	root	unannotated root	unannotated root	True
wheat_soil_root_atlas:GSM8339904_rep1_filtered_feature_bc_matrix:TGCAGATAGACCAGCA-1	Triticum aestivum	root	unannotated root	unannotated root	True
wheat_soil_root_atlas:GSM8339904_rep1_filtered_feature_bc_matrix:TGCAGTAGTCCACTTC-1	Triticum aestivum	root	unannotated root	unannotated root	True
wheat_soil_root_atlas:GSM8339904_rep1_filtered_feature_bc_matrix:TGCTTCGAGCGGCTCT-1	Triticum aestivum	root	unannotated root	unannotated root	True
wheat_soil_root_atlas:GSM8339904_rep1_filtered_feature_bc_matrix:TGGAACTTCGCGGACT-1	Triticum aestivum	root	unannotated root	unannotated root	True
wheat_soil_root_atlas:GSM8339904_rep1_filtered_feature_bc_matrix:TGGGTTAAGACTGAGC-1	Triticum aestivum	root	unannotated root	unannotated root	True
wheat_soil_root_atlas:GSM8339904_rep1_filtered_feature_bc_matrix:TGGTACAAGCCACCGT-1	Triticum aestivum	root	unannotated root	unannotated root	True
wheat_soil_root_atlas:GSM8339904_rep1_filtered_feature_bc_matrix:TGGTACATCTTCGTAT-1	Triticum aestivum	root	unannotated root	unannotated root	True
wheat_soil_root_atlas:GSM8339904_rep1_filtered_feature_bc_matrix:TGGTAGTCAGAAATCA-1	Triticum aestivum	root	unannotated root	unannotated root	True
wheat_soil_root_atlas:GSM8339904_rep1_filtered_feature_bc_matrix:TGGTAGTTCAGCGCGT-1	Triticum aestivum	root	unannotated root	unannotated root	True
wheat_soil_root_atlas:GSM8339904_rep1_filtered_feature_bc_matrix:TGGTTAGTCGACGCTG-1	Triticum aestivum	root	unannotated root	unannotated root	True
wheat_soil_root_atlas:GSM8339904_rep1_filtered_feature_bc_matrix:TGTGATGAGTCACGAG-1	Triticum aestivum	root	unannotated root	unannotated root	True
wheat_soil_root_atlas:GSM8339904_rep1_filtered_feature_bc_matrix:TGTGGCGAGACGCTCC-1	Triticum aestivum	root	unannotated root	unannotated root	True
wheat_soil_root_atlas:GSM8339904_rep1_filtered_feature_bc_matrix:TGTGGCGAGAGGGTAA-1	Triticum aestivum	root	unannotated root	unannotated root	True
wheat_soil_root_atlas:GSM8339904_rep1_filtered_feature_bc_matrix:TTACAGGCACCACATA-1	Triticum aestivum	root	unannotated root	unannotated root	True
wheat_soil_root_atlas:GSM8339904_rep1_filtered_feature_bc_matrix:TTAGGGTAGAGGCCAT-1	Triticum aestivum	root	unannotated root	unannotated root	True
wheat_soil_root_atlas:GSM8339904_rep1_filtered_feature_bc_matrix:TTATTGCAGATTTGCC-1	Triticum aestivum	root	unannotated root	unannotated root	True
wheat_soil_root_atlas:GSM8339904_rep1_filtered_feature_bc_matrix:TTCCTAATCATAGGCT-1	Triticum aestivum	root	unannotated root	unannotated root	True
wheat_soil_root_atlas:GSM8339904_rep1_filtered_feature_bc_matrix:TTCTAGTTCGCCGATG-1	Triticum aestivum	root	unannotated root	unannotated root	True
wheat_soil_root_atlas:GSM8339904_rep1_filtered_feature_bc_matrix:TTGAACGCACCCTGAG-1	Triticum aestivum	root	unannotated root	unannotated root	True
wheat_soil_root_atlas:GSM8339904_rep1_filtered_feature_bc_matrix:TTGAACGCATCTAACG-1	Triticum aestivum	root	unannotated root	unannotated root	True
wheat_soil_root_atlas:GSM8339904_rep1_filtered_feature_bc_matrix:TTGGGATCAGTGTGGA-1	Triticum aestivum	root	unannotated root	unannotated root	True
wheat_soil_root_atlas:GSM8339904_rep1_filtered_feature_bc_matrix:TTGTGTTTCGCTAGCG-1	Triticum aestivum	root	unannotated root	unannotated root	True
wheat_soil_root_atlas:GSM8339904_rep1_filtered_feature_bc_matrix:TTGTTCATCGGAATGG-1	Triticum aestivum	root	unannotated root	unannotated root	True
wheat_soil_root_atlas:GSM8339904_rep1_filtered_feature_bc_matrix:TTTAGTCCAGCGTGCT-1	Triticum aestivum	root	unannotated root	unannotated root	True
wheat_soil_root_atlas:GSM8339904_rep1_filtered_feature_bc_matrix:TTTCCTCCATACCAGT-1	Triticum aestivum	root	unannotated root	unannotated root	True
brassicaceae_multi_species_root_atlas:GSM8302004_Ath_Root_Ctrl_scRNAseq_R1:AAACCCACAGATTCGT-1	Arabidopsis thaliana	root	unannotated root	unannotated root	True
brassicaceae_multi_species_root_atlas:GSM8302004_Ath_Root_Ctrl_scRNAseq_R1:AAAGGGCCAAGCCCAC-1	Arabidopsis thaliana	root	unannotated root	unannotated root	True
brassicaceae_multi_species_root_atlas:GSM8302004_Ath_Root_Ctrl_scRNAseq_R1:AACAGGGCATGACAGG-1	Arabidopsis thaliana	root	unannotated root	unannotated root	True
brassicaceae_multi_species_root_atlas:GSM8302004_Ath_Root_Ctrl_scRNAseq_R1:AACCACAGTCACCGCA-1	Arabidopsis thaliana	root	unannotated root	unannotated root	True
brassicaceae_multi_species_root_atlas:GSM8302004_Ath_Root_Ctrl_scRNAseq_R1:AAGCATCCAATTGCGT-1	Arabidopsis thaliana	root	unannotated root	unannotated root	True
brassicaceae_multi_species_root_atlas:GSM8302004_Ath_Root_Ctrl_scRNAseq_R1:AATTCCTAGCATACTC-1	Arabidopsis thaliana	root	unannotated root	unannotated root	True
brassicaceae_multi_species_root_atlas:GSM8302004_Ath_Root_Ctrl_scRNAseq_R1:ACACTGACACTACTTT-1	Arabidopsis thaliana	root	unannotated root	unannotated root	True
brassicaceae_multi_species_root_atlas:GSM8302004_Ath_Root_Ctrl_scRNAseq_R1:ACGCACGTCGTAGCTA-1	Arabidopsis thaliana	root	unannotated root	unannotated root	True
brassicaceae_multi_species_root_atlas:GSM8302004_Ath_Root_Ctrl_scRNAseq_R1:ACTACGAGTTGCATCA-1	Arabidopsis thaliana	root	unannotated root	unannotated root	True
brassicaceae_multi_species_root_atlas:GSM8302004_Ath_Root_Ctrl_scRNAseq_R1:ACTTATCAGGATTTAG-1	Arabidopsis thaliana	root	unannotated root	unannotated root	True
brassicaceae_multi_species_root_atlas:GSM8302004_Ath_Root_Ctrl_scRNAseq_R1:ACTTTGTAGAAGCCAC-1	Arabidopsis thaliana	root	unannotated root	unannotated root	True
brassicaceae_multi_species_root_atlas:GSM8302004_Ath_Root_Ctrl_scRNAseq_R1:AGAACAAGTTCAGCTA-1	Arabidopsis thaliana	root	unannotated root	unannotated root	True
brassicaceae_multi_species_root_atlas:GSM8302004_Ath_Root_Ctrl_scRNAseq_R1:AGCTACACACCCAATA-1	Arabidopsis thaliana	root	unannotated root	unannotated root	True
brassicaceae_multi_species_root_atlas:GSM8302004_Ath_Root_Ctrl_scRNAseq_R1:AGGTCATGTGGTAATA-1	Arabidopsis thaliana	root	unannotated root	unannotated root	True
brassicaceae_multi_species_root_atlas:GSM8302004_Ath_Root_Ctrl_scRNAseq_R1:AGTGATCAGTCTTCGA-1	Arabidopsis thaliana	root	unannotated root	unannotated root	True
brassicaceae_multi_species_root_atlas:GSM8302004_Ath_Root_Ctrl_scRNAseq_R1:ATCACGAGTGCTAGCC-1	Arabidopsis thaliana	root	unannotated root	unannotated root	True
brassicaceae_multi_species_root_atlas:GSM8302004_Ath_Root_Ctrl_scRNAseq_R1:CAGATCAGTTCGGCGT-1	Arabidopsis thaliana	root	unannotated root	unannotated root	True
brassicaceae_multi_species_root_atlas:GSM8302004_Ath_Root_Ctrl_scRNAseq_R1:CATGCAAGTAATTGGA-1	Arabidopsis thaliana	root	unannotated root	unannotated root	True
brassicaceae_multi_species_root_atlas:GSM8302004_Ath_Root_Ctrl_scRNAseq_R1:CATGCCTTCGTACACA-1	Arabidopsis thaliana	root	unannotated root	unannotated root	True
brassicaceae_multi_species_root_atlas:GSM8302004_Ath_Root_Ctrl_scRNAseq_R1:CATGCTCTCTCCAAGA-1	Arabidopsis thaliana	root	unannotated root	unannotated root	True
brassicaceae_multi_species_root_atlas:GSM8302004_Ath_Root_Ctrl_scRNAseq_R1:CATGGTACAGGGACTA-1	Arabidopsis thaliana	root	unannotated root	unannotated root	True
brassicaceae_multi_species_root_atlas:GSM8302004_Ath_Root_Ctrl_scRNAseq_R1:CATTTCACAAGTGGGT-1	Arabidopsis thaliana	root	unannotated root	unannotated root	True
brassicaceae_multi_species_root_atlas:GSM8302004_Ath_Root_Ctrl_scRNAseq_R1:CCACAAACAATTCTTC-1	Arabidopsis thaliana	root	unannotated root	unannotated root	True
brassicaceae_multi_species_root_atlas:GSM8302004_Ath_Root_Ctrl_scRNAseq_R1:CCGGTAGAGTGAGTGC-1	Arabidopsis thaliana	root	unannotated root	unannotated root	True
brassicaceae_multi_species_root_atlas:GSM8302004_Ath_Root_Ctrl_scRNAseq_R1:CCGGTAGTCAAGGTGG-1	Arabidopsis thaliana	root	unannotated root	unannotated root	True
brassicaceae_multi_species_root_atlas:GSM8302004_Ath_Root_Ctrl_scRNAseq_R1:CCTAAGAAGAAGGGAT-1	Arabidopsis thaliana	root	unannotated root	unannotated root	True
brassicaceae_multi_species_root_atlas:GSM8302004_Ath_Root_Ctrl_scRNAseq_R1:CGAGTTATCAACGAGG-1	Arabidopsis thaliana	root	unannotated root	unannotated root	True
brassicaceae_multi_species_root_atlas:GSM8302004_Ath_Root_Ctrl_scRNAseq_R1:CGGGACTGTCAACCAT-1	Arabidopsis thaliana	root	unannotated root	unannotated root	True
brassicaceae_multi_species_root_atlas:GSM8302004_Ath_Root_Ctrl_scRNAseq_R1:CGTAATGTCCTTCTGG-1	Arabidopsis thaliana	root	unannotated root	unannotated root	True
brassicaceae_multi_species_root_atlas:GSM8302004_Ath_Root_Ctrl_scRNAseq_R1:CTACCCACACGGGTAA-1	Arabidopsis thaliana	root	unannotated root	unannotated root	True
brassicaceae_multi_species_root_atlas:GSM8302004_Ath_Root_Ctrl_scRNAseq_R1:CTCACTGCATCAGTGT-1	Arabidopsis thaliana	root	unannotated root	unannotated root	True
brassicaceae_multi_species_root_atlas:GSM8302004_Ath_Root_Ctrl_scRNAseq_R1:CTCAGAATCCATCGTC-1	Arabidopsis thaliana	root	unannotated root	unannotated root	True
brassicaceae_multi_species_root_atlas:GSM8302004_Ath_Root_Ctrl_scRNAseq_R1:CTCTCAGTCGGAGTAG-1	Arabidopsis thaliana	root	unannotated root	unannotated root	True
brassicaceae_multi_species_root_atlas:GSM8302004_Ath_Root_Ctrl_scRNAseq_R1:GAACTGTTCTCACTCG-1	Arabidopsis thaliana	root	unannotated root	unannotated root	True
brassicaceae_multi_species_root_atlas:GSM8302004_Ath_Root_Ctrl_scRNAseq_R1:GAATAGATCATTCACT-1	Arabidopsis thaliana	root	unannotated root	unannotated root	True
brassicaceae_multi_species_root_atlas:GSM8302004_Ath_Root_Ctrl_scRNAseq_R1:GACGTTAAGGGCATGT-1	Arabidopsis thaliana	root	unannotated root	unannotated root	True
brassicaceae_multi_species_root_atlas:GSM8302004_Ath_Root_Ctrl_scRNAseq_R1:GAGATGGGTATACAGA-1	Arabidopsis thaliana	root	unannotated root	unannotated root	True
brassicaceae_multi_species_root_atlas:GSM8302004_Ath_Root_Ctrl_scRNAseq_R1:GCAACATCACTCACTC-1	Arabidopsis thaliana	root	unannotated root	unannotated root	True
brassicaceae_multi_species_root_atlas:GSM8302004_Ath_Root_Ctrl_scRNAseq_R1:GGATGTTGTACCCAGC-1	Arabidopsis thaliana	root	unannotated root	unannotated root	True
brassicaceae_multi_species_root_atlas:GSM8302004_Ath_Root_Ctrl_scRNAseq_R1:GTAAGTCAGAGTCAAT-1	Arabidopsis thaliana	root	unannotated root	unannotated root	True
brassicaceae_multi_species_root_atlas:GSM8302004_Ath_Root_Ctrl_scRNAseq_R1:GTAGTACGTCATCGCG-1	Arabidopsis thaliana	root	unannotated root	unannotated root	True
brassicaceae_multi_species_root_atlas:GSM8302004_Ath_Root_Ctrl_scRNAseq_R1:GTGTAACGTGATACAA-1	Arabidopsis thaliana	root	unannotated root	unannotated root	True
brassicaceae_multi_species_root_atlas:GSM8302004_Ath_Root_Ctrl_scRNAseq_R1:GTTTACTAGTGAGTGC-1	Arabidopsis thaliana	root	unannotated root	unannotated root	True
brassicaceae_multi_species_root_atlas:GSM8302004_Ath_Root_Ctrl_scRNAseq_R1:TAACGACTCGAGTCTA-1	Arabidopsis thaliana	root	unannotated root	unannotated root	True
brassicaceae_multi_species_root_atlas:GSM8302004_Ath_Root_Ctrl_scRNAseq_R1:TACACCCGTATTCTCT-1	Arabidopsis thaliana	root	unannotated root	unannotated root	True
brassicaceae_multi_species_root_atlas:GSM8302004_Ath_Root_Ctrl_scRNAseq_R1:TACCCACAGCACTCTA-1	Arabidopsis thaliana	root	unannotated root	unannotated root	True
brassicaceae_multi_species_root_atlas:GSM8302004_Ath_Root_Ctrl_scRNAseq_R1:TACGGGCTCTAAACGC-1	Arabidopsis thaliana	root	unannotated root	unannotated root	True
brassicaceae_multi_species_root_atlas:GSM8302004_Ath_Root_Ctrl_scRNAseq_R1:TATCGCCAGCGATGCA-1	Arabidopsis thaliana	root	unannotated root	unannotated root	True
brassicaceae_multi_species_root_atlas:GSM8302004_Ath_Root_Ctrl_scRNAseq_R1:TATCTGTCACGTAGTT-1	Arabidopsis thaliana	root	unannotated root	unannotated root	True
brassicaceae_multi_species_root_atlas:GSM8302004_Ath_Root_Ctrl_scRNAseq_R1:TCACACCCACCTCTGT-1	Arabidopsis thaliana	root	unannotated root	unannotated root	True
brassicaceae_multi_species_root_atlas:GSM8302004_Ath_Root_Ctrl_scRNAseq_R1:TCCACGTGTCCTTAAG-1	Arabidopsis thaliana	root	unannotated root	unannotated root	True
brassicaceae_multi_species_root_atlas:GSM8302004_Ath_Root_Ctrl_scRNAseq_R1:TCCTCTTTCTTGGATG-1	Arabidopsis thaliana	root	unannotated root	unannotated root	True
brassicaceae_multi_species_root_atlas:GSM8302004_Ath_Root_Ctrl_scRNAseq_R1:TCGTCCATCGACTCCT-1	Arabidopsis thaliana	root	unannotated root	unannotated root	True
brassicaceae_multi_species_root_atlas:GSM8302004_Ath_Root_Ctrl_scRNAseq_R1:TCTCACGTCAACTTTC-1	Arabidopsis thaliana	root	unannotated root	unannotated root	True
brassicaceae_multi_species_root_atlas:GSM8302004_Ath_Root_Ctrl_scRNAseq_R1:TCTTTGAGTACTCCCT-1	Arabidopsis thaliana	root	unannotated root	unannotated root	True
brassicaceae_multi_species_root_atlas:GSM8302004_Ath_Root_Ctrl_scRNAseq_R1:TGACCCTTCAGTCAGT-1	Arabidopsis thaliana	root	unannotated root	unannotated root	True
brassicaceae_multi_species_root_atlas:GSM8302004_Ath_Root_Ctrl_scRNAseq_R1:TGTTGAGCACAACGTT-1	Arabidopsis thaliana	root	unannotated root	unannotated root	True
brassicaceae_multi_species_root_atlas:GSM8302004_Ath_Root_Ctrl_scRNAseq_R1:TGTTGGATCGTGCAGC-1	Arabidopsis thaliana	root	unannotated root	unannotated root	True
brassicaceae_multi_species_root_atlas:GSM8302004_Ath_Root_Ctrl_scRNAseq_R1:TTCGGTCGTTGCCGAC-1	Arabidopsis thaliana	root	unannotated root	unannotated root	True
brassicaceae_multi_species_root_atlas:GSM8302004_Ath_Root_Ctrl_scRNAseq_R1:TTGCTGCGTTAAACCC-1	Arabidopsis thaliana	root	unannotated root	unannotated root	True
brassicaceae_multi_species_root_atlas:GSM8302004_Ath_Root_Ctrl_scRNAseq_R1:TTTATGCCAAAGGAGA-1	Arabidopsis thaliana	root	unannotated root	unannotated root	True
brassicaceae_multi_species_root_atlas:GSM8302004_Ath_Root_Ctrl_scRNAseq_R1:TTTGGAGCAACCAGAG-1	Arabidopsis thaliana	root	unannotated root	unannotated root	True
brassicaceae_multi_species_root_atlas:GSM8302010_Esa_Root_Ctrl_scRNAseq_R1:AAAGGGCGTACCCGAC-1	Eutrema salsugineum	root	unannotated root	unannotated root	True
brassicaceae_multi_species_root_atlas:GSM8302010_Esa_Root_Ctrl_scRNAseq_R1:AAATGGAGTTAAAGTG-1	Eutrema salsugineum	root	unannotated root	unannotated root	True
brassicaceae_multi_species_root_atlas:GSM8302010_Esa_Root_Ctrl_scRNAseq_R1:AAGTTCGCAGAGACTG-1	Eutrema salsugineum	root	unannotated root	unannotated root	True
brassicaceae_multi_species_root_atlas:GSM8302010_Esa_Root_Ctrl_scRNAseq_R1:ACGATCAGTATGGGAC-1	Eutrema salsugineum	root	unannotated root	unannotated root	True
brassicaceae_multi_species_root_atlas:GSM8302010_Esa_Root_Ctrl_scRNAseq_R1:ACGGGTCCATGAGTAA-1	Eutrema salsugineum	root	unannotated root	unannotated root	True
brassicaceae_multi_species_root_atlas:GSM8302010_Esa_Root_Ctrl_scRNAseq_R1:ACGTACACAGACATCT-1	Eutrema salsugineum	root	unannotated root	unannotated root	True
brassicaceae_multi_species_root_atlas:GSM8302010_Esa_Root_Ctrl_scRNAseq_R1:ACGTTCCCAAGCACCC-1	Eutrema salsugineum	root	unannotated root	unannotated root	True
brassicaceae_multi_species_root_atlas:GSM8302010_Esa_Root_Ctrl_scRNAseq_R1:ACTGATGGTCGTGGTC-1	Eutrema salsugineum	root	unannotated root	unannotated root	True
brassicaceae_multi_species_root_atlas:GSM8302010_Esa_Root_Ctrl_scRNAseq_R1:ACTGCAATCGCAGATT-1	Eutrema salsugineum	root	unannotated root	unannotated root	True
brassicaceae_multi_species_root_atlas:GSM8302010_Esa_Root_Ctrl_scRNAseq_R1:ACTGTGAGTGATTCAC-1	Eutrema salsugineum	root	unannotated root	unannotated root	True
brassicaceae_multi_species_root_atlas:GSM8302010_Esa_Root_Ctrl_scRNAseq_R1:ACTTATCGTGTCTCCT-1	Eutrema salsugineum	root	unannotated root	unannotated root	True
brassicaceae_multi_species_root_atlas:GSM8302010_Esa_Root_Ctrl_scRNAseq_R1:AGAGCAGAGGGCTTCC-1	Eutrema salsugineum	root	unannotated root	unannotated root	True
brassicaceae_multi_species_root_atlas:GSM8302010_Esa_Root_Ctrl_scRNAseq_R1:AGGAGGTGTTTCGGCG-1	Eutrema salsugineum	root	unannotated root	unannotated root	True
brassicaceae_multi_species_root_atlas:GSM8302010_Esa_Root_Ctrl_scRNAseq_R1:AGTCATGTCTCCCAAC-1	Eutrema salsugineum	root	unannotated root	unannotated root	True
brassicaceae_multi_species_root_atlas:GSM8302010_Esa_Root_Ctrl_scRNAseq_R1:ATACTTCCAGCAGTAG-1	Eutrema salsugineum	root	unannotated root	unannotated root	True
brassicaceae_multi_species_root_atlas:GSM8302010_Esa_Root_Ctrl_scRNAseq_R1:ATTATCCTCTGCCCTA-1	Eutrema salsugineum	root	unannotated root	unannotated root	True
brassicaceae_multi_species_root_atlas:GSM8302010_Esa_Root_Ctrl_scRNAseq_R1:CACGAATCAACCAACT-1	Eutrema salsugineum	root	unannotated root	unannotated root	True
brassicaceae_multi_species_root_atlas:GSM8302010_Esa_Root_Ctrl_scRNAseq_R1:CACGTTCTCTGCGGCA-1	Eutrema salsugineum	root	unannotated root	unannotated root	True
brassicaceae_multi_species_root_atlas:GSM8302010_Esa_Root_Ctrl_scRNAseq_R1:CATGCCTCAGCCTTCT-1	Eutrema salsugineum	root	unannotated root	unannotated root	True
brassicaceae_multi_species_root_atlas:GSM8302010_Esa_Root_Ctrl_scRNAseq_R1:CCATCACAGCGAGGAG-1	Eutrema salsugineum	root	unannotated root	unannotated root	True
brassicaceae_multi_species_root_atlas:GSM8302010_Esa_Root_Ctrl_scRNAseq_R1:CCTCTAGTCTGAGAAA-1	Eutrema salsugineum	root	unannotated root	unannotated root	True
brassicaceae_multi_species_root_atlas:GSM8302010_Esa_Root_Ctrl_scRNAseq_R1:CGAAGTTTCACGGGCT-1	Eutrema salsugineum	root	unannotated root	unannotated root	True
brassicaceae_multi_species_root_atlas:GSM8302010_Esa_Root_Ctrl_scRNAseq_R1:CGACAGCGTGACCGTC-1	Eutrema salsugineum	root	unannotated root	unannotated root	True
brassicaceae_multi_species_root_atlas:GSM8302010_Esa_Root_Ctrl_scRNAseq_R1:CGGGCATGTTGGAGAC-1	Eutrema salsugineum	root	unannotated root	unannotated root	True
brassicaceae_multi_species_root_atlas:GSM8302010_Esa_Root_Ctrl_scRNAseq_R1:CGTGTCTAGCCGAATG-1	Eutrema salsugineum	root	unannotated root	unannotated root	True
brassicaceae_multi_species_root_atlas:GSM8302010_Esa_Root_Ctrl_scRNAseq_R1:CTGCAGGAGACAGCGT-1	Eutrema salsugineum	root	unannotated root	unannotated root	True
brassicaceae_multi_species_root_atlas:GSM8302010_Esa_Root_Ctrl_scRNAseq_R1:CTGCATCAGAGGGTGG-1	Eutrema salsugineum	root	unannotated root	unannotated root	True
brassicaceae_multi_species_root_atlas:GSM8302010_Esa_Root_Ctrl_scRNAseq_R1:CTTCCGAAGGATTACA-1	Eutrema salsugineum	root	unannotated root	unannotated root	True
brassicaceae_multi_species_root_atlas:GSM8302010_Esa_Root_Ctrl_scRNAseq_R1:GAACACTCAGCTATTG-1	Eutrema salsugineum	root	unannotated root	unannotated root	True
brassicaceae_multi_species_root_atlas:GSM8302010_Esa_Root_Ctrl_scRNAseq_R1:GAATAGAAGGGACCAT-1	Eutrema salsugineum	root	unannotated root	unannotated root	True
brassicaceae_multi_species_root_atlas:GSM8302010_Esa_Root_Ctrl_scRNAseq_R1:GACTTCCGTGGCATCC-1	Eutrema salsugineum	root	unannotated root	unannotated root	True
brassicaceae_multi_species_root_atlas:GSM8302010_Esa_Root_Ctrl_scRNAseq_R1:GAGTGAGAGACGATAT-1	Eutrema salsugineum	root	unannotated root	unannotated root	True
brassicaceae_multi_species_root_atlas:GSM8302010_Esa_Root_Ctrl_scRNAseq_R1:GATAGAAAGGATAATC-1	Eutrema salsugineum	root	unannotated root	unannotated root	True
brassicaceae_multi_species_root_atlas:GSM8302010_Esa_Root_Ctrl_scRNAseq_R1:GCTCAAAGTGATCATC-1	Eutrema salsugineum	root	unannotated root	unannotated root	True
brassicaceae_multi_species_root_atlas:GSM8302010_Esa_Root_Ctrl_scRNAseq_R1:GCTTTCGGTGATACTC-1	Eutrema salsugineum	root	unannotated root	unannotated root	True
brassicaceae_multi_species_root_atlas:GSM8302010_Esa_Root_Ctrl_scRNAseq_R1:GGAGGTATCCTCTAGC-1	Eutrema salsugineum	root	unannotated root	unannotated root	True
brassicaceae_multi_species_root_atlas:GSM8302010_Esa_Root_Ctrl_scRNAseq_R1:GGCAGTCCAGACCTAT-1	Eutrema salsugineum	root	unannotated root	unannotated root	True
brassicaceae_multi_species_root_atlas:GSM8302010_Esa_Root_Ctrl_scRNAseq_R1:GGTGGCTCACTTCTCG-1	Eutrema salsugineum	root	unannotated root	unannotated root	True
brassicaceae_multi_species_root_atlas:GSM8302010_Esa_Root_Ctrl_scRNAseq_R1:GGTTAACGTGGCACTC-1	Eutrema salsugineum	root	unannotated root	unannotated root	True
brassicaceae_multi_species_root_atlas:GSM8302010_Esa_Root_Ctrl_scRNAseq_R1:GTAGAGGAGGTCCCTG-1	Eutrema salsugineum	root	unannotated root	unannotated root	True
brassicaceae_multi_species_root_atlas:GSM8302010_Esa_Root_Ctrl_scRNAseq_R1:GTCACTCGTTGGGCCT-1	Eutrema salsugineum	root	unannotated root	unannotated root	True
brassicaceae_multi_species_root_atlas:GSM8302010_Esa_Root_Ctrl_scRNAseq_R1:GTCATGATCGGACTGC-1	Eutrema salsugineum	root	unannotated root	unannotated root	True
brassicaceae_multi_species_root_atlas:GSM8302010_Esa_Root_Ctrl_scRNAseq_R1:GTGATGTCAGTAGGAC-1	Eutrema salsugineum	root	unannotated root	unannotated root	True
brassicaceae_multi_species_root_atlas:GSM8302010_Esa_Root_Ctrl_scRNAseq_R1:GTGGAGAGTTGGGAAC-1	Eutrema salsugineum	root	unannotated root	unannotated root	True
brassicaceae_multi_species_root_atlas:GSM8302010_Esa_Root_Ctrl_scRNAseq_R1:GTTGTAGAGAGTCACG-1	Eutrema salsugineum	root	unannotated root	unannotated root	True
brassicaceae_multi_species_root_atlas:GSM8302010_Esa_Root_Ctrl_scRNAseq_R1:GTTTGGAAGCGAGAAA-1	Eutrema salsugineum	root	unannotated root	unannotated root	True
brassicaceae_multi_species_root_atlas:GSM8302010_Esa_Root_Ctrl_scRNAseq_R1:TAAGCACTCGTAGCTA-1	Eutrema salsugineum	root	unannotated root	unannotated root	True
brassicaceae_multi_species_root_atlas:GSM8302010_Esa_Root_Ctrl_scRNAseq_R1:TACGCTCTCGGACCAC-1	Eutrema salsugineum	root	unannotated root	unannotated root	True
brassicaceae_multi_species_root_atlas:GSM8302010_Esa_Root_Ctrl_scRNAseq_R1:TACTTACGTAGCTCGC-1	Eutrema salsugineum	root	unannotated root	unannotated root	True
brassicaceae_multi_species_root_atlas:GSM8302010_Esa_Root_Ctrl_scRNAseq_R1:TATCTGTCATGCGTGC-1	Eutrema salsugineum	root	unannotated root	unannotated root	True
brassicaceae_multi_species_root_atlas:GSM8302010_Esa_Root_Ctrl_scRNAseq_R1:TATGTTCCACCGGTCA-1	Eutrema salsugineum	root	unannotated root	unannotated root	True
brassicaceae_multi_species_root_atlas:GSM8302010_Esa_Root_Ctrl_scRNAseq_R1:TCAAGCAAGCGATGCA-1	Eutrema salsugineum	root	unannotated root	unannotated root	True
brassicaceae_multi_species_root_atlas:GSM8302010_Esa_Root_Ctrl_scRNAseq_R1:TCATTCATCACCTCTG-1	Eutrema salsugineum	root	unannotated root	unannotated root	True
brassicaceae_multi_species_root_atlas:GSM8302010_Esa_Root_Ctrl_scRNAseq_R1:TCCAGAATCGCCTTGT-1	Eutrema salsugineum	root	unannotated root	unannotated root	True
brassicaceae_multi_species_root_atlas:GSM8302010_Esa_Root_Ctrl_scRNAseq_R1:TCCTCGACATGTGACT-1	Eutrema salsugineum	root	unannotated root	unannotated root	True
brassicaceae_multi_species_root_atlas:GSM8302010_Esa_Root_Ctrl_scRNAseq_R1:TCCTCGATCGGTGAAG-1	Eutrema salsugineum	root	unannotated root	unannotated root	True
brassicaceae_multi_species_root_atlas:GSM8302010_Esa_Root_Ctrl_scRNAseq_R1:TGCGACGGTCAGGTGA-1	Eutrema salsugineum	root	unannotated root	unannotated root	True
brassicaceae_multi_species_root_atlas:GSM8302010_Esa_Root_Ctrl_scRNAseq_R1:TTCAGGACAGAGTGTG-1	Eutrema salsugineum	root	unannotated root	unannotated root	True
brassicaceae_multi_species_root_atlas:GSM8302010_Esa_Root_Ctrl_scRNAseq_R1:TTCCTTCCATAGCACT-1	Eutrema salsugineum	root	unannotated root	unannotated root	True
brassicaceae_multi_species_root_atlas:GSM8302010_Esa_Root_Ctrl_scRNAseq_R1:TTGACCCTCCTTCACG-1	Eutrema salsugineum	root	unannotated root	unannotated root	True
brassicaceae_multi_species_root_atlas:GSM8302010_Esa_Root_Ctrl_scRNAseq_R1:TTGCTGCAGATACTGA-1	Eutrema salsugineum	root	unannotated root	unannotated root	True
brassicaceae_multi_species_root_atlas:GSM8302010_Esa_Root_Ctrl_scRNAseq_R1:TTGCTGCGTAGAGTTA-1	Eutrema salsugineum	root	unannotated root	unannotated root	True
arabidopsis_lateral_root_founder_atlas:S3h_AATGGAAAGGGCCTCT	Arabidopsis thaliana	root	proximal meristem	unannotated root	False
arabidopsis_lateral_root_founder_atlas:S3h_CCACGTTAGTGAACAT	Arabidopsis thaliana	root	proximal meristem	unannotated root	False
arabidopsis_lateral_root_founder_atlas:S3h_GTCTTTAGTCTCAGAT	Arabidopsis thaliana	root	proximal meristem	unannotated root	False
arabidopsis_lateral_root_founder_atlas:S3h_TGTTCTAGTGAGACCA	Arabidopsis thaliana	root	proximal meristem	unannotated root	False
arabidopsis_lateral_root_founder_atlas:S6h_AGCTACAGTAGGTTTC	Arabidopsis thaliana	root	proximal meristem	unannotated root	False
arabidopsis_lateral_root_founder_atlas:S6h_CCAATTTAGACTACCT	Arabidopsis thaliana	root	proximal meristem	unannotated root	False
arabidopsis_lateral_root_founder_atlas:S6h_CCTCCAAGTACCTAGT	Arabidopsis thaliana	root	proximal meristem	unannotated root	False
arabidopsis_lateral_root_founder_atlas:S6h_GTGCTGGGTGCAATGG	Arabidopsis thaliana	root	proximal meristem	unannotated root	False
arabidopsis_lateral_root_founder_atlas:S6h_TGCTGAAAGCGATTCT	Arabidopsis thaliana	root	proximal meristem	unannotated root	False
arabidopsis_lateral_root_founder_atlas:S0h_ACCATTTGTACCTAAC	Arabidopsis thaliana	root	proximal meristem	unannotated root	False
arabidopsis_lateral_root_founder_atlas:S0h_ACTGCAAGTGACCTGC	Arabidopsis thaliana	root	proximal meristem	unannotated root	False
arabidopsis_lateral_root_founder_atlas:S0h_AGGAAATCACTAGTAC	Arabidopsis thaliana	root	proximal meristem	unannotated root	False
arabidopsis_lateral_root_founder_atlas:S0h_AGGGTTTAGACATAGT	Arabidopsis thaliana	root	proximal meristem	unannotated root	False
arabidopsis_lateral_root_founder_atlas:S0h_ATACTTCAGGGCAGGA	Arabidopsis thaliana	root	proximal meristem	unannotated root	False
arabidopsis_lateral_root_founder_atlas:S0h_CGCAGGTAGCTTCTAG	Arabidopsis thaliana	root	proximal meristem	unannotated root	False
arabidopsis_lateral_root_founder_atlas:S0h_CGTAAGTAGGAAGAAC	Arabidopsis thaliana	root	proximal meristem	unannotated root	False
arabidopsis_lateral_root_founder_atlas:S0h_CGTTAGACACAAATAG	Arabidopsis thaliana	root	proximal meristem	unannotated root	False
arabidopsis_lateral_root_founder_atlas:S0h_GAGTTTGAGCATCAAA	Arabidopsis thaliana	root	proximal meristem	unannotated root	False
arabidopsis_lateral_root_founder_atlas:S0h_GATCACACATATGGCT	Arabidopsis thaliana	root	proximal meristem	unannotated root	False
arabidopsis_lateral_root_founder_atlas:S0h_GCAACATCACCAGTAT	Arabidopsis thaliana	root	proximal meristem	unannotated root	False
arabidopsis_lateral_root_founder_atlas:S0h_GGGTTTAGTCAGTTTG	Arabidopsis thaliana	root	proximal meristem	unannotated root	False
arabidopsis_lateral_root_founder_atlas:S0h_GTTGTCCGTTTAGACC	Arabidopsis thaliana	root	proximal meristem	unannotated root	False
arabidopsis_lateral_root_founder_atlas:S0h_TCGTGGGTCGCGCCAA	Arabidopsis thaliana	root	proximal meristem	unannotated root	False
arabidopsis_lateral_root_founder_atlas:S0h_TTCAGGACATGGCGCT	Arabidopsis thaliana	root	proximal meristem	unannotated root	False
arabidopsis_lateral_root_founder_atlas:S0h_TTCCACGAGTTTCTTC	Arabidopsis thaliana	root	proximal meristem	unannotated root	False
arabidopsis_lateral_root_founder_atlas:S1h_AAACGCTGTCTTACTT	Arabidopsis thaliana	root	proximal meristem	unannotated root	False
arabidopsis_lateral_root_founder_atlas:S1h_AATGCCAGTAGCCAGA	Arabidopsis thaliana	root	proximal meristem	unannotated root	False
arabidopsis_lateral_root_founder_atlas:S1h_ACGGAAGTCATGACAC	Arabidopsis thaliana	root	proximal meristem	unannotated root	False
arabidopsis_lateral_root_founder_atlas:S1h_AGATCCAAGAAATGGG	Arabidopsis thaliana	root	proximal meristem	unannotated root	False
arabidopsis_lateral_root_founder_atlas:S1h_AGGACTTCAGCTGTAT	Arabidopsis thaliana	root	proximal meristem	unannotated root	False
arabidopsis_lateral_root_founder_atlas:S1h_AGGATCTAGGTGCCAA	Arabidopsis thaliana	root	proximal meristem	unannotated root	False
arabidopsis_lateral_root_founder_atlas:S1h_ATCATTCTCTCTGAGA	Arabidopsis thaliana	root	proximal meristem	unannotated root	False
arabidopsis_lateral_root_founder_atlas:S1h_ATCGATGCAGCTGAAG	Arabidopsis thaliana	root	proximal meristem	unannotated root	False
arabidopsis_lateral_root_founder_atlas:S1h_ATGGGAGTCGACGTCG	Arabidopsis thaliana	root	proximal meristem	unannotated root	False
arabidopsis_lateral_root_founder_atlas:S1h_CATAGACGTTGCGGCT	Arabidopsis thaliana	root	proximal meristem	unannotated root	False
arabidopsis_lateral_root_founder_atlas:S1h_CATGCAACATTCCTCG	Arabidopsis thaliana	root	proximal meristem	unannotated root	False
arabidopsis_lateral_root_founder_atlas:S1h_CCGAACGTCCGATGTA	Arabidopsis thaliana	root	proximal meristem	unannotated root	False
arabidopsis_lateral_root_founder_atlas:S1h_CGGAATTTCTCTCCGA	Arabidopsis thaliana	root	proximal meristem	unannotated root	False
arabidopsis_lateral_root_founder_atlas:S1h_CTCCATGGTGGACTAG	Arabidopsis thaliana	root	proximal meristem	unannotated root	False
arabidopsis_lateral_root_founder_atlas:S1h_GAGAGGTTCGTAGTCA	Arabidopsis thaliana	root	proximal meristem	unannotated root	False
arabidopsis_lateral_root_founder_atlas:S1h_GATCACAGTTCTTGCC	Arabidopsis thaliana	root	proximal meristem	unannotated root	False
arabidopsis_lateral_root_founder_atlas:S1h_GCCGATGCAGGTCCGT	Arabidopsis thaliana	root	proximal meristem	unannotated root	False
arabidopsis_lateral_root_founder_atlas:S1h_GGGCTACGTCAGACTT	Arabidopsis thaliana	root	proximal meristem	unannotated root	False
arabidopsis_lateral_root_founder_atlas:S1h_GGGTCTGGTGCAACGA	Arabidopsis thaliana	root	proximal meristem	unannotated root	False
arabidopsis_lateral_root_founder_atlas:S1h_GTGCGTGGTGGAACCA	Arabidopsis thaliana	root	proximal meristem	unannotated root	False
arabidopsis_lateral_root_founder_atlas:S1h_GTTACAGAGTAAACAC	Arabidopsis thaliana	root	proximal meristem	unannotated root	False
arabidopsis_lateral_root_founder_atlas:S1h_GTTACCCAGACTGGGT	Arabidopsis thaliana	root	proximal meristem	unannotated root	False
arabidopsis_lateral_root_founder_atlas:S1h_TAACCAGTCATTGCCC	Arabidopsis thaliana	root	proximal meristem	unannotated root	False
arabidopsis_lateral_root_founder_atlas:S1h_TAGTGCATCTTTCAGT	Arabidopsis thaliana	root	proximal meristem	unannotated root	False
arabidopsis_lateral_root_founder_atlas:S1h_TCAGCCTGTCAAAGTA	Arabidopsis thaliana	root	proximal meristem	unannotated root	False
arabidopsis_lateral_root_founder_atlas:S1h_TCCGAAACAACACAAA	Arabidopsis thaliana	root	proximal meristem	unannotated root	False
arabidopsis_lateral_root_founder_atlas:S1h_TCCGAAAGTTTCTTAC	Arabidopsis thaliana	root	proximal meristem	unannotated root	False
arabidopsis_lateral_root_founder_atlas:S1h_TCGCAGGAGCTCGGCT	Arabidopsis thaliana	root	proximal meristem	unannotated root	False
arabidopsis_lateral_root_founder_atlas:S1h_TCGCAGGGTGTATCCA	Arabidopsis thaliana	root	proximal meristem	unannotated root	False
arabidopsis_lateral_root_founder_atlas:S1h_TCTACCGAGGGATCGT	Arabidopsis thaliana	root	proximal meristem	unannotated root	False
arabidopsis_lateral_root_founder_atlas:S1h_TGACGCGGTAGGGTAC	Arabidopsis thaliana	root	proximal meristem	unannotated root	False
arabidopsis_lateral_root_founder_atlas:S1h_TGGGCTGGTGATACCT	Arabidopsis thaliana	root	proximal meristem	unannotated root	False
arabidopsis_lateral_root_founder_atlas:S1h_TGTTGAGAGGTGATCG	Arabidopsis thaliana	root	proximal meristem	unannotated root	False
arabidopsis_lateral_root_founder_atlas:S1h_TTCCGTGGTGTTCCAA	Arabidopsis thaliana	root	proximal meristem	unannotated root	False
arabidopsis_lateral_root_founder_atlas:S1h_TTCCTAAGTCGAACGA	Arabidopsis thaliana	root	proximal meristem	unannotated root	False
arabidopsis_lateral_root_founder_atlas:S3h_AACAACCCATACTGAC	Arabidopsis thaliana	root	proximal meristem	unannotated root	False
arabidopsis_lateral_root_founder_atlas:S3h_CATCGGGGTCATAGTC	Arabidopsis thaliana	root	proximal meristem	unannotated root	False
arabidopsis_lateral_root_founder_atlas:S3h_CTCAACCTCGATCCAA	Arabidopsis thaliana	root	proximal meristem	unannotated root	False
arabidopsis_lateral_root_founder_atlas:S3h_GGGAGTAAGATGAAGG	Arabidopsis thaliana	root	proximal meristem	unannotated root	False
arabidopsis_lateral_root_founder_atlas:S3h_GGGTTATTCGCTAAAC	Arabidopsis thaliana	root	proximal meristem	unannotated root	False
arabidopsis_lateral_root_founder_atlas:S3h_GTCATCCTCTTCGCTG	Arabidopsis thaliana	root	proximal meristem	unannotated root	False
arabidopsis_lateral_root_founder_atlas:S3h_GTCGAATAGACGCAGT	Arabidopsis thaliana	root	proximal meristem	unannotated root	False
arabidopsis_lateral_root_founder_atlas:S3h_GTTGTGATCTTACGGA	Arabidopsis thaliana	root	proximal meristem	unannotated root	False
arabidopsis_lateral_root_founder_atlas:S3h_TATTGGGAGCCTAACT	Arabidopsis thaliana	root	proximal meristem	unannotated root	False
arabidopsis_lateral_root_founder_atlas:S3h_TCGATTTAGGAAGTAG	Arabidopsis thaliana	root	proximal meristem	unannotated root	False
arabidopsis_lateral_root_founder_atlas:S3h_TCGCTCATCAGTGTGT	Arabidopsis thaliana	root	proximal meristem	unannotated root	False
arabidopsis_lateral_root_founder_atlas:S3h_TTTACCAGTCTCAAGT	Arabidopsis thaliana	root	proximal meristem	unannotated root	False
arabidopsis_lateral_root_founder_atlas:S6h_ACGGGTCGTAAGTCAA	Arabidopsis thaliana	root	proximal meristem	unannotated root	False
arabidopsis_lateral_root_founder_atlas:S6h_CGCAGGTAGGGTAGCT	Arabidopsis thaliana	root	proximal meristem	unannotated root	False
arabidopsis_lateral_root_founder_atlas:S0h_AGTTAGCAGCCAAGCA	Arabidopsis thaliana	root	proximal meristem	unannotated root	False
arabidopsis_lateral_root_founder_atlas:S0h_AGTTCCCGTCTTGAGT	Arabidopsis thaliana	root	proximal meristem	unannotated root	False
arabidopsis_lateral_root_founder_atlas:S0h_GTATTTCTCAGACCTA	Arabidopsis thaliana	root	proximal meristem	unannotated root	False
arabidopsis_lateral_root_founder_atlas:S0h_TCAGTCCGTTTAGAGA	Arabidopsis thaliana	root	proximal meristem	unannotated root	False
arabidopsis_lateral_root_founder_atlas:S1h_AACGGGAGTTTGTGGT	Arabidopsis thaliana	root	proximal meristem	unannotated root	False
arabidopsis_lateral_root_founder_atlas:S1h_ACAGAAATCGCAGTTA	Arabidopsis thaliana	root	proximal meristem	unannotated root	False
arabidopsis_lateral_root_founder_atlas:S1h_ACAGGGAAGGTAAAGG	Arabidopsis thaliana	root	proximal meristem	unannotated root	False
arabidopsis_lateral_root_founder_atlas:S1h_ACTGATGTCATACGAC	Arabidopsis thaliana	root	proximal meristem	unannotated root	False
arabidopsis_lateral_root_founder_atlas:S1h_AGAAATGGTTGCGTAT	Arabidopsis thaliana	root	proximal meristem	unannotated root	False
arabidopsis_lateral_root_founder_atlas:S1h_ATCGGATTCGGAGATG	Arabidopsis thaliana	root	proximal meristem	unannotated root	False
arabidopsis_lateral_root_founder_atlas:S1h_ATGAGTCTCATACGGT	Arabidopsis thaliana	root	proximal meristem	unannotated root	False
arabidopsis_lateral_root_founder_atlas:S1h_ATGCCTCGTACCGGAA	Arabidopsis thaliana	root	proximal meristem	unannotated root	False
arabidopsis_lateral_root_founder_atlas:S1h_ATTCCCGGTAACACCT	Arabidopsis thaliana	root	proximal meristem	unannotated root	False
arabidopsis_lateral_root_founder_atlas:S1h_CACACAAGTCACTCGG	Arabidopsis thaliana	root	proximal meristem	unannotated root	False
arabidopsis_lateral_root_founder_atlas:S1h_CGGGTCAGTTGCCATA	Arabidopsis thaliana	root	proximal meristem	unannotated root	False
arabidopsis_lateral_root_founder_atlas:S1h_CTAACTTAGACCGCCT	Arabidopsis thaliana	root	proximal meristem	unannotated root	False
arabidopsis_lateral_root_founder_atlas:S1h_CTAAGTGGTATCGCTA	Arabidopsis thaliana	root	proximal meristem	unannotated root	False
arabidopsis_lateral_root_founder_atlas:S1h_CTACATTCAGGAATCG	Arabidopsis thaliana	root	proximal meristem	unannotated root	False
arabidopsis_lateral_root_founder_atlas:S1h_CTATAGGGTACTGCGC	Arabidopsis thaliana	root	proximal meristem	unannotated root	False
arabidopsis_lateral_root_founder_atlas:S1h_GATCCCTGTCTTACAG	Arabidopsis thaliana	root	proximal meristem	unannotated root	False
arabidopsis_lateral_root_founder_atlas:S1h_GCTACAATCGGTCAGC	Arabidopsis thaliana	root	proximal meristem	unannotated root	False
arabidopsis_lateral_root_founder_atlas:S1h_GGAATGGTCCACGTAA	Arabidopsis thaliana	root	proximal meristem	unannotated root	False
arabidopsis_lateral_root_founder_atlas:S1h_TATGTTCTCTGGCCTT	Arabidopsis thaliana	root	proximal meristem	unannotated root	False
arabidopsis_lateral_root_founder_atlas:S1h_TCACAAGCAATACGAA	Arabidopsis thaliana	root	proximal meristem	unannotated root	False
arabidopsis_lateral_root_founder_atlas:S1h_TCACGGGGTGTCCGGT	Arabidopsis thaliana	root	proximal meristem	unannotated root	False
arabidopsis_lateral_root_founder_atlas:S1h_TTCACGCCACATGACT	Arabidopsis thaliana	root	proximal meristem	unannotated root	False
arabidopsis_lateral_root_founder_atlas:S1h_TTGACCCTCGCTTACC	Arabidopsis thaliana	root	proximal meristem	unannotated root	False
arabidopsis_lateral_root_founder_atlas:S3h_AACACACAGTGATAAC	Arabidopsis thaliana	root	proximal meristem	unannotated root	False
arabidopsis_lateral_root_founder_atlas:S3h_ACCCTCATCGAACCTA	Arabidopsis thaliana	root	proximal meristem	unannotated root	False
arabidopsis_lateral_root_founder_atlas:S3h_ACGTAGTCACCGTCGA	Arabidopsis thaliana	root	proximal meristem	unannotated root	False
arabidopsis_lateral_root_founder_atlas:S3h_ACTTAGGAGGTGGCTA	Arabidopsis thaliana	root	proximal meristem	unannotated root	False
arabidopsis_lateral_root_founder_atlas:S3h_AGTGTTGTCCTCATAT	Arabidopsis thaliana	root	proximal meristem	unannotated root	False
arabidopsis_lateral_root_founder_atlas:S3h_CCTCTCCGTAGGGAGG	Arabidopsis thaliana	root	proximal meristem	unannotated root	False
arabidopsis_lateral_root_founder_atlas:S3h_CTAGGTACAGAGTCAG	Arabidopsis thaliana	root	proximal meristem	unannotated root	False
arabidopsis_lateral_root_founder_atlas:S3h_GAGACCCGTATGAGAT	Arabidopsis thaliana	root	proximal meristem	unannotated root	False
arabidopsis_lateral_root_founder_atlas:S3h_TCCTCCCTCCAAGCCG	Arabidopsis thaliana	root	proximal meristem	unannotated root	False
arabidopsis_lateral_root_founder_atlas:S3h_TCGCACTAGAGTCAGC	Arabidopsis thaliana	root	proximal meristem	unannotated root	False
arabidopsis_lateral_root_founder_atlas:S6h_TACCCGTAGGTCGACA	Arabidopsis thaliana	root	proximal meristem	unannotated root	False
arabidopsis_lateral_root_founder_atlas:S6h_TCGCAGGTCATGCCGG	Arabidopsis thaliana	root	proximal meristem	unannotated root	False
arabidopsis_lateral_root_founder_atlas:S0h_CTAGACACAGTGGTGA	Arabidopsis thaliana	root	proximal meristem	unannotated root	False
arabidopsis_lateral_root_founder_atlas:S0h_CTTCAATGTAAGGTCG	Arabidopsis thaliana	root	proximal meristem	unannotated root	False
arabidopsis_lateral_root_founder_atlas:S0h_TACACCCGTGATTAGA	Arabidopsis thaliana	root	proximal meristem	unannotated root	False
arabidopsis_lateral_root_founder_atlas:S0h_TGAATCGGTATGCGGA	Arabidopsis thaliana	root	proximal meristem	unannotated root	False
arabidopsis_lateral_root_founder_atlas:S0h_TGAGGAGTCAGGCGAA	Arabidopsis thaliana	root	proximal meristem	unannotated root	False
arabidopsis_lateral_root_founder_atlas:S1h_ATGAGTCCAGCACGAA	Arabidopsis thaliana	root	proximal meristem	unannotated root	False
arabidopsis_lateral_root_founder_atlas:S1h_CCGAACGCACACCGCA	Arabidopsis thaliana	root	proximal meristem	unannotated root	False
arabidopsis_lateral_root_founder_atlas:S1h_CCTTGTGAGCCTATCA	Arabidopsis thaliana	root	proximal meristem	unannotated root	False
arabidopsis_lateral_root_founder_atlas:S1h_CTACCTGTCGCCTTTG	Arabidopsis thaliana	root	proximal meristem	unannotated root	False
arabidopsis_lateral_root_founder_atlas:S1h_CTCACTGCAAGCGGAT	Arabidopsis thaliana	root	proximal meristem	unannotated root	False
arabidopsis_lateral_root_founder_atlas:S1h_GGGTCACCATGACCCG	Arabidopsis thaliana	root	proximal meristem	unannotated root	False
arabidopsis_lateral_root_founder_atlas:S1h_TGCTCGTAGGTCGAGT	Arabidopsis thaliana	root	proximal meristem	unannotated root	False
arabidopsis_lateral_root_founder_atlas:S3h_GGGTCACCATAGGTTC	Arabidopsis thaliana	root	proximal meristem	unannotated root	False
arabidopsis_lateral_root_founder_atlas:S3h_GTCTGTCTCTTGCAAG	Arabidopsis thaliana	root	proximal meristem	unannotated root	False
arabidopsis_lateral_root_founder_atlas:S0h_AAGTTCGTCTTTGGAG	Arabidopsis thaliana	root	stem cell niche	unannotated root	False
arabidopsis_lateral_root_founder_atlas:S0h_AGTTCGACATTGGATC	Arabidopsis thaliana	root	stem cell niche	unannotated root	False
arabidopsis_lateral_root_founder_atlas:S0h_GAAGGACTCTAACGCA	Arabidopsis thaliana	root	stem cell niche	unannotated root	False
arabidopsis_lateral_root_founder_atlas:S0h_TGAGGTTCAAGCCCAC	Arabidopsis thaliana	root	stem cell niche	unannotated root	False
arabidopsis_lateral_root_founder_atlas:S1h_AACTTCTGTCGTTCAA	Arabidopsis thaliana	root	stem cell niche	unannotated root	False
arabidopsis_lateral_root_founder_atlas:S1h_AGGCCACCAGACCCGT	Arabidopsis thaliana	root	stem cell niche	unannotated root	False
arabidopsis_lateral_root_founder_atlas:S1h_ATGACCAGTGGCTAGA	Arabidopsis thaliana	root	stem cell niche	unannotated root	False
arabidopsis_lateral_root_founder_atlas:S1h_ATTATCCCATCAGCTA	Arabidopsis thaliana	root	stem cell niche	unannotated root	False
arabidopsis_lateral_root_founder_atlas:S1h_CAAAGAACAGGATCTT	Arabidopsis thaliana	root	stem cell niche	unannotated root	False
arabidopsis_lateral_root_founder_atlas:S1h_CCCATTGTCCGCGAGT	Arabidopsis thaliana	root	stem cell niche	unannotated root	False
arabidopsis_lateral_root_founder_atlas:S1h_CTTCTAAAGTGAGGTC	Arabidopsis thaliana	root	stem cell niche	unannotated root	False
arabidopsis_lateral_root_founder_atlas:S1h_TCATATCCATCGCCTT	Arabidopsis thaliana	root	stem cell niche	unannotated root	False
arabidopsis_lateral_root_founder_atlas:S1h_TCGGTCTTCTATTGTC	Arabidopsis thaliana	root	stem cell niche	unannotated root	False
arabidopsis_lateral_root_founder_atlas:S1h_TTGTGGAAGATGCCGA	Arabidopsis thaliana	root	stem cell niche	unannotated root	False
arabidopsis_lateral_root_founder_atlas:S1h_TTGTTCACAGTCCGTG	Arabidopsis thaliana	root	stem cell niche	unannotated root	False
arabidopsis_lateral_root_founder_atlas:S3h_CAATTTCAGAGTGAAG	Arabidopsis thaliana	root	stem cell niche	unannotated root	False
arabidopsis_lateral_root_founder_atlas:S3h_CACGGGTGTACTCGAT	Arabidopsis thaliana	root	stem cell niche	unannotated root	False
arabidopsis_lateral_root_founder_atlas:S0h_GTAGGTTGTCTCCTGT	Arabidopsis thaliana	root	proximal meristem	unannotated root	False
arabidopsis_lateral_root_founder_atlas:S0h_TCATTGTAGCAATAGT	Arabidopsis thaliana	root	proximal meristem	unannotated root	False
arabidopsis_lateral_root_founder_atlas:S1h_ACACAGTTCACCATGA	Arabidopsis thaliana	root	proximal meristem	unannotated root	False
arabidopsis_lateral_root_founder_atlas:S1h_ACTTATCCAGGAGGAG	Arabidopsis thaliana	root	proximal meristem	unannotated root	False
arabidopsis_lateral_root_founder_atlas:S1h_AGAACAACACATCATG	Arabidopsis thaliana	root	proximal meristem	unannotated root	False
arabidopsis_lateral_root_founder_atlas:S1h_AGAAGTATCGAGAACG	Arabidopsis thaliana	root	proximal meristem	unannotated root	False
arabidopsis_lateral_root_founder_atlas:S1h_AGCATCAAGAGGTTTA	Arabidopsis thaliana	root	proximal meristem	unannotated root	False
arabidopsis_lateral_root_founder_atlas:S1h_AGGCTGCTCACTTGTT	Arabidopsis thaliana	root	proximal meristem	unannotated root	False
arabidopsis_lateral_root_founder_atlas:S1h_CAAGAGGTCCACAGCG	Arabidopsis thaliana	root	proximal meristem	unannotated root	False
arabidopsis_lateral_root_founder_atlas:S1h_CAGCAATTCGGAATGG	Arabidopsis thaliana	root	proximal meristem	unannotated root	False
arabidopsis_lateral_root_founder_atlas:S1h_CATCAAGAGTTTGAGA	Arabidopsis thaliana	root	proximal meristem	unannotated root	False
arabidopsis_lateral_root_founder_atlas:S1h_CATGGTAGTTCCGGTG	Arabidopsis thaliana	root	proximal meristem	unannotated root	False
arabidopsis_lateral_root_founder_atlas:S1h_CGTAATGTCTCTTAAC	Arabidopsis thaliana	root	proximal meristem	unannotated root	False
arabidopsis_lateral_root_founder_atlas:S1h_CTAGACAGTTATAGCC	Arabidopsis thaliana	root	proximal meristem	unannotated root	False
arabidopsis_lateral_root_founder_atlas:S1h_CTGTGGGTCCTTATGT	Arabidopsis thaliana	root	proximal meristem	unannotated root	False
arabidopsis_lateral_root_founder_atlas:S1h_GTGATGTGTTTCGCTC	Arabidopsis thaliana	root	proximal meristem	unannotated root	False
arabidopsis_lateral_root_founder_atlas:S1h_GTGGAGACAATCGTCA	Arabidopsis thaliana	root	proximal meristem	unannotated root	False
arabidopsis_lateral_root_founder_atlas:S1h_TAAGCCACACCAAATC	Arabidopsis thaliana	root	proximal meristem	unannotated root	False
arabidopsis_lateral_root_founder_atlas:S1h_TCAGTTTTCCACGGAC	Arabidopsis thaliana	root	proximal meristem	unannotated root	False
arabidopsis_lateral_root_founder_atlas:S1h_TCATTACAGCGTTGTT	Arabidopsis thaliana	root	proximal meristem	unannotated root	False
arabidopsis_lateral_root_founder_atlas:S1h_TCCTTTCAGTTTCGGT	Arabidopsis thaliana	root	proximal meristem	unannotated root	False
arabidopsis_lateral_root_founder_atlas:S3h_AAACGCTGTCTACAAC	Arabidopsis thaliana	root	proximal meristem	unannotated root	False
arabidopsis_lateral_root_founder_atlas:S3h_ACGATGTGTGATAGTA	Arabidopsis thaliana	root	proximal meristem	unannotated root	False
arabidopsis_lateral_root_founder_atlas:S3h_AGCGCTGTCTCTTGCG	Arabidopsis thaliana	root	proximal meristem	unannotated root	False
arabidopsis_lateral_root_founder_atlas:S3h_ATGAAAGGTACGATGG	Arabidopsis thaliana	root	proximal meristem	unannotated root	False
arabidopsis_lateral_root_founder_atlas:S3h_CCCGAAGTCCGCGGAT	Arabidopsis thaliana	root	proximal meristem	unannotated root	False
arabidopsis_lateral_root_founder_atlas:S3h_CGATGCGTCACCACAA	Arabidopsis thaliana	root	proximal meristem	unannotated root	False
arabidopsis_lateral_root_founder_atlas:S3h_GAACTGTCACCGTCTT	Arabidopsis thaliana	root	proximal meristem	unannotated root	False
arabidopsis_lateral_root_founder_atlas:S3h_GACCCAGTCAATGCAC	Arabidopsis thaliana	root	proximal meristem	unannotated root	False
arabidopsis_lateral_root_founder_atlas:S3h_GACGCTGAGTATAGAC	Arabidopsis thaliana	root	proximal meristem	unannotated root	False
arabidopsis_lateral_root_founder_atlas:S3h_GAGTGAGCACCCTGTT	Arabidopsis thaliana	root	proximal meristem	unannotated root	False
arabidopsis_lateral_root_founder_atlas:S3h_GATCACATCAGTGCGC	Arabidopsis thaliana	root	proximal meristem	unannotated root	False
arabidopsis_lateral_root_founder_atlas:S3h_GTCCTCATCATTGCCC	Arabidopsis thaliana	root	proximal meristem	unannotated root	False
arabidopsis_lateral_root_founder_atlas:S3h_GTTTACTAGCAGAAAG	Arabidopsis thaliana	root	proximal meristem	unannotated root	False
arabidopsis_lateral_root_founder_atlas:S3h_TCACTCGAGTTGGACG	Arabidopsis thaliana	root	proximal meristem	unannotated root	False
arabidopsis_lateral_root_founder_atlas:S3h_TCAGTCCCATTCACAG	Arabidopsis thaliana	root	proximal meristem	unannotated root	False
arabidopsis_lateral_root_founder_atlas:S3h_TTGCATTTCATTGAGC	Arabidopsis thaliana	root	proximal meristem	unannotated root	False
arabidopsis_lateral_root_founder_atlas:S3h_TTGTGTTTCGTTCTGC	Arabidopsis thaliana	root	proximal meristem	unannotated root	False
arabidopsis_lateral_root_founder_atlas:S6h_CACTAAGCATGTTCGA	Arabidopsis thaliana	root	proximal meristem	unannotated root	False
arabidopsis_lateral_root_founder_atlas:S6h_TCCTCCCGTAGCGTAG	Arabidopsis thaliana	root	proximal meristem	unannotated root	False
arabidopsis_lateral_root_founder_atlas:S6h_TGCATCCGTTGGCCTG	Arabidopsis thaliana	root	proximal meristem	unannotated root	False
arabidopsis_lateral_root_founder_atlas:S0h_CTGTATTCACACCGCA	Arabidopsis thaliana	root	endodermis	unannotated root	False
arabidopsis_lateral_root_founder_atlas:S0h_TAGGGTTGTGTTGATC	Arabidopsis thaliana	root	endodermis	unannotated root	False
arabidopsis_lateral_root_founder_atlas:S1h_CAAGAGGGTATCCCTC	Arabidopsis thaliana	root	endodermis	unannotated root	False
arabidopsis_lateral_root_founder_atlas:S1h_TTGGGCGGTGGGCTTC	Arabidopsis thaliana	root	endodermis	unannotated root	False
arabidopsis_lateral_root_founder_atlas:S3h_ACTTTCAGTAGCGTTT	Arabidopsis thaliana	root	endodermis	unannotated root	False
arabidopsis_lateral_root_founder_atlas:S3h_CGGGTGTAGTTAGTAG	Arabidopsis thaliana	root	endodermis	unannotated root	False
arabidopsis_lateral_root_founder_atlas:S3h_GAGACCCTCGGAGTAG	Arabidopsis thaliana	root	endodermis	unannotated root	False
arabidopsis_lateral_root_founder_atlas:S3h_GAGTTGTGTAGCACAG	Arabidopsis thaliana	root	endodermis	unannotated root	False
arabidopsis_lateral_root_founder_atlas:S3h_GTGAGCCGTGAATTGA	Arabidopsis thaliana	root	endodermis	unannotated root	False
arabidopsis_lateral_root_founder_atlas:S3h_TGGAGAGCATGTTCGA	Arabidopsis thaliana	root	endodermis	unannotated root	False
arabidopsis_lateral_root_founder_atlas:S6h_AGTACTGAGTAAGCAT	Arabidopsis thaliana	root	endodermis	unannotated root	False
arabidopsis_lateral_root_founder_atlas:S6h_ATCGTGAAGTAAACAC	Arabidopsis thaliana	root	endodermis	unannotated root	False
arabidopsis_lateral_root_founder_atlas:S6h_ATCTTCACAGTGTATC	Arabidopsis thaliana	root	endodermis	unannotated root	False
arabidopsis_lateral_root_founder_atlas:S6h_CATCCACCACGATAGG	Arabidopsis thaliana	root	endodermis	unannotated root	False
arabidopsis_lateral_root_founder_atlas:S6h_CCACACTTCGCAACAT	Arabidopsis thaliana	root	endodermis	unannotated root	False
arabidopsis_lateral_root_founder_atlas:S6h_CCTATCGAGTTGAAGT	Arabidopsis thaliana	root	endodermis	unannotated root	False
arabidopsis_lateral_root_founder_atlas:S6h_CGAGAAGTCCATATGG	Arabidopsis thaliana	root	endodermis	unannotated root	False
arabidopsis_lateral_root_founder_atlas:S6h_CGTCAAACAACAACAA	Arabidopsis thaliana	root	endodermis	unannotated root	False
arabidopsis_lateral_root_founder_atlas:S6h_GATCACACAGAGGCAT	Arabidopsis thaliana	root	endodermis	unannotated root	False
arabidopsis_lateral_root_founder_atlas:S6h_GCTTTCGGTCCCTGAG	Arabidopsis thaliana	root	endodermis	unannotated root	False
arabidopsis_lateral_root_founder_atlas:S6h_TAACCAGTCGCGCTGA	Arabidopsis thaliana	root	endodermis	unannotated root	False
arabidopsis_lateral_root_founder_atlas:S6h_TCCGAAAGTTGGGATG	Arabidopsis thaliana	root	endodermis	unannotated root	False
arabidopsis_lateral_root_founder_atlas:S6h_TCCGATCCAGTTCCAA	Arabidopsis thaliana	root	endodermis	unannotated root	False
arabidopsis_lateral_root_founder_atlas:S6h_TCGCAGGGTCTGCAAT	Arabidopsis thaliana	root	endodermis	unannotated root	False
arabidopsis_lateral_root_founder_atlas:S6h_TGATGCATCAGCGTCG	Arabidopsis thaliana	root	endodermis	unannotated root	False
arabidopsis_lateral_root_founder_atlas:S6h_TGCTCCAGTGGGTCAA	Arabidopsis thaliana	root	endodermis	unannotated root	False
arabidopsis_lateral_root_founder_atlas:S3h_CTACGGGGTAGTGCGA	Arabidopsis thaliana	root	stem cell niche	unannotated root	False
arabidopsis_lateral_root_founder_atlas:S3h_GATCACAAGCTAAGTA	Arabidopsis thaliana	root	stem cell niche	unannotated root	False
arabidopsis_lateral_root_founder_atlas:S6h_CAGATCAAGACATGCG	Arabidopsis thaliana	root	stem cell niche	unannotated root	False
arabidopsis_lateral_root_founder_atlas:S6h_GGCAGTCTCCGCAAAT	Arabidopsis thaliana	root	stem cell niche	unannotated root	False
arabidopsis_lateral_root_founder_atlas:S3h_ACTCTCGTCTACTGCC	Arabidopsis thaliana	root	stem cell niche	unannotated root	False
arabidopsis_lateral_root_founder_atlas:S3h_ACTTTGTGTCACTCTC	Arabidopsis thaliana	root	stem cell niche	unannotated root	False
arabidopsis_lateral_root_founder_atlas:S3h_AGCATCACACGAGAAC	Arabidopsis thaliana	root	stem cell niche	unannotated root	False
arabidopsis_lateral_root_founder_atlas:S3h_AGGGTGATCCCATTCG	Arabidopsis thaliana	root	stem cell niche	unannotated root	False
arabidopsis_lateral_root_founder_atlas:S3h_CCAAGCGAGGAATTAC	Arabidopsis thaliana	root	stem cell niche	unannotated root	False
arabidopsis_lateral_root_founder_atlas:S3h_CCTCATGCAACCACGC	Arabidopsis thaliana	root	stem cell niche	unannotated root	False
arabidopsis_lateral_root_founder_atlas:S3h_GTCGAATCAGACCATT	Arabidopsis thaliana	root	stem cell niche	unannotated root	False
arabidopsis_lateral_root_founder_atlas:S3h_GTGTGATAGAGCAGCT	Arabidopsis thaliana	root	stem cell niche	unannotated root	False
arabidopsis_lateral_root_founder_atlas:S3h_TATTGCTGTACTAACC	Arabidopsis thaliana	root	stem cell niche	unannotated root	False
arabidopsis_lateral_root_founder_atlas:S3h_TTCTTCCTCTGCCCTA	Arabidopsis thaliana	root	stem cell niche	unannotated root	False
arabidopsis_lateral_root_founder_atlas:S6h_AAACGAAGTATTCCGA	Arabidopsis thaliana	root	stem cell niche	unannotated root	False
arabidopsis_lateral_root_founder_atlas:S6h_AAAGAACCATGTACGT	Arabidopsis thaliana	root	stem cell niche	unannotated root	False
arabidopsis_lateral_root_founder_atlas:S6h_ACTTCCGCAACACGAG	Arabidopsis thaliana	root	stem cell niche	unannotated root	False
arabidopsis_lateral_root_founder_atlas:S6h_AGGCATTGTGGCATCC	Arabidopsis thaliana	root	stem cell niche	unannotated root	False
arabidopsis_lateral_root_founder_atlas:S6h_AGGCTGCTCGGTCGGT	Arabidopsis thaliana	root	stem cell niche	unannotated root	False
arabidopsis_lateral_root_founder_atlas:S6h_ATCATTCCAGTGAGCA	Arabidopsis thaliana	root	stem cell niche	unannotated root	False
arabidopsis_lateral_root_founder_atlas:S6h_CAATTTCGTCGATTTG	Arabidopsis thaliana	root	stem cell niche	unannotated root	False
arabidopsis_lateral_root_founder_atlas:S6h_CCTCCTCTCTTTCGAT	Arabidopsis thaliana	root	stem cell niche	unannotated root	False
arabidopsis_lateral_root_founder_atlas:S6h_CTACAGAGTCACAGTT	Arabidopsis thaliana	root	stem cell niche	unannotated root	False
arabidopsis_lateral_root_founder_atlas:S6h_CTATCTACACAAGCTT	Arabidopsis thaliana	root	stem cell niche	unannotated root	False
arabidopsis_lateral_root_founder_atlas:S6h_CTGTAGATCGTGGAAG	Arabidopsis thaliana	root	stem cell niche	unannotated root	False
arabidopsis_lateral_root_founder_atlas:S6h_GCAACATCACAATGCT	Arabidopsis thaliana	root	stem cell niche	unannotated root	False
arabidopsis_lateral_root_founder_atlas:S6h_GCTGGGTGTAAGGCCA	Arabidopsis thaliana	root	stem cell niche	unannotated root	False
arabidopsis_lateral_root_founder_atlas:S6h_TACTTACTCTGATTCT	Arabidopsis thaliana	root	stem cell niche	unannotated root	False
arabidopsis_lateral_root_founder_atlas:S6h_TCAAGCACAGGAGGTT	Arabidopsis thaliana	root	stem cell niche	unannotated root	False
arabidopsis_lateral_root_founder_atlas:S6h_TCAGGTAGTTCAGGTT	Arabidopsis thaliana	root	stem cell niche	unannotated root	False
arabidopsis_lateral_root_founder_atlas:S6h_TCTCAGCTCTTACACT	Arabidopsis thaliana	root	stem cell niche	unannotated root	False
arabidopsis_lateral_root_founder_atlas:S6h_TGGATGTTCGACATTG	Arabidopsis thaliana	root	stem cell niche	unannotated root	False
arabidopsis_lateral_root_founder_atlas:S6h_TGTCCCACAAAGACGC	Arabidopsis thaliana	root	stem cell niche	unannotated root	False
arabidopsis_lateral_root_founder_atlas:S1h_TCAAGTGAGTGAACAT	Arabidopsis thaliana	root	stem cell niche	unannotated root	False
arabidopsis_lateral_root_founder_atlas:S3h_ATTGTTCAGTCTCCTC	Arabidopsis thaliana	root	stem cell niche	unannotated root	False
arabidopsis_lateral_root_founder_atlas:S3h_CTCACTGCAATAGGAT	Arabidopsis thaliana	root	stem cell niche	unannotated root	False
arabidopsis_lateral_root_founder_atlas:S3h_GCCGTGACAAACCGGA	Arabidopsis thaliana	root	stem cell niche	unannotated root	False
arabidopsis_lateral_root_founder_atlas:S3h_TACCCGTGTCGTTTCC	Arabidopsis thaliana	root	stem cell niche	unannotated root	False
arabidopsis_lateral_root_founder_atlas:S3h_TGCATGAGTTACCTTT	Arabidopsis thaliana	root	stem cell niche	unannotated root	False
arabidopsis_lateral_root_founder_atlas:S3h_TGTCCACGTGTATTGC	Arabidopsis thaliana	root	stem cell niche	unannotated root	False
arabidopsis_lateral_root_founder_atlas:S3h_GTTTACTTCTACCTTA	Arabidopsis thaliana	root	stem cell niche	unannotated root	False
arabidopsis_lateral_root_founder_atlas:S6h_AAAGGATGTCCTTGTC	Arabidopsis thaliana	root	stem cell niche	unannotated root	False
arabidopsis_lateral_root_founder_atlas:S6h_CCTACGTCATGACTCA	Arabidopsis thaliana	root	stem cell niche	unannotated root	False
arabidopsis_lateral_root_founder_atlas:S6h_GGAATGGGTTACGCCG	Arabidopsis thaliana	root	stem cell niche	unannotated root	False
arabidopsis_lateral_root_founder_atlas:S6h_GTAACCAGTCTGCCTT	Arabidopsis thaliana	root	stem cell niche	unannotated root	False
arabidopsis_callus_regeneration_scrna:GSM7453799_7DAC:AAAGTCCAGAGCTGAC-1	Arabidopsis thaliana	callus	unannotated	Mesophyll	False
arabidopsis_callus_regeneration_scrna:GSM7453799_7DAC:AAAGTGAGTCGAGCTC-1	Arabidopsis thaliana	callus	unannotated	Mesophyll	False
arabidopsis_callus_regeneration_scrna:GSM7453799_7DAC:AACAAAGTCCGCTGTT-1	Arabidopsis thaliana	callus	unannotated	Mesophyll	False
arabidopsis_callus_regeneration_scrna:GSM7453799_7DAC:AAGTCGTGTCATGGCC-1	Arabidopsis thaliana	callus	unannotated	Mesophyll	False
arabidopsis_callus_regeneration_scrna:GSM7453799_7DAC:AATGCCAGTTGGGAAC-1	Arabidopsis thaliana	callus	unannotated	Mesophyll	False
arabidopsis_callus_regeneration_scrna:GSM7453799_7DAC:ACAAAGAAGTCACGCC-1	Arabidopsis thaliana	callus	unannotated	Mesophyll	False
arabidopsis_callus_regeneration_scrna:GSM7453799_7DAC:ACCAACACACCGAATT-1	Arabidopsis thaliana	callus	unannotated	Mesophyll	False
arabidopsis_callus_regeneration_scrna:GSM7453799_7DAC:ACCAACACAGTCCGTG-1	Arabidopsis thaliana	callus	unannotated	Mesophyll	False
arabidopsis_callus_regeneration_scrna:GSM7453799_7DAC:ACCACAAAGACGAAGA-1	Arabidopsis thaliana	callus	unannotated	Mesophyll	False
arabidopsis_callus_regeneration_scrna:GSM7453799_7DAC:ACCATTTAGTCGAGGT-1	Arabidopsis thaliana	callus	unannotated	Mesophyll	False
arabidopsis_callus_regeneration_scrna:GSM7453799_7DAC:ACCTGTCTCGACATCA-1	Arabidopsis thaliana	callus	unannotated	Mesophyll	False
arabidopsis_callus_regeneration_scrna:GSM7453799_7DAC:ACGATGTGTATGCTAC-1	Arabidopsis thaliana	callus	unannotated	Mesophyll	False
arabidopsis_callus_regeneration_scrna:GSM7453799_7DAC:ACGTACATCATCGACA-1	Arabidopsis thaliana	callus	unannotated	Mesophyll	False
arabidopsis_callus_regeneration_scrna:GSM7453799_7DAC:ACGTTCCCATCCTATT-1	Arabidopsis thaliana	callus	unannotated	Mesophyll	False
arabidopsis_callus_regeneration_scrna:GSM7453799_7DAC:ACTACGATCCTCACCA-1	Arabidopsis thaliana	callus	unannotated	Mesophyll	False
arabidopsis_callus_regeneration_scrna:GSM7453799_7DAC:ACTGCAATCGCTGCGA-1	Arabidopsis thaliana	callus	unannotated	Mesophyll	False
arabidopsis_callus_regeneration_scrna:GSM7453799_7DAC:ACTGTGATCAATCTCT-1	Arabidopsis thaliana	callus	unannotated	Mesophyll	False
arabidopsis_callus_regeneration_scrna:GSM7453799_7DAC:ACTTAGGGTCCGAAGA-1	Arabidopsis thaliana	callus	unannotated	Mesophyll	False
arabidopsis_callus_regeneration_scrna:GSM7453799_7DAC:AGAAATGTCCATTGGA-1	Arabidopsis thaliana	callus	unannotated	Mesophyll	False
arabidopsis_callus_regeneration_scrna:GSM7453799_7DAC:AGAAGCGAGACGAAGA-1	Arabidopsis thaliana	callus	unannotated	Mesophyll	False
arabidopsis_callus_regeneration_scrna:GSM7453799_7DAC:AGACAGGCATTGCCTC-1	Arabidopsis thaliana	callus	unannotated	Mesophyll	False
arabidopsis_callus_regeneration_scrna:GSM7453799_7DAC:AGACCATGTCGGATTT-1	Arabidopsis thaliana	callus	unannotated	Mesophyll	False
arabidopsis_callus_regeneration_scrna:GSM7453799_7DAC:AGACCCGGTGAATGTA-1	Arabidopsis thaliana	callus	unannotated	Mesophyll	False
arabidopsis_callus_regeneration_scrna:GSM7453799_7DAC:AGACTCAGTCTCGGAC-1	Arabidopsis thaliana	callus	unannotated	Mesophyll	False
arabidopsis_callus_regeneration_scrna:GSM7453799_7DAC:AGATAGATCTTTCTAG-1	Arabidopsis thaliana	callus	unannotated	Mesophyll	False
arabidopsis_callus_regeneration_scrna:GSM7453799_7DAC:AGCATCAGTAACAGGC-1	Arabidopsis thaliana	callus	unannotated	Mesophyll	False
arabidopsis_callus_regeneration_scrna:GSM7453799_7DAC:AGCCACGCAACTTGGT-1	Arabidopsis thaliana	callus	unannotated	Mesophyll	False
arabidopsis_callus_regeneration_scrna:GSM7453799_7DAC:AGCGCTGTCAGCGCAC-1	Arabidopsis thaliana	callus	unannotated	Mesophyll	False
arabidopsis_callus_regeneration_scrna:GSM7453799_7DAC:AGCGTATAGACCATTC-1	Arabidopsis thaliana	callus	unannotated	Mesophyll	False
arabidopsis_callus_regeneration_scrna:GSM7453799_7DAC:AGGACTTAGCGATGAC-1	Arabidopsis thaliana	callus	unannotated	Mesophyll	False
arabidopsis_callus_regeneration_scrna:GSM7453799_7DAC:AGGAGGTTCTAATTCC-1	Arabidopsis thaliana	callus	unannotated	Mesophyll	False
arabidopsis_callus_regeneration_scrna:GSM7453799_7DAC:AGGGCCTCAAGAAATC-1	Arabidopsis thaliana	callus	unannotated	Mesophyll	False
arabidopsis_callus_regeneration_scrna:GSM7453799_7DAC:AGGTCATCACTGTGAT-1	Arabidopsis thaliana	callus	unannotated	Mesophyll	False
arabidopsis_callus_regeneration_scrna:GSM7453799_7DAC:AGGTGTTAGTGGTCAG-1	Arabidopsis thaliana	callus	unannotated	Mesophyll	False
arabidopsis_callus_regeneration_scrna:GSM7453799_7DAC:AGTCTCCGTAGTCTTG-1	Arabidopsis thaliana	callus	unannotated	Mesophyll	False
arabidopsis_callus_regeneration_scrna:GSM7453799_7DAC:AGTGTTGAGCACTAGG-1	Arabidopsis thaliana	callus	unannotated	Mesophyll	False
arabidopsis_callus_regeneration_scrna:GSM7453799_7DAC:ATAGGCTCACCTCTAC-1	Arabidopsis thaliana	callus	unannotated	Mesophyll	False
arabidopsis_callus_regeneration_scrna:GSM7453799_7DAC:ATCGGCGAGTATGAAC-1	Arabidopsis thaliana	callus	unannotated	Mesophyll	False
arabidopsis_callus_regeneration_scrna:GSM7453799_7DAC:ATCTCTATCTGTGTGA-1	Arabidopsis thaliana	callus	unannotated	Mesophyll	False
arabidopsis_callus_regeneration_scrna:GSM7453799_7DAC:ATCTTCACACGCTGTG-1	Arabidopsis thaliana	callus	unannotated	Mesophyll	False
arabidopsis_callus_regeneration_scrna:GSM7453799_7DAC:ATGGAGGGTAACTAAG-1	Arabidopsis thaliana	callus	unannotated	Mesophyll	False
arabidopsis_callus_regeneration_scrna:GSM7453799_7DAC:ATTACTCGTACAAGTA-1	Arabidopsis thaliana	callus	unannotated	Mesophyll	False
arabidopsis_callus_regeneration_scrna:GSM7453799_7DAC:ATTACTCTCACGGAGA-1	Arabidopsis thaliana	callus	unannotated	Mesophyll	False
arabidopsis_callus_regeneration_scrna:GSM7453799_7DAC:ATTGGGTAGGGAGAAT-1	Arabidopsis thaliana	callus	unannotated	Mesophyll	False
arabidopsis_callus_regeneration_scrna:GSM7453799_7DAC:ATTGGGTGTTCGCGTG-1	Arabidopsis thaliana	callus	unannotated	Mesophyll	False
arabidopsis_callus_regeneration_scrna:GSM7453799_7DAC:CAACAACAGAAGCTGC-1	Arabidopsis thaliana	callus	unannotated	Mesophyll	False
arabidopsis_callus_regeneration_scrna:GSM7453799_7DAC:CAACCTCTCGAGTCCG-1	Arabidopsis thaliana	callus	unannotated	Mesophyll	False
arabidopsis_callus_regeneration_scrna:GSM7453799_7DAC:CAACGGCGTATGAGAT-1	Arabidopsis thaliana	callus	unannotated	Mesophyll	False
arabidopsis_callus_regeneration_scrna:GSM7453799_7DAC:CAAGGGAGTAGTGCGA-1	Arabidopsis thaliana	callus	unannotated	Mesophyll	False
arabidopsis_callus_regeneration_scrna:GSM7453799_7DAC:CACAGGCGTGCGAACA-1	Arabidopsis thaliana	callus	unannotated	Mesophyll	False
arabidopsis_callus_regeneration_scrna:GSM7453799_7DAC:CACGGGTAGGAGCTGT-1	Arabidopsis thaliana	callus	unannotated	Mesophyll	False
arabidopsis_callus_regeneration_scrna:GSM7453799_7DAC:CACTGAACAATAGGAT-1	Arabidopsis thaliana	callus	unannotated	Mesophyll	False
arabidopsis_callus_regeneration_scrna:GSM7453799_7DAC:CAGATACAGGCGAACT-1	Arabidopsis thaliana	callus	unannotated	Mesophyll	False
arabidopsis_callus_regeneration_scrna:GSM7453799_7DAC:CAGCACGAGTGAGGTC-1	Arabidopsis thaliana	callus	unannotated	Mesophyll	False
arabidopsis_callus_regeneration_scrna:GSM7453799_7DAC:CAGTTAGAGTGCCAGA-1	Arabidopsis thaliana	callus	unannotated	Mesophyll	False
arabidopsis_callus_regeneration_scrna:GSM7453799_7DAC:CATAGACTCAGCGGAA-1	Arabidopsis thaliana	callus	unannotated	Mesophyll	False
arabidopsis_callus_regeneration_scrna:GSM7453799_7DAC:CATGCTCAGGAGGCAG-1	Arabidopsis thaliana	callus	unannotated	Mesophyll	False
arabidopsis_callus_regeneration_scrna:GSM7453799_7DAC:CATGGTAGTATGACAA-1	Arabidopsis thaliana	callus	unannotated	Mesophyll	False
arabidopsis_callus_regeneration_scrna:GSM7453799_7DAC:CCACGTTGTAGCTGTT-1	Arabidopsis thaliana	callus	unannotated	Mesophyll	False
arabidopsis_callus_regeneration_scrna:GSM7453799_7DAC:CCCTTAGAGATTAGCA-1	Arabidopsis thaliana	callus	unannotated	Mesophyll	False
arabidopsis_callus_regeneration_scrna:GSM7453799_7DAC:CCGATCTCAAACACCT-1	Arabidopsis thaliana	callus	unannotated	Mesophyll	False
arabidopsis_callus_regeneration_scrna:GSM7453799_7DAC:CCGTAGGAGCGGTAGT-1	Arabidopsis thaliana	callus	unannotated	Mesophyll	False
arabidopsis_callus_regeneration_scrna:GSM7453799_7DAC:CCGTAGGGTGCAACGA-1	Arabidopsis thaliana	callus	unannotated	Mesophyll	False
arabidopsis_callus_regeneration_scrna:GSM7453799_7DAC:CCTCAGTGTTGGGTAG-1	Arabidopsis thaliana	callus	unannotated	Mesophyll	False
arabidopsis_callus_regeneration_scrna:GSM7453799_7DAC:CCTCCTCAGGACAACC-1	Arabidopsis thaliana	callus	unannotated	Mesophyll	False
arabidopsis_callus_regeneration_scrna:GSM7453799_7DAC:CGAAGGAGTCCAAATC-1	Arabidopsis thaliana	callus	unannotated	Mesophyll	False
arabidopsis_callus_regeneration_scrna:GSM7453799_7DAC:CGAAGGATCTCGAGTA-1	Arabidopsis thaliana	callus	unannotated	Mesophyll	False
arabidopsis_callus_regeneration_scrna:GSM7453799_7DAC:CGAGTGCTCACTTATC-1	Arabidopsis thaliana	callus	unannotated	Mesophyll	False
arabidopsis_callus_regeneration_scrna:GSM7453799_7DAC:CGATCGGCATCCGAGC-1	Arabidopsis thaliana	callus	unannotated	Mesophyll	False
arabidopsis_callus_regeneration_scrna:GSM7453799_7DAC:CGGAATTAGTCATCCA-1	Arabidopsis thaliana	callus	unannotated	Mesophyll	False
arabidopsis_callus_regeneration_scrna:GSM7453799_7DAC:CGGCAGTTCTCGTGAA-1	Arabidopsis thaliana	callus	unannotated	Mesophyll	False
arabidopsis_callus_regeneration_scrna:GSM7453799_7DAC:CGGGTGTTCATAGCAC-1	Arabidopsis thaliana	callus	unannotated	Mesophyll	False
arabidopsis_callus_regeneration_scrna:GSM7453799_7DAC:CGTCAAATCGACATAC-1	Arabidopsis thaliana	callus	unannotated	Mesophyll	False
arabidopsis_callus_regeneration_scrna:GSM7453799_7DAC:CTACTATAGTCTTCCC-1	Arabidopsis thaliana	callus	unannotated	Mesophyll	False
arabidopsis_callus_regeneration_scrna:GSM7453799_7DAC:CTCAAGATCTCGGGAC-1	Arabidopsis thaliana	callus	unannotated	Mesophyll	False
arabidopsis_callus_regeneration_scrna:GSM7453799_7DAC:CTCTCAGCAATTGCTG-1	Arabidopsis thaliana	callus	unannotated	Mesophyll	False
arabidopsis_callus_regeneration_scrna:GSM7453799_7DAC:CTCTCAGGTGTCGATT-1	Arabidopsis thaliana	callus	unannotated	Mesophyll	False
arabidopsis_callus_regeneration_scrna:GSM7453799_7DAC:CTGCAGGGTGTTATCG-1	Arabidopsis thaliana	callus	unannotated	Mesophyll	False
arabidopsis_callus_regeneration_scrna:GSM7453799_7DAC:CTTAGGACAGTCGGAA-1	Arabidopsis thaliana	callus	unannotated	Mesophyll	False
arabidopsis_callus_regeneration_scrna:GSM7453799_7DAC:CTTTCAAGTACCAGAG-1	Arabidopsis thaliana	callus	unannotated	Mesophyll	False
arabidopsis_callus_regeneration_scrna:GSM7453799_7DAC:GAACGTTCAGTAGATA-1	Arabidopsis thaliana	callus	unannotated	Mesophyll	False
arabidopsis_callus_regeneration_scrna:GSM7453799_7DAC:GAAGCGATCTGTCTCG-1	Arabidopsis thaliana	callus	unannotated	Mesophyll	False
arabidopsis_callus_regeneration_scrna:GSM7453799_7DAC:GAAGTAAAGGCACTCC-1	Arabidopsis thaliana	callus	unannotated	Mesophyll	False
arabidopsis_callus_regeneration_scrna:GSM7453799_7DAC:GAAGTAACACACCGCA-1	Arabidopsis thaliana	callus	unannotated	Mesophyll	False
arabidopsis_callus_regeneration_scrna:GSM7453799_7DAC:GACATCAGTCGAACGA-1	Arabidopsis thaliana	callus	unannotated	Mesophyll	False
arabidopsis_callus_regeneration_scrna:GSM7453799_7DAC:GACCCTTCAACATCGT-1	Arabidopsis thaliana	callus	unannotated	Mesophyll	False
arabidopsis_callus_regeneration_scrna:GSM7453799_7DAC:GAGACTTCAGAAGTTA-1	Arabidopsis thaliana	callus	unannotated	Mesophyll	False
arabidopsis_callus_regeneration_scrna:GSM7453799_7DAC:GAGTTGTGTGGACCTC-1	Arabidopsis thaliana	callus	unannotated	Mesophyll	False
arabidopsis_callus_regeneration_scrna:GSM7453799_7DAC:GATAGAACACAAGCTT-1	Arabidopsis thaliana	callus	unannotated	Mesophyll	False
arabidopsis_callus_regeneration_scrna:GSM7453799_7DAC:GATAGAAGTAGCGCTC-1	Arabidopsis thaliana	callus	unannotated	Mesophyll	False
arabidopsis_callus_regeneration_scrna:GSM7453799_7DAC:GATCACATCATTGGTG-1	Arabidopsis thaliana	callus	unannotated	Mesophyll	False
arabidopsis_callus_regeneration_scrna:GSM7453799_7DAC:GCATTAGTCATACGAC-1	Arabidopsis thaliana	callus	unannotated	Mesophyll	False
arabidopsis_callus_regeneration_scrna:GSM7453799_7DAC:GCCCGAACAAGGCCTC-1	Arabidopsis thaliana	callus	unannotated	Mesophyll	False
arabidopsis_callus_regeneration_scrna:GSM7453799_7DAC:GCCGATGGTACGATGG-1	Arabidopsis thaliana	callus	unannotated	Mesophyll	False
arabidopsis_callus_regeneration_scrna:GSM7453799_7DAC:GCGGATCGTTTCACTT-1	Arabidopsis thaliana	callus	unannotated	Mesophyll	False
arabidopsis_callus_regeneration_scrna:GSM7453799_7DAC:GCGGATCTCCTCTAGC-1	Arabidopsis thaliana	callus	unannotated	Mesophyll	False
arabidopsis_callus_regeneration_scrna:GSM7453799_7DAC:GCTGAATTCTCGCAGG-1	Arabidopsis thaliana	callus	unannotated	Mesophyll	False
arabidopsis_callus_regeneration_scrna:GSM7453799_7DAC:GCTGGGTTCGTTGTTT-1	Arabidopsis thaliana	callus	unannotated	Mesophyll	False
arabidopsis_callus_regeneration_scrna:GSM7453799_7DAC:GCTTTCGGTAGTGATA-1	Arabidopsis thaliana	callus	unannotated	Mesophyll	False
arabidopsis_callus_regeneration_scrna:GSM7453799_7DAC:GGACGTCAGGCACTAG-1	Arabidopsis thaliana	callus	unannotated	Mesophyll	False
arabidopsis_callus_regeneration_scrna:GSM7453799_7DAC:GGAGAACAGTCGTTAC-1	Arabidopsis thaliana	callus	unannotated	Mesophyll	False
arabidopsis_callus_regeneration_scrna:GSM7453799_7DAC:GGAGATGGTATGAAGT-1	Arabidopsis thaliana	callus	unannotated	Mesophyll	False
arabidopsis_callus_regeneration_scrna:GSM7453799_7DAC:GGAGCAATCGGTGCAC-1	Arabidopsis thaliana	callus	unannotated	Mesophyll	False
arabidopsis_callus_regeneration_scrna:GSM7453799_7DAC:GGATCTACAATCAGCT-1	Arabidopsis thaliana	callus	unannotated	Mesophyll	False
arabidopsis_callus_regeneration_scrna:GSM7453799_7DAC:GGCAGTCCACAGAGAC-1	Arabidopsis thaliana	callus	unannotated	Mesophyll	False
arabidopsis_callus_regeneration_scrna:GSM7453799_7DAC:GGCAGTCTCACTCCGT-1	Arabidopsis thaliana	callus	unannotated	Mesophyll	False
arabidopsis_callus_regeneration_scrna:GSM7453799_7DAC:GGGAGATAGAGCCGAT-1	Arabidopsis thaliana	callus	unannotated	Mesophyll	False
arabidopsis_callus_regeneration_scrna:GSM7453799_7DAC:GGGAGATAGCTCCATA-1	Arabidopsis thaliana	callus	unannotated	Mesophyll	False
arabidopsis_callus_regeneration_scrna:GSM7453799_7DAC:GGGATCCCAACGTATC-1	Arabidopsis thaliana	callus	unannotated	Mesophyll	False
arabidopsis_callus_regeneration_scrna:GSM7453799_7DAC:GGGCCATTCCGTGGGT-1	Arabidopsis thaliana	callus	unannotated	Mesophyll	False
arabidopsis_callus_regeneration_scrna:GSM7453799_7DAC:GGTAGAGAGTAAGACT-1	Arabidopsis thaliana	callus	unannotated	Mesophyll	False
arabidopsis_callus_regeneration_scrna:GSM7453799_7DAC:GGTAGAGCACAGTACT-1	Arabidopsis thaliana	callus	unannotated	Mesophyll	False
arabidopsis_callus_regeneration_scrna:GSM7453799_7DAC:GGTGAAGGTTCCGTTC-1	Arabidopsis thaliana	callus	unannotated	Mesophyll	False
arabidopsis_callus_regeneration_scrna:GSM7453799_7DAC:GTCGTAATCTGTAACG-1	Arabidopsis thaliana	callus	unannotated	Mesophyll	False
arabidopsis_callus_regeneration_scrna:GSM7453799_7DAC:GTCTACCCACAAATAG-1	Arabidopsis thaliana	callus	unannotated	Mesophyll	False
arabidopsis_callus_regeneration_scrna:GSM7453799_7DAC:GTCTACCCATGCCATA-1	Arabidopsis thaliana	callus	unannotated	Mesophyll	False
arabidopsis_callus_regeneration_scrna:GSM7453799_7DAC:GTCTACCGTTCCCAAA-1	Arabidopsis thaliana	callus	unannotated	Mesophyll	False
arabidopsis_callus_regeneration_scrna:GSM7453799_7DAC:GTGATGTTCCCGTGAG-1	Arabidopsis thaliana	callus	unannotated	Mesophyll	False
arabidopsis_callus_regeneration_scrna:GSM7453799_7DAC:GTGTGGCAGCGACTAG-1	Arabidopsis thaliana	callus	unannotated	Mesophyll	False
arabidopsis_callus_regeneration_scrna:GSM7453799_7DAC:GTGTTAGAGTACAGCG-1	Arabidopsis thaliana	callus	unannotated	Mesophyll	False
arabidopsis_callus_regeneration_scrna:GSM7453799_7DAC:GTGTTCCCAAGAAACT-1	Arabidopsis thaliana	callus	unannotated	Mesophyll	False
arabidopsis_callus_regeneration_scrna:GSM7453799_7DAC:GTTACCCTCTCATGGA-1	Arabidopsis thaliana	callus	unannotated	Mesophyll	False
arabidopsis_callus_regeneration_scrna:GSM7453799_7DAC:GTTCCGTCATGAGATA-1	Arabidopsis thaliana	callus	unannotated	Mesophyll	False
arabidopsis_callus_regeneration_scrna:GSM7453799_7DAC:TAACGACTCGCAGTGC-1	Arabidopsis thaliana	callus	unannotated	Mesophyll	False
arabidopsis_callus_regeneration_scrna:GSM7453799_7DAC:TAAGCGTCAAGTGCTT-1	Arabidopsis thaliana	callus	unannotated	Mesophyll	False
arabidopsis_callus_regeneration_scrna:GSM7453799_7DAC:TACACCCAGGGCTGAT-1	Arabidopsis thaliana	callus	unannotated	Mesophyll	False
arabidopsis_callus_regeneration_scrna:GSM7453799_7DAC:TACATTCAGCACTGGA-1	Arabidopsis thaliana	callus	unannotated	Mesophyll	False
arabidopsis_callus_regeneration_scrna:GSM7453799_7DAC:TACGTCCCAACCGATT-1	Arabidopsis thaliana	callus	unannotated	Mesophyll	False
arabidopsis_callus_regeneration_scrna:GSM7453799_7DAC:TAGACTGTCGTTAGTG-1	Arabidopsis thaliana	callus	unannotated	Mesophyll	False
arabidopsis_callus_regeneration_scrna:GSM7453799_7DAC:TAGATCGAGAGGTGCT-1	Arabidopsis thaliana	callus	unannotated	Mesophyll	False
arabidopsis_callus_regeneration_scrna:GSM7453799_7DAC:TAGTGCAAGCAACCAG-1	Arabidopsis thaliana	callus	unannotated	Mesophyll	False
arabidopsis_callus_regeneration_scrna:GSM7453799_7DAC:TATCAGGTCGGTATGT-1	Arabidopsis thaliana	callus	unannotated	Mesophyll	False
arabidopsis_callus_regeneration_scrna:GSM7453799_7DAC:TATCTGTAGCCGGAAT-1	Arabidopsis thaliana	callus	unannotated	Mesophyll	False
arabidopsis_callus_regeneration_scrna:GSM7453799_7DAC:TATGTTCCATTGACCA-1	Arabidopsis thaliana	callus	unannotated	Mesophyll	False
arabidopsis_callus_regeneration_scrna:GSM7453799_7DAC:TCAAGTGCAGTCAGTT-1	Arabidopsis thaliana	callus	unannotated	Mesophyll	False
arabidopsis_callus_regeneration_scrna:GSM7453799_7DAC:TCAAGTGGTTGGAGGT-1	Arabidopsis thaliana	callus	unannotated	Mesophyll	False
arabidopsis_callus_regeneration_scrna:GSM7453799_7DAC:TCAGGGCAGTCCCTAA-1	Arabidopsis thaliana	callus	unannotated	Mesophyll	False
arabidopsis_callus_regeneration_scrna:GSM7453799_7DAC:TCATGAGGTGATTGGG-1	Arabidopsis thaliana	callus	unannotated	Mesophyll	False
arabidopsis_callus_regeneration_scrna:GSM7453799_7DAC:TCATGCCAGGTGCATG-1	Arabidopsis thaliana	callus	unannotated	Mesophyll	False
arabidopsis_callus_regeneration_scrna:GSM7453799_7DAC:TCCTCTTTCAAGAGGC-1	Arabidopsis thaliana	callus	unannotated	Mesophyll	False
arabidopsis_callus_regeneration_scrna:GSM7453799_7DAC:TCGCTCAGTAGGATAT-1	Arabidopsis thaliana	callus	unannotated	Mesophyll	False
arabidopsis_callus_regeneration_scrna:GSM7453799_7DAC:TCGGGTGAGCTCGAAG-1	Arabidopsis thaliana	callus	unannotated	Mesophyll	False
arabidopsis_callus_regeneration_scrna:GSM7453799_7DAC:TGAGCATGTTGTAGCT-1	Arabidopsis thaliana	callus	unannotated	Mesophyll	False
arabidopsis_callus_regeneration_scrna:GSM7453799_7DAC:TGATGGTCACCGTGGT-1	Arabidopsis thaliana	callus	unannotated	Mesophyll	False
arabidopsis_callus_regeneration_scrna:GSM7453799_7DAC:TGCACGGGTCAAAGCG-1	Arabidopsis thaliana	callus	unannotated	Mesophyll	False
arabidopsis_callus_regeneration_scrna:GSM7453799_7DAC:TGCATCCGTCATCAGT-1	Arabidopsis thaliana	callus	unannotated	Mesophyll	False
arabidopsis_callus_regeneration_scrna:GSM7453799_7DAC:TGGGAAGTCGTAACAC-1	Arabidopsis thaliana	callus	unannotated	Mesophyll	False
arabidopsis_callus_regeneration_scrna:GSM7453799_7DAC:TGGGAGAAGTATGAGT-1	Arabidopsis thaliana	callus	unannotated	Mesophyll	False
arabidopsis_callus_regeneration_scrna:GSM7453799_7DAC:TGGGAGATCTAGTTCT-1	Arabidopsis thaliana	callus	unannotated	Mesophyll	False
arabidopsis_callus_regeneration_scrna:GSM7453799_7DAC:TGGTACACACACAGAG-1	Arabidopsis thaliana	callus	unannotated	Mesophyll	False
arabidopsis_callus_regeneration_scrna:GSM7453799_7DAC:TGTCAGACATTCATCT-1	Arabidopsis thaliana	callus	unannotated	Mesophyll	False
arabidopsis_callus_regeneration_scrna:GSM7453799_7DAC:TTACCATCATCTGTTT-1	Arabidopsis thaliana	callus	unannotated	Mesophyll	False
arabidopsis_callus_regeneration_scrna:GSM7453799_7DAC:TTCCGGTGTACAATAG-1	Arabidopsis thaliana	callus	unannotated	Mesophyll	False
arabidopsis_callus_regeneration_scrna:GSM7453799_7DAC:TTCGCTGTCAGAACCT-1	Arabidopsis thaliana	callus	unannotated	Mesophyll	False
arabidopsis_callus_regeneration_scrna:GSM7453799_7DAC:TTGCGTCAGGTTCTTG-1	Arabidopsis thaliana	callus	unannotated	Mesophyll	False
arabidopsis_callus_regeneration_scrna:GSM7453799_7DAC:TTTACGTAGTCGCGAA-1	Arabidopsis thaliana	callus	unannotated	Mesophyll	False
arabidopsis_callus_regeneration_scrna:GSM7453799_7DAC:TTTATGCCACAGTACT-1	Arabidopsis thaliana	callus	unannotated	Mesophyll	False
arabidopsis_callus_regeneration_scrna:GSM7453799_7DAC:TTTCATGAGAAAGCGA-1	Arabidopsis thaliana	callus	unannotated	Mesophyll	False
arabidopsis_callus_regeneration_scrna:GSM7453799_7DAC:TTTCCTCTCAGGACAG-1	Arabidopsis thaliana	callus	unannotated	Mesophyll	False
arabidopsis_callus_regeneration_scrna:GSM7453799_7DAC:TTTGACTTCGAGAAAT-1	Arabidopsis thaliana	callus	unannotated	Mesophyll	False
arabidopsis_callus_regeneration_scrna:GSM7453800_12DAC:AAATGGAAGTCATCGT-1	Arabidopsis thaliana	callus	unannotated	Mesophyll	False
arabidopsis_callus_regeneration_scrna:GSM7453800_12DAC:AACCTTTCAATCTCTT-1	Arabidopsis thaliana	callus	unannotated	Mesophyll	False
arabidopsis_callus_regeneration_scrna:GSM7453800_12DAC:AAGATAGGTGAGCGAT-1	Arabidopsis thaliana	callus	unannotated	Mesophyll	False
arabidopsis_callus_regeneration_scrna:GSM7453800_12DAC:AAGCCATCAGAGTGTG-1	Arabidopsis thaliana	callus	unannotated	Mesophyll	False
arabidopsis_callus_regeneration_scrna:GSM7453800_12DAC:AAGGAATAGGAAAGGT-1	Arabidopsis thaliana	callus	unannotated	Mesophyll	False
arabidopsis_callus_regeneration_scrna:GSM7453800_12DAC:ACACAGTGTGTGGTCC-1	Arabidopsis thaliana	callus	unannotated	Mesophyll	False
arabidopsis_callus_regeneration_scrna:GSM7453800_12DAC:ACAGCCGGTCGTGTTA-1	Arabidopsis thaliana	callus	unannotated	Mesophyll	False
arabidopsis_callus_regeneration_scrna:GSM7453800_12DAC:ACGATCACACCGAATT-1	Arabidopsis thaliana	callus	unannotated	Mesophyll	False
arabidopsis_callus_regeneration_scrna:GSM7453800_12DAC:ACGCACGAGGGCAATC-1	Arabidopsis thaliana	callus	unannotated	Mesophyll	False
arabidopsis_callus_regeneration_scrna:GSM7453800_12DAC:ACGGAAGTCTAGTCAG-1	Arabidopsis thaliana	callus	unannotated	Mesophyll	False
arabidopsis_callus_regeneration_scrna:GSM7453800_12DAC:AGAAATGTCCACACCT-1	Arabidopsis thaliana	callus	unannotated	Mesophyll	False
arabidopsis_callus_regeneration_scrna:GSM7453800_12DAC:AGAGCAGAGTCTCGTA-1	Arabidopsis thaliana	callus	unannotated	Mesophyll	False
arabidopsis_callus_regeneration_scrna:GSM7453800_12DAC:ATATCCTAGAGAACCC-1	Arabidopsis thaliana	callus	unannotated	Mesophyll	False
arabidopsis_callus_regeneration_scrna:GSM7453800_12DAC:ATCACAGGTACCACGC-1	Arabidopsis thaliana	callus	unannotated	Mesophyll	False
arabidopsis_callus_regeneration_scrna:GSM7453800_12DAC:ATCCGTCTCCCGAGAC-1	Arabidopsis thaliana	callus	unannotated	Mesophyll	False
arabidopsis_callus_regeneration_scrna:GSM7453800_12DAC:ATCGGATTCGATAACC-1	Arabidopsis thaliana	callus	unannotated	Mesophyll	False
arabidopsis_callus_regeneration_scrna:GSM7453800_12DAC:ATCGGCGAGTAACCTC-1	Arabidopsis thaliana	callus	unannotated	Mesophyll	False
arabidopsis_callus_regeneration_scrna:GSM7453800_12DAC:ATCTCTAAGCTCTATG-1	Arabidopsis thaliana	callus	unannotated	Mesophyll	False
arabidopsis_callus_regeneration_scrna:GSM7453800_12DAC:ATCTCTAAGCTGCGAA-1	Arabidopsis thaliana	callus	unannotated	Mesophyll	False
arabidopsis_callus_regeneration_scrna:GSM7453800_12DAC:ATTACCTTCATAAGGA-1	Arabidopsis thaliana	callus	unannotated	Mesophyll	False
arabidopsis_callus_regeneration_scrna:GSM7453800_12DAC:ATTCATCAGGAAGTAG-1	Arabidopsis thaliana	callus	unannotated	Mesophyll	False
arabidopsis_callus_regeneration_scrna:GSM7453800_12DAC:ATTCGTTCAATAGAGT-1	Arabidopsis thaliana	callus	unannotated	Mesophyll	False
arabidopsis_callus_regeneration_scrna:GSM7453800_12DAC:ATTCGTTGTGACACAG-1	Arabidopsis thaliana	callus	unannotated	Mesophyll	False
arabidopsis_callus_regeneration_scrna:GSM7453800_12DAC:CACGTGGTCAAGTAAG-1	Arabidopsis thaliana	callus	unannotated	Mesophyll	False
arabidopsis_callus_regeneration_scrna:GSM7453800_12DAC:CACGTTCAGTGAATAC-1	Arabidopsis thaliana	callus	unannotated	Mesophyll	False
arabidopsis_callus_regeneration_scrna:GSM7453800_12DAC:CACTGAATCCTTCAGC-1	Arabidopsis thaliana	callus	unannotated	Mesophyll	False
arabidopsis_callus_regeneration_scrna:GSM7453800_12DAC:CAGGTATTCACCTTGC-1	Arabidopsis thaliana	callus	unannotated	Mesophyll	False
arabidopsis_callus_regeneration_scrna:GSM7453800_12DAC:CAGTTCCAGCTGAGCA-1	Arabidopsis thaliana	callus	unannotated	Mesophyll	False
arabidopsis_callus_regeneration_scrna:GSM7453800_12DAC:CATGGTACATCCAATG-1	Arabidopsis thaliana	callus	unannotated	Mesophyll	False
arabidopsis_callus_regeneration_scrna:GSM7453800_12DAC:CATTGAGAGGAAAGGT-1	Arabidopsis thaliana	callus	unannotated	Mesophyll	False
arabidopsis_callus_regeneration_scrna:GSM7453800_12DAC:CCAATGACATGGGAAC-1	Arabidopsis thaliana	callus	unannotated	Mesophyll	False
arabidopsis_callus_regeneration_scrna:GSM7453800_12DAC:CCCAACTTCATACAGC-1	Arabidopsis thaliana	callus	unannotated	Mesophyll	False
arabidopsis_callus_regeneration_scrna:GSM7453800_12DAC:CCCGAAGGTTCGGTAT-1	Arabidopsis thaliana	callus	unannotated	Mesophyll	False
arabidopsis_callus_regeneration_scrna:GSM7453800_12DAC:CCCTCTCTCCCATAAG-1	Arabidopsis thaliana	callus	unannotated	Mesophyll	False
arabidopsis_callus_regeneration_scrna:GSM7453800_12DAC:CCGAACGTCCTCACCA-1	Arabidopsis thaliana	callus	unannotated	Mesophyll	False
arabidopsis_callus_regeneration_scrna:GSM7453800_12DAC:CCGTTCATCGAAGAAT-1	Arabidopsis thaliana	callus	unannotated	Mesophyll	False
arabidopsis_callus_regeneration_scrna:GSM7453800_12DAC:CCTAAGACAGGCTATT-1	Arabidopsis thaliana	callus	unannotated	Mesophyll	False
arabidopsis_callus_regeneration_scrna:GSM7453800_12DAC:CGAAGTTAGGCAGCTA-1	Arabidopsis thaliana	callus	unannotated	Mesophyll	False
arabidopsis_callus_regeneration_scrna:GSM7453800_12DAC:CGTGTCTCACGGCGTT-1	Arabidopsis thaliana	callus	unannotated	Mesophyll	False
arabidopsis_callus_regeneration_scrna:GSM7453800_12DAC:CTACTATCAGCTGAGA-1	Arabidopsis thaliana	callus	unannotated	Mesophyll	False
arabidopsis_callus_regeneration_scrna:GSM7453800_12DAC:CTATCCGCAAGGTCGA-1	Arabidopsis thaliana	callus	unannotated	Mesophyll	False
arabidopsis_callus_regeneration_scrna:GSM7453800_12DAC:CTCAATTGTACCGCGT-1	Arabidopsis thaliana	callus	unannotated	Mesophyll	False
arabidopsis_callus_regeneration_scrna:GSM7453800_12DAC:CTCCCAATCCTCTGCA-1	Arabidopsis thaliana	callus	unannotated	Mesophyll	False
arabidopsis_callus_regeneration_scrna:GSM7453800_12DAC:CTGCCTAGTACCGCGT-1	Arabidopsis thaliana	callus	unannotated	Mesophyll	False
arabidopsis_callus_regeneration_scrna:GSM7453800_12DAC:CTTCCTTAGGTTCTAC-1	Arabidopsis thaliana	callus	unannotated	Mesophyll	False
arabidopsis_callus_regeneration_scrna:GSM7453800_12DAC:CTTTCGGAGCATCCTA-1	Arabidopsis thaliana	callus	unannotated	Mesophyll	False
arabidopsis_callus_regeneration_scrna:GSM7453800_12DAC:CTTTCGGGTGGATCAG-1	Arabidopsis thaliana	callus	unannotated	Mesophyll	False
arabidopsis_callus_regeneration_scrna:GSM7453800_12DAC:GAGCTGCGTTGCGAAG-1	Arabidopsis thaliana	callus	unannotated	Mesophyll	False
arabidopsis_callus_regeneration_scrna:GSM7453800_12DAC:GATGTTGGTCCCAAAT-1	Arabidopsis thaliana	callus	unannotated	Mesophyll	False
arabidopsis_callus_regeneration_scrna:GSM7453800_12DAC:GCAACATAGTCCCAAT-1	Arabidopsis thaliana	callus	unannotated	Mesophyll	False
arabidopsis_callus_regeneration_scrna:GSM7453800_12DAC:GCAACATCACGGAAGT-1	Arabidopsis thaliana	callus	unannotated	Mesophyll	False
arabidopsis_callus_regeneration_scrna:GSM7453800_12DAC:GCCATTCCAGTGTGGA-1	Arabidopsis thaliana	callus	unannotated	Mesophyll	False
arabidopsis_callus_regeneration_scrna:GSM7453800_12DAC:GCCCGAATCACCACAA-1	Arabidopsis thaliana	callus	unannotated	Mesophyll	False
arabidopsis_callus_regeneration_scrna:GSM7453800_12DAC:GCGATCGGTTAGAGAT-1	Arabidopsis thaliana	callus	unannotated	Mesophyll	False
arabidopsis_callus_regeneration_scrna:GSM7453800_12DAC:GGAGGTACACGGGCTT-1	Arabidopsis thaliana	callus	unannotated	Mesophyll	False
arabidopsis_callus_regeneration_scrna:GSM7453800_12DAC:GGCTTTCAGTCCTGTA-1	Arabidopsis thaliana	callus	unannotated	Mesophyll	False
arabidopsis_callus_regeneration_scrna:GSM7453800_12DAC:GGGAAGTGTCGCTTAA-1	Arabidopsis thaliana	callus	unannotated	Mesophyll	False
arabidopsis_callus_regeneration_scrna:GSM7453800_12DAC:GGTAACTTCGCCGAAC-1	Arabidopsis thaliana	callus	unannotated	Mesophyll	False
arabidopsis_callus_regeneration_scrna:GSM7453800_12DAC:GGTTAACCAGGGAGAG-1	Arabidopsis thaliana	callus	unannotated	Mesophyll	False
arabidopsis_callus_regeneration_scrna:GSM7453800_12DAC:GTGACGCAGGGTGAAA-1	Arabidopsis thaliana	callus	unannotated	Mesophyll	False
arabidopsis_callus_regeneration_scrna:GSM7453800_12DAC:GTGCTTCAGGGCTGAT-1	Arabidopsis thaliana	callus	unannotated	Mesophyll	False
arabidopsis_callus_regeneration_scrna:GSM7453800_12DAC:GTGTAACAGCAAGTCG-1	Arabidopsis thaliana	callus	unannotated	Mesophyll	False
arabidopsis_callus_regeneration_scrna:GSM7453800_12DAC:GTTGTCCCAAGTAGTA-1	Arabidopsis thaliana	callus	unannotated	Mesophyll	False
arabidopsis_callus_regeneration_scrna:GSM7453800_12DAC:TAACTTCGTCACAGAG-1	Arabidopsis thaliana	callus	unannotated	Mesophyll	False
arabidopsis_callus_regeneration_scrna:GSM7453800_12DAC:TACCGGGTCTATGTGG-1	Arabidopsis thaliana	callus	unannotated	Mesophyll	False
arabidopsis_callus_regeneration_scrna:GSM7453800_12DAC:TACTTACCAAGACCGA-1	Arabidopsis thaliana	callus	unannotated	Mesophyll	False
arabidopsis_callus_regeneration_scrna:GSM7453800_12DAC:TACTTCACACGCGCTA-1	Arabidopsis thaliana	callus	unannotated	Mesophyll	False
arabidopsis_callus_regeneration_scrna:GSM7453800_12DAC:TATTCCATCCGCTAGG-1	Arabidopsis thaliana	callus	unannotated	Mesophyll	False
arabidopsis_callus_regeneration_scrna:GSM7453800_12DAC:TCACACCAGGAACTAT-1	Arabidopsis thaliana	callus	unannotated	Mesophyll	False
arabidopsis_callus_regeneration_scrna:GSM7453800_12DAC:TCATCATTCGGAATGG-1	Arabidopsis thaliana	callus	unannotated	Mesophyll	False
arabidopsis_callus_regeneration_scrna:GSM7453800_12DAC:TCATTACTCCGAAATC-1	Arabidopsis thaliana	callus	unannotated	Mesophyll	False
arabidopsis_callus_regeneration_scrna:GSM7453800_12DAC:TCCATCGCAGCATTGT-1	Arabidopsis thaliana	callus	unannotated	Mesophyll	False
arabidopsis_callus_regeneration_scrna:GSM7453800_12DAC:TCCATGCTCTACGCAA-1	Arabidopsis thaliana	callus	unannotated	Mesophyll	False
arabidopsis_callus_regeneration_scrna:GSM7453800_12DAC:TCCGGGAAGCGGTATG-1	Arabidopsis thaliana	callus	unannotated	Mesophyll	False
arabidopsis_callus_regeneration_scrna:GSM7453800_12DAC:TCGTAGAGTACTCCCT-1	Arabidopsis thaliana	callus	unannotated	Mesophyll	False
arabidopsis_callus_regeneration_scrna:GSM7453800_12DAC:TCTCCGATCTTCGGAA-1	Arabidopsis thaliana	callus	unannotated	Mesophyll	False
arabidopsis_callus_regeneration_scrna:GSM7453800_12DAC:TGACAGTCATTACGGT-1	Arabidopsis thaliana	callus	unannotated	Mesophyll	False
arabidopsis_callus_regeneration_scrna:GSM7453800_12DAC:TGAGGGAAGAGCCGTA-1	Arabidopsis thaliana	callus	unannotated	Mesophyll	False
arabidopsis_callus_regeneration_scrna:GSM7453800_12DAC:TGAGTCAGTTTCTATC-1	Arabidopsis thaliana	callus	unannotated	Mesophyll	False
arabidopsis_callus_regeneration_scrna:GSM7453800_12DAC:TGATCAGAGGCGTTGA-1	Arabidopsis thaliana	callus	unannotated	Mesophyll	False
arabidopsis_callus_regeneration_scrna:GSM7453800_12DAC:TGATTCTAGAAAGCGA-1	Arabidopsis thaliana	callus	unannotated	Mesophyll	False
arabidopsis_callus_regeneration_scrna:GSM7453800_12DAC:TGCGATAGTTTGAAAG-1	Arabidopsis thaliana	callus	unannotated	Mesophyll	False
arabidopsis_callus_regeneration_scrna:GSM7453800_12DAC:TGCTTCGTCTACTGCC-1	Arabidopsis thaliana	callus	unannotated	Mesophyll	False
arabidopsis_callus_regeneration_scrna:GSM7453800_12DAC:TGGAGGAGTCGTGCCA-1	Arabidopsis thaliana	callus	unannotated	Mesophyll	False
arabidopsis_callus_regeneration_scrna:GSM7453800_12DAC:TGGGAAGCACCTGCGA-1	Arabidopsis thaliana	callus	unannotated	Mesophyll	False
arabidopsis_callus_regeneration_scrna:GSM7453800_12DAC:TGGGAAGTCAGTGTGT-1	Arabidopsis thaliana	callus	unannotated	Mesophyll	False
arabidopsis_callus_regeneration_scrna:GSM7453800_12DAC:TGTGATGTCACATCAG-1	Arabidopsis thaliana	callus	unannotated	Mesophyll	False
arabidopsis_callus_regeneration_scrna:GSM7453800_12DAC:TTACCATAGCATACTC-1	Arabidopsis thaliana	callus	unannotated	Mesophyll	False
arabidopsis_callus_regeneration_scrna:GSM7453800_12DAC:TTACGTTGTACTAACC-1	Arabidopsis thaliana	callus	unannotated	Mesophyll	False
arabidopsis_callus_regeneration_scrna:GSM7453800_12DAC:TTCTAGTCAATACAGA-1	Arabidopsis thaliana	callus	unannotated	Mesophyll	False
arabidopsis_callus_regeneration_scrna:GSM7453800_12DAC:TTCTCTCCATCCGATA-1	Arabidopsis thaliana	callus	unannotated	Mesophyll	False
arabidopsis_callus_regeneration_scrna:GSM7453800_12DAC:TTGAACGAGCGACATG-1	Arabidopsis thaliana	callus	unannotated	Mesophyll	False
arabidopsis_callus_regeneration_scrna:GSM7453800_12DAC:TTGACCCCACTGCACG-1	Arabidopsis thaliana	callus	unannotated	Mesophyll	False
arabidopsis_callus_regeneration_scrna:GSM7453800_12DAC:TTGCCTGAGTGGAAGA-1	Arabidopsis thaliana	callus	unannotated	Mesophyll	False
arabidopsis_callus_regeneration_scrna:GSM7453800_12DAC:TTGGGATTCGAGCCAC-1	Arabidopsis thaliana	callus	unannotated	Mesophyll	False
arabidopsis_callus_regeneration_scrna:GSM7453800_12DAC:TTGTTCACATGGCTAT-1	Arabidopsis thaliana	callus	unannotated	Mesophyll	False
