iteration	accuracy	macro_f1	method
0	0.2676348547717842	0.14993735171310701	Frozen first projection
1	0.23132780082987553	0.1478360688506497	Frozen first projection
2	0.2603734439834025	0.16286504574039565	Frozen first projection
3	0.2551867219917012	0.15213972127406855	Frozen first projection
4	0.26348547717842324	0.16639596151791564	Frozen first projection
5	0.2603734439834025	0.16311981846769583	Frozen first projection
6	0.27282157676348545	0.155306912960448	Frozen first projection
7	0.25622406639004147	0.15385350410995197	Frozen first projection
8	0.2800829875518672	0.16146853146853146	Frozen first projection
9	0.237551867219917	0.14625177189903893	Frozen first projection
10	0.25103734439834025	0.1514380779972481	Frozen first projection
11	0.25	0.1489826200480466	Frozen first projection
12	0.24896265560165975	0.16292872742554193	Frozen first projection
13	0.2520746887966805	0.13631711882602326	Frozen first projection
14	0.2645228215767635	0.16211043103057982	Frozen first projection
15	0.2437759336099585	0.16295637690327097	Frozen first projection
16	0.2863070539419087	0.1639085025412803	Frozen first projection
17	0.26556016597510373	0.15342052578894685	Frozen first projection
18	0.274896265560166	0.15068119635640057	Frozen first projection
19	0.25933609958506226	0.16209153710273763	Frozen first projection
20	0.266597510373444	0.14571716107868687	Frozen first projection
21	0.262448132780083	0.1529631231320382	Frozen first projection
22	0.2645228215767635	0.16519725970240637	Frozen first projection
23	0.23132780082987553	0.13151222207961621	Frozen first projection
24	0.2551867219917012	0.14500207207920132	Frozen first projection
25	0.2697095435684647	0.16934852557010727	Frozen first projection
26	0.2697095435684647	0.15347290750516557	Frozen first projection
27	0.25	0.14763227604956652	Frozen first projection
28	0.27800829875518673	0.1484478252821788	Frozen first projection
29	0.24688796680497926	0.1421850565379526	Frozen first projection
30	0.262448132780083	0.1534133528835706	Frozen first projection
31	0.2821576763485477	0.17110960612344067	Frozen first projection
32	0.262448132780083	0.16062193006002964	Frozen first projection
33	0.23858921161825727	0.1402533808663841	Frozen first projection
34	0.24273858921161826	0.15779776465417747	Frozen first projection
35	0.266597510373444	0.1485295983863319	Frozen first projection
36	0.237551867219917	0.14170145719434965	Frozen first projection
37	0.24688796680497926	0.15696824425404599	Frozen first projection
38	0.23858921161825727	0.144238909471941	Frozen first projection
39	0.23651452282157676	0.137547666220697	Frozen first projection
40	0.25311203319502074	0.13697591124876907	Frozen first projection
41	0.24066390041493776	0.1562261076244906	Frozen first projection
42	0.2603734439834025	0.16590819945280794	Frozen first projection
43	0.25311203319502074	0.14230473346216524	Frozen first projection
44	0.2863070539419087	0.1614597822811668	Frozen first projection
45	0.25311203319502074	0.1520853221312557	Frozen first projection
46	0.26141078838174275	0.14684890225112726	Frozen first projection
47	0.25933609958506226	0.1603299015605237	Frozen first projection
48	0.25	0.15996559747876968	Frozen first projection
49	0.2437759336099585	0.148953925299111	Frozen first projection
50	0.25622406639004147	0.1593769359943983	Frozen first projection
51	0.2645228215767635	0.15006995012401078	Frozen first projection
52	0.2572614107883817	0.15592478435576732	Frozen first projection
53	0.21991701244813278	0.14170951716260405	Frozen first projection
54	0.23651452282157676	0.12724139807090734	Frozen first projection
55	0.2842323651452282	0.16633577397745009	Frozen first projection
56	0.25622406639004147	0.14839501132011926	Frozen first projection
57	0.25933609958506226	0.1493332403894953	Frozen first projection
58	0.24481327800829875	0.14754394547128252	Frozen first projection
59	0.266597510373444	0.15914563166835033	Frozen first projection
60	0.266597510373444	0.14100991083929632	Frozen first projection
61	0.28112033195020747	0.17330829851462887	Frozen first projection
62	0.2883817427385892	0.17642783594188366	Frozen first projection
63	0.25311203319502074	0.14992506542294162	Frozen first projection
64	0.245850622406639	0.14979688058081103	Frozen first projection
65	0.25622406639004147	0.1479572796863115	Frozen first projection
66	0.2676348547717842	0.15281460083774184	Frozen first projection
67	0.2769709543568465	0.15684693490391993	Frozen first projection
68	0.26348547717842324	0.15928893057451263	Frozen first projection
69	0.2821576763485477	0.18339565793128826	Frozen first projection
70	0.25103734439834025	0.14941558181628767	Frozen first projection
71	0.274896265560166	0.15712212454067537	Frozen first projection
72	0.27282157676348545	0.16655466994583384	Frozen first projection
73	0.2697095435684647	0.16903138732636616	Frozen first projection
74	0.2697095435684647	0.16235334713595584	Frozen first projection
75	0.2717842323651452	0.16704610249354454	Frozen first projection
76	0.2354771784232365	0.13299886163337252	Frozen first projection
77	0.26141078838174275	0.14958898285928923	Frozen first projection
78	0.258298755186722	0.1626938079772959	Frozen first projection
79	0.2717842323651452	0.15790731265798447	Frozen first projection
80	0.2572614107883817	0.15014777485509084	Frozen first projection
81	0.25311203319502074	0.16427177011210597	Frozen first projection
82	0.254149377593361	0.15273817832852665	Frozen first projection
83	0.23651452282157676	0.1470019563769564	Frozen first projection
84	0.24066390041493776	0.15815286253995933	Frozen first projection
85	0.25933609958506226	0.15116759245154607	Frozen first projection
86	0.25	0.1593865060126907	Frozen first projection
87	0.2645228215767635	0.1466245681359212	Frozen first projection
88	0.27593360995850624	0.16753166572633837	Frozen first projection
89	0.25622406639004147	0.16293703705593024	Frozen first projection
90	0.26141078838174275	0.1555726566025457	Frozen first projection
91	0.2520746887966805	0.14332242499506023	Frozen first projection
92	0.2551867219917012	0.14414636939509973	Frozen first projection
93	0.25	0.16433844855031882	Frozen first projection
94	0.2551867219917012	0.16054197828648292	Frozen first projection
95	0.2883817427385892	0.17588485100032233	Frozen first projection
96	0.258298755186722	0.15850445549325487	Frozen first projection
97	0.25933609958506226	0.14571183627556178	Frozen first projection
98	0.241701244813278	0.16144466819358272	Frozen first projection
99	0.26556016597510373	0.15728013250727257	Frozen first projection
100	0.266597510373444	0.171931566735453	Frozen first projection
101	0.28734439834024894	0.1654455929363135	Frozen first projection
102	0.26141078838174275	0.1572274196453114	Frozen first projection
103	0.24481327800829875	0.13196027823152096	Frozen first projection
104	0.266597510373444	0.15352866796020667	Frozen first projection
105	0.25103734439834025	0.14786316118774512	Frozen first projection
106	0.24896265560165975	0.13878359253493527	Frozen first projection
107	0.2603734439834025	0.1514957585888163	Frozen first projection
108	0.27385892116182575	0.16225008558957513	Frozen first projection
109	0.245850622406639	0.1492955544951573	Frozen first projection
110	0.25103734439834025	0.1589125083186591	Frozen first projection
111	0.2821576763485477	0.16765700797852512	Frozen first projection
112	0.237551867219917	0.1407074366383462	Frozen first projection
113	0.2676348547717842	0.16377041994416733	Frozen first projection
114	0.2697095435684647	0.16227680900375255	Frozen first projection
115	0.24481327800829875	0.14963699887588558	Frozen first projection
116	0.24066390041493776	0.13649053698421199	Frozen first projection
117	0.245850622406639	0.14391076877497114	Frozen first projection
118	0.2821576763485477	0.15338001819393515	Frozen first projection
119	0.23962655601659752	0.15208888056040748	Frozen first projection
120	0.262448132780083	0.15439273005593954	Frozen first projection
121	0.27074688796680496	0.17208747412893624	Frozen first projection
122	0.2645228215767635	0.1581845511691097	Frozen first projection
123	0.2520746887966805	0.15148840743601746	Frozen first projection
124	0.27385892116182575	0.15441846907398699	Frozen first projection
125	0.24896265560165975	0.14741610045564774	Frozen first projection
126	0.2603734439834025	0.14368793990567397	Frozen first projection
127	0.28734439834024894	0.16704919169643156	Frozen first projection
128	0.245850622406639	0.13685186484783224	Frozen first projection
129	0.23651452282157676	0.13377432087168512	Frozen first projection
130	0.26556016597510373	0.16910521510621251	Frozen first projection
131	0.2572614107883817	0.15074491524578462	Frozen first projection
132	0.245850622406639	0.14697029122927152	Frozen first projection
133	0.2603734439834025	0.14986644359672407	Frozen first projection
134	0.2520746887966805	0.15738530260589084	Frozen first projection
135	0.245850622406639	0.1503587471457865	Frozen first projection
136	0.254149377593361	0.155946383505324	Frozen first projection
137	0.25622406639004147	0.16197200465570594	Frozen first projection
138	0.2676348547717842	0.15812153348557587	Frozen first projection
139	0.245850622406639	0.1576970589078555	Frozen first projection
140	0.258298755186722	0.15220052502462328	Frozen first projection
141	0.2697095435684647	0.1521780274205601	Frozen first projection
142	0.26348547717842324	0.16164018114622952	Frozen first projection
143	0.26348547717842324	0.14897316099479074	Frozen first projection
144	0.262448132780083	0.15570017539478898	Frozen first projection
145	0.22821576763485477	0.12664051981577454	Frozen first projection
146	0.25103734439834025	0.14656829258749718	Frozen first projection
147	0.24688796680497926	0.1440445984188243	Frozen first projection
148	0.28734439834024894	0.1670615404585296	Frozen first projection
149	0.26556016597510373	0.16064517200243272	Frozen first projection
150	0.2717842323651452	0.14542541731021358	Frozen first projection
151	0.24688796680497926	0.14043908510203884	Frozen first projection
152	0.2479253112033195	0.16200253245597918	Frozen first projection
153	0.26348547717842324	0.16238804833205328	Frozen first projection
154	0.25311203319502074	0.15055563199041105	Frozen first projection
155	0.28112033195020747	0.17548165747738834	Frozen first projection
156	0.2479253112033195	0.1460636411516359	Frozen first projection
157	0.2883817427385892	0.17922792129252924	Frozen first projection
158	0.25103734439834025	0.14185499802745488	Frozen first projection
159	0.25933609958506226	0.14823005470566977	Frozen first projection
160	0.27074688796680496	0.15792836307864677	Frozen first projection
161	0.2572614107883817	0.14778243620706616	Frozen first projection
162	0.24273858921161826	0.14836956190661046	Frozen first projection
163	0.2645228215767635	0.15739413136220298	Frozen first projection
164	0.26556016597510373	0.15176457969631735	Frozen first projection
165	0.2572614107883817	0.1572948297055184	Frozen first projection
166	0.245850622406639	0.1372398060184145	Frozen first projection
167	0.26141078838174275	0.1622266776042861	Frozen first projection
168	0.22821576763485477	0.13916859352758698	Frozen first projection
169	0.24896265560165975	0.13830607687101554	Frozen first projection
170	0.258298755186722	0.1425031001299235	Frozen first projection
171	0.254149377593361	0.15120416383232976	Frozen first projection
172	0.26556016597510373	0.17067145749518703	Frozen first projection
173	0.254149377593361	0.15295937989315045	Frozen first projection
174	0.2863070539419087	0.17813935358955418	Frozen first projection
175	0.25622406639004147	0.15352838885989006	Frozen first projection
176	0.26867219917012447	0.1551020544090143	Frozen first projection
177	0.2645228215767635	0.15754131282808664	Frozen first projection
178	0.27593360995850624	0.17259590840497185	Frozen first projection
179	0.258298755186722	0.1631914580260595	Frozen first projection
180	0.2800829875518672	0.15950348654874943	Frozen first projection
181	0.2603734439834025	0.15886393495214945	Frozen first projection
182	0.2645228215767635	0.1590438530395903	Frozen first projection
183	0.25103734439834025	0.1393861052147254	Frozen first projection
184	0.258298755186722	0.15872845936487168	Frozen first projection
185	0.254149377593361	0.15311974616130636	Frozen first projection
186	0.245850622406639	0.14335294274777127	Frozen first projection
187	0.2551867219917012	0.15577717945957187	Frozen first projection
188	0.26141078838174275	0.17241399704886395	Frozen first projection
189	0.241701244813278	0.14212760751241166	Frozen first projection
190	0.245850622406639	0.1437576889633654	Frozen first projection
191	0.23962655601659752	0.14410415508111307	Frozen first projection
192	0.26556016597510373	0.16632384777878298	Frozen first projection
193	0.28319502074688796	0.17504926108374386	Frozen first projection
194	0.262448132780083	0.15698068117825176	Frozen first projection
195	0.24273858921161826	0.14426642816194804	Frozen first projection
196	0.24688796680497926	0.13875348517983493	Frozen first projection
197	0.26141078838174275	0.15320132988439006	Frozen first projection
198	0.266597510373444	0.15733436848915003	Frozen first projection
199	0.25622406639004147	0.14741368945439864	Frozen first projection
200	0.24896265560165975	0.15289763623097125	Frozen first projection
201	0.24273858921161826	0.14589298096172365	Frozen first projection
202	0.25933609958506226	0.1540361366029674	Frozen first projection
203	0.2479253112033195	0.14232949288456154	Frozen first projection
204	0.245850622406639	0.1466792898383468	Frozen first projection
205	0.27800829875518673	0.1752607055428554	Frozen first projection
206	0.26867219917012447	0.16061253833168493	Frozen first projection
207	0.23443983402489627	0.1367015760080938	Frozen first projection
208	0.2645228215767635	0.15038726816301765	Frozen first projection
209	0.25103734439834025	0.1493046063270534	Frozen first projection
210	0.2603734439834025	0.15778313798364013	Frozen first projection
211	0.23858921161825727	0.14710860836740028	Frozen first projection
212	0.27074688796680496	0.16840733167604824	Frozen first projection
213	0.25103734439834025	0.1386417552081064	Frozen first projection
214	0.27593360995850624	0.16581861441916254	Frozen first projection
215	0.22406639004149378	0.13385843323905475	Frozen first projection
216	0.24481327800829875	0.14538818973118095	Frozen first projection
217	0.2676348547717842	0.16713963377321633	Frozen first projection
218	0.2572614107883817	0.15482890162988713	Frozen first projection
219	0.2769709543568465	0.1524014891128564	Frozen first projection
220	0.23858921161825727	0.13985424274143565	Frozen first projection
221	0.2894190871369295	0.1604280869386368	Frozen first projection
222	0.2645228215767635	0.16492339746905083	Frozen first projection
223	0.26867219917012447	0.14740652615708683	Frozen first projection
224	0.279045643153527	0.16165276861719047	Frozen first projection
225	0.29149377593361	0.16704025424445618	Frozen first projection
226	0.2987551867219917	0.18252161019410376	Frozen first projection
227	0.2603734439834025	0.14831237957365173	Frozen first projection
228	0.254149377593361	0.16413194199006073	Frozen first projection
229	0.28319502074688796	0.16143432913686345	Frozen first projection
230	0.245850622406639	0.14690902888577306	Frozen first projection
231	0.24688796680497926	0.14707143136807915	Frozen first projection
232	0.241701244813278	0.14790371798978236	Frozen first projection
233	0.25	0.15081643203072165	Frozen first projection
234	0.2479253112033195	0.14166072657699985	Frozen first projection
235	0.24688796680497926	0.1357687079449633	Frozen first projection
236	0.24273858921161826	0.15020685704774756	Frozen first projection
237	0.26141078838174275	0.1486505379599402	Frozen first projection
238	0.2520746887966805	0.16187950599267195	Frozen first projection
239	0.26348547717842324	0.14919325649032225	Frozen first projection
240	0.245850622406639	0.1469586392830013	Frozen first projection
241	0.2697095435684647	0.1535178182808244	Frozen first projection
242	0.266597510373444	0.15479389272993924	Frozen first projection
243	0.2697095435684647	0.15091578429484043	Frozen first projection
244	0.2697095435684647	0.16768340664711634	Frozen first projection
245	0.24896265560165975	0.15338049497098585	Frozen first projection
246	0.2572614107883817	0.152555097811685	Frozen first projection
247	0.254149377593361	0.1566989768992266	Frozen first projection
248	0.266597510373444	0.1479294815209992	Frozen first projection
249	0.28112033195020747	0.16554873688212307	Frozen first projection
250	0.2572614107883817	0.14761076591910333	Frozen first projection
251	0.2645228215767635	0.15963524679655786	Frozen first projection
252	0.23962655601659752	0.1449025728934234	Frozen first projection
253	0.24688796680497926	0.15619478934765513	Frozen first projection
254	0.254149377593361	0.1449872808863968	Frozen first projection
255	0.2603734439834025	0.15417814233269234	Frozen first projection
256	0.28734439834024894	0.1742736709189196	Frozen first projection
257	0.245850622406639	0.1491380337557678	Frozen first projection
258	0.22302904564315354	0.13598996712779343	Frozen first projection
259	0.2603734439834025	0.15809279847521251	Frozen first projection
260	0.26141078838174275	0.16488618798527974	Frozen first projection
261	0.258298755186722	0.15477094793382032	Frozen first projection
262	0.2717842323651452	0.16039697714717155	Frozen first projection
263	0.2645228215767635	0.16090494206733214	Frozen first projection
264	0.229253112033195	0.13412235199326378	Frozen first projection
265	0.25933609958506226	0.14581838877050113	Frozen first projection
266	0.2769709543568465	0.15926728828632433	Frozen first projection
267	0.2603734439834025	0.15300872962871356	Frozen first projection
268	0.2717842323651452	0.16161175722548016	Frozen first projection
269	0.2676348547717842	0.16680615315773284	Frozen first projection
270	0.2551867219917012	0.15184868386309888	Frozen first projection
271	0.2479253112033195	0.14031752328662783	Frozen first projection
272	0.2800829875518672	0.15700417462192795	Frozen first projection
273	0.24481327800829875	0.15739215029055076	Frozen first projection
274	0.2603734439834025	0.1567306554467162	Frozen first projection
275	0.2603734439834025	0.15361418603290244	Frozen first projection
276	0.25	0.15865913952417218	Frozen first projection
277	0.2437759336099585	0.1416803313848209	Frozen first projection
278	0.27074688796680496	0.15033102719418204	Frozen first projection
279	0.25103734439834025	0.1510148929739954	Frozen first projection
280	0.2479253112033195	0.15916568715926932	Frozen first projection
281	0.2572614107883817	0.16125373523396522	Frozen first projection
282	0.2551867219917012	0.165486638870169	Frozen first projection
283	0.266597510373444	0.15549198989429164	Frozen first projection
284	0.26348547717842324	0.15521333542929364	Frozen first projection
285	0.2603734439834025	0.15425637158130803	Frozen first projection
286	0.237551867219917	0.15102913142579394	Frozen first projection
287	0.24066390041493776	0.14731090048895057	Frozen first projection
288	0.24896265560165975	0.1411878712546249	Frozen first projection
289	0.26348547717842324	0.16413906979665285	Frozen first projection
290	0.2603734439834025	0.16006658383393607	Frozen first projection
291	0.24896265560165975	0.13615437253894436	Frozen first projection
292	0.27385892116182575	0.1696316114347013	Frozen first projection
293	0.2520746887966805	0.14220454497416707	Frozen first projection
294	0.24688796680497926	0.15458241049271554	Frozen first projection
295	0.27593360995850624	0.15378593799149484	Frozen first projection
296	0.26348547717842324	0.15632667133925693	Frozen first projection
297	0.29149377593361	0.16266322268839706	Frozen first projection
298	0.2479253112033195	0.13854253595072075	Frozen first projection
299	0.25311203319502074	0.1454448101599615	Frozen first projection
300	0.28319502074688796	0.16016745472308294	Frozen first projection
301	0.274896265560166	0.16080071069517407	Frozen first projection
302	0.27282157676348545	0.15522420769501427	Frozen first projection
303	0.28112033195020747	0.16475264150508934	Frozen first projection
304	0.25103734439834025	0.141669183626826	Frozen first projection
305	0.2551867219917012	0.15734317324768668	Frozen first projection
306	0.2883817427385892	0.1716325071554275	Frozen first projection
307	0.26867219917012447	0.15829254740947826	Frozen first projection
308	0.2697095435684647	0.15355670633706753	Frozen first projection
309	0.2520746887966805	0.14543551182407255	Frozen first projection
310	0.2520746887966805	0.14685314853979425	Frozen first projection
311	0.258298755186722	0.14017278578276862	Frozen first projection
312	0.2821576763485477	0.16476787005984087	Frozen first projection
313	0.25933609958506226	0.14516778484082926	Frozen first projection
314	0.2800829875518672	0.15358472172988302	Frozen first projection
315	0.2863070539419087	0.16355918158520064	Frozen first projection
316	0.26348547717842324	0.1560642168417759	Frozen first projection
317	0.25311203319502074	0.15011621892734567	Frozen first projection
318	0.26867219917012447	0.15631095418476348	Frozen first projection
319	0.2717842323651452	0.1547301878311006	Frozen first projection
320	0.25	0.15230784879610595	Frozen first projection
321	0.25933609958506226	0.1364669479343626	Frozen first projection
322	0.27282157676348545	0.153715435516713	Frozen first projection
323	0.24688796680497926	0.1466585455952716	Frozen first projection
324	0.25622406639004147	0.14874105660467504	Frozen first projection
325	0.27385892116182575	0.16370799792794782	Frozen first projection
326	0.27593360995850624	0.1597931974562733	Frozen first projection
327	0.26348547717842324	0.1485214134965643	Frozen first projection
328	0.24273858921161826	0.1521509900684395	Frozen first projection
329	0.24273858921161826	0.15320567062758922	Frozen first projection
330	0.2821576763485477	0.16328017708642031	Frozen first projection
331	0.25622406639004147	0.14896305939499221	Frozen first projection
332	0.27282157676348545	0.1651570050734913	Frozen first projection
333	0.262448132780083	0.15454515705019764	Frozen first projection
334	0.258298755186722	0.14345717062053023	Frozen first projection
335	0.27385892116182575	0.1555589423408029	Frozen first projection
336	0.262448132780083	0.15892535704495586	Frozen first projection
337	0.2572614107883817	0.15996744710425076	Frozen first projection
338	0.2697095435684647	0.15436250381323496	Frozen first projection
339	0.25933609958506226	0.16069912570821493	Frozen first projection
340	0.2479253112033195	0.13869695651304847	Frozen first projection
341	0.24688796680497926	0.14345204204185213	Frozen first projection
342	0.26141078838174275	0.1623084823036842	Frozen first projection
343	0.2551867219917012	0.15304192693962038	Frozen first projection
344	0.27282157676348545	0.1703418950350568	Frozen first projection
345	0.2894190871369295	0.16871360076337072	Frozen first projection
346	0.2551867219917012	0.15870789697470333	Frozen first projection
347	0.254149377593361	0.15080900552896248	Frozen first projection
348	0.26348547717842324	0.15124424564639355	Frozen first projection
349	0.25933609958506226	0.15788271685232655	Frozen first projection
350	0.237551867219917	0.13347254073273818	Frozen first projection
351	0.2769709543568465	0.16624585527953173	Frozen first projection
352	0.24688796680497926	0.14715466214114503	Frozen first projection
353	0.23651452282157676	0.14208749781514726	Frozen first projection
354	0.2572614107883817	0.16102322380901737	Frozen first projection
355	0.2883817427385892	0.17401987289074738	Frozen first projection
356	0.24273858921161826	0.15482694197853078	Frozen first projection
357	0.26141078838174275	0.15850824568536745	Frozen first projection
358	0.2603734439834025	0.1559519055794692	Frozen first projection
359	0.23340248962655602	0.14765656984872894	Frozen first projection
360	0.2572614107883817	0.15549898799576695	Frozen first projection
361	0.266597510373444	0.15707928149271583	Frozen first projection
362	0.2437759336099585	0.15515783546300108	Frozen first projection
363	0.258298755186722	0.13753278122843338	Frozen first projection
364	0.24481327800829875	0.151223387244055	Frozen first projection
365	0.24273858921161826	0.15479337018452616	Frozen first projection
366	0.237551867219917	0.14482993892319987	Frozen first projection
367	0.25	0.1560642976795625	Frozen first projection
368	0.279045643153527	0.15721663203049074	Frozen first projection
369	0.258298755186722	0.155799180867	Frozen first projection
370	0.2572614107883817	0.14912302203456587	Frozen first projection
371	0.2676348547717842	0.1584692439923604	Frozen first projection
372	0.25	0.14793193322678058	Frozen first projection
373	0.2645228215767635	0.1577414638747406	Frozen first projection
374	0.25103734439834025	0.1509463256118689	Frozen first projection
375	0.2551867219917012	0.14519492761634928	Frozen first projection
376	0.26867219917012447	0.15545637419522726	Frozen first projection
377	0.2676348547717842	0.1537687846089551	Frozen first projection
378	0.25103734439834025	0.1496817583064198	Frozen first projection
379	0.29149377593361	0.17190251072899876	Frozen first projection
380	0.262448132780083	0.1535845508852312	Frozen first projection
381	0.2717842323651452	0.15753460649301293	Frozen first projection
382	0.2697095435684647	0.1619416363076443	Frozen first projection
383	0.262448132780083	0.16603907477367724	Frozen first projection
384	0.29564315352697096	0.17302043881248275	Frozen first projection
385	0.2645228215767635	0.15782682217073013	Frozen first projection
386	0.2520746887966805	0.15139885602694894	Frozen first projection
387	0.2551867219917012	0.16114443571808432	Frozen first projection
388	0.2572614107883817	0.14227973881515593	Frozen first projection
389	0.27593360995850624	0.151235330486912	Frozen first projection
390	0.27800829875518673	0.16361434930683558	Frozen first projection
391	0.2717842323651452	0.1524238660865249	Frozen first projection
392	0.2645228215767635	0.1587796900087356	Frozen first projection
393	0.25	0.14988308743185924	Frozen first projection
394	0.27385892116182575	0.16143332715478226	Frozen first projection
395	0.24688796680497926	0.15629173361364068	Frozen first projection
396	0.258298755186722	0.16453045073691516	Frozen first projection
397	0.2676348547717842	0.15090479523855024	Frozen first projection
398	0.2551867219917012	0.15562438598735293	Frozen first projection
399	0.241701244813278	0.14525844900005652	Frozen first projection
400	0.2717842323651452	0.16330412191936727	Frozen first projection
401	0.279045643153527	0.15769928289028456	Frozen first projection
402	0.2821576763485477	0.1671245596548883	Frozen first projection
403	0.27800829875518673	0.14787584495161815	Frozen first projection
404	0.2551867219917012	0.1611462894292532	Frozen first projection
405	0.2697095435684647	0.16044838657489724	Frozen first projection
406	0.2551867219917012	0.149168182763114	Frozen first projection
407	0.22095435684647302	0.13609148701670815	Frozen first projection
408	0.254149377593361	0.15851761486647115	Frozen first projection
409	0.24688796680497926	0.15268503664282446	Frozen first projection
410	0.27593360995850624	0.15184971481910925	Frozen first projection
411	0.25933609958506226	0.15199319446392145	Frozen first projection
412	0.2603734439834025	0.1597029020935573	Frozen first projection
413	0.23340248962655602	0.14961464984508666	Frozen first projection
414	0.26867219917012447	0.15374318962077776	Frozen first projection
415	0.2520746887966805	0.15416246999694333	Frozen first projection
416	0.258298755186722	0.14233964158105428	Frozen first projection
417	0.27074688796680496	0.1559991365150683	Frozen first projection
418	0.2479253112033195	0.1500581225519088	Frozen first projection
419	0.24481327800829875	0.1517251840007258	Frozen first projection
420	0.24896265560165975	0.15693857370476993	Frozen first projection
421	0.258298755186722	0.1518309944932388	Frozen first projection
422	0.2551867219917012	0.1478414507425032	Frozen first projection
423	0.266597510373444	0.15411711884799703	Frozen first projection
424	0.24481327800829875	0.15238487835726605	Frozen first projection
425	0.2603734439834025	0.1439245540628227	Frozen first projection
426	0.2551867219917012	0.16089612443409884	Frozen first projection
427	0.245850622406639	0.137055421748876	Frozen first projection
428	0.26556016597510373	0.15961203100515164	Frozen first projection
429	0.245850622406639	0.14899160116270277	Frozen first projection
430	0.25933609958506226	0.16176927492713944	Frozen first projection
431	0.25	0.14430530026080413	Frozen first projection
432	0.254149377593361	0.13675907174342355	Frozen first projection
433	0.28319502074688796	0.17029657428408151	Frozen first projection
434	0.26556016597510373	0.16641728834018107	Frozen first projection
435	0.262448132780083	0.1525519099071277	Frozen first projection
436	0.26867219917012447	0.15168012028865763	Frozen first projection
437	0.25622406639004147	0.15980325316203853	Frozen first projection
438	0.25933609958506226	0.15511092550576588	Frozen first projection
439	0.25933609958506226	0.15391552212904058	Frozen first projection
440	0.274896265560166	0.16458056625151468	Frozen first projection
441	0.2551867219917012	0.14494188396433852	Frozen first projection
442	0.24896265560165975	0.15481053002431278	Frozen first projection
443	0.26556016597510373	0.16291534504393929	Frozen first projection
444	0.2676348547717842	0.16902655165442415	Frozen first projection
445	0.258298755186722	0.14968603011386356	Frozen first projection
446	0.245850622406639	0.14317191888405728	Frozen first projection
447	0.27282157676348545	0.16130762347911218	Frozen first projection
448	0.27074688796680496	0.16686937148934053	Frozen first projection
449	0.27385892116182575	0.16623501483382033	Frozen first projection
450	0.23651452282157676	0.14335155196757376	Frozen first projection
451	0.2551867219917012	0.16561249489358243	Frozen first projection
452	0.245850622406639	0.13814227359515574	Frozen first projection
453	0.2479253112033195	0.1422705596917646	Frozen first projection
454	0.2821576763485477	0.17818260591961038	Frozen first projection
455	0.2769709543568465	0.15992868921762254	Frozen first projection
456	0.25933609958506226	0.16283908128044133	Frozen first projection
457	0.27593360995850624	0.15798322320364533	Frozen first projection
458	0.2842323651452282	0.16280969332641407	Frozen first projection
459	0.266597510373444	0.16246774003537662	Frozen first projection
460	0.2572614107883817	0.14822055749469581	Frozen first projection
461	0.2603734439834025	0.15083152909559971	Frozen first projection
462	0.2697095435684647	0.15694947461420444	Frozen first projection
463	0.2551867219917012	0.15480690945870829	Frozen first projection
464	0.2479253112033195	0.14263414942248867	Frozen first projection
465	0.27385892116182575	0.15223789940016857	Frozen first projection
466	0.262448132780083	0.14527683885429163	Frozen first projection
467	0.25622406639004147	0.1522588506480726	Frozen first projection
468	0.237551867219917	0.14757698780022052	Frozen first projection
469	0.29356846473029047	0.1782802745086427	Frozen first projection
470	0.2842323651452282	0.1675515932868874	Frozen first projection
471	0.2551867219917012	0.15900280990980437	Frozen first projection
472	0.25103734439834025	0.1487041141431839	Frozen first projection
473	0.25622406639004147	0.14801023201082023	Frozen first projection
474	0.25	0.15382477711464781	Frozen first projection
475	0.25933609958506226	0.16314943746680394	Frozen first projection
476	0.2603734439834025	0.1572296849825492	Frozen first projection
477	0.262448132780083	0.1587681354222436	Frozen first projection
478	0.24273858921161826	0.14458997600121265	Frozen first projection
479	0.25933609958506226	0.16188740134840238	Frozen first projection
480	0.258298755186722	0.15304772282512008	Frozen first projection
481	0.27800829875518673	0.171058128631362	Frozen first projection
482	0.241701244813278	0.14069004375647565	Frozen first projection
483	0.22095435684647302	0.12960799880918628	Frozen first projection
484	0.2437759336099585	0.13231284231644663	Frozen first projection
485	0.2603734439834025	0.15294397275417748	Frozen first projection
486	0.2645228215767635	0.16076745632771405	Frozen first projection
487	0.25311203319502074	0.14434830151492045	Frozen first projection
488	0.22614107883817428	0.12679611751175818	Frozen first projection
489	0.237551867219917	0.14708549942702998	Frozen first projection
490	0.26556016597510373	0.1596462125721852	Frozen first projection
491	0.26867219917012447	0.15269224882978388	Frozen first projection
492	0.27074688796680496	0.1602694794459772	Frozen first projection
493	0.25103734439834025	0.1469342205638751	Frozen first projection
494	0.241701244813278	0.146635912898545	Frozen first projection
495	0.2645228215767635	0.1446485840724974	Frozen first projection
496	0.2572614107883817	0.1444793042833198	Frozen first projection
497	0.25622406639004147	0.15005884748767648	Frozen first projection
498	0.2800829875518672	0.1643398224682707	Frozen first projection
499	0.25	0.15640267707691718	Frozen first projection
500	0.26867219917012447	0.16002012104088514	Frozen first projection
501	0.2645228215767635	0.14839127625053516	Frozen first projection
502	0.266597510373444	0.16429703559495146	Frozen first projection
503	0.258298755186722	0.14345699359105152	Frozen first projection
504	0.25622406639004147	0.14510215951588432	Frozen first projection
505	0.2863070539419087	0.1606103876940639	Frozen first projection
506	0.24273858921161826	0.15636258193785307	Frozen first projection
507	0.25933609958506226	0.14791213988952923	Frozen first projection
508	0.26141078838174275	0.1595392112985477	Frozen first projection
509	0.26141078838174275	0.15655449471876814	Frozen first projection
510	0.26141078838174275	0.1581655896057726	Frozen first projection
511	0.254149377593361	0.14944169265773596	Frozen first projection
512	0.26556016597510373	0.15422005036934872	Frozen first projection
513	0.27282157676348545	0.16026315991339551	Frozen first projection
514	0.266597510373444	0.15161393600816575	Frozen first projection
515	0.25933609958506226	0.1447576906203614	Frozen first projection
516	0.29149377593361	0.1729588806674116	Frozen first projection
517	0.23651452282157676	0.1348436957902501	Frozen first projection
518	0.2603734439834025	0.15898738103732432	Frozen first projection
519	0.262448132780083	0.15825069805972802	Frozen first projection
520	0.2697095435684647	0.1541283689396593	Frozen first projection
521	0.2354771784232365	0.14566326804677793	Frozen first projection
522	0.26556016597510373	0.15447048217959333	Frozen first projection
523	0.23443983402489627	0.14285026660371558	Frozen first projection
524	0.25622406639004147	0.1567293841252556	Frozen first projection
525	0.23029045643153526	0.1397202785580175	Frozen first projection
526	0.23858921161825727	0.15294118872088805	Frozen first projection
527	0.25	0.14705207401583584	Frozen first projection
528	0.262448132780083	0.15215236769601437	Frozen first projection
529	0.23132780082987553	0.14611993846081983	Frozen first projection
530	0.25311203319502074	0.1437228097809781	Frozen first projection
531	0.25933609958506226	0.16055895463091913	Frozen first projection
532	0.25	0.13086498441030414	Frozen first projection
533	0.27282157676348545	0.15350770535591285	Frozen first projection
534	0.25103734439834025	0.15345382621554413	Frozen first projection
535	0.27074688796680496	0.16134641231988234	Frozen first projection
536	0.21058091286307054	0.12093308420419194	Frozen first projection
537	0.2551867219917012	0.15341309902510009	Frozen first projection
538	0.3029045643153527	0.18583446095361705	Frozen first projection
539	0.28526970954356845	0.174523216767683	Frozen first projection
540	0.2676348547717842	0.16578571091812583	Frozen first projection
541	0.26556016597510373	0.15692013195664214	Frozen first projection
542	0.24896265560165975	0.15276003508003888	Frozen first projection
543	0.2551867219917012	0.1529535431099288	Frozen first projection
544	0.2520746887966805	0.15679728409066107	Frozen first projection
545	0.2645228215767635	0.1578787834297441	Frozen first projection
546	0.27800829875518673	0.15070450007547698	Frozen first projection
547	0.24896265560165975	0.1341892544237657	Frozen first projection
548	0.25622406639004147	0.16126516555543186	Frozen first projection
549	0.254149377593361	0.15005193334700886	Frozen first projection
550	0.254149377593361	0.15382071051241586	Frozen first projection
551	0.2697095435684647	0.15130653590540508	Frozen first projection
552	0.25622406639004147	0.14153640577790955	Frozen first projection
553	0.2354771784232365	0.14454972756846507	Frozen first projection
554	0.26348547717842324	0.14167397007405474	Frozen first projection
555	0.245850622406639	0.15108255386512728	Frozen first projection
556	0.2603734439834025	0.15215188681707012	Frozen first projection
557	0.23443983402489627	0.13888555951615555	Frozen first projection
558	0.24688796680497926	0.13828859244620115	Frozen first projection
559	0.2645228215767635	0.1612447240571986	Frozen first projection
560	0.26348547717842324	0.15101452048611808	Frozen first projection
561	0.25933609958506226	0.15782180571542964	Frozen first projection
562	0.245850622406639	0.1495705951575227	Frozen first projection
563	0.25622406639004147	0.15818057294007634	Frozen first projection
564	0.25311203319502074	0.16645634093338135	Frozen first projection
565	0.2551867219917012	0.1595300955505548	Frozen first projection
566	0.2603734439834025	0.1572854945343753	Frozen first projection
567	0.237551867219917	0.15077777239648243	Frozen first projection
568	0.2717842323651452	0.1653729325854455	Frozen first projection
569	0.25	0.15153152749748927	Frozen first projection
570	0.258298755186722	0.15337485021585615	Frozen first projection
571	0.27385892116182575	0.16334955755465327	Frozen first projection
572	0.26141078838174275	0.15045077948045135	Frozen first projection
573	0.25933609958506226	0.1499722773835058	Frozen first projection
574	0.27282157676348545	0.1633408334924879	Frozen first projection
575	0.25622406639004147	0.15449329973994808	Frozen first projection
576	0.2479253112033195	0.14826101171843342	Frozen first projection
577	0.27282157676348545	0.15963527783365222	Frozen first projection
578	0.23651452282157676	0.13773049495596287	Frozen first projection
579	0.26348547717842324	0.15073852495543671	Frozen first projection
580	0.25	0.13838551192397347	Frozen first projection
581	0.279045643153527	0.17912834204569344	Frozen first projection
582	0.279045643153527	0.15474441723775617	Frozen first projection
583	0.25622406639004147	0.13440062835885322	Frozen first projection
584	0.2821576763485477	0.16238124203466583	Frozen first projection
585	0.245850622406639	0.14977438644445115	Frozen first projection
586	0.266597510373444	0.16776144145224137	Frozen first projection
587	0.25622406639004147	0.16658275936884365	Frozen first projection
588	0.262448132780083	0.15554128916844595	Frozen first projection
589	0.24688796680497926	0.1351735296831911	Frozen first projection
590	0.258298755186722	0.1461628311820975	Frozen first projection
591	0.2645228215767635	0.15103332555670712	Frozen first projection
592	0.27593360995850624	0.16433313422107654	Frozen first projection
593	0.2479253112033195	0.14548325098305825	Frozen first projection
594	0.2520746887966805	0.15591570100853538	Frozen first projection
595	0.2551867219917012	0.1522608402617127	Frozen first projection
596	0.274896265560166	0.1495074683814974	Frozen first projection
597	0.279045643153527	0.15916212196965873	Frozen first projection
598	0.23962655601659752	0.15181511737036893	Frozen first projection
599	0.27385892116182575	0.15674754056194304	Frozen first projection
600	0.25	0.1383033435438446	Frozen first projection
601	0.25	0.15199598273298084	Frozen first projection
602	0.25933609958506226	0.1564107886708548	Frozen first projection
603	0.27074688796680496	0.16235723587511247	Frozen first projection
604	0.254149377593361	0.1533046888622473	Frozen first projection
605	0.2437759336099585	0.15298787541765235	Frozen first projection
606	0.25933609958506226	0.15075820829422687	Frozen first projection
607	0.25933609958506226	0.1692731544198471	Frozen first projection
608	0.27282157676348545	0.16499977212272854	Frozen first projection
609	0.254149377593361	0.16445678346882628	Frozen first projection
610	0.2603734439834025	0.1640673606341864	Frozen first projection
611	0.2863070539419087	0.15831152467492027	Frozen first projection
612	0.262448132780083	0.1591321708241488	Frozen first projection
613	0.274896265560166	0.16329232273054822	Frozen first projection
614	0.279045643153527	0.15173415809405813	Frozen first projection
615	0.2645228215767635	0.16761288685291909	Frozen first projection
616	0.25311203319502074	0.15207917686178554	Frozen first projection
617	0.22717842323651452	0.13767975625724213	Frozen first projection
618	0.29045643153526973	0.16135482254718342	Frozen first projection
619	0.27074688796680496	0.16049340511804994	Frozen first projection
620	0.23651452282157676	0.1285164268495798	Frozen first projection
621	0.24688796680497926	0.15476287185022652	Frozen first projection
622	0.26348547717842324	0.14856841736381332	Frozen first projection
623	0.2603734439834025	0.16088390932023716	Frozen first projection
624	0.28319502074688796	0.17871432536819537	Frozen first projection
625	0.2676348547717842	0.15794352895763156	Frozen first projection
626	0.2572614107883817	0.1526947224767952	Frozen first projection
627	0.2603734439834025	0.1572578537046478	Frozen first projection
628	0.2479253112033195	0.14414843951765105	Frozen first projection
629	0.2520746887966805	0.1535569185427995	Frozen first projection
630	0.24896265560165975	0.1451346243335782	Frozen first projection
631	0.2551867219917012	0.16193142086300844	Frozen first projection
632	0.26348547717842324	0.15356929556520182	Frozen first projection
633	0.245850622406639	0.15107599122967458	Frozen first projection
634	0.2769709543568465	0.15559250615399856	Frozen first projection
635	0.2717842323651452	0.16255949102776468	Frozen first projection
636	0.2520746887966805	0.14468812548113505	Frozen first projection
637	0.2842323651452282	0.15309115133742318	Frozen first projection
638	0.2572614107883817	0.1531097917291213	Frozen first projection
639	0.23029045643153526	0.14309953401840486	Frozen first projection
640	0.266597510373444	0.16179425778029094	Frozen first projection
641	0.26141078838174275	0.16280293280650424	Frozen first projection
642	0.28112033195020747	0.15832435118123403	Frozen first projection
643	0.27593360995850624	0.1710015972052158	Frozen first projection
644	0.279045643153527	0.16192317806563877	Frozen first projection
645	0.25622406639004147	0.1507316911675185	Frozen first projection
646	0.2520746887966805	0.1494262414370648	Frozen first projection
647	0.27800829875518673	0.16670686734785556	Frozen first projection
648	0.266597510373444	0.15808178989819352	Frozen first projection
649	0.2551867219917012	0.1506301368475788	Frozen first projection
650	0.25933609958506226	0.15994409514647612	Frozen first projection
651	0.26556016597510373	0.15442220375859406	Frozen first projection
652	0.26867219917012447	0.16474862134299678	Frozen first projection
653	0.26556016597510373	0.15995551160477042	Frozen first projection
654	0.2645228215767635	0.15481588607423497	Frozen first projection
655	0.25311203319502074	0.15228401904655886	Frozen first projection
656	0.2645228215767635	0.16217981513984014	Frozen first projection
657	0.2551867219917012	0.14474634097153366	Frozen first projection
658	0.245850622406639	0.1501736453332076	Frozen first projection
659	0.25	0.14108065265007133	Frozen first projection
660	0.26867219917012447	0.14672740030204431	Frozen first projection
661	0.26141078838174275	0.16520356015484297	Frozen first projection
662	0.27800829875518673	0.1686197448024065	Frozen first projection
663	0.2551867219917012	0.151035987779022	Frozen first projection
664	0.2842323651452282	0.17065312979856917	Frozen first projection
665	0.2437759336099585	0.14088885751470176	Frozen first projection
666	0.2479253112033195	0.14490835252453255	Frozen first projection
667	0.28112033195020747	0.15218483370750185	Frozen first projection
668	0.245850622406639	0.14158489012957473	Frozen first projection
669	0.28112033195020747	0.16526363069615055	Frozen first projection
670	0.2676348547717842	0.14877450692761052	Frozen first projection
671	0.25933609958506226	0.15842931423267992	Frozen first projection
672	0.25103734439834025	0.14963710330457164	Frozen first projection
673	0.25933609958506226	0.1425963214617943	Frozen first projection
674	0.2354771784232365	0.13921350683133157	Frozen first projection
675	0.2603734439834025	0.16278265025165572	Frozen first projection
676	0.258298755186722	0.1471973069688069	Frozen first projection
677	0.266597510373444	0.16436944258581948	Frozen first projection
678	0.2676348547717842	0.15269368624947297	Frozen first projection
679	0.229253112033195	0.13931657766622307	Frozen first projection
680	0.2551867219917012	0.13431208359720584	Frozen first projection
681	0.266597510373444	0.15733412560658527	Frozen first projection
682	0.25103734439834025	0.14529121933902345	Frozen first projection
683	0.23029045643153526	0.12882378072399076	Frozen first projection
684	0.258298755186722	0.1347406388410659	Frozen first projection
685	0.2520746887966805	0.14414780148795495	Frozen first projection
686	0.266597510373444	0.16271959170696648	Frozen first projection
687	0.25933609958506226	0.1502267094949502	Frozen first projection
688	0.26556016597510373	0.1696959143750698	Frozen first projection
689	0.26141078838174275	0.1547372813992367	Frozen first projection
690	0.262448132780083	0.1580110100820118	Frozen first projection
691	0.27385892116182575	0.16991573575917107	Frozen first projection
692	0.25	0.14551041153552857	Frozen first projection
693	0.2645228215767635	0.15207923415114766	Frozen first projection
694	0.26141078838174275	0.15618273214302925	Frozen first projection
695	0.26867219917012447	0.15810559394258533	Frozen first projection
696	0.2676348547717842	0.15435138815592742	Frozen first projection
697	0.258298755186722	0.14995382149866782	Frozen first projection
698	0.262448132780083	0.1580770475936692	Frozen first projection
699	0.24481327800829875	0.14046069946848025	Frozen first projection
700	0.27593360995850624	0.1608426049777922	Frozen first projection
701	0.23236514522821577	0.14029359867774502	Frozen first projection
702	0.2479253112033195	0.1444063162493237	Frozen first projection
703	0.24896265560165975	0.13610464091163382	Frozen first projection
704	0.24896265560165975	0.14410911620617659	Frozen first projection
705	0.258298755186722	0.15625551852173347	Frozen first projection
706	0.2551867219917012	0.15601244137829504	Frozen first projection
707	0.2354771784232365	0.12493243725779837	Frozen first projection
708	0.2551867219917012	0.152465783633089	Frozen first projection
709	0.258298755186722	0.1574838599809721	Frozen first projection
710	0.25622406639004147	0.1423858212645237	Frozen first projection
711	0.24273858921161826	0.14659156591798933	Frozen first projection
712	0.2800829875518672	0.1614262437129042	Frozen first projection
713	0.24896265560165975	0.1400050365686537	Frozen first projection
714	0.26141078838174275	0.16049633540678024	Frozen first projection
715	0.254149377593361	0.1558703607795979	Frozen first projection
716	0.26141078838174275	0.15104297870965971	Frozen first projection
717	0.266597510373444	0.1639853005264937	Frozen first projection
718	0.23029045643153526	0.13499952565443235	Frozen first projection
719	0.25933609958506226	0.16391826223842035	Frozen first projection
720	0.262448132780083	0.15684922141344557	Frozen first projection
721	0.266597510373444	0.16938301553792356	Frozen first projection
722	0.25103734439834025	0.15358189799866095	Frozen first projection
723	0.24896265560165975	0.14430481325078853	Frozen first projection
724	0.2717842323651452	0.17410324012020256	Frozen first projection
725	0.26348547717842324	0.14800674040257544	Frozen first projection
726	0.245850622406639	0.1441612140910543	Frozen first projection
727	0.2717842323651452	0.15788601157760457	Frozen first projection
728	0.266597510373444	0.1604717852555269	Frozen first projection
729	0.21887966804979253	0.13161559212547996	Frozen first projection
730	0.262448132780083	0.15098824347716405	Frozen first projection
731	0.2676348547717842	0.15833648545706738	Frozen first projection
732	0.29356846473029047	0.17724682010396298	Frozen first projection
733	0.2551867219917012	0.14351417344364747	Frozen first projection
734	0.2572614107883817	0.16716182649628852	Frozen first projection
735	0.25622406639004147	0.14454284798396427	Frozen first projection
736	0.26556016597510373	0.15645025765190312	Frozen first projection
737	0.24481327800829875	0.1486496211395406	Frozen first projection
738	0.2645228215767635	0.1537983862887305	Frozen first projection
739	0.2821576763485477	0.18563343010968186	Frozen first projection
740	0.2925311203319502	0.17079599565173922	Frozen first projection
741	0.2645228215767635	0.14472964141272834	Frozen first projection
742	0.27074688796680496	0.15107113754844823	Frozen first projection
743	0.28526970954356845	0.16752158540101816	Frozen first projection
744	0.274896265560166	0.15439203411380997	Frozen first projection
745	0.262448132780083	0.15391125041090786	Frozen first projection
746	0.2551867219917012	0.14887327666138075	Frozen first projection
747	0.26556016597510373	0.15539309667197265	Frozen first projection
748	0.258298755186722	0.16722171934859376	Frozen first projection
749	0.26348547717842324	0.15835362504702655	Frozen first projection
750	0.258298755186722	0.156114425638251	Frozen first projection
751	0.2520746887966805	0.14691914178594812	Frozen first projection
752	0.266597510373444	0.1688955564473718	Frozen first projection
753	0.26348547717842324	0.1599662203390515	Frozen first projection
754	0.2800829875518672	0.16273863538842023	Frozen first projection
755	0.25311203319502074	0.1458488710358501	Frozen first projection
756	0.25311203319502074	0.15422724589374356	Frozen first projection
757	0.2603734439834025	0.16276469648209102	Frozen first projection
758	0.24066390041493776	0.14153430232924685	Frozen first projection
759	0.258298755186722	0.15201417489784852	Frozen first projection
760	0.2572614107883817	0.15063501692346573	Frozen first projection
761	0.28319502074688796	0.17096496469664663	Frozen first projection
762	0.23340248962655602	0.14931539218114104	Frozen first projection
763	0.258298755186722	0.1545184900732786	Frozen first projection
764	0.2437759336099585	0.13250647707338242	Frozen first projection
765	0.25933609958506226	0.1641077316053668	Frozen first projection
766	0.23236514522821577	0.14750691267605998	Frozen first projection
767	0.262448132780083	0.1609374867887748	Frozen first projection
768	0.2800829875518672	0.16116206158438395	Frozen first projection
769	0.26556016597510373	0.1475529998398662	Frozen first projection
770	0.26348547717842324	0.13838795990606115	Frozen first projection
771	0.25622406639004147	0.17500580408016347	Frozen first projection
772	0.2676348547717842	0.1603859064110133	Frozen first projection
773	0.2676348547717842	0.15394114473489412	Frozen first projection
774	0.274896265560166	0.15164194040879134	Frozen first projection
775	0.23132780082987553	0.14692669168266492	Frozen first projection
776	0.26867219917012447	0.15234472742750516	Frozen first projection
777	0.27074688796680496	0.1569012512933003	Frozen first projection
778	0.2437759336099585	0.15104176103648764	Frozen first projection
779	0.27385892116182575	0.1728481827982261	Frozen first projection
780	0.2821576763485477	0.15841658970377126	Frozen first projection
781	0.2520746887966805	0.1562499390720874	Frozen first projection
782	0.2551867219917012	0.1587424547178965	Frozen first projection
783	0.2603734439834025	0.16704961648159009	Frozen first projection
784	0.258298755186722	0.15019948276716266	Frozen first projection
785	0.274896265560166	0.17065350261118956	Frozen first projection
786	0.2645228215767635	0.16272965350934665	Frozen first projection
787	0.24688796680497926	0.13655897680757542	Frozen first projection
788	0.24273858921161826	0.14171741201420307	Frozen first projection
789	0.2551867219917012	0.15595767914156874	Frozen first projection
790	0.2717842323651452	0.1551461927132216	Frozen first projection
791	0.2769709543568465	0.1669624942751217	Frozen first projection
792	0.24481327800829875	0.14487355207598018	Frozen first projection
793	0.2645228215767635	0.15973403250188964	Frozen first projection
794	0.254149377593361	0.1485451847367012	Frozen first projection
795	0.24481327800829875	0.130025713891373	Frozen first projection
796	0.2697095435684647	0.16073358428505077	Frozen first projection
797	0.2520746887966805	0.1494633247799138	Frozen first projection
798	0.2987551867219917	0.17109022407905	Frozen first projection
799	0.258298755186722	0.14177060178991172	Frozen first projection
800	0.25	0.15794510250416252	Frozen first projection
801	0.25933609958506226	0.15150967289960693	Frozen first projection
802	0.2697095435684647	0.1661650728158618	Frozen first projection
803	0.2800829875518672	0.14979221448119956	Frozen first projection
804	0.26867219917012447	0.16461363205390073	Frozen first projection
805	0.274896265560166	0.15426886034573128	Frozen first projection
806	0.2572614107883817	0.16203609663503363	Frozen first projection
807	0.2645228215767635	0.1567348740631011	Frozen first projection
808	0.23962655601659752	0.14959656264382976	Frozen first projection
809	0.29149377593361	0.17200933160164916	Frozen first projection
810	0.26556016597510373	0.1370184811583872	Frozen first projection
811	0.23132780082987553	0.12859238018072086	Frozen first projection
812	0.25103734439834025	0.14896382829994947	Frozen first projection
813	0.26141078838174275	0.15894579339466952	Frozen first projection
814	0.26141078838174275	0.15784217795484307	Frozen first projection
815	0.229253112033195	0.13622383344784986	Frozen first projection
816	0.27385892116182575	0.15788188694866778	Frozen first projection
817	0.28734439834024894	0.16253403356549356	Frozen first projection
818	0.279045643153527	0.15375607957277648	Frozen first projection
819	0.2551867219917012	0.14559060892216064	Frozen first projection
820	0.29149377593361	0.1793970760021914	Frozen first projection
821	0.24481327800829875	0.15881463491872194	Frozen first projection
822	0.22821576763485477	0.1442035493356265	Frozen first projection
823	0.26141078838174275	0.157909099805919	Frozen first projection
824	0.266597510373444	0.16475797821024962	Frozen first projection
825	0.27282157676348545	0.17220106993221887	Frozen first projection
826	0.2551867219917012	0.1643273433961045	Frozen first projection
827	0.23858921161825727	0.1535850333427094	Frozen first projection
828	0.2572614107883817	0.1593494599308068	Frozen first projection
829	0.27800829875518673	0.14638689873983993	Frozen first projection
830	0.28112033195020747	0.17643272590372674	Frozen first projection
831	0.2800829875518672	0.16729650084423164	Frozen first projection
832	0.24896265560165975	0.14105206669124576	Frozen first projection
833	0.245850622406639	0.1520366468485948	Frozen first projection
834	0.25	0.1499656298120469	Frozen first projection
835	0.23340248962655602	0.1443027982899951	Frozen first projection
836	0.23962655601659752	0.1525587506587391	Frozen first projection
837	0.2572614107883817	0.1465082233132767	Frozen first projection
838	0.26141078838174275	0.1550580596943068	Frozen first projection
839	0.27074688796680496	0.14997754214038714	Frozen first projection
840	0.2479253112033195	0.1477268464046872	Frozen first projection
841	0.2354771784232365	0.13899618899618899	Frozen first projection
842	0.26348547717842324	0.1532281125188486	Frozen first projection
843	0.258298755186722	0.1617568864095677	Frozen first projection
844	0.274896265560166	0.15727120359479219	Frozen first projection
845	0.2800829875518672	0.15710185936996213	Frozen first projection
846	0.2645228215767635	0.15716966331412782	Frozen first projection
847	0.27800829875518673	0.1683311214039796	Frozen first projection
848	0.30186721991701243	0.17050200148950487	Frozen first projection
849	0.26556016597510373	0.16104883283086946	Frozen first projection
850	0.27593360995850624	0.17014520371709302	Frozen first projection
851	0.229253112033195	0.13078596589516647	Frozen first projection
852	0.23858921161825727	0.1470710562226588	Frozen first projection
853	0.26348547717842324	0.1568524005112945	Frozen first projection
854	0.25103734439834025	0.15215621054025763	Frozen first projection
855	0.25622406639004147	0.15439464405373496	Frozen first projection
856	0.25	0.15193670336425066	Frozen first projection
857	0.25103734439834025	0.15060864119903694	Frozen first projection
858	0.27385892116182575	0.17248635132602133	Frozen first projection
859	0.26867219917012447	0.1629321048189235	Frozen first projection
860	0.27074688796680496	0.1467145948828983	Frozen first projection
861	0.23962655601659752	0.14382331532642828	Frozen first projection
862	0.26141078838174275	0.15635957849072601	Frozen first projection
863	0.26348547717842324	0.16382940856226128	Frozen first projection
864	0.22199170124481327	0.13094441585771133	Frozen first projection
865	0.25622406639004147	0.14509921101759665	Frozen first projection
866	0.2676348547717842	0.15854263628096077	Frozen first projection
867	0.262448132780083	0.14996118000162365	Frozen first projection
868	0.254149377593361	0.15159777811797717	Frozen first projection
869	0.26141078838174275	0.14940585025664044	Frozen first projection
870	0.23858921161825727	0.14922184977256178	Frozen first projection
871	0.241701244813278	0.15460305711916394	Frozen first projection
872	0.25622406639004147	0.14860216227311135	Frozen first projection
873	0.2520746887966805	0.15528495053338864	Frozen first projection
874	0.2551867219917012	0.13689604094322635	Frozen first projection
875	0.26141078838174275	0.16178002276377954	Frozen first projection
876	0.25622406639004147	0.14798302289559492	Frozen first projection
877	0.2894190871369295	0.16402898206772354	Frozen first projection
878	0.245850622406639	0.14150784740090122	Frozen first projection
879	0.25933609958506226	0.150699610111601	Frozen first projection
880	0.2645228215767635	0.1529709095197592	Frozen first projection
881	0.26867219917012447	0.16299936550390426	Frozen first projection
882	0.25311203319502074	0.15918524373322931	Frozen first projection
883	0.2697095435684647	0.15089344794982218	Frozen first projection
884	0.2520746887966805	0.13781465827900058	Frozen first projection
885	0.254149377593361	0.15000522100006947	Frozen first projection
886	0.26556016597510373	0.14352947831990115	Frozen first projection
887	0.24688796680497926	0.1513251298744466	Frozen first projection
888	0.28526970954356845	0.17247821193190427	Frozen first projection
889	0.25	0.14617207016400566	Frozen first projection
890	0.2551867219917012	0.14392907316330508	Frozen first projection
891	0.26348547717842324	0.14927270042540666	Frozen first projection
892	0.25933609958506226	0.162778050986167	Frozen first projection
893	0.2520746887966805	0.15816830908010943	Frozen first projection
894	0.25	0.14976788358281967	Frozen first projection
895	0.23858921161825727	0.13986289980194624	Frozen first projection
896	0.29356846473029047	0.17899772592994284	Frozen first projection
897	0.24896265560165975	0.14862487770096466	Frozen first projection
898	0.24896265560165975	0.14765775963852384	Frozen first projection
899	0.26141078838174275	0.1559906428220506	Frozen first projection
900	0.26556016597510373	0.15472683034282936	Frozen first projection
901	0.25933609958506226	0.1630547863182346	Frozen first projection
902	0.2479253112033195	0.16050772657447948	Frozen first projection
903	0.2676348547717842	0.16467151392754178	Frozen first projection
904	0.2520746887966805	0.15710460265740633	Frozen first projection
905	0.2697095435684647	0.1573382975860986	Frozen first projection
906	0.28526970954356845	0.17142542107283068	Frozen first projection
907	0.25622406639004147	0.15203697165904917	Frozen first projection
908	0.237551867219917	0.13769790971673487	Frozen first projection
909	0.25103734439834025	0.16038141914115217	Frozen first projection
910	0.25311203319502074	0.14794884554097418	Frozen first projection
911	0.2883817427385892	0.1762906708566373	Frozen first projection
912	0.28319502074688796	0.15699284492329213	Frozen first projection
913	0.23962655601659752	0.15480276117318623	Frozen first projection
914	0.2572614107883817	0.14702109577112693	Frozen first projection
915	0.25	0.15339369010841764	Frozen first projection
916	0.23858921161825727	0.13298707101170032	Frozen first projection
917	0.23962655601659752	0.1501869710459705	Frozen first projection
918	0.2479253112033195	0.14908292924535338	Frozen first projection
919	0.2520746887966805	0.15337731500224722	Frozen first projection
920	0.24896265560165975	0.12982068389074136	Frozen first projection
921	0.25622406639004147	0.15455286736348445	Frozen first projection
922	0.24066390041493776	0.14931254718034181	Frozen first projection
923	0.27800829875518673	0.1645933449759639	Frozen first projection
924	0.2572614107883817	0.15822053450014373	Frozen first projection
925	0.25622406639004147	0.15171719238602405	Frozen first projection
926	0.29045643153526973	0.1682342783834312	Frozen first projection
927	0.24481327800829875	0.1452989741829984	Frozen first projection
928	0.25103734439834025	0.1612575462059998	Frozen first projection
929	0.266597510373444	0.15455670269952715	Frozen first projection
930	0.23858921161825727	0.15218599045785935	Frozen first projection
931	0.25	0.1437055120194353	Frozen first projection
932	0.245850622406639	0.15007393494565802	Frozen first projection
933	0.2676348547717842	0.16118298534766526	Frozen first projection
934	0.2479253112033195	0.1432754610656837	Frozen first projection
935	0.24688796680497926	0.14005965009273993	Frozen first projection
936	0.25933609958506226	0.15060561103828396	Frozen first projection
937	0.2676348547717842	0.15694000753036869	Frozen first projection
938	0.237551867219917	0.14689350776338678	Frozen first projection
939	0.258298755186722	0.15304404754993667	Frozen first projection
940	0.24688796680497926	0.1491778668626701	Frozen first projection
941	0.24481327800829875	0.1469317957053648	Frozen first projection
942	0.23962655601659752	0.140862265788952	Frozen first projection
943	0.2883817427385892	0.16491199665461753	Frozen first projection
944	0.26141078838174275	0.1677087469739014	Frozen first projection
945	0.28734439834024894	0.16947952337580321	Frozen first projection
946	0.22510373443983403	0.14659097223186873	Frozen first projection
947	0.24896265560165975	0.1405581923178609	Frozen first projection
948	0.2697095435684647	0.16213407281369752	Frozen first projection
949	0.26867219917012447	0.16434870264888513	Frozen first projection
950	0.25103734439834025	0.13812993753211145	Frozen first projection
951	0.2603734439834025	0.1560078699669429	Frozen first projection
952	0.23858921161825727	0.15313345707764883	Frozen first projection
953	0.25622406639004147	0.15630075673680327	Frozen first projection
954	0.229253112033195	0.13815843723700708	Frozen first projection
955	0.27593360995850624	0.15160685706961646	Frozen first projection
956	0.262448132780083	0.16336860220375884	Frozen first projection
957	0.23858921161825727	0.15037256856050887	Frozen first projection
958	0.245850622406639	0.14088174401032277	Frozen first projection
959	0.2437759336099585	0.15845693435290442	Frozen first projection
960	0.2479253112033195	0.1479446812763754	Frozen first projection
961	0.26141078838174275	0.1548017831720458	Frozen first projection
962	0.27282157676348545	0.1708193915443197	Frozen first projection
963	0.24688796680497926	0.1475829580343944	Frozen first projection
964	0.2676348547717842	0.15818949953563644	Frozen first projection
965	0.26141078838174275	0.16399105705102807	Frozen first projection
966	0.274896265560166	0.15930563964610703	Frozen first projection
967	0.24273858921161826	0.13471307366124713	Frozen first projection
968	0.258298755186722	0.14900798248334945	Frozen first projection
969	0.266597510373444	0.15064379455110047	Frozen first projection
970	0.25103734439834025	0.16878648423687395	Frozen first projection
971	0.24896265560165975	0.14761158347063183	Frozen first projection
972	0.24273858921161826	0.15120268317965446	Frozen first projection
973	0.2717842323651452	0.17160444395164548	Frozen first projection
974	0.2572614107883817	0.15271913505669918	Frozen first projection
975	0.262448132780083	0.15304435599874272	Frozen first projection
976	0.2925311203319502	0.17475752655010401	Frozen first projection
977	0.27385892116182575	0.16711859864442424	Frozen first projection
978	0.274896265560166	0.17170330525003127	Frozen first projection
979	0.26348547717842324	0.1493657651612405	Frozen first projection
980	0.24481327800829875	0.1410813127090301	Frozen first projection
981	0.2520746887966805	0.1574215794321046	Frozen first projection
982	0.23962655601659752	0.13633168342761368	Frozen first projection
983	0.24273858921161826	0.15072657489967	Frozen first projection
984	0.2697095435684647	0.16861903281254498	Frozen first projection
985	0.25103734439834025	0.1509992670992612	Frozen first projection
986	0.2717842323651452	0.16628763733590715	Frozen first projection
987	0.2676348547717842	0.16695960828555279	Frozen first projection
988	0.29979253112033194	0.17584544382133988	Frozen first projection
989	0.25311203319502074	0.1411252807288084	Frozen first projection
990	0.245850622406639	0.14807072447123903	Frozen first projection
991	0.266597510373444	0.14924552212963166	Frozen first projection
992	0.26556016597510373	0.15684283076120856	Frozen first projection
993	0.262448132780083	0.15663718571656404	Frozen first projection
994	0.245850622406639	0.14735011358660255	Frozen first projection
995	0.26556016597510373	0.17104009853309537	Frozen first projection
996	0.2479253112033195	0.15378066134783958	Frozen first projection
997	0.25103734439834025	0.14604909092832008	Frozen first projection
998	0.2603734439834025	0.1513977228740283	Frozen first projection
999	0.22199170124481327	0.12880956769414584	Frozen first projection
1000	0.2572614107883817	0.15951499648373121	Frozen first projection
1001	0.2769709543568465	0.16523945471094695	Frozen first projection
1002	0.266597510373444	0.15469572443276255	Frozen first projection
1003	0.23236514522821577	0.14651492109715952	Frozen first projection
1004	0.25622406639004147	0.14597049991867064	Frozen first projection
1005	0.25311203319502074	0.15868968173785025	Frozen first projection
1006	0.2551867219917012	0.1590699603480152	Frozen first projection
1007	0.25622406639004147	0.15660161028618105	Frozen first projection
1008	0.2603734439834025	0.15255560117932812	Frozen first projection
1009	0.23029045643153526	0.136653005664524	Frozen first projection
1010	0.26348547717842324	0.155694154467919	Frozen first projection
1011	0.2821576763485477	0.16792827425738818	Frozen first projection
1012	0.23651452282157676	0.13415112195939863	Frozen first projection
1013	0.27282157676348545	0.1551762062407524	Frozen first projection
1014	0.2437759336099585	0.152353133639948	Frozen first projection
1015	0.2354771784232365	0.1524936775547608	Frozen first projection
1016	0.262448132780083	0.1527900468150731	Frozen first projection
1017	0.23858921161825727	0.14195522982817385	Frozen first projection
1018	0.2603734439834025	0.15321356410754303	Frozen first projection
1019	0.26867219917012447	0.1592488142825804	Frozen first projection
1020	0.26348547717842324	0.15151243502141662	Frozen first projection
1021	0.27385892116182575	0.1599221058805736	Frozen first projection
1022	0.27800829875518673	0.17071994119004386	Frozen first projection
1023	0.2551867219917012	0.16317376762003524	Frozen first projection
1024	0.23132780082987553	0.12305293646444909	Frozen first projection
1025	0.2572614107883817	0.15760578854267396	Frozen first projection
1026	0.262448132780083	0.15217179129609404	Frozen first projection
1027	0.24273858921161826	0.1504158038204202	Frozen first projection
1028	0.274896265560166	0.16872722675533966	Frozen first projection
1029	0.28319502074688796	0.1533401731360297	Frozen first projection
1030	0.24688796680497926	0.14856840444451086	Frozen first projection
1031	0.26141078838174275	0.16034235806612526	Frozen first projection
1032	0.241701244813278	0.15118002762397742	Frozen first projection
1033	0.25933609958506226	0.1514888515004984	Frozen first projection
1034	0.2800829875518672	0.16509463453639273	Frozen first projection
1035	0.245850622406639	0.15296365090723163	Frozen first projection
1036	0.2966804979253112	0.17944244107768337	Frozen first projection
1037	0.245850622406639	0.1474823283484482	Frozen first projection
1038	0.25622406639004147	0.16490699888914706	Frozen first projection
1039	0.26867219917012447	0.15469027430932364	Frozen first projection
1040	0.2697095435684647	0.15534041155094958	Frozen first projection
1041	0.25933609958506226	0.15169053584788467	Frozen first projection
1042	0.266597510373444	0.16033065334036917	Frozen first projection
1043	0.23029045643153526	0.14130883949580897	Frozen first projection
1044	0.26556016597510373	0.15601479084915898	Frozen first projection
1045	0.2479253112033195	0.1560242552840257	Frozen first projection
1046	0.241701244813278	0.14103236137585218	Frozen first projection
1047	0.24688796680497926	0.1437274425978389	Frozen first projection
1048	0.25103734439834025	0.14790620977876942	Frozen first projection
1049	0.2925311203319502	0.16278184856073663	Frozen first projection
1050	0.2603734439834025	0.1552222806831639	Frozen first projection
1051	0.25933609958506226	0.14669138325964093	Frozen first projection
1052	0.241701244813278	0.14861672796763734	Frozen first projection
1053	0.266597510373444	0.16273056786738027	Frozen first projection
1054	0.28112033195020747	0.1694486316832955	Frozen first projection
1055	0.25103734439834025	0.14646897107638313	Frozen first projection
1056	0.2645228215767635	0.15678166851502276	Frozen first projection
1057	0.25933609958506226	0.15436435306325286	Frozen first projection
1058	0.24481327800829875	0.13375287332225927	Frozen first projection
1059	0.24896265560165975	0.14815625867300838	Frozen first projection
1060	0.24688796680497926	0.1412447523454986	Frozen first projection
1061	0.23340248962655602	0.13931811196828198	Frozen first projection
1062	0.2551867219917012	0.15232315605286112	Frozen first projection
1063	0.25622406639004147	0.1591002992804895	Frozen first projection
1064	0.274896265560166	0.17258140096338392	Frozen first projection
1065	0.23858921161825727	0.15114273237585707	Frozen first projection
1066	0.2966804979253112	0.1741936489660905	Frozen first projection
1067	0.26556016597510373	0.14911929463617132	Frozen first projection
1068	0.27800829875518673	0.15882362814668655	Frozen first projection
1069	0.2645228215767635	0.16716575112548726	Frozen first projection
1070	0.2603734439834025	0.15165644260471844	Frozen first projection
1071	0.25622406639004147	0.1413498024962809	Frozen first projection
1072	0.26867219917012447	0.16519757278713998	Frozen first projection
1073	0.28112033195020747	0.16314149707369893	Frozen first projection
1074	0.2697095435684647	0.16775567884981088	Frozen first projection
1075	0.24688796680497926	0.14729412968251004	Frozen first projection
1076	0.2551867219917012	0.1520421126659789	Frozen first projection
1077	0.254149377593361	0.15426465914508183	Frozen first projection
1078	0.26141078838174275	0.1457186082989868	Frozen first projection
1079	0.2645228215767635	0.16140331611006606	Frozen first projection
1080	0.2645228215767635	0.15494854897714444	Frozen first projection
1081	0.27593360995850624	0.15675741659584733	Frozen first projection
1082	0.28319502074688796	0.1613129460861835	Frozen first projection
1083	0.26348547717842324	0.167908109456024	Frozen first projection
1084	0.2645228215767635	0.15643002144884993	Frozen first projection
1085	0.28319502074688796	0.1593895187996537	Frozen first projection
1086	0.266597510373444	0.15604046508313896	Frozen first projection
1087	0.266597510373444	0.15813365515101938	Frozen first projection
1088	0.26348547717842324	0.15604138534526363	Frozen first projection
1089	0.25622406639004147	0.15543321176589855	Frozen first projection
1090	0.2842323651452282	0.16819459216538507	Frozen first projection
1091	0.28112033195020747	0.1494554698109256	Frozen first projection
1092	0.266597510373444	0.15454235980363235	Frozen first projection
1093	0.245850622406639	0.15884180125935657	Frozen first projection
1094	0.25622406639004147	0.15427128449659966	Frozen first projection
1095	0.2603734439834025	0.16081483424713186	Frozen first projection
1096	0.2572614107883817	0.14323456990486957	Frozen first projection
1097	0.24896265560165975	0.14745439435834579	Frozen first projection
1098	0.258298755186722	0.15357136772609026	Frozen first projection
1099	0.2717842323651452	0.17218790933750136	Frozen first projection
1100	0.27282157676348545	0.17143632804258596	Frozen first projection
1101	0.24688796680497926	0.16053110524149322	Frozen first projection
1102	0.24273858921161826	0.14718495735562143	Frozen first projection
1103	0.266597510373444	0.15297910814328392	Frozen first projection
1104	0.27593360995850624	0.17051290715318249	Frozen first projection
1105	0.26556016597510373	0.14665981835427935	Frozen first projection
1106	0.2800829875518672	0.17751735601000307	Frozen first projection
1107	0.25622406639004147	0.1467162970220358	Frozen first projection
1108	0.28112033195020747	0.16197334775712208	Frozen first projection
1109	0.262448132780083	0.16449765539130265	Frozen first projection
1110	0.25	0.14979167598079995	Frozen first projection
1111	0.274896265560166	0.15942982617203127	Frozen first projection
1112	0.266597510373444	0.14822276204871565	Frozen first projection
1113	0.2551867219917012	0.15006540721954775	Frozen first projection
1114	0.26348547717842324	0.15809509837939706	Frozen first projection
1115	0.2717842323651452	0.15298496210879106	Frozen first projection
1116	0.27074688796680496	0.15936278651242877	Frozen first projection
1117	0.27074688796680496	0.16333601977291815	Frozen first projection
1118	0.25	0.14185299965889	Frozen first projection
1119	0.245850622406639	0.14469378214118747	Frozen first projection
1120	0.245850622406639	0.14041003635094895	Frozen first projection
1121	0.24688796680497926	0.14173513275859695	Frozen first projection
1122	0.23858921161825727	0.1472786045356543	Frozen first projection
1123	0.254149377593361	0.15825713712451273	Frozen first projection
1124	0.26867219917012447	0.16950301472922857	Frozen first projection
1125	0.245850622406639	0.14213705353123118	Frozen first projection
1126	0.2520746887966805	0.15491421809432	Frozen first projection
1127	0.2697095435684647	0.17278208214160978	Frozen first projection
1128	0.2769709543568465	0.17301090024936733	Frozen first projection
1129	0.262448132780083	0.15537674547182695	Frozen first projection
1130	0.2645228215767635	0.16942560083125252	Frozen first projection
1131	0.262448132780083	0.15529809134336234	Frozen first projection
1132	0.26867219917012447	0.15942026347133723	Frozen first projection
1133	0.25933609958506226	0.16129241926655719	Frozen first projection
1134	0.28526970954356845	0.16601705094276037	Frozen first projection
1135	0.2676348547717842	0.15923707830518763	Frozen first projection
1136	0.241701244813278	0.13837013352685473	Frozen first projection
1137	0.25622406639004147	0.1649548886043518	Frozen first projection
1138	0.25	0.1567653478606723	Frozen first projection
1139	0.2863070539419087	0.1506525237651107	Frozen first projection
1140	0.262448132780083	0.1582250231673823	Frozen first projection
1141	0.27074688796680496	0.14957131994123057	Frozen first projection
1142	0.2987551867219917	0.17787937392818937	Frozen first projection
1143	0.27593360995850624	0.17308578565363075	Frozen first projection
1144	0.26867219917012447	0.15231363349626142	Frozen first projection
1145	0.25311203319502074	0.15229206541148732	Frozen first projection
1146	0.25103734439834025	0.1542131782980531	Frozen first projection
1147	0.2800829875518672	0.17367250090187958	Frozen first projection
1148	0.2697095435684647	0.15048823593394478	Frozen first projection
1149	0.229253112033195	0.1293978736540628	Frozen first projection
1150	0.27074688796680496	0.16101372267509234	Frozen first projection
1151	0.22717842323651452	0.1394839018213262	Frozen first projection
1152	0.258298755186722	0.14841843633586113	Frozen first projection
1153	0.2842323651452282	0.1694085587049513	Frozen first projection
1154	0.241701244813278	0.1501574112476048	Frozen first projection
1155	0.25933609958506226	0.1582880335664576	Frozen first projection
1156	0.26556016597510373	0.16591445339127045	Frozen first projection
1157	0.2551867219917012	0.15347731349452917	Frozen first projection
1158	0.27800829875518673	0.15694618468681787	Frozen first projection
1159	0.24688796680497926	0.1461171111840971	Frozen first projection
1160	0.2603734439834025	0.15715533156171752	Frozen first projection
1161	0.25622406639004147	0.14770774818243174	Frozen first projection
1162	0.23858921161825727	0.1508351033238992	Frozen first projection
1163	0.26348547717842324	0.1671964923958803	Frozen first projection
1164	0.262448132780083	0.14883561756929575	Frozen first projection
1165	0.24896265560165975	0.15096503964174718	Frozen first projection
1166	0.2697095435684647	0.1600496290925756	Frozen first projection
1167	0.258298755186722	0.160853273407121	Frozen first projection
1168	0.2520746887966805	0.14903901359161797	Frozen first projection
1169	0.23858921161825727	0.14982784851717196	Frozen first projection
1170	0.2676348547717842	0.1602344482040513	Frozen first projection
1171	0.2603734439834025	0.14722875136552058	Frozen first projection
1172	0.24066390041493776	0.15198916438509086	Frozen first projection
1173	0.24688796680497926	0.14600767687721825	Frozen first projection
1174	0.25622406639004147	0.14709827416317092	Frozen first projection
1175	0.274896265560166	0.16309813605863632	Frozen first projection
1176	0.258298755186722	0.15900722323722877	Frozen first projection
1177	0.25933609958506226	0.1634909329942163	Frozen first projection
1178	0.262448132780083	0.15701035790171944	Frozen first projection
1179	0.241701244813278	0.14966422530957413	Frozen first projection
1180	0.2572614107883817	0.15053793634751933	Frozen first projection
1181	0.27074688796680496	0.1474825928168605	Frozen first projection
1182	0.279045643153527	0.15951794732194718	Frozen first projection
1183	0.2603734439834025	0.15888960136805674	Frozen first projection
1184	0.266597510373444	0.15511108053756184	Frozen first projection
1185	0.23962655601659752	0.15618983247234958	Frozen first projection
1186	0.29771784232365145	0.17466707397567802	Frozen first projection
1187	0.2697095435684647	0.1542567982346904	Frozen first projection
1188	0.2645228215767635	0.16309008381925377	Frozen first projection
1189	0.26141078838174275	0.1482874945103206	Frozen first projection
1190	0.26141078838174275	0.1631638604843557	Frozen first projection
1191	0.254149377593361	0.14124299000824891	Frozen first projection
1192	0.25	0.151318103870939	Frozen first projection
1193	0.254149377593361	0.14645140610458585	Frozen first projection
1194	0.27593360995850624	0.14957504412356049	Frozen first projection
1195	0.27593360995850624	0.15018223282065168	Frozen first projection
1196	0.262448132780083	0.15825730297270044	Frozen first projection
1197	0.2520746887966805	0.15906394570153787	Frozen first projection
1198	0.2800829875518672	0.15377255260584582	Frozen first projection
1199	0.24896265560165975	0.15136619149525712	Frozen first projection
1200	0.2551867219917012	0.14925421310997877	Frozen first projection
1201	0.27385892116182575	0.15418824614423302	Frozen first projection
1202	0.245850622406639	0.14875630395613446	Frozen first projection
1203	0.24896265560165975	0.14648019922254618	Frozen first projection
1204	0.2769709543568465	0.1775888217402611	Frozen first projection
1205	0.2676348547717842	0.1509473724933289	Frozen first projection
1206	0.2717842323651452	0.15927789333871567	Frozen first projection
1207	0.25311203319502074	0.1413512419615801	Frozen first projection
1208	0.25	0.14313204262650248	Frozen first projection
1209	0.254149377593361	0.15394177731826303	Frozen first projection
1210	0.241701244813278	0.1430200179446142	Frozen first projection
1211	0.258298755186722	0.13988357199594859	Frozen first projection
1212	0.237551867219917	0.14128273167441846	Frozen first projection
1213	0.258298755186722	0.14712032584578166	Frozen first projection
1214	0.25622406639004147	0.1495799270671006	Frozen first projection
1215	0.2603734439834025	0.14271569748050272	Frozen first projection
1216	0.2437759336099585	0.14361070774651163	Frozen first projection
1217	0.24688796680497926	0.15660242837384203	Frozen first projection
1218	0.27282157676348545	0.15898379719533945	Frozen first projection
1219	0.262448132780083	0.1665102670038136	Frozen first projection
1220	0.2645228215767635	0.16172042012672128	Frozen first projection
1221	0.27800829875518673	0.16126062432894184	Frozen first projection
1222	0.266597510373444	0.14773395021385433	Frozen first projection
1223	0.237551867219917	0.1462133598699295	Frozen first projection
1224	0.274896265560166	0.16745332297753562	Frozen first projection
1225	0.2717842323651452	0.1562094910867023	Frozen first projection
1226	0.262448132780083	0.1518003043294106	Frozen first projection
1227	0.258298755186722	0.15845267691698425	Frozen first projection
1228	0.27074688796680496	0.15237329000693517	Frozen first projection
1229	0.25311203319502074	0.16212944700374182	Frozen first projection
1230	0.2572614107883817	0.15865284667660723	Frozen first projection
1231	0.2697095435684647	0.1592414583992336	Frozen first projection
1232	0.2800829875518672	0.16938516712156795	Frozen first projection
1233	0.26867219917012447	0.1586634569978483	Frozen first projection
1234	0.26348547717842324	0.15302690559522972	Frozen first projection
1235	0.26556016597510373	0.15793949929351914	Frozen first projection
1236	0.2863070539419087	0.1616405623814768	Frozen first projection
1237	0.24896265560165975	0.15148849587471086	Frozen first projection
1238	0.27074688796680496	0.1572259195514078	Frozen first projection
1239	0.24688796680497926	0.1523394925773892	Frozen first projection
1240	0.25311203319502074	0.13881997076718045	Frozen first projection
1241	0.25311203319502074	0.15271550305400733	Frozen first projection
1242	0.25103734439834025	0.13996225181027339	Frozen first projection
1243	0.2572614107883817	0.1450770190815302	Frozen first projection
1244	0.2894190871369295	0.1723322503615886	Frozen first projection
1245	0.2717842323651452	0.1627043337217963	Frozen first projection
1246	0.27074688796680496	0.15614761737475347	Frozen first projection
1247	0.24066390041493776	0.15125851770133572	Frozen first projection
1248	0.262448132780083	0.1453096151583073	Frozen first projection
1249	0.24273858921161826	0.14752341731788432	Frozen first projection
1250	0.2479253112033195	0.13474922782180943	Frozen first projection
1251	0.26867219917012447	0.16099094377964812	Frozen first projection
1252	0.25311203319502074	0.147928740278036	Frozen first projection
1253	0.266597510373444	0.15962424512953624	Frozen first projection
1254	0.2551867219917012	0.1622772651181742	Frozen first projection
1255	0.279045643153527	0.1593145144660829	Frozen first projection
1256	0.24481327800829875	0.14974515199989882	Frozen first projection
1257	0.24688796680497926	0.15188086141743312	Frozen first projection
1258	0.237551867219917	0.1348362662642527	Frozen first projection
1259	0.25933609958506226	0.16003670416448512	Frozen first projection
1260	0.24066390041493776	0.13464657152540732	Frozen first projection
1261	0.27385892116182575	0.1726381623491383	Frozen first projection
1262	0.25622406639004147	0.15891647096214415	Frozen first projection
1263	0.25933609958506226	0.15480348647066344	Frozen first projection
1264	0.27074688796680496	0.16572007242204848	Frozen first projection
1265	0.25103734439834025	0.14665949831507957	Frozen first projection
1266	0.25311203319502074	0.1611577543569761	Frozen first projection
1267	0.254149377593361	0.15266053332445287	Frozen first projection
1268	0.27282157676348545	0.16288029829089212	Frozen first projection
1269	0.23029045643153526	0.1412289949535603	Frozen first projection
1270	0.254149377593361	0.15510713720946692	Frozen first projection
1271	0.27800829875518673	0.16762449118157233	Frozen first projection
1272	0.2645228215767635	0.14645031109685325	Frozen first projection
1273	0.26867219917012447	0.16092984722522052	Frozen first projection
1274	0.2645228215767635	0.1513807347578719	Frozen first projection
1275	0.254149377593361	0.14716935287732577	Frozen first projection
1276	0.28526970954356845	0.16377553016312874	Frozen first projection
1277	0.25103734439834025	0.13258473288107164	Frozen first projection
1278	0.26141078838174275	0.1585945415352349	Frozen first projection
1279	0.258298755186722	0.1672085814601753	Frozen first projection
1280	0.27593360995850624	0.15844452244712026	Frozen first projection
1281	0.23858921161825727	0.14331568532566244	Frozen first projection
1282	0.24273858921161826	0.14031433335116533	Frozen first projection
1283	0.26556016597510373	0.1627323503009968	Frozen first projection
1284	0.25933609958506226	0.1566066779257561	Frozen first projection
1285	0.25933609958506226	0.15621830771730105	Frozen first projection
1286	0.2769709543568465	0.16223255443915902	Frozen first projection
1287	0.21991701244813278	0.139004239142201	Frozen first projection
1288	0.2520746887966805	0.15376879014139808	Frozen first projection
1289	0.2551867219917012	0.1576689531698268	Frozen first projection
1290	0.245850622406639	0.14959276376009045	Frozen first projection
1291	0.26348547717842324	0.15252394592974125	Frozen first projection
1292	0.2479253112033195	0.15460683753784246	Frozen first projection
1293	0.26141078838174275	0.15538139246637903	Frozen first projection
1294	0.24481327800829875	0.1393140250160798	Frozen first projection
1295	0.23962655601659752	0.1432223657818787	Frozen first projection
1296	0.237551867219917	0.14061748309341698	Frozen first projection
1297	0.241701244813278	0.1447817974560864	Frozen first projection
1298	0.2551867219917012	0.15306928745061432	Frozen first projection
1299	0.274896265560166	0.1607070113363905	Frozen first projection
1300	0.2676348547717842	0.166794375253983	Frozen first projection
1301	0.24481327800829875	0.1427356594485773	Frozen first projection
1302	0.2437759336099585	0.1567033747634589	Frozen first projection
1303	0.2603734439834025	0.15627868355313485	Frozen first projection
1304	0.279045643153527	0.15974640062290385	Frozen first projection
1305	0.262448132780083	0.16120578592666374	Frozen first projection
1306	0.2572614107883817	0.15186629656475137	Frozen first projection
1307	0.2676348547717842	0.16151749507588925	Frozen first projection
1308	0.25622406639004147	0.1535231320468898	Frozen first projection
1309	0.245850622406639	0.15742844382230328	Frozen first projection
1310	0.29045643153526973	0.17193858117540892	Frozen first projection
1311	0.2479253112033195	0.1499507259817362	Frozen first projection
1312	0.24066390041493776	0.14325509086611196	Frozen first projection
1313	0.2437759336099585	0.15233099197813932	Frozen first projection
1314	0.266597510373444	0.15048598043024133	Frozen first projection
1315	0.25	0.14266750259603492	Frozen first projection
1316	0.27385892116182575	0.16998698374078222	Frozen first projection
1317	0.27074688796680496	0.16123409301677405	Frozen first projection
1318	0.2717842323651452	0.16295007213240836	Frozen first projection
1319	0.2520746887966805	0.16023648688966793	Frozen first projection
1320	0.27385892116182575	0.16226716553300427	Frozen first projection
1321	0.21887966804979253	0.13568710278143423	Frozen first projection
1322	0.266597510373444	0.14590869895321235	Frozen first projection
1323	0.254149377593361	0.16091608282571102	Frozen first projection
1324	0.25622406639004147	0.15437565870403333	Frozen first projection
1325	0.27800829875518673	0.1721561195458831	Frozen first projection
1326	0.2551867219917012	0.1511398808097659	Frozen first projection
1327	0.27282157676348545	0.16332453099240946	Frozen first projection
1328	0.27074688796680496	0.15163426296597518	Frozen first projection
1329	0.266597510373444	0.17844834322723446	Frozen first projection
1330	0.2717842323651452	0.1469263474140827	Frozen first projection
1331	0.28319502074688796	0.17387416806021458	Frozen first projection
1332	0.26141078838174275	0.1624962059030407	Frozen first projection
1333	0.25933609958506226	0.15500415526954042	Frozen first projection
1334	0.26556016597510373	0.16130227731830146	Frozen first projection
1335	0.24481327800829875	0.14341354539409568	Frozen first projection
1336	0.24273858921161826	0.14779359109401558	Frozen first projection
1337	0.2769709543568465	0.1780452406466943	Frozen first projection
1338	0.2603734439834025	0.15623522076949203	Frozen first projection
1339	0.27593360995850624	0.17242160406211607	Frozen first projection
1340	0.25103734439834025	0.16063279624098392	Frozen first projection
1341	0.25622406639004147	0.1441072753904974	Frozen first projection
1342	0.2863070539419087	0.1763187945235275	Frozen first projection
1343	0.2603734439834025	0.14876299107283225	Frozen first projection
1344	0.26141078838174275	0.15381188684442207	Frozen first projection
1345	0.25103734439834025	0.15194891030238103	Frozen first projection
1346	0.279045643153527	0.1647777456821053	Frozen first projection
1347	0.2676348547717842	0.15931245287245305	Frozen first projection
1348	0.2717842323651452	0.15809130920798614	Frozen first projection
1349	0.25103734439834025	0.15010125440332542	Frozen first projection
1350	0.25622406639004147	0.15390727375853233	Frozen first projection
1351	0.245850622406639	0.14304586408811107	Frozen first projection
1352	0.2645228215767635	0.16126792611032187	Frozen first projection
1353	0.262448132780083	0.16128547882203803	Frozen first projection
1354	0.26141078838174275	0.14000354578323781	Frozen first projection
1355	0.25103734439834025	0.14504433326693922	Frozen first projection
1356	0.2572614107883817	0.14992123745087063	Frozen first projection
1357	0.274896265560166	0.1556756905438716	Frozen first projection
1358	0.26348547717842324	0.1542927484672822	Frozen first projection
1359	0.274896265560166	0.15788116671509134	Frozen first projection
1360	0.266597510373444	0.14736717723515658	Frozen first projection
1361	0.258298755186722	0.15434967231468094	Frozen first projection
1362	0.24066390041493776	0.14134494874749012	Frozen first projection
1363	0.2603734439834025	0.1628804132554102	Frozen first projection
1364	0.245850622406639	0.14167815284534738	Frozen first projection
1365	0.27800829875518673	0.1580115241397021	Frozen first projection
1366	0.2800829875518672	0.14992702969777236	Frozen first projection
1367	0.24896265560165975	0.1549563977974449	Frozen first projection
1368	0.2520746887966805	0.14419716724593437	Frozen first projection
1369	0.2676348547717842	0.17391735024695054	Frozen first projection
1370	0.26141078838174275	0.1601312358101138	Frozen first projection
1371	0.2717842323651452	0.16815480401677643	Frozen first projection
1372	0.25622406639004147	0.15473175601509198	Frozen first projection
1373	0.27800829875518673	0.1600951287545939	Frozen first projection
1374	0.2572614107883817	0.1541466621671893	Frozen first projection
1375	0.25103734439834025	0.13604065107824506	Frozen first projection
1376	0.262448132780083	0.15644905221990807	Frozen first projection
1377	0.2603734439834025	0.1682160161154589	Frozen first projection
1378	0.25	0.1505211386363592	Frozen first projection
1379	0.274896265560166	0.16114713436586972	Frozen first projection
1380	0.23651452282157676	0.14301082446377897	Frozen first projection
1381	0.2551867219917012	0.15459769328671222	Frozen first projection
1382	0.2894190871369295	0.17078666742730164	Frozen first projection
1383	0.262448132780083	0.16120396085944666	Frozen first projection
1384	0.254149377593361	0.1521864945180944	Frozen first projection
1385	0.28112033195020747	0.1790667659636799	Frozen first projection
1386	0.27282157676348545	0.16828746526557156	Frozen first projection
1387	0.28526970954356845	0.1774485714917547	Frozen first projection
1388	0.262448132780083	0.14814538461906634	Frozen first projection
1389	0.241701244813278	0.15118162591891185	Frozen first projection
1390	0.254149377593361	0.14962986600928752	Frozen first projection
1391	0.2645228215767635	0.14734368027247993	Frozen first projection
1392	0.241701244813278	0.15095976051663734	Frozen first projection
1393	0.29045643153526973	0.14980977664116873	Frozen first projection
1394	0.2800829875518672	0.161627859991959	Frozen first projection
1395	0.2551867219917012	0.15656457803428797	Frozen first projection
1396	0.2572614107883817	0.15364552871232434	Frozen first projection
1397	0.28112033195020747	0.15582754365687915	Frozen first projection
1398	0.24066390041493776	0.1490995399684007	Frozen first projection
1399	0.24066390041493776	0.1361508992232565	Frozen first projection
1400	0.2842323651452282	0.16537955692738354	Frozen first projection
1401	0.2717842323651452	0.17135109275148613	Frozen first projection
1402	0.26348547717842324	0.14007548152336366	Frozen first projection
1403	0.29564315352697096	0.1812066682897473	Frozen first projection
1404	0.24481327800829875	0.14255428345911278	Frozen first projection
1405	0.266597510373444	0.1557054248022846	Frozen first projection
1406	0.2479253112033195	0.15427509509875859	Frozen first projection
1407	0.27593360995850624	0.16672259977067427	Frozen first projection
1408	0.2551867219917012	0.15552122998250406	Frozen first projection
1409	0.27282157676348545	0.16474729781483116	Frozen first projection
1410	0.266597510373444	0.15280759958564324	Frozen first projection
1411	0.2842323651452282	0.1682330455693249	Frozen first projection
1412	0.25311203319502074	0.16611600996263445	Frozen first projection
1413	0.2676348547717842	0.1617996104620804	Frozen first projection
1414	0.26348547717842324	0.16037389856038675	Frozen first projection
1415	0.25933609958506226	0.16030988487345932	Frozen first projection
1416	0.2551867219917012	0.13925180503732956	Frozen first projection
1417	0.2769709543568465	0.16213501496812172	Frozen first projection
1418	0.25622406639004147	0.1353125884510439	Frozen first projection
1419	0.25622406639004147	0.16434896626868703	Frozen first projection
1420	0.25103734439834025	0.15977803609813288	Frozen first projection
1421	0.2645228215767635	0.16618358174991466	Frozen first projection
1422	0.241701244813278	0.1575134264766282	Frozen first projection
1423	0.2572614107883817	0.15718480444286898	Frozen first projection
1424	0.2479253112033195	0.15609534528011543	Frozen first projection
1425	0.262448132780083	0.1523206675535114	Frozen first projection
1426	0.2551867219917012	0.14252899877899877	Frozen first projection
1427	0.25622406639004147	0.14652439832462885	Frozen first projection
1428	0.241701244813278	0.15060585122054282	Frozen first projection
1429	0.26348547717842324	0.15105307957241007	Frozen first projection
1430	0.2572614107883817	0.15779024121175475	Frozen first projection
1431	0.26141078838174275	0.15432236162841118	Frozen first projection
1432	0.25622406639004147	0.16340658948923542	Frozen first projection
1433	0.24896265560165975	0.15792414719454934	Frozen first projection
1434	0.26348547717842324	0.15276191969613115	Frozen first projection
1435	0.27385892116182575	0.18231539988128362	Frozen first projection
1436	0.2572614107883817	0.16258333512741574	Frozen first projection
1437	0.2800829875518672	0.14936227633066207	Frozen first projection
1438	0.26556016597510373	0.16549724504943036	Frozen first projection
1439	0.262448132780083	0.1449653294534175	Frozen first projection
1440	0.254149377593361	0.1573290148814507	Frozen first projection
1441	0.2603734439834025	0.15563939842623603	Frozen first projection
1442	0.26348547717842324	0.16119105646820406	Frozen first projection
1443	0.262448132780083	0.15372883163229745	Frozen first projection
1444	0.23962655601659752	0.14373913962961854	Frozen first projection
1445	0.23651452282157676	0.13658894062914442	Frozen first projection
1446	0.245850622406639	0.1360229053856016	Frozen first projection
1447	0.25	0.14163354369112213	Frozen first projection
1448	0.2603734439834025	0.15087892025761845	Frozen first projection
1449	0.3049792531120332	0.17694881126290923	Frozen first projection
1450	0.2676348547717842	0.15845572895523413	Frozen first projection
1451	0.23962655601659752	0.14378824714880784	Frozen first projection
1452	0.2520746887966805	0.1511073481539446	Frozen first projection
1453	0.23858921161825727	0.1359383034244937	Frozen first projection
1454	0.2769709543568465	0.15905631028958928	Frozen first projection
1455	0.2572614107883817	0.14127301568997125	Frozen first projection
1456	0.26867219917012447	0.15169158506667943	Frozen first projection
1457	0.254149377593361	0.14994301463206472	Frozen first projection
1458	0.25103734439834025	0.1485478393519178	Frozen first projection
1459	0.28319502074688796	0.16528141378673392	Frozen first projection
1460	0.27282157676348545	0.1569866513498666	Frozen first projection
1461	0.28112033195020747	0.16137273197427188	Frozen first projection
1462	0.2551867219917012	0.1545125867898145	Frozen first projection
1463	0.2842323651452282	0.17648692968513685	Frozen first projection
1464	0.258298755186722	0.1497372838771355	Frozen first projection
1465	0.25	0.15035595633460844	Frozen first projection
1466	0.25311203319502074	0.1400199006178026	Frozen first projection
1467	0.26556016597510373	0.1652204693930216	Frozen first projection
1468	0.2520746887966805	0.14536083835191504	Frozen first projection
1469	0.25933609958506226	0.15878842424735243	Frozen first projection
1470	0.23962655601659752	0.14624151662656998	Frozen first projection
1471	0.23340248962655602	0.14277354356952693	Frozen first projection
1472	0.258298755186722	0.16206140702926003	Frozen first projection
1473	0.254149377593361	0.15154573676391936	Frozen first projection
1474	0.25622406639004147	0.1567782165745022	Frozen first projection
1475	0.258298755186722	0.15895667820432863	Frozen first projection
1476	0.26867219917012447	0.15621572260207953	Frozen first projection
1477	0.26348547717842324	0.16419289911103188	Frozen first projection
1478	0.2479253112033195	0.13619345892189413	Frozen first projection
1479	0.2437759336099585	0.14129933055132698	Frozen first projection
1480	0.25622406639004147	0.13736199545000186	Frozen first projection
1481	0.27385892116182575	0.15401448818848504	Frozen first projection
1482	0.25622406639004147	0.15065243710202866	Frozen first projection
1483	0.23962655601659752	0.14098780218692028	Frozen first projection
1484	0.254149377593361	0.14625992185129125	Frozen first projection
1485	0.2697095435684647	0.17218102037955835	Frozen first projection
1486	0.2551867219917012	0.15064716133986294	Frozen first projection
1487	0.2551867219917012	0.14498996537105213	Frozen first projection
1488	0.27074688796680496	0.1589897992528819	Frozen first projection
1489	0.24481327800829875	0.13808624475165265	Frozen first projection
1490	0.29564315352697096	0.16764519104765285	Frozen first projection
1491	0.25311203319502074	0.16500914644962028	Frozen first projection
1492	0.2645228215767635	0.15663456760021993	Frozen first projection
1493	0.26867219917012447	0.14703805517188015	Frozen first projection
1494	0.29771784232365145	0.1765298702910393	Frozen first projection
1495	0.25311203319502074	0.14780497533824877	Frozen first projection
1496	0.254149377593361	0.15059082845041916	Frozen first projection
1497	0.26556016597510373	0.14833196603468135	Frozen first projection
1498	0.2676348547717842	0.15109189500898068	Frozen first projection
1499	0.24481327800829875	0.1555870796751495	Frozen first projection
1500	0.24896265560165975	0.13934385224054785	Frozen first projection
1501	0.26348547717842324	0.15430070494960968	Frozen first projection
1502	0.25103734439834025	0.14710404800970156	Frozen first projection
1503	0.254149377593361	0.14533020766383534	Frozen first projection
1504	0.2894190871369295	0.16207065285060118	Frozen first projection
1505	0.258298755186722	0.1578983409453255	Frozen first projection
1506	0.24481327800829875	0.14827460875469406	Frozen first projection
1507	0.2479253112033195	0.1299558800780697	Frozen first projection
1508	0.23962655601659752	0.12578067915499277	Frozen first projection
1509	0.2769709543568465	0.15244148506860372	Frozen first projection
1510	0.254149377593361	0.16375891509787102	Frozen first projection
1511	0.26348547717842324	0.15099679175255373	Frozen first projection
1512	0.2551867219917012	0.1395460654873555	Frozen first projection
1513	0.27074688796680496	0.155424598170249	Frozen first projection
1514	0.2437759336099585	0.13497495071598228	Frozen first projection
1515	0.2717842323651452	0.158147933919618	Frozen first projection
1516	0.24688796680497926	0.15303412807199335	Frozen first projection
1517	0.2479253112033195	0.15780411449016102	Frozen first projection
1518	0.28112033195020747	0.17271367212215002	Frozen first projection
1519	0.2572614107883817	0.13404376285111685	Frozen first projection
1520	0.26556016597510373	0.15672697571471633	Frozen first projection
1521	0.2717842323651452	0.17448043779842243	Frozen first projection
1522	0.26867219917012447	0.15474907911882702	Frozen first projection
1523	0.22717842323651452	0.13559701278487335	Frozen first projection
1524	0.24066390041493776	0.14760268760857623	Frozen first projection
1525	0.2645228215767635	0.15740756144416618	Frozen first projection
1526	0.25622406639004147	0.15824991171891506	Frozen first projection
1527	0.241701244813278	0.14934450676638178	Frozen first projection
1528	0.274896265560166	0.16094332194287986	Frozen first projection
1529	0.2676348547717842	0.15927115583075335	Frozen first projection
1530	0.2697095435684647	0.1605216371277159	Frozen first projection
1531	0.25622406639004147	0.15135713985683102	Frozen first projection
1532	0.30601659751037347	0.1566988126595674	Frozen first projection
1533	0.26348547717842324	0.15864817930087582	Frozen first projection
1534	0.2883817427385892	0.17556381644983363	Frozen first projection
1535	0.254149377593361	0.14980852657510968	Frozen first projection
1536	0.25	0.1500791204860929	Frozen first projection
1537	0.27385892116182575	0.16410508643743255	Frozen first projection
1538	0.2520746887966805	0.15472215241931023	Frozen first projection
1539	0.29356846473029047	0.1721605129740006	Frozen first projection
1540	0.26141078838174275	0.142651335715243	Frozen first projection
1541	0.2821576763485477	0.16908291424316088	Frozen first projection
1542	0.24273858921161826	0.15021830005859702	Frozen first projection
1543	0.27074688796680496	0.1708645905727555	Frozen first projection
1544	0.2520746887966805	0.14150971749148467	Frozen first projection
1545	0.2717842323651452	0.1690788651712261	Frozen first projection
1546	0.26556016597510373	0.15093019408570735	Frozen first projection
1547	0.262448132780083	0.1593247182642315	Frozen first projection
1548	0.266597510373444	0.15705989425933323	Frozen first projection
1549	0.26348547717842324	0.14697244184886474	Frozen first projection
1550	0.245850622406639	0.14708374506646643	Frozen first projection
1551	0.266597510373444	0.15679969215360745	Frozen first projection
1552	0.27282157676348545	0.16167256077449796	Frozen first projection
1553	0.258298755186722	0.1458278842397593	Frozen first projection
1554	0.2676348547717842	0.16296080753290185	Frozen first projection
1555	0.27800829875518673	0.1605766369830326	Frozen first projection
1556	0.262448132780083	0.1586011578813245	Frozen first projection
1557	0.24273858921161826	0.1521779991489804	Frozen first projection
1558	0.2603734439834025	0.16236784608834065	Frozen first projection
1559	0.26141078838174275	0.1471871125663223	Frozen first projection
1560	0.27385892116182575	0.1570148100569193	Frozen first projection
1561	0.26556016597510373	0.1547987502693385	Frozen first projection
1562	0.26348547717842324	0.15343093393666196	Frozen first projection
1563	0.2645228215767635	0.15734077659875575	Frozen first projection
1564	0.24896265560165975	0.15826059693215191	Frozen first projection
1565	0.2842323651452282	0.17020268716120698	Frozen first projection
1566	0.262448132780083	0.15119933482096848	Frozen first projection
1567	0.2603734439834025	0.1556714330170585	Frozen first projection
1568	0.25103734439834025	0.14009189613729078	Frozen first projection
1569	0.258298755186722	0.14727921843575145	Frozen first projection
1570	0.26348547717842324	0.15278113193224732	Frozen first projection
1571	0.2479253112033195	0.13964634241820983	Frozen first projection
1572	0.25933609958506226	0.1652096660344256	Frozen first projection
1573	0.24273858921161826	0.14838485554133618	Frozen first projection
1574	0.27800829875518673	0.17013019813154134	Frozen first projection
1575	0.2676348547717842	0.15879000239036622	Frozen first projection
1576	0.24273858921161826	0.15337118498944965	Frozen first projection
1577	0.26348547717842324	0.15776312364191375	Frozen first projection
1578	0.26141078838174275	0.141232185104906	Frozen first projection
1579	0.24896265560165975	0.14994168409897762	Frozen first projection
1580	0.258298755186722	0.15307321646373728	Frozen first projection
1581	0.26348547717842324	0.167452843130035	Frozen first projection
1582	0.24481327800829875	0.14873009139993587	Frozen first projection
1583	0.27074688796680496	0.15497201026639618	Frozen first projection
1584	0.25	0.15352109653657064	Frozen first projection
1585	0.24896265560165975	0.15502949062431087	Frozen first projection
1586	0.25103734439834025	0.15020532990394858	Frozen first projection
1587	0.27282157676348545	0.16252429835188098	Frozen first projection
1588	0.26867219917012447	0.15732235088956759	Frozen first projection
1589	0.25311203319502074	0.1605669705747041	Frozen first projection
1590	0.24688796680497926	0.14006381465574605	Frozen first projection
1591	0.2572614107883817	0.15505685074573347	Frozen first projection
1592	0.266597510373444	0.15085610209880257	Frozen first projection
1593	0.25933609958506226	0.1494882227084382	Frozen first projection
1594	0.2645228215767635	0.1641246136323668	Frozen first projection
1595	0.26556016597510373	0.15337251862072532	Frozen first projection
1596	0.2572614107883817	0.16414098921911421	Frozen first projection
1597	0.24066390041493776	0.1468780817382757	Frozen first projection
1598	0.2800829875518672	0.16636112519466334	Frozen first projection
1599	0.25933609958506226	0.14678005309798856	Frozen first projection
1600	0.27282157676348545	0.1533874254810107	Frozen first projection
1601	0.27074688796680496	0.1678898272088809	Frozen first projection
1602	0.26867219917012447	0.1667533935983019	Frozen first projection
1603	0.2717842323651452	0.1563780572827363	Frozen first projection
1604	0.2863070539419087	0.1721786787334855	Frozen first projection
1605	0.2603734439834025	0.15479044680169446	Frozen first projection
1606	0.25933609958506226	0.15098233251608517	Frozen first projection
1607	0.2479253112033195	0.1619069187061465	Frozen first projection
1608	0.2603734439834025	0.14622304800990382	Frozen first projection
1609	0.2821576763485477	0.16252889218788225	Frozen first projection
1610	0.29979253112033194	0.16914986280690078	Frozen first projection
1611	0.23858921161825727	0.13955700194281445	Frozen first projection
1612	0.2572614107883817	0.15105003397376185	Frozen first projection
1613	0.241701244813278	0.1440709478736698	Frozen first projection
1614	0.25	0.1585148342444308	Frozen first projection
1615	0.26348547717842324	0.16212268647513361	Frozen first projection
1616	0.27282157676348545	0.1640596732876754	Frozen first projection
1617	0.26556016597510373	0.14334402963199663	Frozen first projection
1618	0.2645228215767635	0.16265461726355582	Frozen first projection
1619	0.27074688796680496	0.150601757030339	Frozen first projection
1620	0.2551867219917012	0.16129646679867918	Frozen first projection
1621	0.2479253112033195	0.13726774808672654	Frozen first projection
1622	0.27282157676348545	0.16562114356232005	Frozen first projection
1623	0.24688796680497926	0.15209318011506112	Frozen first projection
1624	0.27800829875518673	0.16641557351824104	Frozen first projection
1625	0.274896265560166	0.1630130847877841	Frozen first projection
1626	0.2769709543568465	0.1599661390830886	Frozen first projection
1627	0.23340248962655602	0.14951899868239338	Frozen first projection
1628	0.27282157676348545	0.16906756275133117	Frozen first projection
1629	0.27074688796680496	0.16358401995925204	Frozen first projection
1630	0.25311203319502074	0.14437887785999914	Frozen first projection
1631	0.25103734439834025	0.14646255904622613	Frozen first projection
1632	0.266597510373444	0.16093102549216318	Frozen first projection
1633	0.2925311203319502	0.16459486954863894	Frozen first projection
1634	0.2572614107883817	0.15823385008937418	Frozen first projection
1635	0.24896265560165975	0.14729024579969172	Frozen first projection
1636	0.26348547717842324	0.15710691874415156	Frozen first projection
1637	0.2603734439834025	0.15768221216495193	Frozen first projection
1638	0.24273858921161826	0.13714788274782186	Frozen first projection
1639	0.26867219917012447	0.15174311622992123	Frozen first projection
1640	0.2551867219917012	0.14209041776663323	Frozen first projection
1641	0.27800829875518673	0.17522365821196492	Frozen first projection
1642	0.26556016597510373	0.16015440327592662	Frozen first projection
1643	0.2520746887966805	0.14560998834299038	Frozen first projection
1644	0.25622406639004147	0.14661779490763366	Frozen first projection
1645	0.258298755186722	0.163369328040515	Frozen first projection
1646	0.22717842323651452	0.1410913023515104	Frozen first projection
1647	0.23443983402489627	0.13460128899111787	Frozen first projection
1648	0.266597510373444	0.1517629011895442	Frozen first projection
1649	0.262448132780083	0.14586317720031433	Frozen first projection
1650	0.24273858921161826	0.14574016612730614	Frozen first projection
1651	0.2603734439834025	0.16817057707471966	Frozen first projection
1652	0.266597510373444	0.1583545904067455	Frozen first projection
1653	0.274896265560166	0.16504434987906186	Frozen first projection
1654	0.262448132780083	0.15484448147987062	Frozen first projection
1655	0.2479253112033195	0.14679998521701518	Frozen first projection
1656	0.266597510373444	0.15281036160686587	Frozen first projection
1657	0.26867219917012447	0.15147762143198248	Frozen first projection
1658	0.2603734439834025	0.15726858628985213	Frozen first projection
1659	0.245850622406639	0.1423488340469972	Frozen first projection
1660	0.24688796680497926	0.15520753756047873	Frozen first projection
1661	0.26556016597510373	0.14672594594099436	Frozen first projection
1662	0.2354771784232365	0.13837069826851917	Frozen first projection
1663	0.25311203319502074	0.15146165099450604	Frozen first projection
1664	0.28526970954356845	0.17571253206669873	Frozen first projection
1665	0.25622406639004147	0.14949752488873913	Frozen first projection
1666	0.25103734439834025	0.13856685166805904	Frozen first projection
1667	0.25622406639004147	0.14824605251962544	Frozen first projection
1668	0.25933609958506226	0.15831314410922223	Frozen first projection
1669	0.23858921161825727	0.14556505102040818	Frozen first projection
1670	0.2769709543568465	0.15888932376513515	Frozen first projection
1671	0.2603734439834025	0.1473303678115325	Frozen first projection
1672	0.26556016597510373	0.15443809452107898	Frozen first projection
1673	0.2520746887966805	0.1632490316700843	Frozen first projection
1674	0.24066390041493776	0.14991832893042983	Frozen first projection
1675	0.29356846473029047	0.17475635612274149	Frozen first projection
1676	0.25622406639004147	0.15310260179500057	Frozen first projection
1677	0.2437759336099585	0.1457176894106374	Frozen first projection
1678	0.2603734439834025	0.158295918023393	Frozen first projection
1679	0.28526970954356845	0.17265141610367118	Frozen first projection
1680	0.237551867219917	0.14532042475837992	Frozen first projection
1681	0.2479253112033195	0.15297962727375825	Frozen first projection
1682	0.25622406639004147	0.14429859090395963	Frozen first projection
1683	0.25311203319502074	0.1547836321543218	Frozen first projection
1684	0.2520746887966805	0.14820088121173183	Frozen first projection
1685	0.279045643153527	0.15974902531541674	Frozen first projection
1686	0.279045643153527	0.1638690196382504	Frozen first projection
1687	0.25933609958506226	0.1517469235595641	Frozen first projection
1688	0.258298755186722	0.152902747394658	Frozen first projection
1689	0.2520746887966805	0.14469576240644708	Frozen first projection
1690	0.25	0.15477699688227015	Frozen first projection
1691	0.258298755186722	0.14689825824593308	Frozen first projection
1692	0.27074688796680496	0.14502280138345777	Frozen first projection
1693	0.2863070539419087	0.16603810454329257	Frozen first projection
1694	0.266597510373444	0.1636489138467985	Frozen first projection
1695	0.23132780082987553	0.1442685225772729	Frozen first projection
1696	0.258298755186722	0.156281419172018	Frozen first projection
1697	0.266597510373444	0.17240670363895405	Frozen first projection
1698	0.2572614107883817	0.14979296993760188	Frozen first projection
1699	0.258298755186722	0.15836772798742138	Frozen first projection
1700	0.241701244813278	0.13306711903642254	Frozen first projection
1701	0.2572614107883817	0.15293758176100722	Frozen first projection
1702	0.2551867219917012	0.14647315168516462	Frozen first projection
1703	0.26556016597510373	0.16738922196993417	Frozen first projection
1704	0.266597510373444	0.14887551620915096	Frozen first projection
1705	0.24688796680497926	0.14934270415288542	Frozen first projection
1706	0.27800829875518673	0.16063774125371877	Frozen first projection
1707	0.258298755186722	0.15628222403902825	Frozen first projection
1708	0.2551867219917012	0.14832347728463655	Frozen first projection
1709	0.26556016597510373	0.1499085064090243	Frozen first projection
1710	0.2551867219917012	0.1454289331582193	Frozen first projection
1711	0.25311203319502074	0.13612119254862157	Frozen first projection
1712	0.25933609958506226	0.15479659731002876	Frozen first projection
1713	0.23443983402489627	0.13707337021760427	Frozen first projection
1714	0.2800829875518672	0.16678385825040637	Frozen first projection
1715	0.24688796680497926	0.14718214223572088	Frozen first projection
1716	0.2551867219917012	0.14996741640343822	Frozen first projection
1717	0.25103734439834025	0.13833440253940354	Frozen first projection
1718	0.25311203319502074	0.153081177481954	Frozen first projection
1719	0.2520746887966805	0.13971467080056726	Frozen first projection
1720	0.258298755186722	0.15655548283075854	Frozen first projection
1721	0.24688796680497926	0.14340112448428816	Frozen first projection
1722	0.2354771784232365	0.13849640222507206	Frozen first projection
1723	0.23858921161825727	0.14128501699593987	Frozen first projection
1724	0.25311203319502074	0.14555180275401644	Frozen first projection
1725	0.26141078838174275	0.16403763081390957	Frozen first projection
1726	0.2946058091286307	0.16433451050370446	Frozen first projection
1727	0.27074688796680496	0.15833767347471212	Frozen first projection
1728	0.27074688796680496	0.15715763254597692	Frozen first projection
1729	0.26141078838174275	0.1514613143381362	Frozen first projection
1730	0.2572614107883817	0.15931570821549415	Frozen first projection
1731	0.2551867219917012	0.15059643395278755	Frozen first projection
1732	0.25622406639004147	0.1566427304508842	Frozen first projection
1733	0.25933609958506226	0.15172722431480185	Frozen first projection
1734	0.266597510373444	0.15277034935628375	Frozen first projection
1735	0.2603734439834025	0.1514368509308127	Frozen first projection
1736	0.26556016597510373	0.15548221219454372	Frozen first projection
1737	0.266597510373444	0.15229840648594686	Frozen first projection
1738	0.25622406639004147	0.15502547685831902	Frozen first projection
1739	0.26348547717842324	0.15391649562307114	Frozen first projection
1740	0.2479253112033195	0.15140183661404372	Frozen first projection
1741	0.26348547717842324	0.14885695631442075	Frozen first projection
1742	0.245850622406639	0.14979778596571952	Frozen first projection
1743	0.24273858921161826	0.12990722154331508	Frozen first projection
1744	0.2645228215767635	0.158453448403583	Frozen first projection
1745	0.2603734439834025	0.15024951748749557	Frozen first projection
1746	0.2676348547717842	0.15479795948264008	Frozen first projection
1747	0.26141078838174275	0.14280795723155876	Frozen first projection
1748	0.245850622406639	0.14201907107391418	Frozen first projection
1749	0.2603734439834025	0.1644685089487785	Frozen first projection
1750	0.25311203319502074	0.13628861866846279	Frozen first projection
1751	0.28319502074688796	0.16492707334306536	Frozen first projection
1752	0.2095435684647303	0.12321047627287432	Frozen first projection
1753	0.25103734439834025	0.13821619245454092	Frozen first projection
1754	0.24896265560165975	0.14959093555611946	Frozen first projection
1755	0.24896265560165975	0.150221393293121	Frozen first projection
1756	0.25933609958506226	0.14983246694152202	Frozen first projection
1757	0.2676348547717842	0.14816462491353116	Frozen first projection
1758	0.25311203319502074	0.15298918091360297	Frozen first projection
1759	0.24273858921161826	0.14346212146782572	Frozen first projection
1760	0.266597510373444	0.14607326564785583	Frozen first projection
1761	0.24481327800829875	0.1574166255987604	Frozen first projection
1762	0.28526970954356845	0.15813376916953087	Frozen first projection
1763	0.24066390041493776	0.1543175821354847	Frozen first projection
1764	0.245850622406639	0.16390791452318543	Frozen first projection
1765	0.25933609958506226	0.16727650136936567	Frozen first projection
1766	0.24896265560165975	0.15718674510735547	Frozen first projection
1767	0.27282157676348545	0.1636416280928066	Frozen first projection
1768	0.2437759336099585	0.14101004430256123	Frozen first projection
1769	0.24688796680497926	0.1503556392170794	Frozen first projection
1770	0.26867219917012447	0.15965669381787803	Frozen first projection
1771	0.26556016597510373	0.16397676493745397	Frozen first projection
1772	0.2645228215767635	0.15485554477337635	Frozen first projection
1773	0.26556016597510373	0.15869570180985615	Frozen first projection
1774	0.2769709543568465	0.1702691710644504	Frozen first projection
1775	0.27074688796680496	0.15089729600750407	Frozen first projection
1776	0.2894190871369295	0.17419094665592882	Frozen first projection
1777	0.26348547717842324	0.172727813194907	Frozen first projection
1778	0.266597510373444	0.1593535228538952	Frozen first projection
1779	0.27074688796680496	0.16234254808629942	Frozen first projection
1780	0.2717842323651452	0.15636514682196784	Frozen first projection
1781	0.2437759336099585	0.14530639487143127	Frozen first projection
1782	0.245850622406639	0.1520883118286347	Frozen first projection
1783	0.24066390041493776	0.14955065413481344	Frozen first projection
1784	0.25103734439834025	0.14974032759648792	Frozen first projection
1785	0.26556016597510373	0.1602460063110786	Frozen first projection
1786	0.2572614107883817	0.151067218219548	Frozen first projection
1787	0.2520746887966805	0.14633835535698692	Frozen first projection
1788	0.28112033195020747	0.1625713366262293	Frozen first projection
1789	0.274896265560166	0.17074955158092048	Frozen first projection
1790	0.2572614107883817	0.1520868199496201	Frozen first projection
1791	0.24481327800829875	0.14610034117694162	Frozen first projection
1792	0.23962655601659752	0.14441493444223114	Frozen first projection
1793	0.2697095435684647	0.1620031712173895	Frozen first projection
1794	0.2551867219917012	0.1494030560410469	Frozen first projection
1795	0.2354771784232365	0.14630760236676593	Frozen first projection
1796	0.2603734439834025	0.14259242502937608	Frozen first projection
1797	0.2645228215767635	0.15084520953535324	Frozen first projection
1798	0.2572614107883817	0.15319724607043678	Frozen first projection
1799	0.2603734439834025	0.16309273071410882	Frozen first projection
1800	0.241701244813278	0.145330011820599	Frozen first projection
1801	0.2863070539419087	0.16802687329061164	Frozen first projection
1802	0.262448132780083	0.1629533052609456	Frozen first projection
1803	0.27282157676348545	0.15590874549958758	Frozen first projection
1804	0.26348547717842324	0.1539794115884734	Frozen first projection
1805	0.23340248962655602	0.13752021285631244	Frozen first projection
1806	0.27074688796680496	0.15337792142383666	Frozen first projection
1807	0.25933609958506226	0.15049774409258143	Frozen first projection
1808	0.2603734439834025	0.15479523941215403	Frozen first projection
1809	0.25	0.16124335694471442	Frozen first projection
1810	0.2551867219917012	0.1507446473757335	Frozen first projection
1811	0.23858921161825727	0.15369246683219628	Frozen first projection
1812	0.2551867219917012	0.1342504953255519	Frozen first projection
1813	0.28526970954356845	0.16896304298821202	Frozen first projection
1814	0.245850622406639	0.14199517802458977	Frozen first projection
1815	0.27385892116182575	0.16502289004472775	Frozen first projection
1816	0.28319502074688796	0.17696488467431365	Frozen first projection
1817	0.24481327800829875	0.1499315624776217	Frozen first projection
1818	0.2821576763485477	0.1662079725904381	Frozen first projection
1819	0.2717842323651452	0.1702023334123886	Frozen first projection
1820	0.25933609958506226	0.16568261937060894	Frozen first projection
1821	0.26867219917012447	0.16623403894535785	Frozen first projection
1822	0.24688796680497926	0.15300106191930252	Frozen first projection
1823	0.25933609958506226	0.16132339882339883	Frozen first projection
1824	0.23236514522821577	0.14134300715405138	Frozen first projection
1825	0.2717842323651452	0.16635909722922337	Frozen first projection
1826	0.27800829875518673	0.16142869726679382	Frozen first projection
1827	0.29149377593361	0.17438975694345843	Frozen first projection
1828	0.26556016597510373	0.16723831900022737	Frozen first projection
1829	0.2842323651452282	0.17043343593207716	Frozen first projection
1830	0.241701244813278	0.14402889836330024	Frozen first projection
1831	0.2769709543568465	0.157751131968703	Frozen first projection
1832	0.245850622406639	0.145423797034141	Frozen first projection
1833	0.2603734439834025	0.15113184366721222	Frozen first projection
1834	0.2645228215767635	0.15563422211032293	Frozen first projection
1835	0.266597510373444	0.14540662894915762	Frozen first projection
1836	0.27074688796680496	0.16573702896059034	Frozen first projection
1837	0.237551867219917	0.1336575896028745	Frozen first projection
1838	0.25933609958506226	0.16856633167706503	Frozen first projection
1839	0.2551867219917012	0.1504844703845642	Frozen first projection
1840	0.2717842323651452	0.1588285980680513	Frozen first projection
1841	0.24481327800829875	0.14917448859237853	Frozen first projection
1842	0.25	0.15690032800420506	Frozen first projection
1843	0.2697095435684647	0.160417433293466	Frozen first projection
1844	0.27074688796680496	0.16470265792198419	Frozen first projection
1845	0.2717842323651452	0.1511001057608473	Frozen first projection
1846	0.25311203319502074	0.1482917958643084	Frozen first projection
1847	0.24273858921161826	0.13818703736084395	Frozen first projection
1848	0.28319502074688796	0.15850462207465232	Frozen first projection
1849	0.2354771784232365	0.14331185373042377	Frozen first projection
1850	0.27593360995850624	0.17027173375344204	Frozen first projection
1851	0.25311203319502074	0.15014198545160823	Frozen first projection
1852	0.27800829875518673	0.1723748957917832	Frozen first projection
1853	0.27074688796680496	0.16486266048611564	Frozen first projection
1854	0.23962655601659752	0.1455485416221701	Frozen first projection
1855	0.25103734439834025	0.15573610391894435	Frozen first projection
1856	0.24066390041493776	0.14854226531795633	Frozen first projection
1857	0.2572614107883817	0.1548149819829299	Frozen first projection
1858	0.27282157676348545	0.15745583531605967	Frozen first projection
1859	0.2354771784232365	0.13686584906155394	Frozen first projection
1860	0.2603734439834025	0.14531589878280188	Frozen first projection
1861	0.241701244813278	0.13681240987643756	Frozen first projection
1862	0.27385892116182575	0.16127392259205386	Frozen first projection
1863	0.24688796680497926	0.1470958726368119	Frozen first projection
1864	0.262448132780083	0.14497632856514242	Frozen first projection
1865	0.2603734439834025	0.16824828523696658	Frozen first projection
1866	0.28526970954356845	0.17080996514714702	Frozen first projection
1867	0.24273858921161826	0.1452517240185614	Frozen first projection
1868	0.262448132780083	0.14270169319399617	Frozen first projection
1869	0.25622406639004147	0.15178285904643346	Frozen first projection
1870	0.25103734439834025	0.14950795160766128	Frozen first projection
1871	0.26867219917012447	0.16435592614356526	Frozen first projection
1872	0.245850622406639	0.1566603647703787	Frozen first projection
1873	0.254149377593361	0.15453155204767072	Frozen first projection
1874	0.2572614107883817	0.16019339663950646	Frozen first projection
1875	0.26348547717842324	0.16003591147133542	Frozen first projection
1876	0.2645228215767635	0.158280436763648	Frozen first projection
1877	0.2603734439834025	0.15780298277293345	Frozen first projection
1878	0.24481327800829875	0.14308514478041562	Frozen first projection
1879	0.27282157676348545	0.1583785018423287	Frozen first projection
1880	0.27593360995850624	0.15979728880893118	Frozen first projection
1881	0.26141078838174275	0.15720545112311995	Frozen first projection
1882	0.245850622406639	0.14205936886173395	Frozen first projection
1883	0.22614107883817428	0.13161551027929674	Frozen first projection
1884	0.2645228215767635	0.15933971289778412	Frozen first projection
1885	0.241701244813278	0.14346131904394896	Frozen first projection
1886	0.23962655601659752	0.15185781225141637	Frozen first projection
1887	0.24688796680497926	0.1549515493976093	Frozen first projection
1888	0.23340248962655602	0.14283073341304267	Frozen first projection
1889	0.2603734439834025	0.15515007782906307	Frozen first projection
1890	0.24896265560165975	0.14845141018393207	Frozen first projection
1891	0.245850622406639	0.14052163959424885	Frozen first projection
1892	0.24481327800829875	0.14394095196820555	Frozen first projection
1893	0.2697095435684647	0.15754231264309057	Frozen first projection
1894	0.2800829875518672	0.17321073100978848	Frozen first projection
1895	0.254149377593361	0.14548439639532756	Frozen first projection
1896	0.2603734439834025	0.1558452125137774	Frozen first projection
1897	0.25103734439834025	0.15295100946302626	Frozen first projection
1898	0.28319502074688796	0.16860672543613903	Frozen first projection
1899	0.26348547717842324	0.15535017010768076	Frozen first projection
1900	0.23443983402489627	0.13912458770071123	Frozen first projection
1901	0.241701244813278	0.14757419717708894	Frozen first projection
1902	0.27385892116182575	0.15816047548572737	Frozen first projection
1903	0.279045643153527	0.15533800828874272	Frozen first projection
1904	0.2821576763485477	0.16683135198410906	Frozen first projection
1905	0.2572614107883817	0.15722937792012537	Frozen first projection
1906	0.2676348547717842	0.16433687281645656	Frozen first projection
1907	0.254149377593361	0.16496362130127654	Frozen first projection
1908	0.24896265560165975	0.13510895358959252	Frozen first projection
1909	0.2645228215767635	0.15935046101298866	Frozen first projection
1910	0.25622406639004147	0.1488377881262278	Frozen first projection
1911	0.254149377593361	0.14613956987066848	Frozen first projection
1912	0.258298755186722	0.15303457712256674	Frozen first projection
1913	0.24066390041493776	0.14391579694527576	Frozen first projection
1914	0.2645228215767635	0.16046811239984987	Frozen first projection
1915	0.26141078838174275	0.1583275854490672	Frozen first projection
1916	0.258298755186722	0.15453640894467824	Frozen first projection
1917	0.23340248962655602	0.14236493039430656	Frozen first projection
1918	0.25	0.14569567804386108	Frozen first projection
1919	0.25622406639004147	0.1558479328519414	Frozen first projection
1920	0.27385892116182575	0.17818553145354976	Frozen first projection
1921	0.24896265560165975	0.1426283635474151	Frozen first projection
1922	0.2603734439834025	0.1445398028835948	Frozen first projection
1923	0.24896265560165975	0.15871173263985972	Frozen first projection
1924	0.262448132780083	0.15369949532799998	Frozen first projection
1925	0.258298755186722	0.15169826256782779	Frozen first projection
1926	0.2769709543568465	0.16297478765540135	Frozen first projection
1927	0.2645228215767635	0.16232997636882932	Frozen first projection
1928	0.24896265560165975	0.13558196823151616	Frozen first projection
1929	0.27282157676348545	0.16385021531324864	Frozen first projection
1930	0.24481327800829875	0.15769964612855866	Frozen first projection
1931	0.266597510373444	0.1591178029662212	Frozen first projection
1932	0.241701244813278	0.13937466488374023	Frozen first projection
1933	0.25311203319502074	0.15236501961721535	Frozen first projection
1934	0.26141078838174275	0.1465428272989152	Frozen first projection
1935	0.27593360995850624	0.1491944848664502	Frozen first projection
1936	0.2603734439834025	0.15908563184686725	Frozen first projection
1937	0.2894190871369295	0.16928860304927862	Frozen first projection
1938	0.2572614107883817	0.14160796399030887	Frozen first projection
1939	0.258298755186722	0.15712238007623622	Frozen first projection
1940	0.26141078838174275	0.1532579691131802	Frozen first projection
1941	0.2863070539419087	0.17773425096281398	Frozen first projection
1942	0.27800829875518673	0.17361260582579996	Frozen first projection
1943	0.258298755186722	0.14186160779217746	Frozen first projection
1944	0.2572614107883817	0.15169951836517986	Frozen first projection
1945	0.25103734439834025	0.15090904748952483	Frozen first projection
1946	0.245850622406639	0.14696022327800776	Frozen first projection
1947	0.24066390041493776	0.14318218337514085	Frozen first projection
1948	0.25103734439834025	0.16263413565404708	Frozen first projection
1949	0.23651452282157676	0.14076144474651392	Frozen first projection
1950	0.2697095435684647	0.16788377182598868	Frozen first projection
1951	0.274896265560166	0.1651279051205442	Frozen first projection
1952	0.279045643153527	0.16027305743228754	Frozen first projection
1953	0.25103734439834025	0.1376737852334827	Frozen first projection
1954	0.2520746887966805	0.15402945812124247	Frozen first projection
1955	0.2479253112033195	0.15107166559188234	Frozen first projection
1956	0.24896265560165975	0.15207767586614385	Frozen first projection
1957	0.24688796680497926	0.15266746006275853	Frozen first projection
1958	0.27593360995850624	0.17459887036928212	Frozen first projection
1959	0.262448132780083	0.150269673322887	Frozen first projection
1960	0.25311203319502074	0.15332919051261087	Frozen first projection
1961	0.2437759336099585	0.1487289440336632	Frozen first projection
1962	0.2354771784232365	0.14274312029704445	Frozen first projection
1963	0.2769709543568465	0.17059513722421513	Frozen first projection
1964	0.2572614107883817	0.15867151773467114	Frozen first projection
1965	0.2645228215767635	0.1534542578298429	Frozen first projection
1966	0.2717842323651452	0.15982392671860218	Frozen first projection
1967	0.2676348547717842	0.15501083348699982	Frozen first projection
1968	0.2520746887966805	0.15194895162183547	Frozen first projection
1969	0.25	0.14793155521614776	Frozen first projection
1970	0.2603734439834025	0.1623656008507374	Frozen first projection
1971	0.24481327800829875	0.14293966547991047	Frozen first projection
1972	0.2520746887966805	0.13957885446280285	Frozen first projection
1973	0.26556016597510373	0.15890440801947223	Frozen first projection
1974	0.2697095435684647	0.13785288156250414	Frozen first projection
1975	0.26348547717842324	0.14998334130630078	Frozen first projection
1976	0.2676348547717842	0.1624219659349429	Frozen first projection
1977	0.24688796680497926	0.139852382904554	Frozen first projection
1978	0.26141078838174275	0.15810779280838277	Frozen first projection
1979	0.27074688796680496	0.16201586365492426	Frozen first projection
1980	0.2717842323651452	0.15884238368747733	Frozen first projection
1981	0.2354771784232365	0.13858804851103634	Frozen first projection
1982	0.2697095435684647	0.16018460804132975	Frozen first projection
1983	0.27282157676348545	0.16294619890708428	Frozen first projection
1984	0.23651452282157676	0.1439144979321598	Frozen first projection
1985	0.24066390041493776	0.1465385258198957	Frozen first projection
1986	0.254149377593361	0.15264076672673188	Frozen first projection
1987	0.25	0.14367200442906447	Frozen first projection
1988	0.2800829875518672	0.16583630948672057	Frozen first projection
1989	0.2697095435684647	0.15005583827401064	Frozen first projection
1990	0.2883817427385892	0.1583602894876055	Frozen first projection
1991	0.2676348547717842	0.1619452704142624	Frozen first projection
1992	0.25622406639004147	0.1524426164023705	Frozen first projection
1993	0.258298755186722	0.15419827217177262	Frozen first projection
1994	0.25622406639004147	0.14650448314314815	Frozen first projection
1995	0.24896265560165975	0.1427481100678588	Frozen first projection
1996	0.27282157676348545	0.15478621088914502	Frozen first projection
1997	0.2769709543568465	0.17243029907244048	Frozen first projection
1998	0.2572614107883817	0.14290298842782367	Frozen first projection
1999	0.24066390041493776	0.14811609601230574	Frozen first projection
2000	0.27385892116182575	0.15376163468863074	Frozen first projection
2001	0.2842323651452282	0.1741084777341645	Frozen first projection
2002	0.258298755186722	0.14856553463172079	Frozen first projection
2003	0.25103734439834025	0.14369957424964414	Frozen first projection
2004	0.26556016597510373	0.14864465915190553	Frozen first projection
2005	0.245850622406639	0.15979993799602338	Frozen first projection
2006	0.2551867219917012	0.14998045101402482	Frozen first projection
2007	0.27800829875518673	0.1624842143676608	Frozen first projection
2008	0.25622406639004147	0.1528290456582671	Frozen first projection
2009	0.26348547717842324	0.15771073451445128	Frozen first projection
2010	0.2676348547717842	0.15240123800250382	Frozen first projection
2011	0.2520746887966805	0.15356347389456376	Frozen first projection
2012	0.254149377593361	0.15625088204321858	Frozen first projection
2013	0.26348547717842324	0.15214358888002316	Frozen first projection
2014	0.25311203319502074	0.14785190847213808	Frozen first projection
2015	0.254149377593361	0.15150308348373953	Frozen first projection
2016	0.25622406639004147	0.14524135669374658	Frozen first projection
2017	0.245850622406639	0.15149317355107456	Frozen first projection
2018	0.2676348547717842	0.16481158937563464	Frozen first projection
2019	0.2676348547717842	0.14473338692991872	Frozen first projection
2020	0.27800829875518673	0.1690790530045203	Frozen first projection
2021	0.26867219917012447	0.16172005843015147	Frozen first projection
2022	0.245850622406639	0.1499150613235804	Frozen first projection
2023	0.2821576763485477	0.1623368324107855	Frozen first projection
2024	0.2572614107883817	0.14818296599820716	Frozen first projection
2025	0.2800829875518672	0.17329424640400248	Frozen first projection
2026	0.26867219917012447	0.1642068028649751	Frozen first projection
2027	0.279045643153527	0.1595276055260722	Frozen first projection
2028	0.26141078838174275	0.15816576324568987	Frozen first projection
2029	0.26141078838174275	0.14937338237762204	Frozen first projection
2030	0.2883817427385892	0.15534470707392956	Frozen first projection
2031	0.237551867219917	0.1425014786535297	Frozen first projection
2032	0.28112033195020747	0.18275503688122005	Frozen first projection
2033	0.23132780082987553	0.12665607176806085	Frozen first projection
2034	0.26556016597510373	0.15296144368838388	Frozen first projection
2035	0.27074688796680496	0.1556230606843245	Frozen first projection
2036	0.29149377593361	0.18254487126271796	Frozen first projection
2037	0.245850622406639	0.14922626465051575	Frozen first projection
2038	0.24273858921161826	0.14451442565572564	Frozen first projection
2039	0.26348547717842324	0.1556420465333382	Frozen first projection
2040	0.27074688796680496	0.17401848116571358	Frozen first projection
2041	0.25103734439834025	0.1504961801966723	Frozen first projection
2042	0.24481327800829875	0.14538557461552948	Frozen first projection
2043	0.2800829875518672	0.16393692703613738	Frozen first projection
2044	0.2572614107883817	0.1459001968467687	Frozen first projection
2045	0.2697095435684647	0.16101603010912996	Frozen first projection
2046	0.26867219917012447	0.15798244054858085	Frozen first projection
2047	0.25933609958506226	0.16438249271772282	Frozen first projection
2048	0.25622406639004147	0.15964499787151518	Frozen first projection
2049	0.24688796680497926	0.15127252193998736	Frozen first projection
2050	0.25	0.14203253717139214	Frozen first projection
2051	0.24481327800829875	0.1447892795487672	Frozen first projection
2052	0.2717842323651452	0.15425292484739145	Frozen first projection
2053	0.26867219917012447	0.15143741954699544	Frozen first projection
2054	0.262448132780083	0.1549235825214127	Frozen first projection
2055	0.274896265560166	0.1560178214986302	Frozen first projection
2056	0.25622406639004147	0.15193047292729672	Frozen first projection
2057	0.2645228215767635	0.16435647387561958	Frozen first projection
2058	0.27385892116182575	0.16844290188645686	Frozen first projection
2059	0.27282157676348545	0.1613456843735648	Frozen first projection
2060	0.26867219917012447	0.15698993325086144	Frozen first projection
2061	0.24688796680497926	0.1407542593914975	Frozen first projection
2062	0.2645228215767635	0.15941861658456485	Frozen first projection
2063	0.24896265560165975	0.1445934295510567	Frozen first projection
2064	0.2821576763485477	0.1563569316249992	Frozen first projection
2065	0.26867219917012447	0.15841634980257066	Frozen first projection
2066	0.24273858921161826	0.16202108772276996	Frozen first projection
2067	0.2437759336099585	0.15656580167569317	Frozen first projection
2068	0.25103734439834025	0.14395307304606828	Frozen first projection
2069	0.25622406639004147	0.1435267987242172	Frozen first projection
2070	0.22821576763485477	0.14316527611657281	Frozen first projection
2071	0.26556016597510373	0.1587614331705861	Frozen first projection
2072	0.28112033195020747	0.16477545725765724	Frozen first projection
2073	0.2946058091286307	0.18095623654900522	Frozen first projection
2074	0.26141078838174275	0.15078544318064127	Frozen first projection
2075	0.2676348547717842	0.16616666484677847	Frozen first projection
2076	0.266597510373444	0.15092609073074403	Frozen first projection
2077	0.29771784232365145	0.1753462731194414	Frozen first projection
2078	0.27385892116182575	0.168705949153958	Frozen first projection
2079	0.2645228215767635	0.16134252738200383	Frozen first projection
2080	0.27282157676348545	0.15757202144163782	Frozen first projection
2081	0.279045643153527	0.16417820001563843	Frozen first projection
2082	0.27593360995850624	0.15877347595652674	Frozen first projection
2083	0.29149377593361	0.17002890879724708	Frozen first projection
2084	0.22821576763485477	0.14843910337980498	Frozen first projection
2085	0.25933609958506226	0.1561674463498646	Frozen first projection
2086	0.27074688796680496	0.16892722403127688	Frozen first projection
2087	0.27800829875518673	0.17062489197471456	Frozen first projection
2088	0.23443983402489627	0.14548145224940806	Frozen first projection
2089	0.262448132780083	0.15365159557955396	Frozen first projection
2090	0.27385892116182575	0.15756914427576965	Frozen first projection
2091	0.2437759336099585	0.140107109220621	Frozen first projection
2092	0.23651452282157676	0.14305992720483318	Frozen first projection
2093	0.26141078838174275	0.15450427712894108	Frozen first projection
2094	0.2437759336099585	0.1453446261418234	Frozen first projection
2095	0.2572614107883817	0.14293331566764286	Frozen first projection
2096	0.23340248962655602	0.14622231242195377	Frozen first projection
2097	0.266597510373444	0.15777951427459638	Frozen first projection
2098	0.27074688796680496	0.1571742236249114	Frozen first projection
2099	0.2603734439834025	0.1588745172240419	Frozen first projection
2100	0.2717842323651452	0.15833703601577742	Frozen first projection
2101	0.2603734439834025	0.14426638261631974	Frozen first projection
2102	0.26867219917012447	0.1593985688421154	Frozen first projection
2103	0.24481327800829875	0.1511940167008951	Frozen first projection
2104	0.25622406639004147	0.16023442219136996	Frozen first projection
2105	0.2520746887966805	0.1504044834307992	Frozen first projection
2106	0.25622406639004147	0.15480656006781274	Frozen first projection
2107	0.24066390041493776	0.1589194339704184	Frozen first projection
2108	0.274896265560166	0.15323321459463562	Frozen first projection
2109	0.2717842323651452	0.14879033492645924	Frozen first projection
2110	0.24896265560165975	0.15115328436991338	Frozen first projection
2111	0.24481327800829875	0.15267062231932663	Frozen first projection
2112	0.2697095435684647	0.1606847044833799	Frozen first projection
2113	0.27593360995850624	0.16194139729040616	Frozen first projection
2114	0.26348547717842324	0.1655682331088092	Frozen first projection
2115	0.237551867219917	0.13717832808629976	Frozen first projection
2116	0.25622406639004147	0.15341809721566685	Frozen first projection
2117	0.279045643153527	0.167756511643874	Frozen first projection
2118	0.27593360995850624	0.17489310483282167	Frozen first projection
2119	0.27385892116182575	0.15862184804640309	Frozen first projection
2120	0.254149377593361	0.15629950004512755	Frozen first projection
2121	0.245850622406639	0.14408208462724612	Frozen first projection
2122	0.254149377593361	0.1501147540223225	Frozen first projection
2123	0.245850622406639	0.14156125743617842	Frozen first projection
2124	0.2603734439834025	0.13594726163367782	Frozen first projection
2125	0.25103734439834025	0.14782135971135174	Frozen first projection
2126	0.25103734439834025	0.14603659219134413	Frozen first projection
2127	0.2717842323651452	0.1691785397698493	Frozen first projection
2128	0.2717842323651452	0.16943643908351075	Frozen first projection
2129	0.237551867219917	0.14171400549926944	Frozen first projection
2130	0.24273858921161826	0.14764227338626865	Frozen first projection
2131	0.266597510373444	0.1527865211031333	Frozen first projection
2132	0.24273858921161826	0.152975854500766	Frozen first projection
2133	0.28734439834024894	0.17199344611053255	Frozen first projection
2134	0.2437759336099585	0.14909896524061228	Frozen first projection
2135	0.2717842323651452	0.1616648469124856	Frozen first projection
2136	0.23236514522821577	0.1368766309962905	Frozen first projection
2137	0.25311203319502074	0.14072859722993575	Frozen first projection
2138	0.27593360995850624	0.16625280351337354	Frozen first projection
2139	0.25	0.14507142171206686	Frozen first projection
2140	0.25933609958506226	0.14532114386432915	Frozen first projection
2141	0.26141078838174275	0.14389008016950555	Frozen first projection
2142	0.25933609958506226	0.1574370950359799	Frozen first projection
2143	0.2717842323651452	0.16304668542215495	Frozen first projection
2144	0.2520746887966805	0.14339223871565412	Frozen first projection
2145	0.2354771784232365	0.13691549019013963	Frozen first projection
2146	0.258298755186722	0.16762808553717456	Frozen first projection
2147	0.254149377593361	0.1484643044303059	Frozen first projection
2148	0.258298755186722	0.1523518038299429	Frozen first projection
2149	0.2572614107883817	0.1548308205204757	Frozen first projection
2150	0.2697095435684647	0.1612547714497228	Frozen first projection
2151	0.2717842323651452	0.16008305718430774	Frozen first projection
2152	0.2572614107883817	0.15692358600037776	Frozen first projection
2153	0.29149377593361	0.1602922678582045	Frozen first projection
2154	0.2676348547717842	0.16468989501659956	Frozen first projection
2155	0.2676348547717842	0.16311572635852795	Frozen first projection
2156	0.27800829875518673	0.16200706419371666	Frozen first projection
2157	0.23029045643153526	0.1390901437344263	Frozen first projection
2158	0.2520746887966805	0.1511672919914513	Frozen first projection
2159	0.2676348547717842	0.1570899457685631	Frozen first projection
2160	0.2520746887966805	0.14982519226591715	Frozen first projection
2161	0.28319502074688796	0.17028273082299628	Frozen first projection
2162	0.2354771784232365	0.1380674895343276	Frozen first projection
2163	0.2769709543568465	0.15887138423738456	Frozen first projection
2164	0.24481327800829875	0.14183494795925244	Frozen first projection
2165	0.25622406639004147	0.15671537894288104	Frozen first projection
2166	0.23340248962655602	0.1450835880698236	Frozen first projection
2167	0.27800829875518673	0.15244250079389635	Frozen first projection
2168	0.26556016597510373	0.1609931374614756	Frozen first projection
2169	0.279045643153527	0.16215351456384633	Frozen first projection
2170	0.266597510373444	0.16071537268390346	Frozen first projection
2171	0.26556016597510373	0.15061803704591953	Frozen first projection
2172	0.25311203319502074	0.14638788962384505	Frozen first projection
2173	0.2676348547717842	0.15021755875414414	Frozen first projection
2174	0.2572614107883817	0.1462886072261072	Frozen first projection
2175	0.23443983402489627	0.13544461721239076	Frozen first projection
2176	0.28319502074688796	0.1559610639132295	Frozen first projection
2177	0.2676348547717842	0.15600531547498897	Frozen first projection
2178	0.262448132780083	0.1566698795298919	Frozen first projection
2179	0.27282157676348545	0.1552622688774646	Frozen first projection
2180	0.26867219917012447	0.16362116045307046	Frozen first projection
2181	0.26867219917012447	0.15398253370827222	Frozen first projection
2182	0.2603734439834025	0.1653589666561665	Frozen first projection
2183	0.2717842323651452	0.16986382845645803	Frozen first projection
2184	0.27282157676348545	0.15572680645259573	Frozen first projection
2185	0.279045643153527	0.16162615445446285	Frozen first projection
2186	0.23236514522821577	0.14353979776897136	Frozen first projection
2187	0.23443983402489627	0.15006645650855988	Frozen first projection
2188	0.2603734439834025	0.15909487729116228	Frozen first projection
2189	0.25622406639004147	0.14214988065860384	Frozen first projection
2190	0.26348547717842324	0.16056414484395687	Frozen first projection
2191	0.25103734439834025	0.14513307216903198	Frozen first projection
2192	0.24688796680497926	0.14722242410567274	Frozen first projection
2193	0.245850622406639	0.15614189183770844	Frozen first projection
2194	0.2697095435684647	0.1448669703382397	Frozen first projection
2195	0.26141078838174275	0.16396646986938695	Frozen first projection
2196	0.2821576763485477	0.17019705039206318	Frozen first projection
2197	0.274896265560166	0.16528024859243134	Frozen first projection
2198	0.2572614107883817	0.14801698040847633	Frozen first projection
2199	0.24688796680497926	0.13798124747220586	Frozen first projection
2200	0.25933609958506226	0.1443885736239375	Frozen first projection
2201	0.28319502074688796	0.1631959466027455	Frozen first projection
2202	0.23962655601659752	0.15164203867228343	Frozen first projection
2203	0.2883817427385892	0.1694833462144576	Frozen first projection
2204	0.28112033195020747	0.1580162451565112	Frozen first projection
2205	0.2603734439834025	0.1577523899688842	Frozen first projection
2206	0.25622406639004147	0.14598165184646367	Frozen first projection
2207	0.2551867219917012	0.15467727630959455	Frozen first projection
2208	0.28319502074688796	0.1739168419453277	Frozen first projection
2209	0.2769709543568465	0.1636736233808277	Frozen first projection
2210	0.27074688796680496	0.15786313229843854	Frozen first projection
2211	0.26348547717842324	0.16686466258175203	Frozen first projection
2212	0.2520746887966805	0.1542014590333342	Frozen first projection
2213	0.24688796680497926	0.15048792208641226	Frozen first projection
2214	0.27282157676348545	0.15497672444463897	Frozen first projection
2215	0.25622406639004147	0.1551444552766072	Frozen first projection
2216	0.26141078838174275	0.1745313112020781	Frozen first projection
2217	0.26556016597510373	0.1572135063090368	Frozen first projection
2218	0.2676348547717842	0.16614384691969486	Frozen first projection
2219	0.2603734439834025	0.1477842832257156	Frozen first projection
2220	0.2603734439834025	0.15062345352314005	Frozen first projection
2221	0.2479253112033195	0.15096481666927705	Frozen first projection
2222	0.2603734439834025	0.15689188143851643	Frozen first projection
2223	0.2603734439834025	0.15427241328866198	Frozen first projection
2224	0.23443983402489627	0.15252334445476637	Frozen first projection
2225	0.23858921161825727	0.142823967999389	Frozen first projection
2226	0.26556016597510373	0.1427969442927039	Frozen first projection
2227	0.241701244813278	0.1557576449078061	Frozen first projection
2228	0.27385892116182575	0.1656061808252667	Frozen first projection
2229	0.26867219917012447	0.1609572629817121	Frozen first projection
2230	0.26867219917012447	0.1594209444126815	Frozen first projection
2231	0.23858921161825727	0.14506004649371707	Frozen first projection
2232	0.2821576763485477	0.15627817894586246	Frozen first projection
2233	0.2572614107883817	0.15259933501653608	Frozen first projection
2234	0.24273858921161826	0.13944827251552797	Frozen first projection
2235	0.26348547717842324	0.14803352807183778	Frozen first projection
2236	0.24896265560165975	0.13784711672874006	Frozen first projection
2237	0.2551867219917012	0.14962852637967144	Frozen first projection
2238	0.25933609958506226	0.1573619283992904	Frozen first projection
2239	0.25311203319502074	0.15030123587748673	Frozen first projection
2240	0.26867219917012447	0.15233160905004017	Frozen first projection
2241	0.279045643153527	0.16107919431433776	Frozen first projection
2242	0.2479253112033195	0.15731809562176835	Frozen first projection
2243	0.26556016597510373	0.16900668526470936	Frozen first projection
2244	0.2717842323651452	0.171166496344371	Frozen first projection
2245	0.25933609958506226	0.15911945543637818	Frozen first projection
2246	0.23132780082987553	0.13755923066316	Frozen first projection
2247	0.2645228215767635	0.1469814783456175	Frozen first projection
2248	0.2603734439834025	0.14725061917686533	Frozen first projection
2249	0.2717842323651452	0.1618565959301662	Frozen first projection
2250	0.26867219917012447	0.15379133000023892	Frozen first projection
2251	0.266597510373444	0.16224584581896842	Frozen first projection
2252	0.25311203319502074	0.14955863199995417	Frozen first projection
2253	0.26556016597510373	0.15627349622141903	Frozen first projection
2254	0.25103734439834025	0.14791471276309337	Frozen first projection
2255	0.24273858921161826	0.14394283312246944	Frozen first projection
2256	0.25933609958506226	0.14771568363522386	Frozen first projection
2257	0.27282157676348545	0.16113637563749655	Frozen first projection
2258	0.258298755186722	0.14957523980884435	Frozen first projection
2259	0.2645228215767635	0.1466630634707682	Frozen first projection
2260	0.2821576763485477	0.17670979378827922	Frozen first projection
2261	0.2551867219917012	0.14036221048228922	Frozen first projection
2262	0.25933609958506226	0.14734752983140503	Frozen first projection
2263	0.2676348547717842	0.15703711317668767	Frozen first projection
2264	0.2551867219917012	0.1624409202797804	Frozen first projection
2265	0.25311203319502074	0.1518260582945762	Frozen first projection
2266	0.25933609958506226	0.15225864594268815	Frozen first projection
2267	0.26348547717842324	0.1456893318512427	Frozen first projection
2268	0.26348547717842324	0.14765775235511744	Frozen first projection
2269	0.2520746887966805	0.1561270345755036	Frozen first projection
2270	0.25103734439834025	0.1476992415459441	Frozen first projection
2271	0.2603734439834025	0.14701991476327989	Frozen first projection
2272	0.2551867219917012	0.148705977743585	Frozen first projection
2273	0.25	0.15374595728550838	Frozen first projection
2274	0.2863070539419087	0.17973867066374097	Frozen first projection
2275	0.23340248962655602	0.12955350117374576	Frozen first projection
2276	0.27800829875518673	0.1569753064886041	Frozen first projection
2277	0.2354771784232365	0.1435107569670685	Frozen first projection
2278	0.2717842323651452	0.15828973623900264	Frozen first projection
2279	0.26141078838174275	0.1573699111546459	Frozen first projection
2280	0.23651452282157676	0.14859657547568328	Frozen first projection
2281	0.2717842323651452	0.16676312809585728	Frozen first projection
2282	0.2603734439834025	0.1549727295339723	Frozen first projection
2283	0.2603734439834025	0.16637729786189082	Frozen first projection
2284	0.27282157676348545	0.15632233901089304	Frozen first projection
2285	0.2520746887966805	0.14407216326774902	Frozen first projection
2286	0.2697095435684647	0.161867057019158	Frozen first projection
2287	0.2551867219917012	0.15426666950183487	Frozen first projection
2288	0.26348547717842324	0.1430818185352757	Frozen first projection
2289	0.2863070539419087	0.17179611144385093	Frozen first projection
2290	0.27074688796680496	0.16468634033514795	Frozen first projection
2291	0.27593360995850624	0.14930622620261844	Frozen first projection
2292	0.24688796680497926	0.146129838942488	Frozen first projection
2293	0.24066390041493776	0.152592303138531	Frozen first projection
2294	0.25311203319502074	0.14639077686178426	Frozen first projection
2295	0.279045643153527	0.16471654842776773	Frozen first projection
2296	0.2572614107883817	0.15036137328707294	Frozen first projection
2297	0.24273858921161826	0.14120997490037163	Frozen first projection
2298	0.2863070539419087	0.16594793310558364	Frozen first projection
2299	0.26348547717842324	0.14620764054102328	Frozen first projection
2300	0.26141078838174275	0.16333019020265982	Frozen first projection
2301	0.25622406639004147	0.1519963945917261	Frozen first projection
2302	0.23132780082987553	0.14638719716767695	Frozen first projection
2303	0.2676348547717842	0.16523955815369912	Frozen first projection
2304	0.26348547717842324	0.1503545399106495	Frozen first projection
2305	0.2645228215767635	0.156553404026129	Frozen first projection
2306	0.24896265560165975	0.15158317149974854	Frozen first projection
2307	0.25311203319502074	0.1498270154456767	Frozen first projection
2308	0.2603734439834025	0.1568995955119078	Frozen first projection
2309	0.22095435684647302	0.14228865642366786	Frozen first projection
2310	0.26141078838174275	0.15333393028304337	Frozen first projection
2311	0.2520746887966805	0.14952005938238974	Frozen first projection
2312	0.25933609958506226	0.14830382386594324	Frozen first projection
2313	0.2572614107883817	0.1552448629537018	Frozen first projection
2314	0.2520746887966805	0.14789714344102214	Frozen first projection
2315	0.26348547717842324	0.15034444804247257	Frozen first projection
2316	0.2603734439834025	0.1622373468540806	Frozen first projection
2317	0.24481327800829875	0.14687931271771215	Frozen first projection
2318	0.262448132780083	0.16081726264461163	Frozen first projection
2319	0.24896265560165975	0.1442688936023315	Frozen first projection
2320	0.25933609958506226	0.15572889591626557	Frozen first projection
2321	0.25311203319502074	0.1465177168795349	Frozen first projection
2322	0.262448132780083	0.15538364060009563	Frozen first projection
2323	0.2717842323651452	0.16616487427584348	Frozen first projection
2324	0.24896265560165975	0.14796820915085973	Frozen first projection
2325	0.27385892116182575	0.14904206067769898	Frozen first projection
2326	0.2572614107883817	0.16557397986151604	Frozen first projection
2327	0.254149377593361	0.1524851956554084	Frozen first projection
2328	0.2603734439834025	0.15654276791384367	Frozen first projection
2329	0.26867219917012447	0.15432575199433163	Frozen first projection
2330	0.254149377593361	0.13905958015404413	Frozen first projection
2331	0.26556016597510373	0.16305632873655074	Frozen first projection
2332	0.27593360995850624	0.16415102221553834	Frozen first projection
2333	0.2676348547717842	0.15805768696393696	Frozen first projection
2334	0.25622406639004147	0.15291001140786753	Frozen first projection
2335	0.26867219917012447	0.1600360867824585	Frozen first projection
2336	0.2676348547717842	0.1598152329838407	Frozen first projection
2337	0.279045643153527	0.15451474150831596	Frozen first projection
2338	0.2697095435684647	0.1630090495968826	Frozen first projection
2339	0.26867219917012447	0.15619458764476646	Frozen first projection
2340	0.23029045643153526	0.14192934224170023	Frozen first projection
2341	0.2676348547717842	0.1601367232925544	Frozen first projection
2342	0.24896265560165975	0.15094114477805798	Frozen first projection
2343	0.25311203319502074	0.14702543770884063	Frozen first projection
2344	0.24481327800829875	0.1509404655175597	Frozen first projection
2345	0.258298755186722	0.14467053732452706	Frozen first projection
2346	0.26348547717842324	0.1511894794650944	Frozen first projection
2347	0.26556016597510373	0.15854130077828535	Frozen first projection
2348	0.25933609958506226	0.14677263184178857	Frozen first projection
2349	0.245850622406639	0.1615124949251117	Frozen first projection
2350	0.24481327800829875	0.1601198886229314	Frozen first projection
2351	0.266597510373444	0.1598954633745942	Frozen first projection
2352	0.27282157676348545	0.1653599226427199	Frozen first projection
2353	0.2769709543568465	0.1666465958373332	Frozen first projection
2354	0.24481327800829875	0.14062857618397104	Frozen first projection
2355	0.237551867219917	0.146721709707622	Frozen first projection
2356	0.254149377593361	0.15977941438563686	Frozen first projection
2357	0.22717842323651452	0.13701310935252076	Frozen first projection
2358	0.27800829875518673	0.16130524777508437	Frozen first projection
2359	0.26141078838174275	0.15344457766489822	Frozen first projection
2360	0.25311203319502074	0.1538570393950665	Frozen first projection
2361	0.27385892116182575	0.15938452032590442	Frozen first projection
2362	0.254149377593361	0.1522598134552473	Frozen first projection
2363	0.25311203319502074	0.14761046749950735	Frozen first projection
2364	0.23962655601659752	0.14680173707303706	Frozen first projection
2365	0.2603734439834025	0.15084498473860503	Frozen first projection
2366	0.2676348547717842	0.16446795667334055	Frozen first projection
2367	0.266597510373444	0.16136113305451688	Frozen first projection
2368	0.26141078838174275	0.15838103019056443	Frozen first projection
2369	0.2676348547717842	0.16402234457964993	Frozen first projection
2370	0.2572614107883817	0.16086505802039403	Frozen first projection
2371	0.25311203319502074	0.14885891048046174	Frozen first projection
2372	0.27800829875518673	0.1623086029013738	Frozen first projection
2373	0.2551867219917012	0.14530137758492756	Frozen first projection
2374	0.241701244813278	0.14604950686651258	Frozen first projection
2375	0.28526970954356845	0.171933024947648	Frozen first projection
2376	0.2603734439834025	0.16033605281497315	Frozen first projection
2377	0.2842323651452282	0.16564984144576828	Frozen first projection
2378	0.279045643153527	0.16742228193067668	Frozen first projection
2379	0.25311203319502074	0.15148683671220065	Frozen first projection
2380	0.2520746887966805	0.1584687048061077	Frozen first projection
2381	0.241701244813278	0.1459397975479123	Frozen first projection
2382	0.2717842323651452	0.1653441204749907	Frozen first projection
2383	0.27282157676348545	0.16285189417444296	Frozen first projection
2384	0.24481327800829875	0.14340021841459089	Frozen first projection
2385	0.26348547717842324	0.1505871980882017	Frozen first projection
2386	0.2676348547717842	0.16886332492861283	Frozen first projection
2387	0.258298755186722	0.1488240189543144	Frozen first projection
2388	0.2821576763485477	0.1619473191309163	Frozen first projection
2389	0.2769709543568465	0.17321857404479163	Frozen first projection
2390	0.258298755186722	0.14264529582161734	Frozen first projection
2391	0.2572614107883817	0.1511787542348736	Frozen first projection
2392	0.25103734439834025	0.14353451108078938	Frozen first projection
2393	0.2645228215767635	0.15389954251093424	Frozen first projection
2394	0.2437759336099585	0.1523826343228637	Frozen first projection
2395	0.258298755186722	0.1514532212112857	Frozen first projection
2396	0.27800829875518673	0.16163510672560705	Frozen first projection
2397	0.2676348547717842	0.144504949686675	Frozen first projection
2398	0.24896265560165975	0.15021038750151874	Frozen first projection
2399	0.28734439834024894	0.17849898847902182	Frozen first projection
2400	0.2769709543568465	0.16201065300776413	Frozen first projection
2401	0.2769709543568465	0.1509891688770999	Frozen first projection
2402	0.2883817427385892	0.16650386359450606	Frozen first projection
2403	0.241701244813278	0.14562339703113633	Frozen first projection
2404	0.2479253112033195	0.1509123732601591	Frozen first projection
2405	0.24481327800829875	0.1416407240310226	Frozen first projection
2406	0.26556016597510373	0.16135530427086694	Frozen first projection
2407	0.26141078838174275	0.16602009784742955	Frozen first projection
2408	0.23858921161825727	0.14193701294800593	Frozen first projection
2409	0.266597510373444	0.15503017218928025	Frozen first projection
2410	0.2437759336099585	0.14983949951847192	Frozen first projection
2411	0.237551867219917	0.14633777559359196	Frozen first projection
2412	0.27074688796680496	0.15532724706594564	Frozen first projection
2413	0.22821576763485477	0.13962677044687583	Frozen first projection
2414	0.23651452282157676	0.15095049666204757	Frozen first projection
2415	0.2479253112033195	0.15649226395495053	Frozen first projection
2416	0.2645228215767635	0.1620094918572628	Frozen first projection
2417	0.2572614107883817	0.1563918281051696	Frozen first projection
2418	0.2842323651452282	0.1726010101010101	Frozen first projection
2419	0.2572614107883817	0.15637878787878787	Frozen first projection
2420	0.2697095435684647	0.1649006899177065	Frozen first projection
2421	0.28319502074688796	0.16050646121035825	Frozen first projection
2422	0.22199170124481327	0.12724804974832576	Frozen first projection
2423	0.262448132780083	0.1640767961906619	Frozen first projection
2424	0.28734439834024894	0.1621331496480003	Frozen first projection
2425	0.23962655601659752	0.15590158567075074	Frozen first projection
2426	0.23651452282157676	0.13673443772878585	Frozen first projection
2427	0.25933609958506226	0.15499598683157495	Frozen first projection
2428	0.2676348547717842	0.16352043021416054	Frozen first projection
2429	0.26867219917012447	0.15652636429785402	Frozen first projection
2430	0.28526970954356845	0.1450469481408406	Frozen first projection
2431	0.2676348547717842	0.16553737165234694	Frozen first projection
2432	0.23651452282157676	0.14036610646246378	Frozen first projection
2433	0.2603734439834025	0.15957033043200486	Frozen first projection
2434	0.26141078838174275	0.16629179201670197	Frozen first projection
2435	0.24481327800829875	0.1446298216353759	Frozen first projection
2436	0.2925311203319502	0.16906132163952903	Frozen first projection
2437	0.23962655601659752	0.146133986609064	Frozen first projection
2438	0.26141078838174275	0.1585398993819449	Frozen first projection
2439	0.2842323651452282	0.17711684630274377	Frozen first projection
2440	0.25311203319502074	0.1496016894957845	Frozen first projection
2441	0.2769709543568465	0.16471663868799552	Frozen first projection
2442	0.2479253112033195	0.1448569826667781	Frozen first projection
2443	0.28112033195020747	0.17222899009875958	Frozen first projection
2444	0.28526970954356845	0.1566675322135084	Frozen first projection
2445	0.258298755186722	0.16215735989867353	Frozen first projection
2446	0.25	0.15864911387443215	Frozen first projection
2447	0.25622406639004147	0.16491312360868746	Frozen first projection
2448	0.25622406639004147	0.14890939031910616	Frozen first projection
2449	0.27385892116182575	0.15503921152224592	Frozen first projection
2450	0.2676348547717842	0.14581695733752045	Frozen first projection
2451	0.23443983402489627	0.1410330946699942	Frozen first projection
2452	0.2572614107883817	0.15391443004141786	Frozen first projection
2453	0.254149377593361	0.16376669974648944	Frozen first projection
2454	0.2645228215767635	0.14925545624572725	Frozen first projection
2455	0.26867219917012447	0.16365245625400224	Frozen first projection
2456	0.237551867219917	0.1631323569734519	Frozen first projection
2457	0.2479253112033195	0.13612803366372556	Frozen first projection
2458	0.274896265560166	0.16202405914835483	Frozen first projection
2459	0.24066390041493776	0.14948700097347134	Frozen first projection
2460	0.2572614107883817	0.14317694537956333	Frozen first projection
2461	0.23858921161825727	0.15532039994824776	Frozen first projection
2462	0.26867219917012447	0.16108913484581847	Frozen first projection
2463	0.25622406639004147	0.1521908640742512	Frozen first projection
2464	0.2520746887966805	0.14597241759538124	Frozen first projection
2465	0.2645228215767635	0.15241010934898208	Frozen first projection
2466	0.27385892116182575	0.1618268243416554	Frozen first projection
2467	0.27282157676348545	0.16905842085475167	Frozen first projection
2468	0.2863070539419087	0.17315212362256224	Frozen first projection
2469	0.24896265560165975	0.1539521537249561	Frozen first projection
2470	0.26867219917012447	0.17544065166356748	Frozen first projection
2471	0.26348547717842324	0.15976927333336322	Frozen first projection
2472	0.22406639004149378	0.13211464335996095	Frozen first projection
2473	0.237551867219917	0.14121817685993615	Frozen first projection
2474	0.2717842323651452	0.1675648328405417	Frozen first projection
2475	0.262448132780083	0.14930741589031898	Frozen first projection
2476	0.229253112033195	0.14602472082146056	Frozen first projection
2477	0.279045643153527	0.16672615800462368	Frozen first projection
2478	0.25311203319502074	0.14841858135715702	Frozen first projection
2479	0.2676348547717842	0.15401626904073024	Frozen first projection
2480	0.26141078838174275	0.16499346822322114	Frozen first projection
2481	0.24896265560165975	0.1430992902420159	Frozen first projection
2482	0.2697095435684647	0.16888094991543268	Frozen first projection
2483	0.262448132780083	0.14453841508901927	Frozen first projection
2484	0.2479253112033195	0.15249543308433278	Frozen first projection
2485	0.2479253112033195	0.1531406028840977	Frozen first projection
2486	0.28319502074688796	0.16522978564587432	Frozen first projection
2487	0.254149377593361	0.15516513523028302	Frozen first projection
2488	0.262448132780083	0.1594370363073605	Frozen first projection
2489	0.245850622406639	0.14858518742447313	Frozen first projection
2490	0.25103734439834025	0.1516336902932683	Frozen first projection
2491	0.23858921161825727	0.13293771179137784	Frozen first projection
2492	0.2520746887966805	0.13872693544514705	Frozen first projection
2493	0.25103734439834025	0.1400413040199418	Frozen first projection
2494	0.266597510373444	0.15548357785333972	Frozen first projection
2495	0.245850622406639	0.14218432154033328	Frozen first projection
2496	0.27800829875518673	0.17284876071640776	Frozen first projection
2497	0.25622406639004147	0.14759628375507824	Frozen first projection
2498	0.258298755186722	0.15680167679151552	Frozen first projection
2499	0.25622406639004147	0.16440216999387702	Frozen first projection
2500	0.258298755186722	0.1476783479302371	Frozen first projection
2501	0.2645228215767635	0.14457446268598212	Frozen first projection
2502	0.24896265560165975	0.14334819502915327	Frozen first projection
2503	0.28319502074688796	0.17369977775116116	Frozen first projection
2504	0.2520746887966805	0.14199044517043757	Frozen first projection
2505	0.27385892116182575	0.17182761579313305	Frozen first projection
2506	0.26348547717842324	0.16604861579906952	Frozen first projection
2507	0.258298755186722	0.1576670515405874	Frozen first projection
2508	0.25311203319502074	0.16080325177627808	Frozen first projection
2509	0.2603734439834025	0.15273507658877505	Frozen first projection
2510	0.22717842323651452	0.15238736385974028	Frozen first projection
2511	0.25622406639004147	0.14772248964491874	Frozen first projection
2512	0.26141078838174275	0.15556239511430434	Frozen first projection
2513	0.26348547717842324	0.1457080008973417	Frozen first projection
2514	0.2800829875518672	0.16413032250867768	Frozen first projection
2515	0.262448132780083	0.15373708001945668	Frozen first projection
2516	0.241701244813278	0.1341534372717299	Frozen first projection
2517	0.2603734439834025	0.15376512132877387	Frozen first projection
2518	0.245850622406639	0.1428894276254828	Frozen first projection
2519	0.2603734439834025	0.15868548209797753	Frozen first projection
2520	0.254149377593361	0.13517190802481913	Frozen first projection
2521	0.2603734439834025	0.15220754290876243	Frozen first projection
2522	0.25933609958506226	0.1591513630366782	Frozen first projection
2523	0.25311203319502074	0.15014721874857184	Frozen first projection
2524	0.266597510373444	0.16031119088094226	Frozen first projection
2525	0.27074688796680496	0.16228467857809425	Frozen first projection
2526	0.2437759336099585	0.1432863803991053	Frozen first projection
2527	0.26348547717842324	0.16348332097254575	Frozen first projection
2528	0.229253112033195	0.1354927073777854	Frozen first projection
2529	0.22199170124481327	0.12957621922206192	Frozen first projection
2530	0.266597510373444	0.1577754302717395	Frozen first projection
2531	0.2645228215767635	0.14856102701111906	Frozen first projection
2532	0.2603734439834025	0.15261833803361569	Frozen first projection
2533	0.25311203319502074	0.1503717420394573	Frozen first projection
2534	0.241701244813278	0.13950362482090087	Frozen first projection
2535	0.27282157676348545	0.16848124154971555	Frozen first projection
2536	0.254149377593361	0.14851552032257245	Frozen first projection
2537	0.25933609958506226	0.1488476758465025	Frozen first projection
2538	0.28526970954356845	0.16239109594916956	Frozen first projection
2539	0.25933609958506226	0.1545529737389184	Frozen first projection
2540	0.2572614107883817	0.15482235629294455	Frozen first projection
2541	0.22717842323651452	0.14076539394336005	Frozen first projection
2542	0.24688796680497926	0.14966046885524847	Frozen first projection
2543	0.25	0.14393473900548814	Frozen first projection
2544	0.2717842323651452	0.16243836958616548	Frozen first projection
2545	0.26556016597510373	0.15866285538605684	Frozen first projection
2546	0.27800829875518673	0.17532518972994282	Frozen first projection
2547	0.25622406639004147	0.16505168708305873	Frozen first projection
2548	0.2603734439834025	0.15256505048094757	Frozen first projection
2549	0.241701244813278	0.14013874106839885	Frozen first projection
2550	0.26867219917012447	0.15931265528795863	Frozen first projection
2551	0.2697095435684647	0.1599017422691589	Frozen first projection
2552	0.25311203319502074	0.14627400523285694	Frozen first projection
2553	0.2520746887966805	0.15828067069575533	Frozen first projection
2554	0.26556016597510373	0.16116310081858476	Frozen first projection
2555	0.25622406639004147	0.1564518007263297	Frozen first projection
2556	0.2520746887966805	0.16301165329435133	Frozen first projection
2557	0.23962655601659752	0.14562136496509537	Frozen first projection
2558	0.2717842323651452	0.1582475398991152	Frozen first projection
2559	0.258298755186722	0.15365238597452782	Frozen first projection
2560	0.2551867219917012	0.14430289409216507	Frozen first projection
2561	0.2572614107883817	0.16178640796314492	Frozen first projection
2562	0.2572614107883817	0.15512001373167966	Frozen first projection
2563	0.26141078838174275	0.15440036614294672	Frozen first projection
2564	0.23443983402489627	0.1442975524071014	Frozen first projection
2565	0.241701244813278	0.15412442140539784	Frozen first projection
2566	0.241701244813278	0.15058591580551695	Frozen first projection
2567	0.28526970954356845	0.1542007018759463	Frozen first projection
2568	0.2645228215767635	0.15746855559455541	Frozen first projection
2569	0.274896265560166	0.14864119834415762	Frozen first projection
2570	0.26556016597510373	0.15628328271710623	Frozen first projection
2571	0.2520746887966805	0.15000826400053985	Frozen first projection
2572	0.258298755186722	0.15368814930970093	Frozen first projection
2573	0.258298755186722	0.15702336129411887	Frozen first projection
2574	0.2437759336099585	0.14714682034783744	Frozen first projection
2575	0.25622406639004147	0.15445811250930205	Frozen first projection
2576	0.245850622406639	0.13855636876657879	Frozen first projection
2577	0.28526970954356845	0.17940088529669646	Frozen first projection
2578	0.26556016597510373	0.15287568289055714	Frozen first projection
2579	0.274896265560166	0.17094115254324976	Frozen first projection
2580	0.241701244813278	0.1439419413497341	Frozen first projection
2581	0.26141078838174275	0.15410793830638575	Frozen first projection
2582	0.28112033195020747	0.16519409710639416	Frozen first projection
2583	0.26867219917012447	0.16878697894857392	Frozen first projection
2584	0.23858921161825727	0.15023726603655524	Frozen first projection
2585	0.2572614107883817	0.15378040394621403	Frozen first projection
2586	0.2572614107883817	0.16074447948100468	Frozen first projection
2587	0.2551867219917012	0.14428932898005165	Frozen first projection
2588	0.25622406639004147	0.159049219449017	Frozen first projection
2589	0.2520746887966805	0.15095271896793533	Frozen first projection
2590	0.25311203319502074	0.1526670186676623	Frozen first projection
2591	0.245850622406639	0.15438429021785488	Frozen first projection
2592	0.24066390041493776	0.13986715774359845	Frozen first projection
2593	0.262448132780083	0.14286384357295234	Frozen first projection
2594	0.23029045643153526	0.13916966301929826	Frozen first projection
2595	0.2551867219917012	0.14820389466058756	Frozen first projection
2596	0.24896265560165975	0.15833606391620475	Frozen first projection
2597	0.258298755186722	0.16784031869405902	Frozen first projection
2598	0.254149377593361	0.1587246746963728	Frozen first projection
2599	0.2645228215767635	0.15605133833812115	Frozen first projection
2600	0.2551867219917012	0.15299101295680897	Frozen first projection
2601	0.25103734439834025	0.15793650850489233	Frozen first projection
2602	0.24896265560165975	0.1511906558900702	Frozen first projection
2603	0.2520746887966805	0.14711607812301356	Frozen first projection
2604	0.2572614107883817	0.14814841115407912	Frozen first projection
2605	0.26348547717842324	0.1525686284190777	Frozen first projection
2606	0.26141078838174275	0.14976014088615164	Frozen first projection
2607	0.258298755186722	0.1562099903696052	Frozen first projection
2608	0.2717842323651452	0.16315379375375555	Frozen first projection
2609	0.27074688796680496	0.16345204326963747	Frozen first projection
2610	0.25311203319502074	0.14879520762118847	Frozen first projection
2611	0.26141078838174275	0.16290437953472298	Frozen first projection
2612	0.2437759336099585	0.134173984606257	Frozen first projection
2613	0.26556016597510373	0.1645954791064649	Frozen first projection
2614	0.25622406639004147	0.14644280014324493	Frozen first projection
2615	0.2769709543568465	0.15718146570326746	Frozen first projection
2616	0.25311203319502074	0.15817112524086446	Frozen first projection
2617	0.2894190871369295	0.1832439326676366	Frozen first projection
2618	0.2676348547717842	0.16328576891974633	Frozen first projection
2619	0.2821576763485477	0.16541021883265888	Frozen first projection
2620	0.28526970954356845	0.17296383573178925	Frozen first projection
2621	0.26556016597510373	0.16543689499931558	Frozen first projection
2622	0.266597510373444	0.15595105806278042	Frozen first projection
2623	0.2572614107883817	0.14258722436917248	Frozen first projection
2624	0.2883817427385892	0.17246391549110038	Frozen first projection
2625	0.2603734439834025	0.1554852535192492	Frozen first projection
2626	0.23962655601659752	0.13191354728091942	Frozen first projection
2627	0.2603734439834025	0.1406014777617583	Frozen first projection
2628	0.27074688796680496	0.15457827791982123	Frozen first projection
2629	0.23132780082987553	0.14443840767354624	Frozen first projection
2630	0.2676348547717842	0.16517809509960357	Frozen first projection
2631	0.23651452282157676	0.14261958518769768	Frozen first projection
2632	0.2645228215767635	0.15560543576188704	Frozen first projection
2633	0.23962655601659752	0.14425372684327256	Frozen first projection
2634	0.27282157676348545	0.161793917298015	Frozen first projection
2635	0.25622406639004147	0.16031373676493504	Frozen first projection
2636	0.24273858921161826	0.15818278765141078	Frozen first projection
2637	0.24481327800829875	0.15729613691317879	Frozen first projection
2638	0.25933609958506226	0.1566912937168587	Frozen first projection
2639	0.2354771784232365	0.14781724972420637	Frozen first projection
2640	0.2697095435684647	0.16584337121598286	Frozen first projection
2641	0.2717842323651452	0.16229292774932938	Frozen first projection
2642	0.2572614107883817	0.1491578515519472	Frozen first projection
2643	0.2551867219917012	0.14005808401283415	Frozen first projection
2644	0.258298755186722	0.1475328566935437	Frozen first projection
2645	0.2551867219917012	0.16170487523531707	Frozen first projection
2646	0.2551867219917012	0.15214007403678376	Frozen first projection
2647	0.2572614107883817	0.15752921472516196	Frozen first projection
2648	0.28319502074688796	0.17600633162400875	Frozen first projection
2649	0.24688796680497926	0.14674436471729507	Frozen first projection
2650	0.26556016597510373	0.16034033750913862	Frozen first projection
2651	0.2645228215767635	0.1544219476008424	Frozen first projection
2652	0.245850622406639	0.1401267760692651	Frozen first projection
2653	0.2520746887966805	0.15537111398121994	Frozen first projection
2654	0.2946058091286307	0.16309701973848634	Frozen first projection
2655	0.26348547717842324	0.16398699461693317	Frozen first projection
2656	0.27282157676348545	0.16346797406020253	Frozen first projection
2657	0.237551867219917	0.1389821422014189	Frozen first projection
2658	0.26556016597510373	0.1492819040340246	Frozen first projection
2659	0.2821576763485477	0.16665353439035324	Frozen first projection
2660	0.254149377593361	0.15125377847660063	Frozen first projection
2661	0.26556016597510373	0.16566213845933564	Frozen first projection
2662	0.2520746887966805	0.15392322540957526	Frozen first projection
2663	0.24688796680497926	0.15120103113150912	Frozen first projection
2664	0.25311203319502074	0.148449737180637	Frozen first projection
2665	0.2883817427385892	0.16464945353109062	Frozen first projection
2666	0.2354771784232365	0.14687979801211726	Frozen first projection
2667	0.29564315352697096	0.1742561383677535	Frozen first projection
2668	0.245850622406639	0.15581706784324068	Frozen first projection
2669	0.2479253112033195	0.14133424359248947	Frozen first projection
2670	0.2697095435684647	0.15836113714743547	Frozen first projection
2671	0.2800829875518672	0.16512705725315735	Frozen first projection
2672	0.24688796680497926	0.14674192133325142	Frozen first projection
2673	0.258298755186722	0.14926483288069373	Frozen first projection
2674	0.27074688796680496	0.15765079203932508	Frozen first projection
2675	0.23651452282157676	0.13122326954339208	Frozen first projection
2676	0.23132780082987553	0.14788191658018435	Frozen first projection
2677	0.26348547717842324	0.1549536916737815	Frozen first projection
2678	0.23858921161825727	0.1490812226151345	Frozen first projection
2679	0.25311203319502074	0.14052988209864326	Frozen first projection
2680	0.2520746887966805	0.15700666170161964	Frozen first projection
2681	0.2800829875518672	0.15337527808676307	Frozen first projection
2682	0.25933609958506226	0.14465437199662576	Frozen first projection
2683	0.24481327800829875	0.1439299039492447	Frozen first projection
2684	0.24481327800829875	0.1527229876172858	Frozen first projection
2685	0.262448132780083	0.15056488289830383	Frozen first projection
2686	0.24688796680497926	0.1534311517383639	Frozen first projection
2687	0.26556016597510373	0.17269281755898694	Frozen first projection
2688	0.25	0.15255043149779993	Frozen first projection
2689	0.2645228215767635	0.15233893687618494	Frozen first projection
2690	0.2479253112033195	0.15585520595601918	Frozen first projection
2691	0.258298755186722	0.1460926343991823	Frozen first projection
2692	0.27800829875518673	0.15755015030524253	Frozen first projection
2693	0.26141078838174275	0.1600193706514864	Frozen first projection
2694	0.25311203319502074	0.14193592051006101	Frozen first projection
2695	0.23443983402489627	0.1435352946871152	Frozen first projection
2696	0.254149377593361	0.15216971506798924	Frozen first projection
2697	0.27074688796680496	0.16283189592934882	Frozen first projection
2698	0.26867219917012447	0.15876566417735627	Frozen first projection
2699	0.24688796680497926	0.13712369201219973	Frozen first projection
2700	0.25933609958506226	0.1512918706694455	Frozen first projection
2701	0.26556016597510373	0.1601946806285743	Frozen first projection
2702	0.274896265560166	0.16265696637251598	Frozen first projection
2703	0.274896265560166	0.1616046022910088	Frozen first projection
2704	0.22614107883817428	0.15252698834915618	Frozen first projection
2705	0.26141078838174275	0.14619563049228468	Frozen first projection
2706	0.24481327800829875	0.13839841371762232	Frozen first projection
2707	0.27385892116182575	0.1726683034220116	Frozen first projection
2708	0.2603734439834025	0.14460678493850168	Frozen first projection
2709	0.23236514522821577	0.1314809669692223	Frozen first projection
2710	0.24688796680497926	0.14045473496843286	Frozen first projection
2711	0.2437759336099585	0.14843376196028518	Frozen first projection
2712	0.22614107883817428	0.13543373590613902	Frozen first projection
2713	0.24688796680497926	0.13722367599684937	Frozen first projection
2714	0.2769709543568465	0.16460084281903892	Frozen first projection
2715	0.2437759336099585	0.14436348280533495	Frozen first projection
2716	0.2645228215767635	0.1484167201722534	Frozen first projection
2717	0.2479253112033195	0.1515006884721979	Frozen first projection
2718	0.26867219917012447	0.1695308774810994	Frozen first projection
2719	0.262448132780083	0.14923599599945636	Frozen first projection
2720	0.25933609958506226	0.14156657485628876	Frozen first projection
2721	0.2697095435684647	0.1595195456384179	Frozen first projection
2722	0.25311203319502074	0.1577883086536148	Frozen first projection
2723	0.2645228215767635	0.1517144056653095	Frozen first projection
2724	0.27800829875518673	0.17398807717683304	Frozen first projection
2725	0.241701244813278	0.1481230700768414	Frozen first projection
2726	0.25933609958506226	0.15399169647739175	Frozen first projection
2727	0.262448132780083	0.14994079441315622	Frozen first projection
2728	0.2894190871369295	0.16737526856942664	Frozen first projection
2729	0.262448132780083	0.1548056213773083	Frozen first projection
2730	0.24273858921161826	0.15030004022000765	Frozen first projection
2731	0.24896265560165975	0.15021984001273167	Frozen first projection
2732	0.2479253112033195	0.14623033363466545	Frozen first projection
2733	0.27282157676348545	0.17001831589179517	Frozen first projection
2734	0.2572614107883817	0.14306691113821168	Frozen first projection
2735	0.2603734439834025	0.15974636981229273	Frozen first projection
2736	0.25	0.15229834377055135	Frozen first projection
2737	0.25311203319502074	0.14324128215158005	Frozen first projection
2738	0.262448132780083	0.1643604075196207	Frozen first projection
2739	0.25103734439834025	0.1524562628116835	Frozen first projection
2740	0.2437759336099585	0.14297183357123805	Frozen first projection
2741	0.2821576763485477	0.15691644319559514	Frozen first projection
2742	0.262448132780083	0.16753910374797543	Frozen first projection
2743	0.2572614107883817	0.15921704846763612	Frozen first projection
2744	0.2603734439834025	0.15239595766893488	Frozen first projection
2745	0.2717842323651452	0.15539148802348662	Frozen first projection
2746	0.2437759336099585	0.14729947648477162	Frozen first projection
2747	0.25103734439834025	0.1487437320942158	Frozen first projection
2748	0.2551867219917012	0.15162394777558286	Frozen first projection
2749	0.25933609958506226	0.1636025736363929	Frozen first projection
2750	0.258298755186722	0.15252359440544222	Frozen first projection
2751	0.2551867219917012	0.15130736756544946	Frozen first projection
2752	0.2842323651452282	0.16691537834813477	Frozen first projection
2753	0.27282157676348545	0.17291402994289243	Frozen first projection
2754	0.23962655601659752	0.14110401688196172	Frozen first projection
2755	0.2645228215767635	0.1615777684284831	Frozen first projection
2756	0.2551867219917012	0.15328258045089302	Frozen first projection
2757	0.26556016597510373	0.16511094379589375	Frozen first projection
2758	0.24896265560165975	0.15493193398048874	Frozen first projection
2759	0.2676348547717842	0.15522820473465115	Frozen first projection
2760	0.279045643153527	0.15932025278765974	Frozen first projection
2761	0.25622406639004147	0.15189938837111072	Frozen first projection
2762	0.2821576763485477	0.1489325980193878	Frozen first projection
2763	0.25	0.14768576266839661	Frozen first projection
2764	0.24688796680497926	0.1477583318222343	Frozen first projection
2765	0.279045643153527	0.16748077381475115	Frozen first projection
2766	0.25311203319502074	0.15252213766150746	Frozen first projection
2767	0.26556016597510373	0.16608409167477012	Frozen first projection
2768	0.28734439834024894	0.16292226792402353	Frozen first projection
2769	0.25622406639004147	0.15279206007427606	Frozen first projection
2770	0.2987551867219917	0.17327636156015813	Frozen first projection
2771	0.2842323651452282	0.17550343534205093	Frozen first projection
2772	0.27800829875518673	0.16792536825441756	Frozen first projection
2773	0.2572614107883817	0.1633782190584295	Frozen first projection
2774	0.2479253112033195	0.14438076047995052	Frozen first projection
2775	0.2603734439834025	0.15635105913509734	Frozen first projection
2776	0.262448132780083	0.14921294278824046	Frozen first projection
2777	0.27593360995850624	0.1656226587140151	Frozen first projection
2778	0.26348547717842324	0.15274093401549174	Frozen first projection
2779	0.2603734439834025	0.15409675260890143	Frozen first projection
2780	0.26141078838174275	0.14595127985692813	Frozen first projection
2781	0.2676348547717842	0.15466073991636722	Frozen first projection
2782	0.2645228215767635	0.15307731261237534	Frozen first projection
2783	0.258298755186722	0.1520175462927546	Frozen first projection
2784	0.25622406639004147	0.15747967505444407	Frozen first projection
2785	0.24481327800829875	0.14799840385557683	Frozen first projection
2786	0.25311203319502074	0.14913188359874954	Frozen first projection
2787	0.26348547717842324	0.15552820057113964	Frozen first projection
2788	0.26348547717842324	0.15484887547265352	Frozen first projection
2789	0.254149377593361	0.14543025009140592	Frozen first projection
2790	0.266597510373444	0.16848619499575554	Frozen first projection
2791	0.258298755186722	0.15634772611995923	Frozen first projection
2792	0.2645228215767635	0.14965766733616298	Frozen first projection
2793	0.2883817427385892	0.1564890281927801	Frozen first projection
2794	0.26556016597510373	0.1497179031511286	Frozen first projection
2795	0.23651452282157676	0.14731085465812338	Frozen first projection
2796	0.2697095435684647	0.16616110230209066	Frozen first projection
2797	0.26867219917012447	0.15564229479670655	Frozen first projection
2798	0.25311203319502074	0.15039992380972014	Frozen first projection
2799	0.258298755186722	0.14524311541632207	Frozen first projection
2800	0.25	0.14295621821736026	Frozen first projection
2801	0.27385892116182575	0.16978219690799684	Frozen first projection
2802	0.24481327800829875	0.15264513374816246	Frozen first projection
2803	0.2645228215767635	0.15808818031211197	Frozen first projection
2804	0.27385892116182575	0.1527044017274178	Frozen first projection
2805	0.26141078838174275	0.1650560445985316	Frozen first projection
2806	0.25622406639004147	0.16150871249712773	Frozen first projection
2807	0.24481327800829875	0.13848017903187615	Frozen first projection
2808	0.23858921161825727	0.14436331498912072	Frozen first projection
2809	0.2717842323651452	0.169327942586867	Frozen first projection
2810	0.2437759336099585	0.1327284930234773	Frozen first projection
2811	0.245850622406639	0.14827108538367467	Frozen first projection
2812	0.2676348547717842	0.14600027135459875	Frozen first projection
2813	0.27385892116182575	0.15875044135196606	Frozen first projection
2814	0.24896265560165975	0.14829758391079145	Frozen first projection
2815	0.25	0.14957531354211978	Frozen first projection
2816	0.24066390041493776	0.1506442914769058	Frozen first projection
2817	0.25103734439834025	0.15335898072555873	Frozen first projection
2818	0.27800829875518673	0.16654717055068913	Frozen first projection
2819	0.2645228215767635	0.1617458983977338	Frozen first projection
2820	0.24481327800829875	0.15877636490133912	Frozen first projection
2821	0.2676348547717842	0.16209331436462818	Frozen first projection
2822	0.2697095435684647	0.1567843776132493	Frozen first projection
2823	0.2572614107883817	0.15505727226003718	Frozen first projection
2824	0.26141078838174275	0.15038580049242334	Frozen first projection
2825	0.2645228215767635	0.15653604832737694	Frozen first projection
2826	0.2520746887966805	0.1447989896072434	Frozen first projection
2827	0.27593360995850624	0.16113405264781566	Frozen first projection
2828	0.2520746887966805	0.1478007980779852	Frozen first projection
2829	0.2717842323651452	0.1691402411494436	Frozen first projection
2830	0.2676348547717842	0.1558841703409675	Frozen first projection
2831	0.27593360995850624	0.1685780714141603	Frozen first projection
2832	0.25622406639004147	0.15874451490446462	Frozen first projection
2833	0.2717842323651452	0.15949870160380505	Frozen first projection
2834	0.262448132780083	0.1395079954423616	Frozen first projection
2835	0.28319502074688796	0.17224970024420683	Frozen first projection
2836	0.25103734439834025	0.16597743992468422	Frozen first projection
2837	0.25	0.15267846773618005	Frozen first projection
2838	0.2717842323651452	0.1626480561604001	Frozen first projection
2839	0.2800829875518672	0.15000772213402197	Frozen first projection
2840	0.2697095435684647	0.1618778028152065	Frozen first projection
2841	0.2520746887966805	0.14682103325422718	Frozen first projection
2842	0.266597510373444	0.15921413719925706	Frozen first projection
2843	0.25103734439834025	0.15365619661998314	Frozen first projection
2844	0.23962655601659752	0.1427632105308506	Frozen first projection
2845	0.2603734439834025	0.1524093024101862	Frozen first projection
2846	0.23962655601659752	0.14104098322848324	Frozen first projection
2847	0.27385892116182575	0.16108930075865724	Frozen first projection
2848	0.26348547717842324	0.16143294720865675	Frozen first projection
2849	0.266597510373444	0.16472791280486804	Frozen first projection
2850	0.23858921161825727	0.14814118145600455	Frozen first projection
2851	0.274896265560166	0.15795454870648165	Frozen first projection
2852	0.25103734439834025	0.14722518397632461	Frozen first projection
2853	0.266597510373444	0.1552095546299988	Frozen first projection
2854	0.27074688796680496	0.16614678729249613	Frozen first projection
2855	0.254149377593361	0.157175666454906	Frozen first projection
2856	0.27800829875518673	0.16200283955345246	Frozen first projection
2857	0.2842323651452282	0.1791414955398486	Frozen first projection
2858	0.2769709543568465	0.16342843579462002	Frozen first projection
2859	0.245850622406639	0.14605328200001128	Frozen first projection
2860	0.22821576763485477	0.13723914096390616	Frozen first projection
2861	0.274896265560166	0.16100762369480145	Frozen first projection
2862	0.245850622406639	0.15310332583802078	Frozen first projection
2863	0.26348547717842324	0.15181539394118349	Frozen first projection
2864	0.24273858921161826	0.1424607142985744	Frozen first projection
2865	0.2479253112033195	0.16042398940080466	Frozen first projection
2866	0.28112033195020747	0.16665173392809982	Frozen first projection
2867	0.26348547717842324	0.15698198179858472	Frozen first projection
2868	0.25311203319502074	0.1606860365379183	Frozen first projection
2869	0.26867219917012447	0.14203372406497405	Frozen first projection
2870	0.2437759336099585	0.15782929976841265	Frozen first projection
2871	0.27593360995850624	0.16324522099074346	Frozen first projection
2872	0.26141078838174275	0.1607218349372248	Frozen first projection
2873	0.24066390041493776	0.14824479746818783	Frozen first projection
2874	0.26141078838174275	0.14939483552702648	Frozen first projection
2875	0.2697095435684647	0.16657048449143697	Frozen first projection
2876	0.237551867219917	0.13475789966275364	Frozen first projection
2877	0.2863070539419087	0.16154886952644854	Frozen first projection
2878	0.279045643153527	0.15984027475509557	Frozen first projection
2879	0.2717842323651452	0.15648350626369872	Frozen first projection
2880	0.26556016597510373	0.16816011023681343	Frozen first projection
2881	0.28319502074688796	0.17751853826414427	Frozen first projection
2882	0.26556016597510373	0.14778971028971027	Frozen first projection
2883	0.2603734439834025	0.16698065162341252	Frozen first projection
2884	0.23340248962655602	0.148086061194789	Frozen first projection
2885	0.24896265560165975	0.13836945322785876	Frozen first projection
2886	0.25933609958506226	0.1617616914897058	Frozen first projection
2887	0.25933609958506226	0.15529824561403507	Frozen first projection
2888	0.27593360995850624	0.17585283216759823	Frozen first projection
2889	0.25311203319502074	0.1417998716773552	Frozen first projection
2890	0.27800829875518673	0.1663096049230503	Frozen first projection
2891	0.2645228215767635	0.15863797816330724	Frozen first projection
2892	0.28734439834024894	0.175677917494225	Frozen first projection
2893	0.25103734439834025	0.14220603467265322	Frozen first projection
2894	0.25622406639004147	0.1591296656918632	Frozen first projection
2895	0.258298755186722	0.15835097701996528	Frozen first projection
2896	0.23029045643153526	0.1369075077640481	Frozen first projection
2897	0.262448132780083	0.1534522741309592	Frozen first projection
2898	0.2551867219917012	0.153664706392033	Frozen first projection
2899	0.26141078838174275	0.14839214601837106	Frozen first projection
2900	0.28319502074688796	0.16847464306819665	Frozen first projection
2901	0.2769709543568465	0.16402358468421788	Frozen first projection
2902	0.266597510373444	0.13293298938710285	Frozen first projection
2903	0.2479253112033195	0.14667514471127518	Frozen first projection
2904	0.2437759336099585	0.13547500982759555	Frozen first projection
2905	0.241701244813278	0.1423907612758637	Frozen first projection
2906	0.23443983402489627	0.13430944071414516	Frozen first projection
2907	0.266597510373444	0.14467160443722943	Frozen first projection
2908	0.2551867219917012	0.15710146034769232	Frozen first projection
2909	0.2603734439834025	0.15687483101640548	Frozen first projection
2910	0.24688796680497926	0.15595984088136097	Frozen first projection
2911	0.2479253112033195	0.14738501307331706	Frozen first projection
2912	0.23962655601659752	0.1372926702990202	Frozen first projection
2913	0.27385892116182575	0.16418452540024	Frozen first projection
2914	0.2842323651452282	0.17467109421721047	Frozen first projection
2915	0.2520746887966805	0.14439715512839812	Frozen first projection
2916	0.2437759336099585	0.15207139647081427	Frozen first projection
2917	0.241701244813278	0.1380221840220731	Frozen first projection
2918	0.23651452282157676	0.1418096599907979	Frozen first projection
2919	0.27282157676348545	0.15143910620805803	Frozen first projection
2920	0.2520746887966805	0.15518347363433535	Frozen first projection
2921	0.258298755186722	0.1396573008752079	Frozen first projection
2922	0.2520746887966805	0.15314205023326696	Frozen first projection
2923	0.24688796680497926	0.15040005735695317	Frozen first projection
2924	0.25933609958506226	0.15622443852379245	Frozen first projection
2925	0.2520746887966805	0.1458064026733447	Frozen first projection
2926	0.27385892116182575	0.15359047752877636	Frozen first projection
2927	0.27593360995850624	0.16647417599265343	Frozen first projection
2928	0.24688796680497926	0.14173741302723253	Frozen first projection
2929	0.24273858921161826	0.1514934465598876	Frozen first projection
2930	0.26141078838174275	0.1659438848412767	Frozen first projection
2931	0.245850622406639	0.1424906376871367	Frozen first projection
2932	0.24481327800829875	0.14097793731972336	Frozen first projection
2933	0.26348547717842324	0.1624911947731164	Frozen first projection
2934	0.279045643153527	0.16027411570682926	Frozen first projection
2935	0.25933609958506226	0.15723318539338565	Frozen first projection
2936	0.262448132780083	0.16081698973038014	Frozen first projection
2937	0.2603734439834025	0.15788081305992502	Frozen first projection
2938	0.2645228215767635	0.14119165652280596	Frozen first projection
2939	0.2645228215767635	0.15220854889694335	Frozen first projection
2940	0.28112033195020747	0.16197461365509996	Frozen first projection
2941	0.258298755186722	0.15088701817324943	Frozen first projection
2942	0.2354771784232365	0.14241614656114004	Frozen first projection
2943	0.2697095435684647	0.1646970577725291	Frozen first projection
2944	0.279045643153527	0.17513777496684213	Frozen first projection
2945	0.25103734439834025	0.1470898125132449	Frozen first projection
2946	0.24066390041493776	0.15063112328374567	Frozen first projection
2947	0.25933609958506226	0.16004472380608015	Frozen first projection
2948	0.23029045643153526	0.14131261790822172	Frozen first projection
2949	0.22510373443983403	0.1361134364299868	Frozen first projection
2950	0.25	0.14869130910594608	Frozen first projection
2951	0.25933609958506226	0.15965978289383626	Frozen first projection
2952	0.229253112033195	0.13779520186471142	Frozen first projection
2953	0.24688796680497926	0.1479885156924723	Frozen first projection
2954	0.25103734439834025	0.15626313426333735	Frozen first projection
2955	0.266597510373444	0.15398528731877992	Frozen first projection
2956	0.23029045643153526	0.138163666566842	Frozen first projection
2957	0.28112033195020747	0.17110805570861806	Frozen first projection
2958	0.2769709543568465	0.16765971616491665	Frozen first projection
2959	0.2437759336099585	0.14072500799737042	Frozen first projection
2960	0.26141078838174275	0.16677306936042166	Frozen first projection
2961	0.27074688796680496	0.15223721630270218	Frozen first projection
2962	0.2769709543568465	0.15753235983614344	Frozen first projection
2963	0.25622406639004147	0.152646710680157	Frozen first projection
2964	0.27282157676348545	0.1572074059539249	Frozen first projection
2965	0.2645228215767635	0.15834279745287885	Frozen first projection
2966	0.21369294605809128	0.13513611873743897	Frozen first projection
2967	0.2354771784232365	0.13646817513820897	Frozen first projection
2968	0.2572614107883817	0.15770199311894964	Frozen first projection
2969	0.23858921161825727	0.14274208604515648	Frozen first projection
2970	0.27385892116182575	0.14718979294338147	Frozen first projection
2971	0.29564315352697096	0.1753040438222142	Frozen first projection
2972	0.24688796680497926	0.1423350063675433	Frozen first projection
2973	0.237551867219917	0.15002289208342867	Frozen first projection
2974	0.24273858921161826	0.13223666636764847	Frozen first projection
2975	0.25933609958506226	0.15532029319847118	Frozen first projection
2976	0.2437759336099585	0.14099888031400593	Frozen first projection
2977	0.266597510373444	0.16056501509365323	Frozen first projection
2978	0.2894190871369295	0.1776374520850583	Frozen first projection
2979	0.25933609958506226	0.14696576211284165	Frozen first projection
2980	0.27385892116182575	0.15895069923880334	Frozen first projection
2981	0.24688796680497926	0.15225577724650308	Frozen first projection
2982	0.2603734439834025	0.13668273632579742	Frozen first projection
2983	0.2572614107883817	0.15409256116206405	Frozen first projection
2984	0.26556016597510373	0.16865872892600345	Frozen first projection
2985	0.29771784232365145	0.1705890978949269	Frozen first projection
2986	0.2551867219917012	0.15879646794472493	Frozen first projection
2987	0.25933609958506226	0.15212292615164447	Frozen first projection
2988	0.237551867219917	0.14847719447559307	Frozen first projection
2989	0.29045643153526973	0.16062948380752778	Frozen first projection
2990	0.2551867219917012	0.15923233042071	Frozen first projection
2991	0.25622406639004147	0.14825562761169048	Frozen first projection
2992	0.2697095435684647	0.16381155516876172	Frozen first projection
2993	0.23962655601659752	0.15392266615919817	Frozen first projection
2994	0.23340248962655602	0.14428760532426135	Frozen first projection
2995	0.27800829875518673	0.16473489224005178	Frozen first projection
2996	0.26348547717842324	0.1505818023314331	Frozen first projection
2997	0.2603734439834025	0.15150629079534184	Frozen first projection
2998	0.274896265560166	0.1654937352096011	Frozen first projection
2999	0.2800829875518672	0.1713229838358587	Frozen first projection
0	0.5871369294605809	0.7085075931516733	Wheat LoRA adapter
1	0.529045643153527	0.6340356458392253	Wheat LoRA adapter
2	0.5570539419087137	0.6707246332019043	Wheat LoRA adapter
3	0.5663900414937759	0.6938137349388376	Wheat LoRA adapter
4	0.5705394190871369	0.6800292791216861	Wheat LoRA adapter
5	0.5850622406639004	0.6920197312959963	Wheat LoRA adapter
6	0.5975103734439834	0.7061980598966098	Wheat LoRA adapter
7	0.5778008298755186	0.7030923743425102	Wheat LoRA adapter
8	0.5549792531120332	0.670903519894203	Wheat LoRA adapter
9	0.549792531120332	0.67433070494051	Wheat LoRA adapter
10	0.5601659751037344	0.6795955119613407	Wheat LoRA adapter
11	0.5695020746887967	0.6791260762728464	Wheat LoRA adapter
12	0.5923236514522822	0.6997006986382452	Wheat LoRA adapter
13	0.5684647302904564	0.6849295193423326	Wheat LoRA adapter
14	0.6016597510373444	0.730092986678451	Wheat LoRA adapter
15	0.5612033195020747	0.670910399444147	Wheat LoRA adapter
16	0.5632780082987552	0.7028296870363712	Wheat LoRA adapter
17	0.5850622406639004	0.696792380506136	Wheat LoRA adapter
18	0.5591286307053942	0.6708645405621602	Wheat LoRA adapter
19	0.549792531120332	0.6560043084814686	Wheat LoRA adapter
20	0.5383817427385892	0.6748303531116274	Wheat LoRA adapter
21	0.549792531120332	0.6927661736159503	Wheat LoRA adapter
22	0.5560165975103735	0.671200604524222	Wheat LoRA adapter
23	0.5975103734439834	0.7178766680948763	Wheat LoRA adapter
24	0.5767634854771784	0.699791802512095	Wheat LoRA adapter
25	0.5591286307053942	0.6866558236441334	Wheat LoRA adapter
26	0.5622406639004149	0.6786597193998087	Wheat LoRA adapter
27	0.5705394190871369	0.6894182257762909	Wheat LoRA adapter
28	0.5778008298755186	0.6794274898611539	Wheat LoRA adapter
29	0.5612033195020747	0.6778572371772074	Wheat LoRA adapter
30	0.5560165975103735	0.6729219821959295	Wheat LoRA adapter
31	0.5466804979253111	0.6700333386431294	Wheat LoRA adapter
32	0.553941908713693	0.6764465509033384	Wheat LoRA adapter
33	0.5560165975103735	0.6932565453897317	Wheat LoRA adapter
34	0.5601659751037344	0.6892619504696877	Wheat LoRA adapter
35	0.5809128630705395	0.6706485324970599	Wheat LoRA adapter
36	0.5705394190871369	0.6760680599585729	Wheat LoRA adapter
37	0.5560165975103735	0.675716625797194	Wheat LoRA adapter
38	0.5591286307053942	0.686478618717177	Wheat LoRA adapter
39	0.558091286307054	0.6760815876114443	Wheat LoRA adapter
40	0.5518672199170125	0.6700457894598904	Wheat LoRA adapter
41	0.5570539419087137	0.6628230642150899	Wheat LoRA adapter
42	0.5767634854771784	0.7026535900905788	Wheat LoRA adapter
43	0.5414937759336099	0.6688889305575532	Wheat LoRA adapter
44	0.5809128630705395	0.7029531422068398	Wheat LoRA adapter
45	0.5850622406639004	0.6794709917177995	Wheat LoRA adapter
46	0.5529045643153527	0.6824451307775414	Wheat LoRA adapter
47	0.5560165975103735	0.6630835670004482	Wheat LoRA adapter
48	0.5943983402489627	0.7007376135512655	Wheat LoRA adapter
49	0.5757261410788381	0.6871750966039716	Wheat LoRA adapter
50	0.578838174273859	0.6921272565209613	Wheat LoRA adapter
51	0.5560165975103735	0.6677223289705565	Wheat LoRA adapter
52	0.5643153526970954	0.6560055408608305	Wheat LoRA adapter
53	0.5850622406639004	0.7037131727427062	Wheat LoRA adapter
54	0.5674273858921162	0.6825204301768866	Wheat LoRA adapter
55	0.5695020746887967	0.6935757740484564	Wheat LoRA adapter
56	0.5705394190871369	0.7039992633992902	Wheat LoRA adapter
57	0.5923236514522822	0.7051403012922474	Wheat LoRA adapter
58	0.5778008298755186	0.7053370613590704	Wheat LoRA adapter
59	0.5518672199170125	0.683299014299321	Wheat LoRA adapter
60	0.5767634854771784	0.7009547791719717	Wheat LoRA adapter
61	0.5757261410788381	0.7005574839988649	Wheat LoRA adapter
62	0.5466804979253111	0.674654482541005	Wheat LoRA adapter
63	0.5508298755186722	0.668342693628263	Wheat LoRA adapter
64	0.5487551867219918	0.6690443823772301	Wheat LoRA adapter
65	0.5477178423236515	0.6717059439468896	Wheat LoRA adapter
66	0.5757261410788381	0.7101222523646008	Wheat LoRA adapter
67	0.5643153526970954	0.7031409919452501	Wheat LoRA adapter
68	0.5705394190871369	0.6908358341043246	Wheat LoRA adapter
69	0.5695020746887967	0.6673499846673365	Wheat LoRA adapter
70	0.6026970954356846	0.7126918012680312	Wheat LoRA adapter
71	0.5871369294605809	0.693068917191445	Wheat LoRA adapter
72	0.5757261410788381	0.7020245412597852	Wheat LoRA adapter
73	0.558091286307054	0.672153882924521	Wheat LoRA adapter
74	0.5840248962655602	0.6991580890952844	Wheat LoRA adapter
75	0.553941908713693	0.6720814037050722	Wheat LoRA adapter
76	0.5570539419087137	0.6816437495458292	Wheat LoRA adapter
77	0.5892116182572614	0.6986951339134265	Wheat LoRA adapter
78	0.5591286307053942	0.6749429914430742	Wheat LoRA adapter
79	0.5684647302904564	0.6844497253288198	Wheat LoRA adapter
80	0.5622406639004149	0.6752998603314616	Wheat LoRA adapter
81	0.5466804979253111	0.6862142682615195	Wheat LoRA adapter
82	0.5228215767634855	0.6325393281490471	Wheat LoRA adapter
83	0.5819502074688797	0.6914820552943748	Wheat LoRA adapter
84	0.5726141078838174	0.7000507405926388	Wheat LoRA adapter
85	0.5892116182572614	0.7032369990581084	Wheat LoRA adapter
86	0.549792531120332	0.6576178240703074	Wheat LoRA adapter
87	0.5529045643153527	0.6787506496633602	Wheat LoRA adapter
88	0.5560165975103735	0.6659390682269604	Wheat LoRA adapter
89	0.5736514522821576	0.7025652948372356	Wheat LoRA adapter
90	0.5684647302904564	0.6664520112387904	Wheat LoRA adapter
91	0.5570539419087137	0.6794642883613248	Wheat LoRA adapter
92	0.558091286307054	0.6886473526832155	Wheat LoRA adapter
93	0.5456431535269709	0.6487987557345638	Wheat LoRA adapter
94	0.5767634854771784	0.6796106113573718	Wheat LoRA adapter
95	0.553941908713693	0.6750273713810084	Wheat LoRA adapter
96	0.5809128630705395	0.6961191166765809	Wheat LoRA adapter
97	0.558091286307054	0.6746469147745571	Wheat LoRA adapter
98	0.5757261410788381	0.6922887261051499	Wheat LoRA adapter
99	0.5653526970954357	0.6852566677185981	Wheat LoRA adapter
100	0.5767634854771784	0.6899096073048497	Wheat LoRA adapter
101	0.5860995850622407	0.7140890558389548	Wheat LoRA adapter
102	0.5778008298755186	0.6912809262913676	Wheat LoRA adapter
103	0.5373443983402489	0.6669327751052934	Wheat LoRA adapter
104	0.5529045643153527	0.6726821265564371	Wheat LoRA adapter
105	0.5466804979253111	0.6750070581526328	Wheat LoRA adapter
106	0.5570539419087137	0.6813666845524651	Wheat LoRA adapter
107	0.5591286307053942	0.6861978395392869	Wheat LoRA adapter
108	0.5529045643153527	0.6599109535844433	Wheat LoRA adapter
109	0.5363070539419087	0.658371253138416	Wheat LoRA adapter
110	0.5923236514522822	0.7149234022674535	Wheat LoRA adapter
111	0.5570539419087137	0.6824303829938316	Wheat LoRA adapter
112	0.5653526970954357	0.6826970582071201	Wheat LoRA adapter
113	0.5736514522821576	0.6989398222641782	Wheat LoRA adapter
114	0.578838174273859	0.7088435105890776	Wheat LoRA adapter
115	0.5684647302904564	0.6907347105711462	Wheat LoRA adapter
116	0.5933609958506224	0.7124760563115671	Wheat LoRA adapter
117	0.5456431535269709	0.6713391312771734	Wheat LoRA adapter
118	0.5477178423236515	0.6732705228268647	Wheat LoRA adapter
119	0.5684647302904564	0.679084872654032	Wheat LoRA adapter
120	0.578838174273859	0.6862886112973288	Wheat LoRA adapter
121	0.5746887966804979	0.7091362150008685	Wheat LoRA adapter
122	0.5674273858921162	0.6870531409522342	Wheat LoRA adapter
123	0.5684647302904564	0.6977413898478605	Wheat LoRA adapter
124	0.5373443983402489	0.6686226257364558	Wheat LoRA adapter
125	0.5632780082987552	0.6974042054235545	Wheat LoRA adapter
126	0.5746887966804979	0.6930491592341466	Wheat LoRA adapter
127	0.5674273858921162	0.689587106697408	Wheat LoRA adapter
128	0.5601659751037344	0.679609632954748	Wheat LoRA adapter
129	0.5560165975103735	0.6878862627157937	Wheat LoRA adapter
130	0.5373443983402489	0.6551827801125367	Wheat LoRA adapter
131	0.5923236514522822	0.6942510022427251	Wheat LoRA adapter
132	0.5456431535269709	0.6752784933313527	Wheat LoRA adapter
133	0.5560165975103735	0.6851461464517832	Wheat LoRA adapter
134	0.5456431535269709	0.6659194623726681	Wheat LoRA adapter
135	0.5487551867219918	0.6818058487124862	Wheat LoRA adapter
136	0.5570539419087137	0.6719053864374872	Wheat LoRA adapter
137	0.5695020746887967	0.693090272583194	Wheat LoRA adapter
138	0.5757261410788381	0.7114774889144361	Wheat LoRA adapter
139	0.5508298755186722	0.6731840386033858	Wheat LoRA adapter
140	0.5477178423236515	0.6721721705549795	Wheat LoRA adapter
141	0.5311203319502075	0.6551329978343803	Wheat LoRA adapter
142	0.5674273858921162	0.6793125589253097	Wheat LoRA adapter
143	0.5466804979253111	0.6751158147695795	Wheat LoRA adapter
144	0.5508298755186722	0.6426559047513061	Wheat LoRA adapter
145	0.5570539419087137	0.6845207946654528	Wheat LoRA adapter
146	0.5518672199170125	0.6728744701246309	Wheat LoRA adapter
147	0.5695020746887967	0.6874844272908517	Wheat LoRA adapter
148	0.549792531120332	0.6756626610036264	Wheat LoRA adapter
149	0.5529045643153527	0.6749855882318273	Wheat LoRA adapter
150	0.529045643153527	0.658715253854107	Wheat LoRA adapter
151	0.5757261410788381	0.6985260957124237	Wheat LoRA adapter
152	0.5601659751037344	0.657468470466738	Wheat LoRA adapter
153	0.5508298755186722	0.6707563840378881	Wheat LoRA adapter
154	0.5663900414937759	0.6952470430028956	Wheat LoRA adapter
155	0.5570539419087137	0.6719224927806589	Wheat LoRA adapter
156	0.5612033195020747	0.6795633311408467	Wheat LoRA adapter
157	0.553941908713693	0.6610507544309854	Wheat LoRA adapter
158	0.5881742738589212	0.707288503327864	Wheat LoRA adapter
159	0.5695020746887967	0.697192363454685	Wheat LoRA adapter
160	0.5518672199170125	0.6722331132020213	Wheat LoRA adapter
161	0.5643153526970954	0.716042176227486	Wheat LoRA adapter
162	0.5726141078838174	0.6772747167594075	Wheat LoRA adapter
163	0.5352697095435685	0.6497737826847342	Wheat LoRA adapter
164	0.5549792531120332	0.6798612002171412	Wheat LoRA adapter
165	0.5632780082987552	0.6833612666574319	Wheat LoRA adapter
166	0.5487551867219918	0.6717413609928602	Wheat LoRA adapter
167	0.5508298755186722	0.6843555785834411	Wheat LoRA adapter
168	0.5715767634854771	0.6929424939469274	Wheat LoRA adapter
169	0.5363070539419087	0.6722865340174349	Wheat LoRA adapter
170	0.5767634854771784	0.6913767863541751	Wheat LoRA adapter
171	0.5736514522821576	0.7001956899134318	Wheat LoRA adapter
172	0.5560165975103735	0.6637856341708946	Wheat LoRA adapter
173	0.5352697095435685	0.6497930729322593	Wheat LoRA adapter
174	0.5622406639004149	0.6971660714828243	Wheat LoRA adapter
175	0.5726141078838174	0.6977310269452673	Wheat LoRA adapter
176	0.5871369294605809	0.701297316425876	Wheat LoRA adapter
177	0.5622406639004149	0.6794350895249602	Wheat LoRA adapter
178	0.5663900414937759	0.6848879685485472	Wheat LoRA adapter
179	0.5778008298755186	0.6912680337937283	Wheat LoRA adapter
180	0.558091286307054	0.6886907547600916	Wheat LoRA adapter
181	0.5881742738589212	0.7130392017172786	Wheat LoRA adapter
182	0.5860995850622407	0.6946329164066005	Wheat LoRA adapter
183	0.553941908713693	0.6667332481705514	Wheat LoRA adapter
184	0.5767634854771784	0.6876887727566041	Wheat LoRA adapter
185	0.5529045643153527	0.6722998136969245	Wheat LoRA adapter
186	0.5601659751037344	0.6871977285742938	Wheat LoRA adapter
187	0.5757261410788381	0.6938626641941207	Wheat LoRA adapter
188	0.5591286307053942	0.6819720328880472	Wheat LoRA adapter
189	0.5601659751037344	0.6860769602527332	Wheat LoRA adapter
190	0.5767634854771784	0.6905839674096981	Wheat LoRA adapter
191	0.5570539419087137	0.6742084885624796	Wheat LoRA adapter
192	0.558091286307054	0.6576424368045048	Wheat LoRA adapter
193	0.5933609958506224	0.7196783456361111	Wheat LoRA adapter
194	0.558091286307054	0.6701434019911686	Wheat LoRA adapter
195	0.5663900414937759	0.7032438941730159	Wheat LoRA adapter
196	0.5518672199170125	0.6725618885586816	Wheat LoRA adapter
197	0.5518672199170125	0.6714769185187184	Wheat LoRA adapter
198	0.5477178423236515	0.698411284432523	Wheat LoRA adapter
199	0.5456431535269709	0.6816202486088216	Wheat LoRA adapter
200	0.5529045643153527	0.6818469954230871	Wheat LoRA adapter
201	0.5705394190871369	0.6870651713612146	Wheat LoRA adapter
202	0.5300829875518672	0.6592272021124325	Wheat LoRA adapter
203	0.5860995850622407	0.7031214655601499	Wheat LoRA adapter
204	0.5850622406639004	0.7093928132707044	Wheat LoRA adapter
205	0.5269709543568465	0.6586278203464454	Wheat LoRA adapter
206	0.5466804979253111	0.6667921281962711	Wheat LoRA adapter
207	0.5570539419087137	0.6629596183704949	Wheat LoRA adapter
208	0.5726141078838174	0.6881696749693567	Wheat LoRA adapter
209	0.5342323651452282	0.6431062519466189	Wheat LoRA adapter
210	0.5425311203319502	0.6492105021989057	Wheat LoRA adapter
211	0.5757261410788381	0.6736557852225303	Wheat LoRA adapter
212	0.5549792531120332	0.6740696602690366	Wheat LoRA adapter
213	0.5715767634854771	0.7037900355312037	Wheat LoRA adapter
214	0.558091286307054	0.6944037909172297	Wheat LoRA adapter
215	0.5549792531120332	0.6702382768685881	Wheat LoRA adapter
216	0.5684647302904564	0.6997806771472204	Wheat LoRA adapter
217	0.5394190871369294	0.6785131768809882	Wheat LoRA adapter
218	0.529045643153527	0.664111049831615	Wheat LoRA adapter
219	0.5715767634854771	0.6847607081625204	Wheat LoRA adapter
220	0.5352697095435685	0.6462311093413862	Wheat LoRA adapter
221	0.5736514522821576	0.7012213688741018	Wheat LoRA adapter
222	0.5622406639004149	0.7010266526540793	Wheat LoRA adapter
223	0.5684647302904564	0.6795741633888903	Wheat LoRA adapter
224	0.5456431535269709	0.6785279823063504	Wheat LoRA adapter
225	0.5663900414937759	0.6991740736816128	Wheat LoRA adapter
226	0.5477178423236515	0.6766074153081555	Wheat LoRA adapter
227	0.5508298755186722	0.6840179700148901	Wheat LoRA adapter
228	0.5404564315352697	0.6398995822770575	Wheat LoRA adapter
229	0.558091286307054	0.6928352269850525	Wheat LoRA adapter
230	0.549792531120332	0.6689935220808864	Wheat LoRA adapter
231	0.5570539419087137	0.6823093384861343	Wheat LoRA adapter
232	0.5705394190871369	0.6634914657212381	Wheat LoRA adapter
233	0.5591286307053942	0.6719876077461227	Wheat LoRA adapter
234	0.5746887966804979	0.6972331053005025	Wheat LoRA adapter
235	0.5653526970954357	0.6898255407880494	Wheat LoRA adapter
236	0.578838174273859	0.7012941624625578	Wheat LoRA adapter
237	0.5570539419087137	0.6846490928290583	Wheat LoRA adapter
238	0.553941908713693	0.6721271803817322	Wheat LoRA adapter
239	0.5840248962655602	0.6883004039471614	Wheat LoRA adapter
240	0.5373443983402489	0.6366831930066846	Wheat LoRA adapter
241	0.5674273858921162	0.697360513701603	Wheat LoRA adapter
242	0.5456431535269709	0.6741399227806648	Wheat LoRA adapter
243	0.558091286307054	0.678548351392027	Wheat LoRA adapter
244	0.5632780082987552	0.682164157042938	Wheat LoRA adapter
245	0.5456431535269709	0.6698299593646869	Wheat LoRA adapter
246	0.5985477178423236	0.7211769861877141	Wheat LoRA adapter
247	0.549792531120332	0.6713599321961112	Wheat LoRA adapter
248	0.5612033195020747	0.6778676298555014	Wheat LoRA adapter
249	0.5425311203319502	0.6787437338129901	Wheat LoRA adapter
250	0.5674273858921162	0.6797540324066899	Wheat LoRA adapter
251	0.5435684647302904	0.6677908651065638	Wheat LoRA adapter
252	0.5933609958506224	0.7113746603456577	Wheat LoRA adapter
253	0.5601659751037344	0.670870919784681	Wheat LoRA adapter
254	0.5757261410788381	0.6951704116751605	Wheat LoRA adapter
255	0.5601659751037344	0.6910017159390789	Wheat LoRA adapter
256	0.5663900414937759	0.6831213280449074	Wheat LoRA adapter
257	0.5757261410788381	0.7014782797344323	Wheat LoRA adapter
258	0.5705394190871369	0.6878506338582948	Wheat LoRA adapter
259	0.5674273858921162	0.6919276093829518	Wheat LoRA adapter
260	0.5383817427385892	0.643790916134255	Wheat LoRA adapter
261	0.5487551867219918	0.6836477942632956	Wheat LoRA adapter
262	0.553941908713693	0.6606890903652457	Wheat LoRA adapter
263	0.5508298755186722	0.6744535946892056	Wheat LoRA adapter
264	0.5643153526970954	0.690490097975299	Wheat LoRA adapter
265	0.5684647302904564	0.6841362780873014	Wheat LoRA adapter
266	0.5632780082987552	0.7023865447834958	Wheat LoRA adapter
267	0.5373443983402489	0.6721333435926435	Wheat LoRA adapter
268	0.5674273858921162	0.6962512806428194	Wheat LoRA adapter
269	0.5684647302904564	0.6928232929078301	Wheat LoRA adapter
270	0.5591286307053942	0.6785520424542535	Wheat LoRA adapter
271	0.5674273858921162	0.6826343816423575	Wheat LoRA adapter
272	0.5674273858921162	0.6973285407726515	Wheat LoRA adapter
273	0.5612033195020747	0.6869514748453325	Wheat LoRA adapter
274	0.5363070539419087	0.669052776502006	Wheat LoRA adapter
275	0.553941908713693	0.6767464041366715	Wheat LoRA adapter
276	0.5508298755186722	0.6774258415481853	Wheat LoRA adapter
277	0.5280082987551867	0.6535167314372533	Wheat LoRA adapter
278	0.5954356846473029	0.7064558223827604	Wheat LoRA adapter
279	0.5746887966804979	0.6818340214634956	Wheat LoRA adapter
280	0.5446058091286307	0.6755598150861792	Wheat LoRA adapter
281	0.553941908713693	0.6648112214258732	Wheat LoRA adapter
282	0.5612033195020747	0.6881520909763899	Wheat LoRA adapter
283	0.5508298755186722	0.6792710119823959	Wheat LoRA adapter
284	0.553941908713693	0.6830020071122533	Wheat LoRA adapter
285	0.5632780082987552	0.6758779162817707	Wheat LoRA adapter
286	0.5653526970954357	0.6909531016856487	Wheat LoRA adapter
287	0.5529045643153527	0.6879004968739273	Wheat LoRA adapter
288	0.5767634854771784	0.6823398277398298	Wheat LoRA adapter
289	0.5155601659751037	0.6559480217628741	Wheat LoRA adapter
290	0.5705394190871369	0.7023905045809831	Wheat LoRA adapter
291	0.5508298755186722	0.6716533595094916	Wheat LoRA adapter
292	0.5518672199170125	0.6826335497468621	Wheat LoRA adapter
293	0.5778008298755186	0.6868273442535036	Wheat LoRA adapter
294	0.5425311203319502	0.6856944241106896	Wheat LoRA adapter
295	0.5622406639004149	0.6945080148407234	Wheat LoRA adapter
296	0.5746887966804979	0.6765595996141863	Wheat LoRA adapter
297	0.5726141078838174	0.6958483303295926	Wheat LoRA adapter
298	0.558091286307054	0.6748426012090142	Wheat LoRA adapter
299	0.5570539419087137	0.6775176587951687	Wheat LoRA adapter
300	0.5767634854771784	0.706039173681398	Wheat LoRA adapter
301	0.5757261410788381	0.6763573002733387	Wheat LoRA adapter
302	0.5736514522821576	0.6920225182790669	Wheat LoRA adapter
303	0.5425311203319502	0.6614261454734467	Wheat LoRA adapter
304	0.6026970954356846	0.7168016095088209	Wheat LoRA adapter
305	0.5570539419087137	0.6885714223862446	Wheat LoRA adapter
306	0.5601659751037344	0.673799573837221	Wheat LoRA adapter
307	0.5446058091286307	0.6506205789023274	Wheat LoRA adapter
308	0.5705394190871369	0.6808939215655243	Wheat LoRA adapter
309	0.5746887966804979	0.6955434666013135	Wheat LoRA adapter
310	0.5446058091286307	0.6663731934221824	Wheat LoRA adapter
311	0.5746887966804979	0.6931562032946399	Wheat LoRA adapter
312	0.5726141078838174	0.6886895993287584	Wheat LoRA adapter
313	0.5643153526970954	0.6974510519076209	Wheat LoRA adapter
314	0.5746887966804979	0.7084361600950893	Wheat LoRA adapter
315	0.5508298755186722	0.6793781894384715	Wheat LoRA adapter
316	0.5933609958506224	0.7045163342072964	Wheat LoRA adapter
317	0.5591286307053942	0.6765123874457855	Wheat LoRA adapter
318	0.5643153526970954	0.696795929656848	Wheat LoRA adapter
319	0.5363070539419087	0.6785651310432025	Wheat LoRA adapter
320	0.5695020746887967	0.684303784730385	Wheat LoRA adapter
321	0.5456431535269709	0.6697031156095441	Wheat LoRA adapter
322	0.58298755186722	0.7085042559845038	Wheat LoRA adapter
323	0.5518672199170125	0.6732770093415017	Wheat LoRA adapter
324	0.5757261410788381	0.6971281987719005	Wheat LoRA adapter
325	0.5612033195020747	0.6791335888541651	Wheat LoRA adapter
326	0.5674273858921162	0.689857219015023	Wheat LoRA adapter
327	0.5726141078838174	0.7178577584707599	Wheat LoRA adapter
328	0.558091286307054	0.6835761387480059	Wheat LoRA adapter
329	0.5653526970954357	0.694162355710569	Wheat LoRA adapter
330	0.558091286307054	0.6821852832403167	Wheat LoRA adapter
331	0.578838174273859	0.6916005362867546	Wheat LoRA adapter
332	0.5570539419087137	0.696003638297344	Wheat LoRA adapter
333	0.5612033195020747	0.6930397917890081	Wheat LoRA adapter
334	0.5560165975103735	0.6511169910502471	Wheat LoRA adapter
335	0.5860995850622407	0.6765692328182129	Wheat LoRA adapter
336	0.549792531120332	0.6646471877066273	Wheat LoRA adapter
337	0.5425311203319502	0.6665563931023444	Wheat LoRA adapter
338	0.5529045643153527	0.6782187442376113	Wheat LoRA adapter
339	0.558091286307054	0.6714355100901893	Wheat LoRA adapter
340	0.58298755186722	0.7125359468942217	Wheat LoRA adapter
341	0.5695020746887967	0.6938575877079298	Wheat LoRA adapter
342	0.5508298755186722	0.6766671741383598	Wheat LoRA adapter
343	0.578838174273859	0.6936042442146979	Wheat LoRA adapter
344	0.5643153526970954	0.6726698035775434	Wheat LoRA adapter
345	0.5840248962655602	0.6906830044639258	Wheat LoRA adapter
346	0.5456431535269709	0.6512858520981257	Wheat LoRA adapter
347	0.5643153526970954	0.6840453563771254	Wheat LoRA adapter
348	0.5632780082987552	0.6791332333673168	Wheat LoRA adapter
349	0.5508298755186722	0.668597288792004	Wheat LoRA adapter
350	0.5622406639004149	0.6800008668378037	Wheat LoRA adapter
351	0.5902489626556017	0.6976597522634955	Wheat LoRA adapter
352	0.5477178423236515	0.6674842880056888	Wheat LoRA adapter
353	0.5663900414937759	0.7062936684703647	Wheat LoRA adapter
354	0.5518672199170125	0.6740882037133129	Wheat LoRA adapter
355	0.5612033195020747	0.6974010263143167	Wheat LoRA adapter
356	0.5425311203319502	0.6391278271225327	Wheat LoRA adapter
357	0.5560165975103735	0.6841569114683703	Wheat LoRA adapter
358	0.5622406639004149	0.6892549353489026	Wheat LoRA adapter
359	0.5466804979253111	0.6731209207364006	Wheat LoRA adapter
360	0.5612033195020747	0.6822263444293194	Wheat LoRA adapter
361	0.5653526970954357	0.67033647886501	Wheat LoRA adapter
362	0.5612033195020747	0.6786305724352579	Wheat LoRA adapter
363	0.5663900414937759	0.6751532421489722	Wheat LoRA adapter
364	0.5643153526970954	0.6959926968842011	Wheat LoRA adapter
365	0.553941908713693	0.6721803373132007	Wheat LoRA adapter
366	0.5684647302904564	0.6793766381796035	Wheat LoRA adapter
367	0.5684647302904564	0.687803065541612	Wheat LoRA adapter
368	0.5477178423236515	0.666817690887754	Wheat LoRA adapter
369	0.5601659751037344	0.6770357877332887	Wheat LoRA adapter
370	0.5466804979253111	0.6553864570735497	Wheat LoRA adapter
371	0.549792531120332	0.6579404839789705	Wheat LoRA adapter
372	0.5612033195020747	0.6903745885941128	Wheat LoRA adapter
373	0.5601659751037344	0.7097086462995945	Wheat LoRA adapter
374	0.5601659751037344	0.6746060112718483	Wheat LoRA adapter
375	0.5549792531120332	0.6622467931208069	Wheat LoRA adapter
376	0.578838174273859	0.7055105964368467	Wheat LoRA adapter
377	0.5798755186721992	0.6939059886772612	Wheat LoRA adapter
378	0.5715767634854771	0.6857721259184365	Wheat LoRA adapter
379	0.5695020746887967	0.6984936685369656	Wheat LoRA adapter
380	0.5446058091286307	0.6764651521410181	Wheat LoRA adapter
381	0.5923236514522822	0.7064389517003014	Wheat LoRA adapter
382	0.58298755186722	0.7014230044967114	Wheat LoRA adapter
383	0.5695020746887967	0.7012613573254326	Wheat LoRA adapter
384	0.5622406639004149	0.6898891734668837	Wheat LoRA adapter
385	0.5560165975103735	0.6727879345401455	Wheat LoRA adapter
386	0.578838174273859	0.7036311492674134	Wheat LoRA adapter
387	0.5674273858921162	0.6715894644897112	Wheat LoRA adapter
388	0.5560165975103735	0.6861745147023054	Wheat LoRA adapter
389	0.5860995850622407	0.7160086067061993	Wheat LoRA adapter
390	0.5746887966804979	0.67624068596166	Wheat LoRA adapter
391	0.558091286307054	0.6867381263808859	Wheat LoRA adapter
392	0.5570539419087137	0.6845209239514367	Wheat LoRA adapter
393	0.5508298755186722	0.6824398166021266	Wheat LoRA adapter
394	0.553941908713693	0.6802902861177289	Wheat LoRA adapter
395	0.5684647302904564	0.6846805581480564	Wheat LoRA adapter
396	0.58298755186722	0.6945013537797625	Wheat LoRA adapter
397	0.5643153526970954	0.6985141695826341	Wheat LoRA adapter
398	0.5487551867219918	0.6577769848615681	Wheat LoRA adapter
399	0.5767634854771784	0.6914744691414729	Wheat LoRA adapter
400	0.5363070539419087	0.6768098906877573	Wheat LoRA adapter
401	0.533195020746888	0.6475697036222001	Wheat LoRA adapter
402	0.5798755186721992	0.6754976442158535	Wheat LoRA adapter
403	0.5549792531120332	0.6832299077173998	Wheat LoRA adapter
404	0.5549792531120332	0.6794950219991502	Wheat LoRA adapter
405	0.5622406639004149	0.6870178831683392	Wheat LoRA adapter
406	0.5508298755186722	0.6764999066546856	Wheat LoRA adapter
407	0.5622406639004149	0.6673513612266357	Wheat LoRA adapter
408	0.5612033195020747	0.691897709379047	Wheat LoRA adapter
409	0.5456431535269709	0.6524998747814623	Wheat LoRA adapter
410	0.5632780082987552	0.6914130372537348	Wheat LoRA adapter
411	0.5663900414937759	0.6763296808534309	Wheat LoRA adapter
412	0.558091286307054	0.6823675314165979	Wheat LoRA adapter
413	0.6026970954356846	0.7175919783101223	Wheat LoRA adapter
414	0.5508298755186722	0.6716034784680679	Wheat LoRA adapter
415	0.5363070539419087	0.6642199729582059	Wheat LoRA adapter
416	0.5456431535269709	0.6463794266730416	Wheat LoRA adapter
417	0.6078838174273858	0.7190207941975522	Wheat LoRA adapter
418	0.5549792531120332	0.6889060437018246	Wheat LoRA adapter
419	0.5518672199170125	0.6843106769895175	Wheat LoRA adapter
420	0.5570539419087137	0.7007855916988441	Wheat LoRA adapter
421	0.5612033195020747	0.6593693104867383	Wheat LoRA adapter
422	0.5912863070539419	0.7077383122013863	Wheat LoRA adapter
423	0.5570539419087137	0.6806086607202874	Wheat LoRA adapter
424	0.5404564315352697	0.6681072905822686	Wheat LoRA adapter
425	0.5643153526970954	0.6748665753826155	Wheat LoRA adapter
426	0.5425311203319502	0.6894525176170808	Wheat LoRA adapter
427	0.5466804979253111	0.6350243825458327	Wheat LoRA adapter
428	0.5414937759336099	0.6679587800227336	Wheat LoRA adapter
429	0.5809128630705395	0.7093869334677916	Wheat LoRA adapter
430	0.5902489626556017	0.7082668521332859	Wheat LoRA adapter
431	0.5560165975103735	0.6764773576203457	Wheat LoRA adapter
432	0.5508298755186722	0.6759072218599711	Wheat LoRA adapter
433	0.5217842323651453	0.661914055172923	Wheat LoRA adapter
434	0.5653526970954357	0.6712302973298312	Wheat LoRA adapter
435	0.5840248962655602	0.6932547793195635	Wheat LoRA adapter
436	0.5746887966804979	0.6954269115874125	Wheat LoRA adapter
437	0.5363070539419087	0.6485944642107324	Wheat LoRA adapter
438	0.5746887966804979	0.705927588317627	Wheat LoRA adapter
439	0.5840248962655602	0.6932451350843976	Wheat LoRA adapter
440	0.5663900414937759	0.6876912723038288	Wheat LoRA adapter
441	0.529045643153527	0.6664149949587366	Wheat LoRA adapter
442	0.5363070539419087	0.6672899258590296	Wheat LoRA adapter
443	0.58298755186722	0.7224075575969402	Wheat LoRA adapter
444	0.5446058091286307	0.6666087030114531	Wheat LoRA adapter
445	0.5425311203319502	0.6684911236267295	Wheat LoRA adapter
446	0.5280082987551867	0.6370633962436018	Wheat LoRA adapter
447	0.5840248962655602	0.7073082320652743	Wheat LoRA adapter
448	0.5643153526970954	0.6851684819506447	Wheat LoRA adapter
449	0.5684647302904564	0.6901010186634206	Wheat LoRA adapter
450	0.5446058091286307	0.6723020152164778	Wheat LoRA adapter
451	0.5622406639004149	0.6782396128385217	Wheat LoRA adapter
452	0.5518672199170125	0.6646386019734919	Wheat LoRA adapter
453	0.5767634854771784	0.6833362653073468	Wheat LoRA adapter
454	0.5560165975103735	0.6603325887474099	Wheat LoRA adapter
455	0.5923236514522822	0.7162666846910422	Wheat LoRA adapter
456	0.5570539419087137	0.6947431592273725	Wheat LoRA adapter
457	0.5612033195020747	0.6983666955655152	Wheat LoRA adapter
458	0.5736514522821576	0.6931149205012683	Wheat LoRA adapter
459	0.5674273858921162	0.6821262172722873	Wheat LoRA adapter
460	0.5612033195020747	0.6842162101092053	Wheat LoRA adapter
461	0.5684647302904564	0.6851309391807225	Wheat LoRA adapter
462	0.558091286307054	0.6751952648527548	Wheat LoRA adapter
463	0.5653526970954357	0.699652418276413	Wheat LoRA adapter
464	0.5570539419087137	0.6783267722767417	Wheat LoRA adapter
465	0.5560165975103735	0.6985573960666318	Wheat LoRA adapter
466	0.5809128630705395	0.7107132894033883	Wheat LoRA adapter
467	0.5321576763485477	0.6532789474218262	Wheat LoRA adapter
468	0.5923236514522822	0.7019071914859254	Wheat LoRA adapter
469	0.5653526970954357	0.6818810386543848	Wheat LoRA adapter
470	0.5767634854771784	0.6881156146559644	Wheat LoRA adapter
471	0.5726141078838174	0.6937983239041485	Wheat LoRA adapter
472	0.5778008298755186	0.7035101199622658	Wheat LoRA adapter
473	0.5653526970954357	0.6937661295039234	Wheat LoRA adapter
474	0.5923236514522822	0.6885141044859548	Wheat LoRA adapter
475	0.558091286307054	0.6860409539079391	Wheat LoRA adapter
476	0.5414937759336099	0.6600721046511323	Wheat LoRA adapter
477	0.5663900414937759	0.6961729900765954	Wheat LoRA adapter
478	0.5746887966804979	0.6821031845531362	Wheat LoRA adapter
479	0.5726141078838174	0.6803923280887056	Wheat LoRA adapter
480	0.5695020746887967	0.690049260534354	Wheat LoRA adapter
481	0.5726141078838174	0.6879445301458209	Wheat LoRA adapter
482	0.5643153526970954	0.6956679930636995	Wheat LoRA adapter
483	0.558091286307054	0.6714948575342004	Wheat LoRA adapter
484	0.5466804979253111	0.6821411664626789	Wheat LoRA adapter
485	0.5414937759336099	0.662220868011827	Wheat LoRA adapter
486	0.5622406639004149	0.6640395821027372	Wheat LoRA adapter
487	0.5809128630705395	0.6999513731357119	Wheat LoRA adapter
488	0.5871369294605809	0.7009240940550165	Wheat LoRA adapter
489	0.5674273858921162	0.6952116340577417	Wheat LoRA adapter
490	0.5612033195020747	0.6865164664831185	Wheat LoRA adapter
491	0.5591286307053942	0.6735605321042382	Wheat LoRA adapter
492	0.5570539419087137	0.6855386252961744	Wheat LoRA adapter
493	0.5736514522821576	0.6941090241025044	Wheat LoRA adapter
494	0.5819502074688797	0.687106035297305	Wheat LoRA adapter
495	0.5591286307053942	0.6757509667791657	Wheat LoRA adapter
496	0.6006224066390041	0.7088931833921568	Wheat LoRA adapter
497	0.5529045643153527	0.6636290243349239	Wheat LoRA adapter
498	0.5570539419087137	0.6687242146815746	Wheat LoRA adapter
499	0.5746887966804979	0.6864833428270076	Wheat LoRA adapter
500	0.5695020746887967	0.6888589689747531	Wheat LoRA adapter
501	0.5414937759336099	0.6662935981878256	Wheat LoRA adapter
502	0.5715767634854771	0.6999802134806985	Wheat LoRA adapter
503	0.5508298755186722	0.6680553771193303	Wheat LoRA adapter
504	0.5663900414937759	0.6879138801711477	Wheat LoRA adapter
505	0.5643153526970954	0.6717295727441192	Wheat LoRA adapter
506	0.5508298755186722	0.6738075005442039	Wheat LoRA adapter
507	0.5477178423236515	0.6490084430288832	Wheat LoRA adapter
508	0.5684647302904564	0.6919406593981621	Wheat LoRA adapter
509	0.5746887966804979	0.7101140579954205	Wheat LoRA adapter
510	0.5767634854771784	0.6960388102086046	Wheat LoRA adapter
511	0.5840248962655602	0.6997607761273662	Wheat LoRA adapter
512	0.5435684647302904	0.6667459493991535	Wheat LoRA adapter
513	0.5695020746887967	0.6773582323919471	Wheat LoRA adapter
514	0.5446058091286307	0.6781312437663107	Wheat LoRA adapter
515	0.5508298755186722	0.6790802498781109	Wheat LoRA adapter
516	0.5560165975103735	0.6756243530338445	Wheat LoRA adapter
517	0.5435684647302904	0.666178241236526	Wheat LoRA adapter
518	0.5726141078838174	0.6925714458761387	Wheat LoRA adapter
519	0.5746887966804979	0.7055225843543301	Wheat LoRA adapter
520	0.5643153526970954	0.6709015704590696	Wheat LoRA adapter
521	0.5767634854771784	0.7061516710413982	Wheat LoRA adapter
522	0.5746887966804979	0.7218166065694684	Wheat LoRA adapter
523	0.553941908713693	0.6661692894023777	Wheat LoRA adapter
524	0.553941908713693	0.688148157558484	Wheat LoRA adapter
525	0.5601659751037344	0.6994861252549678	Wheat LoRA adapter
526	0.5456431535269709	0.6788701649669608	Wheat LoRA adapter
527	0.5674273858921162	0.6724532280438891	Wheat LoRA adapter
528	0.5612033195020747	0.6587811471058791	Wheat LoRA adapter
529	0.5632780082987552	0.6651542299678128	Wheat LoRA adapter
530	0.5549792531120332	0.6665891018587661	Wheat LoRA adapter
531	0.5684647302904564	0.6695889377332607	Wheat LoRA adapter
532	0.5612033195020747	0.6768880321324008	Wheat LoRA adapter
533	0.5653526970954357	0.6860367049694012	Wheat LoRA adapter
534	0.5622406639004149	0.6635328524217929	Wheat LoRA adapter
535	0.549792531120332	0.6703891214055685	Wheat LoRA adapter
536	0.5176348547717843	0.651994419008959	Wheat LoRA adapter
537	0.5850622406639004	0.6942742802325462	Wheat LoRA adapter
538	0.5529045643153527	0.6590452776406197	Wheat LoRA adapter
539	0.5601659751037344	0.7049235228317103	Wheat LoRA adapter
540	0.5746887966804979	0.6661656296285181	Wheat LoRA adapter
541	0.5643153526970954	0.6778713610248226	Wheat LoRA adapter
542	0.5767634854771784	0.6940296335928138	Wheat LoRA adapter
543	0.5612033195020747	0.6894099727891458	Wheat LoRA adapter
544	0.5549792531120332	0.6879025988875371	Wheat LoRA adapter
545	0.5705394190871369	0.6828217914470427	Wheat LoRA adapter
546	0.5477178423236515	0.6590115014304501	Wheat LoRA adapter
547	0.5840248962655602	0.7113669547896793	Wheat LoRA adapter
548	0.5549792531120332	0.6705477995714938	Wheat LoRA adapter
549	0.5860995850622407	0.703707560821225	Wheat LoRA adapter
550	0.5871369294605809	0.6918339079902616	Wheat LoRA adapter
551	0.5352697095435685	0.65936194749652	Wheat LoRA adapter
552	0.5902489626556017	0.7128219649840988	Wheat LoRA adapter
553	0.5726141078838174	0.6908276978076786	Wheat LoRA adapter
554	0.5560165975103735	0.6910016588818119	Wheat LoRA adapter
555	0.5778008298755186	0.6921280613713354	Wheat LoRA adapter
556	0.5404564315352697	0.6629163737228221	Wheat LoRA adapter
557	0.5736514522821576	0.6939648376040799	Wheat LoRA adapter
558	0.5632780082987552	0.6789660799862259	Wheat LoRA adapter
559	0.5622406639004149	0.6849048790058968	Wheat LoRA adapter
560	0.6037344398340249	0.7312050664211304	Wheat LoRA adapter
561	0.5560165975103735	0.6687271628517472	Wheat LoRA adapter
562	0.5933609958506224	0.7188651327631731	Wheat LoRA adapter
563	0.549792531120332	0.6693152789476583	Wheat LoRA adapter
564	0.558091286307054	0.6627733507762122	Wheat LoRA adapter
565	0.5798755186721992	0.698130591096273	Wheat LoRA adapter
566	0.5663900414937759	0.6765875734156316	Wheat LoRA adapter
567	0.5549792531120332	0.6847025475507229	Wheat LoRA adapter
568	0.5591286307053942	0.6746652402361691	Wheat LoRA adapter
569	0.5560165975103735	0.6631112807788204	Wheat LoRA adapter
570	0.5840248962655602	0.7151753929394882	Wheat LoRA adapter
571	0.5643153526970954	0.6758392783331485	Wheat LoRA adapter
572	0.5850622406639004	0.7157341532032151	Wheat LoRA adapter
573	0.5435684647302904	0.6636442226441868	Wheat LoRA adapter
574	0.558091286307054	0.6882358357936151	Wheat LoRA adapter
575	0.5632780082987552	0.6924404282871702	Wheat LoRA adapter
576	0.5414937759336099	0.6559797613780911	Wheat LoRA adapter
577	0.5549792531120332	0.7026381499642997	Wheat LoRA adapter
578	0.5663900414937759	0.6870899726209043	Wheat LoRA adapter
579	0.5684647302904564	0.680570174344028	Wheat LoRA adapter
580	0.5975103734439834	0.7106565786026662	Wheat LoRA adapter
581	0.5446058091286307	0.641072608070872	Wheat LoRA adapter
582	0.5746887966804979	0.6880725922930488	Wheat LoRA adapter
583	0.5736514522821576	0.6967057119193342	Wheat LoRA adapter
584	0.5881742738589212	0.7164647324853337	Wheat LoRA adapter
585	0.5404564315352697	0.676351998874267	Wheat LoRA adapter
586	0.5632780082987552	0.6776340829624097	Wheat LoRA adapter
587	0.5311203319502075	0.6642785862351901	Wheat LoRA adapter
588	0.5715767634854771	0.6918679872845156	Wheat LoRA adapter
589	0.5425311203319502	0.663522474532723	Wheat LoRA adapter
590	0.5612033195020747	0.6897882516740219	Wheat LoRA adapter
591	0.5518672199170125	0.6861544628571778	Wheat LoRA adapter
592	0.5363070539419087	0.6556120908340732	Wheat LoRA adapter
593	0.5653526970954357	0.6938669133452787	Wheat LoRA adapter
594	0.5570539419087137	0.6967597699231157	Wheat LoRA adapter
595	0.558091286307054	0.6881046161377671	Wheat LoRA adapter
596	0.5746887966804979	0.6762539411136452	Wheat LoRA adapter
597	0.5518672199170125	0.6718896970441144	Wheat LoRA adapter
598	0.549792531120332	0.6661576940303917	Wheat LoRA adapter
599	0.5601659751037344	0.6875033143273208	Wheat LoRA adapter
600	0.5663900414937759	0.678523655547708	Wheat LoRA adapter
601	0.529045643153527	0.6551455868486618	Wheat LoRA adapter
602	0.5923236514522822	0.6955110445117078	Wheat LoRA adapter
603	0.5549792531120332	0.686020506870473	Wheat LoRA adapter
604	0.5746887966804979	0.6989954557629638	Wheat LoRA adapter
605	0.5529045643153527	0.6777287013565967	Wheat LoRA adapter
606	0.5612033195020747	0.6768159383375134	Wheat LoRA adapter
607	0.5311203319502075	0.655019311416162	Wheat LoRA adapter
608	0.5487551867219918	0.6676282118585513	Wheat LoRA adapter
609	0.5549792531120332	0.6509158990639007	Wheat LoRA adapter
610	0.5778008298755186	0.6888328662046126	Wheat LoRA adapter
611	0.5757261410788381	0.6847607210572104	Wheat LoRA adapter
612	0.5809128630705395	0.7078849594256571	Wheat LoRA adapter
613	0.5373443983402489	0.6580503404657123	Wheat LoRA adapter
614	0.553941908713693	0.6767105908755697	Wheat LoRA adapter
615	0.5663900414937759	0.6843094732372617	Wheat LoRA adapter
616	0.5601659751037344	0.6800390946999066	Wheat LoRA adapter
617	0.5663900414937759	0.7009143405113456	Wheat LoRA adapter
618	0.5529045643153527	0.6797584302261204	Wheat LoRA adapter
619	0.5643153526970954	0.7028529802711637	Wheat LoRA adapter
620	0.5964730290456431	0.7197479305696193	Wheat LoRA adapter
621	0.549792531120332	0.6583701218040743	Wheat LoRA adapter
622	0.5726141078838174	0.6978684451757924	Wheat LoRA adapter
623	0.578838174273859	0.6967386972950248	Wheat LoRA adapter
624	0.5912863070539419	0.6966248540613853	Wheat LoRA adapter
625	0.5715767634854771	0.6859655198313552	Wheat LoRA adapter
626	0.553941908713693	0.6554888933936873	Wheat LoRA adapter
627	0.5622406639004149	0.6924618368998088	Wheat LoRA adapter
628	0.5726141078838174	0.681353177186613	Wheat LoRA adapter
629	0.5601659751037344	0.6759905851329375	Wheat LoRA adapter
630	0.549792531120332	0.6625460368784428	Wheat LoRA adapter
631	0.5767634854771784	0.6882457185353992	Wheat LoRA adapter
632	0.5715767634854771	0.7012563501958881	Wheat LoRA adapter
633	0.5653526970954357	0.6971019417368631	Wheat LoRA adapter
634	0.5653526970954357	0.6904774639842308	Wheat LoRA adapter
635	0.5726141078838174	0.693468697815143	Wheat LoRA adapter
636	0.5269709543568465	0.6512909232068957	Wheat LoRA adapter
637	0.5736514522821576	0.7081717528864612	Wheat LoRA adapter
638	0.558091286307054	0.6739308262184172	Wheat LoRA adapter
639	0.533195020746888	0.651799018169702	Wheat LoRA adapter
640	0.5767634854771784	0.6941311038732623	Wheat LoRA adapter
641	0.5736514522821576	0.691474519125046	Wheat LoRA adapter
642	0.5860995850622407	0.7058301281129014	Wheat LoRA adapter
643	0.5695020746887967	0.6984288138522214	Wheat LoRA adapter
644	0.558091286307054	0.6964973701413044	Wheat LoRA adapter
645	0.5850622406639004	0.6828036681515843	Wheat LoRA adapter
646	0.5612033195020747	0.6604190225361322	Wheat LoRA adapter
647	0.5487551867219918	0.6683753407181217	Wheat LoRA adapter
648	0.5798755186721992	0.6991219788754777	Wheat LoRA adapter
649	0.5684647302904564	0.6980379852767089	Wheat LoRA adapter
650	0.5446058091286307	0.6785539378649041	Wheat LoRA adapter
651	0.5238589211618258	0.6655984494105753	Wheat LoRA adapter
652	0.5674273858921162	0.6850557787740614	Wheat LoRA adapter
653	0.5197095435684648	0.6618980559516447	Wheat LoRA adapter
654	0.5549792531120332	0.6814961603768203	Wheat LoRA adapter
655	0.5280082987551867	0.6486586547060957	Wheat LoRA adapter
656	0.5414937759336099	0.6452371358205256	Wheat LoRA adapter
657	0.5446058091286307	0.6698565434214625	Wheat LoRA adapter
658	0.5809128630705395	0.6985776996332169	Wheat LoRA adapter
659	0.5549792531120332	0.6832201158490985	Wheat LoRA adapter
660	0.5487551867219918	0.6580419135093573	Wheat LoRA adapter
661	0.5435684647302904	0.6569193956096946	Wheat LoRA adapter
662	0.5383817427385892	0.6767227128761722	Wheat LoRA adapter
663	0.5549792531120332	0.6934662720054511	Wheat LoRA adapter
664	0.5342323651452282	0.6622367089413579	Wheat LoRA adapter
665	0.5549792531120332	0.6841268200976514	Wheat LoRA adapter
666	0.5529045643153527	0.6842970632178408	Wheat LoRA adapter
667	0.5342323651452282	0.6685068307503914	Wheat LoRA adapter
668	0.5705394190871369	0.6769631986019671	Wheat LoRA adapter
669	0.5705394190871369	0.6759440162529615	Wheat LoRA adapter
670	0.5871369294605809	0.6939343348411969	Wheat LoRA adapter
671	0.5840248962655602	0.7092546376044397	Wheat LoRA adapter
672	0.5383817427385892	0.6534548308292327	Wheat LoRA adapter
673	0.6141078838174274	0.7321416538773489	Wheat LoRA adapter
674	0.5425311203319502	0.659253332055576	Wheat LoRA adapter
675	0.5746887966804979	0.69091294241114	Wheat LoRA adapter
676	0.5757261410788381	0.6986798181211329	Wheat LoRA adapter
677	0.5632780082987552	0.6719473175715253	Wheat LoRA adapter
678	0.5612033195020747	0.6766068916755886	Wheat LoRA adapter
679	0.5560165975103735	0.6659871346193632	Wheat LoRA adapter
680	0.5684647302904564	0.6914471581835084	Wheat LoRA adapter
681	0.5601659751037344	0.6739444172154574	Wheat LoRA adapter
682	0.5425311203319502	0.6545182538547258	Wheat LoRA adapter
683	0.5570539419087137	0.6773526774999759	Wheat LoRA adapter
684	0.5757261410788381	0.6834138462323402	Wheat LoRA adapter
685	0.5767634854771784	0.6873506350081918	Wheat LoRA adapter
686	0.5466804979253111	0.6764980593084813	Wheat LoRA adapter
687	0.5622406639004149	0.6726287170363678	Wheat LoRA adapter
688	0.578838174273859	0.7001204039921447	Wheat LoRA adapter
689	0.5508298755186722	0.6682795295904279	Wheat LoRA adapter
690	0.558091286307054	0.6688048533279055	Wheat LoRA adapter
691	0.5622406639004149	0.7025157999445967	Wheat LoRA adapter
692	0.5632780082987552	0.6863843224176697	Wheat LoRA adapter
693	0.5757261410788381	0.6895559094123634	Wheat LoRA adapter
694	0.553941908713693	0.6705899199386213	Wheat LoRA adapter
695	0.5446058091286307	0.671450029679323	Wheat LoRA adapter
696	0.5560165975103735	0.6730071406939423	Wheat LoRA adapter
697	0.5715767634854771	0.6957693259593061	Wheat LoRA adapter
698	0.5612033195020747	0.7041399496658108	Wheat LoRA adapter
699	0.5757261410788381	0.6961672060237305	Wheat LoRA adapter
700	0.5622406639004149	0.696827511400277	Wheat LoRA adapter
701	0.5643153526970954	0.6759854380376626	Wheat LoRA adapter
702	0.558091286307054	0.6635509585165296	Wheat LoRA adapter
703	0.5653526970954357	0.6917139389759894	Wheat LoRA adapter
704	0.553941908713693	0.6840964598741461	Wheat LoRA adapter
705	0.5726141078838174	0.6753586808455037	Wheat LoRA adapter
706	0.5549792531120332	0.658003477319981	Wheat LoRA adapter
707	0.5529045643153527	0.6843525674014832	Wheat LoRA adapter
708	0.5798755186721992	0.690147042079442	Wheat LoRA adapter
709	0.5840248962655602	0.7150710249439879	Wheat LoRA adapter
710	0.5404564315352697	0.6682766083970453	Wheat LoRA adapter
711	0.558091286307054	0.6755595133529225	Wheat LoRA adapter
712	0.5840248962655602	0.718323074843869	Wheat LoRA adapter
713	0.5560165975103735	0.656833710467198	Wheat LoRA adapter
714	0.5767634854771784	0.698929860232644	Wheat LoRA adapter
715	0.5809128630705395	0.7039752705389193	Wheat LoRA adapter
716	0.578838174273859	0.689436931408489	Wheat LoRA adapter
717	0.5757261410788381	0.7144592513746755	Wheat LoRA adapter
718	0.5435684647302904	0.6733924546055842	Wheat LoRA adapter
719	0.5663900414937759	0.6632077688847386	Wheat LoRA adapter
720	0.5591286307053942	0.6739197078950764	Wheat LoRA adapter
721	0.5404564315352697	0.6714033466575895	Wheat LoRA adapter
722	0.5404564315352697	0.6537393436816576	Wheat LoRA adapter
723	0.5570539419087137	0.6903758643914417	Wheat LoRA adapter
724	0.5912863070539419	0.707612055678175	Wheat LoRA adapter
725	0.5632780082987552	0.699446857669877	Wheat LoRA adapter
726	0.5705394190871369	0.6869057333995152	Wheat LoRA adapter
727	0.533195020746888	0.6787917074014236	Wheat LoRA adapter
728	0.5881742738589212	0.699007326422939	Wheat LoRA adapter
729	0.5705394190871369	0.6795905255609774	Wheat LoRA adapter
730	0.5767634854771784	0.6782067771826135	Wheat LoRA adapter
731	0.5570539419087137	0.7083906499377169	Wheat LoRA adapter
732	0.578838174273859	0.6994470512209012	Wheat LoRA adapter
733	0.5529045643153527	0.6867853230419518	Wheat LoRA adapter
734	0.5466804979253111	0.6697142896016521	Wheat LoRA adapter
735	0.553941908713693	0.6879381424361155	Wheat LoRA adapter
736	0.5549792531120332	0.6911902711112797	Wheat LoRA adapter
737	0.5684647302904564	0.6935715116050833	Wheat LoRA adapter
738	0.5612033195020747	0.6845729914338083	Wheat LoRA adapter
739	0.5518672199170125	0.6670024667061715	Wheat LoRA adapter
740	0.578838174273859	0.7044087430288247	Wheat LoRA adapter
741	0.5684647302904564	0.6911830098132226	Wheat LoRA adapter
742	0.5259336099585062	0.6392902741421523	Wheat LoRA adapter
743	0.5622406639004149	0.6853702999575052	Wheat LoRA adapter
744	0.5601659751037344	0.6751489281059071	Wheat LoRA adapter
745	0.5653526970954357	0.6808875057419428	Wheat LoRA adapter
746	0.5508298755186722	0.6565645842808137	Wheat LoRA adapter
747	0.5715767634854771	0.6960801491703725	Wheat LoRA adapter
748	0.5549792531120332	0.6897015546564806	Wheat LoRA adapter
749	0.5746887966804979	0.6982645265864604	Wheat LoRA adapter
750	0.5881742738589212	0.6953919731699874	Wheat LoRA adapter
751	0.553941908713693	0.6733876882544241	Wheat LoRA adapter
752	0.5549792531120332	0.6879418348197055	Wheat LoRA adapter
753	0.5798755186721992	0.7078666547112487	Wheat LoRA adapter
754	0.58298755186722	0.7099706128825043	Wheat LoRA adapter
755	0.5674273858921162	0.6903056667488632	Wheat LoRA adapter
756	0.5300829875518672	0.6449055223977751	Wheat LoRA adapter
757	0.5612033195020747	0.6914716149936776	Wheat LoRA adapter
758	0.5695020746887967	0.6915886941141183	Wheat LoRA adapter
759	0.5850622406639004	0.7009071425802097	Wheat LoRA adapter
760	0.5736514522821576	0.6960334894769383	Wheat LoRA adapter
761	0.578838174273859	0.7051967605395617	Wheat LoRA adapter
762	0.5570539419087137	0.6827565946175297	Wheat LoRA adapter
763	0.5477178423236515	0.6749067600544636	Wheat LoRA adapter
764	0.5529045643153527	0.6877107630218147	Wheat LoRA adapter
765	0.5456431535269709	0.6777182960552394	Wheat LoRA adapter
766	0.5570539419087137	0.6755238141170408	Wheat LoRA adapter
767	0.5622406639004149	0.7042006591987587	Wheat LoRA adapter
768	0.5394190871369294	0.6682446770174111	Wheat LoRA adapter
769	0.5726141078838174	0.698816183984789	Wheat LoRA adapter
770	0.5155601659751037	0.635658301990662	Wheat LoRA adapter
771	0.553941908713693	0.6654924209354397	Wheat LoRA adapter
772	0.5352697095435685	0.6690664656304147	Wheat LoRA adapter
773	0.5705394190871369	0.6777833059032332	Wheat LoRA adapter
774	0.5549792531120332	0.6756544715082691	Wheat LoRA adapter
775	0.5446058091286307	0.6534198881581734	Wheat LoRA adapter
776	0.5560165975103735	0.6764757250814137	Wheat LoRA adapter
777	0.5601659751037344	0.6708724600203196	Wheat LoRA adapter
778	0.5487551867219918	0.6488627526526421	Wheat LoRA adapter
779	0.5663900414937759	0.6927119258411445	Wheat LoRA adapter
780	0.5404564315352697	0.6709831968179703	Wheat LoRA adapter
781	0.5622406639004149	0.6912531274047242	Wheat LoRA adapter
782	0.5529045643153527	0.6776141509693854	Wheat LoRA adapter
783	0.5570539419087137	0.6887615123872958	Wheat LoRA adapter
784	0.549792531120332	0.6574119042299793	Wheat LoRA adapter
785	0.5425311203319502	0.6656244901264412	Wheat LoRA adapter
786	0.5529045643153527	0.6710319101134523	Wheat LoRA adapter
787	0.5612033195020747	0.6655217614564726	Wheat LoRA adapter
788	0.5923236514522822	0.7067405959590602	Wheat LoRA adapter
789	0.558091286307054	0.6791114912837537	Wheat LoRA adapter
790	0.5643153526970954	0.6850734867728118	Wheat LoRA adapter
791	0.5560165975103735	0.6808584755748215	Wheat LoRA adapter
792	0.5529045643153527	0.6693850443642269	Wheat LoRA adapter
793	0.5653526970954357	0.6862240567752085	Wheat LoRA adapter
794	0.5663900414937759	0.6884935654524122	Wheat LoRA adapter
795	0.5715767634854771	0.671653206206783	Wheat LoRA adapter
796	0.5612033195020747	0.6858572789528503	Wheat LoRA adapter
797	0.578838174273859	0.7134451710880184	Wheat LoRA adapter
798	0.5560165975103735	0.6652983498309918	Wheat LoRA adapter
799	0.5695020746887967	0.6900257037372499	Wheat LoRA adapter
800	0.5695020746887967	0.6944938994708092	Wheat LoRA adapter
801	0.5809128630705395	0.6936833138952812	Wheat LoRA adapter
802	0.5674273858921162	0.6723482775195717	Wheat LoRA adapter
803	0.5643153526970954	0.6735466784645787	Wheat LoRA adapter
804	0.5622406639004149	0.6616877572083839	Wheat LoRA adapter
805	0.5767634854771784	0.6938392728642326	Wheat LoRA adapter
806	0.6099585062240664	0.7359689781552071	Wheat LoRA adapter
807	0.5757261410788381	0.7026434173929831	Wheat LoRA adapter
808	0.5591286307053942	0.6876489443424667	Wheat LoRA adapter
809	0.558091286307054	0.6872549101354917	Wheat LoRA adapter
810	0.5778008298755186	0.7003155317601255	Wheat LoRA adapter
811	0.5933609958506224	0.7187307812282094	Wheat LoRA adapter
812	0.5912863070539419	0.7070425718341578	Wheat LoRA adapter
813	0.5736514522821576	0.6841837983351677	Wheat LoRA adapter
814	0.549792531120332	0.6672837955548409	Wheat LoRA adapter
815	0.5269709543568465	0.6548828125821368	Wheat LoRA adapter
816	0.5529045643153527	0.6874988551996069	Wheat LoRA adapter
817	0.5570539419087137	0.682805038614666	Wheat LoRA adapter
818	0.5622406639004149	0.6805219803876432	Wheat LoRA adapter
819	0.5684647302904564	0.6741256233474402	Wheat LoRA adapter
820	0.553941908713693	0.6886920807366019	Wheat LoRA adapter
821	0.5311203319502075	0.6665370568331276	Wheat LoRA adapter
822	0.5529045643153527	0.6946730036163176	Wheat LoRA adapter
823	0.5560165975103735	0.6788738818338902	Wheat LoRA adapter
824	0.5643153526970954	0.6666399249206661	Wheat LoRA adapter
825	0.5850622406639004	0.6883626483980972	Wheat LoRA adapter
826	0.553941908713693	0.6685697537428359	Wheat LoRA adapter
827	0.5518672199170125	0.6821843256840865	Wheat LoRA adapter
828	0.5746887966804979	0.7128221142077236	Wheat LoRA adapter
829	0.5435684647302904	0.6374028597846946	Wheat LoRA adapter
830	0.5560165975103735	0.662504902687568	Wheat LoRA adapter
831	0.5601659751037344	0.6703343672113735	Wheat LoRA adapter
832	0.5767634854771784	0.6922459512762886	Wheat LoRA adapter
833	0.5508298755186722	0.6795171122866492	Wheat LoRA adapter
834	0.5487551867219918	0.6882481459726919	Wheat LoRA adapter
835	0.5684647302904564	0.6901195578593237	Wheat LoRA adapter
836	0.5902489626556017	0.7192029041008953	Wheat LoRA adapter
837	0.5757261410788381	0.691356450012373	Wheat LoRA adapter
838	0.5612033195020747	0.7035278061312231	Wheat LoRA adapter
839	0.5860995850622407	0.6993938170461831	Wheat LoRA adapter
840	0.5943983402489627	0.6799859008294683	Wheat LoRA adapter
841	0.5705394190871369	0.7035049379288091	Wheat LoRA adapter
842	0.5622406639004149	0.6888715702708053	Wheat LoRA adapter
843	0.5653526970954357	0.6983692836543434	Wheat LoRA adapter
844	0.5612033195020747	0.6784028427102008	Wheat LoRA adapter
845	0.5508298755186722	0.6855607429059667	Wheat LoRA adapter
846	0.5435684647302904	0.6619599620349335	Wheat LoRA adapter
847	0.5321576763485477	0.6557938759182818	Wheat LoRA adapter
848	0.5508298755186722	0.6675992665566308	Wheat LoRA adapter
849	0.5446058091286307	0.678981772372029	Wheat LoRA adapter
850	0.553941908713693	0.6773769489219876	Wheat LoRA adapter
851	0.5798755186721992	0.7091077387523865	Wheat LoRA adapter
852	0.5809128630705395	0.6878517592173452	Wheat LoRA adapter
853	0.5809128630705395	0.694203090000852	Wheat LoRA adapter
854	0.549792531120332	0.6578449380713858	Wheat LoRA adapter
855	0.5612033195020747	0.6845860473413635	Wheat LoRA adapter
856	0.558091286307054	0.6809588052752027	Wheat LoRA adapter
857	0.5726141078838174	0.6939710928710298	Wheat LoRA adapter
858	0.5477178423236515	0.6752665177762984	Wheat LoRA adapter
859	0.5705394190871369	0.683097082261015	Wheat LoRA adapter
860	0.5840248962655602	0.6997828524802103	Wheat LoRA adapter
861	0.5456431535269709	0.6646420331756203	Wheat LoRA adapter
862	0.5933609958506224	0.6855232521913073	Wheat LoRA adapter
863	0.5383817427385892	0.6770957569632998	Wheat LoRA adapter
864	0.5612033195020747	0.6505702989386053	Wheat LoRA adapter
865	0.5632780082987552	0.6936851696604318	Wheat LoRA adapter
866	0.5518672199170125	0.6755257299116184	Wheat LoRA adapter
867	0.5404564315352697	0.664006794520811	Wheat LoRA adapter
868	0.5466804979253111	0.6852304326159632	Wheat LoRA adapter
869	0.5518672199170125	0.6820861190585127	Wheat LoRA adapter
870	0.5363070539419087	0.6560238410590962	Wheat LoRA adapter
871	0.5674273858921162	0.6850703883801582	Wheat LoRA adapter
872	0.5560165975103735	0.6733659786295296	Wheat LoRA adapter
873	0.5819502074688797	0.7159452460923248	Wheat LoRA adapter
874	0.5653526970954357	0.6783996515657238	Wheat LoRA adapter
875	0.5663900414937759	0.6900569930983254	Wheat LoRA adapter
876	0.5591286307053942	0.7049057031898239	Wheat LoRA adapter
877	0.5860995850622407	0.6953197161722132	Wheat LoRA adapter
878	0.5487551867219918	0.6719120854961205	Wheat LoRA adapter
879	0.5798755186721992	0.6845792902132429	Wheat LoRA adapter
880	0.5695020746887967	0.6792431059131498	Wheat LoRA adapter
881	0.5591286307053942	0.6702301029526536	Wheat LoRA adapter
882	0.5632780082987552	0.6869970175968073	Wheat LoRA adapter
883	0.5414937759336099	0.6784544859911358	Wheat LoRA adapter
884	0.5684647302904564	0.6917526632209892	Wheat LoRA adapter
885	0.5684647302904564	0.7043074943788006	Wheat LoRA adapter
886	0.5549792531120332	0.6695413860563566	Wheat LoRA adapter
887	0.5363070539419087	0.6527085492366913	Wheat LoRA adapter
888	0.5435684647302904	0.6572089088715778	Wheat LoRA adapter
889	0.5663900414937759	0.685028371399221	Wheat LoRA adapter
890	0.5643153526970954	0.6640792325567256	Wheat LoRA adapter
891	0.5643153526970954	0.6918021752378472	Wheat LoRA adapter
892	0.5850622406639004	0.6997778300136014	Wheat LoRA adapter
893	0.553941908713693	0.6587591830410251	Wheat LoRA adapter
894	0.5612033195020747	0.6952236547089246	Wheat LoRA adapter
895	0.5684647302904564	0.6993473885424806	Wheat LoRA adapter
896	0.5778008298755186	0.6971566278781571	Wheat LoRA adapter
897	0.5674273858921162	0.6688723533934539	Wheat LoRA adapter
898	0.5653526970954357	0.6877689070737623	Wheat LoRA adapter
899	0.5809128630705395	0.7055617578862395	Wheat LoRA adapter
900	0.5819502074688797	0.7169784625847575	Wheat LoRA adapter
901	0.549792531120332	0.6621716591267549	Wheat LoRA adapter
902	0.5591286307053942	0.674219079735771	Wheat LoRA adapter
903	0.5995850622406639	0.7109332282167029	Wheat LoRA adapter
904	0.5643153526970954	0.6864873104317876	Wheat LoRA adapter
905	0.5601659751037344	0.6708004366597418	Wheat LoRA adapter
906	0.5798755186721992	0.6958031876367601	Wheat LoRA adapter
907	0.549792531120332	0.6853346711914963	Wheat LoRA adapter
908	0.5643153526970954	0.6728787281966824	Wheat LoRA adapter
909	0.5518672199170125	0.671127150616045	Wheat LoRA adapter
910	0.5695020746887967	0.7023656537260249	Wheat LoRA adapter
911	0.5653526970954357	0.702811473808463	Wheat LoRA adapter
912	0.5736514522821576	0.6843166134050165	Wheat LoRA adapter
913	0.5601659751037344	0.66174199641767	Wheat LoRA adapter
914	0.5394190871369294	0.6697878916460808	Wheat LoRA adapter
915	0.5933609958506224	0.7141707075560793	Wheat LoRA adapter
916	0.5591286307053942	0.6718850309663339	Wheat LoRA adapter
917	0.5632780082987552	0.6909702555573958	Wheat LoRA adapter
918	0.553941908713693	0.6737933393954612	Wheat LoRA adapter
919	0.5435684647302904	0.6768713517079199	Wheat LoRA adapter
920	0.5943983402489627	0.7036651897031398	Wheat LoRA adapter
921	0.5819502074688797	0.7122386119840927	Wheat LoRA adapter
922	0.5529045643153527	0.6841813989319394	Wheat LoRA adapter
923	0.5508298755186722	0.6897367465545444	Wheat LoRA adapter
924	0.5923236514522822	0.7037083739460994	Wheat LoRA adapter
925	0.5591286307053942	0.6759772465052004	Wheat LoRA adapter
926	0.5518672199170125	0.643479079744836	Wheat LoRA adapter
927	0.5591286307053942	0.6931284131871722	Wheat LoRA adapter
928	0.5632780082987552	0.6956801065529059	Wheat LoRA adapter
929	0.5798755186721992	0.7090711236489043	Wheat LoRA adapter
930	0.5373443983402489	0.6704983260439351	Wheat LoRA adapter
931	0.5653526970954357	0.6836022696167585	Wheat LoRA adapter
932	0.5663900414937759	0.6838006587045581	Wheat LoRA adapter
933	0.5695020746887967	0.6911471189492555	Wheat LoRA adapter
934	0.578838174273859	0.7037885587667683	Wheat LoRA adapter
935	0.5300829875518672	0.6603600510960885	Wheat LoRA adapter
936	0.5404564315352697	0.6604473299604725	Wheat LoRA adapter
937	0.5466804979253111	0.6977102806848944	Wheat LoRA adapter
938	0.5809128630705395	0.6969520746634802	Wheat LoRA adapter
939	0.5684647302904564	0.7047874235801375	Wheat LoRA adapter
940	0.5684647302904564	0.7010052563165968	Wheat LoRA adapter
941	0.5373443983402489	0.6599145759877227	Wheat LoRA adapter
942	0.5269709543568465	0.6509152415001727	Wheat LoRA adapter
943	0.5715767634854771	0.6810184503046683	Wheat LoRA adapter
944	0.5726141078838174	0.7014675609482754	Wheat LoRA adapter
945	0.5674273858921162	0.6819026462435323	Wheat LoRA adapter
946	0.5674273858921162	0.676696650043818	Wheat LoRA adapter
947	0.5446058091286307	0.6804366807658204	Wheat LoRA adapter
948	0.5653526970954357	0.6745459860055858	Wheat LoRA adapter
949	0.5383817427385892	0.6348326445289945	Wheat LoRA adapter
950	0.5632780082987552	0.6939510823940684	Wheat LoRA adapter
951	0.5757261410788381	0.6875377857614818	Wheat LoRA adapter
952	0.5373443983402489	0.6538329762290737	Wheat LoRA adapter
953	0.5736514522821576	0.6854269606962291	Wheat LoRA adapter
954	0.5881742738589212	0.7061688522870953	Wheat LoRA adapter
955	0.5560165975103735	0.6633178870901072	Wheat LoRA adapter
956	0.5570539419087137	0.6790985990689653	Wheat LoRA adapter
957	0.5601659751037344	0.6854378282488718	Wheat LoRA adapter
958	0.5736514522821576	0.6882039177630567	Wheat LoRA adapter
959	0.5643153526970954	0.6970903858089632	Wheat LoRA adapter
960	0.5726141078838174	0.6926350424550873	Wheat LoRA adapter
961	0.5653526970954357	0.674422035451338	Wheat LoRA adapter
962	0.5383817427385892	0.6577607662925267	Wheat LoRA adapter
963	0.5705394190871369	0.7091415763215267	Wheat LoRA adapter
964	0.5373443983402489	0.6720960453040385	Wheat LoRA adapter
965	0.5726141078838174	0.6916332131902039	Wheat LoRA adapter
966	0.5508298755186722	0.6914041185248818	Wheat LoRA adapter
967	0.5892116182572614	0.7221683208267524	Wheat LoRA adapter
968	0.5674273858921162	0.7031083755110279	Wheat LoRA adapter
969	0.5446058091286307	0.663251417481671	Wheat LoRA adapter
970	0.5643153526970954	0.6882364310548172	Wheat LoRA adapter
971	0.558091286307054	0.691798026309863	Wheat LoRA adapter
972	0.5321576763485477	0.6687399581613234	Wheat LoRA adapter
973	0.5653526970954357	0.6930760738832205	Wheat LoRA adapter
974	0.5529045643153527	0.6779704176150958	Wheat LoRA adapter
975	0.5591286307053942	0.6641696140705959	Wheat LoRA adapter
976	0.5663900414937759	0.683468598275127	Wheat LoRA adapter
977	0.5726141078838174	0.6930026347757359	Wheat LoRA adapter
978	0.553941908713693	0.6710076256348091	Wheat LoRA adapter
979	0.5321576763485477	0.6564045504772114	Wheat LoRA adapter
980	0.5466804979253111	0.6948015510521053	Wheat LoRA adapter
981	0.5601659751037344	0.6942778354820702	Wheat LoRA adapter
982	0.5746887966804979	0.6981460146060421	Wheat LoRA adapter
983	0.5809128630705395	0.6966064057039887	Wheat LoRA adapter
984	0.5217842323651453	0.646681823754161	Wheat LoRA adapter
985	0.5809128630705395	0.6867838818891748	Wheat LoRA adapter
986	0.5705394190871369	0.675025139307967	Wheat LoRA adapter
987	0.5746887966804979	0.672121694552642	Wheat LoRA adapter
988	0.5643153526970954	0.6924531337086589	Wheat LoRA adapter
989	0.5695020746887967	0.689769170999144	Wheat LoRA adapter
990	0.5446058091286307	0.660851597488235	Wheat LoRA adapter
991	0.5715767634854771	0.6916154143573163	Wheat LoRA adapter
992	0.5518672199170125	0.6639115753302562	Wheat LoRA adapter
993	0.5674273858921162	0.6858060011088075	Wheat LoRA adapter
994	0.5674273858921162	0.6830065474205673	Wheat LoRA adapter
995	0.549792531120332	0.6775642458214001	Wheat LoRA adapter
996	0.5653526970954357	0.6892601142630546	Wheat LoRA adapter
997	0.5373443983402489	0.6476953471099678	Wheat LoRA adapter
998	0.5311203319502075	0.647711860819767	Wheat LoRA adapter
999	0.5663900414937759	0.680305767910286	Wheat LoRA adapter
1000	0.5684647302904564	0.6860057596724938	Wheat LoRA adapter
1001	0.5695020746887967	0.679763184791915	Wheat LoRA adapter
1002	0.5975103734439834	0.7223694734287709	Wheat LoRA adapter
1003	0.5778008298755186	0.6974212012742588	Wheat LoRA adapter
1004	0.5663900414937759	0.6936715405483227	Wheat LoRA adapter
1005	0.5529045643153527	0.6724302926084716	Wheat LoRA adapter
1006	0.5715767634854771	0.7022331348324542	Wheat LoRA adapter
1007	0.5809128630705395	0.7108422090449966	Wheat LoRA adapter
1008	0.5560165975103735	0.6775913985165578	Wheat LoRA adapter
1009	0.5912863070539419	0.7190613867713671	Wheat LoRA adapter
1010	0.5632780082987552	0.678491425037751	Wheat LoRA adapter
1011	0.5798755186721992	0.7012370254202767	Wheat LoRA adapter
1012	0.5715767634854771	0.6867049243093882	Wheat LoRA adapter
1013	0.5643153526970954	0.6785626875698034	Wheat LoRA adapter
1014	0.5549792531120332	0.6876295512245687	Wheat LoRA adapter
1015	0.520746887966805	0.647281519204817	Wheat LoRA adapter
1016	0.5695020746887967	0.6915975813902036	Wheat LoRA adapter
1017	0.5549792531120332	0.6902654512749608	Wheat LoRA adapter
1018	0.5477178423236515	0.6737773124830309	Wheat LoRA adapter
1019	0.5695020746887967	0.6796084748273494	Wheat LoRA adapter
1020	0.6130705394190872	0.715858540239839	Wheat LoRA adapter
1021	0.5570539419087137	0.6703606920868165	Wheat LoRA adapter
1022	0.5757261410788381	0.6806617857429509	Wheat LoRA adapter
1023	0.5363070539419087	0.643711334043922	Wheat LoRA adapter
1024	0.5508298755186722	0.6880899725661809	Wheat LoRA adapter
1025	0.5933609958506224	0.7223649983011092	Wheat LoRA adapter
1026	0.5601659751037344	0.6615439794904296	Wheat LoRA adapter
1027	0.553941908713693	0.6885534311903418	Wheat LoRA adapter
1028	0.5912863070539419	0.7125987129408411	Wheat LoRA adapter
1029	0.6006224066390041	0.7150840980204489	Wheat LoRA adapter
1030	0.5560165975103735	0.7019535157964328	Wheat LoRA adapter
1031	0.5684647302904564	0.6846478882700937	Wheat LoRA adapter
1032	0.5663900414937759	0.6915077920635654	Wheat LoRA adapter
1033	0.5715767634854771	0.6993299033053919	Wheat LoRA adapter
1034	0.5653526970954357	0.6640412564331808	Wheat LoRA adapter
1035	0.5570539419087137	0.6836557806944012	Wheat LoRA adapter
1036	0.5819502074688797	0.7132754301517443	Wheat LoRA adapter
1037	0.5746887966804979	0.6897519235003954	Wheat LoRA adapter
1038	0.5715767634854771	0.6770981369126665	Wheat LoRA adapter
1039	0.5819502074688797	0.6982049572237252	Wheat LoRA adapter
1040	0.5674273858921162	0.6859639031472553	Wheat LoRA adapter
1041	0.5446058091286307	0.652526725664907	Wheat LoRA adapter
1042	0.5767634854771784	0.6900206340337485	Wheat LoRA adapter
1043	0.5819502074688797	0.6985750835799213	Wheat LoRA adapter
1044	0.6068464730290456	0.7046975258398662	Wheat LoRA adapter
1045	0.5508298755186722	0.6740705595576352	Wheat LoRA adapter
1046	0.5487551867219918	0.6917554201965814	Wheat LoRA adapter
1047	0.5746887966804979	0.7048752412005499	Wheat LoRA adapter
1048	0.5695020746887967	0.6864375091000896	Wheat LoRA adapter
1049	0.5695020746887967	0.6870902402927979	Wheat LoRA adapter
1050	0.5466804979253111	0.665052207501891	Wheat LoRA adapter
1051	0.5695020746887967	0.6874619282904113	Wheat LoRA adapter
1052	0.5560165975103735	0.6708023989029663	Wheat LoRA adapter
1053	0.5715767634854771	0.6906353247178024	Wheat LoRA adapter
1054	0.5809128630705395	0.6880163553021263	Wheat LoRA adapter
1055	0.5643153526970954	0.6903474334756274	Wheat LoRA adapter
1056	0.553941908713693	0.6917348657349349	Wheat LoRA adapter
1057	0.5446058091286307	0.6883603556810591	Wheat LoRA adapter
1058	0.5643153526970954	0.681103035951635	Wheat LoRA adapter
1059	0.5674273858921162	0.6825995884904954	Wheat LoRA adapter
1060	0.5695020746887967	0.6773310565524342	Wheat LoRA adapter
1061	0.5622406639004149	0.6809635927454494	Wheat LoRA adapter
1062	0.5383817427385892	0.6539005652388603	Wheat LoRA adapter
1063	0.5653526970954357	0.6929605476205948	Wheat LoRA adapter
1064	0.5612033195020747	0.7009258291792373	Wheat LoRA adapter
1065	0.558091286307054	0.688659919133153	Wheat LoRA adapter
1066	0.5570539419087137	0.6714605104436189	Wheat LoRA adapter
1067	0.6037344398340249	0.7132692796276756	Wheat LoRA adapter
1068	0.5840248962655602	0.7138029156669775	Wheat LoRA adapter
1069	0.5591286307053942	0.6852678692721821	Wheat LoRA adapter
1070	0.5757261410788381	0.7065361869485447	Wheat LoRA adapter
1071	0.5705394190871369	0.6994404903927988	Wheat LoRA adapter
1072	0.5933609958506224	0.7089358920262863	Wheat LoRA adapter
1073	0.5549792531120332	0.6830414476113862	Wheat LoRA adapter
1074	0.5570539419087137	0.6842924403220255	Wheat LoRA adapter
1075	0.5653526970954357	0.6809386134152997	Wheat LoRA adapter
1076	0.5695020746887967	0.6961529871573795	Wheat LoRA adapter
1077	0.5684647302904564	0.6941874207959626	Wheat LoRA adapter
1078	0.5570539419087137	0.652084523811752	Wheat LoRA adapter
1079	0.5394190871369294	0.6621532426544673	Wheat LoRA adapter
1080	0.5529045643153527	0.6780948460783582	Wheat LoRA adapter
1081	0.5746887966804979	0.706851875119487	Wheat LoRA adapter
1082	0.5715767634854771	0.6869030212381706	Wheat LoRA adapter
1083	0.5674273858921162	0.6932703885858497	Wheat LoRA adapter
1084	0.5860995850622407	0.702025208779719	Wheat LoRA adapter
1085	0.5228215767634855	0.6434945514750335	Wheat LoRA adapter
1086	0.5705394190871369	0.6991495903387637	Wheat LoRA adapter
1087	0.549792531120332	0.6768265923457751	Wheat LoRA adapter
1088	0.5601659751037344	0.6974083294983305	Wheat LoRA adapter
1089	0.5850622406639004	0.6955844478675675	Wheat LoRA adapter
1090	0.5757261410788381	0.6868529124515445	Wheat LoRA adapter
1091	0.5632780082987552	0.6852731867110676	Wheat LoRA adapter
1092	0.5466804979253111	0.6848090144635026	Wheat LoRA adapter
1093	0.5622406639004149	0.6862143779392935	Wheat LoRA adapter
1094	0.5601659751037344	0.679582877275438	Wheat LoRA adapter
1095	0.5394190871369294	0.6673866027716812	Wheat LoRA adapter
1096	0.5695020746887967	0.6888682502104962	Wheat LoRA adapter
1097	0.5674273858921162	0.6779105035771238	Wheat LoRA adapter
1098	0.5612033195020747	0.6841148924261811	Wheat LoRA adapter
1099	0.5414937759336099	0.6731439370882495	Wheat LoRA adapter
1100	0.5943983402489627	0.6907530395188253	Wheat LoRA adapter
1101	0.5591286307053942	0.6806949538278251	Wheat LoRA adapter
1102	0.5404564315352697	0.6456286314567534	Wheat LoRA adapter
1103	0.5601659751037344	0.6602197024067946	Wheat LoRA adapter
1104	0.6016597510373444	0.7236592602910986	Wheat LoRA adapter
1105	0.5466804979253111	0.6788195278353837	Wheat LoRA adapter
1106	0.5663900414937759	0.6938305868532368	Wheat LoRA adapter
1107	0.5186721991701245	0.6603673911396477	Wheat LoRA adapter
1108	0.5622406639004149	0.6907416134324086	Wheat LoRA adapter
1109	0.5643153526970954	0.6781757518912983	Wheat LoRA adapter
1110	0.5726141078838174	0.6888404081856839	Wheat LoRA adapter
1111	0.5383817427385892	0.668629736365159	Wheat LoRA adapter
1112	0.5674273858921162	0.7242819449766906	Wheat LoRA adapter
1113	0.5923236514522822	0.706713366193334	Wheat LoRA adapter
1114	0.5601659751037344	0.6972492858172046	Wheat LoRA adapter
1115	0.5643153526970954	0.6812349559436599	Wheat LoRA adapter
1116	0.5705394190871369	0.6800227459037438	Wheat LoRA adapter
1117	0.5705394190871369	0.7030723273753537	Wheat LoRA adapter
1118	0.5736514522821576	0.6924736968520724	Wheat LoRA adapter
1119	0.5612033195020747	0.6837328357091184	Wheat LoRA adapter
1120	0.549792531120332	0.6709947134488272	Wheat LoRA adapter
1121	0.6037344398340249	0.7168829238209065	Wheat LoRA adapter
1122	0.5477178423236515	0.6558909039407029	Wheat LoRA adapter
1123	0.5352697095435685	0.6720178835252422	Wheat LoRA adapter
1124	0.5954356846473029	0.7192867378788329	Wheat LoRA adapter
1125	0.5549792531120332	0.6752524234370004	Wheat LoRA adapter
1126	0.5653526970954357	0.688763046520778	Wheat LoRA adapter
1127	0.5860995850622407	0.6943027640358475	Wheat LoRA adapter
1128	0.5726141078838174	0.6686584146484188	Wheat LoRA adapter
1129	0.5674273858921162	0.6604427421430931	Wheat LoRA adapter
1130	0.558091286307054	0.7030536300819091	Wheat LoRA adapter
1131	0.5487551867219918	0.6524570092593928	Wheat LoRA adapter
1132	0.5819502074688797	0.6867113789242669	Wheat LoRA adapter
1133	0.5549792531120332	0.676788884845039	Wheat LoRA adapter
1134	0.5767634854771784	0.6802537748304256	Wheat LoRA adapter
1135	0.5684647302904564	0.7098196164851183	Wheat LoRA adapter
1136	0.5663900414937759	0.6899630256354587	Wheat LoRA adapter
1137	0.5653526970954357	0.6812781199752223	Wheat LoRA adapter
1138	0.5518672199170125	0.6855190784202903	Wheat LoRA adapter
1139	0.5601659751037344	0.6947335073884818	Wheat LoRA adapter
1140	0.5892116182572614	0.7205784398247354	Wheat LoRA adapter
1141	0.58298755186722	0.7044667128842113	Wheat LoRA adapter
1142	0.5622406639004149	0.6818265459000666	Wheat LoRA adapter
1143	0.5778008298755186	0.6854817320047897	Wheat LoRA adapter
1144	0.5425311203319502	0.6771104180947298	Wheat LoRA adapter
1145	0.5632780082987552	0.6898350290341496	Wheat LoRA adapter
1146	0.5477178423236515	0.6675496958259864	Wheat LoRA adapter
1147	0.5466804979253111	0.6692344499827314	Wheat LoRA adapter
1148	0.5819502074688797	0.6845280081691952	Wheat LoRA adapter
1149	0.5612033195020747	0.6748937534663766	Wheat LoRA adapter
1150	0.5560165975103735	0.6678183170555256	Wheat LoRA adapter
1151	0.5653526970954357	0.702322519857052	Wheat LoRA adapter
1152	0.5767634854771784	0.6958238704013087	Wheat LoRA adapter
1153	0.5715767634854771	0.7004255722642091	Wheat LoRA adapter
1154	0.5601659751037344	0.6819833619199196	Wheat LoRA adapter
1155	0.5674273858921162	0.7009006767357775	Wheat LoRA adapter
1156	0.5695020746887967	0.6942470863483245	Wheat LoRA adapter
1157	0.5560165975103735	0.6773354021715936	Wheat LoRA adapter
1158	0.5508298755186722	0.6863437659819489	Wheat LoRA adapter
1159	0.5570539419087137	0.6680859622243835	Wheat LoRA adapter
1160	0.5819502074688797	0.7123321704077812	Wheat LoRA adapter
1161	0.5269709543568465	0.6496848026204415	Wheat LoRA adapter
1162	0.5373443983402489	0.669452178903284	Wheat LoRA adapter
1163	0.5591286307053942	0.680894284323061	Wheat LoRA adapter
1164	0.5456431535269709	0.6774907711394161	Wheat LoRA adapter
1165	0.5695020746887967	0.6686621936306445	Wheat LoRA adapter
1166	0.5560165975103735	0.7020438790978949	Wheat LoRA adapter
1167	0.5601659751037344	0.6724281967476116	Wheat LoRA adapter
1168	0.5456431535269709	0.6789068919099924	Wheat LoRA adapter
1169	0.5435684647302904	0.6608744166117816	Wheat LoRA adapter
1170	0.5176348547717843	0.649702997702028	Wheat LoRA adapter
1171	0.5529045643153527	0.6744050821266945	Wheat LoRA adapter
1172	0.5414937759336099	0.6474414889389586	Wheat LoRA adapter
1173	0.5352697095435685	0.6657182358224094	Wheat LoRA adapter
1174	0.529045643153527	0.6628720950027154	Wheat LoRA adapter
1175	0.5508298755186722	0.652741845773126	Wheat LoRA adapter
1176	0.5954356846473029	0.7186384028670124	Wheat LoRA adapter
1177	0.5798755186721992	0.6900412001004156	Wheat LoRA adapter
1178	0.5778008298755186	0.6956817733253069	Wheat LoRA adapter
1179	0.5819502074688797	0.7123520791000644	Wheat LoRA adapter
1180	0.5404564315352697	0.6573741595020676	Wheat LoRA adapter
1181	0.5601659751037344	0.6610221332437107	Wheat LoRA adapter
1182	0.5529045643153527	0.6998351196014514	Wheat LoRA adapter
1183	0.5570539419087137	0.6643767047267846	Wheat LoRA adapter
1184	0.516597510373444	0.6326629485774568	Wheat LoRA adapter
1185	0.5726141078838174	0.7012526635898269	Wheat LoRA adapter
1186	0.5871369294605809	0.6945062227584373	Wheat LoRA adapter
1187	0.5757261410788381	0.6945641433915465	Wheat LoRA adapter
1188	0.5943983402489627	0.7098607545906875	Wheat LoRA adapter
1189	0.5757261410788381	0.716153317132938	Wheat LoRA adapter
1190	0.5767634854771784	0.6959692991656481	Wheat LoRA adapter
1191	0.578838174273859	0.6943116952307236	Wheat LoRA adapter
1192	0.5653526970954357	0.6898598367705434	Wheat LoRA adapter
1193	0.5643153526970954	0.676419648238854	Wheat LoRA adapter
1194	0.5529045643153527	0.6797509550181099	Wheat LoRA adapter
1195	0.5705394190871369	0.6815606437774744	Wheat LoRA adapter
1196	0.5695020746887967	0.7039340169508524	Wheat LoRA adapter
1197	0.5726141078838174	0.6940984528546789	Wheat LoRA adapter
1198	0.5570539419087137	0.6832188502865852	Wheat LoRA adapter
1199	0.5549792531120332	0.6907069090790814	Wheat LoRA adapter
1200	0.5840248962655602	0.6946953689822707	Wheat LoRA adapter
1201	0.5746887966804979	0.6881244174830321	Wheat LoRA adapter
1202	0.5674273858921162	0.6814412941330092	Wheat LoRA adapter
1203	0.5549792531120332	0.702696908449462	Wheat LoRA adapter
1204	0.5549792531120332	0.673809150763157	Wheat LoRA adapter
1205	0.5663900414937759	0.7039949394553542	Wheat LoRA adapter
1206	0.5985477178423236	0.7213913036125064	Wheat LoRA adapter
1207	0.5321576763485477	0.6655049170619456	Wheat LoRA adapter
1208	0.5591286307053942	0.68769763386789	Wheat LoRA adapter
1209	0.5622406639004149	0.6905770909355549	Wheat LoRA adapter
1210	0.5933609958506224	0.6977169627456439	Wheat LoRA adapter
1211	0.5715767634854771	0.6937392282507036	Wheat LoRA adapter
1212	0.5674273858921162	0.6837808608550235	Wheat LoRA adapter
1213	0.5446058091286307	0.6835701393867448	Wheat LoRA adapter
1214	0.5601659751037344	0.661472016322634	Wheat LoRA adapter
1215	0.5518672199170125	0.6739686903763722	Wheat LoRA adapter
1216	0.5601659751037344	0.6656931685151846	Wheat LoRA adapter
1217	0.5394190871369294	0.6644958205391878	Wheat LoRA adapter
1218	0.5259336099585062	0.6390577356655266	Wheat LoRA adapter
1219	0.549792531120332	0.6732084081580512	Wheat LoRA adapter
1220	0.5435684647302904	0.6453340884786081	Wheat LoRA adapter
1221	0.5860995850622407	0.6967935165553276	Wheat LoRA adapter
1222	0.5643153526970954	0.6952053761270198	Wheat LoRA adapter
1223	0.5767634854771784	0.6649307178654611	Wheat LoRA adapter
1224	0.5622406639004149	0.6756746333449801	Wheat LoRA adapter
1225	0.5404564315352697	0.6553714782836354	Wheat LoRA adapter
1226	0.5601659751037344	0.6920830302629938	Wheat LoRA adapter
1227	0.5632780082987552	0.679765060287046	Wheat LoRA adapter
1228	0.5466804979253111	0.6553268623953705	Wheat LoRA adapter
1229	0.5695020746887967	0.6884294736924486	Wheat LoRA adapter
1230	0.5840248962655602	0.6873849876750227	Wheat LoRA adapter
1231	0.58298755186722	0.6974749477434156	Wheat LoRA adapter
1232	0.5674273858921162	0.6855229678641961	Wheat LoRA adapter
1233	0.5549792531120332	0.6625643300285624	Wheat LoRA adapter
1234	0.5995850622406639	0.6981600352292614	Wheat LoRA adapter
1235	0.5912863070539419	0.7058656964626007	Wheat LoRA adapter
1236	0.6058091286307054	0.7189011999451114	Wheat LoRA adapter
1237	0.553941908713693	0.6769828386095037	Wheat LoRA adapter
1238	0.5612033195020747	0.6859286313955604	Wheat LoRA adapter
1239	0.558091286307054	0.6796696638121384	Wheat LoRA adapter
1240	0.5601659751037344	0.6780574207603522	Wheat LoRA adapter
1241	0.5705394190871369	0.6788578911813674	Wheat LoRA adapter
1242	0.5591286307053942	0.6701798255502045	Wheat LoRA adapter
1243	0.558091286307054	0.6611206430146144	Wheat LoRA adapter
1244	0.5529045643153527	0.6837335170608992	Wheat LoRA adapter
1245	0.5622406639004149	0.6599233624827489	Wheat LoRA adapter
1246	0.5529045643153527	0.6883838344781947	Wheat LoRA adapter
1247	0.5622406639004149	0.6715828687488294	Wheat LoRA adapter
1248	0.549792531120332	0.6725519728505811	Wheat LoRA adapter
1249	0.5715767634854771	0.7076759862224669	Wheat LoRA adapter
1250	0.5892116182572614	0.6851600844140155	Wheat LoRA adapter
1251	0.5508298755186722	0.6526031647790154	Wheat LoRA adapter
1252	0.5622406639004149	0.7095417735877484	Wheat LoRA adapter
1253	0.5145228215767634	0.6543815323202364	Wheat LoRA adapter
1254	0.5674273858921162	0.6736380733161114	Wheat LoRA adapter
1255	0.5850622406639004	0.6900878661532093	Wheat LoRA adapter
1256	0.58298755186722	0.704140418624952	Wheat LoRA adapter
1257	0.5809128630705395	0.705422328622953	Wheat LoRA adapter
1258	0.5560165975103735	0.6730852290599609	Wheat LoRA adapter
1259	0.5612033195020747	0.6759924949735742	Wheat LoRA adapter
1260	0.558091286307054	0.7066575625079974	Wheat LoRA adapter
1261	0.5612033195020747	0.6738910755928903	Wheat LoRA adapter
1262	0.5456431535269709	0.6681794357326801	Wheat LoRA adapter
1263	0.5435684647302904	0.6563394809466367	Wheat LoRA adapter
1264	0.5383817427385892	0.6652722841212759	Wheat LoRA adapter
1265	0.533195020746888	0.6753167301207806	Wheat LoRA adapter
1266	0.5663900414937759	0.684779005411426	Wheat LoRA adapter
1267	0.5632780082987552	0.6833083383592475	Wheat LoRA adapter
1268	0.5508298755186722	0.6791555083396916	Wheat LoRA adapter
1269	0.5902489626556017	0.7125368171405251	Wheat LoRA adapter
1270	0.5466804979253111	0.6839480620510785	Wheat LoRA adapter
1271	0.4979253112033195	0.6122438387381381	Wheat LoRA adapter
1272	0.5446058091286307	0.6780866430640264	Wheat LoRA adapter
1273	0.5757261410788381	0.688485841387577	Wheat LoRA adapter
1274	0.553941908713693	0.6610267726381494	Wheat LoRA adapter
1275	0.5819502074688797	0.7001718402556357	Wheat LoRA adapter
1276	0.5508298755186722	0.6764292537096683	Wheat LoRA adapter
1277	0.5860995850622407	0.7125798194263615	Wheat LoRA adapter
1278	0.5508298755186722	0.6657233827729776	Wheat LoRA adapter
1279	0.5352697095435685	0.65416644381179	Wheat LoRA adapter
1280	0.5778008298755186	0.7082124255957417	Wheat LoRA adapter
1281	0.5819502074688797	0.7106243236459078	Wheat LoRA adapter
1282	0.5373443983402489	0.6531424130180505	Wheat LoRA adapter
1283	0.5446058091286307	0.6643714240672126	Wheat LoRA adapter
1284	0.5726141078838174	0.6859393722430227	Wheat LoRA adapter
1285	0.5518672199170125	0.6787158302617335	Wheat LoRA adapter
1286	0.5622406639004149	0.6972687000144175	Wheat LoRA adapter
1287	0.5840248962655602	0.6936859949433172	Wheat LoRA adapter
1288	0.5715767634854771	0.6784190036510616	Wheat LoRA adapter
1289	0.5746887966804979	0.699693357788234	Wheat LoRA adapter
1290	0.553941908713693	0.6674110621866808	Wheat LoRA adapter
1291	0.5632780082987552	0.6950103766630842	Wheat LoRA adapter
1292	0.5653526970954357	0.7016230324260212	Wheat LoRA adapter
1293	0.5529045643153527	0.6831075316680826	Wheat LoRA adapter
1294	0.5643153526970954	0.6868152650454304	Wheat LoRA adapter
1295	0.5321576763485477	0.6699787687450597	Wheat LoRA adapter
1296	0.5736514522821576	0.6953048796853849	Wheat LoRA adapter
1297	0.5466804979253111	0.685191156682784	Wheat LoRA adapter
1298	0.5736514522821576	0.6947449300292535	Wheat LoRA adapter
1299	0.549792531120332	0.6900179645267455	Wheat LoRA adapter
1300	0.5280082987551867	0.6581773310982175	Wheat LoRA adapter
1301	0.5643153526970954	0.690415176064338	Wheat LoRA adapter
1302	0.5570539419087137	0.681014383887575	Wheat LoRA adapter
1303	0.5529045643153527	0.6825485904449511	Wheat LoRA adapter
1304	0.5715767634854771	0.6990133541923866	Wheat LoRA adapter
1305	0.5612033195020747	0.6705172152223251	Wheat LoRA adapter
1306	0.558091286307054	0.6666386570340213	Wheat LoRA adapter
1307	0.5653526970954357	0.6742936803390052	Wheat LoRA adapter
1308	0.5477178423236515	0.6625998665903463	Wheat LoRA adapter
1309	0.5736514522821576	0.6948855503950784	Wheat LoRA adapter
1310	0.5778008298755186	0.7017348115425035	Wheat LoRA adapter
1311	0.5632780082987552	0.6818660413111667	Wheat LoRA adapter
1312	0.5798755186721992	0.7073340718985721	Wheat LoRA adapter
1313	0.5715767634854771	0.6953750392255214	Wheat LoRA adapter
1314	0.5767634854771784	0.7123536466785731	Wheat LoRA adapter
1315	0.5663900414937759	0.671686855789253	Wheat LoRA adapter
1316	0.5352697095435685	0.6684248349485999	Wheat LoRA adapter
1317	0.5871369294605809	0.697857035373681	Wheat LoRA adapter
1318	0.5435684647302904	0.6725249106553924	Wheat LoRA adapter
1319	0.5726141078838174	0.6795873148615023	Wheat LoRA adapter
1320	0.5508298755186722	0.6841474303220314	Wheat LoRA adapter
1321	0.5643153526970954	0.7010202598220916	Wheat LoRA adapter
1322	0.5404564315352697	0.6590099931917623	Wheat LoRA adapter
1323	0.5591286307053942	0.6837234916551906	Wheat LoRA adapter
1324	0.5881742738589212	0.6990427157970782	Wheat LoRA adapter
1325	0.5715767634854771	0.7016747279611454	Wheat LoRA adapter
1326	0.5570539419087137	0.6707434187681578	Wheat LoRA adapter
1327	0.5456431535269709	0.6855710830810107	Wheat LoRA adapter
1328	0.5591286307053942	0.6907403121899383	Wheat LoRA adapter
1329	0.5518672199170125	0.6819177921728012	Wheat LoRA adapter
1330	0.5529045643153527	0.6647015390296116	Wheat LoRA adapter
1331	0.5715767634854771	0.6844447687766129	Wheat LoRA adapter
1332	0.558091286307054	0.6701913498183518	Wheat LoRA adapter
1333	0.5508298755186722	0.6843608932241674	Wheat LoRA adapter
1334	0.5508298755186722	0.6648018268179378	Wheat LoRA adapter
1335	0.5757261410788381	0.7029851663234936	Wheat LoRA adapter
1336	0.5383817427385892	0.6678425045550462	Wheat LoRA adapter
1337	0.5456431535269709	0.6664669274212655	Wheat LoRA adapter
1338	0.5757261410788381	0.6994393398782552	Wheat LoRA adapter
1339	0.5684647302904564	0.6895129945857001	Wheat LoRA adapter
1340	0.5840248962655602	0.6955914013348303	Wheat LoRA adapter
1341	0.5456431535269709	0.6585763814327881	Wheat LoRA adapter
1342	0.5674273858921162	0.6931183041005686	Wheat LoRA adapter
1343	0.5840248962655602	0.703274660093357	Wheat LoRA adapter
1344	0.529045643153527	0.6535065689399953	Wheat LoRA adapter
1345	0.5435684647302904	0.6471819574808223	Wheat LoRA adapter
1346	0.5632780082987552	0.6762008409799202	Wheat LoRA adapter
1347	0.5674273858921162	0.6853094555157598	Wheat LoRA adapter
1348	0.5954356846473029	0.6984669202517071	Wheat LoRA adapter
1349	0.5653526970954357	0.6790849512629228	Wheat LoRA adapter
1350	0.5259336099585062	0.632278071874203	Wheat LoRA adapter
1351	0.5757261410788381	0.6924463528327642	Wheat LoRA adapter
1352	0.5477178423236515	0.669899537812274	Wheat LoRA adapter
1353	0.578838174273859	0.6939008932808055	Wheat LoRA adapter
1354	0.5612033195020747	0.6725282755076945	Wheat LoRA adapter
1355	0.5632780082987552	0.6812821322110002	Wheat LoRA adapter
1356	0.5622406639004149	0.6765009654515146	Wheat LoRA adapter
1357	0.5570539419087137	0.6798972388121081	Wheat LoRA adapter
1358	0.5549792531120332	0.6682013990766038	Wheat LoRA adapter
1359	0.5591286307053942	0.6605647149028927	Wheat LoRA adapter
1360	0.5663900414937759	0.6821612018134977	Wheat LoRA adapter
1361	0.5425311203319502	0.6637074049139045	Wheat LoRA adapter
1362	0.5705394190871369	0.6824617223293856	Wheat LoRA adapter
1363	0.558091286307054	0.6798351392570802	Wheat LoRA adapter
1364	0.5456431535269709	0.6815616544957683	Wheat LoRA adapter
1365	0.5705394190871369	0.6926837543173361	Wheat LoRA adapter
1366	0.5570539419087137	0.6861194106911027	Wheat LoRA adapter
1367	0.5653526970954357	0.6732415821783895	Wheat LoRA adapter
1368	0.5663900414937759	0.6968599903625026	Wheat LoRA adapter
1369	0.5923236514522822	0.7115231596351765	Wheat LoRA adapter
1370	0.5840248962655602	0.7036787491411023	Wheat LoRA adapter
1371	0.5695020746887967	0.6940390322250247	Wheat LoRA adapter
1372	0.5612033195020747	0.6750124993623989	Wheat LoRA adapter
1373	0.5435684647302904	0.6668213225926847	Wheat LoRA adapter
1374	0.5643153526970954	0.6781351058391418	Wheat LoRA adapter
1375	0.5487551867219918	0.6523213580054981	Wheat LoRA adapter
1376	0.5570539419087137	0.6571266111792535	Wheat LoRA adapter
1377	0.5809128630705395	0.7090736891656704	Wheat LoRA adapter
1378	0.5446058091286307	0.6526226181903063	Wheat LoRA adapter
1379	0.5726141078838174	0.6749264740950736	Wheat LoRA adapter
1380	0.5746887966804979	0.6981850228824183	Wheat LoRA adapter
1381	0.5280082987551867	0.6612548789863713	Wheat LoRA adapter
1382	0.5674273858921162	0.6937777957432265	Wheat LoRA adapter
1383	0.549792531120332	0.658009827675632	Wheat LoRA adapter
1384	0.533195020746888	0.6609999718934609	Wheat LoRA adapter
1385	0.5321576763485477	0.659662217596358	Wheat LoRA adapter
1386	0.5871369294605809	0.7005594479556896	Wheat LoRA adapter
1387	0.5715767634854771	0.6857821003316555	Wheat LoRA adapter
1388	0.5560165975103735	0.6803044210078764	Wheat LoRA adapter
1389	0.5529045643153527	0.6547816516363569	Wheat LoRA adapter
1390	0.5819502074688797	0.7080103348624782	Wheat LoRA adapter
1391	0.5425311203319502	0.6796674786530053	Wheat LoRA adapter
1392	0.5456431535269709	0.673478262087835	Wheat LoRA adapter
1393	0.5902489626556017	0.7144318691518238	Wheat LoRA adapter
1394	0.5684647302904564	0.6695346650085301	Wheat LoRA adapter
1395	0.5487551867219918	0.6682634109047068	Wheat LoRA adapter
1396	0.549792531120332	0.6569054952494726	Wheat LoRA adapter
1397	0.5705394190871369	0.6920235781596551	Wheat LoRA adapter
1398	0.558091286307054	0.6788787344207099	Wheat LoRA adapter
1399	0.5560165975103735	0.691828719941471	Wheat LoRA adapter
1400	0.5778008298755186	0.7042042033886716	Wheat LoRA adapter
1401	0.5591286307053942	0.6906453000875816	Wheat LoRA adapter
1402	0.5383817427385892	0.6673426736491375	Wheat LoRA adapter
1403	0.5591286307053942	0.694183869581938	Wheat LoRA adapter
1404	0.5695020746887967	0.6945497032490862	Wheat LoRA adapter
1405	0.5466804979253111	0.6801982789521199	Wheat LoRA adapter
1406	0.5674273858921162	0.6866680121723086	Wheat LoRA adapter
1407	0.5560165975103735	0.6998998675445373	Wheat LoRA adapter
1408	0.5612033195020747	0.6682245098601054	Wheat LoRA adapter
1409	0.5425311203319502	0.671040297955356	Wheat LoRA adapter
1410	0.5425311203319502	0.6599791371111978	Wheat LoRA adapter
1411	0.5840248962655602	0.7008111455224215	Wheat LoRA adapter
1412	0.5632780082987552	0.6871750885313023	Wheat LoRA adapter
1413	0.5746887966804979	0.6934004592109037	Wheat LoRA adapter
1414	0.5726141078838174	0.7028940011416209	Wheat LoRA adapter
1415	0.5663900414937759	0.6778577583208178	Wheat LoRA adapter
1416	0.5902489626556017	0.7007977077830176	Wheat LoRA adapter
1417	0.5518672199170125	0.6741426334130891	Wheat LoRA adapter
1418	0.5674273858921162	0.6856953666286782	Wheat LoRA adapter
1419	0.5601659751037344	0.6856470298383662	Wheat LoRA adapter
1420	0.5653526970954357	0.6998375623220037	Wheat LoRA adapter
1421	0.5881742738589212	0.7087650061116062	Wheat LoRA adapter
1422	0.5591286307053942	0.6728495810026811	Wheat LoRA adapter
1423	0.5767634854771784	0.6889217251049604	Wheat LoRA adapter
1424	0.578838174273859	0.7012748428382709	Wheat LoRA adapter
1425	0.553941908713693	0.6991193760744876	Wheat LoRA adapter
1426	0.5435684647302904	0.6704401813889265	Wheat LoRA adapter
1427	0.553941908713693	0.684029001688933	Wheat LoRA adapter
1428	0.5612033195020747	0.6723621656849476	Wheat LoRA adapter
1429	0.5653526970954357	0.6925631806156352	Wheat LoRA adapter
1430	0.5570539419087137	0.6764869000043638	Wheat LoRA adapter
1431	0.5414937759336099	0.6636187807089933	Wheat LoRA adapter
1432	0.5549792531120332	0.6700672578201643	Wheat LoRA adapter
1433	0.5746887966804979	0.6982133524162453	Wheat LoRA adapter
1434	0.5435684647302904	0.6750218209331331	Wheat LoRA adapter
1435	0.5695020746887967	0.6856602010676485	Wheat LoRA adapter
1436	0.5819502074688797	0.7005573970761048	Wheat LoRA adapter
1437	0.6006224066390041	0.7194128115421556	Wheat LoRA adapter
1438	0.5674273858921162	0.6904479140226214	Wheat LoRA adapter
1439	0.5342323651452282	0.6455220462277536	Wheat LoRA adapter
1440	0.5871369294605809	0.6966548698585233	Wheat LoRA adapter
1441	0.5601659751037344	0.6764597477470075	Wheat LoRA adapter
1442	0.5591286307053942	0.6887550693882931	Wheat LoRA adapter
1443	0.5466804979253111	0.6699583378530733	Wheat LoRA adapter
1444	0.5746887966804979	0.7116244672989618	Wheat LoRA adapter
1445	0.5487551867219918	0.6700956159049123	Wheat LoRA adapter
1446	0.5560165975103735	0.6898420651209525	Wheat LoRA adapter
1447	0.5560165975103735	0.6844005340122092	Wheat LoRA adapter
1448	0.578838174273859	0.6986417726236472	Wheat LoRA adapter
1449	0.5560165975103735	0.6806362526928031	Wheat LoRA adapter
1450	0.5881742738589212	0.7138069138492182	Wheat LoRA adapter
1451	0.5529045643153527	0.6841602595769231	Wheat LoRA adapter
1452	0.5103734439834025	0.6463581280957867	Wheat LoRA adapter
1453	0.5778008298755186	0.6926945419809476	Wheat LoRA adapter
1454	0.5798755186721992	0.7086714273735801	Wheat LoRA adapter
1455	0.5632780082987552	0.6817522632473005	Wheat LoRA adapter
1456	0.5529045643153527	0.6624176148313119	Wheat LoRA adapter
1457	0.5404564315352697	0.6609709858490554	Wheat LoRA adapter
1458	0.549792531120332	0.6808865197317429	Wheat LoRA adapter
1459	0.5684647302904564	0.6736632401556288	Wheat LoRA adapter
1460	0.5529045643153527	0.6609022066968029	Wheat LoRA adapter
1461	0.5487551867219918	0.6776474199922219	Wheat LoRA adapter
1462	0.5674273858921162	0.678321107145077	Wheat LoRA adapter
1463	0.5809128630705395	0.6841279034721188	Wheat LoRA adapter
1464	0.5373443983402489	0.6691478855146753	Wheat LoRA adapter
1465	0.5477178423236515	0.6779331479370725	Wheat LoRA adapter
1466	0.5695020746887967	0.7055153466666486	Wheat LoRA adapter
1467	0.5446058091286307	0.6694368804169648	Wheat LoRA adapter
1468	0.5414937759336099	0.6784969434123987	Wheat LoRA adapter
1469	0.5591286307053942	0.6666058967152275	Wheat LoRA adapter
1470	0.5674273858921162	0.7020813386341496	Wheat LoRA adapter
1471	0.549792531120332	0.6761441483777536	Wheat LoRA adapter
1472	0.578838174273859	0.7075890312032891	Wheat LoRA adapter
1473	0.5383817427385892	0.6636450642504357	Wheat LoRA adapter
1474	0.5840248962655602	0.6931411696071719	Wheat LoRA adapter
1475	0.5529045643153527	0.6679823928088142	Wheat LoRA adapter
1476	0.5736514522821576	0.700702355057663	Wheat LoRA adapter
1477	0.5487551867219918	0.6802703195703675	Wheat LoRA adapter
1478	0.5684647302904564	0.6934517794525386	Wheat LoRA adapter
1479	0.5674273858921162	0.6865785926332962	Wheat LoRA adapter
1480	0.5653526970954357	0.6672459010884784	Wheat LoRA adapter
1481	0.5653526970954357	0.6834665482982782	Wheat LoRA adapter
1482	0.5508298755186722	0.7016839804453721	Wheat LoRA adapter
1483	0.5923236514522822	0.6988682384349867	Wheat LoRA adapter
1484	0.5269709543568465	0.6539447098867495	Wheat LoRA adapter
1485	0.5300829875518672	0.6720603875178324	Wheat LoRA adapter
1486	0.5674273858921162	0.6886733972756547	Wheat LoRA adapter
1487	0.5705394190871369	0.6950440489950446	Wheat LoRA adapter
1488	0.5705394190871369	0.7005452557919964	Wheat LoRA adapter
1489	0.5778008298755186	0.6951217633362667	Wheat LoRA adapter
1490	0.5757261410788381	0.6968875456994893	Wheat LoRA adapter
1491	0.5518672199170125	0.6884940916642723	Wheat LoRA adapter
1492	0.5663900414937759	0.7076628987088212	Wheat LoRA adapter
1493	0.5726141078838174	0.6900010565146901	Wheat LoRA adapter
1494	0.5456431535269709	0.6679040224844613	Wheat LoRA adapter
1495	0.5715767634854771	0.679992633015629	Wheat LoRA adapter
1496	0.578838174273859	0.6738150531296383	Wheat LoRA adapter
1497	0.5612033195020747	0.6980804090780299	Wheat LoRA adapter
1498	0.5695020746887967	0.6940200923965859	Wheat LoRA adapter
1499	0.5321576763485477	0.6537713830897085	Wheat LoRA adapter
1500	0.5601659751037344	0.6957929408021266	Wheat LoRA adapter
1501	0.5632780082987552	0.6829336183874346	Wheat LoRA adapter
1502	0.5622406639004149	0.689023032145027	Wheat LoRA adapter
1503	0.5819502074688797	0.7109504954228149	Wheat LoRA adapter
1504	0.5363070539419087	0.6438185686164734	Wheat LoRA adapter
1505	0.5560165975103735	0.6904053512823083	Wheat LoRA adapter
1506	0.5477178423236515	0.6743769421742336	Wheat LoRA adapter
1507	0.578838174273859	0.6951178556132114	Wheat LoRA adapter
1508	0.5726141078838174	0.6877431688108342	Wheat LoRA adapter
1509	0.553941908713693	0.6729153658121829	Wheat LoRA adapter
1510	0.578838174273859	0.6962126865024101	Wheat LoRA adapter
1511	0.5798755186721992	0.6891773404402575	Wheat LoRA adapter
1512	0.5435684647302904	0.673820592785536	Wheat LoRA adapter
1513	0.5456431535269709	0.6807978993562414	Wheat LoRA adapter
1514	0.5487551867219918	0.6679929725838404	Wheat LoRA adapter
1515	0.5570539419087137	0.6920295734522373	Wheat LoRA adapter
1516	0.5601659751037344	0.6920066745329355	Wheat LoRA adapter
1517	0.5456431535269709	0.6751004872424062	Wheat LoRA adapter
1518	0.5456431535269709	0.6783502168172797	Wheat LoRA adapter
1519	0.5518672199170125	0.6803403624503817	Wheat LoRA adapter
1520	0.5757261410788381	0.6897996284418744	Wheat LoRA adapter
1521	0.5943983402489627	0.7123288895340488	Wheat LoRA adapter
1522	0.5238589211618258	0.6351269944687069	Wheat LoRA adapter
1523	0.558091286307054	0.6658506814493429	Wheat LoRA adapter
1524	0.5736514522821576	0.6825477379584014	Wheat LoRA adapter
1525	0.549792531120332	0.6655869032941604	Wheat LoRA adapter
1526	0.549792531120332	0.6647725649117986	Wheat LoRA adapter
1527	0.5414937759336099	0.6756920972433375	Wheat LoRA adapter
1528	0.553941908713693	0.6947247906383485	Wheat LoRA adapter
1529	0.5508298755186722	0.6777529086387728	Wheat LoRA adapter
1530	0.5466804979253111	0.672597842283254	Wheat LoRA adapter
1531	0.5674273858921162	0.6932241952794809	Wheat LoRA adapter
1532	0.5757261410788381	0.6825376375106212	Wheat LoRA adapter
1533	0.5715767634854771	0.6923425968919823	Wheat LoRA adapter
1534	0.533195020746888	0.6603167145017559	Wheat LoRA adapter
1535	0.5435684647302904	0.6709743394618981	Wheat LoRA adapter
1536	0.5643153526970954	0.6715007364020047	Wheat LoRA adapter
1537	0.5726141078838174	0.6808306008023317	Wheat LoRA adapter
1538	0.5373443983402489	0.6633854035615498	Wheat LoRA adapter
1539	0.5726141078838174	0.6802598688421724	Wheat LoRA adapter
1540	0.5487551867219918	0.6749191545474221	Wheat LoRA adapter
1541	0.5850622406639004	0.6928099274921509	Wheat LoRA adapter
1542	0.5663900414937759	0.6959571996493112	Wheat LoRA adapter
1543	0.5933609958506224	0.7148434850487868	Wheat LoRA adapter
1544	0.5477178423236515	0.6810105140412152	Wheat LoRA adapter
1545	0.558091286307054	0.6758264825256188	Wheat LoRA adapter
1546	0.5622406639004149	0.6701363241802876	Wheat LoRA adapter
1547	0.5715767634854771	0.7012529003847863	Wheat LoRA adapter
1548	0.549792531120332	0.6763813632622278	Wheat LoRA adapter
1549	0.5715767634854771	0.690784837431156	Wheat LoRA adapter
1550	0.5601659751037344	0.6880041142185285	Wheat LoRA adapter
1551	0.5674273858921162	0.6800582874224808	Wheat LoRA adapter
1552	0.5549792531120332	0.6699389648798797	Wheat LoRA adapter
1553	0.5414937759336099	0.6708728171623586	Wheat LoRA adapter
1554	0.5705394190871369	0.7028454772532686	Wheat LoRA adapter
1555	0.5643153526970954	0.6819860995240994	Wheat LoRA adapter
1556	0.5632780082987552	0.6958765209991762	Wheat LoRA adapter
1557	0.6172199170124482	0.7338022628525334	Wheat LoRA adapter
1558	0.5819502074688797	0.6988118925804374	Wheat LoRA adapter
1559	0.5446058091286307	0.6652677426190836	Wheat LoRA adapter
1560	0.5518672199170125	0.6688076563492715	Wheat LoRA adapter
1561	0.5632780082987552	0.6811662324279957	Wheat LoRA adapter
1562	0.5612033195020747	0.6755553576356793	Wheat LoRA adapter
1563	0.5954356846473029	0.7002972051422236	Wheat LoRA adapter
1564	0.5508298755186722	0.6805703199520032	Wheat LoRA adapter
1565	0.5425311203319502	0.675163936029745	Wheat LoRA adapter
1566	0.5726141078838174	0.6807284713185738	Wheat LoRA adapter
1567	0.533195020746888	0.6801026492151594	Wheat LoRA adapter
1568	0.5674273858921162	0.6857992165435405	Wheat LoRA adapter
1569	0.5383817427385892	0.6567886004033319	Wheat LoRA adapter
1570	0.5549792531120332	0.6847343343017263	Wheat LoRA adapter
1571	0.5477178423236515	0.650184994060408	Wheat LoRA adapter
1572	0.5746887966804979	0.6844313819207395	Wheat LoRA adapter
1573	0.5612033195020747	0.6746569184975221	Wheat LoRA adapter
1574	0.5674273858921162	0.6958786047575503	Wheat LoRA adapter
1575	0.5954356846473029	0.7110776777191739	Wheat LoRA adapter
1576	0.5477178423236515	0.6656953070438072	Wheat LoRA adapter
1577	0.5684647302904564	0.6736075999397153	Wheat LoRA adapter
1578	0.5632780082987552	0.6748813446294128	Wheat LoRA adapter
1579	0.5892116182572614	0.7087559245018313	Wheat LoRA adapter
1580	0.5684647302904564	0.6867481362849817	Wheat LoRA adapter
1581	0.5715767634854771	0.6952354729107377	Wheat LoRA adapter
1582	0.578838174273859	0.6806539318217295	Wheat LoRA adapter
1583	0.5643153526970954	0.6771755138229569	Wheat LoRA adapter
1584	0.5518672199170125	0.6577781143975243	Wheat LoRA adapter
1585	0.5643153526970954	0.6782207494869223	Wheat LoRA adapter
1586	0.5560165975103735	0.6624817343024236	Wheat LoRA adapter
1587	0.5653526970954357	0.6886830197619649	Wheat LoRA adapter
1588	0.5726141078838174	0.6816540900738175	Wheat LoRA adapter
1589	0.5632780082987552	0.6839640101734454	Wheat LoRA adapter
1590	0.5705394190871369	0.6883127193618205	Wheat LoRA adapter
1591	0.5726141078838174	0.6820081189406777	Wheat LoRA adapter
1592	0.553941908713693	0.6789345598637203	Wheat LoRA adapter
1593	0.5860995850622407	0.7113391220141874	Wheat LoRA adapter
1594	0.5767634854771784	0.6886968403212268	Wheat LoRA adapter
1595	0.5715767634854771	0.6952183212562418	Wheat LoRA adapter
1596	0.5798755186721992	0.7136567330289398	Wheat LoRA adapter
1597	0.5736514522821576	0.6883346514321075	Wheat LoRA adapter
1598	0.5591286307053942	0.6623645138361609	Wheat LoRA adapter
1599	0.5487551867219918	0.676668696571299	Wheat LoRA adapter
1600	0.5819502074688797	0.7138585375062334	Wheat LoRA adapter
1601	0.5601659751037344	0.6820486468840978	Wheat LoRA adapter
1602	0.5383817427385892	0.6470387891972158	Wheat LoRA adapter
1603	0.5549792531120332	0.6793614069772871	Wheat LoRA adapter
1604	0.5643153526970954	0.6772111233545174	Wheat LoRA adapter
1605	0.578838174273859	0.7074645667642658	Wheat LoRA adapter
1606	0.5653526970954357	0.6806556361508026	Wheat LoRA adapter
1607	0.5622406639004149	0.6909864247702382	Wheat LoRA adapter
1608	0.5425311203319502	0.664443934544066	Wheat LoRA adapter
1609	0.5466804979253111	0.6530767317898181	Wheat LoRA adapter
1610	0.5601659751037344	0.6844772034792748	Wheat LoRA adapter
1611	0.5798755186721992	0.6980834128083016	Wheat LoRA adapter
1612	0.5394190871369294	0.6613912904915316	Wheat LoRA adapter
1613	0.5933609958506224	0.7143613622101154	Wheat LoRA adapter
1614	0.5518672199170125	0.6827755153953514	Wheat LoRA adapter
1615	0.5705394190871369	0.6923772505043215	Wheat LoRA adapter
1616	0.524896265560166	0.6430038491639098	Wheat LoRA adapter
1617	0.5612033195020747	0.6794675307012352	Wheat LoRA adapter
1618	0.5373443983402489	0.6347645643742137	Wheat LoRA adapter
1619	0.5477178423236515	0.6739751523810937	Wheat LoRA adapter
1620	0.5705394190871369	0.6952617315293033	Wheat LoRA adapter
1621	0.5342323651452282	0.6545212357036428	Wheat LoRA adapter
1622	0.5746887966804979	0.7027972607897779	Wheat LoRA adapter
1623	0.5674273858921162	0.6955200219109199	Wheat LoRA adapter
1624	0.6006224066390041	0.7216363906496771	Wheat LoRA adapter
1625	0.5435684647302904	0.6670878773272564	Wheat LoRA adapter
1626	0.5435684647302904	0.6452757477804705	Wheat LoRA adapter
1627	0.5653526970954357	0.6924746219866424	Wheat LoRA adapter
1628	0.6016597510373444	0.7228629735935677	Wheat LoRA adapter
1629	0.5466804979253111	0.6652733233712974	Wheat LoRA adapter
1630	0.5477178423236515	0.6572022929936054	Wheat LoRA adapter
1631	0.5643153526970954	0.6947210793460081	Wheat LoRA adapter
1632	0.5591286307053942	0.6762180380455719	Wheat LoRA adapter
1633	0.5570539419087137	0.6819586479061581	Wheat LoRA adapter
1634	0.5508298755186722	0.6630904570966831	Wheat LoRA adapter
1635	0.5560165975103735	0.6897187298379562	Wheat LoRA adapter
1636	0.5653526970954357	0.6664366464152212	Wheat LoRA adapter
1637	0.5414937759336099	0.6922355701945222	Wheat LoRA adapter
1638	0.5674273858921162	0.6810285966432222	Wheat LoRA adapter
1639	0.549792531120332	0.6755021769302305	Wheat LoRA adapter
1640	0.5591286307053942	0.665718459666333	Wheat LoRA adapter
1641	0.5653526970954357	0.6577334772530985	Wheat LoRA adapter
1642	0.5684647302904564	0.6905744683912287	Wheat LoRA adapter
1643	0.5674273858921162	0.6949108660672281	Wheat LoRA adapter
1644	0.578838174273859	0.6875069585133675	Wheat LoRA adapter
1645	0.5663900414937759	0.7104634085060384	Wheat LoRA adapter
1646	0.5705394190871369	0.6979777825567856	Wheat LoRA adapter
1647	0.5902489626556017	0.7200048259997147	Wheat LoRA adapter
1648	0.5591286307053942	0.6685989183921036	Wheat LoRA adapter
1649	0.5394190871369294	0.6688218449774747	Wheat LoRA adapter
1650	0.5695020746887967	0.6909168537825386	Wheat LoRA adapter
1651	0.5643153526970954	0.6865318285516046	Wheat LoRA adapter
1652	0.5871369294605809	0.7013418463989888	Wheat LoRA adapter
1653	0.5601659751037344	0.694201686697435	Wheat LoRA adapter
1654	0.5798755186721992	0.7073512429168476	Wheat LoRA adapter
1655	0.5591286307053942	0.682747972155642	Wheat LoRA adapter
1656	0.5902489626556017	0.7048504090299114	Wheat LoRA adapter
1657	0.5446058091286307	0.6665121181617437	Wheat LoRA adapter
1658	0.5549792531120332	0.6842672065656885	Wheat LoRA adapter
1659	0.5746887966804979	0.6955700764620576	Wheat LoRA adapter
1660	0.5684647302904564	0.6819186122562921	Wheat LoRA adapter
1661	0.5383817427385892	0.6854955397574083	Wheat LoRA adapter
1662	0.5612033195020747	0.672410292706302	Wheat LoRA adapter
1663	0.5819502074688797	0.7039003130563701	Wheat LoRA adapter
1664	0.5549792531120332	0.6699004519547589	Wheat LoRA adapter
1665	0.5622406639004149	0.6759954627932288	Wheat LoRA adapter
1666	0.5383817427385892	0.6584017806493354	Wheat LoRA adapter
1667	0.5622406639004149	0.6970147361527728	Wheat LoRA adapter
1668	0.5466804979253111	0.6690182934408548	Wheat LoRA adapter
1669	0.533195020746888	0.6497344735602115	Wheat LoRA adapter
1670	0.5695020746887967	0.6641648129934915	Wheat LoRA adapter
1671	0.5643153526970954	0.6749711568078458	Wheat LoRA adapter
1672	0.5705394190871369	0.6798015846858421	Wheat LoRA adapter
1673	0.553941908713693	0.6897179430443446	Wheat LoRA adapter
1674	0.5674273858921162	0.7011277590003037	Wheat LoRA adapter
1675	0.5684647302904564	0.6899100358000485	Wheat LoRA adapter
1676	0.5508298755186722	0.6766425683244036	Wheat LoRA adapter
1677	0.5881742738589212	0.7090524031492773	Wheat LoRA adapter
1678	0.5757261410788381	0.685538833379195	Wheat LoRA adapter
1679	0.5394190871369294	0.6510310381489989	Wheat LoRA adapter
1680	0.5446058091286307	0.6480206921332463	Wheat LoRA adapter
1681	0.5529045643153527	0.6704872078766866	Wheat LoRA adapter
1682	0.5695020746887967	0.6996333667935374	Wheat LoRA adapter
1683	0.5746887966804979	0.7016896739534828	Wheat LoRA adapter
1684	0.5363070539419087	0.66166343459345	Wheat LoRA adapter
1685	0.5529045643153527	0.6847594069162009	Wheat LoRA adapter
1686	0.5601659751037344	0.690044898321797	Wheat LoRA adapter
1687	0.5663900414937759	0.6748470905656525	Wheat LoRA adapter
1688	0.5643153526970954	0.6712351778810637	Wheat LoRA adapter
1689	0.5570539419087137	0.6799275296320194	Wheat LoRA adapter
1690	0.5373443983402489	0.6593657615606086	Wheat LoRA adapter
1691	0.553941908713693	0.678294131746429	Wheat LoRA adapter
1692	0.5622406639004149	0.6784625767667349	Wheat LoRA adapter
1693	0.5612033195020747	0.6885574745348642	Wheat LoRA adapter
1694	0.5663900414937759	0.6787043928265272	Wheat LoRA adapter
1695	0.5705394190871369	0.673080924524633	Wheat LoRA adapter
1696	0.5622406639004149	0.6821313129284412	Wheat LoRA adapter
1697	0.5228215767634855	0.6433086430802406	Wheat LoRA adapter
1698	0.5985477178423236	0.7165533272739195	Wheat LoRA adapter
1699	0.5746887966804979	0.698833420081709	Wheat LoRA adapter
1700	0.5342323651452282	0.679914122613235	Wheat LoRA adapter
1701	0.5643153526970954	0.6829037531365861	Wheat LoRA adapter
1702	0.5881742738589212	0.7006113765185631	Wheat LoRA adapter
1703	0.5643153526970954	0.6819678052181697	Wheat LoRA adapter
1704	0.5300829875518672	0.6562388627068478	Wheat LoRA adapter
1705	0.549792531120332	0.6655763232960668	Wheat LoRA adapter
1706	0.5715767634854771	0.6788585608141386	Wheat LoRA adapter
1707	0.5549792531120332	0.6870720676976194	Wheat LoRA adapter
1708	0.5726141078838174	0.6828396644890954	Wheat LoRA adapter
1709	0.5435684647302904	0.6670267793257771	Wheat LoRA adapter
1710	0.549792531120332	0.6688212418018655	Wheat LoRA adapter
1711	0.5726141078838174	0.6866303087726052	Wheat LoRA adapter
1712	0.5705394190871369	0.6724804626206007	Wheat LoRA adapter
1713	0.5840248962655602	0.7082611388257184	Wheat LoRA adapter
1714	0.549792531120332	0.6711608968520082	Wheat LoRA adapter
1715	0.5881742738589212	0.7140564957178428	Wheat LoRA adapter
1716	0.5663900414937759	0.6843495050220176	Wheat LoRA adapter
1717	0.5767634854771784	0.6967286897644132	Wheat LoRA adapter
1718	0.5778008298755186	0.7082374709938692	Wheat LoRA adapter
1719	0.5663900414937759	0.6852368219940309	Wheat LoRA adapter
1720	0.5622406639004149	0.6794548438743032	Wheat LoRA adapter
1721	0.5394190871369294	0.6725065190898156	Wheat LoRA adapter
1722	0.5663900414937759	0.6802247027825226	Wheat LoRA adapter
1723	0.5726141078838174	0.692054208902755	Wheat LoRA adapter
1724	0.5321576763485477	0.6342400561732721	Wheat LoRA adapter
1725	0.5477178423236515	0.679815906491062	Wheat LoRA adapter
1726	0.5653526970954357	0.6921169408189575	Wheat LoRA adapter
1727	0.5726141078838174	0.7034061335131162	Wheat LoRA adapter
1728	0.5809128630705395	0.7039194812253924	Wheat LoRA adapter
1729	0.5819502074688797	0.6937458969924633	Wheat LoRA adapter
1730	0.5570539419087137	0.6936833373139875	Wheat LoRA adapter
1731	0.578838174273859	0.6986477841643772	Wheat LoRA adapter
1732	0.5435684647302904	0.6668195313884823	Wheat LoRA adapter
1733	0.5653526970954357	0.697611186857767	Wheat LoRA adapter
1734	0.5456431535269709	0.6700734758062318	Wheat LoRA adapter
1735	0.5726141078838174	0.6865672352891282	Wheat LoRA adapter
1736	0.5705394190871369	0.6809451164568316	Wheat LoRA adapter
1737	0.5798755186721992	0.6765092618531596	Wheat LoRA adapter
1738	0.5933609958506224	0.7039174775852408	Wheat LoRA adapter
1739	0.5881742738589212	0.6980609841593282	Wheat LoRA adapter
1740	0.5912863070539419	0.6949567317428298	Wheat LoRA adapter
1741	0.5435684647302904	0.6770212223075687	Wheat LoRA adapter
1742	0.5601659751037344	0.6781216392644445	Wheat LoRA adapter
1743	0.5684647302904564	0.692032912534622	Wheat LoRA adapter
1744	0.5601659751037344	0.6802393638396989	Wheat LoRA adapter
1745	0.5622406639004149	0.6771604265503867	Wheat LoRA adapter
1746	0.5456431535269709	0.6691228390799102	Wheat LoRA adapter
1747	0.5674273858921162	0.682591786149043	Wheat LoRA adapter
1748	0.5643153526970954	0.6793956133934459	Wheat LoRA adapter
1749	0.5632780082987552	0.6934602166678592	Wheat LoRA adapter
1750	0.5591286307053942	0.6737249327338355	Wheat LoRA adapter
1751	0.5518672199170125	0.6534946303105496	Wheat LoRA adapter
1752	0.5508298755186722	0.6675441213885313	Wheat LoRA adapter
1753	0.58298755186722	0.7030302816451075	Wheat LoRA adapter
1754	0.5809128630705395	0.7021915785502741	Wheat LoRA adapter
1755	0.5695020746887967	0.693871679068149	Wheat LoRA adapter
1756	0.5518672199170125	0.6584377463478012	Wheat LoRA adapter
1757	0.5269709543568465	0.6499045223964015	Wheat LoRA adapter
1758	0.5767634854771784	0.7041918344231504	Wheat LoRA adapter
1759	0.5591286307053942	0.6844885069764797	Wheat LoRA adapter
1760	0.5715767634854771	0.6883828113175293	Wheat LoRA adapter
1761	0.5705394190871369	0.7025037175884743	Wheat LoRA adapter
1762	0.5767634854771784	0.6983304571078708	Wheat LoRA adapter
1763	0.5695020746887967	0.6865977461843945	Wheat LoRA adapter
1764	0.5736514522821576	0.6924653607837752	Wheat LoRA adapter
1765	0.5871369294605809	0.7105748749074186	Wheat LoRA adapter
1766	0.578838174273859	0.6790603896264615	Wheat LoRA adapter
1767	0.5269709543568465	0.6419983438621533	Wheat LoRA adapter
1768	0.5466804979253111	0.6892869126587124	Wheat LoRA adapter
1769	0.5591286307053942	0.6686970695110122	Wheat LoRA adapter
1770	0.5269709543568465	0.6401284616542339	Wheat LoRA adapter
1771	0.5757261410788381	0.6821115952927778	Wheat LoRA adapter
1772	0.578838174273859	0.7036841256898722	Wheat LoRA adapter
1773	0.5715767634854771	0.7048674976153304	Wheat LoRA adapter
1774	0.5612033195020747	0.6797446062840928	Wheat LoRA adapter
1775	0.5715767634854771	0.6946074932724255	Wheat LoRA adapter
1776	0.5695020746887967	0.7075712719868821	Wheat LoRA adapter
1777	0.5912863070539419	0.7216215583345059	Wheat LoRA adapter
1778	0.5653526970954357	0.6937598710555852	Wheat LoRA adapter
1779	0.5850622406639004	0.6833834431395157	Wheat LoRA adapter
1780	0.5508298755186722	0.6657792686723658	Wheat LoRA adapter
1781	0.578838174273859	0.7023811013607373	Wheat LoRA adapter
1782	0.5591286307053942	0.6937866220514753	Wheat LoRA adapter
1783	0.5726141078838174	0.6910814874402955	Wheat LoRA adapter
1784	0.5373443983402489	0.6655380109458182	Wheat LoRA adapter
1785	0.549792531120332	0.6693056537516502	Wheat LoRA adapter
1786	0.5466804979253111	0.6584341062476526	Wheat LoRA adapter
1787	0.5622406639004149	0.6640081033558962	Wheat LoRA adapter
1788	0.5560165975103735	0.6681539302546355	Wheat LoRA adapter
1789	0.5477178423236515	0.6561600016633793	Wheat LoRA adapter
1790	0.5798755186721992	0.6977870690026121	Wheat LoRA adapter
1791	0.5487551867219918	0.6593177419943841	Wheat LoRA adapter
1792	0.558091286307054	0.6716555582913064	Wheat LoRA adapter
1793	0.5757261410788381	0.6734169823460705	Wheat LoRA adapter
1794	0.5653526970954357	0.6926171537937802	Wheat LoRA adapter
1795	0.5414937759336099	0.6586926178120014	Wheat LoRA adapter
1796	0.5778008298755186	0.6919783107173667	Wheat LoRA adapter
1797	0.5757261410788381	0.7107304662582404	Wheat LoRA adapter
1798	0.5570539419087137	0.6856329392048439	Wheat LoRA adapter
1799	0.5809128630705395	0.6860603925285769	Wheat LoRA adapter
1800	0.5477178423236515	0.6578536636872515	Wheat LoRA adapter
1801	0.5404564315352697	0.6654901121120811	Wheat LoRA adapter
1802	0.5674273858921162	0.6966961512722003	Wheat LoRA adapter
1803	0.5746887966804979	0.6959857861465247	Wheat LoRA adapter
1804	0.5746887966804979	0.7074807083228707	Wheat LoRA adapter
1805	0.5529045643153527	0.6750340143203344	Wheat LoRA adapter
1806	0.5632780082987552	0.6901772647090925	Wheat LoRA adapter
1807	0.5767634854771784	0.7024579353980867	Wheat LoRA adapter
1808	0.5860995850622407	0.7006352922689417	Wheat LoRA adapter
1809	0.5881742738589212	0.7089532232575276	Wheat LoRA adapter
1810	0.5695020746887967	0.6648381277355958	Wheat LoRA adapter
1811	0.5778008298755186	0.708966871013585	Wheat LoRA adapter
1812	0.5311203319502075	0.6723422142747931	Wheat LoRA adapter
1813	0.5570539419087137	0.6653118963421194	Wheat LoRA adapter
1814	0.5570539419087137	0.6878227641469066	Wheat LoRA adapter
1815	0.5695020746887967	0.6755289744804095	Wheat LoRA adapter
1816	0.5601659751037344	0.6787374117539495	Wheat LoRA adapter
1817	0.58298755186722	0.712894197591607	Wheat LoRA adapter
1818	0.5414937759336099	0.679156245435415	Wheat LoRA adapter
1819	0.5809128630705395	0.6993342312290106	Wheat LoRA adapter
1820	0.5726141078838174	0.7023375558354268	Wheat LoRA adapter
1821	0.5591286307053942	0.6881005235345407	Wheat LoRA adapter
1822	0.5684647302904564	0.6923969551229239	Wheat LoRA adapter
1823	0.5809128630705395	0.7059504416950824	Wheat LoRA adapter
1824	0.5632780082987552	0.6963969331984885	Wheat LoRA adapter
1825	0.5518672199170125	0.680601567654761	Wheat LoRA adapter
1826	0.5508298755186722	0.6819660774238971	Wheat LoRA adapter
1827	0.5622406639004149	0.6732889467504819	Wheat LoRA adapter
1828	0.5643153526970954	0.7062837195924208	Wheat LoRA adapter
1829	0.5622406639004149	0.688387912340624	Wheat LoRA adapter
1830	0.5601659751037344	0.6784830802578048	Wheat LoRA adapter
1831	0.5757261410788381	0.7019338870548831	Wheat LoRA adapter
1832	0.5736514522821576	0.6903892940244631	Wheat LoRA adapter
1833	0.5663900414937759	0.6840656800414406	Wheat LoRA adapter
1834	0.5508298755186722	0.6695422536623136	Wheat LoRA adapter
1835	0.5757261410788381	0.6860168766798498	Wheat LoRA adapter
1836	0.5705394190871369	0.7024626889276655	Wheat LoRA adapter
1837	0.5601659751037344	0.6840942372144887	Wheat LoRA adapter
1838	0.5456431535269709	0.6601362038927101	Wheat LoRA adapter
1839	0.5612033195020747	0.6897834401353857	Wheat LoRA adapter
1840	0.5363070539419087	0.6529590507152481	Wheat LoRA adapter
1841	0.5570539419087137	0.6777067461793895	Wheat LoRA adapter
1842	0.5601659751037344	0.6940371420142262	Wheat LoRA adapter
1843	0.553941908713693	0.6674879869936996	Wheat LoRA adapter
1844	0.558091286307054	0.6872296563482359	Wheat LoRA adapter
1845	0.5570539419087137	0.6708269678593903	Wheat LoRA adapter
1846	0.5726141078838174	0.6911679638279711	Wheat LoRA adapter
1847	0.5601659751037344	0.6823770910701857	Wheat LoRA adapter
1848	0.5663900414937759	0.6813232349432701	Wheat LoRA adapter
1849	0.5726141078838174	0.7011111762271961	Wheat LoRA adapter
1850	0.5363070539419087	0.6673151773977204	Wheat LoRA adapter
1851	0.5477178423236515	0.6693249690922478	Wheat LoRA adapter
1852	0.5881742738589212	0.7212585309634525	Wheat LoRA adapter
1853	0.5674273858921162	0.7114644355329887	Wheat LoRA adapter
1854	0.5798755186721992	0.6914611670404154	Wheat LoRA adapter
1855	0.5767634854771784	0.6848941949761471	Wheat LoRA adapter
1856	0.5466804979253111	0.6705141030771282	Wheat LoRA adapter
1857	0.5757261410788381	0.7072331683602575	Wheat LoRA adapter
1858	0.5456431535269709	0.6592552199861822	Wheat LoRA adapter
1859	0.5684647302904564	0.6965467335639957	Wheat LoRA adapter
1860	0.5570539419087137	0.6654228442084885	Wheat LoRA adapter
1861	0.5414937759336099	0.6798742549322805	Wheat LoRA adapter
1862	0.5695020746887967	0.6950669338550062	Wheat LoRA adapter
1863	0.5684647302904564	0.6884149032080886	Wheat LoRA adapter
1864	0.5757261410788381	0.7010991253867571	Wheat LoRA adapter
1865	0.5798755186721992	0.6790951301208729	Wheat LoRA adapter
1866	0.5663900414937759	0.6903270578665444	Wheat LoRA adapter
1867	0.5778008298755186	0.6844688557244608	Wheat LoRA adapter
1868	0.5591286307053942	0.6705524146889765	Wheat LoRA adapter
1869	0.5446058091286307	0.6799849668778526	Wheat LoRA adapter
1870	0.5643153526970954	0.6631145238124685	Wheat LoRA adapter
1871	0.5560165975103735	0.6871015872758219	Wheat LoRA adapter
1872	0.5726141078838174	0.694193536616571	Wheat LoRA adapter
1873	0.5601659751037344	0.6827148260674825	Wheat LoRA adapter
1874	0.5809128630705395	0.7103217939394533	Wheat LoRA adapter
1875	0.5456431535269709	0.6567444632728228	Wheat LoRA adapter
1876	0.5518672199170125	0.678863840227739	Wheat LoRA adapter
1877	0.5964730290456431	0.7115652675495496	Wheat LoRA adapter
1878	0.5663900414937759	0.674733155320892	Wheat LoRA adapter
1879	0.5518672199170125	0.6764091491574179	Wheat LoRA adapter
1880	0.5197095435684648	0.6495645090034429	Wheat LoRA adapter
1881	0.5663900414937759	0.6908846408267459	Wheat LoRA adapter
1882	0.5466804979253111	0.6547486756723737	Wheat LoRA adapter
1883	0.5892116182572614	0.7034360418533494	Wheat LoRA adapter
1884	0.5715767634854771	0.6951313506091491	Wheat LoRA adapter
1885	0.5798755186721992	0.6910762982729617	Wheat LoRA adapter
1886	0.5435684647302904	0.676517826277297	Wheat LoRA adapter
1887	0.5570539419087137	0.6730708805869569	Wheat LoRA adapter
1888	0.5643153526970954	0.7020359098913105	Wheat LoRA adapter
1889	0.5529045643153527	0.6775926815231107	Wheat LoRA adapter
1890	0.5840248962655602	0.6857267203751661	Wheat LoRA adapter
1891	0.5518672199170125	0.67767540347702	Wheat LoRA adapter
1892	0.5674273858921162	0.6926278789017815	Wheat LoRA adapter
1893	0.5809128630705395	0.6886068533173821	Wheat LoRA adapter
1894	0.5632780082987552	0.6859434678433679	Wheat LoRA adapter
1895	0.5632780082987552	0.6683434096818747	Wheat LoRA adapter
1896	0.5809128630705395	0.7050588423602379	Wheat LoRA adapter
1897	0.5736514522821576	0.6911206494195696	Wheat LoRA adapter
1898	0.5923236514522822	0.6914334742190842	Wheat LoRA adapter
1899	0.5746887966804979	0.6873120882577044	Wheat LoRA adapter
1900	0.5280082987551867	0.6572975817030254	Wheat LoRA adapter
1901	0.553941908713693	0.6796153696051916	Wheat LoRA adapter
1902	0.558091286307054	0.6810768757766514	Wheat LoRA adapter
1903	0.5663900414937759	0.6831860534910978	Wheat LoRA adapter
1904	0.5383817427385892	0.6768321945862368	Wheat LoRA adapter
1905	0.5643153526970954	0.6974621781731113	Wheat LoRA adapter
1906	0.5757261410788381	0.6925438286853509	Wheat LoRA adapter
1907	0.5695020746887967	0.6944408185727653	Wheat LoRA adapter
1908	0.553941908713693	0.6702884531836928	Wheat LoRA adapter
1909	0.5487551867219918	0.6668792486370101	Wheat LoRA adapter
1910	0.5549792531120332	0.6761300654024274	Wheat LoRA adapter
1911	0.553941908713693	0.6537906470857122	Wheat LoRA adapter
1912	0.5549792531120332	0.6739750223524937	Wheat LoRA adapter
1913	0.5767634854771784	0.6944707030382278	Wheat LoRA adapter
1914	0.5612033195020747	0.6650628748687151	Wheat LoRA adapter
1915	0.5653526970954357	0.6923641012722263	Wheat LoRA adapter
1916	0.5726141078838174	0.7027043873452169	Wheat LoRA adapter
1917	0.5715767634854771	0.6938266423392647	Wheat LoRA adapter
1918	0.5643153526970954	0.6974471542680362	Wheat LoRA adapter
1919	0.558091286307054	0.6597905958364176	Wheat LoRA adapter
1920	0.5404564315352697	0.6697812074992429	Wheat LoRA adapter
1921	0.558091286307054	0.6843346965151662	Wheat LoRA adapter
1922	0.5684647302904564	0.6738192028194148	Wheat LoRA adapter
1923	0.5529045643153527	0.6884824471285216	Wheat LoRA adapter
1924	0.5684647302904564	0.7049776669544714	Wheat LoRA adapter
1925	0.5280082987551867	0.6688681997892241	Wheat LoRA adapter
1926	0.5570539419087137	0.6775073294883407	Wheat LoRA adapter
1927	0.5560165975103735	0.6910340064183086	Wheat LoRA adapter
1928	0.5653526970954357	0.6684198380323341	Wheat LoRA adapter
1929	0.5736514522821576	0.6953850392807559	Wheat LoRA adapter
1930	0.5985477178423236	0.6941084111639553	Wheat LoRA adapter
1931	0.549792531120332	0.6902069918125466	Wheat LoRA adapter
1932	0.5560165975103735	0.6734769896876055	Wheat LoRA adapter
1933	0.5404564315352697	0.6774819446901279	Wheat LoRA adapter
1934	0.5643153526970954	0.688599367985061	Wheat LoRA adapter
1935	0.5726141078838174	0.6958703285533614	Wheat LoRA adapter
1936	0.5684647302904564	0.7098322287735581	Wheat LoRA adapter
1937	0.5778008298755186	0.6902337039834066	Wheat LoRA adapter
1938	0.5466804979253111	0.6737221071656343	Wheat LoRA adapter
1939	0.5684647302904564	0.6790329574489363	Wheat LoRA adapter
1940	0.5757261410788381	0.6980475805105294	Wheat LoRA adapter
1941	0.558091286307054	0.6779752713930295	Wheat LoRA adapter
1942	0.5560165975103735	0.7056142431076855	Wheat LoRA adapter
1943	0.549792531120332	0.6910381420693039	Wheat LoRA adapter
1944	0.558091286307054	0.6699938867837747	Wheat LoRA adapter
1945	0.58298755186722	0.6800507743929841	Wheat LoRA adapter
1946	0.516597510373444	0.650751727658295	Wheat LoRA adapter
1947	0.5695020746887967	0.692744907560596	Wheat LoRA adapter
1948	0.5715767634854771	0.6942978956261054	Wheat LoRA adapter
1949	0.558091286307054	0.6752033158281001	Wheat LoRA adapter
1950	0.5435684647302904	0.6453054480073259	Wheat LoRA adapter
1951	0.5840248962655602	0.7086436193346326	Wheat LoRA adapter
1952	0.5414937759336099	0.6711006382991769	Wheat LoRA adapter
1953	0.553941908713693	0.671936689705622	Wheat LoRA adapter
1954	0.5705394190871369	0.687204396386682	Wheat LoRA adapter
1955	0.5280082987551867	0.6388196212404531	Wheat LoRA adapter
1956	0.5892116182572614	0.7005179349338843	Wheat LoRA adapter
1957	0.5549792531120332	0.6917221407327085	Wheat LoRA adapter
1958	0.558091286307054	0.6865432061533646	Wheat LoRA adapter
1959	0.5695020746887967	0.6870067165086924	Wheat LoRA adapter
1960	0.5383817427385892	0.6604699639625713	Wheat LoRA adapter
1961	0.5674273858921162	0.6891115985556259	Wheat LoRA adapter
1962	0.558091286307054	0.665641984398758	Wheat LoRA adapter
1963	0.5466804979253111	0.6571126143212265	Wheat LoRA adapter
1964	0.5549792531120332	0.670090546744865	Wheat LoRA adapter
1965	0.5404564315352697	0.6617526067658555	Wheat LoRA adapter
1966	0.5663900414937759	0.6994465115041466	Wheat LoRA adapter
1967	0.5632780082987552	0.6711266678233423	Wheat LoRA adapter
1968	0.5809128630705395	0.710738945287892	Wheat LoRA adapter
1969	0.5466804979253111	0.6788596794737036	Wheat LoRA adapter
1970	0.5736514522821576	0.6858035497763668	Wheat LoRA adapter
1971	0.5529045643153527	0.6662362053237361	Wheat LoRA adapter
1972	0.5591286307053942	0.6876631309308672	Wheat LoRA adapter
1973	0.58298755186722	0.6915671454801255	Wheat LoRA adapter
1974	0.5404564315352697	0.6288336290803866	Wheat LoRA adapter
1975	0.5487551867219918	0.6865401172328556	Wheat LoRA adapter
1976	0.5487551867219918	0.6812668176837435	Wheat LoRA adapter
1977	0.5197095435684648	0.6488128563689692	Wheat LoRA adapter
1978	0.5663900414937759	0.6846211752412901	Wheat LoRA adapter
1979	0.5653526970954357	0.6816850617453878	Wheat LoRA adapter
1980	0.5508298755186722	0.6456555126085982	Wheat LoRA adapter
1981	0.5632780082987552	0.6878491960006841	Wheat LoRA adapter
1982	0.5466804979253111	0.6713743985167333	Wheat LoRA adapter
1983	0.5487551867219918	0.6244121269868144	Wheat LoRA adapter
1984	0.5684647302904564	0.7011951888393305	Wheat LoRA adapter
1985	0.5632780082987552	0.6854068202512411	Wheat LoRA adapter
1986	0.5736514522821576	0.6877327954468393	Wheat LoRA adapter
1987	0.5653526970954357	0.6767569419271572	Wheat LoRA adapter
1988	0.5643153526970954	0.6899662491467438	Wheat LoRA adapter
1989	0.5425311203319502	0.6763522737578931	Wheat LoRA adapter
1990	0.5653526970954357	0.6767908310697661	Wheat LoRA adapter
1991	0.5757261410788381	0.698750285644445	Wheat LoRA adapter
1992	0.5456431535269709	0.6598576672039382	Wheat LoRA adapter
1993	0.5695020746887967	0.70442731286009	Wheat LoRA adapter
1994	0.5705394190871369	0.6683633366975316	Wheat LoRA adapter
1995	0.5632780082987552	0.6713605033829486	Wheat LoRA adapter
1996	0.578838174273859	0.7030276782839955	Wheat LoRA adapter
1997	0.5778008298755186	0.6729327966631427	Wheat LoRA adapter
1998	0.578838174273859	0.6877766491585827	Wheat LoRA adapter
1999	0.5529045643153527	0.6619020432752085	Wheat LoRA adapter
2000	0.5767634854771784	0.6977125654620255	Wheat LoRA adapter
2001	0.5726141078838174	0.7005225632124136	Wheat LoRA adapter
2002	0.5757261410788381	0.6983189711496138	Wheat LoRA adapter
2003	0.5632780082987552	0.673647660517806	Wheat LoRA adapter
2004	0.5746887966804979	0.6993139168504499	Wheat LoRA adapter
2005	0.5549792531120332	0.6781481287507969	Wheat LoRA adapter
2006	0.5466804979253111	0.6768829553266347	Wheat LoRA adapter
2007	0.5902489626556017	0.7032884806405157	Wheat LoRA adapter
2008	0.5912863070539419	0.7037905236164381	Wheat LoRA adapter
2009	0.5549792531120332	0.6895746972749308	Wheat LoRA adapter
2010	0.5653526970954357	0.696569463063563	Wheat LoRA adapter
2011	0.5653526970954357	0.6691380929543697	Wheat LoRA adapter
2012	0.5622406639004149	0.6717946947526152	Wheat LoRA adapter
2013	0.5622406639004149	0.6943859628099923	Wheat LoRA adapter
2014	0.5612033195020747	0.6903321564600103	Wheat LoRA adapter
2015	0.5477178423236515	0.6653801148292078	Wheat LoRA adapter
2016	0.5881742738589212	0.6983833384217419	Wheat LoRA adapter
2017	0.5321576763485477	0.645888105972025	Wheat LoRA adapter
2018	0.5591286307053942	0.6762071743166337	Wheat LoRA adapter
2019	0.5881742738589212	0.7166431929963264	Wheat LoRA adapter
2020	0.5518672199170125	0.6861755349857859	Wheat LoRA adapter
2021	0.5632780082987552	0.6917080015353048	Wheat LoRA adapter
2022	0.558091286307054	0.6708163712985148	Wheat LoRA adapter
2023	0.5819502074688797	0.6927598241670143	Wheat LoRA adapter
2024	0.524896265560166	0.660703383804553	Wheat LoRA adapter
2025	0.5695020746887967	0.6873218531173877	Wheat LoRA adapter
2026	0.58298755186722	0.689956921492778	Wheat LoRA adapter
2027	0.5591286307053942	0.6872193592592986	Wheat LoRA adapter
2028	0.5809128630705395	0.7047452968838768	Wheat LoRA adapter
2029	0.5892116182572614	0.7079467602889458	Wheat LoRA adapter
2030	0.5570539419087137	0.6702664613020337	Wheat LoRA adapter
2031	0.5560165975103735	0.6782728268393874	Wheat LoRA adapter
2032	0.553941908713693	0.6717292682924196	Wheat LoRA adapter
2033	0.5622406639004149	0.7044554310262872	Wheat LoRA adapter
2034	0.5373443983402489	0.6641015036199194	Wheat LoRA adapter
2035	0.5466804979253111	0.6634380066065468	Wheat LoRA adapter
2036	0.5466804979253111	0.6656293778196669	Wheat LoRA adapter
2037	0.5715767634854771	0.6773658189208206	Wheat LoRA adapter
2038	0.558091286307054	0.6875308978227863	Wheat LoRA adapter
2039	0.5487551867219918	0.6663048155189829	Wheat LoRA adapter
2040	0.5487551867219918	0.6872129560301381	Wheat LoRA adapter
2041	0.5674273858921162	0.6890002020708583	Wheat LoRA adapter
2042	0.5529045643153527	0.7004448837491404	Wheat LoRA adapter
2043	0.5912863070539419	0.6945266592534339	Wheat LoRA adapter
2044	0.5529045643153527	0.6662193285304874	Wheat LoRA adapter
2045	0.5726141078838174	0.6911019234843154	Wheat LoRA adapter
2046	0.5695020746887967	0.6839587207483635	Wheat LoRA adapter
2047	0.5466804979253111	0.6646612090097627	Wheat LoRA adapter
2048	0.5414937759336099	0.6745801378622844	Wheat LoRA adapter
2049	0.5321576763485477	0.6722844824061247	Wheat LoRA adapter
2050	0.5591286307053942	0.6821284170829058	Wheat LoRA adapter
2051	0.5663900414937759	0.6962402901944272	Wheat LoRA adapter
2052	0.5705394190871369	0.6809975920435956	Wheat LoRA adapter
2053	0.5663900414937759	0.6778779866104758	Wheat LoRA adapter
2054	0.5549792531120332	0.6516790895193005	Wheat LoRA adapter
2055	0.5705394190871369	0.6966466148273947	Wheat LoRA adapter
2056	0.529045643153527	0.6625710648872731	Wheat LoRA adapter
2057	0.5643153526970954	0.6913907039225505	Wheat LoRA adapter
2058	0.5435684647302904	0.6778088014965605	Wheat LoRA adapter
2059	0.5674273858921162	0.6737221950148504	Wheat LoRA adapter
2060	0.549792531120332	0.6723357536690111	Wheat LoRA adapter
2061	0.5560165975103735	0.681852885000476	Wheat LoRA adapter
2062	0.5746887966804979	0.6734605531116749	Wheat LoRA adapter
2063	0.5446058091286307	0.6671347472999172	Wheat LoRA adapter
2064	0.558091286307054	0.6680621239672855	Wheat LoRA adapter
2065	0.5570539419087137	0.6687639140606487	Wheat LoRA adapter
2066	0.5414937759336099	0.6754694645399706	Wheat LoRA adapter
2067	0.5726141078838174	0.6860704906297033	Wheat LoRA adapter
2068	0.5715767634854771	0.6966420617768189	Wheat LoRA adapter
2069	0.578838174273859	0.695898085142229	Wheat LoRA adapter
2070	0.5591286307053942	0.6718793131512442	Wheat LoRA adapter
2071	0.5518672199170125	0.6557363018998366	Wheat LoRA adapter
2072	0.5643153526970954	0.6862210447206266	Wheat LoRA adapter
2073	0.5529045643153527	0.6795411008791185	Wheat LoRA adapter
2074	0.5663900414937759	0.6824428321304634	Wheat LoRA adapter
2075	0.5778008298755186	0.6798096831962088	Wheat LoRA adapter
2076	0.5798755186721992	0.6884239560501751	Wheat LoRA adapter
2077	0.553941908713693	0.683896155553892	Wheat LoRA adapter
2078	0.5549792531120332	0.682784733238589	Wheat LoRA adapter
2079	0.5383817427385892	0.6620822785895923	Wheat LoRA adapter
2080	0.5767634854771784	0.6942404963748455	Wheat LoRA adapter
2081	0.5591286307053942	0.6652043142284954	Wheat LoRA adapter
2082	0.553941908713693	0.68529147278542	Wheat LoRA adapter
2083	0.5622406639004149	0.671923520101146	Wheat LoRA adapter
2084	0.5425311203319502	0.6618515543089045	Wheat LoRA adapter
2085	0.5477178423236515	0.6815953228605817	Wheat LoRA adapter
2086	0.5850622406639004	0.7001722585000705	Wheat LoRA adapter
2087	0.5695020746887967	0.6995143771190013	Wheat LoRA adapter
2088	0.5674273858921162	0.6932507956327668	Wheat LoRA adapter
2089	0.5601659751037344	0.6822306727413517	Wheat LoRA adapter
2090	0.5663900414937759	0.6768625494753848	Wheat LoRA adapter
2091	0.5560165975103735	0.6717922451953973	Wheat LoRA adapter
2092	0.5850622406639004	0.6877617762227578	Wheat LoRA adapter
2093	0.5404564315352697	0.6625620774988203	Wheat LoRA adapter
2094	0.5363070539419087	0.6438145297202583	Wheat LoRA adapter
2095	0.558091286307054	0.6721932615417618	Wheat LoRA adapter
2096	0.5622406639004149	0.6566131287851467	Wheat LoRA adapter
2097	0.5508298755186722	0.6859696541524951	Wheat LoRA adapter
2098	0.5487551867219918	0.6732121954208817	Wheat LoRA adapter
2099	0.5373443983402489	0.6745709102257114	Wheat LoRA adapter
2100	0.5570539419087137	0.677263640588907	Wheat LoRA adapter
2101	0.5778008298755186	0.7031223322122679	Wheat LoRA adapter
2102	0.5321576763485477	0.6614427324514337	Wheat LoRA adapter
2103	0.5726141078838174	0.6907671365508228	Wheat LoRA adapter
2104	0.5632780082987552	0.7026818632004237	Wheat LoRA adapter
2105	0.5881742738589212	0.6978560359118283	Wheat LoRA adapter
2106	0.5726141078838174	0.6934676747509259	Wheat LoRA adapter
2107	0.553941908713693	0.6596261369311504	Wheat LoRA adapter
2108	0.5560165975103735	0.6723732658751063	Wheat LoRA adapter
2109	0.5643153526970954	0.6924038290067449	Wheat LoRA adapter
2110	0.5622406639004149	0.6933813660755608	Wheat LoRA adapter
2111	0.5715767634854771	0.6902782255329297	Wheat LoRA adapter
2112	0.5964730290456431	0.7015245782840864	Wheat LoRA adapter
2113	0.5518672199170125	0.6519042747814304	Wheat LoRA adapter
2114	0.5591286307053942	0.6762810422918337	Wheat LoRA adapter
2115	0.5456431535269709	0.6583073880362449	Wheat LoRA adapter
2116	0.5435684647302904	0.6765650196764534	Wheat LoRA adapter
2117	0.5746887966804979	0.6846682462209384	Wheat LoRA adapter
2118	0.5726141078838174	0.7052618488792273	Wheat LoRA adapter
2119	0.5456431535269709	0.672911196474529	Wheat LoRA adapter
2120	0.5840248962655602	0.698971882704033	Wheat LoRA adapter
2121	0.5746887966804979	0.6963303137633033	Wheat LoRA adapter
2122	0.5466804979253111	0.6549402064530635	Wheat LoRA adapter
2123	0.5622406639004149	0.6647896590201202	Wheat LoRA adapter
2124	0.5404564315352697	0.6682012522731255	Wheat LoRA adapter
2125	0.5954356846473029	0.6996867011749676	Wheat LoRA adapter
2126	0.5560165975103735	0.6838726190557719	Wheat LoRA adapter
2127	0.5674273858921162	0.6789433244432542	Wheat LoRA adapter
2128	0.5456431535269709	0.6610840610881602	Wheat LoRA adapter
2129	0.58298755186722	0.688804688427931	Wheat LoRA adapter
2130	0.5943983402489627	0.7084664864833169	Wheat LoRA adapter
2131	0.5757261410788381	0.7113591613021178	Wheat LoRA adapter
2132	0.5860995850622407	0.6941627339521631	Wheat LoRA adapter
2133	0.5767634854771784	0.6902727053006585	Wheat LoRA adapter
2134	0.5923236514522822	0.7214594130494844	Wheat LoRA adapter
2135	0.5736514522821576	0.6878871627699181	Wheat LoRA adapter
2136	0.5809128630705395	0.702279882481929	Wheat LoRA adapter
2137	0.5674273858921162	0.7079259312900945	Wheat LoRA adapter
2138	0.5508298755186722	0.6654943157908854	Wheat LoRA adapter
2139	0.5591286307053942	0.6852004498984584	Wheat LoRA adapter
2140	0.5892116182572614	0.6917711780532132	Wheat LoRA adapter
2141	0.5653526970954357	0.6748598444672245	Wheat LoRA adapter
2142	0.5363070539419087	0.6651558298683903	Wheat LoRA adapter
2143	0.5311203319502075	0.6502509099857176	Wheat LoRA adapter
2144	0.578838174273859	0.7151925238074344	Wheat LoRA adapter
2145	0.5456431535269709	0.6633856641469673	Wheat LoRA adapter
2146	0.5684647302904564	0.6648474500524398	Wheat LoRA adapter
2147	0.5508298755186722	0.6673259529010391	Wheat LoRA adapter
2148	0.5394190871369294	0.6801494034883111	Wheat LoRA adapter
2149	0.5560165975103735	0.6780371272653654	Wheat LoRA adapter
2150	0.5726141078838174	0.6852144470261492	Wheat LoRA adapter
2151	0.5902489626556017	0.707460214131095	Wheat LoRA adapter
2152	0.5549792531120332	0.670487988621216	Wheat LoRA adapter
2153	0.5549792531120332	0.6777204790077582	Wheat LoRA adapter
2154	0.5560165975103735	0.6776332884931834	Wheat LoRA adapter
2155	0.5591286307053942	0.6936189189752147	Wheat LoRA adapter
2156	0.5435684647302904	0.6858386381911513	Wheat LoRA adapter
2157	0.5943983402489627	0.722243174924527	Wheat LoRA adapter
2158	0.5736514522821576	0.7014602296003353	Wheat LoRA adapter
2159	0.5684647302904564	0.692540792456851	Wheat LoRA adapter
2160	0.558091286307054	0.6882421106461833	Wheat LoRA adapter
2161	0.5383817427385892	0.653646355081323	Wheat LoRA adapter
2162	0.5653526970954357	0.6655675871955551	Wheat LoRA adapter
2163	0.5456431535269709	0.6751111082618977	Wheat LoRA adapter
2164	0.5591286307053942	0.6863416093157119	Wheat LoRA adapter
2165	0.5726141078838174	0.7055214060295067	Wheat LoRA adapter
2166	0.5487551867219918	0.6762918873917378	Wheat LoRA adapter
2167	0.5726141078838174	0.6768648227411208	Wheat LoRA adapter
2168	0.5643153526970954	0.6668647522671272	Wheat LoRA adapter
2169	0.5705394190871369	0.695652228522001	Wheat LoRA adapter
2170	0.5643153526970954	0.682590142929673	Wheat LoRA adapter
2171	0.5663900414937759	0.6870936306439008	Wheat LoRA adapter
2172	0.5933609958506224	0.7073816545876127	Wheat LoRA adapter
2173	0.5912863070539419	0.7158654181045078	Wheat LoRA adapter
2174	0.5425311203319502	0.6581018102420865	Wheat LoRA adapter
2175	0.58298755186722	0.7069755173050765	Wheat LoRA adapter
2176	0.5601659751037344	0.6724575366453831	Wheat LoRA adapter
2177	0.5695020746887967	0.6957209326804775	Wheat LoRA adapter
2178	0.5425311203319502	0.6581862928203711	Wheat LoRA adapter
2179	0.5529045643153527	0.6663570888445657	Wheat LoRA adapter
2180	0.5197095435684648	0.6427174062734173	Wheat LoRA adapter
2181	0.5456431535269709	0.676085645604447	Wheat LoRA adapter
2182	0.5632780082987552	0.6725981702024451	Wheat LoRA adapter
2183	0.5643153526970954	0.7043254313651235	Wheat LoRA adapter
2184	0.5591286307053942	0.6907264001260395	Wheat LoRA adapter
2185	0.5435684647302904	0.6662288136472565	Wheat LoRA adapter
2186	0.5695020746887967	0.6917385973737973	Wheat LoRA adapter
2187	0.5466804979253111	0.6691320532165637	Wheat LoRA adapter
2188	0.5612033195020747	0.6710579125845855	Wheat LoRA adapter
2189	0.5311203319502075	0.6582302500378405	Wheat LoRA adapter
2190	0.5456431535269709	0.671002356518416	Wheat LoRA adapter
2191	0.5809128630705395	0.6789609614450556	Wheat LoRA adapter
2192	0.5778008298755186	0.6956313475786235	Wheat LoRA adapter
2193	0.5840248962655602	0.6982649028336774	Wheat LoRA adapter
2194	0.558091286307054	0.6570370986762188	Wheat LoRA adapter
2195	0.5601659751037344	0.6947203345406764	Wheat LoRA adapter
2196	0.5632780082987552	0.6806880053682505	Wheat LoRA adapter
2197	0.5601659751037344	0.6899745433296252	Wheat LoRA adapter
2198	0.5663900414937759	0.6872721819377299	Wheat LoRA adapter
2199	0.5705394190871369	0.7031561133133581	Wheat LoRA adapter
2200	0.5591286307053942	0.6965775882385978	Wheat LoRA adapter
2201	0.5757261410788381	0.7066572172904866	Wheat LoRA adapter
2202	0.5414937759336099	0.6646120802728541	Wheat LoRA adapter
2203	0.5695020746887967	0.6684256910992181	Wheat LoRA adapter
2204	0.5518672199170125	0.6703334223473735	Wheat LoRA adapter
2205	0.6016597510373444	0.7216633375818822	Wheat LoRA adapter
2206	0.5653526970954357	0.6891326350708606	Wheat LoRA adapter
2207	0.5653526970954357	0.6877060359225802	Wheat LoRA adapter
2208	0.5560165975103735	0.673052661920454	Wheat LoRA adapter
2209	0.5394190871369294	0.6688624032793934	Wheat LoRA adapter
2210	0.5466804979253111	0.6748749285953685	Wheat LoRA adapter
2211	0.5964730290456431	0.7172994777236883	Wheat LoRA adapter
2212	0.5643153526970954	0.6881770950800539	Wheat LoRA adapter
2213	0.5487551867219918	0.6693351452366925	Wheat LoRA adapter
2214	0.5840248962655602	0.6928705880695354	Wheat LoRA adapter
2215	0.5684647302904564	0.6865698654497143	Wheat LoRA adapter
2216	0.5705394190871369	0.6917492822992498	Wheat LoRA adapter
2217	0.5269709543568465	0.6546602353068074	Wheat LoRA adapter
2218	0.5145228215767634	0.636381007262686	Wheat LoRA adapter
2219	0.5778008298755186	0.6732122538329384	Wheat LoRA adapter
2220	0.58298755186722	0.6900606996413507	Wheat LoRA adapter
2221	0.5477178423236515	0.6583008884704055	Wheat LoRA adapter
2222	0.5923236514522822	0.7148794229016604	Wheat LoRA adapter
2223	0.5819502074688797	0.7081058419097663	Wheat LoRA adapter
2224	0.5736514522821576	0.7013672703819436	Wheat LoRA adapter
2225	0.5591286307053942	0.6692971074065908	Wheat LoRA adapter
2226	0.5352697095435685	0.6668658246110747	Wheat LoRA adapter
2227	0.5570539419087137	0.6590102888762045	Wheat LoRA adapter
2228	0.5850622406639004	0.6995816471407301	Wheat LoRA adapter
2229	0.578838174273859	0.6981809341452272	Wheat LoRA adapter
2230	0.5663900414937759	0.6785615572591159	Wheat LoRA adapter
2231	0.5860995850622407	0.6969290951561958	Wheat LoRA adapter
2232	0.5394190871369294	0.6701137002154934	Wheat LoRA adapter
2233	0.5705394190871369	0.6873176352022787	Wheat LoRA adapter
2234	0.5591286307053942	0.7023814548501441	Wheat LoRA adapter
2235	0.5529045643153527	0.6866522352243782	Wheat LoRA adapter
2236	0.5549792531120332	0.6698277800796584	Wheat LoRA adapter
2237	0.5414937759336099	0.6488204792266787	Wheat LoRA adapter
2238	0.5508298755186722	0.68205908305022	Wheat LoRA adapter
2239	0.558091286307054	0.6733409025769229	Wheat LoRA adapter
2240	0.5466804979253111	0.6534061290761488	Wheat LoRA adapter
2241	0.5715767634854771	0.7033904793613259	Wheat LoRA adapter
2242	0.533195020746888	0.6813454501645846	Wheat LoRA adapter
2243	0.5778008298755186	0.6941639893555837	Wheat LoRA adapter
2244	0.5508298755186722	0.6732496550100208	Wheat LoRA adapter
2245	0.5446058091286307	0.667833039238112	Wheat LoRA adapter
2246	0.5705394190871369	0.6986806634357492	Wheat LoRA adapter
2247	0.578838174273859	0.6991183399236254	Wheat LoRA adapter
2248	0.558091286307054	0.6869762828012919	Wheat LoRA adapter
2249	0.5591286307053942	0.691532446096167	Wheat LoRA adapter
2250	0.5684647302904564	0.6929180014667811	Wheat LoRA adapter
2251	0.5632780082987552	0.6754873374536934	Wheat LoRA adapter
2252	0.5591286307053942	0.6764887629708604	Wheat LoRA adapter
2253	0.5529045643153527	0.6774296918075502	Wheat LoRA adapter
2254	0.5456431535269709	0.6617702068885514	Wheat LoRA adapter
2255	0.5643153526970954	0.6970891161799566	Wheat LoRA adapter
2256	0.5591286307053942	0.6931353209123043	Wheat LoRA adapter
2257	0.5601659751037344	0.6832630829715542	Wheat LoRA adapter
2258	0.5674273858921162	0.6655937039450858	Wheat LoRA adapter
2259	0.5259336099585062	0.6772964070966906	Wheat LoRA adapter
2260	0.5549792531120332	0.6944744237802255	Wheat LoRA adapter
2261	0.5466804979253111	0.6710233395279932	Wheat LoRA adapter
2262	0.5954356846473029	0.7019583402222522	Wheat LoRA adapter
2263	0.5425311203319502	0.6628464710789805	Wheat LoRA adapter
2264	0.5529045643153527	0.6593329066564403	Wheat LoRA adapter
2265	0.5622406639004149	0.6719673630554878	Wheat LoRA adapter
2266	0.578838174273859	0.7123532340533413	Wheat LoRA adapter
2267	0.5892116182572614	0.7093422621169532	Wheat LoRA adapter
2268	0.5601659751037344	0.6726645534589066	Wheat LoRA adapter
2269	0.5757261410788381	0.6825017459877811	Wheat LoRA adapter
2270	0.5954356846473029	0.7258051064941393	Wheat LoRA adapter
2271	0.5560165975103735	0.6775979379099173	Wheat LoRA adapter
2272	0.5487551867219918	0.6634217935209455	Wheat LoRA adapter
2273	0.5612033195020747	0.6875814124242633	Wheat LoRA adapter
2274	0.5435684647302904	0.6769511895017816	Wheat LoRA adapter
2275	0.529045643153527	0.6664206932741619	Wheat LoRA adapter
2276	0.5176348547717843	0.659067136379929	Wheat LoRA adapter
2277	0.5487551867219918	0.6613459230589589	Wheat LoRA adapter
2278	0.5394190871369294	0.6486859972477037	Wheat LoRA adapter
2279	0.5715767634854771	0.6895444439730682	Wheat LoRA adapter
2280	0.553941908713693	0.6722556792296261	Wheat LoRA adapter
2281	0.5746887966804979	0.6905068750977986	Wheat LoRA adapter
2282	0.5695020746887967	0.6947061702135227	Wheat LoRA adapter
2283	0.5570539419087137	0.6771092781101393	Wheat LoRA adapter
2284	0.5674273858921162	0.6898980026442949	Wheat LoRA adapter
2285	0.5477178423236515	0.6740357121318823	Wheat LoRA adapter
2286	0.549792531120332	0.685613536241927	Wheat LoRA adapter
2287	0.529045643153527	0.64234154420372	Wheat LoRA adapter
2288	0.5684647302904564	0.6893879139565524	Wheat LoRA adapter
2289	0.524896265560166	0.6652081337593388	Wheat LoRA adapter
2290	0.5622406639004149	0.7103120944932897	Wheat LoRA adapter
2291	0.5518672199170125	0.6771354637807319	Wheat LoRA adapter
2292	0.5414937759336099	0.6719455255273314	Wheat LoRA adapter
2293	0.5715767634854771	0.6784090620529817	Wheat LoRA adapter
2294	0.5653526970954357	0.6874336496019208	Wheat LoRA adapter
2295	0.5414937759336099	0.6862880879255179	Wheat LoRA adapter
2296	0.549792531120332	0.6713970639103292	Wheat LoRA adapter
2297	0.5809128630705395	0.69571396427346	Wheat LoRA adapter
2298	0.5695020746887967	0.688839147665413	Wheat LoRA adapter
2299	0.5684647302904564	0.6987233673427893	Wheat LoRA adapter
2300	0.5414937759336099	0.6904322037909835	Wheat LoRA adapter
2301	0.5373443983402489	0.6794153506536891	Wheat LoRA adapter
2302	0.5342323651452282	0.6548133801367793	Wheat LoRA adapter
2303	0.5456431535269709	0.6757768375690707	Wheat LoRA adapter
2304	0.5902489626556017	0.7089478351694029	Wheat LoRA adapter
2305	0.520746887966805	0.6700319936566211	Wheat LoRA adapter
2306	0.5591286307053942	0.6803809282676822	Wheat LoRA adapter
2307	0.524896265560166	0.6513089741361737	Wheat LoRA adapter
2308	0.5394190871369294	0.6659496064581417	Wheat LoRA adapter
2309	0.5518672199170125	0.6765682668291242	Wheat LoRA adapter
2310	0.5871369294605809	0.701623191278636	Wheat LoRA adapter
2311	0.558091286307054	0.6856875200993524	Wheat LoRA adapter
2312	0.5705394190871369	0.6940140537551626	Wheat LoRA adapter
2313	0.553941908713693	0.6867531944126859	Wheat LoRA adapter
2314	0.5715767634854771	0.6885124816785094	Wheat LoRA adapter
2315	0.5860995850622407	0.7034605203921582	Wheat LoRA adapter
2316	0.5632780082987552	0.6878633444877515	Wheat LoRA adapter
2317	0.5860995850622407	0.6952144617424885	Wheat LoRA adapter
2318	0.5746887966804979	0.6984468250672022	Wheat LoRA adapter
2319	0.5321576763485477	0.660966094927224	Wheat LoRA adapter
2320	0.5435684647302904	0.6455933704473364	Wheat LoRA adapter
2321	0.5425311203319502	0.6713861641066255	Wheat LoRA adapter
2322	0.5746887966804979	0.6798034547009205	Wheat LoRA adapter
2323	0.5456431535269709	0.6679604863365269	Wheat LoRA adapter
2324	0.5705394190871369	0.6964105543203484	Wheat LoRA adapter
2325	0.5404564315352697	0.6612960252265967	Wheat LoRA adapter
2326	0.5622406639004149	0.6827136953716182	Wheat LoRA adapter
2327	0.5487551867219918	0.6990780999422352	Wheat LoRA adapter
2328	0.5549792531120332	0.6833347171666166	Wheat LoRA adapter
2329	0.5767634854771784	0.7026647324209832	Wheat LoRA adapter
2330	0.5529045643153527	0.6794515811247905	Wheat LoRA adapter
2331	0.5601659751037344	0.6670321162529653	Wheat LoRA adapter
2332	0.553941908713693	0.6839748065834605	Wheat LoRA adapter
2333	0.5549792531120332	0.6804736759507356	Wheat LoRA adapter
2334	0.5695020746887967	0.684268327437007	Wheat LoRA adapter
2335	0.58298755186722	0.6899830406981164	Wheat LoRA adapter
2336	0.5373443983402489	0.6632987328993245	Wheat LoRA adapter
2337	0.5622406639004149	0.6787320226159134	Wheat LoRA adapter
2338	0.5643153526970954	0.6774475096691961	Wheat LoRA adapter
2339	0.5477178423236515	0.6765576984980007	Wheat LoRA adapter
2340	0.5414937759336099	0.6294140541755048	Wheat LoRA adapter
2341	0.5560165975103735	0.663768956789438	Wheat LoRA adapter
2342	0.5466804979253111	0.6836852495413268	Wheat LoRA adapter
2343	0.5809128630705395	0.6942207717716842	Wheat LoRA adapter
2344	0.6109958506224067	0.7095038760188657	Wheat LoRA adapter
2345	0.5373443983402489	0.6515741943079676	Wheat LoRA adapter
2346	0.5674273858921162	0.6623886283995533	Wheat LoRA adapter
2347	0.5632780082987552	0.6852728884029312	Wheat LoRA adapter
2348	0.5363070539419087	0.6395163434316764	Wheat LoRA adapter
2349	0.5477178423236515	0.6840850168355105	Wheat LoRA adapter
2350	0.5529045643153527	0.6638301039156573	Wheat LoRA adapter
2351	0.5477178423236515	0.6731090052982438	Wheat LoRA adapter
2352	0.5404564315352697	0.6779675130699254	Wheat LoRA adapter
2353	0.5529045643153527	0.6902193902519692	Wheat LoRA adapter
2354	0.5746887966804979	0.6980951744841516	Wheat LoRA adapter
2355	0.5487551867219918	0.6652541059679492	Wheat LoRA adapter
2356	0.5757261410788381	0.701774268019624	Wheat LoRA adapter
2357	0.5425311203319502	0.6680764113295987	Wheat LoRA adapter
2358	0.5529045643153527	0.6647215346330776	Wheat LoRA adapter
2359	0.5850622406639004	0.7240352936928223	Wheat LoRA adapter
2360	0.558091286307054	0.6827516822361729	Wheat LoRA adapter
2361	0.5809128630705395	0.6823411815807148	Wheat LoRA adapter
2362	0.5746887966804979	0.694930587983394	Wheat LoRA adapter
2363	0.5321576763485477	0.6751551978304091	Wheat LoRA adapter
2364	0.5456431535269709	0.6867441768294682	Wheat LoRA adapter
2365	0.5508298755186722	0.6737389869785677	Wheat LoRA adapter
2366	0.5591286307053942	0.6968288881894276	Wheat LoRA adapter
2367	0.5487551867219918	0.6647987226702008	Wheat LoRA adapter
2368	0.5508298755186722	0.6631917445810818	Wheat LoRA adapter
2369	0.5570539419087137	0.675091844128627	Wheat LoRA adapter
2370	0.5529045643153527	0.6587689356099724	Wheat LoRA adapter
2371	0.5809128630705395	0.7056704759036443	Wheat LoRA adapter
2372	0.5798755186721992	0.7026839095615384	Wheat LoRA adapter
2373	0.5684647302904564	0.6989201906730081	Wheat LoRA adapter
2374	0.5715767634854771	0.6901746419982702	Wheat LoRA adapter
2375	0.5622406639004149	0.683011928425339	Wheat LoRA adapter
2376	0.5352697095435685	0.6550846634766505	Wheat LoRA adapter
2377	0.5684647302904564	0.6685225080274263	Wheat LoRA adapter
2378	0.5487551867219918	0.6648962699815326	Wheat LoRA adapter
2379	0.5570539419087137	0.6639048565611786	Wheat LoRA adapter
2380	0.5601659751037344	0.6533372222723206	Wheat LoRA adapter
2381	0.553941908713693	0.6765331450946754	Wheat LoRA adapter
2382	0.5632780082987552	0.6844954018939365	Wheat LoRA adapter
2383	0.5394190871369294	0.6564964461319749	Wheat LoRA adapter
2384	0.5477178423236515	0.6601439092134269	Wheat LoRA adapter
2385	0.5663900414937759	0.6964476118876921	Wheat LoRA adapter
2386	0.5435684647302904	0.6651525371857803	Wheat LoRA adapter
2387	0.5446058091286307	0.6502271756620572	Wheat LoRA adapter
2388	0.558091286307054	0.6850220403556427	Wheat LoRA adapter
2389	0.5663900414937759	0.693486684281954	Wheat LoRA adapter
2390	0.549792531120332	0.6712277445326578	Wheat LoRA adapter
2391	0.5529045643153527	0.6506176397045054	Wheat LoRA adapter
2392	0.5663900414937759	0.687407848274549	Wheat LoRA adapter
2393	0.5529045643153527	0.664710227840583	Wheat LoRA adapter
2394	0.5446058091286307	0.6689906192912574	Wheat LoRA adapter
2395	0.5695020746887967	0.6839617879776636	Wheat LoRA adapter
2396	0.5622406639004149	0.6668365759300179	Wheat LoRA adapter
2397	0.5446058091286307	0.6831784074708609	Wheat LoRA adapter
2398	0.5736514522821576	0.688399295875211	Wheat LoRA adapter
2399	0.5892116182572614	0.6916222117914391	Wheat LoRA adapter
2400	0.5933609958506224	0.7078232916921459	Wheat LoRA adapter
2401	0.5954356846473029	0.7125647080196179	Wheat LoRA adapter
2402	0.558091286307054	0.6925891581571806	Wheat LoRA adapter
2403	0.5736514522821576	0.7143470523456815	Wheat LoRA adapter
2404	0.5560165975103735	0.6876612977283849	Wheat LoRA adapter
2405	0.5518672199170125	0.6809180323506373	Wheat LoRA adapter
2406	0.5591286307053942	0.6928352330674397	Wheat LoRA adapter
2407	0.5612033195020747	0.6817667023732308	Wheat LoRA adapter
2408	0.5456431535269709	0.6651510277307108	Wheat LoRA adapter
2409	0.5456431535269709	0.654601468156663	Wheat LoRA adapter
2410	0.5134854771784232	0.6304505274835297	Wheat LoRA adapter
2411	0.5632780082987552	0.7036756070916834	Wheat LoRA adapter
2412	0.5622406639004149	0.6927339800517108	Wheat LoRA adapter
2413	0.5549792531120332	0.6727119527834211	Wheat LoRA adapter
2414	0.5456431535269709	0.6630857780778094	Wheat LoRA adapter
2415	0.5446058091286307	0.6691511350449141	Wheat LoRA adapter
2416	0.5746887966804979	0.6895005759751839	Wheat LoRA adapter
2417	0.5518672199170125	0.6776643858797098	Wheat LoRA adapter
2418	0.5425311203319502	0.6546898136883588	Wheat LoRA adapter
2419	0.5746887966804979	0.6817111020254996	Wheat LoRA adapter
2420	0.5529045643153527	0.6860645368371039	Wheat LoRA adapter
2421	0.5622406639004149	0.6840841433539048	Wheat LoRA adapter
2422	0.5612033195020747	0.6666539247948264	Wheat LoRA adapter
2423	0.5518672199170125	0.6731952192486129	Wheat LoRA adapter
2424	0.5767634854771784	0.6976253822270486	Wheat LoRA adapter
2425	0.5622406639004149	0.6778638105076467	Wheat LoRA adapter
2426	0.5342323651452282	0.6599476864600939	Wheat LoRA adapter
2427	0.5259336099585062	0.6488724855511381	Wheat LoRA adapter
2428	0.5653526970954357	0.7004268313921734	Wheat LoRA adapter
2429	0.5778008298755186	0.7027445233585439	Wheat LoRA adapter
2430	0.5715767634854771	0.6784153354459774	Wheat LoRA adapter
2431	0.5622406639004149	0.6754741568189131	Wheat LoRA adapter
2432	0.5684647302904564	0.6918511901575175	Wheat LoRA adapter
2433	0.5570539419087137	0.682269163881243	Wheat LoRA adapter
2434	0.5529045643153527	0.6874379655655849	Wheat LoRA adapter
2435	0.5560165975103735	0.6935350333909214	Wheat LoRA adapter
2436	0.5674273858921162	0.694596403932171	Wheat LoRA adapter
2437	0.5549792531120332	0.6904261265265828	Wheat LoRA adapter
2438	0.5622406639004149	0.6777738571103158	Wheat LoRA adapter
2439	0.5736514522821576	0.6762007763623775	Wheat LoRA adapter
2440	0.5757261410788381	0.7124597271059427	Wheat LoRA adapter
2441	0.5570539419087137	0.6847070072907055	Wheat LoRA adapter
2442	0.5518672199170125	0.6851567591066186	Wheat LoRA adapter
2443	0.5622406639004149	0.6911220511469109	Wheat LoRA adapter
2444	0.5612033195020747	0.687496753229653	Wheat LoRA adapter
2445	0.5663900414937759	0.6897637054470225	Wheat LoRA adapter
2446	0.5902489626556017	0.6863342056080829	Wheat LoRA adapter
2447	0.5435684647302904	0.6596871859427291	Wheat LoRA adapter
2448	0.5736514522821576	0.6986642733107198	Wheat LoRA adapter
2449	0.553941908713693	0.674546751775569	Wheat LoRA adapter
2450	0.5778008298755186	0.6963845144173295	Wheat LoRA adapter
2451	0.5560165975103735	0.681977053166013	Wheat LoRA adapter
2452	0.5663900414937759	0.6935073249565349	Wheat LoRA adapter
2453	0.5643153526970954	0.6852979233596554	Wheat LoRA adapter
2454	0.5653526970954357	0.687783031997174	Wheat LoRA adapter
2455	0.5425311203319502	0.6638667327109615	Wheat LoRA adapter
2456	0.5404564315352697	0.681458020008671	Wheat LoRA adapter
2457	0.5549792531120332	0.6745365142002949	Wheat LoRA adapter
2458	0.5560165975103735	0.6718619406587936	Wheat LoRA adapter
2459	0.5612033195020747	0.7048701103289319	Wheat LoRA adapter
2460	0.5570539419087137	0.6632022733344932	Wheat LoRA adapter
2461	0.5477178423236515	0.6860110504549201	Wheat LoRA adapter
2462	0.5508298755186722	0.6894792372383298	Wheat LoRA adapter
2463	0.5383817427385892	0.6786257793315076	Wheat LoRA adapter
2464	0.5456431535269709	0.6717016140263969	Wheat LoRA adapter
2465	0.553941908713693	0.6636954366986425	Wheat LoRA adapter
2466	0.5632780082987552	0.6996687112796407	Wheat LoRA adapter
2467	0.553941908713693	0.6703511075906792	Wheat LoRA adapter
2468	0.5477178423236515	0.6353312938906528	Wheat LoRA adapter
2469	0.558091286307054	0.6865009340082866	Wheat LoRA adapter
2470	0.5892116182572614	0.7090743790373428	Wheat LoRA adapter
2471	0.5632780082987552	0.6902354683280474	Wheat LoRA adapter
2472	0.5684647302904564	0.6797252471377633	Wheat LoRA adapter
2473	0.5591286307053942	0.6746689541681944	Wheat LoRA adapter
2474	0.5715767634854771	0.7016844861028373	Wheat LoRA adapter
2475	0.5964730290456431	0.7111617956522328	Wheat LoRA adapter
2476	0.5767634854771784	0.7160065866760561	Wheat LoRA adapter
2477	0.5695020746887967	0.6716111073884419	Wheat LoRA adapter
2478	0.5902489626556017	0.7083352005110508	Wheat LoRA adapter
2479	0.5643153526970954	0.6801287392910531	Wheat LoRA adapter
2480	0.5632780082987552	0.6755590895307578	Wheat LoRA adapter
2481	0.5653526970954357	0.687662929858315	Wheat LoRA adapter
2482	0.5840248962655602	0.707263800533287	Wheat LoRA adapter
2483	0.5612033195020747	0.693499096757368	Wheat LoRA adapter
2484	0.5446058091286307	0.6597491841912314	Wheat LoRA adapter
2485	0.5632780082987552	0.6863982510837434	Wheat LoRA adapter
2486	0.5726141078838174	0.6921177371187159	Wheat LoRA adapter
2487	0.5705394190871369	0.7020152491616105	Wheat LoRA adapter
2488	0.5549792531120332	0.6737766874600735	Wheat LoRA adapter
2489	0.5560165975103735	0.6796324222919615	Wheat LoRA adapter
2490	0.5892116182572614	0.7068790005908928	Wheat LoRA adapter
2491	0.5612033195020747	0.6790187914435679	Wheat LoRA adapter
2492	0.5746887966804979	0.6918699228041508	Wheat LoRA adapter
2493	0.5570539419087137	0.670441830503756	Wheat LoRA adapter
2494	0.5674273858921162	0.6911707560672524	Wheat LoRA adapter
2495	0.5311203319502075	0.6814069440120589	Wheat LoRA adapter
2496	0.5518672199170125	0.6899475572799777	Wheat LoRA adapter
2497	0.5612033195020747	0.6818982866555594	Wheat LoRA adapter
2498	0.5591286307053942	0.6764166455655101	Wheat LoRA adapter
2499	0.5321576763485477	0.655480623234262	Wheat LoRA adapter
2500	0.5622406639004149	0.671317036473648	Wheat LoRA adapter
2501	0.5684647302904564	0.6849958564702938	Wheat LoRA adapter
2502	0.5477178423236515	0.6661178089983596	Wheat LoRA adapter
2503	0.5352697095435685	0.6622408217879698	Wheat LoRA adapter
2504	0.5674273858921162	0.6928061104349795	Wheat LoRA adapter
2505	0.5456431535269709	0.6713092135504319	Wheat LoRA adapter
2506	0.5643153526970954	0.7003332945086186	Wheat LoRA adapter
2507	0.5414937759336099	0.6724209501873657	Wheat LoRA adapter
2508	0.5757261410788381	0.7080784869487673	Wheat LoRA adapter
2509	0.5985477178423236	0.7105661264237435	Wheat LoRA adapter
2510	0.5643153526970954	0.6740797816956207	Wheat LoRA adapter
2511	0.5591286307053942	0.6906600409080226	Wheat LoRA adapter
2512	0.5446058091286307	0.6757867843091236	Wheat LoRA adapter
2513	0.5560165975103735	0.6886242811040824	Wheat LoRA adapter
2514	0.5767634854771784	0.7103769488850025	Wheat LoRA adapter
2515	0.5570539419087137	0.6819614683791715	Wheat LoRA adapter
2516	0.5902489626556017	0.7003124313858982	Wheat LoRA adapter
2517	0.5746887966804979	0.6942100922368375	Wheat LoRA adapter
2518	0.558091286307054	0.6945313033876888	Wheat LoRA adapter
2519	0.5809128630705395	0.7227694484888393	Wheat LoRA adapter
2520	0.5663900414937759	0.6891450562411993	Wheat LoRA adapter
2521	0.5529045643153527	0.6699149775886684	Wheat LoRA adapter
2522	0.5643153526970954	0.6964017613265177	Wheat LoRA adapter
2523	0.5612033195020747	0.6596514697964359	Wheat LoRA adapter
2524	0.5809128630705395	0.6844189615681764	Wheat LoRA adapter
2525	0.5570539419087137	0.6562817911940111	Wheat LoRA adapter
2526	0.5311203319502075	0.6540491385015972	Wheat LoRA adapter
2527	0.5643153526970954	0.6939390915033433	Wheat LoRA adapter
2528	0.5456431535269709	0.6755121515890616	Wheat LoRA adapter
2529	0.5757261410788381	0.6741249253041266	Wheat LoRA adapter
2530	0.5373443983402489	0.6664545291775639	Wheat LoRA adapter
2531	0.5549792531120332	0.6753071409574996	Wheat LoRA adapter
2532	0.5840248962655602	0.6977991701975693	Wheat LoRA adapter
2533	0.5560165975103735	0.697687551937345	Wheat LoRA adapter
2534	0.58298755186722	0.6815518735706021	Wheat LoRA adapter
2535	0.5508298755186722	0.6807184714582357	Wheat LoRA adapter
2536	0.6026970954356846	0.7355239795290103	Wheat LoRA adapter
2537	0.5591286307053942	0.6924718847305433	Wheat LoRA adapter
2538	0.5446058091286307	0.6737873303076176	Wheat LoRA adapter
2539	0.5809128630705395	0.7009163132512629	Wheat LoRA adapter
2540	0.5601659751037344	0.6793278803179283	Wheat LoRA adapter
2541	0.5736514522821576	0.6964698885736509	Wheat LoRA adapter
2542	0.5352697095435685	0.6701964025636457	Wheat LoRA adapter
2543	0.5612033195020747	0.6902679119161599	Wheat LoRA adapter
2544	0.5695020746887967	0.6895297984106656	Wheat LoRA adapter
2545	0.5456431535269709	0.6621952163002427	Wheat LoRA adapter
2546	0.5643153526970954	0.6789029710397922	Wheat LoRA adapter
2547	0.5446058091286307	0.6696522826460845	Wheat LoRA adapter
2548	0.5809128630705395	0.6965942295252905	Wheat LoRA adapter
2549	0.5643153526970954	0.6922436234561753	Wheat LoRA adapter
2550	0.5612033195020747	0.6723845028448161	Wheat LoRA adapter
2551	0.5591286307053942	0.683172271280948	Wheat LoRA adapter
2552	0.5840248962655602	0.7284542915014659	Wheat LoRA adapter
2553	0.5985477178423236	0.7174689688799021	Wheat LoRA adapter
2554	0.5840248962655602	0.6950240016046398	Wheat LoRA adapter
2555	0.5570539419087137	0.6859100654777481	Wheat LoRA adapter
2556	0.5477178423236515	0.6792982890419369	Wheat LoRA adapter
2557	0.5560165975103735	0.6727183599971476	Wheat LoRA adapter
2558	0.5705394190871369	0.7024159397295808	Wheat LoRA adapter
2559	0.5570539419087137	0.678745115119528	Wheat LoRA adapter
2560	0.5446058091286307	0.682836426335358	Wheat LoRA adapter
2561	0.5840248962655602	0.7090888237046729	Wheat LoRA adapter
2562	0.5435684647302904	0.6507875238291982	Wheat LoRA adapter
2563	0.549792531120332	0.6646272872431924	Wheat LoRA adapter
2564	0.5746887966804979	0.7079540177750328	Wheat LoRA adapter
2565	0.5518672199170125	0.6739061062421514	Wheat LoRA adapter
2566	0.5259336099585062	0.6507198080983382	Wheat LoRA adapter
2567	0.5477178423236515	0.6592775707293881	Wheat LoRA adapter
2568	0.5477178423236515	0.6723461362409051	Wheat LoRA adapter
2569	0.5809128630705395	0.7003592271045703	Wheat LoRA adapter
2570	0.5456431535269709	0.6621348822817459	Wheat LoRA adapter
2571	0.5840248962655602	0.6903464167540432	Wheat LoRA adapter
2572	0.5757261410788381	0.6913798724186166	Wheat LoRA adapter
2573	0.5508298755186722	0.6693413140879696	Wheat LoRA adapter
2574	0.5736514522821576	0.6818515008496979	Wheat LoRA adapter
2575	0.5632780082987552	0.694246174663687	Wheat LoRA adapter
2576	0.5923236514522822	0.6968665345846442	Wheat LoRA adapter
2577	0.5715767634854771	0.7066979947881965	Wheat LoRA adapter
2578	0.5933609958506224	0.7149785046603849	Wheat LoRA adapter
2579	0.5684647302904564	0.6952405277993405	Wheat LoRA adapter
2580	0.5881742738589212	0.7084959041570089	Wheat LoRA adapter
2581	0.5809128630705395	0.6958100068384103	Wheat LoRA adapter
2582	0.5715767634854771	0.6980984127570933	Wheat LoRA adapter
2583	0.5394190871369294	0.6828195240511283	Wheat LoRA adapter
2584	0.5311203319502075	0.6579622871828207	Wheat LoRA adapter
2585	0.5663900414937759	0.688396968796691	Wheat LoRA adapter
2586	0.5663900414937759	0.6742153180282511	Wheat LoRA adapter
2587	0.5726141078838174	0.6611329060981885	Wheat LoRA adapter
2588	0.5726141078838174	0.6745916316122653	Wheat LoRA adapter
2589	0.5570539419087137	0.6691862760359675	Wheat LoRA adapter
2590	0.5529045643153527	0.6785210288818433	Wheat LoRA adapter
2591	0.5798755186721992	0.6992525541661191	Wheat LoRA adapter
2592	0.5487551867219918	0.6884447130450269	Wheat LoRA adapter
2593	0.5466804979253111	0.6747279624870783	Wheat LoRA adapter
2594	0.5466804979253111	0.6748712441986477	Wheat LoRA adapter
2595	0.5767634854771784	0.7108614074636799	Wheat LoRA adapter
2596	0.5570539419087137	0.6810542481128671	Wheat LoRA adapter
2597	0.5404564315352697	0.6719730104671322	Wheat LoRA adapter
2598	0.549792531120332	0.6596762433174368	Wheat LoRA adapter
2599	0.5798755186721992	0.7020461317963894	Wheat LoRA adapter
2600	0.5425311203319502	0.6606815868302185	Wheat LoRA adapter
2601	0.5850622406639004	0.705306861058679	Wheat LoRA adapter
2602	0.5632780082987552	0.6893717871823901	Wheat LoRA adapter
2603	0.5705394190871369	0.6793141308074013	Wheat LoRA adapter
2604	0.5684647302904564	0.6972126000585471	Wheat LoRA adapter
2605	0.5643153526970954	0.7043491753495517	Wheat LoRA adapter
2606	0.5881742738589212	0.7172260348934771	Wheat LoRA adapter
2607	0.5695020746887967	0.6924808242233244	Wheat LoRA adapter
2608	0.5726141078838174	0.6615238022209516	Wheat LoRA adapter
2609	0.5570539419087137	0.6884534911495324	Wheat LoRA adapter
2610	0.5778008298755186	0.7145248511105068	Wheat LoRA adapter
2611	0.5933609958506224	0.7064161054972065	Wheat LoRA adapter
2612	0.5352697095435685	0.6704702908811379	Wheat LoRA adapter
2613	0.5746887966804979	0.7126835679457109	Wheat LoRA adapter
2614	0.5767634854771784	0.7008103331027701	Wheat LoRA adapter
2615	0.5674273858921162	0.6847169185151317	Wheat LoRA adapter
2616	0.5778008298755186	0.711826709462752	Wheat LoRA adapter
2617	0.5757261410788381	0.6980204781779129	Wheat LoRA adapter
2618	0.5456431535269709	0.662357055386708	Wheat LoRA adapter
2619	0.5601659751037344	0.6785211982452981	Wheat LoRA adapter
2620	0.5591286307053942	0.6600497417085411	Wheat LoRA adapter
2621	0.5695020746887967	0.6811435497030801	Wheat LoRA adapter
2622	0.5715767634854771	0.7002142855121591	Wheat LoRA adapter
2623	0.5383817427385892	0.650173524649601	Wheat LoRA adapter
2624	0.5601659751037344	0.6843704860601044	Wheat LoRA adapter
2625	0.5663900414937759	0.7010437875601154	Wheat LoRA adapter
2626	0.5373443983402489	0.6748018343387734	Wheat LoRA adapter
2627	0.5809128630705395	0.6948739941046383	Wheat LoRA adapter
2628	0.5622406639004149	0.6704007761120355	Wheat LoRA adapter
2629	0.5446058091286307	0.6704264878664679	Wheat LoRA adapter
2630	0.5622406639004149	0.6984187806625226	Wheat LoRA adapter
2631	0.5612033195020747	0.6984063306495064	Wheat LoRA adapter
2632	0.5518672199170125	0.685197712740629	Wheat LoRA adapter
2633	0.5757261410788381	0.6944514933752826	Wheat LoRA adapter
2634	0.5404564315352697	0.6697176684539521	Wheat LoRA adapter
2635	0.5943983402489627	0.7045163596346673	Wheat LoRA adapter
2636	0.5871369294605809	0.6971905416908909	Wheat LoRA adapter
2637	0.5892116182572614	0.6891242996670456	Wheat LoRA adapter
2638	0.5373443983402489	0.65936256012511	Wheat LoRA adapter
2639	0.5850622406639004	0.6971923692442172	Wheat LoRA adapter
2640	0.5477178423236515	0.6668171907275915	Wheat LoRA adapter
2641	0.5923236514522822	0.7187681587323829	Wheat LoRA adapter
2642	0.5663900414937759	0.6765542052848427	Wheat LoRA adapter
2643	0.558091286307054	0.6911747831309535	Wheat LoRA adapter
2644	0.5653526970954357	0.7020385151449935	Wheat LoRA adapter
2645	0.578838174273859	0.697985016660785	Wheat LoRA adapter
2646	0.5508298755186722	0.6729774356711162	Wheat LoRA adapter
2647	0.5446058091286307	0.6935901285738831	Wheat LoRA adapter
2648	0.5414937759336099	0.6558206731352862	Wheat LoRA adapter
2649	0.5591286307053942	0.6646883758427398	Wheat LoRA adapter
2650	0.5643153526970954	0.6802599603512276	Wheat LoRA adapter
2651	0.5622406639004149	0.6829846580869765	Wheat LoRA adapter
2652	0.5674273858921162	0.7048170882571415	Wheat LoRA adapter
2653	0.5601659751037344	0.7026856105610395	Wheat LoRA adapter
2654	0.5809128630705395	0.687317941262862	Wheat LoRA adapter
2655	0.5228215767634855	0.653039008311884	Wheat LoRA adapter
2656	0.5736514522821576	0.6982384962528588	Wheat LoRA adapter
2657	0.5695020746887967	0.7042923600177902	Wheat LoRA adapter
2658	0.5674273858921162	0.6841586781266236	Wheat LoRA adapter
2659	0.5695020746887967	0.7018737034942599	Wheat LoRA adapter
2660	0.558091286307054	0.700107634390685	Wheat LoRA adapter
2661	0.5798755186721992	0.7234262510258098	Wheat LoRA adapter
2662	0.5560165975103735	0.6849425840696644	Wheat LoRA adapter
2663	0.5695020746887967	0.6923758592985618	Wheat LoRA adapter
2664	0.5736514522821576	0.6879111424068014	Wheat LoRA adapter
2665	0.5943983402489627	0.7010019177667688	Wheat LoRA adapter
2666	0.5902489626556017	0.7083121783557365	Wheat LoRA adapter
2667	0.5902489626556017	0.6996418750175769	Wheat LoRA adapter
2668	0.5570539419087137	0.6712451312978273	Wheat LoRA adapter
2669	0.5726141078838174	0.6943602384578571	Wheat LoRA adapter
2670	0.5746887966804979	0.6715960038602534	Wheat LoRA adapter
2671	0.5601659751037344	0.6935809351112494	Wheat LoRA adapter
2672	0.5653526970954357	0.6712120390516273	Wheat LoRA adapter
2673	0.5425311203319502	0.6382197541722202	Wheat LoRA adapter
2674	0.5456431535269709	0.6768295993440049	Wheat LoRA adapter
2675	0.5767634854771784	0.6924841447407677	Wheat LoRA adapter
2676	0.5549792531120332	0.6789932427488734	Wheat LoRA adapter
2677	0.5840248962655602	0.6900522419733348	Wheat LoRA adapter
2678	0.5860995850622407	0.6851750447549676	Wheat LoRA adapter
2679	0.5715767634854771	0.6909508083262452	Wheat LoRA adapter
2680	0.5674273858921162	0.6913262924010819	Wheat LoRA adapter
2681	0.5549792531120332	0.6608812861400524	Wheat LoRA adapter
2682	0.5591286307053942	0.6833315329132483	Wheat LoRA adapter
2683	0.5414937759336099	0.6781289695919606	Wheat LoRA adapter
2684	0.5601659751037344	0.6874138193238688	Wheat LoRA adapter
2685	0.5736514522821576	0.7025319623937514	Wheat LoRA adapter
2686	0.5446058091286307	0.6534701034931143	Wheat LoRA adapter
2687	0.5446058091286307	0.6753569115640629	Wheat LoRA adapter
2688	0.5612033195020747	0.6941239490344905	Wheat LoRA adapter
2689	0.5632780082987552	0.6840151285243332	Wheat LoRA adapter
2690	0.5197095435684648	0.6620057919400015	Wheat LoRA adapter
2691	0.558091286307054	0.6781163002653157	Wheat LoRA adapter
2692	0.558091286307054	0.6931215941609332	Wheat LoRA adapter
2693	0.558091286307054	0.7002611890944938	Wheat LoRA adapter
2694	0.5435684647302904	0.657467244132816	Wheat LoRA adapter
2695	0.5653526970954357	0.6858927238905876	Wheat LoRA adapter
2696	0.5767634854771784	0.6980905196231229	Wheat LoRA adapter
2697	0.5612033195020747	0.7039181366444018	Wheat LoRA adapter
2698	0.5622406639004149	0.6832414625059116	Wheat LoRA adapter
2699	0.5778008298755186	0.6963325129561261	Wheat LoRA adapter
2700	0.5456431535269709	0.6671878786863281	Wheat LoRA adapter
2701	0.5674273858921162	0.6911206401888269	Wheat LoRA adapter
2702	0.553941908713693	0.6812230707103771	Wheat LoRA adapter
2703	0.5560165975103735	0.6727790185789535	Wheat LoRA adapter
2704	0.5508298755186722	0.680403509402641	Wheat LoRA adapter
2705	0.5653526970954357	0.6772134879217139	Wheat LoRA adapter
2706	0.5529045643153527	0.6847684416981364	Wheat LoRA adapter
2707	0.5632780082987552	0.6917595049848406	Wheat LoRA adapter
2708	0.5726141078838174	0.685764986585803	Wheat LoRA adapter
2709	0.5342323651452282	0.6444370261144874	Wheat LoRA adapter
2710	0.5705394190871369	0.6787894714374398	Wheat LoRA adapter
2711	0.5456431535269709	0.6637272290933824	Wheat LoRA adapter
2712	0.5736514522821576	0.6857136701657032	Wheat LoRA adapter
2713	0.5663900414937759	0.6816894618588019	Wheat LoRA adapter
2714	0.5715767634854771	0.6978681587358737	Wheat LoRA adapter
2715	0.5518672199170125	0.6930893345488769	Wheat LoRA adapter
2716	0.5601659751037344	0.6810602731476108	Wheat LoRA adapter
2717	0.5612033195020747	0.6935005604357312	Wheat LoRA adapter
2718	0.5435684647302904	0.6610571923741312	Wheat LoRA adapter
2719	0.58298755186722	0.699189632590134	Wheat LoRA adapter
2720	0.578838174273859	0.7126784049276415	Wheat LoRA adapter
2721	0.5757261410788381	0.6824884071414281	Wheat LoRA adapter
2722	0.5508298755186722	0.6743852654827618	Wheat LoRA adapter
2723	0.5674273858921162	0.6928726046141945	Wheat LoRA adapter
2724	0.5736514522821576	0.6767799508616845	Wheat LoRA adapter
2725	0.558091286307054	0.6606316968239141	Wheat LoRA adapter
2726	0.5715767634854771	0.6873656328916893	Wheat LoRA adapter
2727	0.5726141078838174	0.7102292718804022	Wheat LoRA adapter
2728	0.578838174273859	0.6894129986690466	Wheat LoRA adapter
2729	0.5466804979253111	0.6519074475186288	Wheat LoRA adapter
2730	0.5778008298755186	0.7109208624014957	Wheat LoRA adapter
2731	0.5529045643153527	0.6758325173758908	Wheat LoRA adapter
2732	0.5746887966804979	0.6943595656571155	Wheat LoRA adapter
2733	0.5414937759336099	0.659743751917456	Wheat LoRA adapter
2734	0.5529045643153527	0.6584207983843893	Wheat LoRA adapter
2735	0.549792531120332	0.684618842235696	Wheat LoRA adapter
2736	0.5549792531120332	0.6899165918357404	Wheat LoRA adapter
2737	0.5757261410788381	0.708324384118648	Wheat LoRA adapter
2738	0.5446058091286307	0.6816769303434669	Wheat LoRA adapter
2739	0.5352697095435685	0.6634669278385226	Wheat LoRA adapter
2740	0.5850622406639004	0.694705019396519	Wheat LoRA adapter
2741	0.5435684647302904	0.6665612888279876	Wheat LoRA adapter
2742	0.5446058091286307	0.6775396701478789	Wheat LoRA adapter
2743	0.5414937759336099	0.6784775165081363	Wheat LoRA adapter
2744	0.5819502074688797	0.6889252854963482	Wheat LoRA adapter
2745	0.5560165975103735	0.676439460862245	Wheat LoRA adapter
2746	0.5663900414937759	0.6828792855065942	Wheat LoRA adapter
2747	0.5850622406639004	0.6945434462015457	Wheat LoRA adapter
2748	0.5176348547717843	0.640259954131227	Wheat LoRA adapter
2749	0.520746887966805	0.6383595295000752	Wheat LoRA adapter
2750	0.5352697095435685	0.665808408249879	Wheat LoRA adapter
2751	0.5892116182572614	0.6980099131085941	Wheat LoRA adapter
2752	0.5394190871369294	0.663865620580702	Wheat LoRA adapter
2753	0.5622406639004149	0.6845104563553706	Wheat LoRA adapter
2754	0.5726141078838174	0.6939341182774257	Wheat LoRA adapter
2755	0.5612033195020747	0.6925392906904039	Wheat LoRA adapter
2756	0.5663900414937759	0.6966455745852767	Wheat LoRA adapter
2757	0.5518672199170125	0.6728805623727461	Wheat LoRA adapter
2758	0.5695020746887967	0.6985766590900151	Wheat LoRA adapter
2759	0.5674273858921162	0.6737205839135793	Wheat LoRA adapter
2760	0.5933609958506224	0.6901924519245137	Wheat LoRA adapter
2761	0.5570539419087137	0.6741079401692847	Wheat LoRA adapter
2762	0.5570539419087137	0.6859004133840414	Wheat LoRA adapter
2763	0.5819502074688797	0.6920845668546665	Wheat LoRA adapter
2764	0.5643153526970954	0.6579660481392532	Wheat LoRA adapter
2765	0.5487551867219918	0.674545021234165	Wheat LoRA adapter
2766	0.5995850622406639	0.7140226248495645	Wheat LoRA adapter
2767	0.5425311203319502	0.6730702502968404	Wheat LoRA adapter
2768	0.5778008298755186	0.7014167612658654	Wheat LoRA adapter
2769	0.5560165975103735	0.6696614043288573	Wheat LoRA adapter
2770	0.5560165975103735	0.6791769577432323	Wheat LoRA adapter
2771	0.5477178423236515	0.6683888799269635	Wheat LoRA adapter
2772	0.558091286307054	0.6722182532346842	Wheat LoRA adapter
2773	0.5508298755186722	0.6899518894438725	Wheat LoRA adapter
2774	0.5778008298755186	0.7013738489231155	Wheat LoRA adapter
2775	0.5933609958506224	0.7045933625328713	Wheat LoRA adapter
2776	0.5674273858921162	0.6926932161349052	Wheat LoRA adapter
2777	0.5809128630705395	0.7052320082079653	Wheat LoRA adapter
2778	0.5518672199170125	0.6869706187020902	Wheat LoRA adapter
2779	0.5622406639004149	0.6676760432681735	Wheat LoRA adapter
2780	0.5383817427385892	0.6583574277700304	Wheat LoRA adapter
2781	0.533195020746888	0.659575271547922	Wheat LoRA adapter
2782	0.5487551867219918	0.6732087683172024	Wheat LoRA adapter
2783	0.5767634854771784	0.7026254417682645	Wheat LoRA adapter
2784	0.5487551867219918	0.680453595611805	Wheat LoRA adapter
2785	0.5632780082987552	0.6647519888264921	Wheat LoRA adapter
2786	0.549792531120332	0.6741543737057224	Wheat LoRA adapter
2787	0.5726141078838174	0.7025205924454387	Wheat LoRA adapter
2788	0.5570539419087137	0.688495670849047	Wheat LoRA adapter
2789	0.578838174273859	0.69132341646235	Wheat LoRA adapter
2790	0.5663900414937759	0.6938470909871673	Wheat LoRA adapter
2791	0.5570539419087137	0.6786353825093733	Wheat LoRA adapter
2792	0.5705394190871369	0.6715611237829191	Wheat LoRA adapter
2793	0.558091286307054	0.6801776755206774	Wheat LoRA adapter
2794	0.5456431535269709	0.6652099664057747	Wheat LoRA adapter
2795	0.5560165975103735	0.6746755129696766	Wheat LoRA adapter
2796	0.5560165975103735	0.6780296098367767	Wheat LoRA adapter
2797	0.5466804979253111	0.6777224388937587	Wheat LoRA adapter
2798	0.5601659751037344	0.6736180627440653	Wheat LoRA adapter
2799	0.5570539419087137	0.6703617960530006	Wheat LoRA adapter
2800	0.5632780082987552	0.6941392428923997	Wheat LoRA adapter
2801	0.5591286307053942	0.696077520533746	Wheat LoRA adapter
2802	0.5695020746887967	0.6720664992054649	Wheat LoRA adapter
2803	0.5404564315352697	0.6673815594929404	Wheat LoRA adapter
2804	0.5705394190871369	0.6929007356029464	Wheat LoRA adapter
2805	0.5653526970954357	0.6920821224834892	Wheat LoRA adapter
2806	0.533195020746888	0.6664153096685111	Wheat LoRA adapter
2807	0.553941908713693	0.6800433975567189	Wheat LoRA adapter
2808	0.5684647302904564	0.6965187846537626	Wheat LoRA adapter
2809	0.5778008298755186	0.6929983998016115	Wheat LoRA adapter
2810	0.6047717842323651	0.7361840128205612	Wheat LoRA adapter
2811	0.5757261410788381	0.7028337573733567	Wheat LoRA adapter
2812	0.5809128630705395	0.7027878648063357	Wheat LoRA adapter
2813	0.553941908713693	0.6858384561565166	Wheat LoRA adapter
2814	0.5695020746887967	0.6712645133392227	Wheat LoRA adapter
2815	0.5632780082987552	0.6787117493110028	Wheat LoRA adapter
2816	0.5809128630705395	0.7117863660365369	Wheat LoRA adapter
2817	0.5321576763485477	0.6759130286212985	Wheat LoRA adapter
2818	0.5663900414937759	0.6993253605009858	Wheat LoRA adapter
2819	0.5923236514522822	0.7080761798353629	Wheat LoRA adapter
2820	0.5311203319502075	0.6349505182709148	Wheat LoRA adapter
2821	0.5809128630705395	0.6985973037605784	Wheat LoRA adapter
2822	0.5715767634854771	0.7046771422292133	Wheat LoRA adapter
2823	0.5508298755186722	0.6806226882844544	Wheat LoRA adapter
2824	0.5757261410788381	0.6813839015564902	Wheat LoRA adapter
2825	0.5715767634854771	0.6985943098939373	Wheat LoRA adapter
2826	0.5518672199170125	0.6713986157674217	Wheat LoRA adapter
2827	0.5663900414937759	0.6886706545547887	Wheat LoRA adapter
2828	0.5715767634854771	0.6892965923422838	Wheat LoRA adapter
2829	0.5487551867219918	0.677517478234387	Wheat LoRA adapter
2830	0.533195020746888	0.6427262182489526	Wheat LoRA adapter
2831	0.5342323651452282	0.6654206716964022	Wheat LoRA adapter
2832	0.5809128630705395	0.7130439434306659	Wheat LoRA adapter
2833	0.558091286307054	0.6859936020366927	Wheat LoRA adapter
2834	0.5778008298755186	0.6974558460198237	Wheat LoRA adapter
2835	0.5757261410788381	0.6916617884047119	Wheat LoRA adapter
2836	0.5705394190871369	0.6960228048019739	Wheat LoRA adapter
2837	0.5695020746887967	0.6889454828946195	Wheat LoRA adapter
2838	0.5466804979253111	0.6824117124500375	Wheat LoRA adapter
2839	0.5736514522821576	0.6979875494308401	Wheat LoRA adapter
2840	0.529045643153527	0.666068522364993	Wheat LoRA adapter
2841	0.5975103734439834	0.7058258034631906	Wheat LoRA adapter
2842	0.5943983402489627	0.730384389688892	Wheat LoRA adapter
2843	0.5363070539419087	0.6776962063590424	Wheat LoRA adapter
2844	0.5653526970954357	0.700827401385934	Wheat LoRA adapter
2845	0.5435684647302904	0.6741586926926064	Wheat LoRA adapter
2846	0.5715767634854771	0.6953464777043303	Wheat LoRA adapter
2847	0.5508298755186722	0.6415015440750511	Wheat LoRA adapter
2848	0.5746887966804979	0.6900044906968524	Wheat LoRA adapter
2849	0.5477178423236515	0.6508876965091772	Wheat LoRA adapter
2850	0.5456431535269709	0.6806989198427011	Wheat LoRA adapter
2851	0.5767634854771784	0.6904721955534697	Wheat LoRA adapter
2852	0.5549792531120332	0.6797217711589627	Wheat LoRA adapter
2853	0.5446058091286307	0.6678655703450396	Wheat LoRA adapter
2854	0.578838174273859	0.7079213684691148	Wheat LoRA adapter
2855	0.549792531120332	0.6614771807998239	Wheat LoRA adapter
2856	0.5653526970954357	0.6876897146460936	Wheat LoRA adapter
2857	0.5726141078838174	0.6849008578263613	Wheat LoRA adapter
2858	0.5695020746887967	0.6991967506217086	Wheat LoRA adapter
2859	0.549792531120332	0.6745694944228293	Wheat LoRA adapter
2860	0.5674273858921162	0.68662437606828	Wheat LoRA adapter
2861	0.5518672199170125	0.663969326275051	Wheat LoRA adapter
2862	0.5487551867219918	0.6682593470903342	Wheat LoRA adapter
2863	0.5674273858921162	0.7069560010374767	Wheat LoRA adapter
2864	0.558091286307054	0.694168207728383	Wheat LoRA adapter
2865	0.5705394190871369	0.6929123383100407	Wheat LoRA adapter
2866	0.5632780082987552	0.6706089325291025	Wheat LoRA adapter
2867	0.5746887966804979	0.6844248340677188	Wheat LoRA adapter
2868	0.5695020746887967	0.693514324713856	Wheat LoRA adapter
2869	0.5674273858921162	0.6809839905785	Wheat LoRA adapter
2870	0.529045643153527	0.6497023506561301	Wheat LoRA adapter
2871	0.5435684647302904	0.6641352227565932	Wheat LoRA adapter
2872	0.6047717842323651	0.7242659405790067	Wheat LoRA adapter
2873	0.5746887966804979	0.6957855291503859	Wheat LoRA adapter
2874	0.5902489626556017	0.7010639747573335	Wheat LoRA adapter
2875	0.5767634854771784	0.7133268690470157	Wheat LoRA adapter
2876	0.5933609958506224	0.7137579664888256	Wheat LoRA adapter
2877	0.5767634854771784	0.706952862316345	Wheat LoRA adapter
2878	0.5425311203319502	0.6672769632160034	Wheat LoRA adapter
2879	0.5632780082987552	0.6680404773227488	Wheat LoRA adapter
2880	0.533195020746888	0.6632766873701833	Wheat LoRA adapter
2881	0.5601659751037344	0.6750933644098471	Wheat LoRA adapter
2882	0.5663900414937759	0.6945607344184888	Wheat LoRA adapter
2883	0.5778008298755186	0.7015037110467782	Wheat LoRA adapter
2884	0.5809128630705395	0.6988941199803409	Wheat LoRA adapter
2885	0.5363070539419087	0.6501796865292386	Wheat LoRA adapter
2886	0.5705394190871369	0.691749628175336	Wheat LoRA adapter
2887	0.5643153526970954	0.6858506406823881	Wheat LoRA adapter
2888	0.5684647302904564	0.7054521505416991	Wheat LoRA adapter
2889	0.5695020746887967	0.6968428449408994	Wheat LoRA adapter
2890	0.5477178423236515	0.6639021437455178	Wheat LoRA adapter
2891	0.5549792531120332	0.6795938945194936	Wheat LoRA adapter
2892	0.5456431535269709	0.6524376870264503	Wheat LoRA adapter
2893	0.5726141078838174	0.6875281278853569	Wheat LoRA adapter
2894	0.516597510373444	0.6397272696824255	Wheat LoRA adapter
2895	0.5466804979253111	0.6576567790025895	Wheat LoRA adapter
2896	0.533195020746888	0.6526946766375887	Wheat LoRA adapter
2897	0.5435684647302904	0.6871672660630751	Wheat LoRA adapter
2898	0.5643153526970954	0.7051714236261402	Wheat LoRA adapter
2899	0.5425311203319502	0.6517448723100208	Wheat LoRA adapter
2900	0.5684647302904564	0.6908496454189199	Wheat LoRA adapter
2901	0.5404564315352697	0.6656534469825528	Wheat LoRA adapter
2902	0.533195020746888	0.6542882848544888	Wheat LoRA adapter
2903	0.5850622406639004	0.7131494125968152	Wheat LoRA adapter
2904	0.5643153526970954	0.6911363554927811	Wheat LoRA adapter
2905	0.5487551867219918	0.6838989763094225	Wheat LoRA adapter
2906	0.5446058091286307	0.6629451234386299	Wheat LoRA adapter
2907	0.578838174273859	0.7068989403723803	Wheat LoRA adapter
2908	0.5549792531120332	0.6816585420268989	Wheat LoRA adapter
2909	0.5601659751037344	0.6835966764291685	Wheat LoRA adapter
2910	0.5757261410788381	0.6994034598022514	Wheat LoRA adapter
2911	0.5684647302904564	0.6956834512445735	Wheat LoRA adapter
2912	0.5902489626556017	0.7080940313091617	Wheat LoRA adapter
2913	0.5570539419087137	0.6909160610830374	Wheat LoRA adapter
2914	0.5560165975103735	0.6628857555638767	Wheat LoRA adapter
2915	0.5684647302904564	0.6891189384696155	Wheat LoRA adapter
2916	0.5622406639004149	0.6823306228311499	Wheat LoRA adapter
2917	0.5456431535269709	0.6769203546471204	Wheat LoRA adapter
2918	0.5466804979253111	0.6636061742988701	Wheat LoRA adapter
2919	0.5767634854771784	0.6954819725791102	Wheat LoRA adapter
2920	0.5736514522821576	0.6941396170443737	Wheat LoRA adapter
2921	0.58298755186722	0.7101319160021733	Wheat LoRA adapter
2922	0.5871369294605809	0.7043378001364395	Wheat LoRA adapter
2923	0.5809128630705395	0.7113374205961995	Wheat LoRA adapter
2924	0.5684647302904564	0.681284351753232	Wheat LoRA adapter
2925	0.553941908713693	0.6990116600866276	Wheat LoRA adapter
2926	0.5653526970954357	0.6981958340417378	Wheat LoRA adapter
2927	0.5446058091286307	0.654051236027428	Wheat LoRA adapter
2928	0.5632780082987552	0.6774103429251896	Wheat LoRA adapter
2929	0.5487551867219918	0.6932026075472926	Wheat LoRA adapter
2930	0.578838174273859	0.7056221135208098	Wheat LoRA adapter
2931	0.549792531120332	0.671379368663408	Wheat LoRA adapter
2932	0.6026970954356846	0.710460325267437	Wheat LoRA adapter
2933	0.5570539419087137	0.6641943527849102	Wheat LoRA adapter
2934	0.5466804979253111	0.6719126307430421	Wheat LoRA adapter
2935	0.5933609958506224	0.7017206077825807	Wheat LoRA adapter
2936	0.5912863070539419	0.7006846009021063	Wheat LoRA adapter
2937	0.5798755186721992	0.7042748237965395	Wheat LoRA adapter
2938	0.6068464730290456	0.6941158452329773	Wheat LoRA adapter
2939	0.5394190871369294	0.6602760188220345	Wheat LoRA adapter
2940	0.5560165975103735	0.6604997414015032	Wheat LoRA adapter
2941	0.5643153526970954	0.6739367622626857	Wheat LoRA adapter
2942	0.5394190871369294	0.6595973846393346	Wheat LoRA adapter
2943	0.5622406639004149	0.6882034626417672	Wheat LoRA adapter
2944	0.5871369294605809	0.7059983979459672	Wheat LoRA adapter
2945	0.5809128630705395	0.6995679575618261	Wheat LoRA adapter
2946	0.5591286307053942	0.6642375879510142	Wheat LoRA adapter
2947	0.5612033195020747	0.6695565375327182	Wheat LoRA adapter
2948	0.5757261410788381	0.6953087836239227	Wheat LoRA adapter
2949	0.5840248962655602	0.6873593606489476	Wheat LoRA adapter
2950	0.5612033195020747	0.686922347639233	Wheat LoRA adapter
2951	0.5591286307053942	0.6963136796769809	Wheat LoRA adapter
2952	0.5912863070539419	0.7144044901304101	Wheat LoRA adapter
2953	0.5601659751037344	0.6919093085651509	Wheat LoRA adapter
2954	0.5736514522821576	0.6832026928195312	Wheat LoRA adapter
2955	0.5477178423236515	0.6688903086003266	Wheat LoRA adapter
2956	0.5726141078838174	0.6790874560477144	Wheat LoRA adapter
2957	0.5643153526970954	0.6779935553155219	Wheat LoRA adapter
2958	0.5767634854771784	0.6962430081360254	Wheat LoRA adapter
2959	0.5622406639004149	0.6900189644157589	Wheat LoRA adapter
2960	0.5477178423236515	0.6462581367061129	Wheat LoRA adapter
2961	0.5663900414937759	0.688025012560741	Wheat LoRA adapter
2962	0.5549792531120332	0.6618798609053163	Wheat LoRA adapter
2963	0.5560165975103735	0.6776182226348562	Wheat LoRA adapter
2964	0.5601659751037344	0.6790106302443741	Wheat LoRA adapter
2965	0.5622406639004149	0.6740672434443253	Wheat LoRA adapter
2966	0.5767634854771784	0.7022050194175861	Wheat LoRA adapter
2967	0.578838174273859	0.6956206177655272	Wheat LoRA adapter
2968	0.553941908713693	0.6845124903668662	Wheat LoRA adapter
2969	0.5435684647302904	0.6862782276762354	Wheat LoRA adapter
2970	0.5446058091286307	0.6653045295858027	Wheat LoRA adapter
2971	0.5570539419087137	0.6574882528916154	Wheat LoRA adapter
2972	0.5736514522821576	0.7030593306235553	Wheat LoRA adapter
2973	0.5518672199170125	0.6679604385345433	Wheat LoRA adapter
2974	0.5798755186721992	0.6911488068746133	Wheat LoRA adapter
2975	0.5840248962655602	0.7050507835488182	Wheat LoRA adapter
2976	0.5238589211618258	0.6521968029856233	Wheat LoRA adapter
2977	0.5663900414937759	0.660958314444855	Wheat LoRA adapter
2978	0.5653526970954357	0.6953516175560479	Wheat LoRA adapter
2979	0.529045643153527	0.6485770704066534	Wheat LoRA adapter
2980	0.5435684647302904	0.6572406424098022	Wheat LoRA adapter
2981	0.5612033195020747	0.6609541424726947	Wheat LoRA adapter
2982	0.5632780082987552	0.6883705661292232	Wheat LoRA adapter
2983	0.5259336099585062	0.6498307667813286	Wheat LoRA adapter
2984	0.5622406639004149	0.6975605320702394	Wheat LoRA adapter
2985	0.558091286307054	0.6726352600808376	Wheat LoRA adapter
2986	0.5653526970954357	0.6885215379853188	Wheat LoRA adapter
2987	0.5663900414937759	0.6870072090456527	Wheat LoRA adapter
2988	0.5487551867219918	0.6486016728216581	Wheat LoRA adapter
2989	0.5508298755186722	0.6779508617296593	Wheat LoRA adapter
2990	0.5643153526970954	0.6881508085101085	Wheat LoRA adapter
2991	0.5466804979253111	0.6881346171903043	Wheat LoRA adapter
2992	0.5778008298755186	0.695857388275639	Wheat LoRA adapter
2993	0.549792531120332	0.6910049516839885	Wheat LoRA adapter
2994	0.5943983402489627	0.7133005932995233	Wheat LoRA adapter
2995	0.5663900414937759	0.6963756935002572	Wheat LoRA adapter
2996	0.549792531120332	0.6662427779714125	Wheat LoRA adapter
2997	0.5591286307053942	0.6895376846867726	Wheat LoRA adapter
2998	0.5954356846473029	0.6993570389084044	Wheat LoRA adapter
2999	0.5549792531120332	0.6760529215330127	Wheat LoRA adapter
