cell_id	fine_label	fine_confidence	UMAP1	UMAP2
AAACCCAAGGTCCCGT	Root cortex	0.898448	0.81314963	-0.0920664
AAACCCACAACCCGCA	Non-hair	0.532377	1.9356236	1.0650414
AAACCCACATAATCGC	Root stele	0.977015	-0.4263036	8.3602495
AAACCCATCAGCCTCT	Lateral root cap	0.947644	9.028467	8.602981
AAACCCATCCTTGACC	Lateral root cap	0.973113	11.269989	10.374556
AAACCCATCTTCCCGA	Root cortex	0.762934	-4.0937724	1.5782382
AAACGAAAGCACACCC	Lateral root cap	0.984454	14.472622	10.360586
AAACGAACAAATGAAC	Non-hair	0.537258	1.8680332	0.7473229
AAACGAACAATCCAGT	Xylem	0.840577	-1.9465457	7.3102317
AAACGAACACCTCGTT	Root stele	0.915289	1.6021123	7.43297
AAACGAAGTACGATCT	Root cortex	0.919945	-3.1629837	1.2242981
AAACGAAGTTCAGCGC	Unknow	0.619882	7.290934	6.789061
AAACGAATCCTTCTGG	Root cortex	0.890986	-0.60279083	-0.028611243
AAACGCTAGCTTCGTA	Root stele	0.979774	0.8340127	7.9587383
AAACGCTGTGCCTGCA	Lateral root cap	0.719592	8.223762	6.2953525
AAACGCTTCATTGCGA	Unknow	0.930804	5.1794133	5.3869
AAACGCTTCCTATTGT	Xylem	0.59027	-3.8846803	4.60094
AAAGAACGTCTTCATT	Root cortex	0.986017	-1.1063342	0.47993642
AAAGGATAGCTCGACC	Root cortex	0.85699	0.9504951	-1.6339787
AAAGGATAGGTAAACT	Lateral root cap	0.98664	13.027419	10.576237
AAAGGATAGTGTAGAT	Unknow	0.908728	2.795015	4.764282
AAAGGATCATTGAGGG	Lateral root cap	0.987317	14.5215025	9.624219
AAAGGATTCTAGCATG	Lateral root cap	0.986136	11.941382	9.941437
AAAGGGCAGAATCTAG	Root endodermis	0.515561	1.3912746	5.4350686
AAAGGGCAGACTAGAT	Lateral root cap	0.987467	12.420818	9.615076
AAAGGGCCACGCAGTC	Root hair	0.978871	3.2967293	-2.7735355
AAAGGGCTCCTACGGG	S phase	0.983023	6.4590335	0.54065174
AAAGGGCTCTCCGCAT	Non-hair	0.754586	2.3051991	-0.4547746
AAAGGTAGTCATGCAT	Root cortex	0.92139	-2.5602524	0.19775446
AAAGGTATCTGCTCTG	Root cortex	0.65102	-4.104064	1.8843266
AAAGTCCAGATGATTG	Lateral root cap	0.982993	13.81201	9.472461
AAAGTCCAGTGACACG	Root hair	0.397407	1.4439919	-2.0724027
AAAGTCCCAACTCCAA	Lateral root cap	0.554954	7.7494674	7.2519937
AAAGTCCCACTAACGT	Root cortex	0.884484	-1.1375701	0.16356742
AAAGTCCCACTGCGAC	Non-hair	0.515351	1.6808913	-0.20218495
AAAGTCCCATGTACGT	Lateral root cap	0.986125	15.4760895	9.536813
AAAGTCCCATTCATCT	Non-hair	0.985909	3.8747468	0.32588768
AAAGTCCGTTCCACGG	Root hair	0.916958	2.3357587	-2.4785614
AAAGTGAAGACCTTTG	Root cortex	0.409536	2.7533724	2.0482488
AAAGTGAAGCGATCGA	Root cortex	0.822819	1.0667665	-1.1509435
AAAGTGAAGCGGCTCT	Root cortex	0.908699	0.93759733	-0.6584055
AAAGTGACAAGCGGAT	Root cortex	0.987879	-0.54245573	1.6563077
AAAGTGACACTCATAG	Root endodermis	0.665332	-3.091937	5.21419
AAAGTGACAGGGATAC	Lateral root cap	0.962135	4.349144	3.2856665
AAAGTGACATCCTAAG	Root stele	0.918521	0.07961411	8.214366
AAAGTGAGTCTGTTAG	Lateral root cap	0.915639	10.57885	7.062821
AAAGTGATCTGACCCT	Lateral root cap	0.859834	9.234557	6.1065493
AAATGGACAACAACAA	Unknow	0.935206	4.571104	4.372217
AAATGGACAGACACAG	Root endodermis	0.927589	-1.8728365	4.8792796
AAATGGAGTTGGTACT	Lateral root cap	0.988012	14.41255	10.042826
AAATGGATCATACAGC	Root cortex	0.626467	-4.394063	1.432954
AAATGGATCCTATTTG	Lateral root cap	0.986442	12.176087	8.871873
AACAAAGAGCACGTCC	Root hair	0.987109	3.0136302	-2.5766368
AACAAAGAGCGAGAAA	Lateral root cap	0.56604	7.44949	6.082464
AACAAAGAGGGATCGT	Non-hair	0.965231	3.5777154	0.18756719
AACAAAGAGGTAAGAG	Root cortex	0.939947	0.8683377	-1.4913195
AACAAAGCAAGCCATT	Xylem	0.982028	-3.7417808	6.530792
AACAAAGCAGGTTCGC	Non-hair	0.990117	3.882533	0.23420328
AACAAAGCATGCAGGA	Non-hair	0.492985	3.1357567	1.9082618
AACAAAGGTCGTCGGT	Root endodermis	0.853313	-2.4183538	5.5134425
AACAAAGGTCTACGTA	Root cortex	0.991205	0.19779909	2.5833967
AACAAAGGTGGAGAAA	Lateral root cap	0.947866	9.415201	6.8237033
AACAAAGTCGGACTGC	Root cortex	0.98346	-1.0755028	2.5251591
AACAAAGTCTTCACGC	Root endodermis	0.936048	-0.83296806	5.057151
AACAACCAGCGGATCA	Root cap	0.987086	9.813758	1.4222538
AACAACCAGTAGGGTC	Root stele	0.480189	-0.19997528	5.6725664
AACAACCCAACTAGAA	Root stele	0.94569	1.1076313	9.1609745
AACAACCCAAGGTCAG	Root cortex	0.991706	0.042120855	1.9142382
AACAACCCACAGAAGC	Lateral root cap	0.985523	12.797092	9.463568
AACAACCCAGACGATG	Root endodermis	0.59624	-2.7619197	5.981139
AACAACCGTTAGTCGT	Xylem	0.945149	-2.3370404	7.3126626
AACAACCTCCCAGTGG	Root cap	0.945157	8.810627	1.4053851
AACAACCTCCTAGAGT	Root cortex	0.743223	1.976647	0.83222437
AACAACCTCCTTCTTC	Root cap	0.643227	9.691461	4.2650037
AACAACCTCTACACAG	Root endodermis	0.843728	-1.7409552	5.7995133
AACAAGACAAGATTGA	Root stele	0.954042	0.80247873	9.504588
AACAAGACAATAACGA	Root stele	0.976718	0.33480364	8.34507
AACAAGACAGGAGACT	Xylem	0.94098	-2.4358394	7.0594673
AACAAGACAGTTGAAA	Unknow	0.958027	3.09322	6.2887273
AACAAGAGTACCAATC	Lateral root cap	0.990769	14.535373	9.16287
AACAAGAGTCGTCGGT	Root cortex	0.816417	-2.7844844	2.9671865
AACAAGAGTTGTGCCG	Root stele	0.879862	0.77858007	7.2112455
AACAAGATCACTCTTA	Non-hair	0.978096	3.6822755	0.6909354
AACACACAGAAGCGAA	Lateral root cap	0.976281	13.348984	7.785679
AACACACAGCGAGTCA	Lateral root cap	0.98284	11.848969	9.140887
AACACACAGGCTAGCA	Root cortex	0.987971	-0.15082912	2.7213874
AACACACCACAGTATC	Non-hair	0.341459	4.7412033	4.109379
AACACACGTCGAGCTC	Root stele	0.939069	0.4434778	8.34373
AACACACGTGACTGAG	Lateral root cap	0.395193	3.2951484	2.673157
AACACACTCACTTCTA	Root stele	0.978499	-0.31001425	7.99582
AACAGGGAGAGAATCT	Root cap	0.981247	10.141396	1.6697401
AACAGGGCACAAAGCG	Lateral root cap	0.96452	11.101171	7.180123
AACAGGGCATGAATCC	Root cap	0.847002	10.584282	3.1109908
AACAGGGTCCGTGGCA	Lateral root cap	0.984878	11.744226	10.423653
AACAGGGTCGATTCCC	Root endodermis	0.639944	-0.3760858	6.19348
AACCAACAGATGGGCT	Root stele	0.981103	-0.99805623	9.102179
AACCAACAGATTGTGA	Columella root cap	0.334783	8.255252	3.9355023
AACCAACAGCAACCAG	Root stele	0.490949	0.06964201	6.129817
AACCAACAGCAAGGAA	Root cap	0.522068	9.34062	3.660611
AACCAACCAAGTAGTA	Xylem	0.66146	-3.9668083	4.537444
AACCAACCACCGTCGA	Lateral root cap	0.983248	12.514589	10.008267
AACCAACGTATCGATC	Lateral root cap	0.801738	11.261175	5.560927
AACCAACGTCAAAGAT	Unknow	0.410162	1.2223756	4.751322
AACCAACGTTCTAAGC	Lateral root cap	0.874875	12.235358	5.79033
AACCAACTCACACGAT	Unknow	0.917611	2.6745822	6.797108
AACCAACTCATGCCCT	Root cortex	0.984056	0.35855475	-0.41978946
AACCACAGTAGTACGG	Root stele	0.905818	0.6503552	7.2865834
AACCACAGTGAATATG	Root cortex	0.512935	2.7421932	-0.20071782
AACCACAGTGCGACAA	Lateral root cap	0.982694	12.782848	9.888966
AACCACAGTGGATGAC	Lateral root cap	0.8437	10.134632	5.564095
AACCACATCAGACATC	Lateral root cap	0.986364	11.086414	9.244749
AACCACATCATTTCCA	Lateral root cap	0.964204	10.680918	7.118581
AACCACATCGTTAGTG	Root cortex	0.7511	-3.746902	2.3508887
AACCACATCTAGCAAC	Lateral root cap	0.977191	11.083911	9.660446
AACCACATCTATACGG	Xylem	0.460529	-2.6863704	5.984553
AACCATGAGCGTGTTT	Lateral root cap	0.527326	11.015334	5.64117
AACCATGAGGATTCAA	Unknow	0.771561	2.3806124	5.166043
AACCATGAGGTTGTTC	Lateral root cap	0.936713	11.225548	9.290234
AACCATGCAACTGATC	Lateral root cap	0.982601	13.297712	8.043484
AACCATGCACCAGACC	Lateral root cap	0.974279	12.1531105	9.662522
AACCATGTCATTGAGC	Lateral root cap	0.980449	12.280226	7.408284
AACCATGTCCGGCAAC	Lateral root cap	0.986257	14.157708	10.545183
AACCCAAAGCAGGGAG	Unknow	0.613714	2.3391526	3.5826476
AACCCAAAGCCACTCG	Lateral root cap	0.988592	14.5231695	10.068691
AACCCAAAGCTCGCAC	Root cortex	0.498161	-3.0987055	3.7518535
AACCCAAAGTAGGAAG	Non-hair	0.981722	3.6441667	0.5673971
AACCCAAAGTGCAACG	Root stele	0.55253	2.073181	8.02512
AACCCAACAACAGTGG	Lateral root cap	0.982929	12.671666	8.892695
AACCCAACACATACGT	Columella root cap	0.445522	6.654901	5.296463
AACCCAACACGGTAGA	Unknow	0.468899	1.5141093	4.7669816
AACCCAAGTAGTAAGT	Lateral root cap	0.89964	9.814635	6.3999124
AACCCAAGTTGAAGTA	Lateral root cap	0.973032	10.947423	7.058983
AACCCAATCGGCCCAA	Lateral root cap	0.384722	8.545107	4.861557
AACCTGAAGAAAGTCT	Lateral root cap	0.98837	13.598139	10.147824
AACCTGAAGCTTACGT	Root cap	0.810509	9.564711	3.0516431
AACCTGACAGCGTACC	Root cortex	0.974694	0.4990279	1.7283076
AACCTGAGTCCGTACG	Root cap	0.842419	11.284895	3.680707
AACCTGATCAGGGATG	Lateral root cap	0.972537	10.763455	9.901674
AACCTGATCATTGCCC	Root cortex	0.934498	0.86831856	-0.36134097
AACCTGATCTCGCCTA	G1/G0 phase	0.546711	1.9721549	-3.3115027
AACCTTTCAGTCGCAC	Root cortex	0.687707	0.5810555	-2.0364392
AACCTTTTCCTTGAAG	Root endodermis	0.966045	-1.3440638	4.832188
AACCTTTTCTCCTGAC	Root cortex	0.949754	-3.1821082	1.1273199
AACGAAAAGATGCTAA	Root cortex	0.735927	2.1365838	0.08014049
AACGAAAAGGATACGC	Lateral root cap	0.956368	11.107797	7.6525884
AACGAAAAGTTCTACG	Lateral root cap	0.977824	13.071702	10.481568
AACGAAACACGATAGG	S phase	0.987669	6.6952205	0.55572766
AACGAAACAGAGAAAG	Lateral root cap	0.828954	11.396207	5.327779
AACGAAACATCAGCAT	Lateral root cap	0.989253	14.509195	9.302001
AACGAAACATGACTAC	Non-hair	0.96508	4.533957	-0.08110876
AACGAAAGTGATATAG	Non-hair	0.987037	4.050075	0.32713017
AACGAAAGTTATAGAG	Root cortex	0.646518	0.76986414	-2.0449398
AACGAAATCATTCTTG	Lateral root cap	0.964483	12.65079	8.001403
AACGAAATCCAACCGG	Root cap	0.948717	8.623286	1.2726221
AACGAAATCCAAGCCG	Lateral root cap	0.985722	11.530002	8.953533
AACGAAATCTAAGAAG	Root cap	0.83945	9.540546	2.0761354
AACGAAATCTGACAGT	Lateral root cap	0.987808	15.554918	9.506994
AACGGGACAAGAATGT	Non-hair	0.967809	2.898432	0.13391152
AACGGGACAATGAAAC	Lateral root cap	0.987821	12.926344	9.722299
AACGGGACAATTGGTC	Root stele	0.92429	1.279475	7.3633175
AACGGGACAGAATGTA	Root cortex	0.761587	1.5049775	0.6585493
AACGTCAAGCTCCGAC	Unknow	0.660717	1.6644303	4.954968
AACGTCACAGGTCAAG	Lateral root cap	0.989474	14.777542	9.987433
AACGTCAGTAATTAGG	Lateral root cap	0.984171	10.268879	7.4149
AACGTCAGTCTCTCCA	Lateral root cap	0.916515	8.973699	8.150744
AACGTCATCCCTTGGT	Root cortex	0.979301	-0.14169441	3.2185795
AACGTCATCCTGTTAT	Root cortex	0.684495	1.3430866	-1.1304202
AACGTCATCTGCTTTA	Lateral root cap	0.829835	9.715111	5.617253
AACTTCTAGCACTCCG	Root endodermis	0.654566	-1.1970781	6.214469
AACTTCTAGGTACATA	Lateral root cap	0.915188	10.708957	5.777445
AACTTCTCAAGGTCTT	Root cap	0.981123	10.396915	2.288569
AACTTCTCACGGTAGA	Root cortex	0.975599	-0.24417092	0.72494036
AACTTCTCATCGAACT	Columella root cap	0.497711	7.998581	4.2259464
AACTTCTGTGATCGTT	Unknow	0.311598	7.480875	5.2697268
AACTTCTGTTACCTGA	Root stele	0.975766	-0.4241816	9.159331
AAGAACAAGATACGAT	Root endodermis	0.971822	-2.208117	5.4320188
AAGAACAAGCCTTGAT	Root cap	0.472537	9.89144	4.6872597
AAGAACAAGGATAATC	Lateral root cap	0.984854	14.14689	8.857152
AAGAACAAGGTCGTGA	Lateral root cap	0.97756	13.492771	8.053554
AAGAACACACACTGGC	Root cap	0.978836	10.917061	2.6454465
AAGAACAGTCAGGTAG	Lateral root cap	0.979799	13.55262	10.902419
AAGAACAGTCCAGGTC	Unknow	0.520928	1.3968346	4.471851
AAGAACAGTGATAGTA	Lateral root cap	0.988062	12.2698345	8.155501
AAGACAAAGATGACCG	Root cortex	0.972958	-0.035281293	0.18403521
AAGACAAAGGAGAATG	Unknow	0.814091	2.788572	4.450214
AAGACAAAGGTCACAG	Root stele	0.436795	-1.1039777	6.3024673
AAGACAAAGTAAATGC	Xylem	0.683856	-3.8386767	4.3180957
AAGACAACAGCGTGCT	Root cortex	0.687809	1.3117874	-1.6469321
AAGACAAGTCGCGTTG	Lateral root cap	0.472064	-3.3613684	4.483986
AAGACAAGTCTACAAC	Root cortex	0.98629	-1.0070074	1.8704774
AAGACAATCGGTATGT	S phase	0.98026	6.4790444	1.250878
AAGACTCAGCGTGAGT	Lateral root cap	0.990495	13.310483	8.655005
AAGACTCAGCTGCGAA	Lateral root cap	0.879861	11.471038	5.4576387
AAGACTCAGGATACAT	Root cortex	0.488878	-3.1522744	3.776165
AAGACTCCAAACGAGC	Root cap	0.658332	8.768866	3.7289283
AAGACTCCAACACAAA	S phase	0.995731	6.3646884	1.5249225
AAGACTCCACACAGAG	Root cortex	0.974766	-1.7633998	-0.09380519
AAGACTCCAGCTATAC	Unknow	0.606774	6.997509	6.9414864
AAGACTCGTCCTTTGC	Root endodermis	0.839002	-2.743717	5.2373376
AAGACTCTCGGAAGGT	Xylem	0.95396	-3.8607266	6.394139
AAGATAGAGACGACTG	Root cortex	0.971365	-2.0423756	0.21138307
AAGATAGAGACGGTTG	Root cortex	0.928035	-1.260485	3.1318254
AAGATAGAGGTCCAGA	Unknow	0.732975	6.504869	5.811776
AAGATAGAGTGATTCC	Lateral root cap	0.972897	9.901383	7.7721796
AAGATAGCAGAAACCG	Lateral root cap	0.482912	7.415326	5.8178864
AAGATAGCAGTAGTGG	Lateral root cap	0.977798	10.898251	10.073312
AAGATAGGTGATCATC	Unknow	0.680256	2.7206838	3.403321
AAGATAGTCCGTGCGA	Root cap	0.626613	10.044144	2.7273397
AAGATAGTCTAACGCA	Xylem	0.956693	-3.8476074	6.3161335
AAGCATCCACTCCGAG	Root cortex	0.85778	2.3890269	0.21191747
AAGCATCGTCCCTAAA	Lateral root cap	0.981629	13.000812	9.564294
AAGCATCTCACTTGGA	Root endodermis	0.934918	-2.078966	5.340953
AAGCATCTCGCGGACT	S phase	0.933061	6.6055307	-0.48485813
AAGCATCTCGTTAGTG	Xylem	0.287104	-2.9256573	5.17377
AAGCCATAGACTGTTC	Root stele	0.305906	0.89485055	9.612525
AAGCCATCACTCCGAG	Xylem	0.564271	-2.378047	6.244029
AAGCCATCACTGTCGG	Root cap	0.514264	8.671898	3.4495003
AAGCCATCATGTCTAG	Root endodermis	0.594309	-0.13010304	5.2148237
AAGCCATTCGTCTCAC	S phase	0.978027	6.4911466	0.5013689
AAGCGAGCAAGGAGTC	Lateral root cap	0.985188	11.506256	9.557091
AAGCGAGCATGGACAG	Root endodermis	0.961218	0.74982274	4.7009573
AAGCGAGCATTGACTG	Unknow	0.916988	3.083517	4.894927
AAGCGAGTCGACGACC	Non-hair	0.87247	1.959357	0.41450694
AAGCGAGTCGCTAGCG	Root cap	0.901616	8.667614	2.070729
AAGCGAGTCTGGTGGC	Root cortex	0.82134	0.8012033	-1.8197523
AAGCGTTGTCACTAGT	Non-hair	0.992887	4.003709	-0.010607845
AAGCGTTGTGTTACAC	Root cortex	0.945383	-3.0169947	1.2609286
AAGCGTTTCCATTTCA	Columella root cap	0.993958	7.077079	4.900196
AAGCGTTTCTTCTGTA	Lateral root cap	0.967365	9.117399	8.549658
AAGGAATCACGGATCC	Lateral root cap	0.984639	12.316012	9.1136055
AAGGAATCAGAGACTG	Non-hair	0.590317	2.3355405	1.6426964
AAGGAATTCGTTTACT	Root cortex	0.983198	-0.46012342	0.8349099
AAGGTAAAGATAACGT	Lateral root cap	0.986423	11.702589	9.304822
AAGGTAAAGCTTACGT	Lateral root cap	0.586585	10.590713	5.0674477
AAGGTAAAGGACGCTA	Root cortex	0.946472	-3.207813	0.79225254
AAGGTAAAGTCTGCGC	Lateral root cap	0.559141	3.4241033	2.8594005
AAGGTAAGTCACCACG	Lateral root cap	0.69696	8.509443	7.5395865
AAGGTAAGTGACTCGC	Root cap	0.97092	9.795543	2.4530897
AAGGTAATCCCTCTAG	Non-hair	0.760514	8.491772	3.8776925
AAGGTAATCCTGTAAG	Root stele	0.981465	0.45444828	8.827617
AAGTACCAGCTAGCCC	Non-hair	0.60582	2.619449	2.3232646
AAGTACCAGGTTGACG	Xylem	0.975079	-3.885722	6.415751
AAGTACCAGTAAGCAT	Lateral root cap	0.978656	13.25626	10.8327465
AAGTACCCAAAGACGC	Lateral root cap	0.970594	10.75605	7.688039
AAGTACCCACAATGCT	Lateral root cap	0.980637	10.831073	8.010399
AAGTACCCACGCTTAA	Lateral root cap	0.973649	9.928992	9.1159315
AAGTACCGTTATGTGC	Root cortex	0.978558	0.6477951	-0.1556143
AAGTACCGTTTGGAGG	Lateral root cap	0.970849	12.958685	11.253396
AAGTACCTCGCACTCT	Lateral root cap	0.449681	7.675221	7.107462
AAGTACCTCGTAGTCA	Columella root cap	0.577097	7.3778777	5.0597606
AAGTACCTCGTGCACG	Root cortex	0.577445	1.8534749	3.3914027
AAGTACCTCTCGTCAC	Lateral root cap	0.983707	11.393779	8.5867405
AAGTCGTAGACATATG	Lateral root cap	0.502248	7.31357	6.782303
AAGTCGTAGGCAGGGA	Lateral root cap	0.986784	13.303859	9.718483
AAGTCGTAGGGACACT	Root cortex	0.945545	-2.7224505	0.5034408
AAGTCGTCAACCAACT	Lateral root cap	0.981717	12.921028	10.599015
AAGTCGTCAATACGCT	Lateral root cap	0.980152	10.162122	8.323622
AAGTCGTCAATTCACG	Root endodermis	0.514402	-3.1624515	5.233267
AAGTCGTCACTCCACT	Root stele	0.982892	0.29302686	7.972942
AAGTCGTTCATGAAAG	Lateral root cap	0.987619	13.536157	9.310951
AAGTCGTTCCGAAATC	Root cortex	0.990591	-0.45334065	1.3489612
AAGTCGTTCGGTCGGT	Root stele	0.970387	0.58802754	9.390199
AAGTCGTTCTCTCAAT	Lateral root cap	0.971263	12.795051	11.202623
AAGTGAAGTAAGAACT	Root endodermis	0.390875	-2.999897	4.0526624
AAGTGAAGTAAGATTG	Root cortex	0.922937	0.78354895	2.7635262
AAGTGAAGTAAGTTAG	Root stele	0.522272	-1.3854737	7.5608325
AAGTGAAGTCTGCGCA	Root cap	0.66541	11.733888	4.304352
AAGTGAAGTGGAAGTC	Root cortex	0.982304	-0.28126973	1.0857455
AAGTGAATCAACACGT	Root cap	0.886545	10.006563	2.1591012
AAGTGAATCGGAATGG	Lateral root cap	0.942019	11.087888	6.7810135
AAGTGAATCTCATTGT	Lateral root cap	0.958845	10.692538	8.422717
AAGTTCGCACCTGCTT	Root cortex	0.724799	1.2660645	-0.21438274
AAGTTCGCAGTCGCTG	Root cortex	0.974934	-1.5689738	-0.22877233
AAGTTCGGTGGAAGTC	Lateral root cap	0.965962	12.010339	9.977905
AAGTTCGTCGCACTCT	Lateral root cap	0.936721	12.09462	6.379624
AAGTTCGTCGTGGTAT	Root hair	0.377337	6.1726503	-0.5189909
AAGTTCGTCTTCTGTA	Root cortex	0.69478	-3.7540848	2.3081515
AATAGAGAGATGTTAG	Lateral root cap	0.870671	8.781237	8.094965
AATAGAGAGTCATAGA	Non-hair	0.836711	2.9681761	-0.210419
AATAGAGCAAATACGA	Root cap	0.93695	11.406042	3.3948119
AATAGAGCATAAGCGG	Lateral root cap	0.986167	13.569427	9.879355
AATAGAGCATGCAGCC	Lateral root cap	0.974461	11.809277	7.8791246
AATAGAGGTACCTAGT	Lateral root cap	0.746299	11.346	5.2820163
AATAGAGGTTGAGAGC	Non-hair	0.706391	9.967065	3.0824087
AATAGAGTCCGCGATG	Lateral root cap	0.687151	8.948063	5.291237
AATAGAGTCGCTTAAG	Non-hair	0.947067	4.065373	0.71649605
AATAGAGTCTCGAACA	Lateral root cap	0.982747	11.929906	10.139673
AATCACGAGAAGGGAT	Lateral root cap	0.988114	12.288844	9.664552
AATCACGCATGACTGT	Root cap	0.906878	10.429006	3.2325788
AATCACGTCCCTTGGT	Root hair	0.682519	6.0323467	-0.8086914
AATCACGTCTACCAGA	Root cortex	0.691087	-0.07765247	4.913697
AATCACGTCTGCATAG	Lateral root cap	0.987714	14.514156	9.125795
AATCACGTCTTTCAGT	Root cortex	0.988497	-0.48217514	1.6616828
AATCGACAGATCGACG	Root cortex	0.97997	-1.5937088	0.798394
AATCGACAGTCACTAC	Unknow	0.666397	6.461883	6.558877
AATCGACAGTTATGGA	Non-hair	0.826911	1.9702469	-1.2101203
AATCGACCAATCGAAA	Root cortex	0.975496	-2.5271072	0.4658116
AATCGACCATTGAAAG	Lateral root cap	0.948359	11.371182	6.242609
AATCGACGTTCCACAA	Root cortex	0.811447	-3.2449636	2.15684
AATCGACGTTCGAAGG	Unknow	0.90035	2.851688	3.996448
AATCGACGTTTGATCG	Root cortex	0.990933	-0.38357875	1.9562035
AATCGACTCAGGAACG	Lateral root cap	0.988033	13.953722	8.617388
AATCGACTCCTTCGAC	Root cortex	0.990013	-0.43298107	1.3972605
AATCGACTCGCAGATT	Root stele	0.461957	-1.879694	6.037062
AATCGTGAGCTCGCAC	S phase	0.882213	5.9823565	2.830513
AATCGTGCAACAAGTA	Lateral root cap	0.656963	8.195737	5.9058666
AATCGTGCAGGCACAA	G1/G0 phase	0.384264	1.0086255	-2.2699165
AATCGTGTCCGATAGT	Lateral root cap	0.984311	15.422349	9.521239
AATGAAGAGCACTAGG	Root cortex	0.880597	-1.1727028	3.317662
AATGAAGAGCTCGGCT	Lateral root cap	0.98895	14.348557	9.604236
AATGAAGAGGACAGCT	Root cortex	0.982686	-1.3332031	2.240491
AATGAAGAGGTCCCTG	Lateral root cap	0.774878	8.006273	7.537437
AATGAAGAGTTGGCTT	Non-hair	0.624073	3.2716713	1.6656322
AATGAAGCACAAATGA	Lateral root cap	0.989755	13.738181	8.742854
AATGAAGGTACCCGCA	Non-hair	0.917143	3.7087092	0.39497784
AATGAAGTCGACCCAG	Root endodermis	0.943158	-0.6923391	4.757579
AATGAAGTCGAGAAGC	Lateral root cap	0.513459	8.3192215	5.0625687
AATGACCAGAGCAGAA	Lateral root cap	0.975715	12.378405	7.8194203
AATGACCAGGGACTGT	Lateral root cap	0.988743	13.405707	9.688858
AATGACCAGTACGAGC	Lateral root cap	0.989109	13.872365	8.6928425
AATGACCCAAAGCTCT	Root cortex	0.741233	1.2497233	-1.4639114
AATGACCCAAAGGCGT	S phase	0.934805	6.4705453	-0.13449532
AATGACCCAATGGCCC	Lateral root cap	0.808079	9.329232	8.272954
AATGACCGTACGTACT	Root cap	0.973159	8.98543	2.1142724
AATGACCGTTTCGATG	Non-hair	0.333921	3.539351	1.8513677
AATGACCTCACGGTCG	Unknow	0.991294	3.0275855	5.4216366
AATGCCAAGCACTGGA	Unknow	0.611132	3.0345414	3.610252
AATGCCAAGGATCACG	Root endodermis	0.460005	-2.5969322	6.035574
AATGCCAAGTCACAGG	Lateral root cap	0.691443	4.732745	2.3625324
AATGCCAGTCAACATC	Root cap	0.766216	10.232336	3.1352737
AATGCCAGTCAGTTTG	Unknow	0.949534	4.911239	4.5550447
AATGCCATCATATGGC	Root stele	0.977564	-0.04961694	8.242418
AATGGAAAGTACCATC	Lateral root cap	0.669621	12.121867	5.076139
AATGGAAGTAGCCAGA	Lateral root cap	0.975231	11.433074	8.179838
AATGGAAGTCCCACGA	Unknow	0.959834	2.9181058	6.2796097
AATGGCTAGTATAGGT	Columella root cap	0.351235	7.530663	5.4688087
AATGGCTCAGTAACCT	Root endodermis	0.983356	-1.6120456	5.0032153
AATGGCTGTATCGCGC	Lateral root cap	0.871704	4.590582	2.4385583
AATGGCTGTCCTGGTG	Root stele	0.975804	-0.23326656	8.455632
AATGGCTTCATCCTGC	Unknow	0.96246	3.1234064	4.7319193
AATGGCTTCCAGTGTA	Root cortex	0.906916	-3.369391	0.48717692
AATTCCTCACGATAGG	Lateral root cap	0.692908	9.246971	5.5378485
AATTCCTGTTCAGCGC	Root stele	0.969091	-0.06466377	8.391081
AATTCCTTCGGAGATG	Root stele	0.943212	1.4383414	8.553493
AATTTCCAGCCACCGT	Unknow	0.529898	7.11978	5.476207
AATTTCCGTTCTCACC	Columella root cap	0.735886	6.835115	5.5539308
AATTTCCTCAGCCTCT	Lateral root cap	0.979672	11.257391	9.374903
ACAAAGAAGCCTATTG	Lateral root cap	0.98867	15.659596	9.588475
ACAAAGACACTATGTG	Root stele	0.862474	0.98921055	7.4651175
ACAAAGAGTATCGGTT	Root cortex	0.807459	-3.8694425	1.7106358
ACAAAGATCCGAGTGC	Root cortex	0.444204	0.030914258	-1.6493514
ACAAAGATCGAGAGCA	Root cap	0.721744	9.436421	3.78053
ACAACCAAGACAGCGT	Non-hair	0.923452	3.1295152	0.3489178
ACAACCAGTGAGCTCC	Unknow	0.686003	6.5785823	6.856586
ACAACCATCAGGAAGC	Lateral root cap	0.985924	15.6909	9.607904
ACAACCATCCGCAGTG	Unknow	0.952467	6.1140776	6.744486
ACAAGCTAGGGAGATA	Lateral root cap	0.91274	10.146056	6.6826453
ACAAGCTAGTAGACAT	Lateral root cap	0.6429	11.120545	5.177665
ACAAGCTCACGGGCTT	Lateral root cap	0.834306	8.5191965	8.035675
ACAAGCTCAGATAAAC	Xylem	0.865717	-3.5912323	6.304102
ACAAGCTCATGACCCG	Root cortex	0.985063	0.3649437	1.2011472
ACAAGCTGTCACTGAT	Lateral root cap	0.985499	13.343629	8.922488
ACAAGCTGTGATGGCA	Non-hair	0.493046	2.56666	1.1543853
ACAAGCTGTTTAAGGA	Root endodermis	0.484047	-0.11723704	5.0842695
ACAAGCTTCAGTGTTG	Root cortex	0.823139	1.6491699	0.7747024
ACAAGCTTCCGAGAAG	Lateral root cap	0.982519	15.689192	9.755828
ACAAGCTTCGCGCTGA	Root cortex	0.949118	-1.882033	1.4562292
ACACAGTAGAGCATCG	Root cortex	0.772524	-3.6752787	1.3119028
ACACAGTCACATAGCT	Root cortex	0.508457	1.5038906	-0.40062246
ACACAGTCACTCCGAG	Xylem	0.793561	-3.0347416	6.0929766
ACACAGTGTGGCCACT	Root cortex	0.989089	0.45220658	0.32511804
ACACAGTGTTTACACG	Root cortex	0.991763	-0.04469005	1.8366961
ACACAGTTCATTTCGT	Lateral root cap	0.898216	9.717821	6.0443463
ACACCAACACCGAATT	Root cortex	0.951848	-2.9919868	0.87729293
ACACCAACACTCAAGT	Root cortex	0.509357	0.6499366	-1.9415076
ACACCAACATTACGGT	Root cortex	0.98074	0.101101995	0.7790114
ACACCAATCCCATACC	Root cap	0.919355	9.945196	3.7288222
ACACGCGAGGGTAATT	Lateral root cap	0.978762	13.167087	9.702945
ACACGCGAGGTTGTTC	Root cortex	0.86774	1.697713	0.78099227
ACACGCGGTGCTTATG	Root cortex	0.975648	-1.6530871	0.030626474
ACACGCGTCATGTCAG	Lateral root cap	0.872709	8.588575	7.8836713
ACACTGAAGTTGGGAC	Columella root cap	0.377033	7.739958	5.188186
ACACTGACATGACAAA	Non-hair	0.931832	2.675886	1.2286886
ACACTGAGTAGACTGG	Unknow	0.676753	6.5911436	5.608025
ACACTGATCATACGGT	Unknow	0.951979	5.524795	6.1694884
ACACTGATCTCAACGA	Lateral root cap	0.985379	15.718436	9.673727
ACAGAAAAGAAATCCA	Non-hair	0.936772	3.2255127	0.23966612
ACAGAAAAGCTCGAAG	Lateral root cap	0.910434	11.366888	5.9259143
ACAGAAAAGTTGGCTT	Root endodermis	0.54837	-1.1241661	6.3093085
ACAGAAAGTCATGGCC	Root stele	0.963907	1.295182	8.468028
ACAGAAAGTCGCTGCA	Root endodermis	0.898857	-0.1282083	4.676557
ACAGAAATCGCAAGAG	S phase	0.997661	6.4401503	1.5904167
ACAGCCGAGCCTAACT	Root endodermis	0.387157	-3.1779532	5.4446597
ACAGCCGAGCCTCGTG	Root endodermis	0.493215	-0.48314002	6.258503
ACAGCCGAGGGTTGCA	Lateral root cap	0.944541	10.914849	7.389768
ACAGCCGAGTTCCGTA	Lateral root cap	0.97863	12.147118	8.238714
ACAGCCGGTCAACATC	Lateral root cap	0.920897	9.130896	6.5223546
ACAGCCGTCCCTATTA	Root cortex	0.598224	-0.41933513	5.153815
ACAGGGAAGAAGCTGC	Root endodermis	0.468583	-0.598901	6.1613436
ACAGGGAAGCTAGATA	Root cortex	0.946158	-2.1965282	0.08068018
ACAGGGAAGCTATCCA	Root cortex	0.985122	-0.1872253	1.4707663
ACAGGGACAGAGGTTG	Root cortex	0.892708	1.2351842	-1.2187179
ACAGGGAGTAGAGATT	Root cap	0.694462	9.960347	3.2368567
ACAGGGAGTGTTACAC	Root hair	0.914234	5.7399364	-0.870445
ACAGGGATCGCTTGCT	Root stele	0.98477	-0.47035939	8.877339
ACATCCCCAACGACTT	Unknow	0.946168	5.8887987	6.2419143
ACATCCCCACATTGTG	Lateral root cap	0.892786	8.567909	7.792232
ACATCCCGTGTGGACA	Lateral root cap	0.306756	8.584335	4.519565
ACATCCCGTTCGGCCA	Lateral root cap	0.815902	11.904635	11.097934
ACATCCCTCAAGCTGT	Root cortex	0.919198	0.8290099	-1.5989921
ACATCCCTCTGGTGCG	Unknow	0.526612	2.2188087	3.5802298
ACATCCCTCTTTGCTA	Unknow	0.955988	3.5529811	4.873578
ACATCGAAGATCGCTT	Columella root cap	0.541214	7.0896354	5.1407886
ACATCGAAGCCAGACA	Lateral root cap	0.967901	10.357888	7.251743
ACATCGACAACTGAAA	Lateral root cap	0.989947	14.912907	9.637546
ACATCGAGTCGTCGGT	Lateral root cap	0.96432	10.976406	6.4549427
ACATCGAGTTCGGCGT	Lateral root cap	0.886314	9.715933	7.308212
ACATCGATCATGGTAC	S phase	0.996576	6.5577655	1.031999
ACATCGATCCCGAGAC	Root cortex	0.820476	-3.975294	1.6123396
ACATGCAAGCTAAACA	Root cortex	0.33648	-0.29421508	4.9371967
ACATGCAAGGGCGAAG	Lateral root cap	0.948178	10.543166	7.3916793
ACATGCAAGTCACTAC	Unknow	0.930347	2.6073327	5.11738
ACATGCAGTATCGTAC	Non-hair	0.400644	3.7435017	1.997839
ACATGCAGTTCCAGGC	Root stele	0.953945	0.5590023	7.183557
ACATGCATCATTTGCT	Lateral root cap	0.752859	8.101875	7.821098
ACATTTCAGGAAGAAC	Lateral root cap	0.965942	10.4950075	6.9100637
ACATTTCCAGACAAGC	Lateral root cap	0.989109	11.661063	9.272364
ACATTTCCATCACGGC	Unknow	0.628156	3.748956	4.357843
ACATTTCGTATAGCTC	Lateral root cap	0.944486	9.617669	6.916328
ACATTTCTCGTGGGTC	Lateral root cap	0.985386	13.2844	9.510714
ACCAAACAGAACTTCC	Lateral root cap	0.987166	10.583054	9.003497
ACCAAACAGCGCACAA	Lateral root cap	0.563934	8.174341	5.695908
ACCAAACAGGGAACAA	Lateral root cap	0.989723	13.420247	8.616657
ACCAAACAGGTTCCGC	Xylem	0.920505	-3.2600794	6.5203886
ACCAAACCAATATCCG	Root cortex	0.95627	-2.7486308	1.4688288
ACCAAACCATGTCTAG	Root stele	0.940524	0.054505594	9.072494
ACCAAACGTATCCTCC	Non-hair	0.393638	3.589646	2.037861
ACCAAACGTCCTTAAG	Root cortex	0.988797	-0.4070495	1.7582616
ACCAAACGTGGTCCGT	Lateral root cap	0.867591	9.218194	6.0930934
ACCAAACTCCATCTCG	Non-hair	0.750122	2.7116954	0.9399762
ACCAAACTCTCGGTCT	Lateral root cap	0.988955	14.36504	9.036825
ACCAACAAGTCCGCCA	Non-hair	0.98474	2.825642	0.7774138
ACCAACACAAGTGACG	Root stele	0.970804	-1.0832045	8.657005
ACCAACACACTGCATA	Root cortex	0.802115	2.0347614	0.017867573
ACCAACACATTGTAGC	Unknow	0.540351	7.764568	7.616001
ACCAACAGTAAGCGGT	Root hair	0.837863	3.191645	-2.1302168
ACCAACAGTATGCAAA	Lateral root cap	0.981541	12.70591	7.5326004
ACCAACAGTCCACTTC	Root stele	0.973459	0.62694675	8.335006
ACCAACAGTGGCTTAT	Non-hair	0.828225	3.127707	1.3593576
ACCAACAGTTAAACAG	Lateral root cap	0.324271	8.659128	4.318911
ACCAACATCCCAAGTA	Lateral root cap	0.979134	12.144508	9.756381
ACCAACATCCTGGTCT	Lateral root cap	0.748757	10.267006	6.188382
ACCAACATCGTAGCTA	Root cap	0.988284	9.296586	1.7462345
ACCAACATCTTAGCAG	Non-hair	0.548438	1.7841128	-1.1172742
ACCACAACAATGTGGG	Root cap	0.840641	9.344122	2.0765262
ACCACAACACGTTGGC	Unknow	0.853195	2.5511882	6.793668
ACCACAACACTGGCGT	Root cortex	0.66755	-4.250831	1.998815
ACCACAAGTATTGGCT	Lateral root cap	0.985891	14.204501	9.010205
ACCATTTAGCACTCAT	Lateral root cap	0.987337	13.825393	9.596684
ACCATTTAGGTTCATC	Lateral root cap	0.886685	9.567757	6.7827964
ACCATTTAGTATGGCG	Lateral root cap	0.76909	8.892607	8.682455
ACCATTTCACTTGTGA	Root cortex	0.870048	1.0570045	-0.49729052
ACCATTTCATATCGGT	Root hair	0.545971	2.0068138	-1.686465
ACCATTTGTAGAGATT	Lateral root cap	0.984727	11.682742	7.502843
ACCATTTGTAGATCCT	S phase	0.771121	6.2632103	0.47083417
ACCATTTGTTAAGGGC	Unknow	0.96229	5.616594	6.2074566
ACCATTTGTTCAAGGG	Lateral root cap	0.741308	9.199965	5.3690085
ACCCAAAAGAGCTGCA	Root cortex	0.658109	1.419284	3.9278069
ACCCAAAAGATGTTGA	S phase	0.99486	6.503077	1.3333738
ACCCAAAAGGCCTGCT	Lateral root cap	0.972305	9.137407	8.11878
ACCCAAAAGGGATCTG	Lateral root cap	0.884162	12.627862	11.253487
ACCCAAAAGTGACCTT	Root stele	0.629886	-0.135619	6.0863175
ACCCAAACACGTAACT	Root stele	0.95145	-0.7258745	8.4428005
ACCCAAAGTCGTCTCT	Lateral root cap	0.96786	12.002521	7.566349
ACCCAAAGTCTACGTA	Lateral root cap	0.972851	9.445305	8.720522
ACCCAAATCATGACAC	Lateral root cap	0.685959	8.624053	5.504083
ACCCAAATCCGGACTG	Lateral root cap	0.654369	8.093506	5.9263716
ACCCAAATCGGAATGG	Root cortex	0.975851	-1.771002	0.27789733
ACCCAAATCGTGCTCT	Root hair	0.95982	2.4969459	-2.4518833
ACCCTCAAGCCAAGGT	Root cortex	0.941276	-3.331476	0.83349925
ACCCTCAAGGGTTAGC	Root cortex	0.981019	0.48337606	1.411262
ACCCTCACAACTCCCT	Root cap	0.791645	8.998167	3.9751198
ACCCTCACACCCATAA	S phase	0.957883	6.169494	2.157032
ACCCTCATCAGCATTG	Root cortex	0.973767	-1.5247779	2.2297473
ACCCTCATCTAGTCAG	S phase	0.976043	6.153171	2.4184062
ACCCTTGAGGCTAGCA	Unknow	0.948897	3.1263492	4.4642577
ACCCTTGAGTTCCTGA	Lateral root cap	0.975981	10.751518	8.45616
ACCCTTGGTCAAAGAT	Lateral root cap	0.940883	10.95261	10.330964
ACCCTTGGTCGAACAG	Lateral root cap	0.379243	7.920935	4.9765887
ACCCTTGGTCGCATTA	Unknow	0.688022	4.91673	4.0792494
ACCCTTGGTTATGTGC	Unknow	0.978463	3.1871805	4.6675587
ACCCTTGTCGAACACT	Lateral root cap	0.934626	12.469867	6.8438077
ACCCTTGTCGAAGCAG	Root cortex	0.988971	0.37958306	2.3749285
ACCGTTCAGGAGCAAA	Lateral root cap	0.809365	12.120344	5.49808
ACCGTTCAGGGACTGT	Lateral root cap	0.968723	13.012915	11.153258
ACCGTTCCAATTAGGA	Lateral root cap	0.973819	11.516933	6.7133064
ACCGTTCCACCAATTG	Lateral root cap	0.97517	11.291423	10.073649
ACCGTTCTCTGAACGT	Lateral root cap	0.97809	13.422254	10.878957
ACCTACCCAGTTACCA	Lateral root cap	0.541805	7.986203	6.1603355
ACCTACCGTAGAGACC	Lateral root cap	0.589759	11.735227	5.0041904
ACCTACCGTCCATCTC	Root stele	0.974322	-0.0016252078	8.982598
ACCTACCTCTAACGGT	Lateral root cap	0.989562	14.978039	9.352441
ACCTGAACAGCATACT	Root cortex	0.985869	0.3385594	0.35362673
ACCTGAACATCGTCCT	Root endodermis	0.441911	-3.2001443	3.9429462
ACCTGAATCGCTAAAC	Lateral root cap	0.971557	13.845422	8.733425
ACCTGTCAGGCCACCT	Columella root cap	0.91157	6.9052277	5.2293057
ACCTGTCGTGCCCACA	Lateral root cap	0.361697	7.8037	5.456069
ACGATCAAGACGGTTG	Root cortex	0.544246	2.015021	-0.5257564
ACGATCAAGCAGGCTA	Root stele	0.977962	-0.46001327	8.851969
ACGATCAAGCTCTTCC	Lateral root cap	0.973039	12.976122	11.0806675
ACGATCAAGGCATGCA	S phase	0.990186	6.3881993	1.0293324
ACGATCAAGTTGAAAC	Root stele	0.973863	-1.2882175	9.002611
ACGATCACAACCTAAC	Root cortex	0.990908	0.0011134796	2.2406998
ACGATCACACCGCTGA	Lateral root cap	0.530202	7.7576327	6.131217
ACGATCACAGAGTTCT	G1/G0 phase	0.71016	1.6259272	-2.808118
ACGATCAGTCACTTCC	Lateral root cap	0.984626	15.61131	9.720213
ACGATCAGTTGTCTAG	Root cortex	0.456307	0.85836554	4.5503397
ACGATCATCGGTAGGA	Root cortex	0.979953	0.36962217	1.9152168
ACGATGTAGAGGTCGT	Root stele	0.964592	0.4869028	9.364745
ACGATGTAGATCCGAG	Lateral root cap	0.984065	13.3720455	10.168527
ACGATGTAGGAAACGA	Root cortex	0.987795	-0.59187865	2.0157385
ACGATGTAGTCGAATA	Lateral root cap	0.97404	11.194222	8.338156
ACGATGTAGTGCGTCC	Lateral root cap	0.986494	13.038877	10.334245
ACGATGTAGTGGACGT	Columella root cap	0.670738	7.506282	5.3063073
ACGATGTCAGGAATAT	S phase	0.965433	6.3404903	1.1408218
ACGATGTCATCTCCCA	Lateral root cap	0.984434	11.907036	8.1285515
ACGATGTCATGCCGGT	Non-hair	0.299848	2.0752566	2.7145364
ACGATGTGTAGCTAAA	S phase	0.886953	6.4653206	-0.36701977
ACGATGTGTGGCATCC	Lateral root cap	0.701763	7.9421964	6.185193
ACGATGTTCAGCGCGT	Lateral root cap	0.979562	10.788571	8.23792
ACGATGTTCATTCATC	Lateral root cap	0.935571	11.121948	6.9756656
ACGCACGAGACGGAAA	Root cortex	0.756772	0.24234506	4.673312
ACGCACGAGAGTCTGG	Root endodermis	0.306129	1.3126355	6.1776924
ACGCACGAGCTGTTCA	Unknow	0.988996	2.9973946	5.1679096
ACGCACGCAGCCCAGT	Root stele	0.881454	0.3030394	6.5531244
ACGCACGCAGTAGAGC	Lateral root cap	0.438119	7.5664077	5.7574916
ACGCACGGTAGCACAG	Lateral root cap	0.984895	13.125902	10.110634
ACGCACGGTCTACAAC	Non-hair	0.275066	3.4160788	2.1728551
ACGCACGGTCTTGTCC	Root cap	0.775792	9.665424	3.8903637
ACGCACGGTGGCTTAT	Lateral root cap	0.933091	9.479599	7.32781
ACGCACGGTTCGGCCA	Unknow	0.963456	5.7986693	5.900486
ACGCACGGTTGTGCAT	Lateral root cap	0.877326	8.952687	6.5716033
ACGCACGTCAGCCTCT	Root cortex	0.486291	-3.2582908	2.9755733
ACGCACGTCCATAGAC	Lateral root cap	0.348371	3.464307	2.2679603
ACGCACGTCCTAGCCT	Lateral root cap	0.919143	9.826169	6.5373087
ACGGAAGAGAAGAGCA	Lateral root cap	0.978234	13.073821	10.170168
ACGGAAGAGACCAAGC	Columella root cap	0.380447	7.5163445	6.1506705
ACGGAAGAGGCCTTGC	Lateral root cap	0.873698	8.979933	6.0999217
ACGGAAGAGGTGCTAG	Lateral root cap	0.986948	13.963338	9.404043
ACGGAAGCAAACAGGC	Lateral root cap	0.97659	9.990716	7.125926
ACGGAAGCAAGGTACG	Lateral root cap	0.978279	11.482525	9.570208
ACGGAAGCACGATTCA	Root cortex	0.983122	-1.8174903	1.1848838
ACGGAAGCAGGATGAC	Lateral root cap	0.980548	11.353106	9.471296
ACGGAAGCAGTTGTCA	Root endodermis	0.606183	-2.666108	4.3018775
ACGGAAGGTGGGCTCT	Unknow	0.407532	1.8788283	3.284313
ACGGAAGTCACATACG	Root cortex	0.945044	-1.5354506	2.740044
ACGGAAGTCACCACAA	Root stele	0.90677	1.6547447	8.042556
ACGGAAGTCATTTGGG	Root cortex	0.979961	0.61588645	1.3278478
ACGGAAGTCTAACGGT	Root endodermis	0.422736	-3.5602095	4.9544034
ACGGGTCAGGCTTCCG	Lateral root cap	0.906012	11.063307	6.8466153
ACGGGTCAGGTCACCC	Unknow	0.566452	6.9590974	7.025096
ACGGGTCGTAGAATGT	Root hair	0.844254	2.1802256	-2.426405
ACGGGTCGTCTCGACG	Root endodermis	0.857223	0.6400151	4.6874666
ACGGGTCGTGAGTGAC	Root cortex	0.428177	-4.3813543	1.8849816
ACGGGTCGTGCAACAG	Non-hair	0.730944	2.639334	1.0336238
ACGGGTCGTGCTTCAA	Lateral root cap	0.955795	10.847926	7.1328506
ACGGGTCTCATCGGGC	Lateral root cap	0.67028	8.350166	5.655657
ACGGGTCTCCTTCACG	Root cortex	0.706312	1.8897551	1.5483036
ACGGGTCTCGGATTAC	Lateral root cap	0.521818	7.877969	7.838628
ACGGTCGAGCGACTAG	Xylem	0.925494	-3.8209574	6.086183
ACGGTCGAGCTAGAGC	Root cortex	0.963485	-1.2590021	2.8907633
ACGGTCGCAAGCCTGC	Root cortex	0.954565	-3.1503935	0.6322617
ACGGTCGCACCCAAGC	Root endodermis	0.842939	-0.5460661	5.3856783
ACGGTCGCAGGACAGT	Lateral root cap	0.992367	14.2569065	9.087698
ACGGTCGCATCGAAGG	Lateral root cap	0.982754	13.89017	10.413255
ACGGTCGGTCGAGCAA	Root stele	0.951202	0.96238256	9.235468
ACGGTCGGTTACCCTC	Lateral root cap	0.984694	10.396939	8.533135
ACGGTCGTCTCTCTAA	Xylem	0.962224	-3.8862994	6.208936
ACGGTTAAGAGCCATG	Root stele	0.977132	-0.24465369	8.947312
ACGGTTAAGCGTCTGC	Lateral root cap	0.851095	11.092253	5.886019
ACGGTTAAGGAATGTT	Lateral root cap	0.671288	10.543668	4.9890013
ACGGTTAAGGCTGTAG	Lateral root cap	0.983826	12.60593	7.7919865
ACGGTTACAATGGGTG	Lateral root cap	0.446337	8.638034	4.8701863
ACGGTTACACACGTGC	Lateral root cap	0.77235	4.051584	3.0108778
ACGGTTAGTATGAAGT	Root cap	0.610753	9.296643	4.148645
ACGGTTAGTCCAATCA	Root endodermis	0.635791	-3.260693	4.6877036
ACGGTTATCGCTTGCT	Root cortex	0.986752	0.28052568	2.0623734
ACGGTTATCTCGACCT	Lateral root cap	0.98859	11.9226675	9.402786
ACGTAACAGATGACCG	Lateral root cap	0.965259	11.469259	8.371818
ACGTAACAGCGACTGA	Unknow	0.367664	5.9671226	2.777877
ACGTAACAGTATAACG	Lateral root cap	0.92141	9.428676	6.8526397
ACGTAACGTTTGTTGG	Xylem	0.887388	-2.7512949	6.505041
ACGTAACTCAAGCCAT	Root endodermis	0.722026	-0.1534054	4.9991503
ACGTACAAGAGTGTGC	Lateral root cap	0.74354	9.183106	5.3717165
ACGTACAAGTTGAAAC	Root cortex	0.635274	2.1087916	2.5021298
ACGTACAAGTTGGGAC	Lateral root cap	0.973592	11.126476	8.016238
ACGTACACAAAGGCTG	Lateral root cap	0.98203	12.540977	10.19663
ACGTACACACCGTGGT	Root cortex	0.844943	1.4277183	0.3672048
ACGTACACAGTTGCGC	Non-hair	0.741928	5.8319793	-0.17237672
ACGTACAGTTGAAGTA	Root stele	0.97695	0.46795943	7.866439
ACGTACAGTTGCTCAA	Columella root cap	0.461274	6.508562	5.3257537
ACGTACATCCATACAG	Lateral root cap	0.970063	10.507573	7.894195
ACGTACATCGATCCAA	Lateral root cap	0.831618	9.478651	6.103585
ACGTACATCGATTTCT	Lateral root cap	0.588144	8.531328	4.9259133
ACGTAGTAGCGAAACC	Lateral root cap	0.891518	10.925389	6.8700953
ACGTAGTCACTAGTAC	Root endodermis	0.858823	-2.753401	5.601018
ACGTAGTTCCACGGAC	Lateral root cap	0.986141	13.910817	9.147935
ACGTAGTTCGAGTACT	Unknow	0.638751	3.462534	3.8817332
ACGTCCTAGACCTCAT	Root cortex	0.95618	-1.0021842	2.586603
ACGTCCTCAACGCATT	Lateral root cap	0.595849	7.9965606	6.101809
ACGTCCTCAAGCTCTA	Lateral root cap	0.980778	11.880905	10.664678
ACGTCCTCATAGGTTC	Lateral root cap	0.988974	13.896773	10.005708
ACGTCCTTCTTCTGTA	Root cortex	0.459461	0.48143712	4.660117
ACGTTCCAGGACTAAT	Unknow	0.948603	3.1084468	4.38346
ACGTTCCCACACCTAA	Non-hair	0.837767	2.354999	1.0016431
ACGTTCCCAGCGAACA	Lateral root cap	0.374521	3.1981347	2.6567786
ACGTTCCCATCTATCT	Unknow	0.991387	4.0587544	5.308435
ACGTTCCTCCACCCTA	Root cortex	0.538788	1.8021847	3.7714567
ACGTTCCTCTGTTGGA	Lateral root cap	0.957885	9.122582	8.441415
ACTACGAAGACTTAAG	Lateral root cap	0.97021	10.051016	8.045983
ACTACGATCGTGGAAG	Root cortex	0.59522	-3.5082872	2.518583
ACTATCTAGGGTTTCT	Root cap	0.896548	10.74191	2.8605309
ACTATCTCACCTCTAC	Root cortex	0.949305	1.1804363	0.8333331
ACTATCTCACTGGCCA	Lateral root cap	0.692399	8.484729	5.4602175
ACTATCTCACTGTGAT	Non-hair	0.912046	3.1652381	-1.3228374
ACTATCTTCGGTCATA	Lateral root cap	0.660764	4.3426495	2.2598174
ACTATGGAGAATAGTC	Root cortex	0.967371	-0.55253094	3.497785
ACTATGGAGCCTCAAT	Lateral root cap	0.468066	9.979677	8.768983
ACTATGGCACATCCCT	Root stele	0.918305	1.2181026	7.226647
ACTATGGCAGAGGCAT	Lateral root cap	0.98361	12.813309	9.709095
ACTATGGGTCGAGATG	Root stele	0.914042	1.0886213	7.7001057
ACTATGGTCTGGCCAG	Non-hair	0.838358	2.792922	1.3300824
ACTATTCAGCATATGA	Unknow	0.558754	3.082645	3.6436505
ACTATTCAGCCTCCAG	Lateral root cap	0.987968	12.057457	8.627956
ACTATTCAGGGCTTCC	Non-hair	0.526629	8.205676	4.2032256
ACTATTCCAGGTACGA	Root stele	0.972773	0.16933678	7.562063
ACTATTCTCGTAACAC	Xylem	0.961084	-2.5709023	6.9629664
ACTATTCTCTTAAGGC	Root cortex	0.970485	0.60527784	-1.2963222
ACTCCCAAGATTAGAC	Lateral root cap	0.88978	9.155705	7.393794
ACTCCCACAACTACGT	Root cortex	0.98152	-1.9202967	0.8113744
ACTCCCACAAGCGCAA	Root stele	0.977025	-0.23948914	8.139816
ACTCCCACAGAGCGTA	Unknow	0.618425	6.5981727	6.440592
ACTCCCAGTTCCGGTG	Root cortex	0.936251	-2.8025978	1.1157501
ACTCCCATCCGCTGTT	Lateral root cap	0.929481	11.352459	6.678481
ACTCCCATCCTCTTTC	Unknow	0.742325	2.471417	3.5415657
ACTCCCATCGAAGTGG	Root stele	0.974322	-1.4267263	9.011902
ACTCCCATCGCGTGCA	Root cap	0.924332	8.58654	1.2477877
ACTCCCATCTAAGCGT	Unknow	0.968102	4.355846	5.0435276
ACTCTCGAGGACGGAG	Root cortex	0.562406	1.7830042	0.51783144
ACTCTCGAGTAAAGCT	Root cortex	0.981011	-0.7179446	0.1914728
ACTCTCGAGTATTAGG	Root cap	0.969398	10.953653	2.753483
ACTCTCGGTAGAGGAA	Lateral root cap	0.949619	10.974757	7.8031764
ACTCTCGTCGATACGT	Root cortex	0.723853	1.1365433	4.095173
ACTGATGAGAATCGCG	Lateral root cap	0.639387	8.3847685	5.0635176
ACTGATGAGGGAACAA	Root cortex	0.816321	-3.3521793	2.0833774
ACTGATGAGTCACTGT	Root stele	0.981005	0.73242974	9.1010065
ACTGATGAGTTCGCAT	Non-hair	0.601421	8.628531	3.7778816
ACTGATGGTAACGCGA	Lateral root cap	0.922094	10.026077	8.5411005
ACTGATGGTATGAGGC	Lateral root cap	0.966896	10.562821	7.065269
ACTGATGGTTGCCATA	Root cap	0.971039	10.944874	2.7904446
ACTGATGTCGCTTACC	Lateral root cap	0.894974	11.497671	6.1667743
ACTGATGTCGTGCTCT	Root cap	0.877444	9.332393	3.7078564
ACTGCAAAGAACCCGA	Root cortex	0.698213	-4.407723	1.4704276
ACTGCAAAGGAAGTAG	Root stele	0.984133	-0.14588775	8.509122
ACTGCAAAGGAGAGTA	Lateral root cap	0.95764	4.40401	3.187077
ACTGCAACAACAGATA	Root stele	0.958881	0.8992402	8.32856
ACTGCAAGTCCGGCAT	Root cap	0.924037	9.379291	3.4765215
ACTGCAAGTGAGATTA	Lateral root cap	0.986005	14.058643	9.487161
ACTGCAAGTTGGTGTT	Unknow	0.596863	6.953841	6.540633
ACTGCAATCGTCACCT	Root cortex	0.983318	-0.5603254	3.106068
ACTGCAATCTGTCGTC	Root cortex	0.9361	0.87076205	-0.113084905
ACTGTCCAGCTGTTAC	Lateral root cap	0.987354	13.593866	9.132864
ACTGTCCAGTCTAGCT	Lateral root cap	0.871986	3.8610327	2.8830872
ACTGTCCCACAAATAG	Lateral root cap	0.496551	11.0229025	4.6956377
ACTGTCCGTAGATGTA	Root endodermis	0.650529	-3.7488375	2.7207897
ACTGTCCTCAGTCCGG	Root cortex	0.988548	0.4099172	1.9184417
ACTGTCCTCCCGTGTT	Columella root cap	0.688298	7.5708575	4.689103
ACTGTCCTCGTCGCTT	Root cortex	0.769553	1.3930444	-1.3985958
ACTGTGAAGCTAAATG	Lateral root cap	0.853176	3.9034076	2.5881
ACTGTGAAGCTGACCC	Unknow	0.970609	4.827741	5.2660155
ACTGTGAAGTACAGCG	Unknow	0.411061	3.0716274	4.274773
ACTGTGACAAGAGTTA	Unknow	0.42341	5.039901	4.0264387
ACTGTGACAGCCGTTG	Root cap	0.829663	10.422317	3.7346818
ACTGTGATCTGGGATT	Lateral root cap	0.698409	3.5872958	2.435554
ACTTAGGAGCTTGTTG	Root cortex	0.990483	-0.28082803	1.6855568
ACTTAGGAGGAAACGA	Lateral root cap	0.983624	12.706494	7.608367
ACTTAGGAGGTTATAG	Root cortex	0.920967	-3.413211	1.087036
ACTTAGGAGTCAAGCG	Lateral root cap	0.541227	8.228876	5.370614
ACTTAGGCACGGTGCT	Root cortex	0.990748	0.4555717	1.5451627
ACTTAGGGTGAGTCAG	Root cap	0.660633	11.244914	4.1738973
ACTTAGGGTTTACGAC	Root cortex	0.815092	-3.2941456	2.05886
ACTTAGGTCGCAGTGC	Root cap	0.612656	11.80341	4.376331
ACTTATCAGTGAGGTC	Non-hair	0.961933	3.3068728	-0.14631386
ACTTATCCAGTATGAA	Root cap	0.764654	9.7371235	3.906691
ACTTATCGTTACCTTT	Root cortex	0.887191	0.0944684	3.8215938
ACTTATCTCACAAGGG	Lateral root cap	0.940265	9.557607	6.614865
ACTTATCTCTCGGGAC	Lateral root cap	0.841691	10.371126	5.497921
ACTTCCGAGTAAACGT	Root endodermis	0.919663	-0.9206497	4.706766
ACTTCCGCAATCTCGA	Root endodermis	0.626397	-0.3844965	6.5184617
ACTTCCGCACATACGT	Non-hair	0.86798	2.8793921	0.40095785
ACTTCCGCATAGAATG	Lateral root cap	0.981191	11.191432	8.792652
ACTTCCGGTCTGTTAG	Root stele	0.832885	1.5617099	7.1288223
ACTTCCGTCTCCTACG	Root cap	0.980363	11.032062	2.6709034
ACTTCCGTCTCTCCGA	Root cortex	0.532558	1.6746674	3.6324596
ACTTCCGTCTGAACGT	Lateral root cap	0.972257	11.213976	9.545735
ACTTCGCAGCGTTACT	Lateral root cap	0.977126	11.613446	10.543355
ACTTCGCAGGCATGCA	Root hair	0.984319	3.0940433	-2.640924
ACTTCGCAGTAAGCAT	Lateral root cap	0.985739	14.665827	10.237125
ACTTCGCAGTTTGTCG	Root cortex	0.989747	-0.0073051956	0.7176241
ACTTCGCCACACTTAG	Root endodermis	0.87665	0.22206442	4.8118215
ACTTCGCCACGACGAA	Lateral root cap	0.76172	8.835408	5.888998
ACTTCGCGTATGGTTC	Xylem	0.982661	-3.8136606	6.4876533
ACTTCGCGTCTCCCTA	Lateral root cap	0.975694	10.909429	9.966757
ACTTCGCGTCTTCATT	Lateral root cap	0.448269	7.578994	6.3039923
ACTTCGCGTTCATCTT	Lateral root cap	0.988285	13.637838	9.270232
ACTTCGCGTTGCCGAC	Root stele	0.571834	-1.5268272	7.7189612
ACTTCGCTCAAGTCTG	Lateral root cap	0.990167	12.775803	8.218307
ACTTCGCTCCTCACCA	Non-hair	0.517232	1.9417615	0.6575264
ACTTCGCTCGTAGCTA	Root stele	0.944567	0.8559649	7.339022
ACTTTCAAGTTGCTCA	Root cap	0.38205	6.0668554	-0.07380085
ACTTTCACAACAAGTA	Root endodermis	0.31189	-3.0702426	4.115309
ACTTTCACAACCACGC	S phase	0.494337	6.3406863	0.038676664
ACTTTCACAGCCGGTT	Root endodermis	0.512828	1.5157182	3.1321504
ACTTTCAGTCGTTGGC	Root stele	0.756252	-0.10823718	6.9743266
ACTTTCAGTGACACAG	Xylem	0.867962	-3.311864	6.417881
ACTTTCAGTTGCAACT	Root cortex	0.46298	2.299549	0.17699462
ACTTTCATCCCTATTA	Unknow	0.620083	5.1093125	5.320836
ACTTTCATCTGAGGCC	Root endodermis	0.796512	-2.1332011	5.610974
ACTTTGTAGAGTATAC	Root stele	0.958854	-0.45228428	7.8887196
ACTTTGTAGATCCCAT	Root cap	0.685114	9.78434	3.7542963
ACTTTGTAGGTTAGTA	Columella root cap	0.706101	7.387515	5.805202
ACTTTGTCACTTCAGA	Non-hair	0.472533	2.3286493	0.31823656
ACTTTGTCAGATCCTA	Unknow	0.4814	3.0648735	-1.3285285
ACTTTGTCAGCGTAGA	Root stele	0.446731	-0.11673755	6.3623347
ACTTTGTGTCCATACA	Root cortex	0.256593	3.3476222	2.214351
ACTTTGTGTTATTCTC	Non-hair	0.650017	3.1000268	1.6906172
ACTTTGTGTTCAAACC	Lateral root cap	0.671722	10.14602	8.832484
AGAAATGAGGATTTAG	Root stele	0.976675	-1.0581847	9.14716
AGAAATGAGTGCTCAT	Lateral root cap	0.984956	13.950334	10.289527
AGAAATGCACGGCACT	Lateral root cap	0.971482	11.14986	9.027809
AGAAATGCACGGGTAA	Columella root cap	0.507881	8.123935	5.1840787
AGAAATGGTAAGGAGA	Root stele	0.974099	0.04776599	9.1991205
AGAAATGTCATCGCAA	Root endodermis	0.600164	-3.5057383	4.8444614
AGAACAAAGAAAGTCT	Lateral root cap	0.956011	10.214411	6.46432
AGAACAAAGCACACCC	Unknow	0.992138	3.5307343	4.832902
AGAACAAAGGGCCAAT	Non-hair	0.978052	3.8223562	0.23848484
AGAACAACAAATAAGC	Lateral root cap	0.972792	4.702545	3.3567493
AGAACAACAAGAGGCT	Columella root cap	0.325171	8.2992115	4.313532
AGAACAACAGTCAACT	Root cortex	0.983511	0.29695997	1.8980494
AGAACAACATCCCGTT	Root stele	0.966156	1.195039	8.655633
AGAACAAGTTACAGCT	Unknow	0.4367	5.058654	4.354053
AGAACAAGTTGGTGTT	Root cortex	0.925155	-0.56027555	3.824705
AGAACAATCCAAGGGA	Root cortex	0.468817	2.3151991	2.4013367
AGAACCTAGACATATG	Non-hair	0.626631	2.466893	2.0167022
AGAACCTAGCACACCC	Unknow	0.419232	1.3019114	5.076089
AGAACCTAGTTGGAAT	Root stele	0.974144	-0.27611384	9.071661
AGAACCTCAAGGGTCA	Unknow	0.332839	2.9166684	3.3938289
AGAACCTCACGTCGGT	Lateral root cap	0.965642	13.132669	11.196821
AGAACCTTCGGAGATG	Unknow	0.863535	6.189649	5.919111
AGAACCTTCTGATGGT	Xylem	0.914927	-3.8450816	6.0637956
AGAAGCGAGTCGAATA	Lateral root cap	0.438235	-3.7680757	4.642128
AGAAGCGCACTGGAAG	Root cap	0.473961	8.615254	4.560638
AGAAGCGGTTAGGACG	Root cortex	0.516428	-2.6907096	3.5966322
AGAAGCGTCATACAGC	Lateral root cap	0.88956	11.899356	6.4559464
AGAAGCGTCATCGGGC	Root hair	0.942343	2.484305	-2.3898208
AGAAGCGTCCGGACGT	Root hair	0.970342	3.4601402	-2.5780523
AGAAGTACACTGTTCC	Root cortex	0.961333	0.6784343	3.2695696
AGAAGTAGTAGGTAGC	Root stele	0.942766	0.30508116	9.477925
AGAAGTATCGTTCATT	Non-hair	0.516963	3.321969	1.8016287
AGAAGTATCTGGTGGC	Lateral root cap	0.952999	12.117168	9.034121
AGACAAAAGGAGTCTG	Root cortex	0.925037	-2.1391342	2.436493
AGACAAAAGGTGCCAA	S phase	0.92896	5.984179	2.7805324
AGACAAAAGTAGCCAG	S phase	0.812797	6.3805604	-0.027089883
AGACAAAAGTGGGAAA	Non-hair	0.917641	3.5158124	0.7169831
AGACAAAGTTGCTCGG	Lateral root cap	0.914597	8.963721	8.478017
AGACACTCAACTCGTA	Root endodermis	0.521893	-1.2241347	4.3163514
AGACACTCAGACAAGC	Unknow	0.682034	6.7390666	6.5765276
AGACACTGTTTACGTG	Unknow	0.947864	3.612591	4.2610693
AGACACTTCGCTAGCG	Unknow	0.435157	7.172315	6.4227014
AGACACTTCTACTATC	Root stele	0.554439	-1.5510956	7.7462106
AGACACTTCTGTTGGA	Root cortex	0.576877	-0.33325255	4.920345
AGACAGGAGACTACGG	Root endodermis	0.695397	-3.05798	5.088684
AGACAGGAGTTCACTG	Lateral root cap	0.844355	12.161054	5.286638
AGACAGGGTACTGACT	Root cortex	0.961788	-2.8175604	1.2471298
AGACAGGGTATGAGAT	Root cap	0.649795	9.496493	4.068996
AGACAGGGTGTCGATT	Root cortex	0.991332	-0.68024117	1.9964159
AGACAGGGTTCTATCT	Lateral root cap	0.879755	9.652234	6.2823176
AGACCATAGACGCAGT	Root endodermis	0.98609	-1.6488051	5.1706185
AGACCATAGATACCAA	Root cortex	0.62864	2.5942862	1.0132728
AGACCATAGGAGTCTG	Root cortex	0.792022	-1.4107306	0.41085204
AGACCATAGTTACTCG	Root cortex	0.734205	1.3848436	-0.96864676
AGACCATGTGCAGATG	Lateral root cap	0.982372	12.634799	9.292425
AGACCATGTTCCACAA	Lateral root cap	0.98521	11.656943	9.410213
AGACCATGTTCTCAGA	Unknow	0.935219	1.9072535	5.0519123
AGACCCGCAAGCACCC	Root stele	0.970694	0.65764713	9.636824
AGACCCGCATAAGCAA	Lateral root cap	0.986711	13.877341	9.907732
AGACCCGCATGAGGGT	Lateral root cap	0.921142	10.937334	6.681279
AGACCCGCATGTGGTT	Lateral root cap	0.418666	7.3790054	6.0097976
AGACCCGGTTTCTATC	Non-hair	0.755106	5.8482924	0.1280945
AGACCCGTCAAGTTGC	Root stele	0.981367	0.07565495	8.856262
AGACCCGTCCGATTAG	Lateral root cap	0.814675	8.1327305	7.0592933
AGACCCGTCGCGCTGA	Root endodermis	0.512236	-2.9424555	4.126933
AGACTCAAGGCCCACT	Lateral root cap	0.988206	13.995939	9.936628
AGACTCACAGCAGTCC	Root stele	0.342452	2.209725	7.0142274
AGACTCAGTAGAGATT	Lateral root cap	0.96837	12.481553	9.667906
AGACTCAGTCAGTTTG	Root endodermis	0.856207	0.43744326	4.721553
AGACTCATCCACGGAC	Lateral root cap	0.98602	12.455145	9.409481
AGAGAATAGTTGCTGT	Lateral root cap	0.445485	8.97199	4.8269787
AGAGAATCAAACCATC	Non-hair	0.311286	8.562729	3.2919009
AGAGAATCAGCACACC	Root endodermis	0.513768	0.8507192	4.658164
AGAGAATCAGGGATAC	Lateral root cap	0.955784	10.240019	6.694581
AGAGAATGTCTAGTGT	Non-hair	0.91651	3.0276449	-0.20433494
AGAGAATGTGATGGCA	Root cortex	0.407629	-3.994392	2.167119
AGAGAATGTGGCCTCA	Lateral root cap	0.982722	13.72107	8.481663
AGAGAATGTTATCTGG	Lateral root cap	0.98931	13.475583	9.480266
AGAGAGCAGGTTCTTG	Lateral root cap	0.687417	3.8154128	2.3188884
AGAGAGCCAAAGGGCT	Root cortex	0.977424	-1.797646	0.010198395
AGAGAGCCACGGTCTG	Lateral root cap	0.523312	11.102541	5.14879
AGAGAGCCAGTCGTTA	Lateral root cap	0.875037	11.237367	10.726824
AGAGAGCCATCTGCGG	Lateral root cap	0.792944	4.161723	2.3006575
AGAGAGCGTTAGAGAT	Root cortex	0.690885	-3.4226599	2.2713752
AGAGAGCGTTCCGGTG	Lateral root cap	0.956179	12.04832	7.1710696
AGAGAGCTCTGTAACG	Unknow	0.515029	1.5129908	5.324253
AGAGCAGAGCCTCACG	Lateral root cap	0.971978	11.495709	7.530531
AGAGCAGAGGCTTAAA	Root stele	0.975119	-0.7866645	9.050828
AGAGCAGAGTGCCCGT	Lateral root cap	0.980766	12.892186	10.030551
AGAGCAGGTAACAGTA	Root endodermis	0.408105	-3.1491084	4.7770333
AGAGCAGTCTATACGG	Root endodermis	0.923504	-2.0948703	4.980932
AGAGCAGTCTTGGGCG	Unknow	0.517255	6.3714604	5.6861095
AGAGCCCGTAGCGAGT	Lateral root cap	0.972393	12.194068	10.2432
AGAGCCCTCAATCAGC	Unknow	0.872733	6.212123	6.833786
AGAGCCCTCATTTGCT	Unknow	0.94853	5.7226186	6.5963545
AGAGCCCTCCAAACCA	Unknow	0.836924	3.03681	6.4273877
AGAGCCCTCTAATTCC	Lateral root cap	0.920609	11.006311	6.990463
AGAGCCCTCTCGCTTG	Root cortex	0.964123	-1.5533216	-0.3775609
AGATAGAAGAGGTTTA	Root stele	0.922865	-1.2667879	8.108546
AGATAGAAGGATGTTA	Lateral root cap	0.691659	10.735989	5.2222013
AGATAGACAAGTAGTA	Xylem	0.494631	-2.082273	7.521461
AGATAGAGTTACGCCG	Non-hair	0.955882	2.669244	0.97818375
AGATAGATCTCTGCTG	Lateral root cap	0.372517	3.4998488	2.2201707
AGATAGATCTGCATAG	Root cap	0.631868	8.766914	3.4126563
AGATCCAAGAATGTTG	Lateral root cap	0.984311	13.824076	10.749481
AGATCCAAGAGGCGGA	Lateral root cap	0.50293	7.718116	6.112625
AGATCCAAGGAGAGGC	Unknow	0.893463	6.065212	5.8168025
AGATCCACAACAGCCC	Lateral root cap	0.986264	13.583649	10.237574
AGATCCAGTGAACCGA	Root cortex	0.472894	2.018783	1.1930878
AGATCCATCGGCTCTT	Root cap	0.845835	8.391235	1.2238556
AGATCCATCTTCGGAA	Lateral root cap	0.984258	13.431235	9.96873
AGATCGTCATCGTGGC	Lateral root cap	0.687915	10.169783	5.255657
AGATCGTGTCGTGTTA	Root endodermis	0.892146	0.55499554	5.8771896
AGATCGTGTTACGCCG	Root stele	0.960772	1.2762825	8.262637
AGATCGTTCTCGCAGG	Lateral root cap	0.719404	12.162555	5.3376565
AGATGAAAGGCTGAAC	Root cortex	0.657974	2.6356573	-0.2463302
AGATGAAGTATCCTCC	Lateral root cap	0.980892	13.089921	9.180638
AGATGAAGTATCTCGA	Lateral root cap	0.988232	13.575669	10.254422
AGATGAATCACAAGAA	Non-hair	0.958625	3.3659708	0.12523302
AGATGAATCATTACGG	Root cortex	0.812284	-4.1994042	1.3389077
AGATGCTAGAGTACCG	Lateral root cap	0.899836	9.244026	6.2647076
AGATGCTAGGGTAGCT	Unknow	0.871362	3.975206	4.7678866
AGATGCTCACATTCGA	Xylem	0.843058	-1.9350044	7.334311
AGATGCTCAGAAGTGC	Root cap	0.98471	10.373593	1.9404997
AGATGCTCAGTTCACA	Root stele	0.917346	-0.20296337	8.820161
AGATGCTGTCCAATCA	Lateral root cap	0.985704	13.211467	10.106504
AGATGCTTCCACGGAC	Lateral root cap	0.889445	12.077519	6.25812
AGATGCTTCCAGTGCG	Lateral root cap	0.943994	9.901319	6.970825
AGCATCAAGGGTAATT	Root cap	0.867215	11.536035	3.659646
AGCATCAGTAGCTAAA	Phloem	0.908274	-0.028343074	9.687697
AGCATCAGTTATCTTC	Root cortex	0.819481	1.6760532	1.6231964
AGCCAATAGCGACCCT	Non-hair	0.97812	3.3020036	0.6007013
AGCCAATCAAGTCATC	Lateral root cap	0.860026	8.865735	6.3373013
AGCCAATCAATCCTAG	Root stele	0.410263	0.18147646	6.0063906
AGCCAATGTCCAGGTC	Unknow	0.784161	2.1345484	6.6261353
AGCCAATTCGTCGATA	Root cortex	0.636752	0.88813806	-2.2374625
AGCCAATTCTGGGCCA	Root cortex	0.981138	0.51858574	2.336867
AGCCACGAGCCGATCC	Lateral root cap	0.605364	10.484711	5.1109548
AGCCACGCATTGCCGG	Non-hair	0.484978	3.1471148	1.7474799
AGCCACGTCATTCACT	Root cortex	0.99311	0.015390769	1.9957696
AGCCACGTCGGTCTGG	Root stele	0.943439	0.58599824	8.094069
AGCCACGTCTTTGCGC	Lateral root cap	0.844847	9.434884	6.300247
AGCCAGCCAAATGCGG	Xylem	0.892098	-3.9742122	5.485257
AGCCAGCGTCTTAGTG	Root endodermis	0.263014	-3.025369	4.340273
AGCCAGCGTGCTATTG	Unknow	0.481331	6.617192	5.870184
AGCCAGCTCCGAGATT	Unknow	0.964718	5.144056	3.9825668
AGCCAGCTCCTAAGTG	Lateral root cap	0.986616	12.719836	8.480304
AGCGATTAGCCATGCC	Lateral root cap	0.969024	11.458695	6.4845886
AGCGATTAGTCGAATA	Root endodermis	0.754566	-0.8255256	4.56325
AGCGATTCAAATGATG	Root cortex	0.645825	1.8598939	0.79046
AGCGATTCATAAGCAA	Lateral root cap	0.93739	11.062723	5.962071
AGCGATTCATCGTTCC	Root stele	0.976468	-0.06317041	7.73192
AGCGATTGTCCTGTCT	Lateral root cap	0.411546	7.9297314	5.5993433
AGCGATTTCCTGCTAC	Unknow	0.951564	5.7946634	6.3613925
AGCGCCAAGATAGCAT	Root stele	0.983495	-0.14826353	8.571055
AGCGCCACAACCGGAA	Root cortex	0.937904	-2.0111778	0.17599715
AGCGCCATCACTTATC	Root stele	0.97903	0.49761847	8.211947
AGCGCCATCCACTAGA	Lateral root cap	0.673021	9.8757105	5.318574
AGCGCCATCCCATACC	Lateral root cap	0.721218	11.346469	10.900556
AGCGCCATCTATCGCC	Lateral root cap	0.983678	14.582713	10.169565
AGCGCTGAGAGCACTG	Root stele	0.975325	0.48607442	7.6260448
AGCGCTGAGCAGTACG	Lateral root cap	0.835453	9.673281	5.781122
AGCGCTGAGCTAGAGC	Lateral root cap	0.98804	13.204957	9.599183
AGCGCTGAGGGCAATC	Lateral root cap	0.989749	13.218894	9.124233
AGCGCTGAGTTGCCCG	Lateral root cap	0.986864	14.458955	10.061537
AGCGCTGCAATAACGA	Root cap	0.793693	10.79232	3.9157412
AGCGCTGCAGAGGGTT	Root cap	0.942373	10.445045	3.623522
AGCGCTGGTCGCATTA	Root cortex	0.957123	-0.19866528	-0.8693872
AGCGCTGGTCGGTGTC	Root cap	0.97534	9.950476	2.0776799
AGCGCTGGTGTCTAAC	S phase	0.902273	6.995572	0.47225302
AGCGCTGTCTCATGGA	Root stele	0.871096	-0.89200234	7.717566
AGCGTATAGCACTCAT	Unknow	0.912593	2.4344928	5.1080813
AGCGTATCAAATGAGT	Root stele	0.957292	0.05539753	9.144969
AGCGTATCACCAGCGT	Lateral root cap	0.743051	9.97569	5.208609
AGCGTATGTAATTGGA	Lateral root cap	0.878073	10.240338	5.7199273
AGCGTATTCCTAGCGG	Lateral root cap	0.427571	6.953034	6.744471
AGCGTATTCGGCATAT	Root cortex	0.866194	0.6323735	-1.7817116
AGCGTCGAGGCGTTGA	Root stele	0.97154	-1.243268	9.010736
AGCGTCGCACGGTGCT	Xylem	0.451257	-3.9379787	4.8043356
AGCGTCGCAGGCACTC	Lateral root cap	0.674978	11.348784	5.0432935
AGCGTCGGTACAGTAA	Root cortex	0.909837	1.528286	1.0863081
AGCGTCGGTGAAAGTT	Lateral root cap	0.972211	13.195629	10.984274
AGCGTCGGTGACACGA	Root stele	0.974453	-0.37220845	9.050538
AGCGTCGTCGCACGGT	Lateral root cap	0.616576	3.775765	2.280356
AGCTACAAGAGGGTAA	Lateral root cap	0.859987	11.663801	6.0874968
AGCTACAAGCTCGCAC	Root cortex	0.475229	-3.2111115	2.5651994
AGCTACAAGGTGTGAC	Unknow	0.490025	2.2854984	7.103176
AGCTACACAAGGCTTT	Lateral root cap	0.810408	8.621561	8.2580385
AGCTACACAGTAGGAC	Lateral root cap	0.353811	8.713821	4.25134
AGCTACACATCGAAGG	Unknow	0.920014	5.047958	5.299639
AGCTACACATCGGAAG	Root cortex	0.635097	-2.8222046	3.186135
AGCTACAGTCGCAGTC	Lateral root cap	0.461802	-2.9359934	4.406073
AGCTACAGTGAGATAT	Lateral root cap	0.982896	13.077047	9.124387
AGCTACATCAAAGGTA	Unknow	0.777109	3.209035	-1.4739566
AGCTACATCGTCCATC	Unknow	0.718222	6.5261927	6.2431655
AGCTACATCGTCGATA	Root cap	0.529558	10.629898	4.547536
AGCTACATCTAACGGT	Root cap	0.472221	8.202802	2.1942835
AGCTCAAAGTGGCGAT	Lateral root cap	0.98091	11.322522	9.832645
AGCTCAACAAATGAGT	Unknow	0.371661	7.294109	6.156295
AGCTCAACATATGAAG	Root stele	0.875424	-1.1175184	7.978792
AGCTCAAGTCCGTACG	Lateral root cap	0.727929	8.218481	6.08096
AGCTCAAGTTGCATTG	Lateral root cap	0.98532	13.002659	9.033082
AGCTCAATCCCAAGCG	Lateral root cap	0.987571	14.661583	10.230146
AGCTCAATCCGTGGGT	Lateral root cap	0.375844	3.3115227	2.485196
AGCTTCCAGTATCCTG	Lateral root cap	0.986053	11.77722	7.0443354
AGCTTCCCAGAGCCCT	Lateral root cap	0.89343	11.705265	6.230774
AGCTTCCCATGGCCCA	Unknow	0.841506	3.9411082	4.173326
AGCTTCCCATTAGGCT	Lateral root cap	0.901355	9.46315	8.070137
AGCTTCCGTCTCTCCA	Root cap	0.410953	9.080322	4.070043
AGCTTCCTCACCTTAT	Root stele	0.920647	1.4229431	8.0496855
AGCTTCCTCCGCATAA	Lateral root cap	0.98557	12.251596	8.275995
AGGAAATCAACAGTGG	Unknow	0.987187	3.8355613	5.141774
AGGAAATCAAGGCTTT	Root hair	0.985641	2.9477537	-2.9576125
AGGAAATCATACGCAT	S phase	0.56538	6.2699566	-0.34112617
AGGAAATGTCTGTCCT	Unknow	0.750984	5.3171053	5.406655
AGGAAATGTGAGTTTC	Lateral root cap	0.982155	10.052659	8.049592
AGGAAATGTGATCGTT	Root hair	0.986715	3.458101	-2.7336254
AGGAAATTCAATCCGA	Root cortex	0.495327	-0.4517813	5.905309
AGGAAATTCAATCGGT	Root cortex	0.421656	-3.3678286	3.786615
AGGAAATTCCGCTGTT	Lateral root cap	0.581703	4.076683	2.2029376
AGGAAATTCCGGTAAT	Root cortex	0.9705	-1.1854681	2.5931234
AGGAATAAGCTCAGAG	Lateral root cap	0.678484	11.345352	10.943577
AGGAATACAAACAGGC	Unknow	0.987321	3.9304938	4.8586044
AGGAATACATCGAGCC	Unknow	0.927874	4.997127	4.7445784
AGGAATATCATTACTC	Root endodermis	0.921892	-2.1265428	4.98652
AGGACGAAGGAGTACC	Root cortex	0.981844	-0.45231274	1.4496396
AGGACGACAATACCTG	Unknow	0.695985	2.187622	6.7082624
AGGACGACACGAGAAC	Root cap	0.461554	9.294016	4.582874
AGGACGACACTCTCGT	Lateral root cap	0.737671	8.238073	6.271341
AGGACGACATTACTCT	Lateral root cap	0.892747	9.022517	8.418263
AGGACGAGTCGATTTG	Non-hair	0.586186	3.076224	1.794647
AGGACGAGTTCACCGG	Lateral root cap	0.970663	10.232349	8.023477
AGGACGATCGCGCCAA	Lateral root cap	0.822421	8.676929	5.798316
AGGACTTAGTGAGTGC	Unknow	0.375914	1.1555798	4.456333
AGGACTTCAAATGATG	Columella root cap	0.326114	7.49505	4.980363
AGGACTTCACGAGGTA	Lateral root cap	0.445438	8.58177	4.7304854
AGGACTTCATCTCATT	Root stele	0.979827	-0.29395097	8.855571
AGGACTTGTACTCAAC	Root cap	0.80766	11.0047245	3.5269313
AGGACTTTCGGATTAC	Lateral root cap	0.946097	11.004895	9.476066
AGGACTTTCTTGGTGA	Lateral root cap	0.940148	10.35916	7.373511
AGGAGGTAGACTGAGC	Root stele	0.9715	-0.5691895	9.024253
AGGAGGTAGCTCGGCT	Lateral root cap	0.890276	9.365459	6.415215
AGGAGGTAGGATAATC	Non-hair	0.912294	2.211952	1.0742774
AGGAGGTAGGTCGAGT	Root hair	0.985705	2.969358	-3.0245473
AGGAGGTAGTTGAATG	Root stele	0.975356	-0.41172177	8.378225
AGGAGGTCACATTACG	Root cortex	0.967715	-1.6570908	1.61904
AGGAGGTCATGAGGGT	Columella root cap	0.421391	8.555583	5.0632563
AGGAGGTGTTCCTACC	Root stele	0.97811	1.084479	8.555109
AGGAGGTTCAAAGCCT	Root stele	0.96422	1.1298771	8.535144
AGGAGGTTCCGGCAAC	Unknow	0.931323	3.2334301	3.9942293
AGGAGGTTCGGAACTT	Root cortex	0.914377	-3.406826	1.1821946
AGGAGGTTCTTAGCTT	Root endodermis	0.49351	-3.8472416	2.5502503
AGGATAAAGAGGACTC	Root stele	0.97054	-1.2660474	9.086315
AGGATAAAGATAACAC	Lateral root cap	0.989768	13.702202	9.628117
AGGATAAAGTCACAGG	Root cortex	0.960638	1.0674082	2.0805547
AGGATAACAAGTCATC	Lateral root cap	0.987831	13.930214	8.969792
AGGATAAGTAGAGATT	Unknow	0.830482	6.8695602	6.674254
AGGATAAGTCGAGCTC	S phase	0.844482	6.448425	-0.7614465
AGGATAAGTCTACTGA	Unknow	0.970707	3.8547292	5.4994874
AGGATAAGTTCGTACA	Lateral root cap	0.697774	3.978578	2.1972845
AGGATAATCAAAGAAC	Root cortex	0.978548	0.6347034	2.1007094
AGGATCTAGGTCCCTG	Unknow	0.84118	6.5407643	6.5381217
AGGATCTCAACCACGC	Root cap	0.565529	9.681152	3.9236455
AGGATCTCAACCCTAA	Root cortex	0.976118	-1.2127323	2.6146977
AGGATCTCAGTAACAA	Non-hair	0.949256	2.1276152	-0.47628334
AGGATCTCATACATCG	Root endodermis	0.616858	1.8881058	5.0732274
AGGATCTTCACTGATG	Lateral root cap	0.943432	9.786944	8.118214
AGGATCTTCAGGACGA	Root cap	0.535181	10.897892	4.99851
AGGATCTTCTGGTCAA	Non-hair	0.671178	2.9669805	-0.12884462
AGGCATTAGACATATG	Lateral root cap	0.950845	10.182473	6.7867618
AGGCATTCATCATCCC	Lateral root cap	0.924416	9.208117	7.8609734
AGGCATTTCAGTGTGT	Non-hair	0.636926	2.968103	-0.1065448
AGGCATTTCGGTGAAG	S phase	0.996601	6.3770595	1.6456317
AGGCATTTCTGCATGA	Lateral root cap	0.980358	13.749594	10.9042
AGGCATTTCTTTCCGG	Non-hair	0.661956	2.76273	2.5607824
AGGCCACAGATGCTAA	Lateral root cap	0.987141	15.75429	9.640702
AGGCCACAGCACCAGA	Non-hair	0.614488	1.5852087	-0.21762668
AGGCCACAGCCTAACT	S phase	0.92393	5.9864864	2.7129638
AGGCCACAGTAGACCG	Lateral root cap	0.957021	10.3969345	8.074676
AGGCCACCACACTTAG	Root cortex	0.616036	-1.2209417	4.0629945
AGGCCACCATGGCTGC	Root stele	0.877378	1.7305266	7.6103587
AGGCCACTCATGAGTC	Non-hair	0.501127	7.4212365	2.6122334
AGGCCACTCCAAAGGG	Lateral root cap	0.978061	12.2162	8.207295
AGGCTGCAGCATGAAT	Root cortex	0.977813	-1.822308	1.5663329
AGGCTGCCAGATTCGT	Non-hair	0.653472	3.4852622	1.5851059
AGGCTGCCATAGGTAA	Root cortex	0.887855	-3.439284	1.2858404
AGGCTGCGTACTCGAT	Root stele	0.973079	-0.22771867	8.760689
AGGCTGCGTGGTCCCA	Root endodermis	0.931102	-2.1758485	5.358929
AGGCTGCTCTAACACG	Root stele	0.43542	-0.12798382	6.133708
AGGCTGCTCTCGTCAC	Xylem	0.302846	-3.7333865	4.3299603
AGGGAGTCAATACGAA	Root cortex	0.924639	-0.16906439	3.880157
AGGGAGTCAGTTGGTT	Lateral root cap	0.839696	9.467776	6.014976
AGGGAGTCATGTCAGT	Root cortex	0.989164	0.01789417	0.2580314
AGGGAGTGTCATGACT	Lateral root cap	0.902749	11.465069	7.3379292
AGGGAGTGTGTCCACG	Root cortex	0.619092	1.5803187	-1.4864396
AGGGAGTTCACGAACT	Root endodermis	0.473228	-0.88489926	4.4957514
AGGGAGTTCCAAGCTA	Lateral root cap	0.986369	13.885601	9.0608015
AGGGCCTAGACGCCAA	Lateral root cap	0.988148	13.40994	10.050592
AGGGCCTAGAGCTTTC	Unknow	0.766394	6.3197007	6.6671896
AGGGCCTAGTTTGGCT	Root cap	0.97834	10.705397	2.4665108
AGGGCCTCAACGGTAG	Unknow	0.971867	4.145427	5.3465095
AGGGCCTCAGGTGTTT	Lateral root cap	0.643093	7.94431	5.4138
AGGGCCTGTACGGATG	Root cortex	0.962489	-2.807582	0.9004324
AGGGCCTGTCTACTGA	Lateral root cap	0.807651	8.598777	8.17741
AGGGCCTTCCAAATGC	Lateral root cap	0.640919	8.431696	5.8240905
AGGGCTCAGAGCCGAT	Root cortex	0.718827	0.6483399	-2.127869
AGGGCTCCATCCGTTC	Lateral root cap	0.586418	9.8779	4.9292564
AGGGCTCTCTGAGATC	Lateral root cap	0.753781	7.799282	7.3742642
AGGGTCCAGCTCCATA	Root cap	0.647255	10.110908	4.386746
AGGGTCCGTCGCCACA	Root cortex	0.985069	-0.53996813	1.9695491
AGGGTCCTCACACCCT	Lateral root cap	0.975972	12.30425	8.6562605
AGGGTCCTCACGTCCT	Non-hair	0.764786	2.9170604	0.071309626
AGGGTGATCATCGACA	Unknow	0.688529	5.323351	5.4904575
AGGGTGATCGAATGCT	Root stele	0.950529	1.3615836	7.810633
AGGGTTTAGATAGCTA	Non-hair	0.956955	2.9727793	0.3351569
AGGGTTTAGCACTCCG	Root cortex	0.925552	0.91195124	-0.42779413
AGGGTTTAGGCATGGT	Root cortex	0.990241	-0.21997114	2.7667496
AGGGTTTAGTTGGAGC	Lateral root cap	0.67642	10.263754	4.4249926
AGGGTTTCAAATGAGT	Root cortex	0.979346	-0.5543163	1.6977773
AGGGTTTCAACGCATT	Root cortex	0.97828	0.9520718	2.1357913
AGGGTTTGTCTTACAG	Root stele	0.976239	-0.5677565	8.711
AGGGTTTGTGATCGTT	Root stele	0.941457	0.942754	7.6528583
AGGTAGGCAAGCGATG	Root cortex	0.861961	1.2136257	-0.77734166
AGGTAGGCAAGTGACG	Root cortex	0.974519	-2.485161	1.1756206
AGGTAGGGTCATCGGC	Lateral root cap	0.981132	10.137987	8.706173
AGGTCATAGACAGTCG	Root cortex	0.977977	-0.8877056	2.9864013
AGGTCATCAAGCGGAT	Root cortex	0.958036	0.69898695	-0.05040678
AGGTCATGTAACTGCT	Root cortex	0.98249	-1.4852281	1.4018792
AGGTCATGTATCGCTA	Lateral root cap	0.988675	11.888965	9.268655
AGGTCATGTTGGGAAC	Root stele	0.836688	-0.1681751	6.9305854
AGGTCTAAGTGATAAC	Root cap	0.736114	8.962654	3.712806
AGGTCTAAGTGATAGT	Unknow	0.984332	3.499668	4.382267
AGGTCTAGTCGTAATC	Root stele	0.818365	-0.23728326	6.4401155
AGGTCTATCGCCACTT	Root cortex	0.974777	-1.5297112	2.0536819
AGGTGTTAGGCACCAA	Non-hair	0.711266	3.0786371	3.3646853
AGGTGTTAGGTAAACT	Lateral root cap	0.85139	9.766611	5.880535
AGGTGTTCAGTACTAC	Non-hair	0.942945	2.8151133	0.52778584
AGGTGTTCATGTCTAG	Xylem	0.919013	-3.5905714	6.3173394
AGGTGTTTCAGGACAG	Root cortex	0.964907	0.045380373	2.527417
AGGTGTTTCTATGTGG	Unknow	0.508479	2.328092	2.5022902
AGGTGTTTCTCGTTTA	Root cortex	0.974233	-2.5568602	0.83101916
AGGTTACAGCTTCATG	Root cortex	0.915062	-0.8957312	3.4812086
AGGTTACAGGCATCTT	Unknow	0.894442	5.993122	6.8373423
AGGTTACAGTCCTGCG	Columella root cap	0.412382	7.3682947	5.148761
AGGTTACCACACCTGG	Unknow	0.943021	3.4399211	5.9990387
AGGTTACCACAGAAGC	Root cortex	0.918876	-3.1876519	2.0963333
AGGTTACCAGACACCC	Non-hair	0.978979	2.8249257	0.8986205
AGGTTACCATTGTAGC	Lateral root cap	0.811651	11.468979	6.3858714
AGGTTACGTCCGGTCA	Lateral root cap	0.911254	11.576817	6.578559
AGGTTACGTGTGTACT	Root cortex	0.944488	0.47824055	-1.2343727
AGGTTACTCTGGAAGG	Root cortex	0.860776	-3.1591864	2.3128967
AGGTTGTCACAGTCGC	Lateral root cap	0.955017	10.316444	7.781499
AGGTTGTGTTCCTAGA	Lateral root cap	0.961153	10.5445	7.6506004
AGTAACCAGCGCCCAT	Root cortex	0.897018	-3.3393807	1.7758256
AGTAACCCAAGCTACT	Lateral root cap	0.98648	14.729218	9.940501
AGTAACCCACGTACAT	Xylem	0.461246	-3.8264084	2.7740579
AGTAACCCAGACCATT	Lateral root cap	0.634413	7.7003646	6.7541084
AGTAACCCAGCCCAGT	Root cap	0.573502	9.288268	4.772989
AGTAACCCAGTATTCG	Root cortex	0.988661	-0.53178245	1.1849192
AGTAACCGTTTGGGTT	Non-hair	0.567846	3.2231326	1.290549
AGTAACCTCCCATGGG	Root cortex	0.670699	0.30630556	5.4585156
AGTAACCTCTACGCAA	S phase	0.519876	6.298005	-0.7636129
AGTACCAAGATTGGGC	Root cortex	0.533808	-0.31725067	4.90592
AGTACCAAGCAGCGAT	Non-hair	0.589849	2.888797	0.39807105
AGTACCAAGGTCACTT	Xylem	0.87482	-3.5090687	6.2120166
AGTACCAAGTCTCGTA	Lateral root cap	0.95682	4.2953897	3.3955877
AGTACCACACTACACA	Lateral root cap	0.978827	12.978799	11.049615
AGTACCACATAATGAG	S phase	0.482978	6.164897	-0.6425527
AGTACCATCTAGTCAG	Root cortex	0.964581	0.7465596	1.5453254
AGTACCATCTCTAGGA	Root cap	0.692123	9.281771	3.9819176
AGTACCATCTGCAGCG	Lateral root cap	0.632009	5.400863	5.4202776
AGTACTGAGAGCCATG	Root cap	0.981854	9.416924	2.1946611
AGTACTGAGTGGCAGT	Lateral root cap	0.644501	11.428995	5.4676714
AGTACTGCAAGTTGGG	Root cap	0.897137	9.224089	1.9885943
AGTACTGGTGTCTAAC	Lateral root cap	0.990201	14.220552	9.787207
AGTACTGTCCACGAAT	Lateral root cap	0.990024	14.635338	9.419518
AGTACTGTCCTTGGAA	Lateral root cap	0.576684	9.616164	6.5621624
AGTACTGTCTGTGCGG	Non-hair	0.928414	3.0162778	0.37046748
AGTAGCTAGCCTATCA	Root cortex	0.687077	-4.09833	1.5209454
AGTAGCTCAACACAGG	Lateral root cap	0.991247	13.552545	8.713069
AGTAGCTGTGGTCCCA	Lateral root cap	0.801622	10.146497	6.274526
AGTAGCTGTTCAGCTA	Lateral root cap	0.836613	4.2397676	2.9305832
AGTAGCTTCACTCACC	Lateral root cap	0.815244	3.8502185	3.0956392
AGTAGTCAGACAGCGT	Root cortex	0.395236	1.6604705	-1.8110955
AGTAGTCAGGCCACCT	Root stele	0.961148	-1.532321	8.889339
AGTAGTCAGGTGCGAT	Unknow	0.569495	1.8297266	3.5519507
AGTAGTCCAACCAGAG	Root stele	0.928834	1.5395219	8.517504
AGTAGTCCATGGGTCC	Root cortex	0.977181	-0.52379185	3.4126055
AGTAGTCGTATAGGGC	Root stele	0.945053	1.5009108	8.327494
AGTAGTCGTATCGAGG	Root cortex	0.934978	-3.3148735	1.1857522
AGTAGTCTCAGTGGGA	Unknow	0.957231	4.4812675	5.2337017
AGTCAACAGACGCTCC	Root cortex	0.932871	0.82776684	2.8681223
AGTCAACCAGAACTTC	Lateral root cap	0.767146	10.838807	5.4363666
AGTCAACCATGAGGGT	Root hair	0.727566	2.1314702	-3.3730412
AGTCAACGTATCATGC	Root stele	0.707448	1.77189	7.222729
AGTCAACGTCTGTAAC	Root stele	0.946348	0.2813996	9.276154
AGTCAACTCGACCCAG	Root stele	0.912997	-0.28226462	6.5624022
AGTCAACTCTCGGGAC	Root hair	0.978232	2.7054617	-3.1365182
AGTCACAAGACATCAA	Lateral root cap	0.984596	10.991204	9.483836
AGTCACAAGACCCTTA	Xylem	0.859075	-3.9491062	5.8949065
AGTCACACACGTACAT	Lateral root cap	0.872061	8.552956	7.2463818
AGTCACATCCCATACC	Lateral root cap	0.983288	14.398271	10.213718
AGTCACATCTAATTCC	Lateral root cap	0.701455	7.9717927	6.175582
AGTCACATCTCGAACA	Unknow	0.323073	7.742874	6.3229456
AGTCATGCAGACAATA	Root cap	0.959706	10.365075	2.8390572
AGTCATGCAGGTTCGC	Non-hair	0.74924	3.6279469	1.3389306
AGTCATGGTATTCCTT	Root stele	0.910717	-1.4405596	8.137773
AGTCATGGTTACGCCG	Root endodermis	0.850704	0.91037554	5.8769484
AGTCATGTCCAACCAA	Non-hair	0.483514	2.6977692	0.05919747
AGTCATGTCCAATCTT	Root stele	0.956458	1.3131696	7.79397
AGTCATGTCTCGGTAA	Lateral root cap	0.981033	11.070863	9.119122
AGTCTCCCAAACTCTG	Root cortex	0.814648	-3.9175148	1.5953529
AGTCTCCCAAATGAGT	Lateral root cap	0.983158	13.871358	9.663818
AGTCTCCCACATACGT	Root stele	0.910461	1.6567361	7.762104
AGTCTCCCAGCCTTCT	Lateral root cap	0.977281	11.471878	10.456602
AGTCTCCGTTGCATTG	Lateral root cap	0.973187	11.918016	6.1518
AGTCTCCTCACGGACC	Root cap	0.924208	11.420085	3.41472
AGTCTCCTCACTTCTA	Root cortex	0.924658	-3.2904043	1.2685909
AGTCTCCTCGGATAAA	Xylem	0.857016	-3.2249148	6.4947033
AGTGACTAGGGCCAAT	Root stele	0.977744	0.021390293	8.130803
AGTGACTCAACTGGTT	Root cortex	0.96875	-0.93435544	0.82398224
AGTGACTGTCGACGCT	Columella root cap	0.468971	6.9811516	5.247687
AGTGACTGTTCCAAAC	Lateral root cap	0.649046	8.318457	5.3163667
AGTGACTTCTTACGGA	Root cortex	0.333982	1.76272	3.341805
AGTGACTTCTTCTCAA	Root cortex	0.870533	1.929817	1.6800808
AGTGATCCAAACGTGG	Lateral root cap	0.644814	9.173252	5.153019
AGTGATCGTCCATCTC	Root cortex	0.507093	1.1628908	-2.1032712
AGTGATCGTTCGATTG	Root cortex	0.904639	0.79645026	3.7844722
AGTGATCGTTTGACAC	Root stele	0.973019	0.5493517	9.380228
AGTGATCTCACATCAG	Root cortex	0.762139	-3.6355474	1.6822255
AGTGATCTCCTACGAA	Unknow	0.978504	4.961165	4.5873547
AGTGCCGAGTACAACA	Unknow	0.547564	2.9467387	4.90361
AGTGCCGCAAGGCTTT	Root cortex	0.819794	1.1515641	3.667469
AGTGTTGAGGAACGTC	Lateral root cap	0.976125	12.1555395	10.872333
AGTGTTGCAGTCCCGA	Non-hair	0.967148	2.514381	0.17409226
AGTGTTGCATACATCG	Root endodermis	0.853417	-2.4591413	4.2153645
AGTGTTGGTATCCTCC	Unknow	0.98066	4.820068	5.313664
AGTTAGCCATGCGTGC	Root hair	0.940794	2.480217	-3.3561568
AGTTAGCGTCAAAGTA	Unknow	0.363593	5.195507	3.7644768
AGTTAGCGTTAAACCC	Root cortex	0.917583	-3.5398216	0.6998146
AGTTAGCTCCCAGGAC	Lateral root cap	0.926603	11.526614	6.0762167
AGTTAGCTCCGCTAGG	Lateral root cap	0.982281	13.328621	10.835609
AGTTCCCAGATCCTAC	Root cap	0.463866	8.518971	4.6489897
AGTTCCCAGTGGCAGT	Non-hair	0.591898	1.7172797	-0.5090172
AGTTCCCCACAAACGG	Lateral root cap	0.954408	9.820773	6.8393598
AGTTCCCGTACCTAAC	Root stele	0.971531	-0.43958324	7.911469
AGTTCGAAGTCCCGGT	Lateral root cap	0.967228	11.584942	7.6929007
AGTTCGAAGTGCAGCA	Root stele	0.926851	-0.62669706	8.114329
AGTTCGACAATAGTAG	Root stele	0.968998	0.1295543	7.33693
AGTTCGACAGACCCGT	Lateral root cap	0.467346	3.5189862	3.315174
AGTTCGAGTCCTTAAG	Root endodermis	0.508991	-3.2054691	4.571774
ATACCGAAGATCGGTG	Lateral root cap	0.662852	11.27901	5.109099
ATACCGAAGGCGCTCT	Lateral root cap	0.987678	13.28295	9.629085
ATACCGACAGCATTGT	Lateral root cap	0.685693	11.497418	4.697233
ATACCGACAGTAGAAT	Lateral root cap	0.942693	9.771795	7.4515214
ATACCGAGTTCCGCTT	Root hair	0.972467	3.3782656	-2.3340006
ATACCGAGTTCTCGCT	Lateral root cap	0.96286	11.773987	9.76262
ATACCGATCCAAGGGA	Lateral root cap	0.937558	9.278058	7.277764
ATACCGATCGCCTAGG	Lateral root cap	0.986184	14.478409	10.182351
ATACCTTAGAAACTGT	Root cortex	0.988683	-0.28471932	2.7393897
ATACCTTAGACGGAAA	S phase	0.983338	6.7695856	6.409854e-05
ATACCTTAGTTAGTAG	Unknow	0.752059	1.9740325	3.6528232
ATACCTTCAAATGGAT	Non-hair	0.92002	3.2752762	0.12185306
ATACCTTTCAACCTTT	Columella root cap	0.891628	6.680288	5.2178493
ATACCTTTCAGCTAGT	Lateral root cap	0.931313	11.501222	10.445113
ATACCTTTCATATGGC	Unknow	0.935226	5.7330523	6.0611935
ATACCTTTCCATACTT	Root cap	0.927924	10.334163	2.6904664
ATACCTTTCCATCACC	Root stele	0.97675	0.48771062	8.771691
ATACCTTTCTAGAGCT	Lateral root cap	0.929843	9.911478	6.2572546
ATACTTCAGATCGACG	Root endodermis	0.563259	-1.0845789	4.4778404
ATACTTCAGCTGGCTC	Xylem	0.978819	-3.759022	6.4934583
ATACTTCCACTTCATT	Root stele	0.96704	-0.463005	8.337562
ATACTTCCATGATGCT	Root hair	0.989671	3.105097	-2.8909197
ATAGACCAGAATACAC	Lateral root cap	0.877468	4.1195073	2.1968138
ATAGACCAGGTCCCGT	Root hair	0.981005	3.0598824	-2.837538
ATAGACCCAACAAGTA	Root stele	0.70449	-1.0174093	7.489835
ATAGACCCACAGCTGC	Root stele	0.945189	-1.6305918	8.669095
ATAGACCGTACGATCT	Root hair	0.987162	3.5130987	-2.6188688
ATAGACCGTTCAGTAC	Columella root cap	0.74068	7.7933855	4.3932104
ATAGACCTCTACGGGC	Root cortex	0.988751	-0.3061957	1.5361695
ATAGAGAAGGTGCTTT	Root cortex	0.98653	0.42482716	2.6438515
ATAGAGACAAAGCTAA	Lateral root cap	0.96142	9.9064045	6.857106
ATAGAGACAAATGATG	Unknow	0.635827	5.305216	3.803897
ATAGAGACAAGAGTTA	Root cortex	0.9786	-2.0642018	0.2707022
ATAGAGACACAGCTGC	Root cap	0.984618	8.888291	1.4326508
ATAGAGAGTTTGTGGT	Root stele	0.860397	0.44269994	6.9127507
ATAGAGATCAAAGGAT	Lateral root cap	0.964648	11.076385	10.358844
ATAGGCTAGAACCGCA	Root stele	0.955416	0.3023735	8.8659725
ATAGGCTAGAGAGTTT	Root cap	0.738157	9.044956	3.6559625
ATAGGCTAGGATGGCT	Root cortex	0.675486	-0.27210712	3.6978233
ATAGGCTAGTATAACG	Root stele	0.969006	0.67347145	8.263427
ATAGGCTCAACTACGT	Root stele	0.966612	0.13007368	8.894968
ATAGGCTGTCCGCAGT	Lateral root cap	0.980826	13.634169	10.667533
ATAGGCTTCACTTTGT	Root cortex	0.694866	1.6304864	2.3171427
ATATCCTAGCACGATG	Lateral root cap	0.977417	12.383907	8.294463
ATATCCTCAACGACTT	Root cap	0.511716	10.93057	4.8407564
ATATCCTCACATGGTT	Unknow	0.950785	2.7457333	4.9920807
ATATCCTGTATCTCTT	Xylem	0.553822	-3.9516602	4.6617045
ATATCCTTCAAATGAG	Root endodermis	0.895201	-2.2263627	4.8245325
ATATCCTTCACAAGGG	Root cortex	0.973645	0.4368837	-0.73645365
ATATCCTTCACGGACC	Root stele	0.894022	1.1132196	7.042456
ATATCCTTCTAACACG	Root endodermis	0.781678	-2.98885	5.058761
ATCACAGAGTATGACA	Root cap	0.637921	11.526335	4.6361594
ATCACAGCAGCACACC	Non-hair	0.662322	1.9508928	-1.315808
ATCACAGTCCGTGGTG	Unknow	0.989598	3.5785184	5.0969954
ATCACGAAGATGACCG	Xylem	0.6484	-3.0935051	6.006172
ATCACGAAGCTCGCAC	S phase	0.96943	6.6443095	-0.17953107
ATCACGAAGGCAGGGA	Unknow	0.801389	6.5747004	6.1965017
ATCACGACACAGTCCG	Root stele	0.945594	0.49159753	8.052917
ATCACGACACCACTGG	Root cap	0.947617	9.932699	2.4912739
ATCACGACAGGCGTTC	Lateral root cap	0.466132	3.3339562	2.533713
ATCACGACATCGCTGG	Root stele	0.545274	1.3698297	6.5078316
ATCACGAGTTTATGCG	Root endodermis	0.943529	-2.2413352	5.157399
ATCACGATCACAGTGT	Root cortex	0.974183	0.6327039	1.5467056
ATCACTTAGACTCTTG	Xylem	0.87671	-2.3623261	7.159136
ATCACTTAGCCTTCTC	Lateral root cap	0.979846	11.043406	9.546087
ATCACTTAGCTCAGAG	Root hair	0.55083	6.0703826	-0.17140563
ATCACTTAGGAGAATG	Root cap	0.958272	8.850359	2.0148554
ATCACTTAGGCATGGT	Lateral root cap	0.982021	13.317054	10.855641
ATCACTTCATCTGCGG	Lateral root cap	0.877056	3.7369392	3.6557755
ATCACTTGTAGTCGGA	Root cortex	0.987873	-0.4724556	1.1777629
ATCACTTTCAGTGTCA	Root stele	0.925234	-1.4335779	8.932709
ATCACTTTCTTCTGTA	Root cortex	0.737669	1.445394	-1.7032057
ATCAGGTCAGTTGTCA	Root cap	0.50489	9.064692	4.511744
ATCAGGTGTCACCGAC	Root cortex	0.796369	-4.095544	1.0650523
ATCAGGTGTCGTCATA	Unknow	0.525783	1.847113	6.601313
ATCAGGTTCCTAAACG	Lateral root cap	0.989327	13.598884	9.594051
ATCATTCAGAAGCCTG	Root cap	0.849867	9.492099	3.8146253
ATCATTCAGTAATTGG	Lateral root cap	0.987807	12.1756935	9.071874
ATCATTCCACACCGAC	Root endodermis	0.292187	-3.106924	4.416583
ATCATTCGTCAGTCGC	Root cap	0.961479	9.5567665	3.0698287
ATCATTCGTCATCCCT	Unknow	0.867383	2.5545752	4.962119
ATCATTCGTCTACAAC	Root cortex	0.958255	-3.1128309	0.54409695
ATCATTCGTGGTCAAG	Lateral root cap	0.63715	7.726458	6.065486
ATCATTCTCAACCCGG	Unknow	0.687477	5.471598	5.5934167
ATCATTCTCTTCCACG	Root stele	0.967596	0.25522074	9.295999
ATCCACCAGTTGGAGC	Non-hair	0.982035	3.8929377	0.6932439
ATCCACCAGTTGTAGA	Root stele	0.676491	2.0725682	8.047839
ATCCACCTCAGGAAGC	S phase	0.949211	6.511481	-0.4615126
ATCCACCTCCCTTGGT	Root cap	0.929932	11.04467	3.3851473
ATCCACCTCTTTCGAT	Root cortex	0.5578	-2.67959	3.1730077
ATCCATTCAACTGATC	Lateral root cap	0.880028	3.9717824	3.2812345
ATCCATTCAAGTTCGT	Lateral root cap	0.981589	12.29372	8.813416
ATCCATTGTTTGCAGT	Root cap	0.98214	9.778107	2.1828916
ATCCATTTCAATCCAG	Lateral root cap	0.986135	13.990253	10.663283
ATCCATTTCTATCGCC	Root cap	0.550151	9.898927	4.598052
ATCCCTGAGGCGTCCT	Lateral root cap	0.976944	11.156717	9.439162
ATCCCTGCAAACTGCT	Lateral root cap	0.921207	11.433006	5.81354
ATCCCTGCAAGTCATC	Root stele	0.976925	0.8201018	8.000989
ATCCCTGCACCATATG	Root stele	0.975383	-1.27454	8.824923
ATCCCTGGTATGTCCA	Unknow	0.773807	1.653715	4.9040537
ATCCCTGGTCGAATTC	Columella root cap	0.458294	7.688918	4.967555
ATCCCTGTCCACTTCG	Root cortex	0.991169	-0.9409496	2.0419526
ATCCCTGTCGAAGCCC	Lateral root cap	0.430127	8.688166	4.7572093
ATCCGTCCACTTCATT	Root cortex	0.972642	0.49882624	1.6882337
ATCCGTCGTACAAGCG	Root cap	0.702	9.459031	4.661593
ATCCGTCGTGCAACAG	Root cortex	0.976528	-1.7951685	0.4285218
ATCCGTCGTGTTAAAG	Lateral root cap	0.601433	7.805403	6.3909383
ATCCGTCTCTCACGAA	Lateral root cap	0.82232	10.576645	5.432005
ATCCTATAGATAGCAT	Root cap	0.8928	8.600418	1.9668547
ATCCTATAGGCACTAG	Root cortex	0.989811	-1.069943	1.9319865
ATCCTATAGTTGCGAG	Unknow	0.949036	2.2522473	5.385229
ATCCTATCACTTGGCG	Root cortex	0.92872	-0.20499608	3.5728474
ATCCTATCATTGAGGG	Lateral root cap	0.497846	7.155233	7.36733
ATCCTATGTAGTTCCA	Lateral root cap	0.959119	12.516579	11.205004
ATCCTATTCCGATCGG	Unknow	0.665619	2.0055346	6.5769205
ATCGATGAGGTTCTTG	Non-hair	0.870881	3.1230285	-0.120321155
ATCGATGCACAGAAGC	Root cortex	0.501283	1.614983	0.055470522
ATCGATGCAGGTTTAC	Root stele	0.968802	0.32209006	9.293359
ATCGATGGTGGTAATA	Root endodermis	0.708017	-1.1952926	6.1508346
ATCGATGTCGAAGCCC	Xylem	0.600169	-3.8825264	4.6156693
ATCGATGTCGACACTA	Unknow	0.871318	2.2985535	5.591016
ATCGATGTCTCTGCTG	Xylem	0.971971	-3.6245718	6.5226774
ATCGCCTAGACGAGCT	Lateral root cap	0.651028	10.899358	4.6195245
ATCGCCTAGTTCCATG	Unknow	0.634776	6.690214	6.2918353
ATCGCCTCAATGACCT	Lateral root cap	0.96115	11.408637	7.7728124
ATCGCCTCACCCTAGG	Lateral root cap	0.978552	12.402172	10.144522
ATCGCCTCAGCATACT	Lateral root cap	0.877791	9.4576235	6.2594757
ATCGCCTGTCAAATCC	Lateral root cap	0.975106	10.606377	8.230864
ATCGCCTGTCAATGGG	Columella root cap	0.448786	7.233272	5.825018
ATCGCCTGTGCTCTCT	Lateral root cap	0.836631	8.373651	7.631591
ATCGGATCACTCTCGT	Unknow	0.672662	6.2229548	5.5025697
ATCGGATCAGGTTCGC	Lateral root cap	0.93152	4.331624	3.160729
ATCGGATGTATTAAGG	Root endodermis	0.542678	-3.846814	2.6328173
ATCGGATGTGACACAG	Lateral root cap	0.986989	15.600147	9.690103
ATCGGATTCGATTGGT	Root cortex	0.618621	-4.0977216	2.290053
ATCGGCGAGTCGCGAA	Non-hair	0.90288	2.7175007	1.0460057
ATCGGCGCACCATTCC	Lateral root cap	0.973614	10.969443	10.193869
ATCGGCGGTTTGATCG	Lateral root cap	0.964923	10.758476	10.138939
ATCGTAGAGCCTTCTC	Lateral root cap	0.965995	10.002171	7.366447
ATCGTAGAGCTTGTTG	Unknow	0.334001	7.6419797	5.138418
ATCGTAGAGTAAAGCT	Xylem	0.348892	-3.3815565	4.488227
ATCGTAGCAATCGAAA	Root cortex	0.929538	0.2561885	-1.4178938
ATCGTAGGTAACGGTG	Non-hair	0.779256	2.9882743	-0.06598287
ATCGTAGGTCGGATTT	Root cortex	0.990875	-0.88331616	1.6687768
ATCGTAGGTTACCCAA	Lateral root cap	0.986416	12.594043	8.526683
ATCGTAGTCCCAGGCA	Root endodermis	0.452678	-3.2299988	4.306231
ATCGTCCAGACGCCAA	Root cortex	0.746156	2.7156746	1.6465719
ATCGTCCAGAGAACCC	Root stele	0.92554	-1.0129809	8.366169
ATCGTCCAGCGATTCT	Lateral root cap	0.987757	12.834784	9.476439
ATCGTCCCAACGGCCT	Root cap	0.941618	10.648672	2.7085094
ATCGTCCCACTAGAGG	Root cortex	0.956562	-0.42441332	2.9500234
ATCGTCCCATGACTAC	Root stele	0.908724	1.6227877	8.450816
ATCGTCCGTCATCCCT	Root cortex	0.974877	0.4478217	1.8200972
ATCGTCCGTGCCTGAC	Root stele	0.963181	0.5573335	7.4877625
ATCGTCCGTTTGACAC	Root cortex	0.989992	-0.8834003	1.0194231
ATCGTCCTCTGTGCTC	Lateral root cap	0.981679	12.068875	9.09216
ATCGTGAAGCACGATG	Non-hair	0.782235	2.3066962	1.4705267
ATCGTGAAGTAACAGT	Lateral root cap	0.81662	9.382106	5.7323556
ATCGTGACAAGTCATC	Root cap	0.405308	10.2596	3.3484445
ATCGTGAGTGTGTGGA	Lateral root cap	0.980242	12.877496	9.343007
ATCGTGATCAGACAAA	Root cortex	0.990969	-0.511702	2.0584257
ATCGTGATCGCGTAGC	Unknow	0.434309	7.0896235	5.17539
ATCGTGATCGGCTGAC	Lateral root cap	0.418784	7.20677	6.2235136
ATCTCTAAGAGTTGCG	Lateral root cap	0.777361	9.548197	5.4462843
ATCTCTACAAGGCAAC	Root hair	0.95603	2.4970481	-2.5229337
ATCTCTACAATCACGT	Lateral root cap	0.8789	9.81458	6.287402
ATCTCTAGTGTTGAGG	Lateral root cap	0.981471	12.107016	9.564076
ATCTCTATCAGGGTAG	Root endodermis	0.518058	-3.9417682	2.5811963
ATCTCTATCGCAGAGA	Root cortex	0.544986	-3.9966977	2.4541695
ATCTCTATCGTCTAAG	Root cortex	0.973819	-1.3331662	1.8512995
ATCTTCAAGGATGGCT	Lateral root cap	0.933525	8.788673	8.114247
ATCTTCAAGGTCCAGA	Lateral root cap	0.973352	11.661841	8.855869
ATCTTCACAAACGAGC	Root stele	0.833534	1.372856	7.8768597
ATCTTCACATGACAAA	Lateral root cap	0.955142	10.777807	9.938608
ATCTTCACATGGGATG	Root cortex	0.87231	-3.862014	1.3312167
ATCTTCACATTCACAG	Root stele	0.922416	-0.319542	8.927911
ATCTTCAGTCGCATCG	Root cap	0.812037	10.339563	3.7806756
ATCTTCAGTCTTGGTA	Root hair	0.933352	2.4070365	-3.1413746
ATCTTCATCCAAGAGG	Non-hair	0.923603	2.4489799	-1.1637654
ATCTTCATCGTTTACT	Root cap	0.970093	10.001639	2.6427925
ATGAAAGAGAGGCGGA	Unknow	0.635464	1.8340605	6.9523425
ATGAAAGAGTCATACC	Root endodermis	0.572994	-1.6677355	6.117852
ATGAAAGCAAACGTGG	Lateral root cap	0.965842	11.374164	9.819421
ATGAAAGCACACGTGC	Root hair	0.378155	1.4827064	-2.297878
ATGAAAGCATAAGCGG	Non-hair	0.930757	3.5702052	0.13296199
ATGAAAGCATAGAATG	Root cortex	0.987306	-0.6821277	1.8089473
ATGAAAGGTATACAGA	Root cap	0.717371	9.657021	4.0822234
ATGAAAGGTATGGTAA	Root stele	0.978312	0.38251472	7.9071097
ATGAAAGGTTATCCAG	G1/G0 phase	0.29232	10.094012	3.0609927
ATGAAAGTCATCGGGC	Root cap	0.894107	10.555009	3.024764
ATGAAAGTCTACTTCA	Root cortex	0.892811	0.8444502	0.6405449
ATGAAAGTCTCATTGT	Lateral root cap	0.909575	4.764886	2.4996402
ATGACCAAGGACACTG	Unknow	0.914919	6.2951384	6.862081
ATGACCACACAGCATT	Root cortex	0.978989	-1.721429	0.7875345
ATGACCACACGACTAT	Lateral root cap	0.49753	8.225421	5.057536
ATGACCACAGAATTCC	Lateral root cap	0.978982	13.371599	10.521867
ATGACCACATATCTGG	Root endodermis	0.809232	-0.6953951	4.866125
ATGACCACATCGCTAA	Lateral root cap	0.966683	9.11998	8.264515
ATGACCACATTGGATC	Root cortex	0.983017	-0.117309816	0.24711037
ATGACCAGTGTTCCTC	Root cortex	0.867882	-3.644268	1.2979971
ATGACCATCTGTCAGA	Root cortex	0.421779	1.0948231	-2.1557398
ATGAGGGAGAGTCAGC	Root hair	0.982065	3.018533	-2.7462466
ATGAGGGCACGAAAGC	Lateral root cap	0.749201	10.859241	5.120773
ATGAGGGCATAATCCG	Xylem	0.8236	-3.8385885	6.0104547
ATGAGGGCATCTCATT	Root stele	0.965556	0.24751101	7.711711
ATGAGGGGTGATACAA	Lateral root cap	0.989691	14.032561	10.085293
ATGAGGGGTTCAGTAC	Root cortex	0.770535	-4.367016	1.4979527
ATGAGGGGTTCCATTT	Lateral root cap	0.979835	12.638479	8.413282
ATGAGGGTCACCTCAC	Lateral root cap	0.974695	12.823507	10.853533
ATGAGGGTCACTTATC	Root cortex	0.989721	0.12841305	2.5826857
ATGAGGGTCGCGGTAC	Lateral root cap	0.98461	13.10823	9.254437
ATGAGTCCAAGTCCCG	Root cortex	0.643685	1.0053389	-2.2336257
ATGAGTCCAATTTCGG	Lateral root cap	0.970914	11.1758585	6.6558037
ATGAGTCCATGTCAGT	Root stele	0.957594	-0.049924288	7.305619
ATGAGTCGTGATATAG	Root cortex	0.813133	1.4552296	0.23667403
ATGAGTCTCCAAACCA	Lateral root cap	0.912386	12.577979	11.345444
ATGAGTCTCCTACACC	Lateral root cap	0.952615	10.565275	7.072939
ATGAGTCTCGCCTTTG	Non-hair	0.434828	3.822284	2.1359148
ATGAGTCTCTGGGCAC	Root cortex	0.982953	-0.8265732	2.4082696
ATGATCGAGAGAGCCT	Lateral root cap	0.633009	10.230458	5.3451457
ATGATCGAGTAAGACT	Root stele	0.854095	1.8596125	8.24026
ATGATCGCACGCTGAC	Lateral root cap	0.76237	10.133113	5.296448
ATGATCGCAGAACTCT	Xylem	0.470598	-3.6582916	4.741218
ATGATCGCATAGGTAA	Lateral root cap	0.987442	13.364157	9.383675
ATGATCGGTGGTTTGT	Root cortex	0.774374	-4.046879	1.6141353
ATGATCGGTTATCTGG	Root cap	0.988757	9.270922	2.0337393
ATGATCGGTTTACCAG	Root stele	0.965498	1.1005324	8.421063
ATGATCGTCTTTCCAA	Lateral root cap	0.901866	9.060666	7.9310713
ATGCATGAGGAAACGA	Lateral root cap	0.97865	11.777177	7.031568
ATGCATGAGGTCATAA	Xylem	0.689461	11.48874	11.206405
ATGCATGAGTGCACTT	Non-hair	0.8969	3.5478203	0.007478134
ATGCATGCAAGCAGGT	Non-hair	0.530423	3.1804037	-1.4982727
ATGCATGGTGAGTGAC	Lateral root cap	0.546675	7.894575	5.724076
ATGCATGGTGTATACC	Root cortex	0.980634	-1.1324142	2.506255
ATGCATGTCAGTGATC	Root hair	0.981524	3.5694008	-2.7245095
ATGCATGTCCTACACC	S phase	0.985042	6.546808	0.70415866
ATGCATGTCTATGTGG	Root stele	0.902087	-0.7938466	8.268274
ATGCCTCAGCAATAGT	Root cap	0.974895	10.03185	2.2405927
ATGCCTCAGTCGGGAT	Columella root cap	0.704553	7.9157066	4.170687
ATGCCTCGTCTAACTG	Root cortex	0.942886	0.6463178	2.9616141
ATGCCTCTCACACCGG	Root cortex	0.89207	-0.6485635	3.892413
ATGCCTCTCCTCTCGA	Lateral root cap	0.680204	9.53016	5.1500406
ATGCGATAGTGTACAA	Root cap	0.454119	8.826478	4.117514
ATGCGATCACCAGTAT	Lateral root cap	0.987271	13.329783	10.012216
ATGCGATGTTGCATCA	Root cortex	0.550808	2.0289636	3.305197
ATGCGATTCAACCTCC	Lateral root cap	0.429397	7.391038	6.768351
ATGCGATTCACCCTGT	Non-hair	0.965142	2.9910789	-0.9826778
ATGCGATTCATTCGTT	Unknow	0.618289	6.9589353	6.607519
ATGGAGGAGCATGTTC	Root cortex	0.624708	-3.3405142	2.3300757
ATGGAGGCAACTACGT	Lateral root cap	0.984802	13.540276	9.832293
ATGGAGGGTCTTTATC	Root cap	0.973038	8.776991	1.5293868
ATGGAGGTCCCAGGAC	Non-hair	0.877095	2.899733	-0.16734497
ATGGAGGTCTTCACAT	Root endodermis	0.905184	-2.0777197	4.8497634
ATGGATCGTGCACATT	Lateral root cap	0.973442	10.267058	6.799484
ATGGATCGTTCCACAA	Lateral root cap	0.948565	8.957064	8.220458
ATGGGAGAGAAGGCTC	Lateral root cap	0.506803	9.240269	4.7304378
ATGGGAGAGTACTCGT	Unknow	0.993142	3.7360933	4.780231
ATGGGAGCAAGTGATA	Columella root cap	0.732249	6.713466	5.5616546
ATGGGAGCAATATCCG	Unknow	0.967639	3.153182	6.1392903
ATGGGAGCAGGTTTAC	Root cap	0.980536	10.0548115	2.138929
ATGGGAGGTTCTTCAT	Lateral root cap	0.978576	11.499845	9.418106
ATGGGTTAGAGGTGCT	Root cortex	0.987784	-1.0306627	2.3057272
ATGGGTTAGATGCCGA	Root cap	0.94299	9.000884	2.1132832
ATGGGTTAGCCTCTGG	Root stele	0.975073	-1.206718	8.693323
ATGGGTTCAATAACCC	Lateral root cap	0.980805	11.060603	7.057991
ATGGGTTCAATCTCGA	Lateral root cap	0.980083	11.190279	9.361611
ATGGGTTCACGGCCAT	Root cortex	0.647573	1.6543331	0.37159196
ATGGGTTCACGTGAGA	Lateral root cap	0.898593	3.861357	3.9978282
ATGGGTTCACTATCCC	Root cap	0.899333	9.8070345	2.1349547
ATGGGTTGTAACGATA	Unknow	0.876033	3.164834	3.973463
ATGGGTTTCCATCACC	Root cortex	0.969754	-1.6451584	-0.27847573
ATGGGTTTCCTCCACA	Lateral root cap	0.986973	14.123243	10.476993
ATGGTTGAGAGATTCA	Unknow	0.801301	2.7293577	4.7298274
ATGGTTGAGTGGGAAA	Root cortex	0.392801	-4.4271894	2.0091987
ATGGTTGGTGCTCTCT	Lateral root cap	0.984285	13.251438	10.271093
ATGGTTGGTTCAGTAC	Unknow	0.481636	1.8457326	6.827379
ATGGTTGTCAAGAAAC	Root cap	0.830092	10.012091	3.9483225
ATGGTTGTCACGATCA	Lateral root cap	0.989236	14.463146	9.965093
ATGTCCCAGTCTTGGT	Root stele	0.976671	-0.40801027	8.381296
ATGTCCCCACGACGTC	Root cortex	0.963922	-2.4460845	0.19916351
ATGTCCCGTAACCCTA	Xylem	0.638002	-3.9557042	4.3925285
ATGTCCCGTCTGTCCT	Lateral root cap	0.987036	11.513579	9.338776
ATGTCTTAGCATCGAG	Lateral root cap	0.940467	11.308229	6.415488
ATGTCTTGTATTCTCT	Root cortex	0.978895	-1.8202764	0.24481535
ATGTCTTGTCCGTACG	Unknow	0.605123	1.7248694	6.3803787
ATGTCTTTCCAACCAA	Root cortex	0.911079	-3.5995154	0.5728433
ATTACCTCAAGGATGC	Root cortex	0.816751	-2.5043116	2.219778
ATTACCTGTGATATAG	S phase	0.996838	6.332684	1.7136383
ATTACCTTCATAAGGA	Lateral root cap	0.977168	12.877334	10.774497
ATTACTCAGCCAACCC	Root cortex	0.968592	-0.7301629	1.1182487
ATTACTCCAAACACGG	Root cortex	0.979664	-1.7592177	0.26218355
ATTACTCCAGCTAACT	Root cortex	0.921554	0.63992673	3.0482943
ATTATCCAGCACGTCC	Lateral root cap	0.817511	3.8132992	3.1376774
ATTATCCAGCGCACAA	Root endodermis	0.593529	-4.0056767	2.6036458
ATTATCCAGGCTTCCG	Lateral root cap	0.987639	15.38282	9.732424
ATTATCCAGGTTCAGG	Lateral root cap	0.858604	8.601248	6.9943547
ATTATCCAGTGGAAAG	Root cortex	0.933726	-3.1367497	2.0005815
ATTATCCAGTTGAATG	Lateral root cap	0.985041	15.70196	9.707631
ATTATCCGTCCAACGC	Root cortex	0.993112	-0.26090124	2.1641045
ATTATCCGTTTCAGAC	Root stele	0.954254	-1.0937046	8.280506
ATTATCCTCAAGTGGG	Lateral root cap	0.979112	13.083968	10.670455
ATTCACTAGCGACAGT	Root hair	0.986225	3.6104972	-2.4896822
ATTCACTCACTAGGCC	Lateral root cap	0.98849	11.931699	9.033625
ATTCACTGTAAGCGGT	Root stele	0.976701	-0.35202122	8.032617
ATTCACTGTTCTAACG	Unknow	0.94475	5.0047464	4.470935
ATTCACTTCCACCTCA	Xylem	0.953294	-3.1802444	6.6143374
ATTCACTTCTAGAGCT	Lateral root cap	0.984405	12.858909	9.996824
ATTCACTTCTCAACCC	Root cap	0.738253	10.808286	4.041394
ATTCAGGAGAGAAGGT	Root cortex	0.939991	-0.67277104	3.6838465
ATTCAGGGTCAGGAGT	Non-hair	0.845972	2.8866825	1.1761371
ATTCAGGTCACTGGTA	Root stele	0.98514	0.6140965	8.1091385
ATTCATCAGGGTAATT	Unknow	0.354647	7.544682	6.192757
ATTCATCCAACTGAAA	Non-hair	0.862199	2.2625053	0.017250951
ATTCATCTCAGCTTGA	Root cortex	0.824573	1.5570486	0.37227613
ATTCCATAGACGCAGT	Root cortex	0.981863	0.562197	-0.17007227
ATTCCATAGATGAACT	Root cap	0.553046	9.589509	4.3571196
ATTCCATAGGCATGGT	Lateral root cap	0.831787	8.803914	6.635004
ATTCCATAGTACGAGC	Root hair	0.982016	2.7956383	-2.9835775
ATTCCATAGTCAAGCG	Lateral root cap	0.856516	11.509053	5.4384036
ATTCCATAGTTGTACC	Root cortex	0.72605	-0.89763623	3.9502542
ATTCCATCAAGAAACT	Root stele	0.876891	0.9484685	9.393202
ATTCCATCAGGCTATT	Unknow	0.837958	7.7061973	7.276773
ATTCCATGTCTTACTT	Root hair	0.477452	6.1073895	-0.6383093
ATTCCATTCTCATTGT	Root cortex	0.970198	-1.2661448	-0.2200023
ATTCCATTCTCTCCGA	Non-hair	0.674372	1.9796956	0.6023431
ATTCCATTCTTAATCC	Lateral root cap	0.961773	9.288721	7.7297482
ATTCCCGAGAAGCTCG	Non-hair	0.985651	3.5684545	-0.44815627
ATTCCCGAGCAATTCC	Root cortex	0.84201	0.69462645	-1.9642649
ATTCCCGAGCAGCAGT	Unknow	0.317857	7.2260637	5.829893
ATTCCCGAGGACTTCT	Lateral root cap	0.837002	11.491209	5.53677
ATTCCCGAGGGCATGT	Lateral root cap	0.980266	13.1333475	10.530186
ATTCCCGAGGTGGGTT	Lateral root cap	0.723359	9.460077	5.202385
ATTCCCGGTAACTTCG	Root cap	0.978627	8.746616	1.5680641
ATTCCCGGTATCACGT	Root cap	0.539022	9.30377	4.945846
ATTCCCGGTGACTGTT	Non-hair	0.566644	2.8830438	-0.25288996
ATTCCCGTCAAAGGAT	Lateral root cap	0.557509	10.841662	5.272951
ATTCCTAAGTTGAAGT	Lateral root cap	0.92095	10.505172	5.9377832
ATTCCTACACGTGAGA	Lateral root cap	0.359598	3.4403574	2.2387667
ATTCCTACAGAGGTAC	Non-hair	0.940464	2.3459134	0.42009613
ATTCCTACAGTATTCG	Lateral root cap	0.964072	10.465141	9.732864
ATTCCTAGTCGAGATG	Root stele	0.860349	1.1582378	6.859993
ATTCCTAGTCGGCCTA	Root cortex	0.479915	-0.32405663	4.76833
ATTCCTATCACTCGAA	Lateral root cap	0.97083	11.170152	8.856926
ATTCCTATCCCAGGCA	Root cap	0.59733	9.777819	4.366204
ATTCGTTAGGGTTTCT	Non-hair	0.826628	2.2832613	0.99878556
ATTCGTTGTATCACCA	Unknow	0.468033	7.3951626	7.254363
ATTCGTTGTTACACAC	Root stele	0.984261	-0.19655253	8.354077
ATTCGTTTCTAGATCG	Lateral root cap	0.98774	12.45198	7.949444
ATTCTACCAAGCTGTT	S phase	0.63787	6.216571	-0.7025526
ATTCTACGTTATGGTC	Root cortex	0.977221	-0.5119586	0.4067419
ATTCTACTCCCATTCG	Lateral root cap	0.945057	10.22524	6.717883
ATTCTACTCCGATCGG	Lateral root cap	0.987473	12.84627	8.559885
ATTCTACTCTAGTCAG	Lateral root cap	0.723377	8.40501	6.6497583
ATTCTACTCTTCTGTA	Lateral root cap	0.961605	10.731201	9.790448
ATTCTTGAGACCCGCT	Lateral root cap	0.740093	9.057669	5.720766
ATTCTTGAGCTGACAG	Non-hair	0.961613	3.8303964	0.076783165
ATTCTTGAGTCATGAA	Xylem	0.687511	-3.604363	5.1338325
ATTCTTGAGTCCGTCG	Lateral root cap	0.986492	13.603215	10.121563
ATTCTTGCAAAGCGTG	S phase	0.994289	6.7453475	0.8624484
ATTCTTGCAACCCTAA	Root cap	0.6847	10.302834	4.582511
ATTCTTGCATATTCGG	Root cortex	0.968137	-0.4329338	2.9654367
ATTCTTGTCACGGGCT	Unknow	0.921566	2.1376243	5.658544
ATTGGGTAGGCTTAGG	Lateral root cap	0.972601	12.509338	11.129293
ATTGGGTAGTGATAGT	S phase	0.927207	6.3680496	0.677224
ATTGGGTAGTTGGGAC	Root cortex	0.928815	0.332975	-1.5761899
ATTGGGTCATGGCTGC	S phase	0.982138	6.333828	2.3534727
ATTGGGTGTACAGCGA	Lateral root cap	0.990012	12.99839	8.306265
ATTGGGTGTCCAGCCA	Root cap	0.896407	9.47462	3.469759
ATTGGGTTCACTAGCA	Lateral root cap	0.353844	-3.1027534	4.1392817
ATTGGGTTCCTCTAAT	Root cortex	0.984805	-1.9363891	0.5567138
ATTGTTCAGATGGTAT	Root stele	0.960068	0.79984653	9.552275
ATTGTTCAGTGCAAAT	Lateral root cap	0.591268	3.301196	3.441375
ATTGTTCCAAATGATG	Xylem	0.937694	-3.2850175	6.5086303
ATTGTTCGTAATGCTC	Root stele	0.967664	0.22627473	7.449957
ATTGTTCGTCCACTCT	Root cortex	0.961075	-0.63005406	0.022598509
ATTGTTCTCACATCAG	Lateral root cap	0.703438	10.078897	5.4268823
ATTTACCAGTGTCATC	S phase	0.634423	6.363137	-0.3636247
ATTTACCCAGTTGGTT	Unknow	0.922054	2.3952172	6.49221
ATTTACCGTGCCCACA	Root stele	0.451884	-1.3084373	7.557332
ATTTACCTCGTTCTAT	Non-hair	0.977519	3.2878492	0.5302329
ATTTACCTCGTTGCCT	Root endodermis	0.564915	0.033119936	5.917146
ATTTACCTCTCCAATT	Lateral root cap	0.355078	8.8829975	4.241808
ATTTCACAGAACAAGG	Root stele	0.975915	0.21055676	7.9693017
ATTTCACAGAGTTGCG	Unknow	0.514057	6.445724	5.9841413
ATTTCACAGCAAGGAA	Lateral root cap	0.982746	13.893055	10.453795
ATTTCACAGGCGAAGG	Lateral root cap	0.64617	10.291376	4.676596
ATTTCACCAAGACTGG	Root stele	0.953686	0.632783	9.29102
ATTTCACCATGGCTGC	Root stele	0.976796	-0.42897967	8.395646
ATTTCACGTACAACGG	Unknow	0.981545	2.9154947	5.372235
ATTTCACGTACGAGTG	Non-hair	0.869214	3.1229708	-0.09850585
ATTTCACGTCGCGGTT	Root stele	0.575885	-0.2617597	6.3705087
ATTTCACTCGCTTAAG	Root cap	0.504566	10.658663	4.363014
ATTTCTGAGAGCATAT	Lateral root cap	0.965516	12.57094	8.764193
ATTTCTGAGTAGAGTT	Xylem	0.913396	-2.6931133	6.7631326
ATTTCTGCAAGGGCAT	Non-hair	0.548856	3.6586711	1.9918871
ATTTCTGGTTGTGGCC	Root cortex	0.859429	1.5262367	-0.96668893
ATTTCTGTCCCATGGG	Non-hair	0.991665	3.1437125	0.8894198
ATTTCTGTCTGATTCT	Root cortex	0.992252	0.44074655	1.8193293
CAAAGAAAGGGAGTGG	Root cortex	0.93619	-3.1048386	1.6636233
CAAAGAACAGCAGAAC	Root cortex	0.75872	-3.2088559	2.6822398
CAAAGAAGTGCCTAAT	Root stele	0.883565	0.82652634	7.5537047
CAAAGAAGTTGGGACA	Lateral root cap	0.626711	9.112659	8.322579
CAAAGAATCTCGACGG	Lateral root cap	0.949177	12.400428	6.7207084
CAACAACCAATGGCAG	Root cap	0.881474	9.156814	3.5144174
CAACAACGTATACCCA	Non-hair	0.758429	1.6917651	-0.9548528
CAACAACGTGACTCGC	Xylem	0.498671	-1.912269	7.8703594
CAACAACGTGATCATC	Root hair	0.941406	2.9746792	-2.6271007
CAACAACGTTTACTTC	Root cortex	0.732514	1.5047135	3.0881414
CAACAACTCCATTGTT	Root endodermis	0.393855	-4.211358	2.5953546
CAACAGTAGAGAACCC	Lateral root cap	0.455006	3.663129	2.3714554
CAACAGTAGAGTTGAT	Lateral root cap	0.986881	11.315295	9.380659
CAACAGTAGTCTAGAA	Root cortex	0.865403	-3.385811	1.5181359
CAACAGTCACTGGAAG	Lateral root cap	0.983075	15.660008	9.686392
CAACAGTTCCATCTGC	Lateral root cap	0.982732	11.817875	9.503158
CAACAGTTCTGGGTCG	Lateral root cap	0.849256	4.300575	2.8661864
CAACCAAAGAGGGTAA	Root cap	0.87668	9.842474	2.0268013
CAACCAAAGGCTCTAT	Columella root cap	0.40585	8.063127	4.3002944
CAACCAAAGTCATGAA	Lateral root cap	0.98672	14.170497	10.639618
CAACCAACAGAGGTAC	Lateral root cap	0.955084	9.0519	8.653774
CAACCAACAGTGGGTA	Non-hair	0.983557	3.5995393	0.8791252
CAACCAAGTACTCCGG	Root hair	0.991356	3.2543998	-2.6865215
CAACCAAGTGGACTAG	Xylem	0.54868	-3.5628872	5.1114798
CAACCAATCCGTGTAA	Lateral root cap	0.783133	10.587483	5.338781
CAACCAATCGGTCAGC	Lateral root cap	0.504098	7.3412595	6.870358
CAACCAATCGGTGTTA	Lateral root cap	0.956326	11.565743	8.130115
CAACCTCAGCACTCGC	Root cortex	0.947979	-3.044819	1.9712448
CAACCTCAGGAGAGTA	S phase	0.975923	6.6593075	-0.26507208
CAACCTCAGGCCTGAA	Root cortex	0.669359	1.4784224	-1.7009652
CAACCTCCAGGGAATC	Lateral root cap	0.972121	11.525255	8.035836
CAACGATCATGCAGGA	Root stele	0.674851	1.6113099	6.7992053
CAACGATGTAGATCGG	Root cortex	0.985845	-0.18766929	3.2495437
CAACGATGTCGAATTC	S phase	0.988265	6.1288857	2.4645107
CAACGATGTCTCGGGT	Lateral root cap	0.963591	11.461963	7.5307474
CAACGATGTCTTCGAA	Lateral root cap	0.39839	8.586283	4.6057796
CAACGATTCACCTTGC	Root cap	0.931717	10.68166	2.727946
CAACGGCAGCGACTTT	Root stele	0.978992	-0.41168392	8.990123
CAACGGCAGGAAAGTG	Root cortex	0.798274	0.71764034	-2.0501873
CAACGGCAGGAGTCTG	Lateral root cap	0.979531	12.844843	8.899215
CAACGGCCAAGACAAT	Lateral root cap	0.971548	11.812549	7.5497994
CAACGGCTCGTAGCCG	Root cortex	0.781703	-3.8239963	1.8822109
CAACGGCTCGTTATCT	Lateral root cap	0.985345	10.839398	9.358073
CAACGGCTCTTCACGC	Lateral root cap	0.982517	13.087007	8.561715
CAACGGCTCTTGCGCT	Root stele	0.96733	1.0974759	8.073342
CAAGACTAGCACAAAT	G1/G0 phase	0.307834	0.7984846	-2.0272083
CAAGACTAGGCTTAGG	Lateral root cap	0.821834	9.395265	6.196272
CAAGACTAGTATGATG	Root cap	0.972801	9.972364	1.9491807
CAAGACTCAGGTGACA	Root cortex	0.508251	2.6063974	0.06821528
CAAGACTCATGAGTAA	Lateral root cap	0.985407	13.927047	9.8005295
CAAGACTGTCGATTCA	Unknow	0.803601	6.2969165	5.750648
CAAGAGGAGCTAATCC	Root stele	0.724885	1.6223514	7.0014772
CAAGAGGCACATGAAA	Root cap	0.872074	8.368157	1.3314581
CAAGAGGTCTGGCTGG	Lateral root cap	0.791175	8.34828	6.276363
CAAGCTAAGCACCGTC	Lateral root cap	0.486839	-3.2862666	4.3327622
CAAGCTAAGCCTCCAG	Unknow	0.847788	2.0604455	6.127873
CAAGCTAAGCTGACAG	Root cortex	0.986756	-0.994121	2.5064216
CAAGCTACAATGAAAC	Root cortex	0.873135	1.2263144	-0.9067599
CAAGCTAGTTCGGTTA	Unknow	0.46274	7.046286	7.2244473
CAAGCTAGTTTGCCGG	Lateral root cap	0.933668	9.488252	7.7959456
CAAGCTATCACCATAG	Lateral root cap	0.937959	11.109841	6.888311
CAAGCTATCTTTCAGT	Root stele	0.945404	0.8284353	9.619796
CAAGGGAAGCTCCGAC	Root stele	0.544754	-1.1834493	7.547062
CAAGGGAAGGGTTTCT	Root endodermis	0.550463	-0.50851494	5.0969305
CAAGGGACAATTGAGA	Lateral root cap	0.633118	8.17677	5.89945
CAAGGGACACACCAGC	Columella root cap	0.54827	7.5303583	4.954347
CAAGGGACACGGGCTT	Root cap	0.965918	10.541501	2.6847863
CAAGGGACAGGATTCT	Lateral root cap	0.849381	9.031848	5.952377
CAAGGGAGTCCAAGAG	Root cap	0.892056	11.319768	3.6736455
CAAGGGAGTTGCGGCT	Non-hair	0.886895	3.8987272	0.960195
CAAGGGATCCTTCTGG	Root hair	0.979749	2.893821	-3.0620484
CAAGGGATCGACGACC	Xylem	0.937326	-3.6944134	6.2100573
CAAGGGATCTGCGATA	Root cortex	0.988206	-1.0883797	2.1528544
CAATACGAGCGAATGC	Root endodermis	0.676183	0.042750534	5.317137
CAATACGAGTAACGAT	Root cortex	0.938913	-0.51261884	-0.16456552
CAATACGCAAGGTCAG	S phase	0.969262	6.0598636	2.4776747
CAATACGCAGTCTCTC	Unknow	0.522588	2.4846609	7.0062923
CAATACGGTTGAGTCT	Root cortex	0.98666	0.48968792	1.7659028
CAATACGGTTGTGTTG	Lateral root cap	0.938573	9.253427	7.178446
CAATACGTCAACACCA	Lateral root cap	0.896711	8.733162	6.9789605
CAATACGTCCGTGTCT	Lateral root cap	0.958961	10.812705	10.1771965
CAATCGAAGCATGATA	Root cap	0.977377	9.098138	1.3231267
CAATCGAAGCTACAAA	Xylem	0.458574	-4.4918227	2.2977068
CAATCGAAGGAACATT	Lateral root cap	0.90668	8.817224	8.369727
CAATCGAAGGTAGACC	Root cortex	0.552749	1.3900228	-0.54529303
CAATCGAAGGTCGTGA	Unknow	0.988182	3.0024583	4.8349905
CAATCGACAGGCCCTA	Root cortex	0.980897	-1.8061548	0.3537955
CAATCGAGTAACTGCT	S phase	0.989658	6.3981304	0.9937899
CAATCGAGTATACCTG	Lateral root cap	0.963354	9.846133	7.3909373
CAATCGAGTGCCCGTA	Lateral root cap	0.982702	14.121131	10.474532
CAATGACAGGGCCTCT	Root cortex	0.948466	-2.5842156	1.3949668
CAATGACCAACCGCTG	Lateral root cap	0.991263	14.834227	9.595992
CAATGACGTACGGTTT	Root endodermis	0.891754	-1.1235003	4.7174644
CAATGACTCCATGCAA	Root cortex	0.9879	-0.92397624	1.8917397
CAATTTCAGCAACTTC	Root endodermis	0.898537	-2.2894027	4.843091
CAATTTCAGCTAAGTA	Root cap	0.678836	7.227231	0.4944329
CAATTTCAGTGGTTAA	Lateral root cap	0.971289	10.978137	10.264514
CAATTTCGTACTCGTA	Lateral root cap	0.678361	10.995825	4.981872
CAATTTCGTCTATGAC	Root cap	0.849603	11.086459	3.2770238
CAATTTCTCCCAAGCG	Lateral root cap	0.984601	11.102579	9.300122
CAATTTCTCGGTTAGT	Columella root cap	0.730521	7.0341763	5.2781067
CAATTTCTCTGTTGGA	Unknow	0.452732	2.3427815	7.067638
CACAACAAGACGAAGA	Lateral root cap	0.929346	10.546403	9.06614
CACAACAAGCACGGAT	Xylem	0.91293	-2.1585507	7.350089
CACAACAAGCGCTGAA	Lateral root cap	0.968002	10.795744	7.8938694
CACAACAAGCGGTAAC	Root cortex	0.929214	1.6209089	0.8170652
CACAACAAGCTCCACG	Lateral root cap	0.654462	7.7777014	7.581888
CACAACACAGATACTC	G1/G0 phase	0.551431	1.0321583	-2.369594
CACAACAGTAGTCCTA	Root cap	0.906519	9.961794	3.4677806
CACAACATCACTCTTA	Unknow	0.582195	1.3988501	5.3076143
CACAACATCCGACAGC	Root cap	0.878418	10.664019	3.6507869
CACACAAAGAAATCCA	Root cortex	0.971547	-2.36772	0.513348
CACACAAAGCGAATGC	Root stele	0.882904	-0.545068	7.363318
CACACAAAGTTACGTC	Non-hair	0.620143	2.6560602	0.026251648
CACACAACAACCGATT	Root endodermis	0.716986	-0.23744452	5.7743487
CACACAACACAATTCG	Unknow	0.980204	3.2244878	4.397939
CACACAACAGGTTACT	Root cortex	0.953479	0.7761189	2.4711053
CACACAATCACCATGA	Xylem	0.457422	-3.7631457	4.7578664
CACACAATCATAAGGA	Root cortex	0.991225	-0.5430689	1.7909979
CACACAATCGCTGACG	Root cortex	0.924666	0.8551312	-0.5437726
CACAGATAGAATCCCT	Lateral root cap	0.98035	11.063966	10.11909
CACAGATAGTAATTGG	Root endodermis	0.824883	-1.6991979	5.9787884
CACAGATCAAATACGA	Lateral root cap	0.922525	11.149308	6.875264
CACAGATGTGGCATCC	Root stele	0.886306	1.8050938	8.467403
CACAGATGTGTCCACG	Lateral root cap	0.895315	11.557103	6.2876873
CACAGATTCCACGTGG	Root cap	0.903164	8.083165	1.0458688
CACAGGCAGAGATGCC	Root cortex	0.979285	-0.5852946	1.4975332
CACAGGCAGCCTCACG	Root cortex	0.774841	1.3965535	-1.6179622
CACAGGCAGCGTATGG	Xylem	0.508544	-3.8877058	4.296192
CACAGGCAGTTTCGAC	Non-hair	0.715298	2.0505567	0.9647195
CACAGGCCACAACGTT	Lateral root cap	0.978269	12.447644	9.49495
CACAGGCGTTCAGCGC	Root cap	0.572467	8.761451	3.4659765
CACAGGCTCAAGGTGG	Lateral root cap	0.973567	9.907027	8.936301
CACAGGCTCGTGTGGC	Non-hair	0.879931	4.6071806	-0.046704702
CACAGGCTCTACTTCA	Root hair	0.984232	3.4215841	-2.9235766
CACAGGCTCTTAAGGC	Unknow	0.921579	6.0933614	6.6474147
CACATGACACAATCTG	Root cap	0.930801	9.467497	3.3383636
CACATGACACTATCCC	Unknow	0.581249	7.244298	5.250793
CACATGAGTCCCGTGA	Root cortex	0.977044	-0.18453732	-0.007998298
CACCAAAAGCTCTTCC	Lateral root cap	0.984758	11.263815	9.066154
CACCAAACAAGTTGGG	Root cortex	0.371292	2.885315	1.1484534
CACCAAAGTAGCGCTC	Lateral root cap	0.625873	8.773113	7.8405375
CACCAAATCATAGGCT	Root cortex	0.424052	-4.4215603	2.0031092
CACCAAATCCGATGTA	Root stele	0.975022	0.6175999	7.9718523
CACCAAATCGATTGGT	S phase	0.988216	6.5280123	0.3574504
CACCGTTAGAGCTGCA	Root cap	0.555459	9.56797	4.6205506
CACCGTTCAGCACGAA	Root cortex	0.976674	-2.3277915	0.34136212
CACCGTTGTACGGATG	Columella root cap	0.635358	6.791005	5.6440988
CACCGTTGTTGACTAC	Root cortex	0.868328	-3.2052739	2.3490775
CACCGTTTCCGTAATG	Lateral root cap	0.969109	10.184811	8.922071
CACGAATAGGTTCCAT	Lateral root cap	0.510953	12.049106	5.0198264
CACGAATAGTATGACA	Root cortex	0.805256	0.58645153	-1.9013159
CACGAATCAAGTGATA	Root endodermis	0.938705	-2.4957795	5.464523
CACGAATGTCTCCCTA	Unknow	0.938938	5.946709	6.552613
CACGAATTCTACGGGC	Root cortex	0.50081	2.356668	0.09864391
CACGAATTCTCCGCAT	Root cap	0.536434	10.84928	4.8003187
CACGGGTGTTATAGCC	Root stele	0.939656	0.32016093	6.904808
CACGGGTGTTGTTTGG	Lateral root cap	0.990071	11.010251	8.927085
CACGTGGAGGACGCAT	Root cortex	0.983084	0.43382505	1.5006173
CACGTGGAGGTCTACT	Root cortex	0.910535	-3.3449695	1.335606
CACGTGGAGTCGCCAC	Root cortex	0.430421	1.3926016	4.348232
CACGTGGCAACACAGG	Unknow	0.691999	1.5113488	4.9038963
CACGTGGCACAAAGCG	Lateral root cap	0.987631	11.437953	9.074228
CACGTGGCAGGGAATC	Lateral root cap	0.781282	10.101768	9.5559635
CACGTGGGTACACGCC	Lateral root cap	0.923623	10.227737	9.106885
CACGTGGTCAGAGTGG	Root cortex	0.985812	-1.3440388	1.1614497
CACGTGGTCCGGTAAT	Lateral root cap	0.990504	14.484004	9.315898
CACGTGGTCTAGTGAC	Lateral root cap	0.861736	8.25077	7.40546
CACGTTCAGAATCTAG	Non-hair	0.491454	3.3946931	1.8999798
CACGTTCCAATTGAAG	Root cortex	0.984969	-1.2466803	1.2438766
CACGTTCCAGCTACAT	Lateral root cap	0.988894	14.29825	9.673127
CACGTTCCAGGGTCTC	Root endodermis	0.896324	-2.4778738	5.7585964
CACGTTCGTACGTAGG	Root hair	0.968726	2.7469633	-3.3211877
CACGTTCGTATGAAGT	Lateral root cap	0.650373	8.434223	5.6605706
CACGTTCTCAAGCCGC	Lateral root cap	0.831007	8.976987	6.4889827
CACTAAGAGTGGTTCT	Root cortex	0.772885	0.9717486	-0.5670072
CACTAAGCAATTGGTC	Lateral root cap	0.984063	11.970908	9.317705
CACTAAGCATTGACCA	Lateral root cap	0.693122	8.893774	5.399563
CACTAAGGTCCTGAAT	Non-hair	0.297478	3.3014731	2.2836127
CACTAAGGTGGCACTC	Lateral root cap	0.888947	8.930302	6.48862
CACTAAGTCATAGGCT	Lateral root cap	0.453813	7.842831	5.230887
CACTAAGTCGTTTACT	Root cap	0.849973	10.300535	3.868164
CACTAAGTCTACGCAA	Root cortex	0.700399	-0.81479067	3.7657812
CACTGAAAGACATCAA	Non-hair	0.38257	9.701683	3.627954
CACTGAAAGACCAAGC	Root hair	0.845612	2.2115273	-3.506758
CACTGAAAGAGTTGTA	Unknow	0.503418	5.96973	3.6760154
CACTGAAAGGGCAGTT	Root endodermis	0.762256	0.33010405	5.9202657
CACTGAACAAATGATG	Root cortex	0.655681	1.8892522	1.39715
CACTGAACATGGAACG	Root endodermis	0.66534	-3.3216019	4.995504
CACTGAAGTTGGACCC	Lateral root cap	0.936196	11.399446	6.0073614
CACTGAATCGAACGCC	Root cap	0.903467	9.923408	2.9018502
CACTGAATCTAAGAAG	Root stele	0.637366	-1.347806	7.6448474
CACTGGGAGGAGATAG	Lateral root cap	0.953816	9.848402	6.759398
CACTGGGCACAGTCGC	Root cortex	0.991308	-0.47597688	2.2199175
CACTGGGCACCGTCGA	Root stele	0.942218	-0.65245575	8.227527
CACTGGGCACGGGTAA	Lateral root cap	0.978318	13.068189	9.732555
CACTGGGGTACTGTTG	Root cortex	0.987753	0.36768135	1.3256592
CACTGGGTCTTCGACC	Root stele	0.969959	0.44468686	7.3212676
CACTGGGTCTTCGTAT	Unknow	0.611847	6.9621716	6.5002413
CACTGTCAGGAAGAAC	Xylem	0.524933	-3.599553	4.219101
CACTGTCGTGCTCTTC	Lateral root cap	0.961828	10.251682	6.5163574
CACTGTCTCCACGTGG	Lateral root cap	0.644063	10.707328	5.0274606
CACTTCGAGGATTCCT	Lateral root cap	0.930868	10.997282	6.3250036
CACTTCGGTCAAGTTC	Lateral root cap	0.97905	11.051628	9.597662
CACTTCGTCTACCCAC	Non-hair	0.600701	9.639158	3.5727806
CACTTCGTCTGCACCT	Lateral root cap	0.974106	11.031747	9.899269
CAGAGCCCAGCTTCCT	Root stele	0.933084	0.7772147	7.130019
CAGAGCCGTGGCTACC	Root cortex	0.761065	-4.2385917	1.3464289
CAGAGCCTCAGAGTGG	Unknow	0.847117	5.225968	3.94933
CAGAGCCTCTACTTCA	Lateral root cap	0.982743	13.32799	10.151524
CAGATACAGAATACAC	Lateral root cap	0.963516	9.435852	8.454584
CAGATACCAAGAGAGA	Lateral root cap	0.986379	13.739574	10.092102
CAGATACCAAGTGATA	Xylem	0.299375	-3.3361685	4.7146726
CAGATACCACGACGAA	Lateral root cap	0.780865	9.359571	5.3944683
CAGATACCACGGCACT	Lateral root cap	0.985424	14.281251	10.190735
CAGATACCACTCTCGT	Unknow	0.976747	3.1202202	6.285667
CAGATACGTAACATAG	Root endodermis	0.634642	1.2299557	5.8486934
CAGATACTCCGTAATG	Lateral root cap	0.983556	12.066079	8.100373
CAGATCAAGAAGGTAG	Root cortex	0.9601	-2.7831402	0.7137273
CAGATCAAGAAGTCCG	Root cap	0.599553	8.324732	2.8696187
CAGATCAAGCGTGTCC	Root stele	0.712931	0.001927495	6.310644
CAGATCACAACGGCTC	Root stele	0.912269	0.32949612	6.7234516
CAGATCACACCAGCGT	Lateral root cap	0.918202	8.740054	8.049561
CAGATCACACTTGACA	Lateral root cap	0.980214	12.936427	10.683445
CAGATCATCATGCAGT	Non-hair	0.797717	2.5030606	-0.65243226
CAGATCATCCGATAGT	Root stele	0.959211	1.0385128	8.575793
CAGATCATCGTCCATC	Root stele	0.966553	0.021990847	8.977467
CAGATCATCTTAGCTT	Lateral root cap	0.981783	13.978646	10.168966
CAGATCATCTTTCCGG	Unknow	0.783585	2.7538557	6.8256407
CAGATTGAGCTTCATG	Root cortex	0.973532	-0.33770156	3.0113008
CAGATTGAGTATAACG	Root cortex	0.750453	1.3303396	-0.7712696
CAGATTGGTTATCTTC	Root endodermis	0.90755	-2.1745102	4.93689
CAGCAATAGAAGCCTG	Unknow	0.968626	3.040435	4.6628532
CAGCAATAGCGTGAAC	Non-hair	0.392849	3.1318197	2.3979373
CAGCAATAGGATATAC	Columella root cap	0.816744	7.522694	4.870401
CAGCAATCATAGCACT	Root stele	0.938175	0.95349514	9.557347
CAGCAATCATTGTGCA	Lateral root cap	0.895584	9.684897	7.2120614
CAGCAATGTCTGTTAG	Xylem	0.396147	-3.3738346	3.6865568
CAGCAATGTTACCTGA	Root stele	0.975564	0.021272639	9.121163
CAGCAATTCCCTCGAT	Lateral root cap	0.960659	11.831378	8.678766
CAGCAATTCGCATGAT	Lateral root cap	0.949531	9.7999115	6.865615
CAGCACGAGGTAGTAT	Lateral root cap	0.961171	9.8745575	6.8070717
CAGCACGGTCACAGTT	Lateral root cap	0.957126	10.761359	7.8853617
CAGCACGTCCAGGACC	Root hair	0.975444	3.1639056	-3.210694
CAGCACGTCCTGGTCT	S phase	0.985666	6.3966413	2.157108
CAGCACGTCGGCTTGG	Root cap	0.988961	9.243562	1.4941248
CAGCAGCAGGTCTTTG	Root stele	0.955617	0.7578848	8.155303
CAGCAGCCACATATCG	Root cap	0.979666	9.920257	1.6362051
CAGCAGCTCTCGTCGT	S phase	0.779131	6.833437	0.2779559
CAGCCAGCATCGCTCT	Root stele	0.726837	-0.26110813	7.0323014
CAGCCAGGTCATCTAG	Unknow	0.467098	1.6807966	5.777234
CAGCCAGGTCGTGCCA	Unknow	0.56049	1.9465567	5.9175158
CAGCCAGGTCTTGTCC	Root cortex	0.966555	-1.3426064	2.4291303
CAGCCAGTCCGTCACT	Root cap	0.989361	9.462561	1.3938532
CAGCCAGTCCTAGCGG	Root cap	0.836556	10.225396	3.7852945
CAGCCAGTCGCCTTGT	Root stele	0.936936	-0.08621426	9.297833
CAGCCAGTCGCGGACT	Root cortex	0.735806	-3.9963746	2.1450467
CAGCCAGTCGCGTTTC	Root stele	0.978622	-0.04399965	8.964332
CAGCGTGAGACATATG	Unknow	0.707327	3.0496516	6.1024942
CAGCGTGAGGAATGTT	Root cap	0.974134	9.0238905	2.1259644
CAGCGTGAGGTTGCCC	Non-hair	0.946961	4.3078504	0.20580067
CAGCGTGGTGCCGTAC	S phase	0.995477	6.3099656	1.6730897
CAGCGTGTCAGCATTG	Root hair	0.517776	1.44673	-2.1887074
CAGCGTGTCATGCGGC	Unknow	0.900731	6.2075386	6.1901693
CAGCGTGTCTCCCTAG	Unknow	0.961827	4.9946256	4.656669
CAGGCCAAGCGTGCTC	Root cortex	0.513059	0.7111231	-2.2022498
CAGGCCAAGTGGCGAT	S phase	0.76867	6.4599724	-0.68969315
CAGGCCACACAGTGTT	Xylem	0.955339	-3.4460301	6.5638847
CAGGCCACACGCGTGT	Lateral root cap	0.929637	10.460616	7.600074
CAGGCCACATAAGCGG	Root cortex	0.981253	-2.2414887	1.0315862
CAGGCCACATCCCACT	Xylem	0.989324	-3.5848615	6.628542
CAGGCCACATCCGGCA	Root hair	0.549493	2.0721235	-1.5700711
CAGGCCAGTTAAACAG	Root cortex	0.913621	0.92793626	0.5899211
CAGGCCAGTTAGCGGA	Lateral root cap	0.88403	9.74621	5.8789463
CAGGGCTCAAACACGG	Lateral root cap	0.979419	11.389402	10.339306
CAGGGCTCACGGTGAA	Root cortex	0.423617	-2.882922	3.6494317
CAGGGCTCACTAGGCC	Root cortex	0.934919	0.1457004	-0.6113625
CAGGGCTGTCTACACA	Root cortex	0.898179	-3.323752	1.6889842
CAGGGCTGTGGTCTCG	Lateral root cap	0.980516	11.440352	8.099027
CAGGTATCAACCAATC	Non-hair	0.820815	6.074276	0.20913383
CAGGTATCATTCTCTA	Lateral root cap	0.967308	11.490504	8.483884
CAGGTATGTCAACCTA	Unknow	0.484037	6.7539363	2.9178681
CAGGTATTCTGCGGGT	Lateral root cap	0.532216	7.9911966	6.6047134
CAGTGCGAGTGGCCTC	Columella root cap	0.552401	7.4301524	4.81164
CAGTGCGCAATCTCGA	Lateral root cap	0.432544	9.280234	4.053815
CAGTGCGCAGTAGATA	Unknow	0.669161	2.3698459	5.847041
CAGTGCGGTAGCTAAA	Lateral root cap	0.911062	9.4579525	6.3620887
CAGTGCGTCTCACGAA	Root endodermis	0.797378	-2.6861825	5.6092734
CAGTTAGAGCTATCCA	Unknow	0.643237	6.6747108	6.5289583
CAGTTAGCACACTTAG	Lateral root cap	0.987611	14.138353	10.421724
CAGTTAGCACAGCTTA	Root cortex	0.738276	-3.1729717	2.289668
CAGTTAGCAGCTGTGC	Root cortex	0.97023	-1.5507531	-0.41064185
CAGTTAGCATGAATCC	Root cap	0.916943	11.238425	3.1352654
CAGTTCCAGTGCACAG	Lateral root cap	0.738433	11.087069	5.4010715
CAGTTCCGTGTCGATT	Non-hair	0.792353	3.229791	1.6997917
CAGTTCCTCAAATGCC	Root stele	0.857592	1.3750398	7.284192
CAGTTCCTCCGTGTAA	Lateral root cap	0.704728	8.053294	6.0256004
CAGTTCCTCGAGAGAC	Lateral root cap	0.432753	7.9188104	6.454687
CAGTTCCTCTCCTGAC	Root cortex	0.935565	1.0047079	0.48216733
CAGTTCCTCTGCGGCA	Root cap	0.93877	11.404088	3.3343308
CATAAGCAGAGCATAT	Lateral root cap	0.549272	9.583506	4.754328
CATAAGCCATGGACAG	Unknow	0.922912	3.5005596	4.847074
CATAAGCGTCGATGCC	Root cortex	0.970254	0.53191054	-0.8778964
CATAAGCGTTCGTACA	Root cortex	0.536173	1.6038219	0.65511745
CATAAGCTCCAGTTCC	Lateral root cap	0.988874	14.030308	10.334787
CATAAGCTCCGCCTAT	Unknow	0.856795	2.7970688	6.6412697
CATAAGCTCTAATTCC	Unknow	0.616917	5.601022	3.4589524
CATACAGAGTGCACCC	Root hair	0.986199	3.4917367	-2.7056928
CATACAGCAATGGGTG	Root cortex	0.853947	-3.9391646	1.155714
CATACAGCACCGCTAG	Root endodermis	0.325982	-2.7929268	3.9980085
CATACAGCACGTCGTG	Lateral root cap	0.981534	12.970459	10.404602
CATACAGCAGCCGTCA	Unknow	0.290403	7.2727985	5.1386933
CATACAGGTACCGCGT	Lateral root cap	0.989816	13.874258	10.119585
CATACAGGTCCAGAAG	Root hair	0.985869	3.6306748	-2.3254552
CATACAGGTCGCATTA	Root stele	0.889673	1.512076	8.165128
CATACAGTCGTGCTCT	Xylem	0.329686	-3.5964642	4.601784
CATACCCAGACAGCTG	Root cap	0.837198	9.248431	3.8914678
CATACCCAGAGCAACC	Lateral root cap	0.981712	13.602421	10.032202
CATACCCAGGGTACAC	Lateral root cap	0.910686	11.126491	5.845599
CATACCCAGTTGTACC	S phase	0.990473	6.1949253	2.1952245
CATACCCCAAAGTATG	Unknow	0.358707	6.7685046	5.8008947
CATACCCCACGGTAGA	Root cortex	0.777812	2.6293614	1.2451644
CATACCCCAGTCAGCC	Non-hair	0.826424	2.1988046	1.0917686
CATACCCTCTTCGTAT	Root stele	0.97971	0.4903371	8.528299
CATACTTCAATAGAGT	Root endodermis	0.922816	1.4045248	5.8901386
CATACTTCAGAGGTTG	Root cortex	0.288692	-4.4892306	2.3058329
CATACTTCAGGAGGTT	Lateral root cap	0.98652	11.591986	8.81383
CATACTTCATCCTATT	Root cortex	0.467112	3.1437852	2.0634382
CATACTTGTCCTCCTA	Lateral root cap	0.981332	11.115843	10.111484
CATACTTGTGAGAACC	Lateral root cap	0.426873	7.7526975	5.7427807
CATACTTTCCGATCTC	Root stele	0.935859	1.3062433	8.418467
CATACTTTCTCTGAGA	Root cap	0.963146	10.075674	2.7641368
CATAGACAGGCTGAAC	Root cap	0.87027	10.3177595	3.4882953
CATAGACAGGGAGGAC	Non-hair	0.973972	3.5515177	0.44664934
CATAGACAGTCGTTAC	Unknow	0.873321	6.2692146	6.073597
CATAGACCAGCATTGT	Non-hair	0.473987	4.0498114	4.183244
CATAGACCAGGCACTC	Root cortex	0.975903	0.27364063	-1.0128354
CATAGACCATGAGATA	Root cortex	0.487871	2.8237798	2.0705092
CATAGACGTCCACGCA	Root stele	0.981261	-0.12289415	7.911545
CATAGACGTGAGTTGG	Lateral root cap	0.842051	8.469609	7.204552
CATAGACGTGTCCACG	Root cortex	0.97016	-0.001854888	0.19870229
CATAGACGTTGTGGAG	Root cortex	0.882814	0.29036093	3.0582666
CATAGACTCACAAGGG	Columella root cap	0.669675	7.097838	4.8826265
CATAGACTCTCCAATT	Lateral root cap	0.95624	9.196468	8.794328
CATCAAGAGCTCGAAG	Root cortex	0.964388	-2.9046075	0.84001374
CATCAAGAGGATTCCT	Lateral root cap	0.987727	13.869769	8.870199
CATCAAGCAAGTCCAT	Non-hair	0.937001	3.7272525	0.66279006
CATCAAGCAGAGACTG	Lateral root cap	0.942052	12.690908	11.359983
CATCAAGCATAATCCG	Root stele	0.739684	-0.59410024	6.6992407
CATCAAGCATCGTGGC	Lateral root cap	0.979961	10.700802	9.27163
CATCAAGGTTCCTAGA	Root stele	0.869063	1.480652	8.156054
CATCAAGTCCACCTCA	Lateral root cap	0.92074	10.358669	6.1574025
CATCCACAGGCCTTGC	Columella root cap	0.704847	6.4986258	5.276738
CATCCACAGTAACCTC	Root stele	0.980708	-0.1186541	8.9166355
CATCCACAGTGTGTTC	Lateral root cap	0.980547	13.327272	10.732526
CATCCACCACACACTA	Root cap	0.704557	9.534363	3.7161536
CATCCACCACTGAGGA	Lateral root cap	0.98834	13.310691	8.1271715
CATCCACGTAACAAGT	Root cortex	0.967439	-2.834977	1.4850183
CATCCACGTAATCAAG	Root cap	0.421135	8.843348	4.4286556
CATCCACGTGTATACC	Root cortex	0.748566	-0.07074251	4.4971857
CATCCACTCCGATGCG	Root cap	0.765381	10.141951	3.0013857
CATCCCAAGCGACATG	Root cap	0.661486	10.490345	4.489649
CATCCCAAGGCTATCT	Root hair	0.991224	3.5529876	-2.490597
CATCCCACAGACCTGC	S phase	0.945531	6.6813927	-0.24989344
CATCCCAGTAGAGGAA	Lateral root cap	0.985651	12.289017	8.744951
CATCCCAGTTAGAGTA	Lateral root cap	0.834136	3.4765222	3.7711167
CATCCCATCACTCACC	Root hair	0.474187	6.1664143	-0.40993634
CATCCCATCCCGAACG	Root cap	0.899306	10.478072	2.7744517
CATCCCATCCCGAGTG	Lateral root cap	0.959061	10.806046	10.1855345
CATCCGTAGACGTCCC	Lateral root cap	0.874125	11.913711	5.659534
CATCCGTAGGCCGCTT	Lateral root cap	0.985701	13.661968	9.431003
CATCCGTAGTGACCTT	Lateral root cap	0.974772	11.739086	9.833667
CATCCGTAGTGAGTGC	Unknow	0.946658	4.983413	4.766843
CATCCGTCACGCGGTT	Root cortex	0.972177	0.71122813	-1.2044793
CATCCGTTCTCCCATG	Lateral root cap	0.977654	11.0374775	9.964163
CATCGCTAGGAAGTAG	Root cortex	0.95088	-2.909557	1.8990238
CATCGCTAGTTGTAAG	Lateral root cap	0.882135	11.888153	5.7443953
CATCGCTCATACCAGT	Non-hair	0.772058	3.1325405	1.3480296
CATCGCTGTCATCGCG	Lateral root cap	0.590936	11.323396	5.289788
CATCGCTGTTTCGACA	Lateral root cap	0.917867	10.911959	6.7566233
CATCGCTTCGTAATGC	Root cortex	0.910706	1.0771319	3.5932045
CATCGGGAGATACTGA	Root stele	0.752404	0.4359743	6.715189
CATCGGGAGGGTGAGG	Root cortex	0.965713	0.6862274	1.2358389
CATCGGGAGTGCTAGG	Lateral root cap	0.982311	12.658707	7.855311
CATCGGGCATGACTTG	Root endodermis	0.722799	0.6354676	6.2062473
CATCGGGCATGCAGCC	Unknow	0.73543	2.5740676	4.936656
CATCGGGGTCGGAACA	Lateral root cap	0.986746	11.11142	9.413809
CATCGGGTCAAATAGG	Lateral root cap	0.982354	11.658258	8.346237
CATCGTCAGATGGTAT	Lateral root cap	0.988051	14.99752	9.883228
CATCGTCCATGGCTGC	Columella root cap	0.871632	6.6433363	5.361208
CATCGTCGTACTAAGA	Root stele	0.926972	1.0782523	8.528974
CATCGTCGTGAGACGT	Root cortex	0.962213	-2.8950987	0.9665047
CATCGTCTCAACGCTA	Lateral root cap	0.978918	12.025664	9.637491
CATGAGTAGGAAAGAC	Non-hair	0.778517	2.2048979	0.39457816
CATGAGTAGGATGAGA	Lateral root cap	0.904635	10.418455	6.9516487
CATGAGTAGTGGTTCT	Lateral root cap	0.768152	9.629941	6.6567492
CATGAGTCATTGCCGG	Unknow	0.91118	1.9064108	6.2280073
CATGAGTTCACCTCTG	Lateral root cap	0.90999	9.265575	6.445909
CATGAGTTCGTAACCA	Unknow	0.697202	2.701962	3.8020303
CATGAGTTCTCATAGG	Root stele	0.971647	-0.03708442	9.000525
CATGCAAAGAGATCGC	Lateral root cap	0.986314	11.591889	8.788691
CATGCAAAGATGTTAG	Root endodermis	0.6327	-0.17457372	4.9221606
CATGCAAAGTTGAATG	Root cortex	0.988318	-0.9532688	2.1695971
CATGCAACACCTCAGG	Lateral root cap	0.81047	3.619042	3.3415794
CATGCAATCCCGTGAG	Lateral root cap	0.987044	15.6729	9.649785
CATGCCTAGCAGCCTC	Lateral root cap	0.984422	12.2097435	8.258891
CATGCCTAGGCATGCA	Root stele	0.983772	-0.03012851	9.084328
CATGCCTCATACCAGT	Columella root cap	0.893805	7.5955276	4.4628086
CATGCCTGTGCATTTG	Unknow	0.986458	3.1184819	5.098423
CATGCCTTCACCCTCA	Root cap	0.351162	8.377639	4.063079
CATGCCTTCCCATACC	Lateral root cap	0.98742	13.72315	10.417204
CATGCGGAGCGGTATG	Lateral root cap	0.613156	9.695589	4.3307257
CATGCGGAGGTCACTT	Unknow	0.857867	6.093894	5.94085
CATGCGGCATGACTCA	Lateral root cap	0.975715	13.047932	10.529406
CATGCGGTCACAATGC	Root cortex	0.981312	-1.7888645	1.3913552
CATGCGGTCAGGAAAT	Root cortex	0.494527	-3.9626348	2.3478882
CATGCGGTCGGTCTGG	Root cortex	0.978048	-1.3461783	2.080257
CATGCTCAGTACAGAT	Lateral root cap	0.988172	14.36875	9.058301
CATGCTCAGTTGCGCC	Lateral root cap	0.832842	3.7537508	3.0751722
CATGCTCCAAGGTCTT	Lateral root cap	0.988744	12.524959	8.745443
CATGCTCGTAGCTGCC	Lateral root cap	0.579561	8.091658	5.701278
CATGCTCGTCCTACGG	Lateral root cap	0.98924	14.310715	9.537675
CATGCTCTCAAGAGTA	Root cortex	0.792062	0.47862148	4.709513
CATGCTCTCCCAACTC	Lateral root cap	0.988317	13.5764265	9.64671
CATGCTCTCGGTGAAG	G1/G0 phase	0.341812	1.4752291	-2.4547684
CATGGATAGGACATCG	Root endodermis	0.241662	-3.0354042	4.3294864
CATGGATCACTGGCGT	Lateral root cap	0.83786	10.419793	5.46212
CATGGATGTTCGGGTC	Root hair	0.500379	1.3583192	-2.4449553
CATGGATTCCCGGTAG	Root stele	0.961006	0.7036918	7.2588997
CATGGTAAGGCTTAAA	Unknow	0.627976	2.2811117	6.742193
CATGGTACAACACTAC	Root cap	0.977032	11.092475	2.708527
CATGGTACAACAGCCC	Root hair	0.910496	2.350752	-3.3197672
CATGGTACAAGCCCAC	Root stele	0.950187	1.4285351	7.962267
CATGGTACAAGCGCTC	Root cortex	0.962685	-1.2642126	2.6964476
CATTCATAGACCATGG	S phase	0.988762	6.707295	0.9249065
CATTCATAGGAGTATT	Root hair	0.951732	2.4337335	-3.1772432
CATTCATAGTATGGAT	Root cap	0.947691	10.09765	2.2562623
CATTCATCAGTTAAAG	Root cortex	0.95797	-0.9601594	0.43129092
CATTCATCATTCTCTA	Lateral root cap	0.96056	12.266549	7.375666
CATTCATTCCTCAGAA	Xylem	0.977847	-2.9384964	6.74767
CATTCCGAGCCGTAAG	Root cortex	0.907151	0.039503265	-1.4065132
CATTCCGGTCACAATC	Non-hair	0.981743	2.6283052	1.1404501
CATTCTACAACAGAGC	Root stele	0.774956	-0.04386333	6.540704
CATTCTACAACGTAAA	Lateral root cap	0.45914	3.4935791	2.3108554
CATTCTACACTTGGGC	Root stele	0.971884	-0.20087862	9.205409
CATTCTACATCTCAAG	Lateral root cap	0.87004	11.563619	5.506736
CATTCTAGTATGTCCA	Columella root cap	0.624179	7.941658	4.647289
CATTCTAGTTGGAGGT	S phase	0.880142	6.7010674	0.24753667
CATTCTATCCAACCGG	Lateral root cap	0.922468	4.299057	3.0402937
CATTGAGAGCTGAAAT	Lateral root cap	0.883684	10.797785	5.6235332
CATTGAGAGTCTGCAT	S phase	0.995288	6.517527	1.2489163
CATTGAGTCATTCATC	Non-hair	0.953354	3.1682386	0.36411265
CATTGAGTCCACCTGT	Root stele	0.975046	-0.13640572	8.178118
CATTGAGTCTCCCAAC	Xylem	0.434247	-3.8716452	4.268579
CATTGAGTCTTGCAGA	Lateral root cap	0.724281	8.694742	5.414744
CATTGCCAGTCACAGG	Lateral root cap	0.974782	11.390238	7.3915663
CATTGCCCAACCAGAG	Columella root cap	0.581381	7.89972	4.198357
CATTGCCGTTACACTG	Root hair	0.980601	3.3222296	-2.7800698
CATTGCCTCACTGCTC	Non-hair	0.580722	2.2882302	2.2094226
CATTGCCTCGGTAGAG	Root cortex	0.978335	-2.3105595	0.26609126
CATTGCCTCTACCACC	Root stele	0.903269	1.7417665	7.701848
CATTGCCTCTTACTGT	Root cortex	0.962821	-1.4075238	-0.36621097
CATTGTTAGCCGCTTG	Lateral root cap	0.879427	9.43945	6.6283216
CATTGTTAGTAGTCAA	Root cap	0.941982	8.639733	1.3848323
CATTGTTCAGCTATTG	Root endodermis	0.353358	-4.116666	2.7042847
CATTGTTCATCCGAAT	Root cortex	0.957741	-2.831644	1.2669517
CATTGTTGTATTTCTC	Root cortex	0.850496	-3.6993008	0.5709886
CATTGTTGTCGCAACC	Root cortex	0.988915	0.17063414	2.6573813
CATTGTTTCCGGACTG	Root cortex	0.815247	-4.209233	1.0929621
CATTGTTTCGGCTGAC	Root cortex	0.984366	-0.32590938	0.99276435
CATTGTTTCGTTCCTG	Root cap	0.931611	8.450251	1.8529752
CATTTCAAGGTAGCAC	Lateral root cap	0.950281	11.587458	6.3592305
CATTTCACAACAACAA	Root cortex	0.971971	-1.8829427	0.051778033
CATTTCACACAAGCAG	Root cortex	0.950765	0.8678049	-0.24390623
CATTTCATCGACATCA	Root stele	0.94126	-0.68819994	8.556101
CATTTCATCGGACAAG	Root hair	0.978221	3.0026803	-3.340681
CATTTCATCTCTGACC	Root cortex	0.906727	-0.7414657	3.1877842
CCAAGCGAGGTACCTT	Lateral root cap	0.960183	9.311715	8.301874
CCAAGCGCAAAGGTTA	Unknow	0.924192	5.1075144	4.154059
CCAAGCGCAGGCTTGC	Root cortex	0.697331	0.40583828	4.3513
CCAAGCGTCAAGAGTA	Non-hair	0.733777	2.9979372	1.4228287
CCAATGAAGACCAGCA	Root cap	0.606777	10.630767	3.6686997
CCAATGAAGTCCGCGT	Root cap	0.93023	10.202748	2.7261937
CCAATGACACACAGCC	Lateral root cap	0.721178	8.6175165	5.7065387
CCAATGACACTCATAG	Lateral root cap	0.986766	13.879896	9.8925295
CCAATGAGTGCAATAA	Lateral root cap	0.985859	11.641254	7.239587
CCAATTTAGGTAGCAC	Lateral root cap	0.976972	12.617242	10.495848
CCAATTTCACATATCG	Lateral root cap	0.791796	8.089068	7.6881037
CCAATTTCATCAGTGT	Root endodermis	0.463157	-2.5240834	3.968349
CCAATTTTCAAGCTGT	Root stele	0.601246	0.77353317	9.7238
CCAATTTTCATCTGTT	Root cortex	0.960361	-1.922898	-0.23833562
CCAATTTTCTTCACGC	Root cap	0.940998	10.702089	3.374343
CCACAAACATCCGTGG	Non-hair	0.987357	4.0267634	0.48180312
CCACAAATCCTATTGT	Root stele	0.927548	1.1498337	7.1702952
CCACAAATCGATTCCC	Lateral root cap	0.494753	9.193667	4.9226556
CCACACTAGGAAGTAG	Lateral root cap	0.498728	8.154811	4.963583
CCACACTAGTGGTTGG	Root cap	0.702977	8.947061	4.384827
CCACACTCAAAGCTCT	S phase	0.967309	6.6870036	-0.36074215
CCACCATCACACCTAA	Root cap	0.805322	10.442779	3.9909015
CCACCATGTGGTCCCA	Lateral root cap	0.983286	12.435227	8.568852
CCACCATGTTAGCTAC	Lateral root cap	0.758817	8.10134	6.261761
CCACCATTCTGAGAGG	Root cortex	0.978113	-0.7935725	0.8916361
CCACGAGAGGGTGAGG	Root cortex	0.947005	1.2925643	0.8703029
CCACGAGCAAGCGCTC	Root cortex	0.986578	-0.9986178	2.4100404
CCACGAGCACATGTTG	Lateral root cap	0.754893	12.070176	5.3535986
CCACGAGCATAGGTAA	Lateral root cap	0.902773	11.186991	6.6667385
CCACGAGGTCGGAACA	Root cortex	0.721532	-4.2465363	1.7065384
CCACGAGTCTAGACAC	Lateral root cap	0.593757	8.19271	5.495039
CCACGTTAGACTCAAA	Lateral root cap	0.689683	10.91759	5.593324
CCACGTTAGAGGTCGT	S phase	0.729299	6.3406544	-0.4061452
CCACGTTCAAGGGCAT	Unknow	0.915319	3.2253666	4.5751066
CCACGTTCACATTCTT	Unknow	0.66081	6.667928	6.6349034
CCACGTTCATAGGTTC	Lateral root cap	0.641911	7.953986	6.2427793
CCACGTTGTACGTGAG	Root cap	0.769168	9.123276	3.7658334
CCACTTGAGGTATCTC	Root stele	0.540706	-0.045336004	6.6139407
CCACTTGAGTAATCCC	Root cortex	0.991484	-0.5983231	1.6613233
CCACTTGGTAAGCTCT	Lateral root cap	0.983105	13.497986	9.289916
CCACTTGGTCACAATC	Root cortex	0.538265	1.4973563	-1.8811488
CCACTTGTCATTACGG	Lateral root cap	0.553085	11.726676	4.973005
CCACTTGTCGCTTGCT	Root cap	0.843167	10.748768	3.7989302
CCACTTGTCTCCGCAT	Root cortex	0.95421	-0.6796177	3.613669
CCATAAGAGAGGTTAT	Root cortex	0.957551	-2.9067917	0.9693884
CCATAAGAGCAACTCT	Unknow	0.824251	6.4413934	6.4529667
CCATAAGAGGTGTGAC	Root cortex	0.975713	-1.5719802	-0.37819827
CCATAAGAGTCCCAAT	Lateral root cap	0.976434	11.791568	8.673885
CCATAAGGTATGAGAT	Non-hair	0.420331	2.9871662	2.012501
CCATAAGGTGCCGAAA	Root cortex	0.988222	-1.0854275	1.3160686
CCATAAGTCCATACAG	Root cap	0.907923	11.418291	3.3078632
CCATCACAGTCCCGGT	Root cap	0.835279	9.140859	2.743652
CCATCACCATGGGATG	Non-hair	0.777966	2.7646976	0.85616034
CCATCACTCCTGATAG	Non-hair	0.975461	3.481871	0.32149026
CCATCACTCGAGAGCA	Root cortex	0.856764	0.84313476	-1.6718863
CCCAACTCATCTAGAC	Unknow	0.639096	6.5241437	6.625012
CCCAACTGTCCTCCTA	Lateral root cap	0.963723	10.77188	9.967788
CCCAACTGTTAAGCAA	Root cortex	0.982719	-1.349882	0.32290405
CCCAACTGTTCGGACC	Lateral root cap	0.989539	12.157729	9.478456
CCCAACTGTTCGGCGT	Unknow	0.921319	5.3738427	5.7733955
CCCAACTGTTTCTTAC	Lateral root cap	0.714325	11.456919	10.735483
CCCAACTTCGAACGCC	Non-hair	0.981089	3.835529	0.18539892
CCCAACTTCTTCGTGC	Lateral root cap	0.868874	11.349928	6.68528
CCCATTGAGGAGAATG	Lateral root cap	0.670476	8.756776	5.456254
CCCATTGAGGTTCTAC	Root cap	0.926832	10.80741	3.5735028
CCCATTGCAACTACGT	Lateral root cap	0.964487	4.664268	3.112133
CCCATTGCAAGCACAG	Lateral root cap	0.710271	11.807416	5.162224
CCCATTGCACCAAATC	Lateral root cap	0.628274	11.216724	5.0335946
CCCATTGCATGTGCCG	Unknow	0.455477	1.2345798	5.2572565
CCCATTGGTCTCTCAC	Root cortex	0.783922	1.7946621	1.2499526
CCCATTGGTTCAAACC	Root cortex	0.988898	-0.71764725	1.7290592
CCCGAAGAGAAGCGCT	Lateral root cap	0.975715	12.310911	8.507644
CCCGAAGAGAGTCCGA	Root cortex	0.583505	2.8204424	-0.23529229
CCCGAAGCAATTGCTG	Root cap	0.805207	9.7296095	3.33851
CCCGAAGCAGAAATCA	Root stele	0.946187	1.4459039	8.637682
CCCGAAGGTACTAAGA	Root cortex	0.989919	-0.809382	1.854549
CCCGAAGGTAGTGCGA	Root endodermis	0.396192	-3.4681172	4.950854
CCCGAAGTCGTGCAGC	Lateral root cap	0.969571	12.946672	11.127708
CCCGGAAAGAGGCGGA	Root cortex	0.79918	-3.151832	2.1513133
CCCGGAAAGCTCCATA	Lateral root cap	0.654549	7.9392605	7.2836747
CCCGGAACACCTCTAC	Root cortex	0.479783	2.5347407	1.6896745
CCCGGAACAGTGGTGA	Lateral root cap	0.569374	9.631961	4.3200145
CCCGGAACATCGGTTA	Non-hair	0.443164	6.191283	3.4373112
CCCGGAAGTATTGAGA	Lateral root cap	0.298058	7.45373	5.8917236
CCCGGAAGTCGTGATT	Root cortex	0.478193	2.7112682	1.930514
CCCGGAATCACACGAT	Root cap	0.814826	10.572108	3.146501
CCCGGAATCACCGCTT	Root hair	0.959469	2.4621093	-3.2914164
CCCGGAATCCCAAGCG	Lateral root cap	0.990001	14.808885	9.469606
CCCTAACAGCAAGTGC	Root cortex	0.979427	-0.34029114	-0.02691859
CCCTAACAGTGGCAGT	Lateral root cap	0.63932	7.3849225	7.0890102
CCCTAACGTCTGCCTT	Root cortex	0.981952	0.28472942	0.06313738
CCCTCAACACTACTTT	Root endodermis	0.969982	-2.126813	5.273433
CCCTCAACATCTGTTT	Non-hair	0.790934	2.0947363	-1.2977147
CCCTCAAGTGGAATGC	Non-hair	0.429428	8.410994	4.1164184
CCCTCAAGTTAAGGAT	Root stele	0.971781	-1.1018673	9.084622
CCCTCTCCAGACGGAT	Root cortex	0.914363	-3.6675472	1.0356172
CCCTGATAGAATAGTC	Root endodermis	0.327236	-1.7430446	6.1915197
CCCTGATAGCATGCGA	Lateral root cap	0.982833	11.604536	9.990732
CCCTGATAGGCGCTTC	Non-hair	0.911029	2.6302884	0.8492778
CCCTGATCACTCCCTA	Root stele	0.921652	0.562109	8.0317335
CCCTGATGTGTCCATA	Root endodermis	0.427785	-3.4003584	5.2594876
CCCTGATGTTGGTGTT	Unknow	0.668469	6.701365	6.8092246
CCCTGATTCGCACTCT	Root cortex	0.499776	2.0028522	-0.29935074
CCCTGATTCGCTTACC	Root cortex	0.732662	1.2862434	-0.49522603
CCCTGATTCTATTTCG	Unknow	0.809626	1.6925881	5.90171
CCCTTAGAGACCTCAT	Lateral root cap	0.846535	9.372203	6.817646
CCCTTAGCAGAACGCA	Root stele	0.85327	-1.3625016	7.9719877
CCCTTAGGTCTAGGCC	Columella root cap	0.367364	8.0774355	4.199518
CCCTTAGGTCTGCGCA	Root cortex	0.964024	-2.1671443	0.14527687
CCCTTAGTCGGTGTTA	Root cortex	0.971549	0.659504	1.1066272
CCGAACGAGAAATTGC	Root cap	0.765757	10.760151	3.8081145
CCGAACGAGTGCAGGT	Non-hair	0.742773	2.3303404	1.4289076
CCGAACGCAATCCTAG	Lateral root cap	0.570128	8.170368	5.716749
CCGAACGCATCTCCCA	Columella root cap	0.716864	7.136443	5.224284
CCGAACGTCGCACGGT	Lateral root cap	0.712905	8.32769	6.0946846
CCGATCTAGACCTCCG	Root hair	0.981515	2.7221153	-2.8306568
CCGATCTAGTTATGGA	Xylem	0.944242	-2.013394	7.3686075
CCGATCTCAATGGCAG	Root cap	0.513016	11.401322	4.889554
CCGATCTCACAGCCTG	Root cortex	0.99014	0.51403314	1.9275215
CCGATCTCACCTGTCT	Xylem	0.751456	-3.795448	5.962218
CCGATCTCAGACTCTA	Lateral root cap	0.987377	14.020203	10.39717
CCGATCTGTCTACAAC	Non-hair	0.721302	3.085457	-1.0752974
CCGATCTGTGGACTGA	Root cortex	0.886457	1.3166147	-0.8696938
CCGATCTGTGGGACAT	Root cortex	0.56026	-2.832921	2.9532988
CCGATCTGTTGGACTT	Lateral root cap	0.485848	7.9230657	5.653092
CCGATCTTCCCTCGTA	Unknow	0.502836	6.6159816	6.133204
CCGATGGAGGATGTTA	Root cap	0.619176	8.50937	4.2212267
CCGATGGCATAGAATG	Lateral root cap	0.89937	3.8478346	3.1766481
CCGATGGGTGACTCGC	Root cortex	0.963337	0.0201706	2.5569987
CCGCAAGAGGTCGTAG	Root cortex	0.922577	-2.9487555	1.1063371
CCGCAAGAGTAAGCAT	Root cortex	0.940727	0.8568097	-0.34430823
CCGCAAGCAAATGAGT	Lateral root cap	0.596557	8.678606	5.898296
CCGCAAGCAACCGTGC	Root cortex	0.982274	-0.3041201	1.543395
CCGCAAGGTGCCTTTC	Root cortex	0.968107	-2.6874146	0.85589725
CCGCAAGTCTCGGTAA	Root cap	0.88778	11.520952	3.6306574
CCGGACAAGACATCAA	Lateral root cap	0.620238	7.711866	5.7590814
CCGGACACACCAAAGG	Non-hair	0.879624	2.3769758	0.62053573
CCGGACAGTCGGTGTC	S phase	0.75977	6.4325333	-0.5533905
CCGGACAGTGCACGCT	Lateral root cap	0.920862	9.029378	8.262543
CCGGACATCACAGTGT	Lateral root cap	0.979016	13.422162	9.5698185
CCGGACATCACCTACC	Lateral root cap	0.494818	9.543756	4.9071174
CCGGACATCAGCACCG	Lateral root cap	0.384949	8.317542	4.496563
CCGGGTACACTTCCTG	Columella root cap	0.729179	7.266571	4.6649065
CCGGGTAGTCCTGTTC	Root endodermis	0.825032	-1.626209	6.0389047
CCGGGTAGTGAGCGAT	Unknow	0.972698	4.8398623	4.7389083
CCGGGTATCTCGCTCA	Root cortex	0.97453	-2.1366522	0.8019339
CCGGTAGCAGCCGTTG	Unknow	0.803915	1.5416104	5.503769
CCGGTAGGTACAAAGT	Lateral root cap	0.563199	11.445055	4.5908012
CCGGTAGGTCCAGCAC	Lateral root cap	0.937635	10.89926	7.313054
CCGGTAGGTTTACCTT	Columella root cap	0.330902	8.6164465	3.991579
CCGGTGAAGACCTCCG	Lateral root cap	0.984631	10.646686	9.23231
CCGGTGAAGCAAGTGC	Unknow	0.950458	3.1096518	4.5580297
CCGGTGACAAGTCCCG	Lateral root cap	0.946535	12.276481	11.036346
CCGGTGACAATGGCAG	Root endodermis	0.590917	-2.8328996	4.3293095
CCGGTGAGTTAGGGAC	Root stele	0.66281	-0.027197372	6.195479
CCGGTGATCCCGTGTT	Non-hair	0.990895	3.7446346	0.62887716
CCGTAGGAGAAAGTCT	Root endodermis	0.96215	-2.238756	5.1612873
CCGTAGGAGCGTGTCC	Root stele	0.979073	-0.3024628	8.86143
CCGTAGGAGCTGAGCA	Root cortex	0.949558	-3.3066251	0.94274145
CCGTAGGAGGCATTTC	Lateral root cap	0.978686	13.281489	10.777808
CCGTAGGCAAATCGGG	Root cortex	0.853849	-3.1638741	2.4230425
CCGTAGGCAGGTGACA	Root cortex	0.967509	0.019104294	3.5674055
CCGTAGGCATGAAGGC	Root cap	0.460785	8.681241	4.4056845
CCGTAGGGTTACGGAG	Lateral root cap	0.986148	13.964187	9.584629
CCGTAGGTCGACACCG	Non-hair	0.957562	3.600198	0.13434508
CCGTAGGTCGCCACTT	Root cortex	0.979623	0.3174567	1.0773486
CCGTGAGAGCATCCTA	S phase	0.918269	6.5042515	-0.6399108
CCGTGAGAGCGCGTTC	Root cortex	0.377584	-4.0196686	2.5627775
CCGTGAGCAACTGCTA	Lateral root cap	0.947398	12.150942	6.20067
CCGTGAGCAGGCTTGC	Lateral root cap	0.881509	10.624838	9.995859
CCGTGAGGTATTAAGG	Lateral root cap	0.967968	9.700422	7.427666
CCGTGAGGTGATGGCA	Lateral root cap	0.980748	13.249688	9.649777
CCGTGAGGTGGACAGT	Xylem	0.574683	-2.8533325	6.0251017
CCGTTCAAGAGCGACT	Root hair	0.975702	2.8019557	-3.2881305
CCGTTCAAGGTAGTAT	Root stele	0.924608	-0.15842837	9.304305
CCGTTCAAGTGCACCC	Columella root cap	0.949049	6.3281307	5.281547
CCGTTCACATCCCACT	Unknow	0.842443	2.0462766	4.1313777
CCGTTCACATTACGGT	S phase	0.581838	7.699396	0.9691529
CCGTTCAGTAGCACAG	Non-hair	0.874145	2.7698364	-1.0923991
CCGTTCAGTCCTGGTG	Unknow	0.255037	7.277761	2.8125074
CCGTTCAGTTGCGGAA	Root cortex	0.91222	1.175623	0.26043835
CCTAACCAGACTTGTC	Lateral root cap	0.728092	8.200118	7.3255353
CCTAACCAGATGTTGA	Root cortex	0.633648	1.1076331	-2.0631006
CCTAACCGTCACTGAT	Root cortex	0.967421	1.1728098	2.4042675
CCTAACCGTGTCACAT	Unknow	0.800164	6.2368174	5.896149
CCTAACCGTGTCATGT	Root hair	0.563736	6.193666	-0.89657867
CCTAACCGTTTCACAG	Root endodermis	0.8257	1.4504542	5.767367
CCTAACCTCAAGGTGG	Root cortex	0.966911	-2.185983	1.5754129
CCTAACCTCAAGTGGG	S phase	0.948671	6.6738935	1.979155
CCTAACCTCGGATTAC	Lateral root cap	0.975312	11.617622	10.083614
CCTAAGAAGAAACACT	Unknow	0.770852	7.113725	6.7208023
CCTAAGAAGCACACCC	Root cortex	0.968955	-1.3121408	-0.19611435
CCTAAGACAAAGTGTA	Lateral root cap	0.985543	12.379638	8.870404
CCTAAGAGTCCGGTGT	Root cortex	0.98787	-0.8343604	1.7920201
CCTACGTAGACTCATC	Root cap	0.815084	10.404368	3.1157072
CCTACGTAGGGAGAAT	Root cap	0.845298	10.060816	2.7447054
CCTACGTAGGGCAATC	Lateral root cap	0.987845	13.593683	9.877884
CCTACGTCACCCTTAC	Non-hair	0.506311	2.0583713	1.781887
CCTACGTCATCTGTTT	Unknow	0.955562	2.6290119	5.2451816
CCTACGTGTACAAAGT	Root cortex	0.977466	-0.44655448	0.76395345
CCTATCGCAAGAGTAT	Non-hair	0.364479	3.3011987	2.0761962
CCTATCGGTAGTCTGT	Root stele	0.921551	1.2429565	7.0577745
CCTATCGTCCCGAACG	Lateral root cap	0.98837	13.741271	8.656901
CCTATCGTCGGAAGGT	Root cortex	0.839575	-3.0611703	1.9254016
CCTCAACAGATAGTGT	Lateral root cap	0.960921	12.856341	7.5225453
CCTCAACAGCACTTTG	Root cortex	0.87639	1.1022409	0.64138526
CCTCAACAGCTAGCCC	Root stele	0.981342	0.51783967	8.383162
CCTCAACAGCTCGCAC	Root endodermis	0.726358	-3.1916466	4.5899386
CCTCAACAGGTTATAG	Root stele	0.332234	1.7653888	7.0134764
CCTCAACCATATGCGT	Lateral root cap	0.70863	9.615296	5.15317
CCTCAACTCCTACTGC	Lateral root cap	0.979617	10.679079	8.620083
CCTCAACTCGTAGAGG	Lateral root cap	0.828056	8.349655	6.442073
CCTCACAAGCCTGGAA	Root cortex	0.982567	-2.0628726	1.0655771
CCTCACAAGGAGTACC	Lateral root cap	0.961007	11.061233	6.4357033
CCTCACACAAGGGTCA	Lateral root cap	0.625502	8.079128	5.9745708
CCTCACACAGTGTATC	Lateral root cap	0.987455	13.596798	10.080969
CCTCACAGTCTGCCTT	Non-hair	0.834844	5.3909664	-0.12676719
CCTCACAGTGGCAACA	Root cortex	0.979317	-1.7292781	0.8496614
CCTCAGTAGACGCAGT	Lateral root cap	0.99045	12.092894	9.079072
CCTCAGTAGGACACTG	Unknow	0.497167	1.4693302	6.183084
CCTCAGTCAGGAGACT	Root stele	0.905168	1.7098756	8.608477
CCTCAGTGTATCCTTT	Root hair	0.467024	5.2875824	-0.74390066
CCTCAGTTCTCCCAAC	Lateral root cap	0.986131	11.904614	9.8661175
CCTCATGAGAGGTCAC	Lateral root cap	0.955549	12.895919	11.202306
CCTCATGAGTGGCCTC	Root cortex	0.987676	-1.0360956	2.0537658
CCTCATGCAAACTAAG	Non-hair	0.53899	2.993841	1.0567312
CCTCATGCAGACCAAG	Root cap	0.398159	10.073713	3.3317633
CCTCATGCAGCTCCTT	Root cortex	0.97086	-1.8043718	1.0197442
CCTCATGGTCCGGTCA	Root endodermis	0.882559	0.6715931	4.6261353
CCTCATGTCAGCGCAC	Root cortex	0.675618	2.458227	-0.16793571
CCTCATGTCTCCGATC	Lateral root cap	0.983135	11.371115	9.850986
CCTCCAAAGCTGAGCA	Root cortex	0.953429	0.1949644	-1.3658967
CCTCCAACATACCACA	Root cap	0.836509	9.538168	3.3375137
CCTCCAAGTCATGCAT	Xylem	0.917074	-2.478068	7.0255685
CCTCCAAGTGGGATTG	Root endodermis	0.528446	0.9854983	4.9077077
CCTCCAATCTTTCGAT	Lateral root cap	0.98712	12.644244	9.315609
CCTCCTCAGCTTACGT	Non-hair	0.623212	3.059264	1.7568971
CCTCCTCCACGCTGAC	Root hair	0.99026	3.2180812	-2.8580327
CCTCCTCCACGTAGAG	Lateral root cap	0.818054	9.081164	5.704758
CCTCCTCCAGAAGTGC	Lateral root cap	0.983491	10.214161	8.322004
CCTCCTCGTACAGTTC	Xylem	0.574284	-3.8003707	4.354183
CCTCCTCGTCTACTGA	Lateral root cap	0.455936	3.0768695	2.724102
CCTCCTCTCTCGGTAA	S phase	0.997579	6.5851865	1.2085682
CCTCTAGAGGACTGGT	Lateral root cap	0.871228	11.993329	6.361506
CCTCTAGCAAATGCTC	Root stele	0.916544	1.4995043	7.464599
CCTCTAGCAATGCAGG	Lateral root cap	0.989614	12.660766	8.986339
CCTCTAGGTACGTTCA	Lateral root cap	0.988151	13.544747	9.392793
CCTCTAGGTATCCCTC	Root cortex	0.930891	1.0087751	-0.22488329
CCTCTAGGTATTGACC	Lateral root cap	0.675046	8.297859	5.2966437
CCTCTAGGTGAGACGT	Root cortex	0.877471	0.9106434	-1.6616385
CCTCTAGTCCCATTCG	Columella root cap	0.350609	8.4002285	4.1183286
CCTCTCCAGACCACGA	Root stele	0.717318	1.7510824	8.285097
CCTCTCCCAACCGCTG	Lateral root cap	0.973961	12.847573	10.638637
CCTCTCCGTATGTCAC	Root cortex	0.449472	0.19873834	4.784003
CCTCTCCTCCGCAAAT	Root cap	0.720367	10.186984	3.9711647
CCTCTCCTCGCATTAG	Lateral root cap	0.923005	10.584319	9.910094
CCTGCATAGTTGTCGT	Lateral root cap	0.934719	8.779394	8.251705
CCTGCATCACAGTCCG	Non-hair	0.751663	5.625006	-0.15027817
CCTGCATCACTCCTTG	Root stele	0.979111	-0.0654576	7.9122486
CCTGCATCAGTACTAC	Root cortex	0.954359	0.9040964	-0.39997798
CCTGCATGTCATGGCC	Root hair	0.956161	3.384222	-2.7701046
CCTGCATTCATGACAC	Root cortex	0.689844	-2.903326	3.575944
CCTGTTGAGATACAGT	Root cortex	0.470144	1.4752816	-1.7397122
CCTGTTGAGGCGCTTC	Root cortex	0.601424	1.0961167	4.3085694
CCTGTTGCAATACCTG	Unknow	0.899837	2.781291	4.1062827
CCTGTTGCAGTTGCGC	Lateral root cap	0.969576	12.826226	10.52792
CCTGTTGGTATGTCTG	Unknow	0.65903	1.7110325	6.511205
CCTGTTGGTGAGTGAC	Root cortex	0.755718	1.3150214	-0.102455966
CCTGTTGTCAAAGGTA	Root cortex	0.902795	-3.4085367	0.99611795
CCTGTTGTCCTCTAGC	Root cap	0.988728	9.923709	1.5097349
CCTGTTGTCTGTCCCA	Lateral root cap	0.563872	8.154125	5.9111495
CCTTCAGAGTCTAACC	Lateral root cap	0.986014	13.771816	10.386248
CCTTCAGCACTAGGTT	Root cortex	0.626778	2.4985516	0.108761676
CCTTCAGCAGAAGCGT	Lateral root cap	0.98827	15.241846	9.469483
CCTTCAGCAGACCTAT	Lateral root cap	0.982471	15.523218	9.6431
CCTTCAGGTGGGACAT	Lateral root cap	0.411852	8.779099	4.6748676
CCTTCAGGTTCATCTT	Lateral root cap	0.452351	7.48023	6.010326
CCTTCAGTCCAGTACA	Root hair	0.99039	3.4281023	-2.4426813
CCTTGTGAGCAACCAG	Lateral root cap	0.734289	11.418699	5.04905
CCTTGTGAGCTTTCCC	Root cortex	0.971852	0.2558472	-0.053935654
CCTTGTGAGGTGCTTT	Lateral root cap	0.291067	-3.1976686	4.491862
CCTTGTGAGTTTCAGC	Lateral root cap	0.97318	11.328986	8.003773
CCTTGTGCACGGTCTG	Lateral root cap	0.980881	14.229806	8.947522
CCTTGTGTCGAGTACT	Non-hair	0.426063	9.945893	3.5605094
CCTTTGGAGCTGTTCA	Root cap	0.479898	8.427657	3.8396728
CCTTTGGAGGGAGATA	S phase	0.990988	6.599499	1.5324143
CCTTTGGCATAACAGA	Lateral root cap	0.382661	3.3243701	2.6553864
CCTTTGGCATAGAATG	Columella root cap	0.282489	8.315862	4.5037146
CCTTTGGCATAGGCGA	Lateral root cap	0.832462	8.492673	6.4858437
CCTTTGGGTCATCCGG	Unknow	0.384304	7.00636	6.1843133
CCTTTGGGTCCAGAAG	Root cortex	0.735132	-4.030788	1.771433
CCTTTGGGTTAAACCC	Root cap	0.422747	8.652707	3.6986012
CCTTTGGGTTGCGAAG	Lateral root cap	0.435329	3.1685765	3.0370882
CCTTTGGTCGACCATA	Lateral root cap	0.95135	10.9209175	6.722589
CCTTTGGTCTCATGCC	S phase	0.823308	6.496138	-0.10271266
CGAAGGAAGAAATCCA	Root stele	0.9375	1.34609	7.5334044
CGAAGGACAATCCTTT	Lateral root cap	0.952492	9.926725	7.552755
CGAAGGACACGTGAGA	Root cortex	0.806379	1.6638111	0.8477395
CGAAGGAGTACGACTT	Lateral root cap	0.830327	11.304041	5.587879
CGAAGGAGTAGAGTTA	Root cortex	0.770588	-3.8637571	0.7525921
CGAAGGAGTCAGGTAG	Lateral root cap	0.453806	8.170948	5.3218665
CGAAGGAGTCTTTCAT	Root cortex	0.982809	-0.5754585	2.9938369
CGAAGGATCAGGTGTT	Unknow	0.432291	2.713952	6.6038394
CGAAGGATCTCAAAGC	Lateral root cap	0.632916	8.2848	7.3743353
CGAAGTTAGAACAGGA	Lateral root cap	0.984731	11.050501	9.325608
CGAAGTTAGTTATGGA	Xylem	0.661028	-3.990342	4.57739
CGAAGTTCAAGACCGA	Root stele	0.976073	-0.3868839	8.107904
CGAAGTTCACCTGCTT	Root stele	0.800727	-0.9347454	7.6817946
CGAAGTTCATGCGTGC	Root cortex	0.987547	-0.89645725	2.3978803
CGAAGTTGTCAACCTA	Unknow	0.987987	3.3229647	5.260355
CGAAGTTGTCTGCGCA	Root stele	0.969839	-0.17634909	7.8686266
CGAAGTTGTGTCATGT	Root stele	0.901904	0.6021858	7.0039535
CGAAGTTGTTGTGCCG	Root cortex	0.932688	-3.17211	1.8710973
CGAAGTTTCCTATGGA	Lateral root cap	0.955383	8.98331	7.9659834
CGAAGTTTCGATCCCT	Lateral root cap	0.984093	12.95448	8.943431
CGAAGTTTCGTTCAGA	Columella root cap	0.857318	7.6868024	4.347388
CGAATTGAGAGGATCC	Unknow	0.982351	3.6328354	4.7178564
CGAATTGAGCGCCGTT	Lateral root cap	0.977895	11.148759	8.586743
CGAATTGAGGCAATGC	Lateral root cap	0.869706	10.317237	6.290638
CGAATTGAGGGCAGAG	Root stele	0.970508	0.39216426	8.194789
CGAATTGGTAGTGCGA	Root cortex	0.965595	-1.7127854	-0.41271254
CGAATTGGTCAGGAGT	Root cortex	0.393224	0.59883744	4.9669385
CGACAGCAGACATAAC	Root hair	0.941965	2.3849356	-3.1249804
CGACAGCCAAACCATC	Root cortex	0.850731	1.8042463	1.9550155
CGACAGCCACGCGTGT	Columella root cap	0.71488	7.4291873	4.8296313
CGACAGCCAGAGAGGG	Unknow	0.874155	4.9982963	5.342537
CGACAGCCATGCGGTC	S phase	0.992564	6.195365	2.1965058
CGACAGCGTAGTTCCA	Root hair	0.945413	3.4464953	-2.573749
CGACAGCGTCTAGTGT	Unknow	0.56776	3.0032578	3.6870081
CGACAGCTCATGCTAG	Root hair	0.966088	2.5400207	-3.096758
CGAGAAGAGTCCCTAA	Lateral root cap	0.981878	10.145987	9.048634
CGAGAAGCAACGATTC	Root cortex	0.63602	1.0896463	-2.190908
CGAGAAGCAAGGTCGA	Root stele	0.696406	1.1443568	6.576456
CGAGAAGCACTCCGAG	Root cortex	0.977613	-2.0488863	0.46180555
CGAGAAGCAGGCGTTC	Lateral root cap	0.915326	10.607107	6.37155
CGAGAAGCATAGATGA	Root cortex	0.990317	-0.15478939	1.405577
CGAGAAGCATCATCTT	Lateral root cap	0.780264	9.526546	4.9791474
CGAGAAGCATTACGGT	Root stele	0.926789	1.3223122	8.654928
CGAGAAGGTATTGAGA	Lateral root cap	0.935375	8.872616	8.457372
CGAGAAGGTTACTCAG	Root endodermis	0.974775	-1.8647168	5.112279
CGAGAAGGTTGTTGAC	Lateral root cap	0.985861	14.060934	9.467478
CGAGAAGTCATGCCAA	Root cortex	0.540252	1.6215547	1.259962
CGAGAAGTCTTGTTAC	Lateral root cap	0.719509	8.345698	7.7765503
CGAGGAAAGATAGTGT	Xylem	0.65964	-3.5715635	5.2089453
CGAGGAACAACAAAGT	Root cortex	0.625986	1.3052613	0.6028016
CGAGGAAGTGTCCACG	Lateral root cap	0.525567	10.132018	4.404533
CGAGGAAGTTATGTGC	Lateral root cap	0.552568	7.971547	5.7639756
CGAGGAAGTTGTACGT	Root cap	0.985791	10.022823	1.5303087
CGAGGAAGTTGTTGTG	Lateral root cap	0.964104	9.165798	8.305802
CGAGGAATCACAAGGG	Lateral root cap	0.311106	-2.814807	4.268239
CGAGGAATCCGAGATT	Unknow	0.989311	3.2197187	4.627478
CGAGGAATCGTCGCTT	Root cortex	0.962349	-0.4296	1.3299743
CGAGGCTAGTTGCTGT	Lateral root cap	0.956721	9.761072	8.981347
CGAGGCTCAGTATACC	Root cortex	0.936735	-3.2402737	1.1482668
CGAGGCTGTAATGTGA	Lateral root cap	0.968717	13.019453	11.167593
CGAGGCTTCCGTTGAA	Root cortex	0.977802	-0.68003696	3.2247834
CGAGGCTTCCTCTCTT	Root cortex	0.986517	0.23990566	0.50636405
CGAGTGCAGCATAGGC	Root endodermis	0.723637	-0.8066459	4.5018573
CGAGTGCAGCCTTTCC	Lateral root cap	0.960098	12.583057	11.248145
CGAGTGCAGCTGACTT	Non-hair	0.951106	3.1145205	1.4052143
CGAGTGCAGTGAGGCT	Root cortex	0.545386	2.843692	-0.24351126
CGAGTGCAGTTGGACG	Root cortex	0.486569	1.5472157	-0.3566167
CGAGTGCCAATGCAGG	Lateral root cap	0.480231	7.362204	6.9003205
CGAGTGCGTTGCTTGA	Lateral root cap	0.945885	12.3749	11.029069
CGAGTGCTCCTTTAGT	Lateral root cap	0.987228	13.707603	10.055536
CGAGTGCTCGTGTGGC	Lateral root cap	0.314914	3.1782506	2.522312
CGAGTGCTCGTTCCCA	Non-hair	0.627741	3.5317953	3.8064923
CGAGTTAAGCATAGGC	Unknow	0.743948	6.750922	7.049789
CGAGTTAAGGTTTGAA	Xylem	0.555234	-1.1266977	7.832645
CGAGTTACAAAGGATT	Xylem	0.901597	-2.3711658	7.143178
CGAGTTACACGAAGAC	Non-hair	0.318224	3.4094858	2.176009
CGAGTTACACGGTGAA	Lateral root cap	0.988429	14.620093	9.985696
CGAGTTACAGAACTCT	Root cortex	0.630078	1.3096673	-0.99670905
CGAGTTACATACTGTG	Root cortex	0.953257	-1.2254759	3.1435826
CGAGTTAGTACCGTCG	Lateral root cap	0.957974	9.412824	7.1913357
CGAGTTAGTACGATTC	Root cortex	0.847546	-0.9962354	3.6254632
CGAGTTAGTATCCCAA	Root cortex	0.493095	0.95560867	-2.3733811
CGAGTTAGTGAGAGGG	Lateral root cap	0.9569	9.231999	8.036477
CGAGTTAGTGCATTAC	Root cap	0.981206	9.976988	2.2795498
CGAGTTAGTTCCTAAG	Unknow	0.937656	2.8963907	4.804418
CGAGTTATCACCTGTC	Non-hair	0.950063	2.7955115	0.9417491
CGAGTTATCGGTTCAA	Root cortex	0.873263	1.2719761	2.3210542
CGAGTTATCTAGTACG	Columella root cap	0.878112	6.726849	5.2067733
CGATCGGAGCTCCACG	Root cap	0.972106	10.550922	2.5083349
CGATCGGAGGATTCAA	Root cortex	0.966003	-2.9949687	0.52277356
CGATCGGAGTCACAGG	Root cortex	0.975517	-0.16384146	3.3085
CGATCGGGTCCACACG	Root hair	0.835257	5.911398	-0.8922801
CGATCGGTCAGAGCGA	Root cortex	0.945148	-2.9705923	0.90763235
CGATCGGTCCGGACGT	Lateral root cap	0.9249	9.543172	7.2134075
CGATCGGTCGCAATTG	Root endodermis	0.73245	1.1857448	6.0040107
CGATCGGTCGGCAGTC	Root cortex	0.860876	1.4333454	0.7728985
CGATGCGAGCCTATCA	Root cortex	0.896154	0.9878959	-0.3982519
CGATGCGCAGCTATAC	Lateral root cap	0.980192	11.880837	9.525622
CGATGCGCATCAGCTA	Lateral root cap	0.977427	12.223227	9.373563
CGATGCGCATCTTTCA	Lateral root cap	0.963537	12.113616	6.805885
CGATGCGGTGCGCTCA	Root cortex	0.415058	-4.3201747	2.272357
CGATGCGTCACCCTTG	Root cap	0.960935	9.133281	1.2273474
CGATGCGTCCGACGGT	Root stele	0.924086	0.64765936	6.835197
CGATGCGTCCGATGTA	Columella root cap	0.500543	7.735668	5.160653
CGATGCGTCTTACGGA	Lateral root cap	0.968175	10.636265	9.29689
CGATGCGTCTTACGTT	Lateral root cap	0.969718	9.555841	8.395731
CGATGGCAGCCTTTGA	Columella root cap	0.426917	7.3393416	5.484238
CGATGGCAGTTTGGCT	Root endodermis	0.779482	1.3960524	5.5008864
CGATGGCGTGTGTACT	Lateral root cap	0.986914	14.694894	9.968639
CGATGGCGTTGACTGT	Root stele	0.981846	-0.7705709	8.898352
CGATGGCGTTGGCCGT	Unknow	0.957638	2.4828908	4.8032646
CGCAGGTAGAGGTATT	Non-hair	0.908201	2.8205462	0.3976661
CGCAGGTAGGATATAC	Non-hair	0.652211	3.029159	-0.324751
CGCAGGTCACTCACTC	Root cortex	0.555514	1.5382795	0.75442964
CGCAGGTCATTAAGCC	Non-hair	0.849726	2.7768586	1.387891
CGCAGGTGTGGGCTCT	Root cortex	0.850806	1.1309601	-0.41730756
CGCAGGTTCTGACGCG	Lateral root cap	0.984033	13.498701	10.23939
CGCAGGTTCTTCACGC	Non-hair	0.404108	3.0031688	2.005375
CGCAGGTTCTTGAACG	Root cortex	0.98372	0.5592224	0.5078681
CGCATAAAGTTGCCTA	Lateral root cap	0.983895	10.795275	8.475569
CGCATAACACGGTGTC	Root cortex	0.950717	-3.0247931	1.4774225
CGCATAACACGTACTA	Root cap	0.982237	8.853545	1.5114112
CGCATAACACTTGACA	Root cap	0.638152	10.518534	4.4079347
CGCATAATCAGCAATC	Root cortex	0.932821	-2.5653663	1.2806915
CGCATAATCCATCAGA	Root stele	0.957999	1.0487695	7.608539
CGCATAATCCATTGTT	Lateral root cap	0.950351	10.355104	6.593682
CGCATAATCCGCTTAC	Root cortex	0.850855	0.7590115	-1.7724502
CGCATAATCGCAGTGC	Lateral root cap	0.987489	10.593133	9.15856
CGCATGGAGTACTGTC	Root cortex	0.969537	-2.5304446	0.37493986
CGCATGGCAAATGCTC	Lateral root cap	0.48056	9.596904	4.17254
CGCATGGCACAAGTGG	Non-hair	0.488152	6.2600336	0.03706165
CGCATGGCATTGGGAG	Root cortex	0.891089	-3.9308467	0.89656675
CGCATGGGTGCTGATT	Lateral root cap	0.986231	11.926589	9.050738
CGCATGGTCGCACGGT	Unknow	0.976243	4.008971	5.5439157
CGCATGGTCTGCTTAT	Root hair	0.988534	3.568986	-2.540612
CGCCAGAAGCAGGCTA	Lateral root cap	0.909555	9.22224	6.3033314
CGCCAGAAGCGTACAG	Non-hair	0.714128	8.314796	3.9918091
CGCCAGACAAGACCTT	Non-hair	0.78044	3.0904124	-0.2575328
CGCCAGACACGTCATA	Lateral root cap	0.907539	12.337191	11.133339
CGCCAGACATATCGGT	Root cortex	0.807169	1.1342969	-1.3025224
CGCCAGATCCGATAAC	Root cap	0.990351	9.023785	1.4858723
CGCCAGATCCTCTAAT	Lateral root cap	0.942296	9.606969	6.6620493
CGCCATTAGCGACTTT	Unknow	0.534183	1.5370867	4.086016
CGCCATTGTGGATCAG	Lateral root cap	0.981229	13.093566	10.70376
CGCCATTGTGGGATTG	Lateral root cap	0.800072	11.632537	5.4787126
CGCCATTTCCATGAGT	Root stele	0.403229	1.3423904	6.4804683
CGCCATTTCCCGTAAA	Non-hair	0.885048	2.9568653	0.7257795
CGCGTGAAGAAGGATG	Root stele	0.957772	-0.98043215	8.608787
CGCGTGACACTTCAAG	Root cortex	0.956934	-2.5911496	0.9382129
CGCGTGACATAGATCC	Non-hair	0.484508	3.160052	1.9730152
CGCGTGAGTAGCTCGC	Non-hair	0.964857	3.2716112	0.8613303
CGCGTGAGTCTAATCG	Lateral root cap	0.685099	8.006303	6.394073
CGCGTGAGTTCAGGTT	Lateral root cap	0.987629	13.260593	8.377261
CGGAACCCAACCGATT	Unknow	0.615611	6.940612	5.9904304
CGGAACCGTCCGAAGA	Lateral root cap	0.48966	8.0426	5.345378
CGGAACCGTCCGCAGT	Lateral root cap	0.904073	9.853684	5.9912205
CGGAACCTCAGACTGT	Non-hair	0.951737	2.8266127	1.0991356
CGGAACCTCGCCTTGT	Root cortex	0.975627	-1.7042227	1.9059649
CGGAACCTCTAGTTCT	Lateral root cap	0.980811	12.105658	9.423461
CGGAACCTCTGAACGT	Non-hair	0.914191	3.1341264	0.08290445
CGGAATTAGACATCAA	Lateral root cap	0.627222	3.6642962	3.017457
CGGAATTAGGTTCATC	Lateral root cap	0.708817	11.354263	5.124568
CGGAATTCAAGATGGC	Lateral root cap	0.907796	9.110766	7.053323
CGGAATTCATGGCACC	Unknow	0.993782	3.8334076	5.249052
CGGAATTGTACAGCGA	Root cortex	0.489737	1.7874769	0.64847696
CGGAATTTCTCAGAAC	Lateral root cap	0.940811	12.552588	11.379801
CGGACACAGACGAGCT	Root cap	0.981414	9.5431	1.9945108
CGGACACAGACTCAAA	Lateral root cap	0.978988	13.516585	8.0268545
CGGACACAGAGAGAAC	Root cortex	0.751594	-4.300523	1.2832748
CGGACACAGAGAGGGC	Lateral root cap	0.98595	14.639996	9.953837
CGGACACAGGCTTCCG	Unknow	0.58428	1.5701953	6.201402
CGGACACAGTGCAACG	Root cortex	0.417652	1.24294	4.5093155
CGGACACCACATTGTG	Root cap	0.851836	10.084295	3.0775824
CGGACACGTGACACAG	S phase	0.828041	6.343546	-0.19055888
CGGACACGTTAAAGTG	Columella root cap	0.54292	6.8672996	5.151364
CGGACACTCAACTTTC	Root cortex	0.984875	-0.23562287	3.1645591
CGGACACTCAGCAATC	Non-hair	0.741761	3.211118	-1.4082779
CGGACACTCCCGTTCA	Root cortex	0.981869	-1.8802108	0.82381976
CGGACACTCCTATTGT	Root stele	0.97153	0.8803652	8.153035
CGGACACTCGTCGACG	Non-hair	0.558993	4.5209227	3.9486477
CGGACACTCTGAGTCA	Root cap	0.936488	10.047193	2.6588383
CGGAGAAAGAGCCATG	Lateral root cap	0.548011	3.4754226	2.607894
CGGAGAAAGATCCCAT	Root hair	0.52074	2.6714964	-1.2573261
CGGAGAACAGAGTTCT	Root cortex	0.866398	-3.6255755	1.3604001
CGGAGAACAGCGCTTG	Root cortex	0.928004	0.98433185	-0.8880369
CGGAGAACAGCTAACT	Root cortex	0.858238	-0.47076583	4.0048456
CGGAGAAGTGACTCTA	Root cortex	0.690825	-3.7038755	2.3266401
CGGCAGTAGCGGGTTA	S phase	0.914279	6.5181627	-0.70001465
CGGCAGTAGGAGATAG	Root cortex	0.456105	-3.1785133	3.7401474
CGGCAGTAGGTAACTA	Lateral root cap	0.967919	9.179589	8.237554
CGGCAGTCACTAACGT	G1/G0 phase	0.352107	2.211515	-2.849228
CGGCAGTGTGTCATCA	Root cap	0.518822	10.350696	4.32781
CGGCAGTGTTCAGGTT	Lateral root cap	0.985072	11.914068	8.463919
CGGGACTAGCTCGACC	Lateral root cap	0.954353	10.31105	7.3446665
CGGGACTAGTAACGAT	Root cap	0.951447	8.646189	1.4226669
CGGGACTCAATGAAAC	Root cortex	0.921057	1.5520102	0.7358197
CGGGACTCAGCTTCCT	Root cortex	0.862525	0.9434454	-0.3269476
CGGGACTGTTATGTCG	Root stele	0.970108	0.7068111	7.866111
CGGGACTTCAATGTCG	Lateral root cap	0.987157	14.123621	10.602776
CGGGACTTCCACTTCG	Root cortex	0.830446	-3.6548088	2.0261157
CGGGCATAGAAGTGTT	Root cap	0.893798	11.323194	3.1923494
CGGGCATAGGAGTATT	Root stele	0.973742	-1.2468743	8.896198
CGGGCATAGGCTTCCG	Lateral root cap	0.971277	11.517085	8.773395
CGGGCATAGGTAAGAG	Root stele	0.965832	0.5821505	8.328751
CGGGCATCACCGTCTT	S phase	0.991185	6.300047	1.755823
CGGGCATGTATTCTCT	Lateral root cap	0.479342	8.415197	4.6754746
CGGGCATGTATTGGCT	Root endodermis	0.680189	0.83494705	5.681675
CGGGCATGTCTAGTGT	Lateral root cap	0.887292	9.733435	6.52313
CGGGCATTCAGAGCGA	Lateral root cap	0.882984	9.231821	6.1252937
CGGGTCAAGCACTCAT	Lateral root cap	0.684304	8.938182	5.333357
CGGGTCACAGGCTACC	Root cap	0.988627	9.766249	2.0927317
CGGGTCAGTACCCACG	Root stele	0.771591	-1.0648024	8.085868
CGGGTCAGTCATAACC	Root stele	0.965322	0.3445867	9.493029
CGGGTCAGTTTCTTAC	Lateral root cap	0.985772	14.297681	10.2443695
CGGGTCATCAGGAACG	S phase	0.527547	6.181306	0.28849423
CGGGTCATCGGCTTGG	Unknow	0.956333	2.178124	4.858216
CGGGTGTAGGCTCAAG	Root stele	0.871563	1.7980876	7.6177454
CGGGTGTCACATATCG	Lateral root cap	0.712393	8.078888	5.993936
CGGGTGTCACTGGAAG	Unknow	0.495712	6.81569	6.6953735
CGGGTGTGTATCCTTT	Root cortex	0.944885	-0.9894758	3.3358333
CGGGTGTGTCGCACAC	Lateral root cap	0.98086	13.05865	9.777907
CGGTCAGAGCACACAG	Lateral root cap	0.745822	3.9974856	2.0210345
CGGTCAGAGTTTCGAC	Root cortex	0.966766	-2.677295	1.2583903
CGGTCAGTCGCCTCTA	Root endodermis	0.911335	-1.9886094	4.965345
CGGTCAGTCGGAATGG	Lateral root cap	0.988215	13.716697	9.453318
CGGTCAGTCTAGATCG	Unknow	0.782016	5.150891	5.2945943
CGGTCAGTCTGAATCG	Root cortex	0.905635	-0.24900688	3.4596484
CGGTCAGTCTGTAACG	Lateral root cap	0.989184	11.479298	8.834359
CGTAAGTAGAGTTGCG	Root cortex	0.990868	0.18254772	2.1485033
CGTAAGTAGCCGAATG	Root stele	0.970078	0.08263105	7.855281
CGTAAGTAGCTACGTT	Root hair	0.7757	2.0684109	-2.7797565
CGTAAGTAGTACAGAT	Lateral root cap	0.983692	12.308616	10.679424
CGTAAGTCACCCAACG	Lateral root cap	0.985992	12.958807	10.151699
CGTAAGTTCATGAGAA	Non-hair	0.961449	3.6643734	0.09695538
CGTAAGTTCTCTGACC	Root cortex	0.738633	-4.3089695	1.2044564
CGTAAGTTCTCTGGTC	Non-hair	0.65297	2.9893801	-0.27250051
CGTAATGCAGGTACGA	Lateral root cap	0.434649	7.614084	6.5403576
CGTAATGCAGTATACC	Lateral root cap	0.757358	8.114155	6.5981507
CGTAATGTCTCAGGCG	Root endodermis	0.780537	1.336569	5.2802672
CGTAGTACAGCTACAT	Root hair	0.635649	2.1849055	-3.3754978
CGTAGTAGTGTCCACG	Lateral root cap	0.982072	12.991061	10.196702
CGTAGTAGTGTTACAC	Unknow	0.987819	3.6991506	4.6333947
CGTCAAACACCCGTAG	Lateral root cap	0.504292	8.285535	7.7223144
CGTCAAAGTAAGACCG	Root cap	0.713503	9.794964	3.9809184
CGTCAAATCACCTTGC	Columella root cap	0.611418	8.063186	4.0362897
CGTCAAATCAGTCCGG	Lateral root cap	0.976895	12.908092	10.000516
CGTCAAATCCGAGAAG	Root stele	0.951791	-1.5055088	8.829745
CGTCCATCACCAGTAT	Xylem	0.955931	-2.6617992	6.8469367
CGTCCATCACGCTTAA	Root cortex	0.990406	0.20125918	2.6176894
CGTCCATCACTGGCGT	Unknow	0.58417	6.3914347	5.6142554
CGTCCATGTCACCTTC	Lateral root cap	0.759947	8.961857	8.669947
CGTCCATGTCATATGC	Root stele	0.966784	-0.53392076	7.852061
CGTCCATTCACTGATG	Root cortex	0.50191	1.6694491	0.5773888
CGTCCATTCTAGGCAT	Root cortex	0.942741	1.0132848	0.46207118
CGTGAATAGAGTTGAT	Lateral root cap	0.928166	10.438263	8.864963
CGTGAATAGCTGACTT	Lateral root cap	0.984604	11.236415	9.526549
CGTGAATAGGTGGGTT	Lateral root cap	0.978995	11.21039	9.6358
CGTGAATCACTCCTTG	Lateral root cap	0.326729	-3.087597	3.5322924
CGTGAATCACTCTGCT	Root cap	0.978979	9.456148	2.210979
CGTGAATGTTGTAAAG	Lateral root cap	0.953658	10.0494795	6.843696
CGTGAATTCCGGCAAC	Root cortex	0.818989	-1.0495647	3.7257466
CGTGAATTCCTATTTG	Root cortex	0.985587	-0.5667644	1.0544789
CGTGAATTCCTTCGAC	Lateral root cap	0.979745	12.532623	10.952105
CGTGATAAGAAGCCTG	Lateral root cap	0.887602	11.701134	6.5102334
CGTGATAAGGAAAGTG	Lateral root cap	0.933507	8.821864	8.005903
CGTGATACAGTCGCTG	Root cortex	0.630328	1.9596244	0.52176803
CGTGATAGTGGCTAGA	Root cortex	0.491714	2.8382192	1.8739207
CGTGATATCGACCACG	Root cortex	0.967611	-0.2608864	3.5804794
CGTGATATCGCGCCAA	Root cortex	0.788969	1.2583472	-0.78992087
CGTGCTTAGGCATCGA	Root cortex	0.978543	0.08230556	0.66980946
CGTGCTTAGGCCTGAA	Lateral root cap	0.944474	10.181161	6.265556
CGTGCTTAGTTTGGCT	Lateral root cap	0.9784	13.595294	10.653829
CGTGCTTCAGTAGATA	Root cortex	0.98321	-0.84769416	2.8198986
CGTGCTTGTCTAGATC	Lateral root cap	0.990909	13.931517	8.724363
CGTGCTTGTGAGTAAT	Root cortex	0.699057	1.8483753	-0.31547344
CGTGCTTTCGCATAGT	Lateral root cap	0.987027	11.345256	9.139641
CGTGCTTTCTCGACGG	Root cortex	0.987007	-0.99052733	2.0757387
CGTGCTTTCTCTGAGA	Root endodermis	0.572697	0.5955379	6.255602
CGTGTCTAGGACGCTA	Root cortex	0.780255	-3.9910362	1.5507432
CGTGTCTAGGCGTCCT	Root cortex	0.974532	0.288452	2.0650718
CGTGTCTCAGTGACCC	Root cap	0.866889	10.427243	3.5076096
CGTGTCTGTGCAATAA	Root cortex	0.347375	0.014919218	5.9041533
CGTGTCTTCACCCTGT	Non-hair	0.94693	2.4627936	-0.40626743
CGTGTCTTCGTGGCTG	Xylem	0.792117	-1.9238964	7.312103
CGTTAGACAGCTCATA	Root cortex	0.939233	-3.2136276	1.2839433
CGTTAGAGTAACATGA	Lateral root cap	0.979467	13.297478	7.8928432
CGTTAGAGTCGATGCC	Root cap	0.721549	10.68843	4.6927257
CGTTAGAGTGGGACAT	Root stele	0.858466	-0.8573879	9.361652
CGTTAGATCCTCTCGA	Xylem	0.444297	2.1766918	6.8242598
CGTTAGATCTAACGCA	Non-hair	0.911186	3.9637525	0.77436537
CGTTAGATCTGTCCCA	Lateral root cap	0.906578	9.69307	6.094719
CGTTCTGAGCCTGAGA	Root stele	0.969285	0.8176622	9.261294
CGTTCTGCACAGTGTT	Root cortex	0.491056	1.0428256	4.414502
CGTTCTGCAGACGGAT	Root endodermis	0.454707	-3.3534822	4.7886343
CGTTCTGGTCAGACGA	Root stele	0.940068	0.33140442	7.010073
CGTTCTGGTCTTAGTG	Non-hair	0.650326	3.7001398	1.942523
CGTTCTGTCAGTCCGG	Lateral root cap	0.989362	11.761971	9.375722
CGTTCTGTCGCGTTTC	Root cap	0.962306	10.829757	2.9050376
CGTTCTGTCTTCTCAA	Root cortex	0.959006	-1.8581774	-0.36984578
CGTTGGGAGAGGGTCT	Xylem	0.856881	-4.040905	4.622138
CGTTGGGAGCGGACAT	Root stele	0.960165	0.8875834	9.579742
CGTTGGGAGTGTTCCA	Root cortex	0.945084	-1.8247142	2.281675
CGTTGGGGTCATAAAG	Root cortex	0.955196	1.6452255	1.865721
CGTTGGGTCCTGATAG	Lateral root cap	0.647948	9.737133	5.3780913
CTAACCCAGGCTATCT	Lateral root cap	0.985602	13.6436205	10.702306
CTAACCCCAGCATACT	Root cap	0.966624	8.707501	1.932321
CTAACCCTCGTTGTAG	Root cortex	0.932347	-3.3935156	0.46985203
CTAACTTAGCAAGGAA	Lateral root cap	0.665772	9.441034	5.1798425
CTAACTTCACAAGCAG	Root cortex	0.976398	-1.3163716	2.4886625
CTAACTTGTAGACGTG	Root cap	0.739699	8.410064	1.3081664
CTAACTTGTAGCTAAA	Lateral root cap	0.947573	12.048013	10.246644
CTAACTTGTAGTTCCA	Lateral root cap	0.811244	11.48035	4.7510214
CTAACTTGTGACTCGC	Lateral root cap	0.349713	3.5596838	2.018772
CTAACTTGTTACACTG	Root cortex	0.973574	-0.6910892	2.809471
CTAAGTGGTCTACAGT	Root stele	0.97453	0.76708996	8.382088
CTACAGAAGGTACCTT	Lateral root cap	0.801503	9.611029	5.50499
CTACAGACATAGGAGC	Root cortex	0.957131	-1.1415571	2.965032
CTACAGACATCCGATA	Root cortex	0.953937	-2.9555914	0.6893904
CTACAGAGTTGTCCCT	Root cortex	0.897046	-3.083508	1.9629439
CTACAGATCCCTGTTG	Root cortex	0.982152	-0.28027827	3.0841546
CTACAGATCGGTTCAA	Unknow	0.950825	2.7818823	5.1363254
CTACATTAGATTGATG	Root cortex	0.725297	1.3691524	-0.63363236
CTACATTAGGCGACAT	Root hair	0.937968	3.4674995	-2.4918232
CTACATTAGGTACAAT	Xylem	0.872024	-2.2391195	7.24023
CTACATTCAGGTCAAG	Lateral root cap	0.982663	10.316317	8.951337
CTACATTCATGGCGCT	Lateral root cap	0.987126	14.360954	9.801229
CTACATTGTCCTATAG	Root stele	0.301233	1.0421517	7.3438873
CTACATTGTGTCTTAG	Lateral root cap	0.980761	13.218191	10.822535
CTACCCAAGACGCTCC	Non-hair	0.472601	6.545636	5.727734
CTACCCACAAGCGCAA	Root hair	0.984336	3.2237089	-2.5687692
CTACCCACACCCTGTT	Lateral root cap	0.80443	8.486276	6.5903993
CTACCCAGTGTTCCTC	Lateral root cap	0.983503	10.657122	9.092039
CTACCCAGTTAAGCAA	Root cortex	0.877382	1.0470537	-1.4923928
CTACCCATCAGATGCT	Xylem	0.989284	-3.9222555	6.440467
CTACCCATCATCACAG	Unknow	0.745513	7.238942	6.8260517
CTACCCATCGCTGTTC	Root hair	0.98091	3.2642817	-2.477371
CTACCTGAGACATACA	Lateral root cap	0.986848	15.2181835	9.88111
CTACCTGAGCTGAGTG	Lateral root cap	0.987762	14.285481	9.545593
CTACCTGCACCCTTAC	Root cortex	0.958578	-2.9383926	0.33437672
CTACCTGCAGACAAGC	Unknow	0.608244	6.410608	5.896798
CTACCTGGTAGCTTGT	Root cap	0.879154	10.993191	3.6788201
CTACCTGGTTTGGGTT	Root cortex	0.547555	2.6114907	0.1376447
CTACCTGTCATTGAGC	Lateral root cap	0.98606	13.949293	9.376356
CTACCTGTCGCATGAT	Root cortex	0.822005	-3.4186335	2.1419206
CTACGGGAGAAGTCAT	Root cortex	0.942127	-0.92405665	0.11411024
CTACGGGAGACCAAAT	Lateral root cap	0.983954	12.397707	8.55516
CTACGGGAGCATGCAG	Lateral root cap	0.580464	7.6738796	7.630315
CTACGGGAGCTATCTG	Root cortex	0.988362	-0.6029517	1.5601228
CTACGGGAGTCACGAG	Root cortex	0.979602	-1.6070281	1.6539259
CTACGGGGTACGACAG	Root stele	0.325061	1.0395155	9.394454
CTACGGGGTATACCTG	Lateral root cap	0.525065	7.959417	5.682827
CTACGGGGTGCTTCAA	Root stele	0.90067	0.16489892	6.8409963
CTACGGGGTTTGAAAG	Lateral root cap	0.479662	10.331996	4.168925
CTACGGGTCGATACAC	Root cortex	0.956837	-2.6071944	1.5011716
CTACTATAGACCTGGA	Root cortex	0.948648	0.3199391	-1.1856534
CTACTATAGACTGTTC	Root endodermis	0.530692	-1.3644242	6.214544
CTACTATCAACAGCCC	Lateral root cap	0.984715	15.722184	9.69416
CTACTATCATTGCCGG	Root cortex	0.565048	1.8891846	0.95856166
CTACTATTCCGGCTTT	Lateral root cap	0.899682	8.855333	6.9667106
CTACTATTCTCCAATT	Root cortex	0.51106	1.5841261	-0.940899
CTACTATTCTTAGGAC	Lateral root cap	0.898502	4.108253	3.195573
CTAGACAAGGTGTGAC	Unknow	0.98597	3.5931637	5.2045465
CTAGACACACCCGTAG	Root stele	0.949852	0.15447555	9.390814
CTAGACACAGTCAGCC	S phase	0.99653	6.432715	1.4481555
CTAGACAGTTCCGCTT	Root cortex	0.362932	-4.499474	1.840084
CTAGACATCCAGTGTA	Lateral root cap	0.982385	13.498395	10.03364
CTAGACATCGCTACAA	Root cortex	0.934552	0.9640433	-0.3732601
CTAGACATCGTCGATA	Root stele	0.976204	-0.6455075	8.721768
CTAGACATCTCGACGG	Root stele	0.954704	0.9724619	8.477039
CTAGGTAAGCGGGTAT	Root cortex	0.96599	-2.8112586	0.33619705
CTAGGTAAGCTAGCCC	Root stele	0.973101	-0.36134058	8.549659
CTAGGTACACGCTGAC	Lateral root cap	0.952658	12.152745	9.356529
CTAGGTACAGACACCC	Lateral root cap	0.373479	3.4219608	2.2048814
CTAGGTAGTACAAGCG	Lateral root cap	0.986122	14.342272	10.339613
CTAGGTAGTGCAACGA	Lateral root cap	0.961359	4.5710535	3.2041357
CTATAGGAGTCTACCA	Unknow	0.537376	5.345195	3.6751537
CTATAGGCAATGAGCG	Unknow	0.799034	1.8133359	4.429541
CTATAGGCACGCCAGT	Lateral root cap	0.925029	12.337886	5.942003
CTATAGGCATAGGCGA	Root cortex	0.969431	-0.39378414	1.2434876
CTATAGGGTACGTTCA	Root cortex	0.855066	-2.4881485	2.2157695
CTATAGGGTCTCGACG	Unknow	0.977343	4.6005287	5.1059704
CTATCCGAGAAACACT	Unknow	0.756138	5.356753	5.5375385
CTATCCGAGCAACTTC	S phase	0.981134	6.235769	1.7368342
CTATCCGAGCAGCAGT	Unknow	0.952912	2.4932902	6.3283052
CTATCCGCAGTCAGTT	Lateral root cap	0.985903	14.138297	10.509308
CTATCCGCATCTAGAC	Unknow	0.897777	1.9240681	4.3405323
CTATCCGCATGTGCCG	Root cortex	0.675311	2.1405222	2.0521307
CTATCCGGTACCATAC	Root stele	0.952505	0.7845393	7.6164665
CTATCCGGTATTCTCT	Lateral root cap	0.894668	10.773464	6.2552996
CTATCCGGTGATAGTA	Root cortex	0.810718	2.0715866	-0.09256512
CTATCCGGTGTCCGTG	Root cortex	0.950265	0.70886046	-0.98029023
CTATCCGGTTTCGTAG	Root cortex	0.799235	1.056433	-0.2106935
CTATCTAAGAGTCAAT	G1/G0 phase	0.926343	2.0770857	-3.2576907
CTATCTAAGCTATCCA	Root cap	0.928375	11.009517	3.1341362
CTATCTAAGTTGGCGA	Lateral root cap	0.622891	8.796243	5.504535
CTATCTACACTGATTG	Lateral root cap	0.455776	8.530709	4.9233875
CTATCTACAGGTTCAT	Root cortex	0.929744	-1.8915325	0.6314109
CTATCTAGTCACATTG	Lateral root cap	0.884571	8.615217	6.6173368
CTATCTAGTCGAGCAA	Root cortex	0.982992	0.67193806	-0.42407423
CTATCTAGTTCGTAAC	Root cortex	0.70785	-0.49513364	4.3631635
CTATCTATCAGCAATC	Root cortex	0.522845	-4.1897006	2.3463683
CTATCTATCCGTGCGA	Root endodermis	0.814951	-2.9530976	4.757391
CTATCTATCTAGCCTC	Root cortex	0.863958	1.2391287	0.56047213
CTATCTATCTGTACAG	Root cap	0.768593	11.0117855	3.8120923
CTATCTATCTTCCCAG	Root cortex	0.84818	-3.1467223	2.2463923
CTCAACCAGAGTGTGC	Non-hair	0.815615	2.9345403	0.105035484
CTCAACCCAAACGAGC	Lateral root cap	0.701665	9.58891	5.61043
CTCAACCCAGCAGACA	Unknow	0.88727	6.176363	6.588477
CTCAAGAAGATAACAC	Root cortex	0.927068	-3.1927607	1.468046
CTCAAGAAGTAAGCAT	Lateral root cap	0.952634	9.022353	8.579445
CTCAAGAAGTCTGCAT	Unknow	0.958106	2.3924503	5.503333
CTCAAGACAACACGTT	Non-hair	0.961213	3.5744855	0.7573499
CTCAAGACAACGAGGT	Root cortex	0.922616	0.9472681	-0.5987165
CTCAAGACAGTGGGTA	Xylem	0.479157	-3.5265899	5.188633
CTCAAGACATAACAGA	Lateral root cap	0.986353	14.113431	10.125129
CTCAAGAGTCCATACA	Non-hair	0.659434	8.818142	2.3391073
CTCAAGAGTGGTCCCA	Unknow	0.634668	6.7218184	7.0085354
CTCAAGATCGCACTCT	Root stele	0.975379	-0.9263367	8.714134
CTCAATTAGTTGCGAG	Root stele	0.949477	-0.7374821	8.251265
CTCAATTCACTGGCCA	Columella root cap	0.329383	7.2646594	5.1873007
CTCAATTCATGGATCT	Root cortex	0.987594	0.5077095	2.1909835
CTCAATTGTACCTAGT	Root cortex	0.807396	-0.21356612	4.6351385
CTCAATTGTGGGTTGA	Lateral root cap	0.384026	7.3687825	5.6233354
CTCAATTTCAACTTTC	Root cortex	0.656986	1.6064113	-1.4899521
CTCAATTTCCATTCGC	Root cap	0.842724	11.096946	3.5462365
CTCAATTTCCTGGCTT	Lateral root cap	0.66075	11.202869	5.2255125
CTCACTGAGCACCGAA	Root stele	0.949265	0.22475074	8.138127
CTCACTGAGCGATGGT	Xylem	0.932844	-2.4480069	6.752136
CTCACTGAGGTAGACC	Root cortex	0.645999	2.0533924	3.1924367
CTCACTGCACAGTATC	Unknow	0.437488	1.3932031	5.747987
CTCACTGCATCATTGG	Root hair	0.97026	3.2728546	-2.9600358
CTCACTGGTTATCTTC	Root endodermis	0.627216	-0.28564274	4.702455
CTCACTGGTTGTCCCT	Unknow	0.94335	4.480235	4.913254
CTCAGAAAGCGTATGG	Lateral root cap	0.304963	-3.251639	4.487592
CTCAGAAAGGGATGTC	Lateral root cap	0.448679	-3.28672	4.5779915
CTCAGAAAGTAGGCCA	Unknow	0.959315	5.579836	6.0239396
CTCAGAACACGATTCA	Lateral root cap	0.984104	12.989221	9.554885
CTCAGAAGTATAGGGC	Root stele	0.977695	0.19373246	8.343813
CTCAGAATCAGCTAGT	Columella root cap	0.489324	7.104436	6.0534143
CTCAGAATCTCTGCCA	Non-hair	0.954476	3.2957718	-0.27700374
CTCAGGGAGCTGTACT	Non-hair	0.473366	5.9850955	-0.32024127
CTCAGGGCACCTGCAG	Lateral root cap	0.988557	14.742775	10.05152
CTCAGGGCATACAGGG	Non-hair	0.493465	2.5089135	-0.239711
CTCAGGGGTCTACGAT	Unknow	0.598301	3.0372918	3.6685529
CTCAGGGGTGACTGAG	Root cap	0.960976	10.156575	2.5595627
CTCAGGGTCACCTCTG	Lateral root cap	0.982635	12.487518	9.957911
CTCAGGGTCCCTCTTT	Unknow	0.795013	2.4740286	3.975011
CTCAGGGTCGAACGGA	Lateral root cap	0.97679	9.995035	8.695761
CTCAGTCAGCATCAAA	Lateral root cap	0.975878	11.312304	9.941648
CTCAGTCAGTAGTGCG	Lateral root cap	0.988754	14.949219	9.872418
CTCAGTCCATACAGAA	Root cortex	0.968835	0.175294	-0.5680192
CTCAGTCCATCGCTGG	Root cap	0.495195	9.8682	4.6067038
CTCAGTCGTTCCGCTT	Root stele	0.941171	0.48978946	7.109482
CTCATCGAGACGCCCT	Non-hair	0.88298	2.7232835	-0.30366388
CTCATCGAGAGCCATG	Lateral root cap	0.927251	10.23332	6.687658
CTCATCGAGAGTTGCG	Root stele	0.970561	0.746841	8.081597
CTCATCGAGGCGAACT	Root stele	0.971235	0.4365676	8.308649
CTCATCGAGTGGCGAT	Lateral root cap	0.987366	12.185227	8.902188
CTCATCGCAAGCGATG	Lateral root cap	0.86458	4.013358	2.8406105
CTCATCGTCAAACTGC	S phase	0.996602	6.3974805	1.332056
CTCATCGTCCGACGGT	Root cap	0.535893	11.507144	4.2022686
CTCATGCAGATTACCC	Root stele	0.961468	1.0978124	8.862189
CTCATGCAGATTCGCT	Lateral root cap	0.91442	10.500667	6.2804704
CTCATGCCAAGATTGA	Root cortex	0.975348	-0.30157465	2.6436362
CTCATTAAGACCATAA	Root hair	0.585564	5.8139153	-0.6937656
CTCATTACAAATGAGT	Lateral root cap	0.9881	13.701757	9.830621
CTCATTAGTACTCGTA	Root cap	0.789281	9.311999	3.7953746
CTCATTAGTCTTGTCC	Root stele	0.973899	1.3237393	7.944841
CTCATTAGTTAAGTCC	Root cortex	0.465413	-0.85967004	4.355086
CTCCAACAGCAACCAG	Root cortex	0.789374	1.5638968	3.4462345
CTCCAACAGCAATTAG	Root cap	0.741403	10.665249	4.1741257
CTCCAACAGCGAAACC	Lateral root cap	0.843416	11.218115	5.539395
CTCCAACAGCGTTAGG	Xylem	0.930273	-3.799275	6.357093
CTCCAACCAACCTAAC	Lateral root cap	0.942932	10.316247	8.42954
CTCCAACCACACGGAA	Lateral root cap	0.934161	9.991692	6.32343
CTCCAACGTCGGTGTC	Lateral root cap	0.977177	11.806553	6.781474
CTCCACAAGAACAGGA	S phase	0.832381	6.4784217	-0.5078181
CTCCACAAGAAGCGAA	Root cortex	0.990702	-0.3007735	0.9875432
CTCCACAGTCATAGTC	Lateral root cap	0.527084	-3.83811	5.484413
CTCCACATCGGTATGT	Root hair	0.881955	2.2083702	-3.4057117
CTCCATGCACGGCTAC	Root cortex	0.990071	-0.63384145	2.6197197
CTCCATGGTGCATACT	Non-hair	0.771522	2.577662	-1.241514
CTCCATGGTTTCGATG	Root cortex	0.968432	-2.8183053	0.8573934
CTCCCAAAGACCCGCT	Root stele	0.974061	0.4632269	8.421054
CTCCCAAAGTAGACAT	Root cortex	0.737201	-2.9359827	2.8611672
CTCCCAACATCCGTGG	Root cortex	0.96492	-0.9373982	0.9178943
CTCCCAAGTAACATAG	Root stele	0.969509	0.7343005	9.5243845
CTCCCAAGTGACAACG	Root cortex	0.894867	-0.73378617	3.894764
CTCCCAATCACTCTTA	Root hair	0.462348	6.2373962	-0.06531772
CTCCCAATCATTTCGT	Root stele	0.980287	0.5306768	8.230771
CTCCCAATCTGGGTCG	Root stele	0.331976	-1.4943904	7.3471923
CTCCCTCAGAGATCGC	Root endodermis	0.527434	-2.9128523	4.348166
CTCCCTCAGGAATTAC	Root cap	0.978176	10.237051	2.2824514
CTCCCTCCAACAAAGT	Lateral root cap	0.973702	10.842452	6.882532
CTCCCTCCACCCAATA	Unknow	0.928486	2.2506914	6.43255
CTCCCTCCAGAATTCC	Root cap	0.867841	10.096321	2.7890441
CTCCCTCCATACAGAA	Non-hair	0.596109	2.507862	1.9056324
CTCCCTCCATGTTCGA	Non-hair	0.986696	3.3480363	0.3902851
CTCCCTCGTAGCGATG	Root endodermis	0.949155	-2.3872068	5.344046
CTCCCTCGTTCCTTGC	Root stele	0.961333	-0.339009	8.791933
CTCCCTCTCAAGGCTT	Root cortex	0.952343	-2.410769	0.1822327
CTCCGATAGAATCGAT	Unknow	0.660904	6.913962	6.539837
CTCCGATAGACATGCG	Root stele	0.94945	-1.2380177	8.523863
CTCCGATAGCACGATG	Lateral root cap	0.707746	7.6441917	7.389956
CTCCGATAGTTGCGCC	Lateral root cap	0.981987	11.764565	9.808464
CTCCGATCAGACGGAT	Lateral root cap	0.503388	8.984686	4.4890428
CTCCGATGTGATGGCA	Lateral root cap	0.79623	10.244785	5.4413667
CTCCGATGTTGCGGCT	Non-hair	0.570122	2.4964554	1.8499997
CTCCGATTCAGGCGAA	Root cortex	0.446104	0.908358	-2.280233
CTCCGATTCCGAGGCT	Lateral root cap	0.987696	12.965004	9.793047
CTCCTCCAGCTAATGA	Root endodermis	0.909706	0.15436636	5.1013894
CTCCTCCCACGCGCTA	Non-hair	0.508392	3.1399767	1.9678041
CTCCTCCGTTCGGTAT	Root cap	0.597561	8.674378	4.2443695
CTCCTCCGTTGGGATG	Lateral root cap	0.989613	14.939805	9.500802
CTCCTCCTCCCTATTA	Root cortex	0.91724	-3.4589338	1.1518065
CTCCTCCTCCGTCCTA	Root cap	0.695227	11.045603	3.9522805
CTCCTCCTCGCCCAGA	Lateral root cap	0.778283	4.15821	2.407888
CTCCTCCTCTTTGATC	Root cortex	0.602279	-4.251781	2.2078977
CTCCTTTAGGGAGGCA	Xylem	0.963713	-3.4127762	6.4287252
CTCCTTTAGTTGGCTT	Unknow	0.896112	6.0689054	5.905579
CTCCTTTCACAGCCTG	Root cortex	0.990831	0.15891992	1.7272844
CTCCTTTTCCCAGTGG	Lateral root cap	0.775297	9.351962	5.7692304
CTCGAGGAGCATGCGA	Lateral root cap	0.850484	9.312276	6.0448422
CTCGAGGCAACAAGAT	Root cap	0.972806	11.169039	2.7548625
CTCGAGGCAACTCGTA	Lateral root cap	0.975756	12.247795	8.330301
CTCGAGGGTGTAAACA	Lateral root cap	0.963622	10.578942	6.847876
CTCGAGGTCTGTCCGT	Lateral root cap	0.968503	9.136612	8.755177
CTCTCAGAGCACGGAT	Lateral root cap	0.970969	12.871537	10.290338
CTCTCAGAGCTGGAGT	Lateral root cap	0.976895	10.376052	9.619499
CTCTCAGAGTGCAACG	Unknow	0.904745	5.2591696	3.9995463
CTCTCAGCAGGTGGAT	Root cortex	0.820889	-0.3528905	-0.044769734
CTCTCAGGTATTTCTC	Root stele	0.855684	0.16126753	6.428854
CTCTCAGGTTCGGCCA	Root cortex	0.96644	-1.3798434	2.5790105
CTCTCAGTCATGCCAA	Lateral root cap	0.609799	7.8887596	7.369918
CTCTCGAAGACATAGT	Lateral root cap	0.956651	11.697745	6.325504
CTCTCGAAGAGGTCGT	Xylem	0.548847	-2.4859834	6.5620246
CTCTCGAAGGGTTGCA	Root stele	0.975817	0.7125475	8.824576
CTCTCGACAGTCTTCC	Root endodermis	0.928255	-2.2850142	5.1024804
CTCTCGAGTGTTTGCA	Lateral root cap	0.955442	10.895194	6.3785057
CTCTGGTAGAGTGACC	Lateral root cap	0.647938	10.847599	5.3448834
CTCTGGTCAGAGATGC	Lateral root cap	0.644258	9.605771	4.544432
CTCTGGTCAGTGAGCA	Root cap	0.824636	8.29028	2.4430387
CTCTGGTGTGCGCTCA	Lateral root cap	0.968274	11.703853	10.693312
CTCTGGTGTTGACTGT	Root endodermis	0.515345	1.2310109	5.9296737
CTCTGGTTCCCAACTC	Lateral root cap	0.986675	11.985945	9.623123
CTCTGGTTCGTCTAAG	Lateral root cap	0.736747	9.214459	5.305997
CTGAATGAGCCGTAAG	Lateral root cap	0.989496	13.630265	8.501987
CTGAATGAGGCGCTCT	Root cortex	0.979758	-1.6687247	0.30115083
CTGAATGAGTCGTTAC	Lateral root cap	0.955538	10.884588	7.5108094
CTGAATGAGTGTAGAT	Root cortex	0.974372	0.64744145	-0.08305104
CTGAATGCAACCGCTG	Lateral root cap	0.789131	9.473424	6.0048327
CTGAATGCAAGGATGC	Lateral root cap	0.478555	7.990543	6.291876
CTGAATGCAAGTGACG	Root endodermis	0.931662	-2.454923	5.1419506
CTGAATGCACGCGCAT	Lateral root cap	0.968215	12.227355	10.948729
CTGAATGTCCACGGGT	Lateral root cap	0.94693	11.782538	6.6510463
CTGAATGTCGTCACCT	Root cortex	0.902933	1.0191412	-0.23068567
CTGAGCGAGAATTTGG	Root cortex	0.948212	-3.0480328	1.0858897
CTGAGCGAGGTGCGAT	Root stele	0.892122	1.1197833	7.464643
CTGAGCGTCTGGACCG	Lateral root cap	0.465634	7.957464	5.5312757
CTGAGGCAGACCCTTA	Root hair	0.989983	3.090406	-2.666019
CTGAGGCAGACGCTCC	Lateral root cap	0.741031	10.630787	5.5591183
CTGAGGCGTACCCGAC	Lateral root cap	0.953766	11.806248	6.168327
CTGAGGCGTATCCTTT	Root hair	0.620286	2.085612	-3.4413667
CTGAGGCTCGTTTACT	S phase	0.994723	6.3413343	1.5947129
CTGAGGCTCTAAGGAA	Xylem	0.993549	-3.334388	6.703754
CTGATCCCATGGGAAC	Lateral root cap	0.949385	9.932203	6.1392303
CTGATCCGTGAGTTTC	Lateral root cap	0.888806	10.149779	7.3818865
CTGCAGGCAGGTTCGC	Root endodermis	0.436782	-3.6199534	2.75613
CTGCAGGTCAACGAGG	Root cap	0.548508	11.603079	4.912671
CTGCATCCACTACACA	Non-hair	0.881745	3.136973	0.16520745
CTGCATCTCCGTCACT	Unknow	0.765035	3.459153	3.9176583
CTGCCATAGGCGTTGA	Lateral root cap	0.973671	12.361496	8.331875
CTGCCATGTAGCTGCC	Lateral root cap	0.983062	13.145086	10.658488
CTGCCATGTATCACGT	Root cortex	0.980254	-1.7354182	0.7330807
CTGCCATGTGCCCTTT	Root cortex	0.818723	-3.0082407	2.23565
CTGCCATTCCGTGGCA	Root cortex	0.556648	1.7354503	0.5497658
CTGCCATTCTCCTGTG	Non-hair	0.89927	3.0492256	0.21982898
CTGCCTACAACCGGAA	Lateral root cap	0.586135	8.09381	7.8029184
CTGCCTATCCGCTTAC	Lateral root cap	0.973256	9.77688	8.370959
CTGCGAGCACCAGACC	Root cortex	0.862736	-0.6522666	3.7243764
CTGCGAGGTCTGATCA	Non-hair	0.301933	1.9178487	2.9004703
CTGCGAGGTGGTAACG	Xylem	0.503733	-3.6744475	4.5936794
CTGCGAGGTTAGTTCG	Root stele	0.923417	1.6238245	7.77433
CTGCGAGTCATTTACC	Root endodermis	0.436186	-0.4942858	6.0425653
CTGCGAGTCCAGCACG	Root cortex	0.974708	-1.7501602	1.0985562
CTGCGAGTCGATTGGT	Root stele	0.977541	-0.44079083	9.127022
CTGCTCAAGTCACACT	Lateral root cap	0.981585	12.849943	10.3435755
CTGCTCACAATGGCCC	Root endodermis	0.750667	0.40283254	5.477385
CTGCTCAGTACTCGCG	Root cortex	0.929289	-0.8503703	1.9396405
CTGCTCAGTAGTCCTA	Root stele	0.662226	1.698881	6.949239
CTGCTCAGTTGTCTAG	Root stele	0.826052	-1.3082238	7.8851757
CTGCTCATCCGACGGT	Unknow	0.989475	4.381902	5.521654
CTGCTCATCGTGTCAA	Root cap	0.589262	10.166891	3.8093781
CTGGACGCAAGAGTTA	Lateral root cap	0.98073	12.8162775	8.124582
CTGGACGCACAAGCCC	Non-hair	0.298055	3.344474	2.1547415
CTGGACGCACCGGAAA	Root endodermis	0.651379	-3.3365316	2.8417995
CTGGACGCACCGTACG	Root stele	0.958732	1.2829626	7.772898
CTGGACGCAGGAGACT	S phase	0.995223	6.376652	1.4782763
CTGGACGCATGACGTT	Non-hair	0.982676	3.9201927	0.22009563
CTGGACGTCACTCTTA	Root cap	0.737883	9.624247	3.2831912
CTGGCAGAGGATGCGT	Root stele	0.978941	-0.34649533	8.754739
CTGGCAGAGTCATACC	Root hair	0.964457	2.6503856	-3.2545764
CTGGCAGAGTCGGCAA	Lateral root cap	0.973283	11.546425	8.161734
CTGGCAGAGTGATTCC	Root stele	0.958984	1.3045008	8.145981
CTGGCAGCACACACGC	Root cortex	0.990586	-0.4574437	1.5564016
CTGGCAGCATCAGCAT	Root cortex	0.907572	-2.465475	0.20227188
CTGGCAGGTAGATGTA	Root stele	0.673888	-1.2731508	7.868503
CTGGCAGGTCACGCTG	Root cap	0.969164	9.254985	2.364522
CTGGCAGGTGGAACCA	Root cap	0.953078	10.178972	2.3251674
CTGGCAGGTTAACCTG	Root cortex	0.314543	-4.4371734	2.2446942
CTGGCAGGTTTCGTAG	Non-hair	0.802993	4.029568	3.8652005
CTGGCAGTCAGACTGT	Root cortex	0.971972	-1.6695054	-0.2301159
CTGGCAGTCAGTCACA	Root cortex	0.971917	-1.1624336	-0.41526023
CTGGCAGTCGTGTGGC	Root cap	0.974875	9.99701	1.887114
CTGGTCTAGATACCAA	Root cortex	0.972181	-1.7754328	0.53726614
CTGGTCTCAAGCGGAT	Root cortex	0.671317	2.3743076	-0.04079316
CTGGTCTGTACTAAGA	Lateral root cap	0.988189	11.959681	8.913338
CTGGTCTTCCGTGTCT	Lateral root cap	0.976436	12.869205	9.061336
CTGGTCTTCGAACTCA	Lateral root cap	0.98655	15.516984	9.789314
CTGTACCAGGTCACAG	Non-hair	0.527725	6.1616797	-0.09686565
CTGTACCCAACACAGG	Unknow	0.898968	3.3038306	6.06915
CTGTACCCACATGTTG	Lateral root cap	0.963939	10.513181	8.01266
CTGTACCCAGTTGGTT	Lateral root cap	0.989518	13.16677	9.179571
CTGTACCGTACCTATG	Root cortex	0.962366	-2.406272	1.2533423
CTGTACCGTATCGCTA	Non-hair	0.311383	3.3374662	2.1945233
CTGTACCGTATGCTTG	Lateral root cap	0.975417	13.153732	10.452005
CTGTACCGTTAGGGAC	Lateral root cap	0.967665	9.483791	7.267635
CTGTACCTCCACGGGT	Non-hair	0.679595	2.8748891	2.8858972
CTGTAGAAGACGAAGA	Lateral root cap	0.621889	11.879769	5.038619
CTGTAGAAGCCTCATA	Lateral root cap	0.860639	10.854336	6.536811
CTGTAGACACTTGTGA	Root cortex	0.753643	-4.2063613	1.6216903
CTGTAGACAGCCTATA	S phase	0.702176	6.3647957	-0.5487115
CTGTAGACATGTCTAG	Root cortex	0.69704	3.0192816	1.4950736
CTGTAGACATTGACCA	Lateral root cap	0.858974	3.8004942	3.210039
CTGTAGAGTCAGGTGA	Root stele	0.971605	-0.34045053	8.9848585
CTGTAGAGTCCACACG	Lateral root cap	0.979423	13.11001	10.659347
CTGTAGAGTTGCTTGA	Root cap	0.978411	9.955934	1.5089442
CTGTAGATCCAAGCCG	Lateral root cap	0.915433	9.6551895	9.147762
CTGTAGATCGCCTAGG	Lateral root cap	0.987044	13.309312	9.792177
CTGTAGATCTATACTC	Root hair	0.988582	3.2498348	-2.949289
CTGTATTAGAAGCCAC	Xylem	0.94418	-3.3694956	6.54807
CTGTATTAGACGTCGA	Root stele	0.926306	-1.5579338	8.405295
CTGTATTAGCGACTAG	Lateral root cap	0.990411	14.5292015	9.335851
CTGTATTTCCTAACAG	Unknow	0.850209	6.4601736	6.444988
CTGTATTTCGACGAGA	Root cortex	0.965239	0.79832774	1.021967
CTGTATTTCTAGGCAT	Non-hair	0.555733	1.734218	-0.031121228
CTGTATTTCTTGATTC	S phase	0.843236	6.4098897	0.22723588
CTGTCGTAGCTCGCAC	Root endodermis	0.662857	0.9194814	4.568195
CTGTCGTAGTAGGCCA	Root endodermis	0.950203	-0.48457646	5.08052
CTGTCGTCAAAGCTCT	Non-hair	0.279811	3.157355	2.195976
CTGTCGTTCACTCGAA	Lateral root cap	0.98498	13.312656	10.477017
CTGTCGTTCAGGTAAA	Xylem	0.381675	-3.4648662	3.9759574
CTGTCGTTCTCAGAAC	Lateral root cap	0.923833	9.384538	7.164703
CTGTGAAAGCCTCTCT	Lateral root cap	0.9866	14.58746	10.349154
CTGTGAAAGTCATGAA	Lateral root cap	0.872771	11.3510685	6.376658
CTGTGAACAAATTGCC	Root stele	0.978971	0.9340946	8.476556
CTGTGAACAACGGCCT	Lateral root cap	0.982651	11.012853	9.372767
CTGTGAACAATGTGGG	Root endodermis	0.855429	0.37413338	4.9148927
CTGTGAACAGATTTCG	Unknow	0.532585	6.8812838	6.2428803
CTGTGAAGTATCGTTG	Lateral root cap	0.987393	13.038328	9.829316
CTGTGAATCAGCAATC	Lateral root cap	0.928531	10.032546	6.31677
CTGTGAATCTTACGTT	Root stele	0.969812	-0.70592	8.364433
CTGTGGGCACCAAATC	Lateral root cap	0.673865	7.838285	5.891814
CTGTGGGTCATGAGAA	Non-hair	0.801673	1.9490281	0.69142246
CTGTGGGTCATGCATG	Lateral root cap	0.768968	8.396543	6.9429464
CTGTGGGTCCGAGGCT	Root cortex	0.985141	-0.47842497	0.7013938
CTTACCGAGTGCACCC	Lateral root cap	0.904122	8.731897	7.785251
CTTACCGCATGATAGA	Root stele	0.905891	0.095696844	6.8993425
CTTACCGGTCGTACAT	Lateral root cap	0.865699	9.56147	8.901505
CTTACCGGTCGTCTCT	Unknow	0.684199	1.9829272	6.4967723
CTTACCGGTTACGCCG	Lateral root cap	0.974147	11.726687	9.471532
CTTACCGTCGAATGCT	Columella root cap	0.581899	7.1933775	5.223139
CTTAGGAAGCACTCCG	Root hair	0.889542	6.0105376	-0.8332559
CTTAGGACATGGCACC	Lateral root cap	0.991081	14.471734	10.106557
CTTAGGAGTATCAAGA	Lateral root cap	0.960922	11.929644	7.8827972
CTTAGGATCGTAACTG	Lateral root cap	0.973761	12.049306	6.485493
CTTCAATAGCGCCTTG	Root stele	0.951663	1.3085668	8.030612
CTTCAATAGCGGTATG	Root stele	0.946943	-1.0676874	8.518444
CTTCAATCAAATCGGG	Root cortex	0.957123	0.68825006	0.29074267
CTTCAATCAATCAAGA	Root cortex	0.989173	0.62950003	1.67816
CTTCAATTCACGATAC	Root cortex	0.95233	-2.886622	1.7381173
CTTCAATTCGCTACGG	Lateral root cap	0.967467	11.351888	8.632855
CTTCAATTCTATACTC	Columella root cap	0.574982	7.493668	5.738116
CTTCAATTCTGGCCGA	Unknow	0.971913	4.528085	5.0339446
CTTCCGAAGGTAGCCA	Non-hair	0.823133	2.3441038	-0.76962477
CTTCCGACAGAACATA	Root cortex	0.990748	-0.54541075	1.9056535
CTTCCGACATGCAGCC	Root cap	0.934519	10.36932	2.9657588
CTTCCGAGTGGAGAAA	Root cortex	0.98424	-0.44933772	0.82406026
CTTCCGATCAAATAGG	Lateral root cap	0.97737	11.886811	9.5357
CTTCCGATCACTTTGT	Lateral root cap	0.943863	11.435073	7.636196
CTTCCGATCTCGCTCA	Root cortex	0.981793	0.040882256	2.3251915
CTTCCTTCATTCCTAT	Root hair	0.970068	3.123	-2.374303
CTTCCTTGTATCCTTT	Root cap	0.951253	11.04815	3.0499084
CTTCCTTGTCTCAGAT	Lateral root cap	0.289841	7.776332	5.1267576
CTTCCTTGTGGCCACT	Lateral root cap	0.953384	8.970026	8.4263735
CTTCCTTGTGTTGATC	Root endodermis	0.845838	-1.6147906	6.024081
CTTCCTTTCAGTGTCA	Lateral root cap	0.971966	10.14253	8.223738
CTTCCTTTCTCAACGA	Lateral root cap	0.986226	12.3645735	8.162097
CTTCCTTTCTGCCTGT	Root cortex	0.977459	-0.6512007	0.2324507
CTTCGGTCAGACCTAT	Lateral root cap	0.562598	9.18211	4.6996956
CTTCGGTCAGAGTGTG	Lateral root cap	0.898877	12.020567	5.995944
CTTCGGTCATATAGCC	Lateral root cap	0.982946	11.962558	9.084958
CTTCGGTTCAACCTTT	Lateral root cap	0.967624	4.5048623	3.2411792
CTTCGGTTCACCTGTC	Lateral root cap	0.937539	10.382258	8.757382
CTTCTAAAGTATAGAC	Root cortex	0.808339	-3.7203567	1.7913516
CTTCTAACATCTCATT	Root cortex	0.938924	-2.9897964	2.089686
CTTCTAAGTGACGTCC	Root stele	0.704975	-0.62477356	7.867745
CTTCTCTAGTTATGGA	Non-hair	0.943603	2.964711	-0.7957373
CTTCTCTCAAACTAGA	Unknow	0.905656	2.7468002	3.697363
CTTCTCTCAACGGCTC	Root cortex	0.937648	-3.2803266	0.75679374
CTTCTCTCAATGCAGG	Lateral root cap	0.97956	11.287413	9.177242
CTTCTCTCACGGCTAC	Root cap	0.974514	9.871138	1.9085765
CTTCTCTCACGGGTAA	Root cortex	0.98494	-1.2081085	1.7886689
CTTCTCTGTCTTGAGT	Unknow	0.985895	3.1645315	5.053367
CTTCTCTTCGGAAACG	Root cortex	0.653096	0.11084442	-0.5738015
CTTGAGAAGGTTCCGC	S phase	0.982714	6.5650973	0.6242025
CTTGAGAAGTGGAAGA	Lateral root cap	0.98876	14.512297	10.201883
CTTGAGACACAGTCAT	Root stele	0.983212	-0.17060064	8.420964
CTTGAGACACATATCG	Lateral root cap	0.625665	7.7509494	6.864944
CTTGAGACACGTTGGC	Root endodermis	0.300371	-3.199666	4.1476874
CTTGAGAGTATGTGTC	Lateral root cap	0.917835	9.435336	7.0941586
CTTGAGAGTCGTGGTC	Root cortex	0.836528	1.0478559	-0.74547386
CTTGAGAGTGGACAGT	Xylem	0.797663	-3.62577	6.1742435
CTTGAGAGTTGCATGT	Lateral root cap	0.752005	7.8838725	7.2893333
CTTGATTAGCAGCACA	Xylem	0.945952	-3.412147	6.3401585
CTTGATTCAATACGAA	Root endodermis	0.801422	-0.8418801	5.0034065
CTTGATTCACATTCTT	Root cortex	0.886152	1.6400782	-0.4595869
CTTGATTCATCCGCGA	Lateral root cap	0.827908	9.268834	5.6921954
CTTGATTGTACGTACT	Lateral root cap	0.985393	12.565166	9.901694
CTTGATTGTCGAGATG	Root cortex	0.824075	-3.230838	2.115245
CTTTCAAAGGAGAGTA	Root stele	0.840569	1.8945544	8.296477
CTTTCAAAGTACAGAT	Root stele	0.982344	-0.25527272	8.631092
CTTTCAAAGTTTCAGC	Root stele	0.700756	1.4996434	6.7310863
CTTTCAACAACCACGC	Non-hair	0.875038	2.4397385	1.6867822
CTTTCAACAACCCGCA	Lateral root cap	0.983973	11.225841	9.4148245
CTTTCAACAGCCTACG	Root stele	0.963727	-0.07846254	8.454875
CTTTCAAGTATCCTCC	Root cortex	0.823465	1.019327	0.3842772
CTTTCAAGTCCAAATC	Root cap	0.533003	9.9152565	4.5325236
CTTTCAAGTTGCATAC	Lateral root cap	0.879986	8.8357	6.4325237
CTTTCAAGTTGCCAAT	Lateral root cap	0.87942	12.309919	5.5928607
CTTTCGGAGATCCGAG	Unknow	0.94131	5.2325273	5.4747143
CTTTCGGCATGGCCCA	Unknow	0.977606	4.933723	4.350657
CTTTCGGGTTCTGAGT	Root stele	0.954752	1.1802778	9.05051
CTTTCGGTCAGCGCAC	Root endodermis	0.332307	1.4331888	5.514865
CTTTCGGTCATGCGGC	Root endodermis	0.464591	-0.69561327	6.382553
GAAACCTAGAGCCATG	Root cortex	0.981183	0.6680837	-0.46160167
GAAACCTAGATGTTGA	Root cortex	0.98954	-0.16134366	2.6152072
GAAACCTAGGATTTGA	Root stele	0.962041	1.0840341	7.623174
GAAACCTCAAGACCTT	Root cortex	0.856857	-1.7101628	2.940866
GAAACCTCAGTCAGAG	Root cap	0.689726	7.32491	0.5365091
GAAACCTTCCAGTTCC	Lateral root cap	0.601856	8.137408	6.252244
GAAACCTTCCCTCTCC	Lateral root cap	0.983958	11.403914	9.415546
GAAATGAAGAAGCCAC	Lateral root cap	0.983669	13.534412	8.33604
GAAATGAAGTCTGGTT	Lateral root cap	0.526042	9.201856	5.050093
GAAATGACAACTTGCA	Lateral root cap	0.966184	13.74234	9.319052
GAAATGACACACCTAA	Lateral root cap	0.906595	11.478173	5.94303
GAAATGAGTACTAAGA	Xylem	0.985753	-3.393463	6.635187
GAAATGAGTAGTAAGT	Lateral root cap	0.985764	11.144053	10.022329
GAAATGAGTATGTCCA	Lateral root cap	0.799699	9.197443	6.181527
GAAATGATCACGACTA	Non-hair	0.938976	3.347867	-0.10964404
GAAATGATCCAAGCTA	Xylem	0.364271	-1.855744	6.3611484
GAACACTAGAACGTGC	Root cortex	0.928112	-3.070932	1.8275498
GAACACTAGAAGTGTT	Root stele	0.957872	1.2086878	9.097432
GAACACTAGCCAACCC	Lateral root cap	0.943899	10.739006	6.186439
GAACACTCAGTTCCAA	Lateral root cap	0.957997	11.871056	6.191357
GAACACTCATCGTGCG	Unknow	0.925282	4.6952763	4.508194
GAACACTCATGTGTCA	Lateral root cap	0.983466	11.691726	9.580687
GAACACTGTCCGAAAG	Lateral root cap	0.981547	10.452599	8.278586
GAACACTGTTGCTCCT	Lateral root cap	0.971334	13.113931	11.264634
GAACACTTCACAGAGG	S phase	0.996119	6.2836	1.801581
GAACACTTCGCAACAT	Lateral root cap	0.77923	10.930732	6.2987576
GAACACTTCGGTATGT	Non-hair	0.312191	3.2283583	2.3598986
GAACACTTCTATCGTT	Non-hair	0.480112	1.4897859	-0.42584124
GAACACTTCTGCTCTG	Root cortex	0.954883	-0.14582372	3.6622772
GAACGTTAGAAGTCCG	Root cortex	0.979426	-1.7147205	1.2116106
GAACGTTAGTCCCGAC	Lateral root cap	0.971534	10.038069	7.496517
GAACGTTCAGCATTGT	Lateral root cap	0.672054	7.982939	6.3070107
GAACGTTCAGTCAGAG	S phase	0.995666	6.5638433	0.9404092
GAACGTTGTATGCGGA	Unknow	0.868986	5.6305976	5.9232416
GAACGTTGTGACAGGT	Non-hair	0.395849	3.3309171	1.9732322
GAACTGTAGCATCCTA	Root stele	0.890549	-0.48807424	8.595969
GAACTGTAGGCCGCTT	Lateral root cap	0.982912	10.483432	8.76925
GAACTGTAGGCTAAAT	Root hair	0.98469	3.260308	-2.4274285
GAACTGTCACTATGTG	Non-hair	0.320899	5.5332294	4.0541844
GAACTGTCAGCTGTTA	Xylem	0.418851	-3.7702281	4.487971
GAACTGTGTGTATCCA	Root stele	0.905753	0.4496362	6.968327
GAACTGTGTTAATCGC	Lateral root cap	0.455222	8.348482	6.0032983
GAACTGTTCCATTGCC	Lateral root cap	0.958148	9.2882805	8.727921
GAACTGTTCTGCGTCT	Root stele	0.75434	-0.027703077	7.0108995
GAAGAATAGCACTCAT	Lateral root cap	0.75702	8.860774	7.3802395
GAAGAATAGGTTCAGG	Root cortex	0.986856	-0.5472267	1.4686867
GAAGAATCAGTGGCTC	Lateral root cap	0.935874	12.369938	10.432556
GAAGAATGTCAGATTC	Root cap	0.978308	9.919318	1.5605124
GAAGAATGTGCCGAAA	S phase	0.9971	6.420334	1.4071125
GAAGAATTCCTCCACA	Unknow	0.949972	5.5503397	6.235976
GAAGCCCAGGCTGAAC	Root cortex	0.986345	-1.2205055	1.7318091
GAAGCCCCATGGTACT	Root endodermis	0.703128	-1.757229	6.1152387
GAAGCCCCATTCTCCG	Root cortex	0.421653	-4.3748775	2.2816408
GAAGCCCGTGTTAGCT	Root cap	0.96883	10.16531	2.5217478
GAAGCCCGTTGACTAC	Root cap	0.865021	9.308577	3.6950161
GAAGCCCTCGCTTGCT	Lateral root cap	0.716224	8.252146	7.9772983
GAAGCCCTCGTTAGAC	Root cortex	0.851235	-0.59089047	-1.0451212
GAAGCCCTCTTCGTAT	Root cortex	0.949713	0.12934652	2.1289263
GAAGCGAAGTAGCTCT	Root endodermis	0.845101	-1.3878403	6.104076
GAAGCGAAGTGATCGG	Root cap	0.987454	10.155366	1.6101152
GAAGCGACAGTGACCC	Root stele	0.741441	0.16547258	6.5496674
GAAGCGACATGTGGCC	Non-hair	0.961239	3.776914	0.47318545
GAAGCGAGTTACCTTT	Lateral root cap	0.891997	9.737134	6.3943167
GAAGCGATCGAGATGG	S phase	0.713305	6.3641	-0.38207325
GAAGGACCAAACGGCA	Root cortex	0.985724	0.6458631	0.42230225
GAAGGACCAGGCGATA	Root cortex	0.991525	0.15300494	1.7098943
GAAGGACGTACAAGCG	Root cortex	0.704264	0.8269962	-1.9348835
GAAGGACTCACTACGA	Root cortex	0.942837	-0.719736	-0.24141037
GAAGGGTGTATACAGA	Lateral root cap	0.899389	10.5895	6.1578197
GAAGGGTGTCTCTCAC	Lateral root cap	0.955534	9.207577	7.8429995
GAAGGGTGTGGTCAAG	Root cortex	0.938133	-2.4579537	0.56034654
GAAGGGTGTTCCGCGA	Non-hair	0.611151	1.4745545	0.27324292
GAAGGGTTCATTCCTA	Lateral root cap	0.961313	13.232451	7.6988564
GAAGTAACAGGTGGAT	Unknow	0.955152	3.3521261	4.9184046
GAAGTAAGTAAGTTGA	Lateral root cap	0.499706	3.3436146	3.029689
GAAGTAATCGACGACC	Root stele	0.942109	-1.5471277	8.778396
GAAGTAATCTCTGACC	Xylem	0.45817	-3.9304576	4.594449
GAATAGAAGCCTAGGA	Root cap	0.448836	8.796458	4.321768
GAATAGAAGGAATGTT	Lateral root cap	0.983008	12.18679	9.08017
GAATAGAAGGATGTTA	Lateral root cap	0.989036	14.456526	8.992387
GAATAGAAGTCATCGT	Unknow	0.86995	6.093711	5.9809575
GAATAGACAAGTGCTT	Root cap	0.956952	10.4902525	2.5307329
GAATAGACAATACCTG	Unknow	0.862702	4.213918	4.4894195
GAATAGACATCATCTT	Unknow	0.617385	7.25548	6.9292006
GAATAGAGTACGTACT	Lateral root cap	0.352132	7.837596	4.735436
GAATAGAGTCGCATGC	Lateral root cap	0.715426	10.929297	4.7790375
GAATAGAGTGAGCAGT	Root cortex	0.898914	-3.373631	1.2743813
GAATAGAGTGCGACAA	Root endodermis	0.509479	-2.4083912	5.926842
GAATAGATCACTAGCA	Root endodermis	0.555971	1.1325979	4.9696784
GAATAGATCCATTGCC	Root cortex	0.967955	0.23473468	-0.35673073
GAATAGATCCGTTGGG	Root cortex	0.782721	-3.5817835	2.2884247
GAATCACAGCTAGAGC	Root endodermis	0.733254	-3.0386822	5.030617
GAATCACAGGTCATCT	Lateral root cap	0.556003	11.133566	5.27521
GAATCACAGGTGGGTT	Root stele	0.941555	-0.625563	7.8171163
GAATCACCACTTCTCG	Root cortex	0.855432	1.8951876	-0.1621707
GAATCACCACTTGTGA	Root stele	0.957855	-1.32457	8.919396
GAATCACGTGGCGCTT	Lateral root cap	0.953839	9.176475	8.849024
GAATCACGTTGACTGT	Lateral root cap	0.601582	7.8551435	6.532078
GAATCACTCCTGCTAC	Unknow	0.936266	2.3127017	5.0394316
GAATCGTAGAGAGAAC	Lateral root cap	0.987629	15.332844	9.862108
GAATCGTAGGGTACGT	Root endodermis	0.610636	-1.5894965	6.130716
GAATCGTAGTAGTGCG	Lateral root cap	0.990267	11.352123	8.875837
GAATCGTCAATCTCGA	Root cortex	0.307997	-3.1587267	4.057791
GAATCGTCAGCGTACC	Root stele	0.843604	1.550265	7.180552
GAATCGTGTACAAACA	Root cortex	0.776441	1.4525666	0.17882523
GAATCGTGTGAGGATC	Root stele	0.961426	0.3332385	7.2073884
GAATCGTGTGGAAGTC	Lateral root cap	0.988802	13.774062	9.358864
GAATCGTTCGTCAAAC	Lateral root cap	0.957426	10.907474	6.607595
GAATCGTTCGTCAACA	S phase	0.891133	5.9652534	2.75456
GACACGCCACGCGGTT	Root stele	0.961339	-1.4082671	8.883653
GACACGCCATGGCACC	Lateral root cap	0.98097	12.641161	8.673117
GACACGCGTAACCCTA	Root endodermis	0.879534	1.0166245	4.5892467
GACACGCGTAGACGTG	Root stele	0.837091	1.4697206	7.586332
GACACGCTCTTCGACC	Root cortex	0.983507	-1.2812173	1.1080284
GACACGCTCTTTCTAG	Lateral root cap	0.417405	3.634633	2.1444356
GACAGCCAGCCACAAG	Root cortex	0.981516	0.14866193	1.584535
GACAGCCAGGTTAAAC	Root cap	0.858301	10.678946	3.8131924
GACAGCCCACTGTGTA	Lateral root cap	0.805618	8.439399	7.0107317
GACAGCCCATGGACAG	Non-hair	0.750656	5.0020795	-0.26114208
GACAGCCGTAACGATA	Lateral root cap	0.977437	10.945133	9.25976
GACAGCCGTCAAAGCG	Unknow	0.439181	6.824873	6.326127
GACAGCCGTGATACAA	Lateral root cap	0.984563	14.379434	9.775868
GACAGCCGTGGCAGAT	Unknow	0.828055	3.6369407	4.0993204
GACAGCCGTTCCGCGA	Lateral root cap	0.978117	12.619817	10.777015
GACAGCCTCAAGTCTG	Non-hair	0.899808	2.2834094	1.144294
GACATCAAGAATTTGG	Lateral root cap	0.594166	10.388235	4.0645394
GACATCAAGGCTCACC	Root stele	0.886269	1.6490804	7.4859266
GACATCAAGTGCAACG	Lateral root cap	0.702975	8.126139	6.3316007
GACATCACAAAGCACG	Lateral root cap	0.961919	10.8136835	6.8025317
GACATCACACGACCTG	Lateral root cap	0.418835	7.4350357	6.650978
GACATCACATGTCGTA	S phase	0.92226	6.543066	0.14593333
GACATCATCACATTGG	Root cortex	0.737418	1.4208258	-1.6305044
GACATCATCACTTTGT	Root hair	0.957347	5.9960766	-1.0277199
GACATCATCATGAGAA	Lateral root cap	0.971381	12.217954	8.734266
GACATCATCCATACTT	Root cortex	0.741665	1.3867651	0.21390367
GACATCATCCTGTAGA	Lateral root cap	0.972887	10.632508	8.213266
GACCAATAGTAGGTTA	Xylem	0.302876	-2.9271328	4.9918156
GACCAATGTCGCTCGA	Root cortex	0.992574	0.082308374	2.159225
GACCAATGTGAGTCAG	Lateral root cap	0.814068	3.8614123	2.9966815
GACCAATGTGCATGAG	Root cortex	0.83251	-0.2884496	4.588497
GACCAATTCACTGGTA	Root hair	0.845887	2.3195949	-3.0437918
GACCAATTCCGTGCGA	Lateral root cap	0.975556	12.000914	8.218536
GACCCAGAGGTGCTAG	Lateral root cap	0.461511	3.480507	2.391485
GACCCAGAGTCAATCC	Root cortex	0.782445	1.2111708	0.9033473
GACCCAGCAATCGAAA	Non-hair	0.955071	3.3372047	-0.12475523
GACCCAGCACGCAGTC	Non-hair	0.953825	2.9291148	-0.589469
GACCCAGGTACCATAC	Xylem	0.796711	-3.73505	6.1880937
GACCCTTAGCGCTGCT	Unknow	0.969959	5.818577	6.4042916
GACCCTTAGCTACTGT	Xylem	0.980745	-2.4294848	7.291543
GACCCTTAGTCTAACC	Root hair	0.958432	5.449471	-1.1973666
GACCCTTCACATTCTT	Root stele	0.927793	0.68000436	8.181662
GACCCTTCACCACTGG	Root cortex	0.960554	0.75923204	0.3054503
GACCCTTGTATGCTAC	Root cap	0.959442	10.007893	2.194707
GACCCTTTCGTTAGTG	Root cortex	0.98993	0.36120418	2.0529375
GACCGTGAGCATCAAA	Non-hair	0.813401	5.0147943	-0.31214932
GACCGTGCAAAGAGTT	Root cortex	0.930741	1.1573063	1.9111243
GACCGTGCAAATCAGA	Lateral root cap	0.986771	14.345339	10.038071
GACCGTGCAGTCTGGC	Root cortex	0.968305	0.768273	1.6105756
GACCGTGCAGTTTGGT	Unknow	0.789367	1.4343051	5.362626
GACCGTGGTACCCGAC	Lateral root cap	0.926573	8.861731	8.012396
GACCGTGGTCGCTTGG	Root cortex	0.980382	-1.1077937	1.2520834
GACCGTGGTGATGAAT	Root cortex	0.447152	1.7345791	-1.4076867
GACCGTGGTGCAATGG	Lateral root cap	0.614423	11.74785	5.1528263
GACCGTGTCGATTGAC	Unknow	0.461137	6.3851886	5.708764
GACCGTGTCGGAAGGT	Root cortex	0.98634	0.3813141	2.5060906
GACCGTGTCGTTCTGC	Lateral root cap	0.51802	7.6068797	6.746014
GACCTTCGTCAGGAGT	Lateral root cap	0.648118	11.181665	4.4744186
GACCTTCGTGCTCGTG	Lateral root cap	0.485579	11.04499	10.586319
GACCTTCTCGAGTCCG	Root cortex	0.978372	-0.98429495	1.8136731
GACCTTCTCGCTGATA	Root cortex	0.972461	-2.1935756	0.45083377
GACGCTGAGACCACGA	Lateral root cap	0.986582	12.483593	7.7535477
GACGCTGAGGCATCTT	Root cortex	0.657588	1.745083	0.89066786
GACGCTGAGTAGTCCT	Root cortex	0.759278	1.6638864	1.9837271
GACGCTGGTGGAACAC	Xylem	0.945389	-2.568703	6.9040017
GACGCTGGTTTCTTAC	Root cortex	0.988918	0.4350033	1.641833
GACGCTGTCCGTGTCT	Root cortex	0.951492	-1.3491988	0.27402395
GACGTTAAGATACCAA	Root hair	0.662642	1.6417605	-2.6771538
GACGTTAAGCTCGCAC	Lateral root cap	0.983411	12.829927	9.116376
GACGTTAAGTCACAGG	Xylem	0.7773	-3.0339456	6.0148244
GACGTTACAGTTAGAA	Root cortex	0.806751	2.3113205	0.7241153
GACGTTACAGTTGAAA	Lateral root cap	0.793741	8.979647	8.735977
GACGTTACATCCCACT	Xylem	0.952649	-2.7868888	6.751407
GACGTTACATTGCAAC	Lateral root cap	0.836603	3.9892268	3.1927192
GACGTTAGTCGCGTCA	Root cap	0.757591	10.375199	4.2112103
GACGTTAGTTACCTGA	Lateral root cap	0.987747	13.810179	9.603706
GACGTTAGTTCGGCCA	Root cortex	0.887994	1.4200819	1.7590324
GACTATGCACAGCATT	Lateral root cap	0.625449	8.543752	5.3655934
GACTATGCAGGTATGG	Root stele	0.957874	-1.6122539	8.832118
GACTATGCATCGGAAG	Lateral root cap	0.805796	9.32729	7.3430552
GACTATGGTCCACAGC	Lateral root cap	0.973417	10.0823145	7.233167
GACTATGGTCGAACAG	Root stele	0.941858	0.2615413	7.141999
GACTATGGTCGCTGCA	Root endodermis	0.919651	0.8350096	5.047025
GACTATGTCGACCACG	Lateral root cap	0.78904	8.2156515	6.5781813
GACTATGTCTTCCACG	Lateral root cap	0.979208	12.794213	7.5565987
GACTCAAAGGTCATAA	Lateral root cap	0.816384	10.227097	5.134188
GACTCAACAACAAGAT	Non-hair	0.990287	3.6873608	-0.23981398
GACTCAAGTGAGCTCC	Root cortex	0.910797	-1.5479615	0.38817102
GACTCAAGTGCCGTTG	Root cortex	0.985812	-0.33711842	1.1816937
GACTCAAGTTAGAAAC	Unknow	0.877274	6.237855	6.6309414
GACTCAAGTTTCAGAC	Lateral root cap	0.977402	12.160238	7.42977
GACTCAATCAAGCCGC	Root stele	0.972947	-0.081095584	7.6004677
GACTCAATCCTATTTG	Root endodermis	0.663423	-0.69046116	4.5153327
GACTCAATCGTGGAAG	Lateral root cap	0.84008	11.013303	5.515555
GACTCTCAGAATAGTC	Columella root cap	0.355285	7.4991045	5.2414594
GACTCTCAGTCCTACA	Root cortex	0.901127	1.2209902	-1.0364469
GACTCTCCACCTCTGT	Root cortex	0.912573	-0.23197684	-1.2001989
GACTCTCTCAGCATTG	Root cortex	0.867003	1.6769744	-0.5960782
GACTCTCTCAGCTCTC	Lateral root cap	0.934807	11.575246	6.8152814
GACTCTCTCATTATCC	Lateral root cap	0.986194	12.816432	10.257272
GACTCTCTCCAGTTCC	Root cap	0.424561	8.915883	4.751006
GACTGATAGGACACTG	Root hair	0.919028	5.6440945	-1.0313566
GACTGATCAGGACTTT	Lateral root cap	0.42184	7.882889	5.731491
GACTGATGTCCAGCAC	Xylem	0.382019	-4.5604596	2.089412
GACTGATGTTCAAAGA	Root stele	0.981266	0.5616321	8.507517
GACTGATTCCACCTCA	Lateral root cap	0.695749	8.43679	5.746923
GACTGATTCTCGTGGG	Root stele	0.961138	-0.8595554	8.532757
GACTTCCAGAACGCGT	Xylem	0.895614	-3.7552464	4.5869937
GACTTCCAGCGCTGCT	Root cortex	0.483981	3.1603568	1.4760981
GACTTCCAGGGACAGG	Lateral root cap	0.982256	11.496838	9.935652
GACTTCCAGTAACCTC	Root cap	0.959959	10.212813	2.154116
GACTTCCCACTGGATT	Lateral root cap	0.935961	9.064851	7.340403
GACTTCCGTTGCATCA	Lateral root cap	0.666206	8.060857	5.884641
GACTTCCTCGTAGCTA	Lateral root cap	0.978593	10.988377	9.886116
GAGAAATAGCGTGTCC	Lateral root cap	0.847925	11.280156	5.915449
GAGAAATCACGTTCGG	Root stele	0.9615	-1.3835196	8.697574
GAGAAATGTATACAGA	Non-hair	0.755715	2.3124883	1.7469764
GAGAAATGTGTTTCTT	Lateral root cap	0.945042	11.311126	6.4014444
GAGAAATTCATCGGGC	Root cap	0.961733	11.23938	2.8660715
GAGAAATTCATTTCCA	Xylem	0.823015	-3.3336635	5.4346657
GAGAAATTCGTGTTCC	Lateral root cap	0.605699	5.9569645	5.2331142
GAGAAATTCTCACGAA	Root cortex	0.909751	-2.9577045	2.1695938
GAGAAATTCTCATTTG	Root stele	0.960334	-1.2364036	9.153217
GAGAAATTCTGGGATT	Root cap	0.940315	9.89085	2.741563
GAGACCCAGATCCCGC	Unknow	0.967386	5.9275885	6.576903
GAGACCCAGCACTTTG	Root cortex	0.927194	-3.2185075	1.6642038
GAGACCCAGCCAAGCA	Root stele	0.473859	0.16871089	6.0611334
GAGACCCCAAGTATCC	Root stele	0.974646	0.23284546	9.1709
GAGACCCGTCTCGGAC	Lateral root cap	0.985728	13.282388	10.504364
GAGACCCGTCTTACAG	Non-hair	0.791285	1.860257	-1.0636045
GAGACCCTCGATACGT	Lateral root cap	0.981675	12.70188	10.742755
GAGACTTAGAACAAGG	Lateral root cap	0.790788	8.29016	7.377268
GAGACTTGTAATTAGG	Root cortex	0.962923	-2.7416704	1.1110471
GAGACTTGTCACATTG	Root stele	0.979338	-0.30635655	8.860741
GAGACTTGTCCAAAGG	Root endodermis	0.926419	-1.903366	5.52089
GAGACTTTCGCATTGA	Unknow	0.974337	3.9310582	5.382436
GAGAGGTAGATTCGCT	Lateral root cap	0.98769	11.464669	9.01854
GAGAGGTAGCCGAATG	Root endodermis	0.670489	0.64936894	4.557881
GAGAGGTAGTGATAAC	Root cortex	0.982465	-0.57952875	1.1298351
GAGAGGTCAAGTCATC	Lateral root cap	0.988126	14.233828	9.223062
GAGAGGTGTAGAAACT	Root endodermis	0.867522	-2.1884985	4.7921767
GAGAGGTGTAGTCTGT	Lateral root cap	0.987127	13.992937	9.787324
GAGAGGTGTATGAGCG	Unknow	0.876135	5.0991626	4.4369984
GAGAGGTTCCTGTTAT	Lateral root cap	0.68293	8.037522	6.3438754
GAGATGGAGACCCGCT	Lateral root cap	0.983449	12.83627	10.5768385
GAGATGGAGCTAGAGC	Unknow	0.531368	7.2950096	6.6151934
GAGATGGAGTGGCCTC	Root cortex	0.959448	0.6969559	1.2299427
GAGATGGCAAGTGATA	Root cap	0.987071	9.861653	1.5576555
GAGATGGCATAACCCA	Lateral root cap	0.629438	10.111419	4.5812354
GAGATGGGTACGTACT	Root cortex	0.991404	-0.5675956	2.2942307
GAGATGGTCAAGTGGG	Root stele	0.782699	1.952887	8.16065
GAGATGGTCCAAGCTA	Lateral root cap	0.982569	12.444991	8.511272
GAGATGGTCCGCGAGT	Non-hair	0.942227	3.6960773	0.6353191
GAGCCTGAGGTCCGAA	Root cortex	0.974054	-0.39752352	1.0926548
GAGCCTGCATTGCTGA	Non-hair	0.989921	3.4046347	0.96046495
GAGCCTGCATTGTACG	Root cortex	0.801092	0.9791395	0.64039713
GAGCCTGTCCTGATAG	Lateral root cap	0.458266	7.090894	7.0595574
GAGCCTGTCTGATGGT	Root stele	0.963639	-0.85791576	8.536702
GAGCTGCAGAGTCGAC	Lateral root cap	0.989871	13.461869	9.008584
GAGCTGCCAGTAGAAT	Root cortex	0.972314	-1.557741	-0.30616367
GAGCTGCTCCCAAGTA	Xylem	0.420781	-3.6789563	4.200072
GAGGCAAAGGTCATTC	Root stele	0.946357	1.0858842	7.398942
GAGGCAAAGTCACTGT	Unknow	0.41775	7.542183	6.666677
GAGGCAACAAGTAGTA	Lateral root cap	0.621135	11.093643	4.424807
GAGGCCTAGGAATCGC	Root endodermis	0.772488	-0.7667601	5.4306355
GAGGCCTCACAGTGAG	Lateral root cap	0.946636	10.914356	6.508612
GAGGCCTCAGTTAGGG	Non-hair	0.984277	3.776707	0.29707935
GAGGCCTTCCCTCATG	Root cortex	0.761441	-4.320342	1.3524427
GAGGCCTTCGAGATAA	Root cortex	0.986188	0.52083176	1.5120566
GAGGCCTTCTTAATCC	Non-hair	0.458411	6.3463736	0.11049124
GAGGGATAGATGCGAC	Root cortex	0.974218	0.9638572	0.1375269
GAGGGATAGCGCCATC	Root cap	0.982974	9.87477	1.5778854
GAGGGATAGTCGAAGC	Lateral root cap	0.969342	11.808043	7.874061
GAGGGATAGTGATCGG	Root cortex	0.696876	0.31628796	4.1213174
GAGGGATAGTGCACCC	Root cortex	0.63118	-3.12564	3.5696135
GAGGGATGTACGCTAT	Lateral root cap	0.965502	12.182191	7.9512625
GAGGGATGTCCAAAGG	Root cap	0.791745	10.956944	3.8069391
GAGGGTAAGGATTCAA	Root cortex	0.526609	-2.6472685	4.0093136
GAGGGTAAGTTAGTAG	Lateral root cap	0.980364	11.841501	7.3322206
GAGGGTACAAGCGATG	Root stele	0.592345	-1.7268794	7.934463
GAGGGTAGTGTACGCC	Root endodermis	0.386619	1.3614041	6.689632
GAGGGTATCGGTGAAG	Root stele	0.966417	0.4760667	7.9787154
GAGTCATCAATTCTCT	Columella root cap	0.80748	6.772416	5.086242
GAGTCATGTATCACGT	Lateral root cap	0.902074	10.25035	7.3512006
GAGTCATGTCTGTGTA	Non-hair	0.762512	3.998496	1.5973531
GAGTCATTCCAGCAAT	Xylem	0.419348	-3.4511008	4.877458
GAGTCTAAGAGGGTGG	Unknow	0.977179	4.8451395	5.005093
GAGTCTAAGAGGTCGT	Root cap	0.637021	9.221226	4.2850804
GAGTCTAAGGTCCTGC	Lateral root cap	0.983334	12.943497	10.649066
GAGTCTAGTTAAACCC	Root cortex	0.984204	-0.9394502	2.1605272
GAGTCTAGTTATGACC	Lateral root cap	0.490567	10.952941	4.1286283
GAGTCTATCACCTACC	Root stele	0.96026	1.0664085	8.925024
GAGTGAGAGAGCCGAT	Lateral root cap	0.915159	10.610766	5.8337746
GAGTGAGAGAGGCCAT	Root cortex	0.971341	-2.4832044	0.71306247
GAGTGAGGTACCTTCC	Root stele	0.535877	1.28512	6.6031213
GAGTGAGGTCGCTCGA	Root cap	0.922525	9.927752	2.5209754
GAGTGAGGTCTGATCA	Lateral root cap	0.984438	10.411755	8.543194
GAGTGAGGTTCTCCTG	Unknow	0.937159	4.9851727	4.445599
GAGTGAGTCAAAGACA	Lateral root cap	0.740084	8.934694	6.112911
GAGTGAGTCTATACGG	Root cortex	0.96349	-2.7756681	1.1066594
GAGTGTTAGGTCTGGA	Lateral root cap	0.982266	12.880084	10.045237
GAGTGTTCACGAAAGC	Root cortex	0.677988	-0.28724056	4.7440042
GAGTGTTGTCTTGGTA	Columella root cap	0.805873	7.0093174	5.459044
GAGTGTTTCGATTCCC	Root stele	0.33619	1.3388731	6.2221475
GAGTTACAGCATGATA	Xylem	0.729414	-4.0460644	4.5777745
GAGTTACAGCGCCTCA	Lateral root cap	0.4278	7.5060673	6.7338443
GAGTTACAGGTGATCG	Non-hair	0.906819	3.6961343	-0.01508955
GAGTTACCAGCAGTTT	Root endodermis	0.51513	-3.3765557	2.7485442
GAGTTACCATGACGAG	Xylem	0.43383	-3.1590307	5.4352202
GAGTTACGTACATACC	Unknow	0.962453	2.6335807	4.850194
GAGTTACGTCTTCTAT	Root cortex	0.993578	-0.09677745	2.484469
GAGTTACGTGTCATCA	Root cap	0.397303	8.785177	3.4502766
GAGTTACTCCGCAGTG	Root stele	0.675385	-0.9801115	7.619164
GAGTTACTCTGCTTAT	Root cortex	0.95232	0.7922874	-0.5157346
GAGTTGTAGTAACAGT	Lateral root cap	0.956049	9.428415	7.572611
GAGTTGTCATGCCATA	Lateral root cap	0.791727	3.693081	3.0731542
GAGTTGTGTCGCATTA	S phase	0.968643	6.3707	1.2389858
GAGTTGTTCGCAATGT	Non-hair	0.872078	2.2566226	0.9318231
GAGTTTGAGACAGCGT	Lateral root cap	0.987333	14.022197	10.43945
GAGTTTGCAGGCTTGC	Unknow	0.989758	3.5957057	5.4279823
GATAGAAAGAACGCGT	Root stele	0.958821	1.0302421	8.735291
GATAGAAAGCTAATGA	Root cortex	0.939165	-1.3732654	0.33830088
GATAGAAAGGTGAGAA	Lateral root cap	0.719572	11.883461	11.103273
GATAGAACATCGGATT	Non-hair	0.717945	1.9774263	-1.4643788
GATAGAATCTGTCGCT	Non-hair	0.927173	2.3628385	1.2956191
GATAGCTAGCCTATCA	Root cortex	0.965787	-1.8174953	-0.30192238
GATAGCTAGCTGGAGT	Lateral root cap	0.38327	3.3769906	2.3212125
GATAGCTAGGAGCTGT	Root cortex	0.873403	-3.2115016	2.0525694
GATAGCTCAACTGTGT	Root cortex	0.72635	1.4129585	-0.39963993
GATAGCTCAAGTGCTT	Root stele	0.984454	-0.011934558	8.520904
GATAGCTCACAATCTG	Root cap	0.98685	9.978209	1.4730682
GATAGCTCACAGCTTA	Lateral root cap	0.81327	9.272842	5.8811355
GATAGCTCAGCCTACG	Root stele	0.972995	-0.6164786	8.431917
GATAGCTCATATACCG	Lateral root cap	0.949026	10.935842	6.6680026
GATAGCTGTAACCCGC	Root endodermis	0.92155	-2.2619188	5.403551
GATAGCTGTCAAGGCA	Root cortex	0.414402	3.4063032	2.0483968
GATAGCTTCATGAGAA	Root cortex	0.984559	-0.23300943	0.95788145
GATCACAAGCAAGGAA	Lateral root cap	0.881476	3.913249	3.0737522
GATCACAAGCACGGAT	Lateral root cap	0.980281	12.740583	10.1455
GATCACAAGCATGTTC	Lateral root cap	0.572154	8.011967	7.7775426
GATCACAAGCCGGAAT	S phase	0.996524	6.353039	1.6623713
GATCACAAGCTCTGTA	Root cap	0.957263	9.119898	2.0985785
GATCACACAACAAAGT	Non-hair	0.599072	1.7878946	0.54136026
GATCACAGTACGTACT	Root cortex	0.970654	0.35372606	0.7928593
GATCACAGTGCTTCAA	Root cortex	0.965694	0.64042044	1.2865931
GATCAGTAGGGATCTG	Root cortex	0.428236	-3.975966	2.5071182
GATCAGTGTTTCCATT	Root cortex	0.97612	0.52597266	0.72168595
GATCAGTTCCATTTCA	Root cortex	0.984741	-1.3503678	1.2763803
GATCAGTTCCCTCGAT	Root stele	0.948009	1.5362101	7.940369
GATCATGAGAAGCCTG	Root cortex	0.966031	1.056477	1.9424373
GATCATGAGATAGCTA	Lateral root cap	0.542937	8.096748	5.1628203
GATCATGAGGGATCAC	Lateral root cap	0.537304	7.0765862	6.85818
GATCATGAGGTACCTT	Root cortex	0.985862	-0.17799325	1.0015429
GATCATGAGTCTCTGA	Root endodermis	0.968898	-1.9342767	5.283315
GATCATGCAAGCAGGT	Lateral root cap	0.784439	3.8030038	2.87797
GATCATGGTCACTAGT	S phase	0.868772	6.5110707	-0.60858124
GATCATGTCAGCGTCG	Lateral root cap	0.979267	12.399178	9.418632
GATCATGTCCACGGAC	Non-hair	0.486213	4.3411336	4.0161247
GATCCCTCATCTGTTT	Lateral root cap	0.967128	9.778271	7.766462
GATCCCTGTCCCTCAT	Root endodermis	0.576837	1.5260276	5.923001
GATCCCTGTGTGAGCA	Root cortex	0.984715	-0.11551021	3.086221
GATCCCTGTGTTGCCG	Lateral root cap	0.985803	12.264611	8.9063015
GATCCCTGTTGACTGT	Root endodermis	0.420957	1.5128781	6.17709
GATCCCTTCCGATAGT	Lateral root cap	0.223731	-3.22428	4.5021114
GATCCCTTCGCCAATA	S phase	0.982647	6.8120275	0.78399575
GATCCCTTCGTGCAGC	Lateral root cap	0.981686	13.064306	10.8194685
GATCGTAAGCCGGATA	Lateral root cap	0.988144	14.20391	10.562685
GATCGTACAGCGTACC	Non-hair	0.659239	2.5057936	1.9397503
GATCGTACATGAGTAA	Root stele	0.974027	-0.51228595	9.047511
GATCGTATCCGAAGGA	Root stele	0.967984	0.78983873	8.921168
GATCGTATCTCATGGA	Root stele	0.892056	1.4407526	7.0686903
GATCGTATCTGCGGCA	Root cap	0.594191	8.974904	4.3169403
GATCGTATCTTTCGAT	Root endodermis	0.831253	-1.524048	6.0708833
GATGACTAGAATCGCG	S phase	0.986212	6.896944	0.7072466
GATGACTAGGATTTAG	Lateral root cap	0.472451	8.04334	5.352866
GATGACTCACCCTTGT	Root cap	0.946704	8.708275	1.9606497
GATGACTCATTGTAGC	Root cortex	0.982427	0.7053709	2.054904
GATGACTTCAAGCCAT	Non-hair	0.920509	2.176314	-0.20331474
GATGACTTCATTGCTT	Root cortex	0.88903	-3.3096328	1.7640657
GATGACTTCGACATAC	Lateral root cap	0.882099	11.350527	6.5088096
GATGAGGCAACTCATG	Root cap	0.985727	9.607722	1.3677855
GATGAGGCACTCGATA	Lateral root cap	0.979267	13.073709	7.7262936
GATGAGGTCCGAGCTG	Root cap	0.906779	11.099662	3.2297125
GATGAGGTCGTTCCTG	Root endodermis	0.768509	-2.4646933	5.671696
GATGATCCAACAGCTT	Lateral root cap	0.969834	10.824082	7.3270326
GATGATCCACAGAAGC	Root cortex	0.992351	0.14882895	2.0832214
GATGCTAAGTAAGCAT	Root stele	0.982798	-0.24585797	8.23478
GATGCTAAGTTGGACG	Root cortex	0.749518	1.8600403	1.9390004
GATGCTACACACCGAC	Lateral root cap	0.983711	15.733113	9.740058
GATGCTACACATGGTT	Root stele	0.975939	-0.49824947	8.717391
GATGCTACAGGCTCTG	Root cap	0.379297	8.517034	4.282221
GATGCTAGTCATCGCG	Lateral root cap	0.440893	7.5325484	5.718136
GATGCTATCTCGTGGG	Unknow	0.386803	6.2251735	6.1536484
GATGCTATCTTGGAAC	Root stele	0.905402	-0.9469689	7.908153
GATGGAGAGATGGTCG	S phase	0.447514	7.2287335	2.6215186
GATGGAGCACTACCGG	Root endodermis	0.956133	-1.0767443	5.559898
GATGGAGCAGGCTATT	Root cap	0.976738	9.048793	2.092763
GATGGAGCAGTGGTGA	Non-hair	0.851203	3.1913757	1.2475933
GATGGAGCAGTTGCGC	Non-hair	0.544323	3.709839	1.4761097
GATGGAGCATGACGAG	Root cortex	0.969662	-0.6370146	2.2459087
GATGGAGTCACGGACC	Root endodermis	0.652737	1.2194403	5.292479
GATGTTGAGGCGAAGG	Root cap	0.977682	9.926377	1.8405945
GATGTTGAGGGTGGGA	Unknow	0.382747	3.0585468	3.8050182
GATGTTGAGTCCCAGC	Root cortex	0.286878	1.4349167	3.5120502
GATGTTGAGTTTGGCT	Root cortex	0.92577	-3.2030253	1.0979187
GATGTTGCACTCAGAT	Root stele	0.968733	0.80906504	8.463848
GATGTTGCAGCAATTC	Non-hair	0.865731	2.3323667	0.7627073
GATGTTGCAGTATTCG	Lateral root cap	0.98825	12.280568	9.703038
GATGTTGCATCATTTC	S phase	0.950221	6.4115286	0.49970433
GATGTTGGTAAGGCCA	Root cap	0.83819	6.42462	0.013407296
GATGTTGGTTCCTAAG	Root stele	0.899203	-1.4871448	8.422346
GATGTTGGTTGCATTG	Lateral root cap	0.782883	8.668511	7.4312954
GATGTTGTCAGCACCG	Columella root cap	0.448455	6.678051	6.1907067
GATGTTGTCCGGACTG	Unknow	0.601909	6.3915973	5.7274733
GATTCGAAGGATAATC	Unknow	0.725999	3.0929601	3.6768534
GATTCGAAGGCATTTC	Unknow	0.605651	6.829731	6.6056924
GATTCGAAGTCAAGCG	Root stele	0.777018	-0.36126885	6.889668
GATTCGACAAATACAG	Root cortex	0.9672	-1.6103696	-0.4505816
GATTCGACAATGCAAA	S phase	0.670583	6.3409805	-0.7744581
GATTCGACAGCTACCG	Root stele	0.980052	-0.8553575	8.817592
GATTCGAGTGATGTAA	Lateral root cap	0.587711	10.245027	4.247249
GATTCGATCAAATGCC	Non-hair	0.565235	8.274114	4.0878606
GATTCGATCGTGGCTG	Root cap	0.589084	9.247465	3.5774932
GATTCTTAGCCATTGT	Root endodermis	0.837709	-2.8800423	4.9664054
GATTCTTAGGAACGAA	Lateral root cap	0.987813	14.383539	9.811789
GATTCTTAGTATAGGT	Non-hair	0.963432	2.2942028	-0.96121794
GATTCTTCAAATTAGG	Lateral root cap	0.640325	7.9235854	5.9551835
GATTCTTCATACAGCT	Unknow	0.73042	2.5544832	3.8170338
GATTCTTCATTGAAGA	Root cap	0.877242	11.243052	3.316811
GATTCTTGTTCCTACC	Root cortex	0.694974	1.2767622	4.3741937
GATTCTTTCATTCTTG	S phase	0.98808	6.6838784	0.752256
GATTGGTAGACAGCGT	Unknow	0.653116	2.1946156	4.545842
GATTGGTAGGAGTACC	Lateral root cap	0.967675	9.340874	8.178131
GATTGGTAGGTGATAT	Root cortex	0.981237	-1.0217702	2.724582
GATTGGTCAGGGACTA	Lateral root cap	0.359841	4.073999	2.033574
GATTGGTTCAAGGCTT	Lateral root cap	0.755809	3.912842	2.4063764
GATTGGTTCTGGTTGA	Unknow	0.502851	2.2457561	3.3097138
GATTTCTAGGAGCTGT	Lateral root cap	0.34645	-3.3581812	4.444433
GATTTCTAGGTACAAT	Lateral root cap	0.985764	13.085743	9.414045
GATTTCTAGTCTGGAG	Root cap	0.939389	11.288695	3.4235682
GATTTCTCAACCGTAT	Root stele	0.968256	-0.9080907	8.533191
GATTTCTCACTGGACC	Root cortex	0.977598	-0.9349606	2.858202
GATTTCTCAGGACATG	Root endodermis	0.464385	-0.41477895	4.664761
GATTTCTTCAGTCATG	Root cortex	0.987033	0.2826162	2.3420708
GATTTCTTCTGGTTGA	Root cap	0.989043	9.426463	1.3695974
GATTTCTTCTTCGTAT	Root endodermis	0.650373	-2.9129462	4.3729095
GCAACATAGATGCCGA	Root cortex	0.767585	-4.2356567	1.3188348
GCAACATAGCTATCCA	Root cortex	0.935456	1.3882879	-0.5976703
GCAACATAGTCCTGCG	Non-hair	0.604759	2.8555868	0.66139734
GCAACATAGTGCCAGA	Root cortex	0.972004	-2.6820135	0.8249567
GCAACATCAGAATCGG	Root cortex	0.950162	0.16499826	3.6890233
GCAACATCAGGTCAAG	Root stele	0.949237	0.31770763	9.1035795
GCAACATCATCCTAAG	Root stele	0.941438	0.2156662	9.209865
GCAACATCATCTGGGC	Root cortex	0.877635	-1.0857942	3.4340794
GCAACATGTCTATGAC	Root stele	0.946067	-1.3241568	8.484117
GCAACATTCATTGCCC	Root stele	0.354233	-1.5397307	5.364761
GCAACCGAGCCTAGGA	Lateral root cap	0.971488	12.7433815	7.297802
GCAACCGAGGCACCAA	Non-hair	0.800804	2.6847742	1.0822226
GCAACCGAGTATGTAG	Lateral root cap	0.899703	4.709251	2.9745765
GCAACCGCAATAGGGC	Lateral root cap	0.926581	11.175537	6.1669765
GCAACCGCAATTAGGA	Unknow	0.884309	5.0241947	4.6496577
GCAACCGCAGAACCGA	Root cortex	0.908348	1.033894	-0.24710682
GCAACCGGTCCCTAAA	Lateral root cap	0.984268	13.712671	10.352829
GCAACCGGTCTTTCTA	Lateral root cap	0.954116	11.412812	6.156805
GCAACCGGTTGCTCCT	Lateral root cap	0.966535	10.920304	7.954553
GCAACCGGTTGCTGAT	Non-hair	0.306929	8.772961	3.8491979
GCAACCGGTTTACGTG	Lateral root cap	0.935213	9.839122	6.853596
GCAACCGTCGAAATCC	Lateral root cap	0.967753	10.854021	7.9311438
GCACATAAGAATTCAG	Root stele	0.957107	1.1366223	8.164354
GCACATAAGGAAGAAC	Root cap	0.881278	9.383279	3.4398208
GCACATAAGGGACACT	Root cortex	0.980013	-1.8830755	0.32066694
GCACATACAATCGCCG	Unknow	0.704276	6.9805126	7.2925115
GCACATACAGCGTATT	Lateral root cap	0.870056	8.535902	6.881228
GCACATAGTCCGACGT	Lateral root cap	0.891405	9.04805	6.4224286
GCACATATCGCACGGT	Root stele	0.960791	0.66258526	7.9497733
GCACATATCGCTCTAC	Root stele	0.925159	0.10193415	8.081052
GCACATATCTAGCATG	Lateral root cap	0.96189	10.972434	6.558384
GCACATATCTCTGAGA	Lateral root cap	0.814722	9.713883	6.2373023
GCACGGTAGATGAATC	Root cortex	0.931283	-3.1959484	1.3134187
GCACGGTAGGTAAGGA	S phase	0.894986	6.064702	2.4652808
GCACGGTCAGTTGTCA	Root cortex	0.976252	0.34891114	1.5105582
GCACGGTGTCGCTTAA	Lateral root cap	0.549444	9.019966	4.946206
GCACGGTGTGGCGCTT	Non-hair	0.925963	5.9263067	0.17130524
GCACGGTGTTCACGAT	Root stele	0.945402	0.89978826	9.482764
GCACGGTTCTTAAGGC	Root cortex	0.933262	0.7042434	-1.6120332
GCACGGTTCTTAGCAG	Unknow	0.8632	2.2984343	6.728623
GCACGGTTCTTCACAT	Root stele	0.977847	0.26012695	8.357952
GCACGTGAGCATGGGT	Lateral root cap	0.98412	13.632332	10.849951
GCACGTGAGCTATCTG	Root stele	0.918826	-1.3364474	8.587535
GCACGTGCAGGCCTGT	Lateral root cap	0.984832	12.003993	10.110966
GCACGTGGTACGCTAT	Root stele	0.982917	0.61523336	8.147445
GCACGTGTCAAACGAA	Non-hair	0.886945	3.1053712	0.106446035
GCACGTGTCCCATAAG	Root stele	0.353609	0.37407506	6.052598
GCACGTGTCGTCGATA	Unknow	0.976261	5.827995	6.324579
GCACGTGTCTCCTACG	Root cortex	0.977131	-2.4744818	1.1899436
GCACTAAAGACTTCAC	Root cortex	0.984942	0.6557588	1.6793536
GCACTAAAGCGTTCAT	Root cortex	0.971378	-2.6388583	1.2472837
GCACTAACAACAACAA	Non-hair	0.915603	2.7392204	-1.1372116
GCACTAAGTACGTAGG	Root cortex	0.975573	0.55503833	-0.02966924
GCACTAATCCTGTACC	Root endodermis	0.725373	0.802009	4.866369
GCACTAATCGCCTATC	Root cap	0.438802	10.24842	3.3434181
GCAGCCAAGACGGATC	S phase	0.994696	6.6034675	0.8685545
GCAGCCACACTTGAAC	Non-hair	0.650926	1.6185448	-0.85738534
GCAGCCACAGCGAGTA	Lateral root cap	0.495347	7.813051	6.904964
GCAGCCAGTGGCTAGA	Lateral root cap	0.970021	11.437412	6.513781
GCAGCCATCGAGTGAG	Root cortex	0.982264	-1.4767082	1.1890534
GCAGCCATCGATTGGT	Lateral root cap	0.97842	10.35515	8.58294
GCAGCCATCTAGATCG	Root endodermis	0.987478	-1.5128558	5.2179885
GCAGCTGAGCGACTGA	Root cortex	0.793166	1.6088212	0.8080441
GCAGCTGAGCTTACGT	Lateral root cap	0.479656	9.985648	3.6919806
GCAGCTGCAGAGGCAT	Lateral root cap	0.856371	8.608249	6.2706566
GCAGCTGTCAAAGGTA	Root stele	0.958805	1.4143646	8.071448
GCAGCTGTCCCAACTC	Xylem	0.33053	-3.5335207	4.646807
GCAGCTGTCGGAAGGT	Root stele	0.906254	1.1027496	9.387843
GCAGGCTAGAGGTATT	Root cortex	0.980062	-1.4771029	1.6525263
GCAGGCTAGGCTCTCG	Lateral root cap	0.989876	14.441945	9.415919
GCAGGCTGTAGGAGTC	Root cortex	0.949151	1.2606812	0.076868884
GCAGGCTGTGCTCTCT	Columella root cap	0.717148	7.1955647	4.8923416
GCAGTTAAGATCGACG	Lateral root cap	0.917435	10.588674	9.936342
GCAGTTAAGCAACTTC	Root cortex	0.984412	0.26530078	0.8711314
GCAGTTAAGTCGAAAT	Unknow	0.938128	2.3763168	6.438316
GCAGTTACACATGTTG	Root cortex	0.829177	-3.6575136	2.1607294
GCAGTTACATCATTGG	Lateral root cap	0.850782	8.869828	6.039912
GCAGTTACATCGAGCC	Lateral root cap	0.97936	10.982954	8.816538
GCAGTTACATCTAACG	Unknow	0.366281	3.036825	3.5317829
GCATCGGAGCAACAGC	Root cortex	0.980351	-1.2866178	1.8504578
GCATCGGCACCTGCAG	Xylem	0.972365	-3.5421243	6.556019
GCATCGGCAGTGTACT	Root stele	0.981376	-0.652773	9.026096
GCATCGGGTCGGTAAG	Root stele	0.935829	-1.6763195	8.635075
GCATCGGGTCGTACTA	Root cap	0.55178	8.599382	3.8487911
GCATCGGTCATCTACT	Root stele	0.708543	1.1681683	9.396776
GCATCTCCAACTGAAA	Unknow	0.727638	6.3176413	5.812907
GCATCTCGTCATATGC	Lateral root cap	0.985629	12.082947	10.002602
GCATGATAGATAGTGT	Root cortex	0.661877	-3.9223166	2.0385218
GCATGATAGATTGATG	Unknow	0.964231	2.346509	5.172474
GCATGATAGGGCTAAC	Root cortex	0.968211	-1.6645696	-0.42304787
GCATGATCACCGGCTA	Root endodermis	0.509135	-3.503828	4.8719983
GCATGATCATTCTTCA	Root cortex	0.816146	-3.320617	2.1361861
GCATGATGTGGCCCAT	Lateral root cap	0.958481	10.104264	6.595445
GCATGATTCCTCAGGG	Lateral root cap	0.967403	9.9903	7.1886377
GCATGATTCGCTACAA	Non-hair	0.654621	3.655461	1.793237
GCATGATTCGTGGCTG	Lateral root cap	0.975304	10.551667	8.866085
GCATTAGCACTACAGT	Lateral root cap	0.973404	10.864036	8.087857
GCATTAGCATCCTCAC	Lateral root cap	0.978337	13.77669	10.755515
GCATTAGGTACGTAGG	Root cortex	0.92331	-3.404263	1.5619994
GCATTAGGTCGCGGTT	Unknow	0.991875	3.8501048	5.2481856
GCATTAGTCACGTAGT	Unknow	0.433651	7.7520113	6.377127
GCATTAGTCCATCTGC	Root cortex	0.75067	1.7496787	1.3825366
GCCAACGGTGAGCCAA	Root stele	0.975239	0.21712364	8.993897
GCCAACGGTTGAAGTA	Root stele	0.965031	-0.5189713	8.116
GCCAACGTCAAGTGGG	Lateral root cap	0.857909	12.210491	5.799445
GCCAACGTCACGGGAA	Root cap	0.780756	10.203179	3.0055208
GCCAACGTCAGCTAGT	Xylem	0.405342	-1.7402017	6.3301597
GCCAGCAAGTTCTCTT	Unknow	0.741152	6.629235	6.30286
GCCAGCACACTGCATA	Root cortex	0.970944	-1.0074735	3.1621745
GCCAGCACAGTAACGG	Unknow	0.981593	3.3184671	6.0092053
GCCAGCACATCGATAC	Root cortex	0.98899	-0.30655736	0.9092159
GCCAGCAGTATCTCGA	Lateral root cap	0.974393	10.189343	6.884204
GCCAGCAGTATGGAGC	Lateral root cap	0.959833	11.421635	6.4156775
GCCAGCATCCCTTCCC	Root cortex	0.749449	2.559529	0.2881796
GCCAGGTAGAGGGTGG	Root cortex	0.973589	0.54275334	3.5454166
GCCAGGTAGTGCTAGG	Lateral root cap	0.983553	12.2279	8.586677
GCCAGGTCAAGGGCAT	Lateral root cap	0.987961	10.648482	9.007535
GCCAGGTCACCACATA	Lateral root cap	0.416771	8.182989	5.3330355
GCCAGGTCAGTCCCGA	Lateral root cap	0.956192	12.178459	7.1901298
GCCAGGTGTCACGCTG	Lateral root cap	0.984933	13.858585	9.871514
GCCAGGTGTCGCAGTC	Lateral root cap	0.971625	13.137758	10.142936
GCCAGGTGTTAGAAAC	Lateral root cap	0.965876	11.437053	7.8930197
GCCAGGTGTTCTCCAC	Lateral root cap	0.881378	10.637223	5.644287
GCCAGGTTCTAGAACC	Root cortex	0.379674	2.67764	2.318675
GCCAGGTTCTGACGCG	Lateral root cap	0.978282	11.0557165	7.208249
GCCAGTGAGACGCCAA	Root cortex	0.974257	-2.3799188	0.29822814
GCCAGTGGTCTACTGA	Lateral root cap	0.987532	12.283002	8.390082
GCCAGTGGTGCCTTCT	Root endodermis	0.647137	-3.8628552	2.7550342
GCCAGTGTCCGATAGT	Lateral root cap	0.562632	10.5078535	4.774119
GCCAGTGTCTTCTCAA	Root cortex	0.942962	-3.0175872	0.71561116
GCCATGGAGCCAACCC	Lateral root cap	0.534279	7.3376174	6.0774617
GCCATGGAGCCGGAAT	Root stele	0.932818	1.1706991	7.42182
GCCATGGAGGTAGCAC	Root stele	0.95704	-0.7276682	8.17677
GCCATGGCAGGGTTGA	Root hair	0.271833	1.6834741	-2.2467928
GCCATGGTCGCTTTAT	Root cortex	0.96186	-2.856726	1.5073837
GCCATTCAGATAGTCA	Root cap	0.627135	9.671188	3.8841684
GCCATTCAGGTGAGAA	Lateral root cap	0.906772	9.434112	7.9326067
GCCATTCCACTTGTCC	Root stele	0.479594	1.6066829	6.688411
GCCATTCCAGCATGCC	Lateral root cap	0.894004	10.804803	6.1102986
GCCATTCCATCCGTTC	Root cortex	0.960804	0.6029681	0.7386519
GCCATTCGTGAATTAG	Root hair	0.348625	5.8689685	-0.4230949
GCCATTCTCGGAGATG	Root cortex	0.631018	2.0553203	1.5853173
GCCCAGAAGAAATCCA	Lateral root cap	0.372878	7.513543	5.9168806
GCCCAGAAGTTGGCGA	Root stele	0.900898	-0.05591419	6.543701
GCCCAGACACGCGCAT	Lateral root cap	0.569444	10.135418	4.728535
GCCCAGAGTGCGTGCT	Root cortex	0.603997	-3.8266165	2.385829
GCCCAGATCTACGCAA	Unknow	0.375725	1.2857046	4.4940734
GCCCGAAAGATAGTCA	S phase	0.900342	6.4355145	0.16293538
GCCCGAAAGTCGCGAA	Root cortex	0.651905	-3.9440422	2.2521741
GCCCGAACAGCTAACT	Non-hair	0.959739	3.4181213	0.84679735
GCCCGAAGTCGCGGTT	Lateral root cap	0.869464	9.6295805	5.659263
GCCCGAAGTGTCCCTT	Unknow	0.613614	3.5720358	4.207178
GCCCGAATCGCCGTGA	Root cortex	0.807125	-3.680234	2.1353645
GCCGATGAGGGAGGTG	Lateral root cap	0.922508	10.040611	6.220477
GCCGATGAGTCCCAAT	Root cortex	0.974636	-2.5276265	1.297162
GCCGATGCAAGACTGG	Lateral root cap	0.987973	13.948071	9.677928
GCCGATGCACCAGTTA	Lateral root cap	0.514709	10.258705	4.57381
GCCGATGGTACGCGTC	Lateral root cap	0.807663	9.305595	5.7402
GCCGATGGTCCTCAGG	Lateral root cap	0.609909	8.265332	5.593486
GCCGATGTCCGTATGA	S phase	0.991407	6.5957584	0.3318756
GCCGATGTCGATGCAT	Non-hair	0.929215	2.7249386	-1.0572972
GCCGTGAAGCACTCGC	Lateral root cap	0.968664	12.105084	7.8082213
GCCGTGAAGCTAGCCC	Lateral root cap	0.869091	11.622161	5.5916047
GCCGTGAAGGCCTGAA	Unknow	0.965611	4.3018036	4.8618383
GCCGTGATCACCTTAT	Unknow	0.903022	3.0857708	4.125811
GCCGTGATCATTGCTT	Lateral root cap	0.709999	3.7647138	2.9133086
GCCGTGATCTCGTCAC	Lateral root cap	0.98995	14.227755	9.5686035
GCCTGTTAGACAGTCG	Non-hair	0.764468	1.9487952	-0.9852901
GCCTGTTCAAGAAACT	Lateral root cap	0.984271	13.262329	10.647939
GCCTGTTCAGAGTCAG	Unknow	0.298534	2.1991065	3.0787425
GCCTGTTGTGACGCCT	Root stele	0.962911	-0.44465134	7.590619
GCCTGTTGTGGAATGC	Root stele	0.88191	0.38939053	6.818225
GCCTGTTTCCATCACC	Columella root cap	0.405016	8.318071	4.615945
GCCTGTTTCGTAACAC	Root cortex	0.92055	-3.2095473	0.8470588
GCGAGAACACACAGCC	Lateral root cap	0.752776	11.475189	4.7560573
GCGAGAACAGTAACCT	Lateral root cap	0.73695	8.639582	5.654355
GCGAGAACATAGCTGT	Root cortex	0.936526	0.51188415	-1.060063
GCGAGAAGTACTGACT	Lateral root cap	0.716996	10.048411	4.729622
GCGAGAATCGCGGACT	Non-hair	0.88653	3.0502787	0.06055507
GCGATCGAGTCGTTAC	Root stele	0.574454	1.4309266	6.9140816
GCGATCGCAGATTCGT	Root endodermis	0.75673	-2.2013497	5.615211
GCGATCGGTCAGGCAA	Root cortex	0.983774	-0.18913062	3.3754032
GCGATCGTCCCTGGTT	Root cap	0.585014	8.348911	3.860328
GCGGAAAAGGAGAATG	Root cap	0.950192	10.264398	2.5643692
GCGGAAACACGACTAT	Non-hair	0.795994	3.1435273	0.5751293
GCGGAAACAGCTACCG	Non-hair	0.676275	2.9151793	0.022278637
GCGGAAACATAAGCAA	Lateral root cap	0.48857	7.9146385	6.257686
GCGGAAAGTAGAGGAA	Unknow	0.525948	7.104061	6.4369936
GCGGAAAGTCCAAGAG	Lateral root cap	0.613563	8.012048	6.2054167
GCGGAAAGTGGCCACT	Root stele	0.937473	-1.258908	8.533482
GCGGAAAGTGGTAATA	S phase	0.975743	6.6231747	-0.3288683
GCGGAAATCGACCATA	Lateral root cap	0.688434	9.222077	5.214613
GCGGAAATCGGTAGGA	Root stele	0.973154	0.43344775	9.428617
GCGGATCAGAGCATTA	Non-hair	0.331484	3.3925211	1.9477527
GCGGATCAGATGGTAT	Root cap	0.705283	10.366851	4.278888
GCGGATCAGCTTAGTC	Lateral root cap	0.313374	3.2500057	2.6348243
GCGGATCGTATTTCCT	Root cortex	0.372313	-3.0140383	3.9370773
GCGGATCTCCGGACTG	Non-hair	0.654391	2.8829598	1.0028133
GCGGATCTCTTGGATG	Xylem	0.978349	-3.198179	6.6210446
GCGTGCAAGCAGTCTT	Root cortex	0.923909	-0.415837	3.8753269
GCGTGCAAGCTGGTGA	Lateral root cap	0.482127	8.569591	5.170823
GCGTGCAGTAACATGA	Lateral root cap	0.513958	11.468217	4.9036593
GCGTGCAGTACTGTTG	Root stele	0.899583	-1.2991251	8.404911
GCGTGCAGTTGCAACT	S phase	0.992785	6.8289313	0.6675931
GCGTGCATCTACACTT	Lateral root cap	0.775391	8.977308	5.466625
GCGTTTCAGGTCATTC	Root endodermis	0.311631	-3.2861798	4.3877273
GCGTTTCAGTAGGTTA	Lateral root cap	0.96446	9.080498	8.014036
GCGTTTCCAAGAGTAT	Root stele	0.808384	0.4311805	6.820905
GCGTTTCGTGGACCTC	Root cortex	0.914654	-3.018263	0.3286696
GCGTTTCGTGGCCCAT	Unknow	0.629963	5.6516347	3.3655927
GCGTTTCTCAATCCGA	Unknow	0.277824	7.899913	5.110711
GCTACAAAGTAGCAAT	Root endodermis	0.442775	-3.0071445	6.041845
GCTACAACAGGTAGTG	Root cortex	0.832991	1.3983359	-0.7023472
GCTACAACATAGAGGC	Root cortex	0.990761	-0.20550425	1.128259
GCTACAAGTTCTCTCG	Root endodermis	0.483777	-0.10367634	5.4874606
GCTACAATCTAAGCGT	Lateral root cap	0.97855	11.425481	7.115032
GCTACAATCTTTGGAG	Root stele	0.884999	-1.053255	8.327024
GCTACCTCATGTGCCG	Lateral root cap	0.987732	14.104054	9.797453
GCTACCTGTACAAGCG	Root endodermis	0.843746	1.3615973	5.4334493
GCTACCTGTGGCATCC	Root cortex	0.738146	1.3626351	-0.6015108
GCTACCTTCCCATACC	Unknow	0.280344	3.2540402	2.9426677
GCTACCTTCCGTAATG	Columella root cap	0.708908	6.518545	5.3076015
GCTCAAAAGTACCGGA	Root cortex	0.860272	-3.6692698	1.5442535
GCTCAAACAGGCTATT	S phase	0.995612	6.5379233	0.8985622
GCTCAAAGTACGGATG	Root hair	0.984408	2.940787	-3.141992
GCTCAAAGTTCGAAGG	Root stele	0.937095	1.6034057	8.163717
GCTCAAATCGTTAGTG	Unknow	0.919555	3.52807	5.849476
GCTGAATAGAGAGCAA	Root cortex	0.883103	0.7656197	-1.4554188
GCTGAATAGCCTGAGA	Root cortex	0.412691	1.3413033	-1.6689613
GCTGAATAGTTGTAAG	Root cortex	0.794844	1.4787704	0.70443755
GCTGAATCAGCCTACG	Root cortex	0.965214	0.52200514	-1.3986324
GCTGAATCATCTGCGG	Non-hair	0.663941	2.1565816	1.2035097
GCTGAATCATGCGGTC	Root cortex	0.788679	-0.62507457	4.4128957
GCTGAATGTGGCTAGA	Root stele	0.966914	-1.4909986	8.708778
GCTGAATTCGTGGACC	Lateral root cap	0.264	-3.0218492	4.224571
GCTGCAGCACGGTGAA	Root stele	0.965762	0.59220827	9.169127
GCTGCAGCAGGCAATG	Columella root cap	0.427963	8.006247	5.2045317
GCTGGGTAGCTAAACA	Root endodermis	0.872536	-2.4306576	5.6950774
GCTGGGTCAATAACCC	Root cortex	0.9923	-0.40308982	2.1027448
GCTGGGTGTGAGATAT	Lateral root cap	0.606219	7.653678	5.827552
GCTGGGTTCGTCTACC	Root cortex	0.941671	0.23869145	1.4580992
GCTGGGTTCTAACACG	Lateral root cap	0.980186	9.907498	8.264755
GCTTCACAGATGGCGT	Root hair	0.969234	2.744711	-3.364597
GCTTCACAGGTCGCCT	Lateral root cap	0.977298	10.94969	10.011782
GCTTCACAGTGCAGCA	Unknow	0.9249	5.1670427	3.9997683
GCTTCACCACTGGAAG	Root cortex	0.962159	-2.8612173	0.34199986
GCTTCACGTATGATCC	Lateral root cap	0.989414	15.4958	9.560892
GCTTCACTCTCTTGCG	Root endodermis	0.906539	-0.92176116	4.875567
GCTTGGGAGAATCTAG	Lateral root cap	0.984216	12.876655	8.64749
GCTTGGGAGGTTAAAC	Root cortex	0.535365	0.30948272	-1.9131986
GCTTGGGAGTCATAGA	Lateral root cap	0.359096	7.383089	6.262576
GCTTGGGCAGCCGTTG	Root endodermis	0.883599	0.81959236	4.512001
GCTTGGGGTACCGTCG	Lateral root cap	0.498738	8.214163	6.427826
GCTTGGGTCCCGATCT	Lateral root cap	0.420591	3.3361528	3.010947
GCTTGGGTCCCGTAAA	Lateral root cap	0.986745	14.2265215	10.371863
GCTTGGGTCGGAAACG	Root stele	0.866259	-1.6790653	8.152107
GCTTTCGTCACGAACT	Xylem	0.447121	-2.444324	6.2704825
GCTTTCGTCACGGACC	Root cortex	0.869702	0.8127316	-1.6612419
GCTTTCGTCCTTCAGC	Root stele	0.962978	1.0926187	8.173414
GCTTTCGTCTGGTGCG	Lateral root cap	0.983788	11.710147	9.327066
GGAACCCAGATTAGTG	Lateral root cap	0.982283	13.408994	10.441833
GGAACCCAGTTTGGCT	Lateral root cap	0.636301	7.904158	6.290583
GGAACCCCAATTTCGG	Root stele	0.965173	0.75394297	7.8710327
GGAACCCGTCTTCAAG	Unknow	0.626074	1.7726697	4.7612815
GGAACCCTCCCGTGTT	Lateral root cap	0.371601	8.243672	5.1490054
GGAACCCTCGCAAGAG	Columella root cap	0.718709	7.0201526	5.008334
GGAAGTGAGTGGAATT	Root cap	0.955785	10.216853	2.265517
GGAAGTGCAGCAGTAG	Lateral root cap	0.988982	14.911769	9.935061
GGAAGTGGTCCTCAGG	Root cortex	0.980254	-1.4810052	0.62954545
GGAAGTGTCAACGCTA	Lateral root cap	0.984301	12.335935	8.634458
GGAAGTGTCGGCATCG	Lateral root cap	0.968029	10.680456	7.02846
GGAAGTGTCGTTCATT	Root cortex	0.961089	0.48149207	3.083272
GGAATCTAGCCATTTG	S phase	0.597216	6.2662787	2.8540208
GGAATCTAGTGCAGGT	Root cortex	0.988046	0.5251387	1.8340888
GGAATCTCACGCGGTT	Root cortex	0.922287	0.74294287	-1.6150297
GGAATCTCATACCGTA	Lateral root cap	0.660812	10.192669	4.8329754
GGAATCTGTCCGGACT	Lateral root cap	0.984374	11.101549	9.275686
GGAATCTGTCTCTCTG	Xylem	0.854929	-2.4529161	7.0124702
GGAATGGAGACGGATC	Root cortex	0.976755	-1.8015878	0.55042964
GGAATGGAGTATGAAC	Root endodermis	0.890046	-2.0522857	5.53581
GGAATGGCATAGATCC	Root hair	0.968785	2.7614408	-3.0890486
GGAATGGCATGCAGCC	Non-hair	0.674398	4.7523646	-0.27406052
GGAATGGGTCGACTGC	S phase	0.691716	6.3534	-0.7308666
GGAATGGGTGCTCTCT	Root stele	0.68666	1.3081665	6.843765
GGAATGGTCGAGTGAG	Root cortex	0.928007	-3.2162592	1.9692074
GGAATGGTCGCTGATA	Lateral root cap	0.396873	9.058956	4.4293213
GGACGTCCAGTGCGCT	Lateral root cap	0.795657	11.427975	5.336332
GGACGTCCATCGGTTA	Root cap	0.87768	9.213169	3.6553771
GGACGTCGTGGCGTAA	Lateral root cap	0.979972	12.064173	8.639355
GGACGTCTCAACGAGG	Columella root cap	0.652761	7.4548364	5.6819825
GGACGTCTCAATCTCT	Lateral root cap	0.969917	4.6392927	3.1589248
GGACGTCTCATGTCTT	Root cortex	0.923738	-0.79610264	0.048703752
GGACGTCTCCTGGGTG	Lateral root cap	0.740835	8.359061	6.573083
GGACGTCTCGTTCTCG	Root cap	0.627768	9.436694	4.7128353
GGAGAACAGAACTCCT	Lateral root cap	0.98065	11.170411	8.180473
GGAGAACAGATGTTCC	Lateral root cap	0.324409	7.783174	5.053804
GGAGAACGTACAGCGA	Root stele	0.937377	-1.3296009	8.785985
GGAGAACGTACCGGAA	Root endodermis	0.383617	1.3328822	5.5959735
GGAGAACGTATAGCTC	Lateral root cap	0.975944	11.102967	6.7991104
GGAGAACGTGCCGAAA	Root cortex	0.979781	-1.62151	0.6092348
GGAGAACTCCGATGCG	Lateral root cap	0.985368	12.800056	8.2426
GGAGATGAGAAGTATC	Non-hair	0.97388	3.4436493	0.24626578
GGAGATGAGTCCTGTA	Root cortex	0.991347	-0.6527876	1.2685908
GGAGATGAGTCTCTGA	Root stele	0.95751	0.17042616	9.332034
GGAGATGCACGATAGG	Root cap	0.982636	9.640219	1.3878192
GGAGATGCATGACTGT	Root cortex	0.836004	-3.649724	2.1742198
GGAGATGGTACTCCGG	Root cortex	0.979546	-2.149303	0.7351387
GGAGATGGTAGAGCTG	Lateral root cap	0.985957	15.593883	9.824563
GGAGATGTCAACTACG	Lateral root cap	0.881773	9.932362	8.203433
GGAGCAAAGCAGGCAT	Columella root cap	0.95361	6.424687	5.3076396
GGAGCAAAGGTCCAGA	Root endodermis	0.394713	-3.6500146	4.6899004
GGAGCAACACAAATGA	S phase	0.813664	6.696078	0.05427092
GGAGCAACAGATCCAT	Lateral root cap	0.883253	10.359395	7.255557
GGAGCAACAGCAGTCC	Root cortex	0.911647	-3.6844547	1.0378773
GGAGCAAGTCAAATCC	Root hair	0.389897	6.0102086	-0.4452102
GGAGCAAGTCCACATA	Lateral root cap	0.867566	9.705483	6.360768
GGAGCAAGTCTAATCG	Lateral root cap	0.963301	11.427654	7.196344
GGAGCAAGTGTCTAAC	Lateral root cap	0.980515	12.966576	10.220442
GGAGCAAGTTTAAGGA	Lateral root cap	0.676479	9.370758	5.1316814
GGAGCAATCAAGCTGT	Lateral root cap	0.699288	3.3091948	3.5094128
GGAGCAATCAAGGTGG	Root cap	0.984196	10.387811	2.19062
GGAGCAATCGTGACTA	Root cap	0.931841	10.4114	2.6727166
GGAGGATCAACACGTT	Root cap	0.922124	10.272265	2.7870116
GGAGGATCAGCTGGTC	Root cortex	0.59897	-4.4346547	1.6331413
GGAGGATTCAAATAGG	Lateral root cap	0.967672	10.783151	6.8214684
GGAGGATTCTTGGAAC	Lateral root cap	0.52311	5.642146	5.553921
GGAGGTAAGCCACCGT	Lateral root cap	0.662559	3.6163492	2.582597
GGAGGTAAGGGTTTCT	Root cortex	0.98691	-0.7294625	2.6733165
GGAGGTACAAGAGTAT	Lateral root cap	0.958369	9.517422	8.164231
GGAGGTACAGGCGATA	Root cortex	0.965931	-0.19959393	3.5985305
GGAGGTACATCGTTCC	S phase	0.710115	6.199321	0.03126906
GGAGGTACATGACACT	Root stele	0.95111	1.250092	7.471598
GGAGGTAGTCTTGCTC	Root stele	0.634895	1.2980084	6.627339
GGAGGTAGTGGTTTAC	Unknow	0.916282	5.9956	6.725484
GGAGGTATCTTCTAAC	Lateral root cap	0.989264	14.513219	9.424715
GGATCTAAGGGATCTG	Root cap	0.568359	9.874403	3.0584307
GGATCTACACTATCCC	Root cap	0.622579	8.654667	3.6384184
GGATCTAGTAGGAAAG	Root stele	0.948983	1.0438355	7.6842275
GGATCTATCCATCACC	Root cortex	0.969559	-2.1855686	1.0507753
GGATCTATCCGATCGG	Root cortex	0.973378	-2.2978082	0.71692777
GGATCTATCCTACCAC	Root cortex	0.984651	-0.93449706	2.5716863
GGATGTTAGGTTTACC	Lateral root cap	0.763767	10.760454	5.72956
GGATGTTGTCCTGTCT	Root stele	0.939596	1.0307714	9.512018
GGATGTTGTCGGAACA	Non-hair	0.715493	9.007646	2.3164096
GGATGTTGTGAGATTA	Unknow	0.99177	3.425862	5.094068
GGATGTTGTGCTATTG	Root stele	0.973452	-0.53841406	8.801252
GGATGTTTCGGAATTC	Xylem	0.893804	-1.4876981	7.5324416
GGCACGTAGTGTTGTC	Root stele	0.965666	0.7766133	7.8695307
GGCACGTCAAAGCTCT	Lateral root cap	0.965384	10.247393	8.2054205
GGCACGTCAAAGGATT	Unknow	0.908248	3.0386732	6.3824267
GGCACGTCAATTGAGA	Lateral root cap	0.98264	12.776385	10.134259
GGCACGTCACAGGATG	Root cortex	0.908066	0.5631664	-1.5723679
GGCACGTCACGCGTCA	Unknow	0.731983	1.7759302	6.109324
GGCACGTCATCCGTTC	Non-hair	0.505695	1.8030074	0.27637652
GGCACGTGTCCAGAAG	Lateral root cap	0.531852	8.84825	4.9950156
GGCACGTGTCTGGTTA	Lateral root cap	0.986517	12.254401	8.837355
GGCACGTGTGATACTC	Root hair	0.961428	2.483808	-3.0723677
GGCACGTTCAGACCGC	Root cortex	0.912426	-3.548916	1.2962259
GGCACGTTCTGGCCGA	Root cortex	0.978149	-1.6334045	-0.15144175
GGCAGTCAGACCAGAC	Lateral root cap	0.981682	12.735003	10.243726
GGCAGTCAGGCGCTTC	Root endodermis	0.897041	-0.37449107	4.8178687
GGCAGTCAGGCTAAAT	Non-hair	0.960761	3.5398135	0.07468423
GGCAGTCAGTGGACGT	Lateral root cap	0.987636	13.209753	8.470761
GGCAGTCAGTTGGGAC	Lateral root cap	0.972005	11.914953	6.2144866
GGCAGTCCAAAGAGTT	Root cap	0.981914	9.441263	1.313376
GGCAGTCCACAAACGG	Lateral root cap	0.987426	15.021281	9.362775
GGCAGTCTCATAGACC	Unknow	0.992334	2.846543	5.0468125
GGCAGTCTCATTTGGG	Non-hair	0.968519	2.7370775	0.081831045
GGCGTCAAGATACGAT	Root cortex	0.787354	0.92228204	-2.1825655
GGCGTCAAGATCACCT	Root endodermis	0.918315	0.46736336	5.3274174
GGCGTCAAGGTGGTTG	Root cortex	0.969507	-2.8830972	0.45649382
GGCGTCATCAGAGTTC	Lateral root cap	0.720713	8.136772	6.7888513
GGCTGTGAGAATCGCG	Root cap	0.975025	10.150326	2.248312
GGCTGTGAGATAACGT	Lateral root cap	0.983389	13.077028	10.5404825
GGCTGTGAGCCTCATA	Root endodermis	0.49742	-3.3508062	5.2926273
GGCTGTGCAGTAGGAC	Lateral root cap	0.903778	4.707407	2.434621
GGCTGTGGTACGCGTC	Root endodermis	0.893271	-2.334099	4.7740817
GGCTGTGGTAGACAAT	Root cap	0.573142	8.943122	4.2784057
GGCTGTGGTATTGACC	Root endodermis	0.584332	-3.2502627	4.1092544
GGCTGTGTCTTGATTC	Root cortex	0.971755	-2.6807487	1.2679666
GGCTTGGCAGCACAAG	Root cap	0.510036	8.359068	4.2079487
GGCTTGGCATAGATGA	Lateral root cap	0.989504	14.114415	9.066183
GGCTTGGGTCGTCATA	Lateral root cap	0.974948	13.048275	11.238925
GGCTTGGGTCTTTCAT	Root cortex	0.431537	1.8357626	3.0572357
GGCTTGGGTTCGGTTA	Root stele	0.64252	1.1528137	6.647284
GGCTTGGTCCCTAGGG	Lateral root cap	0.92301	9.274171	7.1519923
GGCTTTCAGATGAAGG	Lateral root cap	0.975142	12.708679	10.813388
GGCTTTCAGCCATATC	Root cap	0.9774	10.113535	1.7162516
GGCTTTCCATCCGATA	Lateral root cap	0.888214	10.89075	6.8507867
GGCTTTCCATGGCCCA	Root cortex	0.991852	-0.45075753	1.706481
GGCTTTCGTAGTTACC	Root hair	0.636614	2.261102	-1.5203577
GGCTTTCGTTGATGTC	Lateral root cap	0.906866	10.6966915	5.710921
GGCTTTCGTTGTGGCC	Root hair	0.83573	2.832122	-2.017004
GGCTTTCTCAGCACCG	Lateral root cap	0.976101	11.30276	10.405467
GGCTTTCTCTGCTGAA	Root cortex	0.616666	-4.1119184	1.8156766
GGGAAGTAGGAACGCT	Lateral root cap	0.900519	11.712158	6.6771226
GGGAAGTGTCATTGCA	Root cortex	0.509578	-3.574072	2.570138
GGGAAGTGTGTTGAGG	Non-hair	0.548884	2.4092693	1.6257502
GGGAAGTTCCACAGGC	Root endodermis	0.669148	1.4915152	5.1649184
GGGAAGTTCCATGATG	Root hair	0.924402	2.3341727	-3.483382
GGGAAGTTCTTACACT	Root cortex	0.900897	1.1517005	2.7242303
GGGACAAAGAAATTGC	Lateral root cap	0.980252	11.287355	10.151041
GGGACAAGTAGCTGTT	S phase	0.9929	6.590764	0.95452166
GGGACCTAGCCTGCCA	Root cortex	0.584679	1.6193037	-1.6814119
GGGACCTAGTAAATGC	Root cortex	0.309155	-3.0652153	3.9785554
GGGACCTCACCATATG	Root cortex	0.947525	0.69845426	-1.4890956
GGGACCTCATCAGTGT	Unknow	0.855388	5.20046	5.551596
GGGACCTGTCGTGTTA	Lateral root cap	0.810471	3.7813773	3.0065236
GGGACCTGTTACACAC	Columella root cap	0.385085	7.9202647	4.602067
GGGACCTTCCACGGGT	Lateral root cap	0.981294	10.360837	8.150547
GGGACCTTCGCGGTAC	Lateral root cap	0.980416	11.839975	8.141061
GGGACTCGTCCATACA	Root cap	0.513356	8.583341	4.482906
GGGACTCGTCTCAGGC	Lateral root cap	0.605125	3.8245783	2.123737
GGGACTCGTGGGACAT	Lateral root cap	0.542327	8.844466	4.955369
GGGACTCTCAGACCTA	Lateral root cap	0.931937	9.906233	7.870882
GGGACTCTCATGAGTC	Lateral root cap	0.463255	9.20936	4.2597322
GGGACTCTCGCTTTAT	Lateral root cap	0.832617	3.780304	3.274196
GGGAGATCACTCCGGA	Root cortex	0.966762	-2.324917	0.25992435
GGGAGATCAGGGATAC	Lateral root cap	0.883725	8.708482	8.268209
GGGAGATGTCCTGTCT	Lateral root cap	0.478693	8.338309	5.357189
GGGAGATGTGCCGTTG	Lateral root cap	0.667428	8.327841	8.151463
GGGAGATTCAGGGTAG	Non-hair	0.989031	4.0360036	0.073826216
GGGAGATTCTAAGAAG	Non-hair	0.274524	1.8506358	2.9148097
GGGAGATTCTGTAAGC	Unknow	0.957492	3.075185	4.790438
GGGAGTAAGGACTGGT	Lateral root cap	0.938157	11.39005	9.289615
GGGAGTACAGATCACT	Root endodermis	0.51446	-2.199017	6.132905
GGGAGTATCCAACTAG	Root cap	0.454951	7.7769847	2.572624
GGGATCCAGCTGAAGC	Xylem	0.51968	-3.5104892	4.4727726
GGGATCCAGGTCATCT	Root endodermis	0.933878	-2.3286862	5.488692
GGGATCCAGTAAGGGA	Root cap	0.459706	9.7512665	4.1792307
GGGATCCCACAGCATT	Root cortex	0.955631	-2.8188365	0.7632218
GGGATCCCACTCAAGT	Unknow	0.75113	2.2373312	5.2365437
GGGATCCCAGGACTTT	Root cortex	0.781873	-3.7288263	2.1228652
GGGATCCTCAAGAGGC	Root endodermis	0.567083	1.4884259	5.331621
GGGATCCTCCTGGGAC	Lateral root cap	0.985037	12.206837	9.125051
GGGATGAAGAAGTCAT	Non-hair	0.987675	3.201996	0.9096753
GGGATGAAGCCTCTTC	Root cortex	0.192473	-3.1931853	4.0879145
GGGATGAAGCTGAAGC	Lateral root cap	0.961082	11.83331	8.307818
GGGATGAAGGTGCCAA	Root stele	0.931368	0.70986587	9.518074
GGGATGAAGTCATGAA	Root endodermis	0.434151	-3.918347	2.51492
GGGATGAAGTGAATAC	Unknow	0.994038	3.8431273	5.2099752
GGGATGACAAAGGGTC	Lateral root cap	0.970181	11.681501	8.21293
GGGATGACAATAGGGC	Root endodermis	0.825642	-2.9402134	5.1897244
GGGATGACACTCACTC	Root cortex	0.979493	0.5431323	1.6227676
GGGATGACATAATCCG	S phase	0.97701	6.4508047	0.39851782
GGGATGAGTCCACGCA	Root cortex	0.793734	-2.8292933	2.726123
GGGATGAGTGGCATCC	Xylem	0.652331	-3.3816159	6.0989456
GGGATGAGTGGTTTAC	Non-hair	0.90984	3.224566	-0.106863216
GGGATGAGTTATAGAG	Unknow	0.78712	3.8960407	5.6041574
GGGCCATAGACTAAGT	Root cortex	0.98684	-0.8337028	2.620369
GGGCCATAGCCGTTGC	Root hair	0.984867	3.0400076	-3.1602275
GGGCCATAGCGAGTCA	Xylem	0.700409	-3.893348	4.8471417
GGGCCATAGCTTTCCC	Lateral root cap	0.482736	3.8571303	2.2370613
GGGCCATAGGAATTAC	Columella root cap	0.654022	7.196738	5.841806
GGGCCATCAAATTAGG	Non-hair	0.819893	2.1796603	1.1946045
GGGCCATCAGTGCGCT	Lateral root cap	0.950964	9.221048	7.7590404
GGGCCATCATGGACAG	Lateral root cap	0.974374	9.6342745	7.9997215
GGGCCATGTAAGGAGA	Lateral root cap	0.841783	8.909285	6.8538923
GGGCCATGTATCCCAA	S phase	0.995159	6.385786	1.3629061
GGGCCATGTCCAGCGT	Root cortex	0.946819	-2.9946485	1.740202
GGGCCATTCAGTGGGA	Lateral root cap	0.984532	14.161135	9.531539
GGGCGTTAGAGCAGAA	Non-hair	0.4817	2.581203	-0.19329423
GGGCGTTCATTGCCTC	Lateral root cap	0.982169	13.308239	10.500225
GGGCGTTGTAAGATAC	Lateral root cap	0.984753	12.507656	9.763413
GGGCGTTGTCATGCAT	Root cortex	0.48779	-4.1343207	1.56457
GGGCGTTGTCGAGTTT	Lateral root cap	0.962946	11.367671	8.998964
GGGCGTTGTCGTCAGC	Lateral root cap	0.974068	13.047168	11.221408
GGGCGTTGTTACACTG	Lateral root cap	0.979968	13.045231	10.890948
GGGCTACAGGATACAT	Non-hair	0.948733	3.2704654	0.9326328
GGGCTACCATGGAATA	Root cortex	0.629686	1.490472	-1.152824
GGGCTACCATGGGATG	Root endodermis	0.676328	-0.54879063	5.4557824
GGGCTACCATTGTCGA	Root cortex	0.884214	-0.3295875	3.969158
GGGCTACGTTGGGATG	Unknow	0.973619	2.3706987	5.10561
GGGCTCAAGAATCCCT	Root cortex	0.957588	-2.7924132	1.1558936
GGGCTCAAGCACTCTA	Lateral root cap	0.97971	11.153302	8.112983
GGGCTCACAAGGTCGA	Lateral root cap	0.843411	11.357742	5.876847
GGGCTCACAGAACTAA	Lateral root cap	0.406563	8.242682	4.7280917
GGGCTCAGTATGCTAC	Lateral root cap	0.987151	13.1963005	8.469294
GGGCTCAGTGCATTTG	Root cortex	0.966514	-2.0098133	1.7149718
GGGCTCAGTTGACGGA	Lateral root cap	0.441494	8.604448	4.4717493
GGGCTCAGTTGCATGT	Root endodermis	0.494018	-3.323958	4.713704
GGGCTCATCACTACGA	Xylem	0.970483	-3.5431244	6.534885
GGGCTCATCATCGCTC	Root cortex	0.941071	-1.5631001	2.6293702
GGGTAGAAGATTGTGA	Lateral root cap	0.970739	11.341917	8.253542
GGGTAGAAGGTATAGT	Root endodermis	0.857777	-1.5630924	5.8875747
GGGTAGACAGAAGCTG	Root cortex	0.512941	1.6024519	-1.6085854
GGGTAGACATTCAGGT	Root stele	0.960503	0.5051481	8.044839
GGGTATTGTAGGCTCC	Lateral root cap	0.989487	11.764997	8.89458
GGGTATTGTGAACTAA	Lateral root cap	0.946917	9.349582	8.063739
GGGTATTTCATTTGCT	Lateral root cap	0.326807	7.2076945	6.255513
GGGTATTTCCACGTAA	Root stele	0.670251	0.5638245	6.3706784
GGGTATTTCCTGCCAT	Root cortex	0.990115	-0.12543327	2.9068823
GGGTCACAGGCCCAAA	Non-hair	0.985485	3.9303558	0.22204652
GGGTCACAGGGACAGG	Non-hair	0.771207	3.2938495	1.7193811
GGGTCACCAAATTGGA	Root stele	0.97296	0.8854211	8.814262
GGGTCACCAACTGGTT	Unknow	0.348157	7.02861	6.120689
GGGTCACCAAGTGGAC	Columella root cap	0.80609	7.222617	4.688464
GGGTCACGTAAGTCAA	S phase	0.994474	6.3342223	1.8674088
GGGTCACGTGTTACAC	Root cap	0.9853	10.051756	2.2527335
GGGTCACTCCCTGTTG	Lateral root cap	0.991693	14.401517	9.22376
GGGTCACTCCTAGCTC	Unknow	0.835494	6.2599816	6.882802
GGGTCACTCGAAACAA	Lateral root cap	0.900439	11.298529	5.992131
GGGTCACTCGAGTTGT	Non-hair	0.517304	1.7710154	-1.4815766
GGGTCACTCGATCCAA	Root hair	0.981498	2.9126656	-2.798904
GGGTCTGAGATCCAAA	Lateral root cap	0.95346	11.639824	8.409726
GGGTCTGAGCCTCATA	Lateral root cap	0.987156	13.043817	9.475316
GGGTCTGAGTGGACGT	Root cap	0.870413	11.177332	3.3155007
GGGTCTGCACAACGTT	Lateral root cap	0.977544	11.1629925	10.263719
GGGTCTGCAGACAATA	Root cap	0.567978	9.183336	4.2747593
GGGTCTGCAGAGAGGG	Root cortex	0.943964	-0.8085658	3.7435944
GGGTCTGCAGTCTGGC	Lateral root cap	0.944969	12.58343	11.21833
GGGTCTGGTCGGCTAC	Root cortex	0.755473	2.3894289	0.7145628
GGGTCTGTCAACTTTC	Lateral root cap	0.849752	8.718903	6.7680917
GGGTCTGTCGGACTGC	Lateral root cap	0.959402	12.1244	7.865238
GGGTGAACAACGGTAG	Lateral root cap	0.97738	12.968325	11.014818
GGGTGAACAGATGCGA	Root cap	0.444791	9.67959	3.8808336
GGGTGAAGTGGTTCTA	Lateral root cap	0.94207	4.090527	3.2700763
GGGTGAATCAACCGAT	Non-hair	0.708982	3.0517826	3.4729187
GGGTGAATCCGAGTGC	Root cortex	0.969069	-2.6034534	1.2628565
GGGTGTCAGCATGCGA	Root cap	0.886443	9.522963	3.4211156
GGGTGTCCAAGCGCTC	Root cortex	0.991942	-0.055877768	1.7259052
GGGTGTCCACCTGCAG	Root cortex	0.540669	-4.4936514	1.357515
GGGTGTCGTATCGTTG	S phase	0.991836	6.3212204	1.7371945
GGGTGTCTCAACTGGT	Lateral root cap	0.978173	13.377075	10.985593
GGGTGTCTCACCTCGT	Lateral root cap	0.498326	7.7957044	6.580912
GGGTGTCTCGACCTAA	Root hair	0.793593	2.0821688	-2.0687048
GGGTGTCTCTGTCCGT	Lateral root cap	0.258127	7.6427894	5.009839
GGGTTATCACAATGCT	Lateral root cap	0.697163	8.850968	5.4627223
GGGTTATCAGGAGGAG	Lateral root cap	0.647074	9.073359	5.359346
GGGTTATGTATCATGC	Non-hair	0.482383	2.5725622	1.2938972
GGGTTATGTCACATTG	Lateral root cap	0.982794	13.5701685	10.650285
GGGTTTAAGGGTTAGC	Non-hair	0.979525	3.7645676	0.0582697
GGGTTTACAAATACAG	Lateral root cap	0.987184	13.603078	10.277405
GGGTTTACACGGTGAA	Root cap	0.944854	10.003463	2.9105484
GGGTTTACACTCACTC	Lateral root cap	0.388882	3.4257092	2.6850927
GGGTTTAGTAATGCTC	S phase	0.930098	6.475373	-0.57341653
GGGTTTAGTCGGCACT	Lateral root cap	0.986919	13.135803	7.967284
GGGTTTAGTGAACTAA	Lateral root cap	0.689858	7.9245696	6.245479
GGGTTTAGTTGCCATA	Root cortex	0.983849	-1.071769	2.4750798
GGGTTTAGTTTACGTG	Root cap	0.864763	11.531346	3.6427908
GGGTTTATCCACGTGG	Root endodermis	0.546245	-3.1034255	4.5096035
GGGTTTATCTGAACGT	Root cortex	0.977902	-2.102846	0.13967775
GGGTTTATCTGTACAG	Xylem	0.784851	-3.8813744	4.2029405
GGTAACTAGACCATGG	Lateral root cap	0.976367	10.665423	8.261779
GGTAACTAGGCAATGC	Non-hair	0.980873	3.8051336	0.08915659
GGTAACTAGTGCCAGA	Unknow	0.842115	2.4186041	5.2405624
GGTAACTCAATACGAA	Lateral root cap	0.964499	10.819723	8.034719
GGTAACTCACGTTCGG	Lateral root cap	0.986558	14.939821	9.964529
GGTAACTGTCTCAGGC	Unknow	0.981195	2.543727	5.2563863
GGTAACTGTGAACGGT	Lateral root cap	0.925964	11.834677	8.699837
GGTAACTTCTCTCTTC	Non-hair	0.611112	2.5292425	0.5714492
GGTAACTTCTGCGGAC	Root cap	0.673582	10.920397	4.0838
GGTAATCAGCGCCTTG	Root cortex	0.952795	1.0495069	0.40767208
GGTAATCAGGCACGAT	Root cortex	0.842389	1.662425	-0.59404606
GGTAATCAGGTTGAGC	Root cortex	0.987207	-1.1830223	2.2314277
GGTAATCCAATAGGGC	Non-hair	0.93408	3.180184	0.40775847
GGTAATCCAGTCTTCC	Lateral root cap	0.806957	12.039641	5.9278393
GGTAATCCATGTGGTT	Lateral root cap	0.57571	10.882191	4.6278324
GGTAATCGTGACTCGC	Unknow	0.634729	2.8595476	4.038938
GGTAATCGTTTGACAC	Root cap	0.979792	9.996439	1.4629878
GGTAATCTCAAGGACG	Root stele	0.901146	1.9730986	8.27018
GGTAATCTCATTGTGG	Non-hair	0.957052	3.3088405	-0.623881
GGTAATCTCCCGTAAA	Lateral root cap	0.984743	13.918455	10.755244
GGTAATCTCGCCGATG	Unknow	0.714113	6.862295	7.0411882
GGTAGAGAGATCCCGC	Root cap	0.504756	10.44925	4.782825
GGTAGAGGTAAGTCAA	Lateral root cap	0.965795	13.102773	10.9652605
GGTAGAGGTTATTCTC	Unknow	0.975073	3.6701553	5.253734
GGTCACGAGCACGTCC	Root cap	0.372776	6.164132	-0.3890078
GGTCACGAGCAGCCTC	Root cap	0.388567	8.723948	3.886396
GGTCACGCATCGATCA	Root cortex	0.948771	-0.8573456	3.463352
GGTCACGCATGTTCGA	Lateral root cap	0.976927	11.885689	8.1137905
GGTCACGGTGACCGAA	Lateral root cap	0.978905	13.244214	11.007665
GGTCACGTCAAGTTGC	Root hair	0.850051	6.029766	-0.9440875
GGTCACGTCCCTTGTG	Lateral root cap	0.982545	12.154753	9.074597
GGTCTGGAGAATAACC	Non-hair	0.41798	2.7867262	2.1127617
GGTCTGGAGCCTCTCT	Root stele	0.878485	-0.91394967	8.149305
GGTCTGGAGGCACAAC	Root endodermis	0.633878	1.4264717	5.5669813
GGTCTGGAGTTGCTGT	Unknow	0.974235	3.3424866	4.375467
GGTCTGGCAGCCCACA	Root stele	0.971249	0.55424017	9.275433
GGTCTGGCATCGCTAA	Unknow	0.437121	1.4190698	4.3529487
GGTCTGGGTTAACCTG	Unknow	0.586957	6.9858313	6.3702164
GGTCTGGTCCTCACCA	Lateral root cap	0.966516	12.314691	7.298514
GGTCTGGTCGCTCATC	Unknow	0.819737	1.9282582	5.227262
GGTGAAGAGAATTGCA	Lateral root cap	0.979894	11.6056795	7.238247
GGTGAAGAGTGCAGCA	Root stele	0.92803	-0.53889436	7.753124
GGTGAAGCAAAGGAGA	Xylem	0.21436	-3.306505	4.1756825
GGTGAAGCAAGGTTGG	Non-hair	0.399139	9.364894	3.6362643
GGTGAAGCACCAACAT	Root stele	0.904302	1.0685327	8.32627
GGTGAAGGTCCTGTCT	Lateral root cap	0.988418	14.8465605	9.990348
GGTGATTAGCCATTGT	Lateral root cap	0.923825	9.390571	6.431929
GGTGATTCAGCAGGAT	Root endodermis	0.952984	-2.3828611	5.026746
GGTGATTTCGCTCCTA	Lateral root cap	0.986862	12.466219	9.679399
GGTGATTTCTTCCCGA	Unknow	0.941497	6.040318	6.6465445
GGTGGCTAGCGTGAGT	Lateral root cap	0.94387	11.655919	10.078322
GGTGGCTTCAAAGGTA	Xylem	0.65041	-2.024185	7.160109
GGTGGCTTCAAGATAG	Root stele	0.907444	1.124594	7.0054502
GGTGGCTTCGAGCTGC	Root stele	0.929739	1.2459012	7.9991856
GGTGTCGAGCAGCGAT	Lateral root cap	0.856111	3.8298516	3.0140126
GGTGTCGAGGTCTTTG	S phase	0.974186	6.3497014	0.74433196
GGTGTCGCACCAAATC	Root cortex	0.560312	0.010613056	4.52051
GGTGTCGCATCGGTTA	Root hair	0.705867	5.953532	-0.60812545
GGTGTCGGTCTCGGAC	Root cortex	0.980292	-1.4761742	1.3268025
GGTGTCGGTGTTTCTT	Lateral root cap	0.972062	13.173738	11.051358
GGTGTCGGTTAGGAGC	Lateral root cap	0.968808	12.637835	7.8841352
GGTGTCGGTTGCATCA	Root cortex	0.989132	-0.7671172	0.9265906
GGTGTCGTCCTTCACG	Lateral root cap	0.974602	13.138845	11.247908
GGTGTTAAGTGTTGTC	Root cap	0.87225	11.381983	3.3282332
GGTGTTACAGTCCGTG	Root stele	0.96471	-0.8618135	8.698591
GGTGTTAGTAACCAGG	Xylem	0.973103	-3.6534252	6.5817485
GGTGTTAGTACTGCGC	Xylem	0.421563	-3.617187	4.852686
GGTGTTAGTTCCACGG	Lateral root cap	0.966466	11.555696	8.895492
GGTGTTATCGAGTGGA	Lateral root cap	0.937671	10.239735	6.7474294
GGTTAACAGCAGCCTC	Root cortex	0.913369	-1.3914412	2.9771624
GGTTAACAGGAAAGAC	Root cortex	0.984795	-1.1891899	1.8691361
GGTTAACAGTTATGGA	S phase	0.985475	6.3721733	2.0436852
GGTTAACCACTGCGTG	Lateral root cap	0.983109	13.008975	10.259351
GGTTAACCAGATTTCG	Root hair	0.451954	1.6140931	-1.8540717
GGTTAACCAGCTGTCG	Root cap	0.932382	10.280869	2.468405
GGTTAACCAGGCGAAT	Root cap	0.540953	11.259132	3.9805772
GGTTAACCATATACCG	Root cortex	0.750754	-3.9799507	1.0559357
GGTTAACCATGGCCAC	Root cortex	0.980999	0.09360863	0.08656268
GGTTAACTCAAGTGTC	Unknow	0.977989	2.95412	6.202956
GGTTAACTCGAGCTGC	Unknow	0.420362	4.9074373	4.2423353
GGTTAACTCTCTGGTC	Lateral root cap	0.986699	13.650337	9.905791
GGTTCTCAGGGAGGAC	Lateral root cap	0.964532	10.310622	7.7331567
GGTTCTCAGTCTAGCT	Lateral root cap	0.55188	10.144588	4.8808346
GGTTCTCCAGAAGCTG	Lateral root cap	0.800964	3.878573	3.1897755
GGTTCTCGTGTCGCTG	Root stele	0.965234	1.0828836	8.406677
GGTTCTCTCGTACACA	Root cortex	0.814332	-3.5658135	2.089579
GGTTGTAAGAAATTGC	S phase	0.997412	6.5071745	1.2260259
GGTTGTAAGTTTGCTG	Lateral root cap	0.965434	9.499667	8.025827
GGTTGTACAACCGTAT	Lateral root cap	0.964837	9.025988	8.6001425
GGTTGTACAGAGGTAC	Root endodermis	0.702492	-3.068481	4.949812
GGTTGTACATCGGAAG	Root cortex	0.906764	-3.3244905	0.9634046
GGTTGTAGTCTCGCGA	Root stele	0.976199	0.5988681	8.112719
GGTTGTAGTGAGTCAG	Root stele	0.940043	0.29481778	9.006328
GGTTGTAGTGTGAATA	Root cap	0.479915	9.568262	2.4979649
GGTTGTAGTTAGAGTA	Root cortex	0.970184	0.8745187	0.39557958
GTAACACAGACTCTTG	Lateral root cap	0.981373	12.180991	8.581296
GTAACACAGCTGAGTG	Root cap	0.215597	8.471706	4.0596976
GTAACACAGGTAAACT	Lateral root cap	0.612862	9.931936	4.8893776
GTAACACAGGTTCTTG	Root cortex	0.986139	0.564706	1.8490524
GTAACACCAAACACGG	Unknow	0.975745	3.3864918	4.1992965
GTAACACCAGTGAGCA	S phase	0.881272	6.5697885	-0.26735404
GTAACACCATAAGCAA	Root hair	0.985073	2.811492	-2.8515112
GTAACACGTATCAAGA	Root stele	0.971361	0.4845024	7.889732
GTAACACGTCACCGAC	Root cortex	0.68695	1.81376	1.7762481
GTAACACGTCCTCCTA	Lateral root cap	0.933646	12.371447	6.6170077
GTAACACGTCGTATTG	Xylem	0.837418	-2.6763425	6.3564343
GTAACACTCATGAGGG	Lateral root cap	0.951786	9.304943	7.534994
GTAACACTCCTATGGA	Root hair	0.989176	3.0259595	-3.079466
GTAACACTCGACCCAG	Root endodermis	0.466532	-4.086218	2.7333138
GTAACCAAGTCCTGTA	Root cortex	0.897435	1.1481628	-0.58561736
GTAACCAAGTCGGGAT	Root stele	0.415723	-1.0758827	4.5209804
GTAACCACACGCGTGT	Root cortex	0.380717	1.3134854	-2.3443384
GTAACCAGTAGTCGGA	Root stele	0.921123	0.23678811	9.323849
GTAACCAGTATTCCGA	Root endodermis	0.565301	-2.9482872	4.3334975
GTAACCAGTTGCATTG	Columella root cap	0.688736	7.958797	5.0654874
GTAACCATCACCATCC	Lateral root cap	0.816969	10.488578	7.385372
GTAACCATCATGGATC	Root cortex	0.946665	-2.555135	0.30987284
GTAAGTCAGATAGTGT	Columella root cap	0.75961	7.2527647	5.5533113
GTAAGTCCAAAGCAAT	Xylem	0.977061	-3.8791082	6.484477
GTAAGTCGTCTTTCTA	Unknow	0.644151	7.2595463	7.010449
GTAAGTCGTTGCTTGA	Root cortex	0.865513	-3.9977293	1.4108248
GTAAGTCTCCGTTGGG	Root cortex	0.982278	-0.33933723	2.9791477
GTAATCGAGACGGTTG	Lateral root cap	0.984327	11.36027	9.139701
GTAATCGAGAGTCGAC	Lateral root cap	0.991711	13.262591	8.976999
GTAATCGAGTCCGCCA	Unknow	0.961703	2.4555352	5.279268
GTAATCGGTCAGGTAG	Root endodermis	0.957337	-0.21878634	4.745925
GTAATCGTCAGGAACG	Lateral root cap	0.769699	12.150898	5.2249866
GTAATCGTCTAGCAAC	S phase	0.975267	6.2449265	1.8928993
GTAATGCAGCAGCAGT	Lateral root cap	0.920125	8.783741	7.2831297
GTAATGCAGCCTCGTG	Lateral root cap	0.476292	7.9101524	5.9754987
GTAATGCCAACAGAGC	Lateral root cap	0.978915	11.900824	9.542951
GTAATGCTCATTACGG	Lateral root cap	0.942999	9.040822	8.039087
GTACAACGTCAACATC	Non-hair	0.527577	2.145766	1.5816793
GTACAACTCCTACACC	Lateral root cap	0.986362	11.526255	8.901692
GTACAGTAGACCTGGA	Lateral root cap	0.984709	11.49708	9.395786
GTACAGTAGGATTTCC	Lateral root cap	0.979262	11.196592	9.969997
GTACAGTAGTCTGCGC	Lateral root cap	0.983554	13.792587	10.454743
GTACAGTCATTCACCC	Lateral root cap	0.979476	13.261293	7.9308267
GTACAGTGTTGTCCCT	Root cortex	0.975781	-0.50673777	-0.012961405
GTACAGTTCCACCCTA	Root stele	0.976272	0.2099232	7.8482485
GTAGAAAAGAGTCCGA	Lateral root cap	0.887734	11.246083	5.921361
GTAGAAACAAACTGCT	Lateral root cap	0.984268	13.263135	8.832955
GTAGAAACAGTAGAAT	Root cortex	0.950753	1.0358412	3.4489293
GTAGAAAGTACCACGC	Non-hair	0.977386	3.5055864	-0.51829636
GTAGAAATCGACGATT	Root cortex	0.928405	-3.467092	0.646447
GTAGAGGCAACGCCCA	Lateral root cap	0.641546	8.378553	5.9478955
GTAGAGGGTACAAAGT	Lateral root cap	0.462264	8.555722	4.994824
GTAGAGGTCTCAAAGC	Lateral root cap	0.573464	9.105925	4.537594
GTAGAGGTCTGCAGCG	Lateral root cap	0.458033	9.060717	4.8009315
GTAGATCAGCGTATAA	Lateral root cap	0.755563	8.591342	5.5885053
GTAGATCAGTGTAGTA	Lateral root cap	0.935942	11.06605	6.2793016
GTAGATCCACGCAAAG	Root cortex	0.947592	0.1938283	2.9283075
GTAGATCCATAGGTTC	Root endodermis	0.787733	1.1501532	5.3147554
GTAGATCCATGGAAGC	Lateral root cap	0.955671	10.19234	8.259086
GTAGATCGTAGTCGGA	Root cap	0.933627	10.548106	2.6652765
GTAGATCGTATCCCTC	Unknow	0.407812	3.2413638	-1.4385284
GTAGATCTCTTACCAT	Root stele	0.78683	1.6146266	8.084027
GTAGCTAAGAATAACC	Root cap	0.989665	9.430978	1.4997102
GTAGCTAAGCGTGAGT	Lateral root cap	0.963436	12.425629	6.9365535
GTAGCTAAGTAATCCC	Lateral root cap	0.958615	10.3486395	6.7291574
GTAGCTACAAATCCCA	Root stele	0.952281	1.4301684	8.08473
GTAGCTACACAATCTG	Root cortex	0.551276	-3.9758155	1.0464449
GTAGCTACATAGATCC	Non-hair	0.433685	3.2354681	1.8389504
GTAGCTAGTAACCCGC	Lateral root cap	0.886363	8.787494	7.1668744
GTAGCTAGTCCTACGG	Root cortex	0.979692	-0.7381392	1.303688
GTAGCTATCTCAAAGC	Lateral root cap	0.788538	7.903074	7.072803
GTAGGAGAGCCGGAAT	Root hair	0.612778	5.578488	-0.74734235
GTAGGAGAGTAACGAT	Root hair	0.863626	2.3286898	-3.190586
GTAGGAGCAACGGTAG	Unknow	0.758615	2.9812737	4.2656484
GTAGGAGCACCAGACC	Root cap	0.570461	11.832711	4.459776
GTAGGAGCATGACAGG	Root hair	0.795031	2.949402	-1.9584075
GTAGGAGTCACCCTCA	Lateral root cap	0.799048	10.660565	5.658991
GTAGGTTAGCAGGCTA	Root hair	0.972051	2.8465793	-2.9713023
GTAGGTTCATCACCAA	Lateral root cap	0.76506	7.9079175	7.4535656
GTAGGTTGTAGGAGGG	Lateral root cap	0.450266	8.685018	4.997604
GTAGGTTGTCACTTCC	Non-hair	0.805158	3.1431835	1.7349188
GTAGGTTGTCGATTAC	Root cortex	0.75064	-2.7940571	2.2025838
GTAGGTTGTGGCTGAA	Root cortex	0.961833	0.5305175	-1.3557633
GTAGGTTGTTACACTG	Root cortex	0.882611	-3.3704662	1.7561532
GTAGGTTGTTGTAAAG	Root hair	0.985406	2.963375	-2.7205458
GTAGGTTTCAGAATAG	Root stele	0.968592	0.42605117	9.075079
GTAGTACAGATCCGAG	Lateral root cap	0.965047	11.3135605	6.4362216
GTAGTACAGCAGCCCT	Root endodermis	0.92104	-0.8389593	5.496559
GTAGTACAGGTACAAT	Root cortex	0.9116	-3.9261892	1.0675405
GTAGTACAGTAACCGG	Root cap	0.936412	9.552825	3.0629044
GTAGTACAGTTGAAGT	Lateral root cap	0.937297	9.034888	7.458808
GTAGTACCACGCAAAG	Root hair	0.60364	6.0447326	-0.85485876
GTAGTACCAGTGAGCA	Lateral root cap	0.584421	3.5536087	2.7348523
GTAGTACGTACGAAAT	Root cortex	0.973039	-1.2193753	2.7084506
GTAGTACGTTATGACC	Root cortex	0.966423	-1.4845644	-0.4461758
GTAGTACGTTTCGTTT	Root cortex	0.983949	-1.0454857	2.3595588
GTAGTACTCAGTGCGC	Lateral root cap	0.981019	12.362621	8.498341
GTATTGGAGACATACA	Non-hair	0.853554	3.0353773	0.7836086
GTATTGGCACATCATG	Lateral root cap	0.468943	3.6766536	3.0034008
GTATTGGCACTAACGT	Unknow	0.454241	7.372481	6.7370396
GTATTGGGTACGAGCA	Lateral root cap	0.967538	12.287435	8.423373
GTATTGGTCAGTCCGG	Lateral root cap	0.941397	12.183754	11.126392
GTATTGGTCGTTGTAG	Root cortex	0.980679	0.3085046	-0.030945903
GTATTGGTCTGCCTCA	Root cortex	0.96942	-2.3344803	0.17282693
GTATTTCAGACCACGA	Columella root cap	0.619329	6.969094	5.011404
GTATTTCCAGGTTCAT	Root cortex	0.841803	-3.217776	2.359397
GTATTTCGTGACACAG	Lateral root cap	0.847104	9.871423	5.648256
GTATTTCGTGATTGGG	Lateral root cap	0.988377	14.129438	9.938521
GTCAAACAGACGACTG	Xylem	0.622385	-3.5943854	5.0776663
GTCAAACAGAGGTGCT	Xylem	0.936041	-2.7471662	6.936533
GTCAAACAGATGACAT	Lateral root cap	0.977393	11.999257	8.060339
GTCAAACAGCATGAAT	Unknow	0.541207	3.3879774	-2.6047978
GTCAAACCATAGCTGT	Lateral root cap	0.962159	11.284444	7.7952957
GTCAAACCATCACAGT	Root cortex	0.65083	1.3830907	0.002334506
GTCAAACGTCATGACT	Lateral root cap	0.987403	14.108523	10.313601
GTCAAACGTGAGATTA	Lateral root cap	0.667197	11.53724	4.856195
GTCAAACGTTGCTCGG	Lateral root cap	0.97029	9.876684	7.1523566
GTCAAACTCCGCGAGT	Lateral root cap	0.495064	3.3922317	2.3574104
GTCAAACTCGCCAGTG	Lateral root cap	0.982591	12.6222725	9.023901
GTCAAACTCTGCGAGC	Lateral root cap	0.905062	10.935817	6.6535945
GTCAAGTAGACTAAGT	Xylem	0.884116	-3.5213776	6.387004
GTCAAGTAGCCTCAAT	Lateral root cap	0.983374	10.664713	9.470457
GTCAAGTAGGGCCTCT	Root cortex	0.564474	2.0089846	0.6127585
GTCAAGTCAGAGCTAG	Root cortex	0.961145	-1.8548545	-0.34919202
GTCAAGTCAGCTGAAG	Root cap	0.866852	11.212605	3.3117065
GTCAAGTGTACCACGC	Lateral root cap	0.983333	13.697682	10.800981
GTCAAGTGTCCTCCAT	Lateral root cap	0.966292	11.764226	7.8829823
GTCACGGAGAAACTGT	Root endodermis	0.710301	-1.4450485	4.267148
GTCACGGAGCACCAGA	S phase	0.866597	6.451691	2.463798
GTCACGGAGGGATCTG	Lateral root cap	0.552876	11.454493	5.1351743
GTCACGGAGTAAGAGG	Root cortex	0.922645	-3.391034	1.1137205
GTCACGGAGTACGAGC	S phase	0.860222	6.937312	1.8166943
GTCACGGGTGATACCT	Root stele	0.967519	1.1255773	7.813844
GTCACGGGTGTGCCTG	Root cortex	0.840097	-3.2219896	2.07001
GTCACGGGTTGTTGAC	Non-hair	0.793757	3.159266	-0.26943913
GTCACGGTCCATCAGA	S phase	0.517379	6.1944118	-0.8509767
GTCACTCAGAGTTGTA	Unknow	0.941584	6.021555	5.88509
GTCACTCAGATACAGT	Lateral root cap	0.921231	11.90674	5.8794565
GTCACTCAGGATTCAA	Xylem	0.872315	-3.7519405	6.2204547
GTCACTCCAGAACTTC	Lateral root cap	0.321262	8.610619	4.2374907
GTCACTCGTCGCATGC	Root hair	0.921932	2.3446522	-3.4362233
GTCAGCGAGCACTCAT	Unknow	0.791579	6.171149	5.7411003
GTCAGCGAGTCCCAGC	Root cortex	0.827882	2.3219173	-0.14866923
GTCAGCGCACATTCGA	Root cortex	0.954457	-3.2506292	0.9151536
GTCAGCGCAGGAGGTT	Lateral root cap	0.985667	12.001994	9.632108
GTCAGCGGTAGATGTA	Root endodermis	0.968158	0.23335156	5.122261
GTCAGCGGTGATCGTT	Lateral root cap	0.986364	13.281254	9.979558
GTCAGCGGTTCGTGCG	Root cortex	0.948732	0.6785911	-1.451177
GTCAGCGGTTCTGAGT	Lateral root cap	0.830719	8.677071	6.181833
GTCATCCAGAATCGTA	Unknow	0.639637	4.6780586	4.15802
GTCATCCCACATTCGA	Root cap	0.780813	10.582276	3.8352187
GTCATCCGTGCCGTAC	Root stele	0.970507	-0.19150835	7.860815
GTCATCCTCGGTTAGT	Lateral root cap	0.988855	13.256475	8.780269
GTCATGAAGAATCCCT	Lateral root cap	0.412711	7.1208773	6.6670423
GTCATGAAGCCTCAAT	Root cortex	0.992747	-0.2298543	2.3447356
GTCATGAAGTCGAAGC	Lateral root cap	0.67727	11.359146	5.3344793
GTCATGACACACCTTC	Root cortex	0.980027	-0.9155656	2.2818718
GTCATGACATGGGTCC	Xylem	0.971635	-2.9958544	6.616373
GTCATGAGTAAGCGGT	Root stele	0.974578	0.48053414	8.640895
GTCATGAGTAATTGGA	G1/G0 phase	0.342368	1.1236831	-2.101787
GTCATGAGTACGATCT	Lateral root cap	0.971692	9.662204	8.142772
GTCATGAGTCGAACAG	Lateral root cap	0.98861	13.883859	9.297826
GTCATGATCAAACCTG	Lateral root cap	0.968862	12.446453	11.229383
GTCATGATCTTCCCGA	Lateral root cap	0.981398	10.555097	9.627568
GTCATTTAGACCCGCT	Root cortex	0.541773	2.8336623	1.261763
GTCATTTAGCACGTCC	Lateral root cap	0.933005	10.665158	6.1775284
GTCATTTGTCGAAGCA	Root cortex	0.976924	0.48297864	0.3301462
GTCATTTTCTCCGAGG	Root endodermis	0.971684	-1.3413007	4.899011
GTCCACTAGTGCGCTC	Unknow	0.846828	1.7117003	5.973914
GTCCACTCAAATGCTC	Lateral root cap	0.934887	8.909359	7.6106925
GTCCACTGTGGGTTGA	Lateral root cap	0.982945	10.453118	9.311244
GTCCACTGTGTAGGAC	Root cortex	0.940972	-3.282221	0.5823411
GTCCCATAGGTGCCAA	Root cortex	0.915494	0.84366554	1.879981
GTCCCATCAATGTCAC	Unknow	0.65136	7.114558	6.3258915
GTCCCATCAGTCCGTG	Unknow	0.842349	6.8404827	6.913945
GTCCCATCATTGAAAG	Root cap	0.943772	9.801084	2.0143256
GTCCCATGTCCGGACT	Unknow	0.830543	2.421966	4.94319
GTCCCATTCAAATGCC	Root cortex	0.937458	-1.5477331	2.5401704
GTCCCATTCGTAGCCG	Root cortex	0.983663	-0.29224607	2.9813037
GTCCCATTCTACGCAA	Unknow	0.861346	6.3041368	6.7691703
GTCCTCAAGACCATAA	Root cortex	0.892696	0.7842617	-0.49733928
GTCCTCACAACGATCT	Root cortex	0.786752	2.4663374	-0.2596054
GTCCTCACAACTCGTA	Root stele	0.896816	1.405675	8.402417
GTCCTCACATCTTTCA	Columella root cap	0.67776	6.4526772	5.4846845
GTCCTCAGTAAGGTCG	Non-hair	0.98505	4.0345383	0.367169
GTCCTCAGTACTAGCT	Lateral root cap	0.585355	10.725524	4.2162504
GTCCTCAGTGTCCTAA	Root cortex	0.97491	0.45249403	1.2865783
GTCCTCATCCCTCAAC	Root endodermis	0.961191	-1.8899746	5.3778367
GTCCTCATCGCGTGCA	Lateral root cap	0.960497	9.360507	8.059198
GTCGAATAGTCTCGTA	Root cap	0.765276	10.257925	3.637738
GTCGAATAGTTGGCTT	S phase	0.823108	6.2460213	-0.20366587
GTCGAATGTACGAGTG	Lateral root cap	0.953054	11.379254	7.8262253
GTCGAATGTAGAGACC	Root cortex	0.959537	-2.6193328	0.32953557
GTCGAATTCCCGTGAG	Root cortex	0.957466	-2.2962847	0.13952067
GTCGAATTCGTCAAAC	Lateral root cap	0.965021	12.636419	11.281944
GTCGAATTCTCACCCA	Lateral root cap	0.9887	14.732599	9.656757
GTCGCGAAGCGGTATG	Lateral root cap	0.941108	9.401191	8.946893
GTCGCGACAGTCAGTT	Non-hair	0.594975	2.8583844	-0.2758584
GTCGCGAGTCTCACAA	Root stele	0.940398	1.544518	8.191683
GTCGCGATCATTATCC	Lateral root cap	0.972877	10.639063	8.557403
GTCGCGATCCATCACC	Lateral root cap	0.975392	9.445042	8.055633
GTCGCGATCTATCGGA	Lateral root cap	0.955492	10.604175	8.03066
GTCGCGATCTGAGTCA	Root cortex	0.985269	-1.0509026	2.361775
GTCGTAAAGCTCTATG	Non-hair	0.714386	2.7195446	0.8719307
GTCGTAACACAGAGCA	Xylem	0.958407	-3.682291	6.4264007
GTCGTAACAGACCTGC	Root endodermis	0.787898	-1.8416407	5.9678464
GTCGTAATCGAGTGAG	Root cortex	0.799006	0.7923746	-1.8375674
GTCGTAATCGGTGTTA	Lateral root cap	0.983517	10.998339	9.208657
GTCGTAATCTTCTGGC	Lateral root cap	0.927996	11.357623	6.776928
GTCGTTCAGACCAGAC	Root stele	0.944872	1.069384	7.5545626
GTCGTTCAGCGTGCCT	Root cortex	0.932388	-3.5477	0.7760644
GTCGTTCAGTGAGGTC	Root stele	0.969579	0.9792489	8.524211
GTCGTTCCAGAAGTGC	Root cortex	0.812462	1.1138476	-0.32294002
GTCGTTCCATAAGATG	Root stele	0.461202	-1.649982	7.5561824
GTCGTTCGTAACACCT	Root cap	0.821204	9.59127	2.2552109
GTCGTTCGTACGAAAT	Root stele	0.847433	0.09824438	6.7877336
GTCGTTCGTCGAATTC	Root endodermis	0.378348	1.3333832	5.9750605
GTCGTTCTCCGCCTAT	Unknow	0.742142	6.370598	5.6806016
GTCTACCAGCTTCATG	Non-hair	0.852682	5.7963552	0.11488752
GTCTACCAGGTTGAGC	Lateral root cap	0.986248	13.122772	9.41367
GTCTACCCAACGTTAC	Unknow	0.742069	4.60153	4.485104
GTCTACCCAAGGTCTT	Root cortex	0.815908	2.1683276	0.3032488
GTCTACCCAGCAGTCC	Lateral root cap	0.980409	10.621939	8.893001
GTCTACCCATTGAAAG	Root cortex	0.990597	-0.32900304	1.5964339
GTCTACCGTGTAGTGG	Root cap	0.988083	9.874188	1.6266531
GTCTACCTCAGACTGT	Lateral root cap	0.960908	11.131853	7.8319645
GTCTACCTCTGAGAGG	Columella root cap	0.562643	7.7929196	5.377751
GTCTAGAAGAGGTGCT	Unknow	0.67741	2.403426	6.835558
GTCTAGACACAGTCAT	Lateral root cap	0.93178	9.413357	7.136679
GTCTAGACACCGTGCA	Root hair	0.556978	1.5208371	-2.3839548
GTCTAGACAGCTACAT	Root stele	0.965015	0.29062003	9.430199
GTCTAGACAGGTGGAT	Lateral root cap	0.890918	10.832875	6.378368
GTCTAGAGTCTGTGAT	Lateral root cap	0.979244	12.26766	8.201229
GTCTAGAGTTTGGCTA	Xylem	0.887288	-3.658901	6.1240788
GTCTAGATCACCATCC	Unknow	0.858854	6.193044	6.5060387
GTCTAGATCGGACGTC	Root stele	0.962197	-0.9638899	8.420536
GTCTAGATCTTCCAGC	Root hair	0.965064	2.5763977	-3.1303854
GTCTCACAGAATGTTG	Unknow	0.735456	2.7428222	6.8030005
GTCTCACGTCCTACGG	Root cortex	0.826476	-0.1872192	-1.3152015
GTCTCACGTCTGATCA	Root cortex	0.890076	-2.2962081	2.5785213
GTCTCACGTGGTTTGT	Root cortex	0.992167	-0.7376229	2.1086664
GTCTCACGTTTCACTT	Root cortex	0.981065	-1.652517	0.17414398
GTCTGTCAGGGAACAA	Root cortex	0.897872	-3.3749938	1.3186759
GTCTGTCCAATCTGCA	Unknow	0.460949	2.0914488	6.8514886
GTCTGTCCAGTCTACA	Root cortex	0.92765	-3.271315	1.9288604
GTCTGTCGTAGATCCT	Root cortex	0.926341	-3.3597667	0.70928717
GTCTGTCGTCTGATCA	Lateral root cap	0.939428	10.210055	6.2436132
GTCTGTCTCGCATTGA	Root cap	0.932942	10.416465	3.1219802
GTCTGTCTCTTGGTGA	Lateral root cap	0.989626	13.953426	10.020587
GTCTTTAAGTGGAAGA	Non-hair	0.56761	1.9821471	0.7490385
GTCTTTACAGCAGTTT	Unknow	0.479682	2.4228084	6.930417
GTCTTTAGTAGGTTTC	Root cap	0.948266	10.009493	2.070874
GTCTTTAGTGGAACCA	Phloem	0.234751	11.130329	11.00059
GTCTTTATCGAATGCT	Root stele	0.461921	-1.5511311	7.631727
GTGACGCAGCACTTTG	Columella root cap	0.443436	6.6722307	5.774151
GTGACGCAGGAAAGTG	Root cortex	0.929103	-3.0939941	2.0489328
GTGACGCAGGTATAGT	Lateral root cap	0.983796	11.465809	9.915775
GTGACGCTCCCGTTGT	Non-hair	0.442898	5.6670766	3.352977
GTGACGCTCCTACGAA	Lateral root cap	0.981388	12.104709	8.319398
GTGACGCTCGCTCATC	Columella root cap	0.610895	7.677792	4.30387
GTGAGCCAGCTTGTTG	Unknow	0.807357	2.6339195	6.7844534
GTGAGCCCACATTCGA	Lateral root cap	0.975116	10.627225	7.160513
GTGAGCCCACTAACCA	Columella root cap	0.808092	6.70355	5.320925
GTGAGCCCATGTACGT	Root cortex	0.939941	-1.1929585	3.0914273
GTGAGCCTCTACTGAG	Root stele	0.965097	1.0499005	8.682512
GTGAGGAAGCCTAGGA	Root cortex	0.976029	-1.2934918	2.5910294
GTGAGGAAGGTGCGAT	Unknow	0.51456	5.829288	3.1780949
GTGAGGAAGTAGTGCG	Root cortex	0.951829	-2.783423	1.3666385
GTGAGGACAGGCAATG	Root cortex	0.960733	-2.6878293	0.525977
GTGAGTTAGGAAAGAC	Root cortex	0.510198	-3.901948	2.298261
GTGAGTTCACCGGCTA	Root cortex	0.963064	-2.767534	0.24911758
GTGAGTTCATAATCCG	Non-hair	0.514393	2.9017527	1.4593549
GTGAGTTGTAGAATAC	Columella root cap	0.621816	7.432321	5.1249623
GTGAGTTGTCCAGCCA	Lateral root cap	0.971537	11.307941	7.551014
GTGAGTTGTCCCTGTT	Root cortex	0.565665	1.5531619	-1.0185937
GTGAGTTGTCTATGAC	Lateral root cap	0.776603	11.042541	4.995988
GTGAGTTGTTACACTG	Unknow	0.756811	4.0372734	4.8127112
GTGAGTTTCCATACAG	Root endodermis	0.976562	0.73751485	4.6727796
GTGAGTTTCGTGGACC	Lateral root cap	0.985666	12.951633	8.054544
GTGATGTAGTATGTAG	Lateral root cap	0.979133	12.389637	9.497125
GTGCACGAGAAGCGCT	Unknow	0.777354	6.302772	6.1359377
GTGCACGAGGTCGCCT	Root endodermis	0.778694	-0.5574547	5.3851705
GTGCACGCAACTGAAA	Root cortex	0.616168	1.167811	-1.8536845
GTGCACGCACGTACTA	Lateral root cap	0.983891	13.52556	10.468872
GTGCACGTCCAGGACC	Root stele	0.737473	1.7784312	7.3627653
GTGCACGTCCGCCTAT	Root cap	0.989551	8.970813	1.5391837
GTGCAGCAGGGCGAAG	Root cortex	0.977618	0.60645074	1.5200671
GTGCAGCCAATCTCTT	Root cortex	0.867672	0.8911271	-0.22162369
GTGCAGCCACATGGTT	Root cap	0.482957	11.834772	4.856548
GTGCAGCGTTCAAGTC	Lateral root cap	0.976688	11.069842	8.982189
GTGCAGCGTTTGGAGG	Lateral root cap	0.981257	13.28466	10.650621
GTGCGTGAGCGATGAC	Root cortex	0.965778	-0.17111592	1.3634404
GTGCGTGCATGGCACC	Root stele	0.967432	0.7231397	8.889439
GTGCGTGGTAACAGTA	Lateral root cap	0.614228	11.330565	4.640532
GTGCGTGGTGACTATC	Lateral root cap	0.628359	7.962364	6.502526
GTGCGTGTCCTATTTG	Lateral root cap	0.949656	9.793731	7.0319133
GTGCTGGAGCGTATAA	Root cap	0.759047	11.518653	4.57942
GTGCTGGCAACGCATT	Lateral root cap	0.882585	11.48243	6.5503383
GTGCTGGCACGTAACT	Unknow	0.827319	1.930234	4.8147955
GTGCTGGCATATACCG	Non-hair	0.860883	2.1751912	0.9599856
GTGCTGGCATTCTCCG	Root cortex	0.991395	-0.1715525	2.465758
GTGCTGGGTACATTGC	Lateral root cap	0.978373	11.580618	10.403228
GTGCTGGGTGTCTAAC	S phase	0.96127	6.3837724	0.47968912
GTGCTGGTCACCGGGT	Root cortex	0.585328	-0.07127435	-1.5069575
GTGCTGGTCTTGAACG	Root stele	0.795796	1.8857509	8.474167
GTGCTTCGTATCCTCC	S phase	0.920173	6.5885243	-0.61703324
GTGCTTCGTCACTCAA	Unknow	0.565214	2.0622923	5.1120267
GTGCTTCTCTGGAGAG	G1/G0 phase	0.282843	-4.3912234	1.3273215
GTGGAAGAGCCAAGCA	Root cap	0.793788	8.686111	1.8989661
GTGGAAGCAACACACT	Lateral root cap	0.988138	13.61339	10.262782
GTGGAAGCACAACGTT	Root cap	0.963478	8.813555	2.0091424
GTGGAAGGTACCAGAG	Unknow	0.542106	5.116617	5.455639
GTGGAAGGTATGAGAT	Xylem	0.720122	-2.2945435	6.8906136
GTGGAAGGTGGACCTC	Root cortex	0.975664	0.75996345	0.33786643
GTGGAGAAGAACGCGT	Root cap	0.968388	9.323835	2.498778
GTGGAGAAGCCTTTGA	Root cortex	0.411554	-3.2027922	3.5615408
GTGGAGAAGCGTCGAA	Lateral root cap	0.977694	12.624812	9.5980015
GTGGAGAAGCTCGACC	Unknow	0.938901	4.1360593	4.7264705
GTGGAGAGTATGCTAC	Root cortex	0.980609	0.33181202	0.9700367
GTGGAGAGTCGTTATG	Xylem	0.941343	-3.4222155	5.9045553
GTGGAGATCTTCCAGC	Lateral root cap	0.331208	7.5182805	5.8530507
GTGGCGTAGTTGAAGT	Root cortex	0.282949	1.9978441	2.803482
GTGGCGTAGTTGGAAT	Root cortex	0.526356	-0.037576992	-0.5409512
GTGGCGTCAACCCTCT	Root endodermis	0.963991	-2.0108564	5.1643996
GTGGCGTCAAGTACCT	Lateral root cap	0.613186	3.8051305	2.4258132
GTGGCGTCAGCTGTCG	Root cap	0.98618	10.0446615	1.5061852
GTGGCGTCAGTGAGCA	Root hair	0.707331	1.7285888	-2.22104
GTGGCGTGTAGCTCGC	Root cortex	0.844088	-3.9381828	1.1738938
GTGGCGTGTGAATTGA	Lateral root cap	0.959847	12.698518	11.290702
GTGGCGTGTTCCACGG	S phase	0.674262	6.283929	-0.8377261
GTGGCGTTCTGCGGGT	Root cortex	0.976108	-2.4885635	1.1802266
GTGGGAAAGCCGAATG	Lateral root cap	0.952815	10.990241	9.25281
GTGGGAAAGTGTACCT	Lateral root cap	0.568309	7.5988655	6.513949
GTGGGAACAGAAGTTA	Root cap	0.622506	11.479756	4.683399
GTGGGAAGTGACAGGT	Lateral root cap	0.989077	14.351646	9.065814
GTGGGAAGTTATGTCG	Root cortex	0.984914	0.20891179	3.1476417
GTGGGAAGTTGCCGAC	Unknow	0.781727	6.6142907	6.8405952
GTGGGAATCGAAGTGG	Lateral root cap	0.537774	9.233655	4.8884287
GTGGTTAAGAGTTGTA	Unknow	0.955183	5.0013843	5.3996224
GTGGTTAAGTCCCGGT	Root cortex	0.990724	0.021563953	1.8131092
GTGGTTAAGTGTACAA	Lateral root cap	0.741871	8.238626	6.5156426
GTGGTTACATTCTTCA	Unknow	0.659542	6.541155	6.235518
GTGGTTAGTCGGCCTA	Lateral root cap	0.986834	13.93568	10.178111
GTGGTTAGTGCGAGTA	Lateral root cap	0.743681	8.526887	5.7479053
GTGGTTATCAAAGGAT	Root cortex	0.990534	-0.09351548	2.708156
GTGGTTATCGGTCAGC	Root cap	0.971828	9.54032	2.1352592
GTGGTTATCTATGTGG	Lateral root cap	0.988343	15.083535	9.544146
GTGGTTATCTGTGTGA	Root cap	0.424331	9.399307	4.3731866
GTGTAACAGGCAGGGA	Root hair	0.892114	2.2771716	-3.3286774
GTGTAACCAGAAGCGT	Lateral root cap	0.917037	10.812317	6.062384
GTGTAACCAGAGGAAA	Root stele	0.979369	0.6595805	7.9242673
GTGTAACCAGTCAACT	Lateral root cap	0.984218	13.222215	9.7795
GTGTAACGTAACATGA	Root hair	0.986134	2.9673042	-2.813362
GTGTAACGTGAGATCG	Lateral root cap	0.839869	11.309801	5.638986
GTGTAACTCAATCCGA	Lateral root cap	0.810786	8.932869	8.227099
GTGTAACTCCCAGTGG	Lateral root cap	0.965179	11.742968	8.902491
GTGTAACTCGCATTAG	Lateral root cap	0.985248	11.865104	7.020949
GTGTAACTCTAGATCG	Unknow	0.941723	5.1477847	4.209325
GTGTCCTAGCGCTGAA	Lateral root cap	0.890616	11.888607	7.9781566
GTGTCCTAGCGCTTCG	Root stele	0.972723	-1.0659838	9.084937
GTGTCCTAGTGCTCGC	Lateral root cap	0.97977	13.361499	10.892411
GTGTCCTTCAAGTCTG	Lateral root cap	0.977219	11.577013	7.082089
GTGTGATAGATTAGTG	Lateral root cap	0.824819	9.852654	6.2067943
GTGTGATCAGCGAACA	Lateral root cap	0.970295	4.546687	3.195643
GTGTGATGTCTAACGT	Lateral root cap	0.948458	9.376523	8.1928625
GTGTGATTCCACGTCT	Lateral root cap	0.93596	9.3876295	8.343386
GTGTGATTCTACGGTA	Root cortex	0.977879	-1.6659259	1.2485428
GTGTGATTCTTACTGT	Non-hair	0.687423	3.0949953	0.7359914
GTGTGGCAGGAACGTC	Lateral root cap	0.876429	11.024587	9.780959
GTGTGGCAGGGTAGCT	Root cortex	0.574981	1.4362386	-1.968354
GTGTGGCCAGCAGATG	Root cortex	0.801664	1.9263159	2.8802607
GTGTGGCGTAATCAAG	Root endodermis	0.414027	-3.425841	4.979719
GTGTGGCGTCCTCATC	Root cortex	0.979922	-0.5952993	1.0858344
GTGTGGCGTGACAACG	Lateral root cap	0.939647	9.365109	6.8090377
GTGTGGCGTGGTTTAC	Root endodermis	0.784723	-2.0021472	5.738584
GTGTGGCTCACTAGCA	Root hair	0.971429	2.7340784	-3.2800786
GTGTGGCTCCACCCTA	Lateral root cap	0.556428	7.310444	7.0849013
GTGTGGCTCCCGTTGT	Lateral root cap	0.983673	11.799062	9.278714
GTGTTAGAGCGCCATC	Root endodermis	0.536554	0.29351038	4.621241
GTGTTAGAGGCCCAAA	Root cortex	0.474663	-3.5555952	2.5234706
GTGTTAGGTGCCGAAA	Lateral root cap	0.985144	13.487097	8.235694
GTGTTAGGTTTGCCGG	Root cortex	0.585772	0.6483785	2.975598
GTGTTAGTCACGGAGA	Root endodermis	0.882919	-2.6050386	5.5981836
GTGTTAGTCATAGCAC	Root cap	0.46468	9.053538	4.779464
GTGTTAGTCCTTATGT	Root cap	0.989337	9.648389	1.6066916
GTGTTCCAGAGATTCA	Root stele	0.975306	0.48016438	9.461843
GTGTTCCAGATCCGAG	Lateral root cap	0.989951	13.678953	9.987354
GTGTTCCAGCACTCCG	Root cortex	0.989343	0.18823211	2.076705
GTGTTCCAGGATTACA	Lateral root cap	0.897019	11.131886	6.5270314
GTGTTCCAGTGATAGT	Root endodermis	0.35924	-3.075543	4.9211426
GTGTTCCCAAGCCTGC	Root endodermis	0.439115	0.4158258	4.8335204
GTGTTCCCACTGTGAT	S phase	0.669848	6.2842445	-0.73509306
GTGTTCCGTAACGGTG	Non-hair	0.616447	9.5535965	3.6603591
GTGTTCCGTACGGTTT	Root cap	0.457233	8.528173	2.3530245
GTGTTCCGTACTCAAC	Lateral root cap	0.930717	4.454004	3.037397
GTGTTCCTCAGGACAG	Lateral root cap	0.922766	9.077702	7.16985
GTTACAGAGGCTTAAA	Lateral root cap	0.655654	8.241053	6.2702417
GTTACAGAGGTTGGAC	Lateral root cap	0.951845	10.313176	6.7646775
GTTACAGAGTACAGAT	G1/G0 phase	0.655872	1.9874147	-2.9840467
GTTACAGCAACCAGAG	Lateral root cap	0.984319	11.658479	7.237858
GTTACAGGTGTAAACA	Root stele	0.493318	0.26157755	6.387167
GTTACAGTCAACACCA	Lateral root cap	0.981799	12.707726	9.550213
GTTACAGTCCCTCAAC	Root stele	0.938873	1.8005809	8.397083
GTTACAGTCGACCATA	Lateral root cap	0.988072	11.635487	9.435493
GTTACCCCAACAAGAT	Root cortex	0.812371	2.0246012	0.4578999
GTTACCCCACGTATAC	Non-hair	0.524602	1.9823582	1.166306
GTTACCCCACTTGAAC	Root stele	0.855529	-0.2585612	7.1544814
GTTACCCCAGAACCGA	Unknow	0.917069	6.3494997	6.743695
GTTACCCCAGACAATA	Lateral root cap	0.792327	12.000737	5.6650033
GTTACCCTCTACCAGA	Root cortex	0.954048	-0.34497336	3.5586114
GTTACGACAGCCGTCA	Root cap	0.45986	7.5328093	2.5833917
GTTACGACATAGAATG	Root endodermis	0.55206	1.4469777	4.534303
GTTACGAGTGCCGTTG	Unknow	0.990247	4.369665	4.865919
GTTACGAGTGGCTTGC	Lateral root cap	0.968015	10.469963	8.676876
GTTACGAGTTATCCAG	Root cortex	0.622835	2.3323789	0.6494925
GTTAGACAGATAGCTA	Root stele	0.866485	-0.34739366	7.075687
GTTAGACAGGGTCAAC	Root cortex	0.980589	0.29819348	0.85177934
GTTAGACCAAGTCCCG	Lateral root cap	0.768679	8.210323	6.576925
GTTAGACGTCACAATC	Root cap	0.989016	9.658406	1.3413719
GTTAGACGTCGCACGT	Lateral root cap	0.814523	8.3056345	7.1007967
GTTAGACTCACCCATC	Root cap	0.939507	9.899032	2.3124416
GTTAGACTCTGTCCGT	Xylem	0.490053	-2.8927753	5.502841
GTTAGTGAGGATCACG	Lateral root cap	0.990966	13.220466	8.454849
GTTAGTGAGTATTCCG	Xylem	0.888745	-2.279136	7.1991615
GTTAGTGAGTGCCCGT	Lateral root cap	0.95417	10.135815	7.9578424
GTTAGTGCATCGATCA	Root endodermis	0.467912	-1.0976722	4.380078
GTTAGTGGTAGCGATG	Root stele	0.955449	1.0775825	8.497021
GTTAGTGGTCCTTTGC	Root cortex	0.545953	1.5492159	0.1498474
GTTAGTGTCGAGAGAC	Root cap	0.866005	10.976752	3.168454
GTTAGTGTCGAGTTGT	Lateral root cap	0.952645	9.899792	7.8936286
GTTAGTGTCTTCACGC	Lateral root cap	0.647007	7.8206115	6.0962763
GTTATGGAGTATGAGT	Lateral root cap	0.982714	13.059664	10.052503
GTTATGGCACCGGCTA	Lateral root cap	0.642231	8.589426	6.166413
GTTATGGCACTGTCCT	Lateral root cap	0.980145	12.312249	9.414074
GTTATGGCATCTATCT	Root cortex	0.985012	-0.1655054	3.016298
GTTATGGGTATTTCTC	Root cortex	0.732225	0.74046725	3.5801535
GTTATGGTCTAAGCCA	Root cortex	0.984851	-0.6793776	2.4117672
GTTATGGTCTTGGTGA	Root cortex	0.530804	1.532723	-0.1465765
GTTATGGTCTTTGATC	Root endodermis	0.721108	-2.973431	4.8732796
GTTCATTAGCCATATC	Unknow	0.835361	6.3684773	6.450764
GTTCATTCAGGAAGTC	Root cap	0.542985	10.349962	4.4298244
GTTCATTGTCCGGATC	Non-hair	0.711381	2.4495616	0.29852995
GTTCATTGTGGCGCTT	S phase	0.98324	6.4916816	0.47779486
GTTCATTTCAAGAAAC	Non-hair	0.660686	3.05152	1.8524128
GTTCATTTCCAACCGG	Root endodermis	0.412592	-2.8500555	4.175512
GTTCATTTCCTTTAGT	Lateral root cap	0.497336	10.39685	4.6952443
GTTCATTTCGAGCCAC	Unknow	0.489316	2.968083	3.6140425
GTTCCGTAGCTCCCTT	Unknow	0.745966	2.3271494	5.127944
GTTCCGTCACTAAACC	Unknow	0.699959	4.6446786	4.6470995
GTTCCGTCAGGTCTCG	Root endodermis	0.828684	-1.0748693	4.6405497
GTTCCGTGTCCAGAAG	Lateral root cap	0.955126	10.066278	8.300987
GTTCCGTGTGCTCTCT	Non-hair	0.851957	3.0967665	1.1787719
GTTCCGTTCGCATTAG	Lateral root cap	0.980727	13.593768	10.216286
GTTCCGTTCTCGCAGG	Lateral root cap	0.87877	8.595305	7.4782557
GTTCGCTAGGTACATA	Lateral root cap	0.944413	10.250427	7.9995584
GTTCGCTGTCAAAGCG	Root cortex	0.758425	1.6275563	-0.4733491
GTTCGCTGTCAAGGCA	Lateral root cap	0.539434	10.783091	4.695269
GTTCGCTGTTCAACGT	Root cortex	0.984092	-1.1303443	0.39310354
GTTCGCTTCCCTGGTT	Lateral root cap	0.937381	9.671793	8.607122
GTTCTATAGCGAGTAC	Lateral root cap	0.960777	4.3466363	3.1683989
GTTCTATCAAACACCT	Non-hair	0.8883	2.950757	0.63735557
GTTCTATCATCTTAGG	Root cortex	0.985011	-1.0674772	1.7082759
GTTCTATCATGAAGCG	Root cortex	0.814172	-3.8061109	0.63162524
GTTCTATCATGTCGTA	Root cortex	0.97287	0.59892404	-0.7315831
GTTCTATGTATCCCAA	Lateral root cap	0.986702	14.234074	10.312485
GTTCTATTCTCATTTG	Non-hair	0.676657	1.958712	-1.372021
GTTGAACAGACGGTCA	Lateral root cap	0.977933	11.2896595	8.620382
GTTGAACCACCCGTAG	Lateral root cap	0.856263	8.849259	7.022496
GTTGAACGTCAGCTTA	Unknow	0.604166	1.6174967	6.4475293
GTTGAACTCAATGTCG	Lateral root cap	0.537178	9.06457	4.9549007
GTTGCGGAGACTTCCA	S phase	0.996391	6.489995	1.4496429
GTTGCGGCAATCAGCT	Root stele	0.96346	0.2058569	9.386528
GTTGCGGCATTCTGTT	Lateral root cap	0.990387	14.281693	9.069605
GTTGCGGGTAGTCTTG	Root cortex	0.918734	0.82230854	-0.3136168
GTTGCGGGTCCGAAAG	Non-hair	0.523278	1.6629921	-1.0424592
GTTGCGGGTGTAGCAG	Non-hair	0.982372	3.613706	0.4324381
GTTGCGGTCCTACAAG	Root cortex	0.991236	-0.40264553	1.4732771
GTTGCTCAGCCTTGAT	Root cortex	0.698026	1.5946755	0.58708197
GTTGCTCAGTTCGCAT	Root stele	0.97182	-0.41931736	8.849581
GTTGCTCCAACAGATA	Lateral root cap	0.978932	11.7920885	7.511084
GTTGCTCCAAGCTCTA	Lateral root cap	0.897802	11.885462	8.738088
GTTGCTCCAGGAGGTT	Lateral root cap	0.968368	4.4890103	3.1986535
GTTGCTCGTAAGAACT	Root cortex	0.969629	-1.8785971	1.1912204
GTTGCTCGTAGACAAT	Root cortex	0.967901	-0.51557654	0.946653
GTTGCTCTCTAGTGTG	Unknow	0.807744	3.961005	4.837526
GTTGCTCTCTGACCCT	Root stele	0.959472	-0.44034305	8.082832
GTTGTAGAGGTGCATG	Lateral root cap	0.990276	14.319118	8.998764
GTTGTAGAGTGGCAGT	Root endodermis	0.435969	-1.5166516	6.137344
GTTGTAGCAAGTTCGT	Lateral root cap	0.329073	8.072793	4.864462
GTTGTAGCACAGCCAC	Root cortex	0.653447	1.7409488	0.87558794
GTTGTAGCAGTTAGAA	Lateral root cap	0.992077	14.543637	9.174379
GTTGTAGCATCGCCTT	Lateral root cap	0.989358	11.857802	9.084089
GTTGTAGCATCGGAGA	Lateral root cap	0.730415	8.511051	5.841627
GTTGTAGGTACAAAGT	Non-hair	0.821476	2.0585928	1.4837123
GTTGTCCAGCGGGTTA	Lateral root cap	0.721948	8.753458	8.504027
GTTGTCCAGGAAGAAC	Root cortex	0.990386	-0.20524663	1.1752185
GTTGTCCAGTATGAGT	Lateral root cap	0.969939	11.416591	8.069346
GTTGTCCAGTGCGCTC	Lateral root cap	0.982885	12.109051	9.121965
GTTGTCCCAATGTTGC	Lateral root cap	0.98661	14.398048	10.089891
GTTGTCCCACAAGGTG	Lateral root cap	0.989647	12.823433	8.678654
GTTGTCCCAGCCATTA	Root cortex	0.879037	0.90957975	0.036880165
GTTGTCCGTAAGTTGA	Columella root cap	0.57996	7.9523816	4.2150536
GTTGTCCGTAGGGAGG	Root endodermis	0.514741	-3.1155348	4.370914
GTTGTCCTCGTGGACC	Xylem	0.740981	-3.4688656	6.201241
GTTGTGAAGACAAGCC	Non-hair	0.958054	3.298821	-0.04683469
GTTGTGAAGGCTAAAT	Root stele	0.973385	-0.4618692	8.52918
GTTGTGACAATCTCTT	Root stele	0.974348	-0.68932664	8.580071
GTTGTGACAGACATCT	Root endodermis	0.201152	-3.2298508	4.1117496
GTTGTGAGTAAGCGGT	Lateral root cap	0.673102	9.61155	5.2208834
GTTTACTAGCCGATCC	Root stele	0.358343	0.22225885	6.0689993
GTTTACTAGGTCACCC	Root cortex	0.908087	0.7256543	-1.5711633
GTTTACTAGTTTGCTG	Lateral root cap	0.984757	12.214492	10.060882
GTTTACTCACATGACT	Xylem	0.652353	-2.7631178	6.1222806
GTTTACTTCAAACCTG	Root cap	0.508313	10.264253	4.73086
GTTTACTTCCCGAACG	Lateral root cap	0.881371	12.100594	5.6772795
GTTTGGAAGGCGAAGG	Root cortex	0.921995	-3.6878786	1.285607
GTTTGGAAGGTGGCTA	Root endodermis	0.722909	-2.9596052	5.3818526
GTTTGGAGTGTGTACT	Columella root cap	0.575059	7.838883	4.4529395
GTTTGGATCCGATCTC	Xylem	0.839656	-3.0505726	6.5544014
GTTTGGATCTCGCGTT	Root cortex	0.960465	-2.4043632	0.18687776
TAACACGAGACGACGT	Root cortex	0.777693	1.1120207	-1.5761664
TAACACGCATGTGTCA	Root cortex	0.709568	1.369748	-1.59686
TAACACGGTGGAGGTT	Root stele	0.956967	-1.1324133	8.5056925
TAACACGGTTGTGCAT	Root endodermis	0.643883	1.5529104	5.8943205
TAACACGTCAAGGACG	Lateral root cap	0.95491	12.031951	6.647761
TAACCAGAGAATCGTA	Phloem	0.935519	0.24415477	9.776508
TAACCAGAGGTTAGTA	Root cortex	0.851683	-3.5254393	2.0432656
TAACCAGCAACACACT	Lateral root cap	0.845289	8.57345	6.3499255
TAACCAGGTCGCAACC	Lateral root cap	0.954018	11.967186	9.136921
TAACCAGGTCTACAGT	Lateral root cap	0.54028	10.952853	5.1267104
TAACCAGTCCCAAGCG	Lateral root cap	0.485439	8.273549	4.7639446
TAACGACAGACTAAGT	Root stele	0.976832	0.20472617	8.90356
TAACGACAGGCATGCA	Root stele	0.963175	0.8582317	9.280585
TAACGACAGGCGTTGA	Root cortex	0.803737	-0.39251637	4.4534173
TAACGACCACGTATAC	Root stele	0.933755	1.0131514	8.994406
TAACGACCATGACAAA	Root cap	0.898367	8.3951435	2.3714101
TAACGACGTAGACTGG	Lateral root cap	0.606831	8.199431	5.798705
TAACGACGTTTGCAGT	Root stele	0.932997	-0.59225017	7.7044477
TAACGACTCACGATAC	Lateral root cap	0.980463	9.624895	8.622535
TAACGACTCTTAAGGC	Non-hair	0.59752	1.5211736	-0.570572
TAACTTCAGATACGAT	Unknow	0.813548	7.1908517	7.0714602
TAACTTCAGATAGCTA	Root stele	0.962479	0.90948176	7.739538
TAACTTCAGTCATGAA	Lateral root cap	0.892116	9.575793	6.144676
TAACTTCCAAGTACCT	Lateral root cap	0.96657	10.754372	10.135722
TAACTTCGTATCACGT	Lateral root cap	0.573871	7.8106136	6.153244
TAACTTCTCCTAGCTC	Root cortex	0.875658	-3.7285974	0.9230287
TAACTTCTCGTAACTG	Lateral root cap	0.950633	11.287552	6.6116705
TAACTTCTCTCTGACC	Lateral root cap	0.784914	8.244836	6.41057
TAAGCACAGACCCTTA	Root cortex	0.660942	-4.1310706	2.2753916
TAAGCACAGCACGGAT	Root endodermis	0.708317	-1.061381	4.6208806
TAAGCACCAGTAGAGC	Root endodermis	0.448508	-3.2774577	3.919628
TAAGCACTCCGAGATT	Lateral root cap	0.906906	11.317617	10.064189
TAAGCACTCGTCGACG	Xylem	0.936958	-2.470258	6.992079
TAAGCACTCTCCCTAG	Lateral root cap	0.882308	12.165821	5.6830406
TAAGCCAAGATACCAA	Lateral root cap	0.789705	10.670141	5.350966
TAAGCCAAGCACTAAA	Lateral root cap	0.974854	11.253173	9.635252
TAAGCCAAGGTGCTAG	Non-hair	0.771803	1.7184883	-1.0421511
TAAGCCACAATTGCGT	Lateral root cap	0.988961	14.40246	9.544227
TAAGCCACACGATTCA	Root stele	0.888025	1.3565977	6.9866376
TAAGCCACAGCAATTC	Root cortex	0.985648	0.09372955	1.74096
TAAGCCAGTTCGATTG	Root cortex	0.962289	0.2639971	-0.5618986
TAAGCCAGTTGGGTTT	Lateral root cap	0.978473	4.5760407	3.3869615
TAAGCCATCCAGCAAT	Lateral root cap	0.990075	14.366461	9.009002
TAAGCCATCGAGCCAC	Unknow	0.957828	5.154433	4.1130853
TAAGCCATCGTGCGAC	Root cortex	0.979952	-0.8338785	3.0234735
TAAGCCATCTGGCCTT	Lateral root cap	0.976845	12.774988	10.92152
TAAGCCATCTTTGCTA	Lateral root cap	0.911594	10.328762	6.819379
TAAGCGTAGAGTTCGG	Lateral root cap	0.979115	11.827877	9.970599
TAAGCGTAGGCTGTAG	Root stele	0.963074	-0.19915186	8.696036
TAAGCGTAGTGACACG	Non-hair	0.467204	2.1469815	1.3076338
TAAGCGTCAACACTAC	Lateral root cap	0.979854	12.464921	8.666252
TAAGCGTCACCGTGGT	Root stele	0.509609	0.6506494	9.774612
TAAGCGTGTACGTGAG	Root cortex	0.96652	-1.624333	-0.37590724
TAAGCGTTCTCGCAGG	Root cortex	0.981971	-0.95305717	2.5725443
TAAGTCGAGCAAGGAA	Root hair	0.985676	2.993243	-3.0907168
TAAGTCGAGTCACGAG	Xylem	0.886849	-2.2607045	7.196195
TAAGTCGAGTCATGGG	Lateral root cap	0.901133	9.797068	6.8455353
TAAGTCGCAGAGGCTA	Unknow	0.922574	4.7242484	5.4975953
TAAGTCGGTCCAAAGG	Root cap	0.986706	9.482453	1.4166822
TAAGTCGGTTGAGAGC	Non-hair	0.356536	3.8582191	2.3438485
TAATCTCAGTCTCTGA	S phase	0.823803	6.370934	-0.54298145
TAATCTCCAGGAGACT	Lateral root cap	0.983204	11.295758	9.712135
TAATCTCGTAGTATAG	Xylem	0.351136	-3.8116755	4.254852
TAATCTCGTATCTCGA	Non-hair	0.687221	1.9068942	0.58488524
TAATCTCGTTCGAAGG	Root hair	0.803584	2.7104826	-1.9164606
TAATCTCGTTCTTGTT	Root cortex	0.886796	1.2154648	-1.2159802
TAATCTCTCGGCATAT	Root endodermis	0.456325	-3.2942991	4.6367474
TAATTCCAGCAGGGAG	Non-hair	0.590167	1.8778338	-0.62161386
TAATTCCCAATGACCT	Lateral root cap	0.949563	11.407378	10.60921
TAATTCCCAGGTGTGA	Root cortex	0.98678	-0.90696293	2.0859773
TAATTCCTCGCTGACG	Lateral root cap	0.717534	8.0042715	6.1324854
TAATTCCTCTACTATC	Unknow	0.968482	2.7551484	4.9610863
TAATTCCTCTTTCGAT	Root cortex	0.648393	1.8680414	3.3457994
TACAACGAGGACGCTA	Root cortex	0.974143	-2.205113	0.779115
TACAACGCACTGGACC	Root cortex	0.961607	-2.9264684	1.5861257
TACAACGGTTCAACGT	Root cortex	0.970747	-1.524596	1.4681996
TACAACGTCTATCGCC	Lateral root cap	0.986076	12.945564	10.262578
TACAACGTCTTTGCGC	S phase	0.996736	6.4422917	1.5719181
TACACCCAGAGGGTAA	Root stele	0.873294	1.7102667	8.201652
TACACCCAGCGGGTTA	Root hair	0.983944	2.9464047	-3.144028
TACACCCCAGAGTCAG	Xylem	0.437822	-3.7286654	4.5730805
TACACCCGTAGTGATA	Root cap	0.778178	9.210969	3.8846645
TACACCCTCGAGATGG	Root cap	0.989411	9.610547	1.3090527
TACACCCTCTTAGTTC	Lateral root cap	0.962337	10.519679	7.0806623
TACAGGTCACGCCAGT	Root cortex	0.688185	-0.9650928	4.131454
TACAGGTCACGGGCTT	Lateral root cap	0.968955	12.937213	11.248594
TACAGGTCAGCATACT	Lateral root cap	0.976247	10.577893	8.133712
TACAGGTCAGGCCCTA	Root cortex	0.88717	0.8748822	0.919104
TACAGGTGTACATACC	Lateral root cap	0.936525	9.841668	7.9866614
TACAGGTGTTTACGAC	Root cortex	0.970926	-2.6955848	0.912488
TACAGGTTCACAGTGT	Root cortex	0.804239	1.394807	0.6155394
TACATTCAGATGGTAT	Lateral root cap	0.988005	12.812664	9.584944
TACATTCGTACGCTAT	Root cap	0.896259	8.994065	1.7048957
TACATTCGTGCTCGTG	Lateral root cap	0.977683	13.946166	10.620133
TACATTCTCACGAACT	Root cortex	0.984466	-0.5744202	1.5941222
TACATTCTCGCTGTTC	Lateral root cap	0.393478	7.546473	5.8444138
TACCCACAGTCGAAAT	Lateral root cap	0.981132	13.4759245	10.9368725
TACCCACCAGCCTTCT	Root cortex	0.864944	0.97611403	-1.5491009
TACCCACCATACTGAC	Non-hair	0.63027	5.9619904	0.2747207
TACCCGTAGAGAGTTT	Root cortex	0.616056	-3.463045	2.5728755
TACCCGTAGGATGGCT	Root cortex	0.893859	-0.43099073	2.819241
TACCCGTAGGTCACCC	Root stele	0.930653	1.2925762	7.132136
TACCCGTAGTACCATC	Lateral root cap	0.564742	3.3823822	2.5780072
TACCCGTCAAGTACCT	Lateral root cap	0.988761	14.800568	9.4456625
TACCCGTCAGCAGAAC	Root stele	0.743556	-1.0911378	8.212937
TACCCGTGTCCAATCA	Root stele	0.912511	1.4195311	7.086274
TACCCGTTCGAGTGGA	Root cortex	0.984745	-0.4139228	0.07217473
TACCGAAAGTCTCTGA	Lateral root cap	0.758871	10.302521	5.357069
TACCGAACAAATGGAT	Root endodermis	0.897876	-1.7922331	5.661619
TACCGAACAAGGCAAC	Unknow	0.347886	2.3353233	6.8000503
TACCGAACACTTCTCG	Lateral root cap	0.987493	11.949441	9.037944
TACCGAACATGGTGGA	Root cap	0.557497	8.237951	4.20571
TACCGAAGTAGTTCCA	Lateral root cap	0.362527	-3.149265	4.389965
TACCGAAGTGATACAA	Xylem	0.836418	-1.5162079	7.4994044
TACCGAAGTTGAGTCT	Unknow	0.473065	7.1642404	6.264353
TACCGAAGTTGCTTGA	Lateral root cap	0.986556	13.7972145	10.231796
TACCGGGAGGCCTGAA	Lateral root cap	0.390364	9.759936	3.9417253
TACCGGGCAAGGATGC	Columella root cap	0.666935	7.3421173	5.5942307
TACCGGGGTCGAGTGA	Root cortex	0.991554	-0.3428635	1.8926408
TACCGGGGTGATGAAT	S phase	0.332839	6.2345705	-0.09789194
TACCGGGTCGCTACGG	Root cortex	0.975693	0.7000407	2.0819137
TACCTCGAGCTTGTGT	Lateral root cap	0.980449	10.70454	9.1676445
TACCTCGAGTGGATAT	Root stele	0.97613	0.3993546	8.079527
TACCTCGGTGCTGTCG	Lateral root cap	0.971803	10.999249	10.014543
TACCTCGTCGCATTAG	Xylem	0.352392	-3.2483602	4.873819
TACCTCGTCGGCTCTT	Non-hair	0.444761	9.272353	3.0375612
TACCTGCCAACCGCCA	Lateral root cap	0.971271	12.865045	11.245521
TACCTGCCAGAGAGGG	Root cortex	0.933466	-2.8282857	1.4089015
TACCTGCCAGCGTGCT	Root cap	0.939082	9.265626	2.5993948
TACCTGCGTAAGTCAA	Lateral root cap	0.788812	11.870637	5.5133038
TACCTGCTCACCACAA	Root cap	0.901219	10.983076	3.590505
TACGCTCGTCGTACAT	S phase	0.996199	6.308655	1.8709977
TACGCTCTCCACTAGA	Root cortex	0.93556	1.0004356	-0.51723653
TACGGGCAGATGAATC	S phase	0.938587	6.3292594	2.33738
TACGGGCAGCATGCGA	Unknow	0.908734	4.933637	4.337513
TACGGGCCACCTATCC	Lateral root cap	0.92619	12.4477415	6.4023204
TACGGGCCACTTCAGA	Lateral root cap	0.988906	14.305694	9.91855
TACGGGCGTCCACGCA	Lateral root cap	0.969357	11.261449	8.434273
TACGGGCGTTACCTTT	Root cap	0.968386	9.8796215	1.7278684
TACGGGCTCACTTATC	Lateral root cap	0.972384	11.537228	6.7873106
TACGGGCTCAGTGCGC	Root cortex	0.978884	0.45485574	0.9101417
TACGGGCTCATGTCAG	Lateral root cap	0.985464	13.164025	9.16216
TACGGGCTCTTAGCAG	Lateral root cap	0.983222	13.590537	8.141788
TACGGTAAGAATTGCA	Root cortex	0.895301	0.74746	-0.6408015
TACGGTAAGCGCATCC	Unknow	0.874725	4.852364	5.230105
TACGGTAAGTAGAATC	Non-hair	0.476412	2.2741828	0.08752819
TACGGTACAATTGCAC	Root stele	0.975564	0.611927	9.437038
TACGGTACATGATAGA	Root stele	0.97537	-0.16654192	8.189708
TACGGTAGTGGGTATG	Lateral root cap	0.957547	10.596203	6.801117
TACGGTATCAGTCACA	S phase	0.835703	7.2163196	0.8525069
TACGGTATCCAATCTT	Root cap	0.900373	9.342606	2.0985427
TACGGTATCGGAGATG	Lateral root cap	0.974757	11.444143	7.1050677
TACGGTATCGTCAAAC	Root cortex	0.988213	-1.0432779	1.4786166
TACGTCCAGGAACGCT	Lateral root cap	0.979603	13.228901	10.99821
TACGTCCTCCAAATGC	Root cortex	0.883607	1.1086912	-0.31789374
TACGTCCTCTCCAATT	Root cap	0.971784	10.354206	2.4580247
TACTGCCCATAGCTGT	Root cortex	0.745329	-4.0984197	1.5151807
TACTGCCGTCGTGATT	Lateral root cap	0.953155	10.225884	6.672123
TACTGCCGTGAGACGT	Lateral root cap	0.986427	13.949585	9.439302
TACTGCCGTTTCGATG	Lateral root cap	0.985847	13.036794	8.962617
TACTGCCTCCGCATAA	Lateral root cap	0.979158	11.742417	8.202911
TACTGCCTCTCCGCAT	Root cap	0.657728	10.6947975	4.3435135
TACTTACAGGGAGGGT	Lateral root cap	0.945587	9.402181	7.4402413
TACTTACCACCAGTAT	Root cortex	0.986011	0.29913864	1.6943457
TACTTACGTCGATTTG	Root cortex	0.962149	0.81377685	-0.6700758
TACTTACTCAGACTGT	Lateral root cap	0.510879	8.172206	5.163267
TACTTACTCGTGACTA	Lateral root cap	0.628942	11.24077	5.2008557
TACTTACTCTTACACT	Lateral root cap	0.721985	7.9397626	6.4235578
TACTTCAAGAATTTGG	Root cortex	0.94786	-0.99949443	0.5028741
TACTTCAAGAGAGGGC	Lateral root cap	0.945905	9.292803	6.9313016
TACTTCAAGGACTGGT	Unknow	0.872311	2.944582	6.30168
TACTTCACAGCACAGA	Root cortex	0.951485	-2.7106314	1.2574852
TACTTCAGTAACACCT	Root endodermis	0.860885	-1.8264345	5.711697
TACTTGTAGGCATGCA	Root endodermis	0.9498	-2.3338866	4.943766
TACTTGTCACGCTGCA	Unknow	0.718176	2.8501968	3.928774
TACTTGTGTAGTGTGG	Root stele	0.896969	-0.15197495	8.0015745
TACTTGTGTGATACCT	Root stele	0.742858	-0.21732023	7.3919783
TACTTGTGTTGCTGAT	Root stele	0.975183	0.8202272	7.8630753
TAGACCAAGCACCGAA	Root cortex	0.886905	1.9969485	-0.015760368
TAGACCAAGGTTCACT	Root hair	0.715082	2.098152	-1.7028583
TAGACCACAATACCCA	Root cortex	0.861986	1.081494	-0.4664397
TAGACCACACAGAAGC	Lateral root cap	0.703096	3.7512927	3.2761552
TAGACCACAGTTGTCA	Root stele	0.97007	0.9361766	8.057902
TAGACCACATCCGTGG	Unknow	0.949148	4.578836	4.88404
TAGACCAGTAGTGCGA	S phase	0.541409	6.352642	-0.6491442
TAGACCAGTAGTGTGG	Lateral root cap	0.979938	15.70528	9.743995
TAGACCATCATCTATC	Root endodermis	0.66734	-2.5838408	3.6777864
TAGACTGAGAATCGCG	Root cap	0.815267	11.680356	3.886472
TAGACTGAGGTTCTAC	Lateral root cap	0.985011	13.656763	10.842023
TAGACTGCAACGCCCA	S phase	0.913875	6.1188297	2.547036
TAGACTGCAAGACTGG	Root stele	0.65726	1.8907553	8.078273
TAGACTGCAGTTACCA	Lateral root cap	0.891003	9.741549	7.923668
TAGACTGCATACTTTC	Root stele	0.833145	1.9549311	8.00737
TAGACTGGTACAGTTC	Non-hair	0.937982	3.334471	0.03152188
TAGACTGTCCTTCGAC	Root stele	0.974396	0.76918685	7.8553615
TAGACTGTCCTTTAGT	Root cortex	0.937088	-3.3321638	0.8776252
TAGAGTCAGGAGAGTA	Root hair	0.963897	2.6184232	-3.358006
TAGAGTCAGTCAGCGA	Lateral root cap	0.942102	4.403915	2.9999273
TAGAGTCAGTTCATGC	Root cortex	0.986488	-0.922052	2.536343
TAGAGTCGTAACTTCG	Root cortex	0.98852	-0.6449655	1.423185
TAGAGTCGTCGCTTAA	Columella root cap	0.538306	7.108197	5.7795906
TAGAGTCGTTACCTGA	Lateral root cap	0.970288	11.987574	6.8919992
TAGAGTCTCCACAGCG	Root stele	0.80977	0.23445512	6.527293
TAGATCGAGGAGTACC	Root stele	0.978304	0.8619894	8.94379
TAGATCGAGTCTTCGA	Root cortex	0.987942	0.08838498	1.5145907
TAGATCGCAACAGAGC	Unknow	0.86458	1.950625	6.0740705
TAGATCGCAGGCGTTC	Lateral root cap	0.641302	11.523745	5.354442
TAGATCGGTATTCCTT	Lateral root cap	0.884018	9.885484	5.960905
TAGATCGGTCATTGCA	Root cortex	0.968302	-0.7764594	2.6291935
TAGATCGTCTAGTACG	Root cortex	0.856647	-3.7153866	1.8779646
TAGCACAAGGAACATT	Columella root cap	0.489338	6.9858932	6.2284007
TAGCACAAGGTATTGA	Root stele	0.622913	-1.3310546	7.582941
TAGCACACAATTCACG	Root stele	0.966601	-0.55116063	8.949611
TAGCACACAATTTCGG	Lateral root cap	0.972782	12.808156	11.285702
TAGCACACACGCAAAG	Lateral root cap	0.894602	8.330413	7.7003584
TAGCACACAGTCCGTG	Lateral root cap	0.630582	8.918097	5.4330053
TAGCACAGTGTGCTTA	Root stele	0.65109	-1.8007796	8.207107
TAGCACATCCTCAGGG	Root cortex	0.816192	-3.5241477	2.38244
TAGCACATCGAAATCC	Root cortex	0.957935	-2.7811744	0.57393265
TAGGAGGCACTACCCT	Lateral root cap	0.984235	11.980094	9.076988
TAGGAGGGTTAAGTCC	Root cortex	0.947481	0.58268934	-0.32325155
TAGGAGGTCGATTGAC	Root cap	0.686802	8.947626	4.111581
TAGGAGGTCGCAAGAG	Columella root cap	0.372738	7.2738323	5.0779085
TAGGAGGTCGCTTGCT	Root cortex	0.887431	-3.569811	1.491348
TAGGGTTCAGACCTAT	Root endodermis	0.636083	1.7329041	5.495172
TAGGGTTGTAGGAAAG	Root endodermis	0.781278	1.0752391	4.543173
TAGGGTTGTCGAACGA	Root cap	0.820157	10.3793125	3.8231177
TAGGGTTTCAAACTGC	Root cortex	0.985694	-1.4752702	0.39844495
TAGGTACAGCCAAGCA	Lateral root cap	0.94353	8.941027	8.652141
TAGGTACCAGAGGACT	S phase	0.99344	6.528942	1.4081358
TAGGTACTCTCGCTTG	Unknow	0.77394	3.3558354	4.320055
TAGGTTGAGACGAAGA	Root cap	0.791458	8.236385	2.6021137
TAGGTTGAGAGTCCGA	Lateral root cap	0.346498	7.028058	6.0504446
TAGGTTGAGCAACTTC	Root cortex	0.975989	-2.108708	1.0044044
TAGGTTGAGGGAGTTC	Lateral root cap	0.725558	9.702869	4.58461
TAGGTTGAGTGGCCTC	Root stele	0.966914	0.65930194	9.320916
TAGGTTGCATAGTCGT	Lateral root cap	0.990048	12.98912	8.946972
TAGGTTGCATTCTTCA	Lateral root cap	0.962949	10.857701	9.341319
TAGGTTGGTGGCTCTG	Unknow	0.549259	7.1361375	6.55458
TAGGTTGTCCTCAGGG	Lateral root cap	0.764193	8.324196	7.5950165
TAGTGCAAGAATCGCG	Root endodermis	0.970986	-2.5434933	5.3651943
TAGTGCAAGAGAGCGG	Lateral root cap	0.720634	10.6474905	5.29927
TAGTGCACAAATTGGA	Root cortex	0.331455	-0.23712693	5.2531896
TAGTGCACAGTGGTGA	Root hair	0.96521	2.5540447	-3.039601
TAGTGCACATCTGGGC	G1/G0 phase	0.690952	0.6716981	-2.1914263
TAGTGCATCAAGAAAC	Root stele	0.969738	0.82903445	8.057843
TAGTGCATCGAACCTA	Root cap	0.689937	10.373579	3.1537142
TATACCTCAGCTTTGA	Lateral root cap	0.369929	8.483487	4.3646994
TATACCTGTCTACAGT	Lateral root cap	0.490437	10.731636	4.2571855
TATACCTGTGTTAACC	Non-hair	0.913131	3.5328119	0.83968836
TATACCTGTTGGGTAG	Lateral root cap	0.966364	10.774839	6.893112
TATACCTTCATGAGAA	Unknow	0.832711	2.5700328	5.0822716
TATACCTTCCGTAGTA	Root stele	0.957078	1.3963051	7.615795
TATACCTTCGCTGATA	Lateral root cap	0.820646	11.188067	6.379439
TATACCTTCGGAACTT	Root cortex	0.93987	0.591452	-1.395673
TATATCCAGGAGTATT	Lateral root cap	0.978574	12.352621	10.857013
TATATCCCATAGATGA	Non-hair	0.987997	3.1806524	0.65423054
TATATCCCATCACCAA	Unknow	0.491484	7.3043165	7.4590454
TATATCCGTGAGTGAC	Non-hair	0.613831	7.7091665	4.8507895
TATATCCTCCATTTGT	Root cortex	0.79384	-0.62801254	4.525339
TATATCCTCTCGCTTG	G1/G0 phase	0.45453	2.1246872	-3.399883
TATATCCTCTGCGTCT	Root cortex	0.936854	-3.0962636	1.3654709
TATCAGGAGGTTCACT	Lateral root cap	0.959433	10.919392	6.5720844
TATCAGGAGTTTCGAC	Unknow	0.921399	1.9209582	4.610664
TATCAGGCACGAGGAT	Root stele	0.910889	1.4718505	7.4174023
TATCAGGCAGCAGTTT	Lateral root cap	0.981012	15.709673	9.770536
TATCAGGCAGGCACTC	Lateral root cap	0.973626	9.538588	8.359395
TATCAGGTCCGCGGAT	Root stele	0.976978	-0.48032394	8.955061
TATCAGGTCGCCTTTG	Lateral root cap	0.824021	11.037498	5.5983005
TATCAGGTCGTTAGAC	Lateral root cap	0.708576	9.204255	5.066139
TATCAGGTCTAAGCCA	Lateral root cap	0.981426	11.080681	8.278929
TATCCTAGTTAAAGTG	Root cortex	0.57205	2.8448422	-0.090540014
TATCCTATCATTTCGT	Lateral root cap	0.951525	9.632603	7.752702
TATCCTATCCGATTAG	Root cortex	0.966467	-0.6986302	3.4839604
TATCGCCAGCCGCACT	Unknow	0.772283	6.437343	6.5324783
TATCGCCAGCTGGCTC	Root cortex	0.536019	-3.5770602	2.5254695
TATCGCCAGTAGAATC	Non-hair	0.913724	2.0473363	-0.68722564
TATCGCCAGTCCCAAT	Lateral root cap	0.791768	8.67038	6.5569243
TATCGCCCAGGATTCT	Lateral root cap	0.924584	4.0874934	3.225764
TATCGCCCATTGACAC	Unknow	0.498736	1.9246945	2.6898277
TATCGCCGTTCCAAAC	Root stele	0.967147	1.0398813	7.9527607
TATCGCCTCATGGAGG	Root cortex	0.598987	1.5417156	-1.8266897
TATCTGTCACCAGTAT	Lateral root cap	0.987329	12.603864	9.611578
TATCTGTGTACTGCGC	Root cortex	0.987711	-0.3163224	1.2047083
TATCTGTGTAGTCGTT	S phase	0.729998	6.336234	-0.67826915
TATCTGTGTGCACATT	Lateral root cap	0.979777	13.226732	10.387031
TATCTGTGTTGACTGT	Lateral root cap	0.988007	14.01183	9.234707
TATCTGTTCAGACAAA	Root endodermis	0.980038	-1.5984037	5.036008
TATCTGTTCTGAGATC	Root cortex	0.449949	2.4819221	1.3777852
TATCTTGAGTTATGGA	Root cortex	0.986423	-1.8858949	0.696251
TATCTTGCAGTAACAA	Lateral root cap	0.327741	7.4232945	5.9045835
TATCTTGCATCTATCT	Root cortex	0.957074	-0.2131901	3.590586
TATCTTGGTACGATCT	Root stele	0.971339	0.9575072	8.370729
TATCTTGGTAGCCAGA	S phase	0.834005	6.4511786	-0.66036713
TATCTTGGTCAGGAGT	Lateral root cap	0.979489	10.9988985	9.608598
TATCTTGGTGAAGCGT	Lateral root cap	0.553459	8.889479	4.943302
TATCTTGGTTGTAAAG	Root hair	0.844197	5.442412	-0.84431833
TATCTTGTCACGGAGA	Lateral root cap	0.976052	15.790005	9.845898
TATGTTCAGAATTGTG	Lateral root cap	0.986151	14.6702	9.540208
TATGTTCAGTTGGACG	Root cortex	0.852857	-4.0721493	1.2267282
TATGTTCCACTTGGGC	Root stele	0.563284	-1.4394292	7.5881343
TATGTTCCATCCGTTC	Lateral root cap	0.902379	10.119983	6.7338085
TATGTTCCATCCTATT	Lateral root cap	0.958746	4.7186575	3.1146839
TATTCCAAGGGTAGCT	Columella root cap	0.893814	6.6436634	5.3786077
TATTCCAAGGTCCCGT	Lateral root cap	0.986849	14.949322	9.927442
TATTCCACACAACGAG	Root cortex	0.987731	-0.6537625	1.8561563
TATTCCACACACCAGC	Lateral root cap	0.854116	9.764845	5.7402425
TATTCCACAGCTTTCC	Lateral root cap	0.965834	10.039978	6.9093847
TATTCCACATCAGTCA	Lateral root cap	0.980547	11.235305	9.972358
TATTCCAGTGATCATC	Root cap	0.989006	9.732315	2.054117
TATTCCATCATAGAGA	S phase	0.949833	6.616955	-0.46804813
TATTCCATCCAAAGGG	Root endodermis	0.530516	0.21608447	4.8736925
TATTCCATCCGAGAAG	Root cortex	0.98552	-0.82788855	2.7833502
TATTCCATCCGCAGTG	Root stele	0.978346	-0.43869045	8.627688
TATTGCTAGACCAACG	Lateral root cap	0.980219	12.703989	9.166168
TATTGCTAGTGCTACT	Unknow	0.979124	3.7785633	5.22532
TATTGCTCAGACAATA	Root hair	0.938572	2.3127654	-3.4068406
TATTGCTGTTAGAGAT	Unknow	0.541927	1.138882	5.0754027
TATTGGGCAACGATTC	Root cap	0.961492	9.63343	2.7723427
TATTGGGCAATCCAGT	Root cap	0.427731	8.525389	4.1528597
TATTGGGGTAACAGGC	Root stele	0.970837	0.62929255	9.205405
TATTGGGGTCGTCGGT	Root hair	0.898814	2.4453511	-3.2449155
TATTGGGGTTTAGACC	Root cortex	0.906419	1.2100321	-0.8276615
TATTGGGTCAGTGATC	Root cortex	0.462598	1.5622395	-0.81735045
TATTGGGTCGATTGGT	Root stele	0.969792	0.94551694	9.142647
TATTGGGTCTACTGAG	Non-hair	0.752846	2.0701325	-1.1782109
TATTTCGAGATTGTGA	Non-hair	0.507923	1.8853298	-1.7193562
TATTTCGAGCTTCGTA	Non-hair	0.904347	5.8820643	0.11298421
TATTTCGCACTGCGTG	Non-hair	0.682281	1.9369916	-1.0648903
TATTTCGCAGCCTATA	Non-hair	0.557662	2.760632	0.23122096
TATTTCGCAGCGGTCT	Root cortex	0.981367	-1.4814224	1.1300236
TATTTCGCATCACAGT	Root endodermis	0.727503	-3.0272913	5.206835
TATTTCGGTAATGCGG	Root cortex	0.964425	-2.465234	0.52379256
TATTTCGGTAGCTTGT	Xylem	0.469268	-3.6668694	4.6999054
TATTTCGTCGGTATGT	Unknow	0.988603	2.7962031	5.0277834
TATTTCGTCTGGTTGA	Root endodermis	0.556724	-3.2110775	4.7160726
TCAAGACAGACGGTTG	Xylem	0.467204	-3.6541994	4.546549
TCAAGACAGATGTTGA	Lateral root cap	0.987746	14.690653	10.022575
TCAAGACAGGAGCTGT	Root cortex	0.968188	-1.1570945	0.17398767
TCAAGACCATCCGAGC	Root cortex	0.98694	-1.1755825	1.3225819
TCAAGCAAGTCACTGT	Root stele	0.961803	0.6623409	9.111887
TCAAGCACAAGAGCTG	Xylem	0.839405	-3.8371537	6.039947
TCAAGCACAATCGCAT	Lateral root cap	0.987516	13.536552	9.983903
TCAAGCAGTTGGTAGG	Non-hair	0.543046	2.0529764	0.9871578
TCAAGCATCTCTCTTC	Root cortex	0.990077	0.24893916	2.1124096
TCAAGTGAGTATTGCC	Lateral root cap	0.906458	8.9396	7.0303073
TCAAGTGCACGGCGTT	Unknow	0.70764	2.9542344	6.598512
TCAAGTGGTCACCGCA	S phase	0.91002	6.012646	2.7366602
TCAAGTGGTCGTATGT	Root cortex	0.972012	-0.2740046	2.7956023
TCAAGTGTCATACAGC	Root cap	0.740132	9.23339	3.6534202
TCAAGTGTCTCGTCAC	Lateral root cap	0.980848	11.792338	8.416807
TCAATCTAGCATTGTC	G1/G0 phase	0.463346	1.2851809	-2.4328094
TCAATCTAGCCGCTTG	Root cap	0.481806	8.880192	3.708082
TCAATCTCAAGACGGT	Root cortex	0.803652	2.448863	1.0671991
TCAATCTCACCGTGGT	Lateral root cap	0.906506	8.829545	8.356996
TCAATCTCAGAGATTA	Root cortex	0.950994	-0.68511164	3.6074154
TCAATCTTCTTCGACC	Root cortex	0.435471	-2.9633405	3.8313406
TCAATTCAGCAGCGAT	Root cortex	0.950232	-3.3396568	0.6148509
TCAATTCCAATCAGCT	Non-hair	0.891067	2.2682455	0.78769916
TCAATTCGTATAGGAT	Root cortex	0.955176	-1.120711	-0.18935387
TCAATTCTCTTTGATC	Root hair	0.976278	2.9945984	-2.5171127
TCACAAGAGACTTGTC	Lateral root cap	0.973525	11.479714	8.604179
TCACAAGAGTCTGTAC	Root stele	0.81254	1.8020927	8.300814
TCACAAGAGTGCGACA	Columella root cap	0.423342	7.4037595	5.63044
TCACAAGCAATACGAA	Root cortex	0.641186	1.3671914	-1.1796545
TCACAAGCAATCCTTT	Root endodermis	0.947534	0.2833915	5.091431
TCACAAGCACTGTGAT	Root cortex	0.767147	-2.5946734	2.1417494
TCACAAGCAGCCGGTT	Root cap	0.802229	7.3070235	0.52682257
TCACAAGCATAGATCC	Unknow	0.980395	2.7591112	5.3513446
TCACAAGCATGGAACG	Columella root cap	0.875138	6.675274	5.1317
TCACAAGTCCGTCACT	S phase	0.936743	6.615863	2.1083844
TCACAAGTCCTCTTTC	Root endodermis	0.603494	-0.46591562	6.1505933
TCACAAGTCGTCTCAC	Root hair	0.976914	2.6966035	-3.3887258
TCACACCAGCAAATGT	Xylem	0.556567	-2.0827434	7.550948
TCACACCAGGTAAGAG	Root endodermis	0.380617	-3.3438344	4.4078307
TCACACCAGGTGCCTC	Root stele	0.974104	-1.4032719	8.791286
TCACACCAGTAGACCG	Lateral root cap	0.758417	8.743715	5.714854
TCACACCCAATCCTTT	Unknow	0.87122	5.1599197	5.267868
TCACACCCAGAGGAAA	Non-hair	0.988581	3.6943355	0.08978415
TCACACCGTAAGTTAG	Root cap	0.424624	8.705065	4.5081286
TCACACCGTCCTCAGG	Lateral root cap	0.888858	11.429439	6.514353
TCACACCTCAGACATC	Lateral root cap	0.976964	12.6087885	7.427842
TCACACCTCCACATAG	Columella root cap	0.621604	6.650037	5.259231
TCACACCTCTAGTGAC	Root endodermis	0.455747	0.8650206	4.478247
TCACATTAGTGTTCAC	Lateral root cap	0.987947	15.309174	9.547391
TCACATTCAAATGGCG	Root stele	0.879187	1.6352553	7.9678974
TCACATTCAACTGCTA	Lateral root cap	0.963734	13.000916	11.238004
TCACATTCACTGCACG	Non-hair	0.973774	3.0370052	0.5850864
TCACATTGTAGCGTCC	Non-hair	0.453989	4.0750113	2.162478
TCACATTGTCAAGGCA	Unknow	0.947572	5.912541	6.370159
TCACATTGTTTGTTCT	Root endodermis	0.898932	-0.9631812	4.763643
TCACATTTCCTAGAGT	Root cortex	0.728475	1.4648721	0.12172145
TCACATTTCTCAACGA	Unknow	0.969175	4.1509023	4.911159
TCACGCTCACTACCCT	Unknow	0.74667	6.438639	5.5248837
TCACGCTCATATCTCT	Root cortex	0.978742	-0.75779104	0.41241968
TCACGCTCATCGTGCG	Root endodermis	0.491024	1.4576751	5.500539
TCACGCTGTGGGTTGA	S phase	0.589711	6.2456837	0.058002207
TCACGCTTCCTTATCA	Root stele	0.46963	-1.5143399	7.541392
TCACGGGAGACATGCG	Root endodermis	0.533313	0.2150907	4.325137
TCACGGGAGAGTTGCG	Root cortex	0.923543	-0.8187076	3.813363
TCACGGGAGGGACTGT	Root cortex	0.990379	0.11513641	2.4985015
TCACGGGAGGTGTGAC	Lateral root cap	0.988492	14.343725	9.555841
TCACGGGCAAGTGGAC	Lateral root cap	0.971725	4.8735423	3.2260332
TCACGGGCAATCAAGA	Lateral root cap	0.88346	11.50412	6.9122653
TCACGGGTCAAACTGC	Lateral root cap	0.343959	2.7541769	4.063802
TCACGGGTCAGACATC	Non-hair	0.712636	5.9384937	-0.16670042
TCACGGGTCTCTCAAT	Lateral root cap	0.511184	5.682068	5.356214
TCACGGGTCTGGCCAG	Lateral root cap	0.739626	8.7653885	6.3174067
TCACTATAGAGGCGTT	Lateral root cap	0.411474	7.1106777	6.037693
TCACTATCAATAGGAT	Root cortex	0.832288	-4.274401	1.1808115
TCACTATCACAGAAGC	Lateral root cap	0.936514	11.985042	5.8634143
TCACTATCATGACTGT	Lateral root cap	0.729814	9.323775	5.6908636
TCACTATGTTGTGGCC	Xylem	0.91654	-3.4044378	6.381053
TCACTATTCAACTTTC	Root cortex	0.960136	-2.39121	0.50486356
TCACTATTCCCTCGAT	S phase	0.968854	6.257449	2.084081
TCACTATTCTACTATC	S phase	0.945743	6.9105997	1.0937871
TCACTATTCTAGGCCG	Lateral root cap	0.986586	13.495998	9.783538
TCACTCGAGAACCCGA	Root cap	0.444318	9.107106	3.912545
TCACTCGAGCGGTAAC	Root hair	0.968513	2.6569867	-2.3821852
TCACTCGAGGTCACCC	Unknow	0.96695	4.389472	5.5196023
TCACTCGAGTGGCAGT	Lateral root cap	0.982175	12.2292385	8.743556
TCACTCGCATGATCTG	Root cortex	0.975157	-2.4056823	0.44597843
TCACTCGGTTTGCAGT	Root cortex	0.548	1.8650556	0.6027932
TCACTCGTCGCTGTTC	Root cortex	0.869464	-3.3650405	1.9211905
TCAGCAAAGGGAGGCA	Lateral root cap	0.969259	9.0452585	8.334904
TCAGCAACAACGTAAA	Xylem	0.849873	-3.911692	5.8515854
TCAGCAACAAGGTCAG	Root cortex	0.970155	-1.6454082	-0.2783949
TCAGCAACACCACTGG	Lateral root cap	0.981856	11.968318	6.6882615
TCAGCAAGTGACATCT	Root cortex	0.970343	-2.388481	1.0315629
TCAGCCTAGCATGCAG	Non-hair	0.705351	2.6611834	2.235413
TCAGCCTGTACGGCAA	Lateral root cap	0.322159	7.1706653	6.031955
TCAGCCTGTGTTCGTA	Root endodermis	0.610754	-3.1601264	4.176814
TCAGCCTTCATATGGC	Root cap	0.320356	9.248551	3.7400105
TCAGCCTTCATGGCCG	Root stele	0.8868	1.524549	7.4943366
TCAGCCTTCATTTGGG	Root stele	0.964612	0.7894898	7.6787176
TCAGCCTTCTGTTGGA	Root stele	0.984216	-0.2688964	8.28993
TCAGGGCAGTCGCGAA	Root cortex	0.985649	0.032426707	2.894054
TCAGGGCCAGGACAGT	Non-hair	0.956512	2.7553005	0.83820295
TCAGGGCCAGTGTACT	S phase	0.994286	6.5623393	0.9862143
TCAGGGCGTAATGTGA	Root endodermis	0.89175	-1.6927522	5.833351
TCAGGGCGTCATTCCC	Lateral root cap	0.445629	7.738319	5.6613693
TCAGGGCTCACCTGGG	Lateral root cap	0.896117	3.9651887	3.3339891
TCAGGGCTCAGAGTTC	Root cortex	0.933157	-0.84506893	0.050110478
TCAGGGCTCCGTGGTG	Lateral root cap	0.482645	7.5674286	7.55842
TCAGGGCTCGACATCA	Root cap	0.827644	11.055988	3.95597
TCAGGGCTCGCTACAA	Lateral root cap	0.56152	8.297699	5.766834
TCAGGTAAGAATTTGG	Root cortex	0.99094	-0.5077314	2.1953712
TCAGGTAGTGGCAACA	Root cortex	0.980596	-1.9949305	0.20548387
TCAGGTAGTTATGTGC	Unknow	0.953327	2.9496481	4.838666
TCAGGTATCCCAGCGA	Root stele	0.83024	-1.4337353	8.036231
TCAGGTATCGTGCATA	Root cortex	0.980238	-2.3037825	0.9010086
TCAGTCCAGCCTGTCG	Lateral root cap	0.978812	11.634377	7.9660664
TCAGTCCAGTACCGGA	Xylem	0.973122	-3.8783848	6.3646555
TCAGTCCAGTAGGGTC	Lateral root cap	0.872926	10.822169	5.5643497
TCAGTCCCAAATGAAC	Xylem	0.966932	-2.9564266	6.5664887
TCAGTCCCAAGGACAC	Root endodermis	0.752566	-2.8840232	4.592713
TCAGTCCCAGCGCTTG	Root cortex	0.797344	1.3626382	0.5501943
TCAGTCCCAGTTGCGC	Lateral root cap	0.956099	11.022299	7.346487
TCAGTCCGTCCGGACT	Lateral root cap	0.783465	9.685194	6.093965
TCAGTCCGTCGCACAC	Root cortex	0.5842	1.6168741	-1.6827481
TCAGTCCTCAGCCTTC	Lateral root cap	0.988363	13.089089	9.317121
TCAGTCCTCTAACGGT	Root cortex	0.991507	-0.48218307	1.9244493
TCAGTGAAGAGGGTAA	Lateral root cap	0.962774	12.261268	7.0867095
TCAGTGACAAATGGTA	Lateral root cap	0.979599	13.36717	7.881872
TCAGTGACACCATATG	Root cortex	0.939964	0.95424926	0.86050373
TCAGTGACATGAATAG	Lateral root cap	0.974799	12.658727	10.864208
TCAGTGACATTGGATC	Lateral root cap	0.987328	14.171117	10.1265135
TCAGTGAGTCATAAAG	Lateral root cap	0.988382	11.308195	9.331555
TCAGTGAGTGCTCTTC	Non-hair	0.951373	3.0506625	0.5330841
TCAGTGAGTTATAGAG	Root cap	0.947277	9.988073	1.9834268
TCAGTGATCAAGAGTA	Xylem	0.99186	-3.8994112	6.442447
TCAGTTTAGATGACAT	Non-hair	0.771101	1.7176334	0.33184394
TCAGTTTAGCACTAGG	Root cortex	0.81405	1.1651108	-0.6452837
TCAGTTTAGGTGATAT	Lateral root cap	0.967169	12.821516	11.287478
TCAGTTTGTACTCGTA	Root cap	0.61807	10.723895	4.373589
TCAGTTTGTATATGGA	Lateral root cap	0.899279	12.163944	5.964939
TCAGTTTGTGGTCAAG	Root endodermis	0.629698	0.3571336	6.1200166
TCAGTTTGTTCTCGCT	Root endodermis	0.62837	1.3434451	5.165273
TCAGTTTTCAACCTCC	Root cap	0.483474	11.985841	4.6659417
TCAGTTTTCGGATACT	Lateral root cap	0.856494	9.974549	5.634683
TCATACTAGCTGGAGT	Root cortex	0.986094	0.34157017	0.3003167
TCATACTCACGCGCTA	Lateral root cap	0.903679	11.284755	6.8779335
TCATACTCACTGAGGA	Lateral root cap	0.985978	13.408508	8.07723
TCATACTCAGAGGTAC	Lateral root cap	0.7837	11.631739	5.522204
TCATACTGTACTGAGG	Lateral root cap	0.987604	13.59458	9.752506
TCATACTGTCGGCTAC	Root cortex	0.986634	-0.56870514	0.36269388
TCATATCCATAAGCGG	Lateral root cap	0.56954	3.7562935	2.3096077
TCATATCGTTCGTTCC	Root cortex	0.988867	-0.32130823	2.8031535
TCATATCTCAAAGAAC	Lateral root cap	0.977918	12.597076	10.860015
TCATATCTCAGACCGC	Root cortex	0.969469	-2.7014809	0.92050874
TCATATCTCCTGCTAC	Lateral root cap	0.743283	11.557248	8.0977125
TCATATCTCGGCATTA	G1/G0 phase	0.63511	0.25460005	-0.31532064
TCATATCTCGTTCTGC	Non-hair	0.511571	8.954777	2.9573014
TCATCATAGAGCGACT	Root cortex	0.97177	0.2729466	0.97244334
TCATCATAGATAGTGT	Root stele	0.977851	-0.35198995	8.612989
TCATCATCATATAGCC	Lateral root cap	0.972447	10.217667	7.8807573
TCATCATGTCCACACG	Root stele	0.71183	0.28654078	6.2173595
TCATCATTCAAGGTGG	Root cortex	0.729129	1.3855089	-1.4331684
TCATCATTCACGGACC	Lateral root cap	0.834654	9.922133	5.517537
TCATCCGAGAGCAGCT	Root cortex	0.936245	0.62530005	0.28266695
TCATCCGAGTTGCCCG	Lateral root cap	0.978902	12.251981	8.569818
TCATCCGAGTTTCGGT	Root cortex	0.968909	-2.3124623	1.1693697
TCATCCGCAAGTCCCG	Root cortex	0.965254	0.5932361	-0.8169116
TCATCCGCAATACGCT	Lateral root cap	0.971553	10.252383	9.366365
TCATCCGCACGCGCAT	Lateral root cap	0.875897	11.333092	6.5604525
TCATCCGCATCGCTGG	Xylem	0.970315	-3.7908657	6.45206
TCATCCGTCAACACGT	Lateral root cap	0.976395	10.355848	8.916354
TCATCCGTCAACTGAC	Root cap	0.792172	8.854024	2.243932
TCATGAGCAGTTTCGA	Root cap	0.893792	10.706895	3.4556816
TCATGCCAGAGATTCA	Non-hair	0.576959	9.505154	3.441402
TCATGCCAGCCGATTT	Unknow	0.918271	2.9000776	4.41802
TCATGCCAGCTTTCCC	Root hair	0.947345	2.444727	-3.1052673
TCATGCCAGGTCATCT	Root hair	0.894602	2.284566	-3.4072623
TCATGCCAGTATGACA	Root stele	0.949049	1.1935346	7.495457
TCATGCCCACAACGTT	Xylem	0.430877	-3.5836792	4.812889
TCATGCCGTCCGGTCA	Lateral root cap	0.981127	10.30465	9.478888
TCATGCCGTCTGTTAG	Columella root cap	0.459332	7.8273273	5.3873577
TCATGCCGTGAATAAC	Root endodermis	0.44866	-2.73681	6.1440067
TCATGCCGTTGCATGT	S phase	0.993096	6.3466673	2.0116963
TCATGCCGTTGGGACA	Lateral root cap	0.852533	4.8414087	2.4972324
TCATGGAAGAAACCAT	Root stele	0.980867	-0.37637684	8.539548
TCATGGACAACCCTAA	Lateral root cap	0.975083	11.0001545	8.330593
TCATGGACAGCGAGTA	S phase	0.930256	6.940466	0.7533784
TCATGGACAGGAGGTT	Non-hair	0.591026	1.6663882	-1.0244546
TCATGGACAGGCTCTG	Lateral root cap	0.990968	12.850681	8.5151205
TCATGGACATCTATCT	Root stele	0.951461	0.77790326	7.1102366
TCATGGACATTGACAC	Lateral root cap	0.973902	11.67954	9.695631
TCATGGAGTAAGACCG	Root cortex	0.858386	2.0393596	0.10382475
TCATGGAGTCGGCACT	Lateral root cap	0.52657	11.344182	4.854173
TCATGGAGTTGTGTAC	Unknow	0.52907	6.817349	6.7311773
TCATGGATCCTACGGG	Root cortex	0.990437	-0.8495714	1.4057086
TCATGGATCCTGTAGA	Lateral root cap	0.821651	11.677782	6.7862115
TCATGTTCAATTTCTC	Lateral root cap	0.83714	9.211615	5.917399
TCATGTTTCATTCGTT	Unknow	0.741211	2.3275292	6.820938
TCATGTTTCGTCCTCA	S phase	0.562248	6.2329183	-0.23846333
TCATGTTTCTCAGAAC	Root cortex	0.92576	-3.4254727	1.0820203
TCATTACAGCCGAATG	Lateral root cap	0.839951	8.787246	6.525106
TCATTACCAGTCAACT	Root endodermis	0.815488	0.44402817	4.5642266
TCATTACGTGTTCAGT	Non-hair	0.811269	2.4055946	0.7461726
TCATTACTCTAAACGC	Root cortex	0.426637	-4.4491863	1.4036986
TCATTCAAGTCGAATA	Non-hair	0.963292	2.9863305	0.98934036
TCATTCAAGTCTCGTA	Lateral root cap	0.770398	8.871552	8.690332
TCATTCACAAAGACGC	Lateral root cap	0.965278	11.940152	7.779074
TCATTCACAACACGTT	Lateral root cap	0.97811	10.912318	7.208971
TCATTCACACACAGCC	Root cap	0.919901	10.514786	3.7116146
TCATTCACACAGGATG	Lateral root cap	0.640779	8.160536	7.5168996
TCATTCACACCCGTAG	Lateral root cap	0.973585	10.713485	8.080241
TCATTCACATGACGTT	Lateral root cap	0.982098	13.938557	10.773771
TCATTCAGTTCAAACC	Lateral root cap	0.406745	3.6263301	2.2673562
TCATTGTAGCGGGTAT	Lateral root cap	0.381815	7.212395	5.9156966
TCATTGTAGGACAACC	Lateral root cap	0.986374	13.377248	10.277151
TCATTGTGTCTTCCGT	Root cortex	0.42082	-4.3509507	2.2685852
TCATTGTTCACCATGA	Root stele	0.588475	1.501412	6.965449
TCATTGTTCGTGCATA	Root cortex	0.984077	-0.6909147	1.3193339
TCATTGTTCGTTGTGA	Lateral root cap	0.882825	11.690982	5.786431
TCATTTGAGTAACCTC	Root cortex	0.936092	-1.2755584	3.1542246
TCATTTGCACGAAAGC	Non-hair	0.374536	1.4911047	-1.9066545
TCATTTGCATCGGCCA	Lateral root cap	0.740431	9.993631	6.5600023
TCATTTGGTTCTTAGG	Root cap	0.987525	9.120372	1.3846133
TCCACCAAGAGAGGGC	Root cortex	0.900769	1.9765855	-0.20830213
TCCACCAAGCAACAAT	Root stele	0.950533	1.3335615	7.997334
TCCACCAAGGCTCACC	Unknow	0.431203	3.029199	-1.6484511
TCCACCACAAACTCTG	Non-hair	0.608254	2.5364475	-0.10666431
TCCACCACAGGAGGAG	Lateral root cap	0.84637	9.173844	5.8448415
TCCACCAGTCATGACT	Columella root cap	0.409065	7.7115493	4.75813
TCCACCATCCTCGCAT	Lateral root cap	0.384017	8.586294	4.389029
TCCACGTAGCCTGCCA	Root cap	0.538296	9.771886	3.7745306
TCCACGTAGGGTACGT	Lateral root cap	0.98667	14.360612	10.297131
TCCACGTCAGACAATA	Root cortex	0.960245	-1.9733156	-0.16077203
TCCACGTTCCCGAGTG	Root endodermis	0.942015	-0.8964274	5.2173777
TCCAGAACAACGAGGT	Lateral root cap	0.962608	11.212714	7.380266
TCCAGAACAGGTTCAT	Unknow	0.708499	5.508241	3.4989069
TCCAGAACATCAGTGT	Lateral root cap	0.976523	13.104045	9.216518
TCCAGAAGTACTGAGG	Columella root cap	0.826106	7.327979	4.6637645
TCCAGAAGTGTTAGCT	S phase	0.99367	6.5990987	0.7222798
TCCAGAAGTTTCAGAC	Lateral root cap	0.98046	11.37377	9.6870575
TCCATCGAGGGAGGAC	Root cortex	0.808717	-3.8651597	1.3345206
TCCATCGCAACGTTAC	Root cortex	0.988951	-0.63904583	2.7805798
TCCATCGGTGCTCCGA	Lateral root cap	0.530306	7.8466544	5.9826856
TCCATCGTCCGTAATG	Root cortex	0.987352	0.3054006	2.054517
TCCATCGTCTAGCATG	Root stele	0.968168	0.3693889	7.586572
TCCATGCAGACTGAGC	Lateral root cap	0.982868	12.618698	7.657855
TCCATGCAGGCTGTAG	Root cortex	0.987207	0.2817313	2.2872124
TCCATGCAGGTAAACT	Lateral root cap	0.315145	7.798112	5.1106515
TCCATGCCATACCAGT	Root endodermis	0.400449	-3.3779218	4.5944824
TCCATGCGTCAGGAGT	Root cortex	0.933165	-2.918085	1.0910681
TCCATGCGTCATCACA	Root cortex	0.98754	0.30336013	1.4713488
TCCCACAAGAAACCAT	Non-hair	0.844196	3.174356	-0.20346715
TCCCACAGTCGGTGTC	Lateral root cap	0.987064	12.62838	10.280236
TCCCACAGTGATCGTT	Unknow	0.878221	2.7727492	6.4965773
TCCCACAGTGCTTATG	Root cap	0.985271	10.387177	2.3090448
TCCCACATCCTCAGAA	Unknow	0.443773	7.3520865	6.5526175
TCCCACATCGGTAACT	Lateral root cap	0.912809	8.706593	6.3234105
TCCCAGTCAATGCTCA	Root cortex	0.627726	0.19017716	4.645535
TCCCAGTGTGAGTAAT	Lateral root cap	0.981213	13.389645	10.172966
TCCCAGTTCCCGAGGT	Root cap	0.711698	10.742689	4.1266522
TCCCAGTTCTGAACGT	Root cap	0.51635	10.663625	4.57062
TCCCATGAGAATAGTC	Lateral root cap	0.5826	11.627082	5.0202622
TCCCATGAGGTCATTC	Unknow	0.618917	2.34821	6.838478
TCCCATGGTGGAGAAA	Root stele	0.970911	0.09633281	9.160158
TCCGAAAAGACGAAGA	Root cap	0.982152	9.651851	1.4247386
TCCGAAAAGCTACGTT	Root stele	0.653165	2.009297	8.193903
TCCGAAAAGGCTCTCG	Root stele	0.965082	-0.037559584	8.824062
TCCGAAACAACGGGTA	Xylem	0.388196	-1.4817944	7.4800367
TCCGAAACATGATAGA	Root cortex	0.909954	-1.0907677	3.5297751
TCCGAAATCATGGGAG	S phase	0.977097	6.849917	0.20481297
TCCGATCAGGAGAGGC	Root stele	0.755377	1.620905	7.7635465
TCCGATCCAAGGCCTC	Unknow	0.621017	6.9375315	5.546787
TCCGATCGTCCAGGTC	Xylem	0.922136	-3.6240869	6.393556
TCCGATCGTGGATGAC	Lateral root cap	0.759735	11.447433	5.329289
TCCGATCTCACCTGGG	Lateral root cap	0.987359	12.346276	9.519769
TCCGATCTCTCTATGT	Root stele	0.956738	0.196536	8.077534
TCCGGGACACTGTCCT	Lateral root cap	0.320885	2.9880152	4.116503
TCCGGGACAGTGACCC	Root stele	0.931398	1.3422348	7.342958
TCCGGGACATGTTCGA	Root endodermis	0.919139	-0.7347037	5.443599
TCCGGGAGTATGTCTG	Lateral root cap	0.972506	11.529169	8.987289
TCCGGGAGTTATCTTC	Root endodermis	0.82305	-2.3850129	5.6897097
TCCGGGATCATAAGGA	Lateral root cap	0.985466	15.386348	9.617545
TCCGGGATCCTGTTAT	Unknow	0.655947	2.7197187	4.4654565
TCCGGGATCGAACCTA	Lateral root cap	0.857238	9.806708	6.1190066
TCCGGGATCTACTGAG	Non-hair	0.849361	2.4280581	1.2703255
TCCGGGATCTTCTCAA	Xylem	0.971802	-3.7602398	6.4999156
TCCGTGTCAACCAATC	Lateral root cap	0.636352	11.221732	5.174979
TCCGTGTCAGTTGAAA	Root stele	0.972052	0.10720336	9.120526
TCCGTGTGTCAAGCCC	Lateral root cap	0.977504	10.750501	8.758078
TCCGTGTGTGGTTCTA	Lateral root cap	0.983439	10.921683	9.492441
TCCGTGTTCCTAGCGG	Root stele	0.970581	-0.54551166	8.801495
TCCGTGTTCTCTATAC	Root endodermis	0.92097	-2.7681603	5.268638
TCCTAATCAAGGTTGG	Lateral root cap	0.982514	11.331442	7.5223413
TCCTAATCAAGTGGTG	Root cortex	0.898047	-3.2440922	1.3856989
TCCTAATCACATGGTT	Non-hair	0.396505	3.8794656	2.1506844
TCCTAATCACTGTCGG	Root cortex	0.978891	-0.7798845	1.9223142
TCCTAATCAGCTCGGT	Lateral root cap	0.985099	12.890268	10.581231
TCCTAATGTAGAGATT	Root cortex	0.967837	0.33071014	0.75945234
TCCTCCCAGGGCTGAT	Lateral root cap	0.837612	9.752022	6.8142114
TCCTCCCAGGGTGAAA	Unknow	0.757044	3.2884433	3.8889794
TCCTCCCCATCACGGC	Root cap	0.357766	8.578686	4.591526
TCCTCCCCATCTCGTC	Root cap	0.748138	10.618744	4.253804
TCCTCCCGTCTAACGT	Lateral root cap	0.954597	11.173536	8.595351
TCCTCCCGTTAGTCGT	Root cortex	0.987832	0.21167117	2.3609233
TCCTCCCGTTTCACTT	Root cortex	0.961955	-1.9798211	-0.20850323
TCCTCCCTCGCATTGA	Root endodermis	0.574216	0.07216133	4.741783
TCCTCGAAGGAGGGTG	Root endodermis	0.6864	-0.2578178	6.0698314
TCCTCGAAGGTTGCCC	Columella root cap	0.799567	7.751285	4.3284845
TCCTCGACATGAAAGT	Root cortex	0.966462	0.6683726	3.4005919
TCCTCGAGTGCTCGTG	Lateral root cap	0.783649	9.1015215	6.3215947
TCCTCGAGTTCTGAGT	Root cortex	0.425575	-2.7776358	3.9155529
TCCTCGATCCCTCATG	Lateral root cap	0.720757	3.7271423	2.5755343
TCCTCTTAGGTTAAAC	Root cortex	0.974121	-0.6692652	3.44294
TCCTCTTAGTCAATCC	Root cortex	0.987624	-1.0238397	1.9473581
TCCTCTTCAAATGCGG	Lateral root cap	0.973287	12.099304	7.880964
TCCTCTTCAAGGTACG	Non-hair	0.742085	2.1658416	-1.4830413
TCCTCTTCAATAGAGT	Lateral root cap	0.780643	9.339243	5.694988
TCCTCTTCAGGACAGT	Lateral root cap	0.573886	8.662854	5.1755104
TCCTCTTCATCATCCC	Xylem	0.44575	-3.7224457	4.060002
TCCTCTTGTTTACTTC	Lateral root cap	0.396472	9.729108	4.0317144
TCCTCTTTCAGCGTCG	Root cortex	0.917218	1.0843838	-0.49385875
TCCTCTTTCGGAATGG	Root cortex	0.99128	-0.7400547	1.9303657
TCCTGCACAAGGACAC	Lateral root cap	0.9763	11.2170515	8.203507
TCCTGCACACGAAGAC	Root cap	0.537842	10.772571	4.366172
TCCTGCATCGCGGTAC	Root cortex	0.946181	-2.9973457	1.2260028
TCCTGCATCGGTAGAG	Xylem	0.88829	-2.3531148	7.0813665
TCCTGCATCTTCGACC	Lateral root cap	0.681967	8.200973	5.8216267
TCCTTCTAGTATGGAT	Non-hair	0.978385	2.831983	1.0678227
TCCTTCTGTAACACCT	Lateral root cap	0.98217	11.332817	10.0793495
TCCTTCTGTATACGGG	Columella root cap	0.568866	6.9304957	6.0133376
TCCTTCTGTATCTCGA	Root cortex	0.969913	-0.3384029	3.4344993
TCCTTCTTCACTTGGA	Lateral root cap	0.982349	11.385365	9.151708
TCCTTCTTCAGCTGAT	Non-hair	0.96146	3.3495138	1.0950369
TCCTTCTTCCCACAGG	Unknow	0.964984	5.047236	5.270617
TCCTTCTTCCTGTTAT	Root cortex	0.912797	-3.109041	2.0581527
TCCTTCTTCCTTATCA	Root endodermis	0.847664	-2.8850944	4.954187
TCCTTTCCAATCGCAT	Root stele	0.924767	0.534562	6.9091496
TCCTTTCCATTACGGT	Columella root cap	0.787689	7.334239	4.8711247
TCCTTTCTCAGGAACG	Lateral root cap	0.722925	8.792559	5.690567
TCCTTTCTCGAGAACG	Unknow	0.642905	6.4132333	5.750752
TCGAACAAGCGTCAGA	Root hair	0.548877	6.06324	-0.7708395
TCGAACACACGTAGTT	Lateral root cap	0.938	11.806645	6.8702855
TCGAACACAGCTGCCA	Lateral root cap	0.920736	8.892109	6.9009943
TCGAACAGTAGGATAT	Lateral root cap	0.554139	10.169893	4.8994594
TCGAACAGTCTCAGAT	Lateral root cap	0.972318	11.505114	10.3854885
TCGAAGTAGTATCTGC	Root endodermis	0.539122	-3.303823	4.7728953
TCGAAGTAGTTGCCCG	Root cap	0.893448	10.978249	3.4667122
TCGAAGTCACCTCTAC	Non-hair	0.554442	5.762933	3.5680156
TCGAAGTCATCGAAGG	Xylem	0.839047	-3.4529793	6.3227787
TCGAAGTCATGCTGCG	Lateral root cap	0.423532	3.2814028	2.4434369
TCGAAGTGTCTGTGCG	S phase	0.992908	6.4158683	1.1639465
TCGAAGTGTTCGGGTC	Root stele	0.855387	-0.054977167	6.441381
TCGAAGTTCGTCCATC	S phase	0.958907	6.0486116	2.5231586
TCGAAGTTCTCTGACC	Root cortex	0.855865	1.7585677	-0.47630855
TCGAAGTTCTTCCACG	Root cortex	0.991206	-0.3700516	2.0175483
TCGACCTAGAGTTGAT	Root stele	0.858129	0.55804825	6.7895193
TCGACCTCATCGGTTA	Lateral root cap	0.983516	13.352547	10.901172
TCGACCTCATTGTAGC	Xylem	0.742388	-3.8984175	5.7981606
TCGACCTGTAGAGTTA	Columella root cap	0.487971	8.169349	4.510574
TCGACCTGTCAAGCCC	Root cortex	0.977929	-0.12968089	0.5780967
TCGACCTTCCATCCGT	Non-hair	0.881804	3.0271423	0.014715056
TCGACCTTCGACCCAG	Unknow	0.970889	4.0192146	4.6197925
TCGACCTTCGCCTTTG	Columella root cap	0.62333	7.932281	4.4154797
TCGACCTTCGGCTTCT	Lateral root cap	0.977489	13.2876005	9.650737
TCGACCTTCTCATGCC	Non-hair	0.844392	3.3934426	1.2970642
TCGACGGAGATGCAGC	Lateral root cap	0.963123	9.939567	8.007803
TCGACGGAGATTGTGA	Lateral root cap	0.776512	3.9209232	3.112642
TCGACGGGTGCCCAGT	Root cortex	0.498956	1.8130924	0.6107455
TCGACGGTCCTGTTGC	Lateral root cap	0.988266	14.474936	9.056941
TCGACGGTCGTTGTGA	S phase	0.974523	6.106176	2.4447043
TCGATTTAGGCTAAAT	Lateral root cap	0.804321	8.813903	6.078045
TCGATTTCAACAAGTA	Root cap	0.850166	10.268517	3.5464907
TCGATTTCACTTGTCC	S phase	0.997459	6.4751883	1.5142326
TCGATTTGTATCCCAA	Root cortex	0.977231	-0.8023038	3.107
TCGATTTGTATCTTCT	Xylem	0.860402	-2.0905275	7.3871074
TCGATTTGTTCTCCTG	Xylem	0.364892	-3.5936282	4.8200364
TCGATTTTCCATTGGA	Lateral root cap	0.977322	11.643289	6.911718
TCGATTTTCTCCTGAC	Root cortex	0.443515	0.31294194	5.0434985
TCGCACTAGTTCAACC	Lateral root cap	0.482431	9.942407	4.2922573
TCGCACTCATGGCCAC	Root cap	0.70571	9.871779	3.5919442
TCGCACTGTAACACCT	Lateral root cap	0.985906	11.546926	9.264271
TCGCACTGTAGTACGG	S phase	0.896058	6.459972	-0.48552763
TCGCACTGTGAATTAG	Root stele	0.758281	1.7598673	7.9357533
TCGCACTTCAGGAAGC	Columella root cap	0.441912	8.1474495	4.700764
TCGCACTTCCACCTCA	Lateral root cap	0.651489	8.774486	5.2334166
TCGCAGGAGATTTGCC	Non-hair	0.572578	1.8775038	-1.3220907
TCGCAGGAGTCCTGCG	Root cap	0.934645	10.239614	2.7130058
TCGCAGGAGTCGAGGT	Root stele	0.80354	0.74627656	6.899273
TCGCAGGAGTTATGGA	Root cortex	0.444392	-0.6036418	4.327554
TCGCAGGCAACTGATC	Lateral root cap	0.861858	11.274604	5.902916
TCGCAGGCACTTCATT	Root cortex	0.847163	1.0454028	-0.03541495
TCGCAGGTCGGATAAA	Root hair	0.825139	5.4812546	-0.8180691
TCGCTCAGTATAGGGC	Non-hair	0.919167	2.9734874	0.90571743
TCGCTCAGTGGTCAAG	Root endodermis	0.529879	-3.3343349	5.0331397
TCGCTCATCGTTGTGA	Root cap	0.52461	11.138832	4.8039317
TCGCTTGAGAAACTCA	Root endodermis	0.865216	-2.801149	4.787497
TCGCTTGAGATACCAA	Root cortex	0.443974	0.7060729	4.499503
TCGCTTGCAAATGGAT	Root cortex	0.973945	-2.0861025	1.1156242
TCGCTTGCACTGTTCC	Lateral root cap	0.984911	11.021363	8.188916
TCGCTTGGTAGGCAAC	S phase	0.731295	6.8907056	2.507659
TCGCTTGGTCGAATGG	Lateral root cap	0.97699	11.244306	8.165385
TCGCTTGGTTGCGAAG	Non-hair	0.968473	3.741851	0.21564478
TCGGATAAGAGCTTTC	Lateral root cap	0.698609	10.860924	6.209065
TCGGATAAGCTAGTTC	Root cap	0.9062	10.401311	2.975406
TCGGATAAGTACTGGG	Non-hair	0.864588	2.9253547	1.3501662
TCGGATAAGTCGAAGC	Lateral root cap	0.778036	9.321795	5.5074973
TCGGATACACACAGCC	Root endodermis	0.360685	-4.267564	2.582073
TCGGATAGTCCTCCAT	Lateral root cap	0.987948	14.596528	10.180693
TCGGATAGTTACCTTT	Root cap	0.584457	9.290702	3.9717224
TCGGATAGTTTACACG	Root cortex	0.923865	-3.5250437	0.8816859
TCGGGACAGAATCTAG	Root cortex	0.687469	1.217175	0.41480467
TCGGGACAGAGAAGGT	Lateral root cap	0.561925	4.346131	2.275612
TCGGGACCAAGAGAGA	Root cortex	0.92143	-3.6331933	0.9743968
TCGGGACGTGGGTCAA	Lateral root cap	0.560152	10.700793	4.5245495
TCGGGACGTTCCAAAC	Root hair	0.978478	2.834653	-3.2253113
TCGGGCAAGATGACCG	Root stele	0.590834	-1.8749652	7.8020415
TCGGGCAAGCTCTGTA	Root cortex	0.99005	-0.80856276	1.900917
TCGGGCAAGGAGACCT	Root hair	0.888586	2.0611346	-2.31812
TCGGGCAGTGTTCCTC	Root cortex	0.988182	-0.04902435	2.4862502
TCGGGCATCAACCTCC	Root cap	0.987985	8.997333	1.4990991
TCGGGCATCAGAACCT	Root endodermis	0.439674	-3.037758	4.541528
TCGGGCATCTGCACCT	Lateral root cap	0.987333	14.063312	9.54397
TCGGGTGAGGACGCTA	Lateral root cap	0.325114	8.325013	4.667318
TCGGGTGCAAAGTGTA	Lateral root cap	0.452293	8.253429	4.7755146
TCGGGTGGTATCGTGT	Root hair	0.82773	5.9699225	-0.69187766
TCGGTCTAGCGTGAAC	Root cortex	0.9714	-2.3864872	0.17653087
TCGGTCTGTATCTTCT	Unknow	0.718953	2.8280597	5.7996893
TCGGTCTGTCCACTTC	Lateral root cap	0.982953	11.337652	9.984885
TCGGTCTTCCCTCAAC	Lateral root cap	0.973912	10.155421	9.128886
TCGGTCTTCCGGTAAT	Unknow	0.901643	2.2118068	5.736331
TCGTAGAAGATAACAC	Root cap	0.859969	11.031048	3.607982
TCGTAGAAGGTCCAGA	Lateral root cap	0.598818	7.8866014	6.1655855
TCGTAGAAGTTTCGGT	Root cap	0.963195	10.566176	2.5647018
TCGTAGAGTTACCCTC	Lateral root cap	0.936361	9.994592	7.832754
TCGTAGATCGCCAACG	Root cortex	0.484065	2.3876784	2.3224263
TCGTCCAAGCGCAATG	Lateral root cap	0.681541	11.432265	5.163004
TCGTCCACAAAGCGTG	Root cortex	0.964759	-1.7059917	-0.19618712
TCGTCCACATGGTACT	Unknow	0.952558	3.210516	4.4688168
TCGTCCAGTCCGACGT	Lateral root cap	0.822598	9.089366	6.0615244
TCGTCCAGTTCTCTAT	Non-hair	0.451771	6.1712875	0.18095933
TCGTCCATCACTCCGT	Root cortex	0.366495	-2.61906	3.7549381
TCGTGCTAGATTCGAA	Root cortex	0.816767	1.8728994	-0.30970135
TCGTGCTAGGAAAGGT	Root cap	0.976383	10.093453	2.2296777
TCGTGCTCACTCCTTG	Root cortex	0.876014	-3.3830016	2.3548925
TCGTGCTTCCTAAGTG	Root endodermis	0.836225	-1.8311986	4.350597
TCGTGCTTCTGATGGT	Lateral root cap	0.968937	12.868333	11.202965
TCGTGGGAGAATCGCG	Root cap	0.573597	8.941802	2.0205219
TCGTGGGAGAATTGTG	Lateral root cap	0.986363	11.68746	8.935318
TCGTGGGGTAGGGAGG	Lateral root cap	0.806807	11.440667	6.162855
TCTAACTAGAAACTGT	Root cortex	0.976892	-2.1744661	0.93713826
TCTAACTAGAAGCTGC	G1/G0 phase	0.52953	1.3233525	-2.6683335
TCTAACTAGATGTTGA	Non-hair	0.643293	8.297114	3.9428484
TCTAACTCAAACCGGA	Lateral root cap	0.978285	10.862881	7.379029
TCTAACTCAGTCAGAG	Root cortex	0.990451	-0.05799719	2.1795576
TCTAACTGTTAAGTCC	Root cortex	0.755993	1.4259765	2.380121
TCTAACTGTTGCTGAT	Root stele	0.79109	1.695426	6.9600587
TCTAACTTCACCACAA	Lateral root cap	0.97473	10.747685	9.262465
TCTAACTTCGGACGTC	Root cap	0.642062	9.949173	4.3835483
TCTACATCAAATCGTC	Root cortex	0.705128	2.166702	0.058869276
TCTACATCACAAATAG	Non-hair	0.774145	6.0645857	0.50350654
TCTACATCACCCATAA	Lateral root cap	0.961031	11.739234	7.1798186
TCTACATCATGACCCG	Non-hair	0.988455	3.4904897	0.3572909
TCTACATCATTGTACG	Lateral root cap	0.982818	12.759194	8.790084
TCTACATGTGGCAGAT	Lateral root cap	0.987258	13.804794	9.602274
TCTACATTCATGCGGC	Root cap	0.526374	10.556924	4.348527
TCTACATTCGAGTTGT	Root cap	0.556819	10.988549	4.1064525
TCTACATTCGGTTGTA	Columella root cap	0.395041	7.83502	4.9180183
TCTACATTCTATGTGG	Xylem	0.990106	-3.9088826	6.4317923
TCTACCGAGCATTTGC	Lateral root cap	0.985736	12.744757	9.786901
TCTACCGAGGTCCCTG	Root cortex	0.819762	-3.9927475	1.5678146
TCTACCGCACCTCTGT	Unknow	0.763335	6.538699	7.0055733
TCTACCGGTAACCCGC	Root cap	0.874681	7.6538744	0.72800237
TCTACCGGTTCTAACG	Lateral root cap	0.970917	10.102143	9.239995
TCTACCGTCAAGCCAT	Root cortex	0.992716	-0.28086764	1.8996294
TCTACCGTCGGACTGC	Lateral root cap	0.894763	9.300512	6.0475454
TCTATACAGATCGGTG	Unknow	0.418856	2.7134042	3.9167783
TCTATACAGCACTCAT	Unknow	0.987086	2.8548508	5.0812883
TCTATACAGGTCACAG	Lateral root cap	0.840458	9.719468	5.659798
TCTATACAGTCTGGAG	Lateral root cap	0.332527	8.530134	4.8729224
TCTATACGTAGTTACC	Lateral root cap	0.982495	12.587038	10.726726
TCTATACGTTGGTACT	Root cortex	0.856923	-3.7625203	1.7608281
TCTATCAAGCGCCGTT	Lateral root cap	0.68	3.5383823	3.1525137
TCTATCACAACTCGAT	Lateral root cap	0.679762	11.55938	4.800991
TCTATCAGTGACCTGC	Root cortex	0.537944	-3.1193814	3.8224077
TCTATCAGTGCAATGG	S phase	0.433851	6.281333	-0.34328398
TCTATCAGTGCCTTCT	Root cortex	0.978206	-0.70315135	0.42655346
TCTATCAGTGGTCTAT	Root stele	0.963148	0.12153483	8.291452
TCTATCAGTTGTGGAG	Root endodermis	0.961845	0.788076	4.7837915
TCTATCATCTCGTCAC	Root cap	0.988286	9.406203	1.3656657
TCTCACGAGAGAGTGA	Lateral root cap	0.985599	15.533497	9.839842
TCTCACGAGGCAGTCA	Lateral root cap	0.90899	10.048467	5.955168
TCTCACGCACTAACGT	Root stele	0.972359	0.62477225	8.018047
TCTCACGCAGCAGTGA	Lateral root cap	0.85622	10.671775	6.8194866
TCTCACGCAGCTCATA	Root cortex	0.921222	-3.6595209	0.86630535
TCTCACGGTACGATGG	Unknow	0.706394	7.053805	5.806869
TCTCACGTCTGCCTCA	Root cap	0.98263	10.0645275	1.5466149
TCTCAGCAGCCGTTGC	Lateral root cap	0.446332	8.401753	5.4148874
TCTCAGCAGGATTCCT	Lateral root cap	0.990672	14.23033	8.997825
TCTCAGCCAATAGTAG	Lateral root cap	0.986983	13.573445	10.114277
TCTCAGCCAATCTCGA	Root stele	0.976135	0.29818144	8.19248
TCTCAGCCAATTGCTG	Root cortex	0.261431	-2.9225707	3.3314252
TCTCAGCCAGTCGCTG	Unknow	0.951167	6.0438366	6.189987
TCTCAGCGTATCATGC	Root hair	0.416535	1.5301697	-2.121812
TCTCAGCTCAAGTGTC	Unknow	0.392222	6.6010103	5.8786354
TCTCAGCTCATCCCGT	Root cortex	0.89261	1.4387534	-0.5769948
TCTCCGAAGAGCCTGA	Lateral root cap	0.92808	8.817558	8.4190645
TCTCCGAAGAGGCCAT	Root endodermis	0.602876	2.6714418	4.72533
TCTCCGAAGCCTGAAG	Root endodermis	0.80979	-2.8507373	5.3871427
TCTCCGAAGCTGCGAA	Lateral root cap	0.79482	10.545	5.235449
TCTCCGAAGGGAGAAT	Root cap	0.958943	9.364408	2.4233665
TCTCCGACAACCAACT	Lateral root cap	0.589211	8.80158	5.0490394
TCTCCGAGTAGGAGTC	Root cortex	0.990395	0.29476693	2.2436235
TCTCCGATCATGCCCT	Non-hair	0.968795	3.8682835	0.72183585
TCTCCGATCCAGTTCC	Unknow	0.346829	7.3211083	5.219463
TCTCCGATCGGCCCAA	Lateral root cap	0.957334	10.074175	9.320854
TCTCTGGAGCTGACTT	Lateral root cap	0.979355	12.994924	7.5776825
TCTCTGGAGGCCCAAA	Root cortex	0.935567	-3.1715078	0.8967108
TCTCTGGAGGTTACAA	Root cortex	0.985799	-1.062011	2.5213494
TCTCTGGCATTCCTAT	Lateral root cap	0.917545	11.033031	5.8389163
TCTCTGGGTCACCGAC	Root stele	0.921103	0.12196046	6.9556246
TCTCTGGTCTCCGATC	Columella root cap	0.541201	7.555465	4.523912
TCTGCCACAGCCGTCA	Lateral root cap	0.978744	10.95895	8.773539
TCTGCCACATCTCAAG	Non-hair	0.716159	2.8773522	-0.23934504
TCTGCCAGTCCAAAGG	Root cortex	0.909386	0.77866846	3.7982461
TCTGCCAGTGAGCCAA	Non-hair	0.86904	5.6526995	0.13260786
TCTGCCAGTTTCGCTC	Root cap	0.951635	9.75237	2.9017575
TCTGCCATCAACCGAT	Lateral root cap	0.984879	11.8653	7.4157248
TCTGGCTAGGCATTTC	Root cortex	0.660646	0.52666694	4.219068
TCTGGCTAGGCTCTCG	Non-hair	0.509713	6.9847703	2.935399
TCTGGCTCAAGGCGTA	Unknow	0.98011	2.6675923	5.4472566
TCTGGCTTCGCGCTGA	Lateral root cap	0.897252	4.5547013	2.4071968
TCTGTCGAGAGCAAGA	Root cortex	0.987842	-0.9317395	1.8753525
TCTGTCGCAATAGTAG	Lateral root cap	0.988725	12.674828	9.081316
TCTGTCGCACTCAAGT	Lateral root cap	0.971051	12.702955	7.2933755
TCTGTCGCATCTCGTC	Root endodermis	0.639771	0.29064885	4.954278
TCTGTCGGTACATACC	Root hair	0.903871	2.358616	-3.478597
TCTGTCGGTTGACGGA	Lateral root cap	0.86233	11.144379	6.806983
TCTGTCGGTTGCCATA	Root stele	0.783372	-1.1611823	7.6357856
TCTGTCGTCCTACAAG	Lateral root cap	0.940264	10.677247	6.3384504
TCTGTCGTCTACTATC	Lateral root cap	0.984123	11.357217	9.237992
TCTTAGTAGGGCGAAG	Root stele	0.952492	0.8256929	9.57524
TCTTAGTCAAGTCCAT	Lateral root cap	0.972374	9.88232	9.039398
TCTTAGTCACAGTCAT	Lateral root cap	0.985028	13.6803	10.009312
TCTTAGTCAGTACTAC	Non-hair	0.533835	3.2016401	1.8191681
TCTTAGTGTCACTACA	Lateral root cap	0.985538	12.450637	8.877416
TCTTCCTAGATTCGAA	Root cortex	0.664676	2.7194686	1.4401304
TCTTCCTCAATGGCAG	Root stele	0.965027	-0.8992412	8.654583
TCTTCCTCACATACGT	Root cortex	0.702144	-3.3959482	1.0703815
TCTTCCTCACCGGCTA	Unknow	0.989734	3.47819	4.678712
TCTTCCTCACTAGTAC	Root hair	0.984962	3.1205735	-3.1960552
TCTTCCTCAGTGGTGA	Xylem	0.751447	-3.949634	4.8147016
TCTTCCTGTAGCGATG	Root endodermis	0.937029	0.7849501	4.5476217
TCTTCCTGTAGGACTG	Lateral root cap	0.989285	14.714247	9.506291
TCTTCCTGTATTGAGA	Lateral root cap	0.931045	10.763039	7.0330124
TCTTCCTGTCCATACA	Root stele	0.961514	0.5572083	8.165198
TCTTCCTGTCCGAAAG	Lateral root cap	0.969212	12.030219	6.184642
TCTTCCTGTTGCACGC	Columella root cap	0.55768	8.033018	4.4609237
TCTTCCTTCATTCATC	S phase	0.622975	5.8742085	2.9533544
TCTTCCTTCTGGCCTT	Root stele	0.972598	0.58443725	9.080774
TCTTGCGAGAACCGCA	Lateral root cap	0.962158	11.264968	8.083026
TCTTGCGCACTAGTAC	Non-hair	0.908247	3.247989	0.43755153
TCTTGCGGTGGGTATG	Root stele	0.975298	0.32377592	8.604252
TCTTGCGGTTGACGGA	Lateral root cap	0.966279	12.367393	9.460199
TCTTGCGTCCACGTCT	Root cortex	0.903479	-3.5739021	0.6850091
TCTTGCGTCCATCCGT	Root cap	0.988679	9.520538	1.3764457
TCTTGCGTCCATGAGT	Unknow	0.556401	7.0196457	7.197554
TCTTTGAAGCTGCCTG	Lateral root cap	0.631979	10.628793	5.353546
TCTTTGAAGGATATGT	Root hair	0.976825	3.4806294	-2.6740334
TCTTTGAAGTAGTGCG	Root cortex	0.96734	0.4106316	1.0585123
TCTTTGACAATACAGA	Lateral root cap	0.97646	12.761534	8.345477
TCTTTGACACTAGTAC	Root stele	0.954117	-1.5530131	8.598581
TCTTTGACATAGTCAC	Root endodermis	0.962508	1.1780858	5.680868
TCTTTGATCCGTCAAA	Root cortex	0.948418	0.4826848	-0.82728344
TCTTTGATCGCGTTTC	Columella root cap	0.713839	7.7243648	4.422192
TCTTTGATCTCGTGGG	Root cortex	0.956211	0.98206794	3.1466863
TGAACGTAGCTCCGAC	Unknow	0.509306	7.4449477	6.4652977
TGAACGTCAGAGACTG	Root stele	0.949199	1.550279	8.384495
TGAACGTGTAGAGATT	Root endodermis	0.416426	-3.4590616	4.844141
TGAACGTGTAGGATAT	Root endodermis	0.945515	-2.1446784	5.345703
TGAACGTGTTCGCGTG	Non-hair	0.960011	3.3469062	0.42082158
TGAACGTTCGCCTTTG	Root cortex	0.914903	-3.6680417	0.9158354
TGAATCGCATGGCTGC	Root cortex	0.692696	1.417387	-1.6565199
TGAATCGCATGGGATG	Root cap	0.929107	11.307332	3.0698402
TGAATCGCATGTCTAG	Root cortex	0.665739	1.5159522	2.618678
TGAATCGTCGAGAAGC	Unknow	0.878306	2.7489502	3.774601
TGAATCGTCGTCCTCA	Non-hair	0.592329	3.6674316	3.9034512
TGAATGCAGATGACAT	Non-hair	0.599609	1.885857	1.0805094
TGAATGCAGCAGTCTT	Root cortex	0.982816	-0.81330884	1.4828539
TGAATGCAGCATCTTG	S phase	0.846635	6.263594	0.6203079
TGAATGCAGGGTCAAC	Root cortex	0.930844	0.9015182	3.639577
TGAATGCCAAACTCGT	Lateral root cap	0.342586	7.1257634	5.649411
TGAATGCCACTAGAGG	Unknow	0.503914	6.859539	6.105809
TGAATGCGTCAAATCC	Root cortex	0.990308	-0.12028886	0.31508422
TGAATGCTCAATCGGT	Root endodermis	0.462885	-3.1999393	4.3334775
TGAATGCTCACCTACC	Unknow	0.776858	1.7281556	3.8702846
TGAATGCTCAGCCCAG	Root endodermis	0.63679	0.42062423	5.6103973
TGAATGCTCAGTCATG	Root cortex	0.940767	-3.0066996	0.61380154
TGAATGCTCGCCAGTG	Unknow	0.327274	7.4361424	5.6856675
TGACAGTAGCTACTGT	Unknow	0.961937	4.124936	4.504221
TGACAGTCAAATCGGG	Root cap	0.304545	8.367743	4.138592
TGACAGTCACAATGCT	Lateral root cap	0.98802	14.569062	9.576748
TGACAGTCAGCCCACA	Root cortex	0.980722	-1.0921432	1.3014904
TGACAGTTCGTTCTCG	Unknow	0.96902	4.666718	4.742418
TGACAGTTCTCCTGCA	Root endodermis	0.956714	-1.7396499	5.627615
TGACCCTAGAAGAACG	Root cortex	0.480658	2.3352926	0.88937885
TGACCCTCATTGACAC	Lateral root cap	0.985469	15.592766	9.75665
TGACCCTGTGGAAGTC	Lateral root cap	0.980026	15.802426	9.666968
TGACCCTGTTGCATTG	Root stele	0.881799	-0.07290911	7.0059214
TGACCCTTCCTCTGCA	Columella root cap	0.50419	6.847775	5.9398437
TGACGCGAGTTGCTCA	Root cortex	0.979361	-0.7167834	0.20494255
TGACGCGCAAACGTGG	Root cap	0.984319	10.043048	1.4586297
TGACGCGTCCCAGGCA	Root endodermis	0.856929	0.71195185	4.5470634
TGACGCGTCCCTTGGT	Unknow	0.864861	4.910909	5.274439
TGACGCGTCGTTAGAC	Root stele	0.960691	-1.176827	8.813381
TGACGCGTCTGGACTA	Columella root cap	0.507015	7.626782	5.2037773
TGACTCCAGAGAACCC	Lateral root cap	0.940939	9.732495	7.6631684
TGACTCCCAACCACGC	Unknow	0.887215	5.944589	6.288984
TGACTCCCAATAGTCC	Root cortex	0.988005	0.47604132	2.4387815
TGACTCCGTACAATAG	Root stele	0.970175	-0.33390334	7.93316
TGACTCCGTGCCTGAC	Xylem	0.961008	-3.6157067	6.477114
TGACTCCGTTATGTGC	Columella root cap	0.644642	7.1425014	5.5510716
TGAGACTAGAGCAAGA	Root endodermis	0.543412	-3.900161	2.5887284
TGAGACTAGCTAGTTC	Root stele	0.892891	-0.5363557	7.667306
TGAGACTAGCTTAAGA	Root cortex	0.960982	-3.2152178	0.99825263
TGAGACTAGTCAATCC	Root cap	0.758821	10.538371	3.0817208
TGAGACTGTCAGATTC	Non-hair	0.282367	8.608345	4.0535784
TGAGACTGTGACATCT	Lateral root cap	0.984478	14.103474	10.369758
TGAGACTGTTAAACCC	Unknow	0.98944	3.058845	4.855381
TGAGACTTCCATCAGA	Lateral root cap	0.791568	10.935087	5.4726124
TGAGCATAGGCAGTCA	Xylem	0.585303	-3.884339	4.7548904
TGAGCATAGTACTGGG	Root stele	0.866166	2.0631819	8.094802
TGAGCATAGTAGCTCT	Non-hair	0.956052	3.2252388	-0.50483215
TGAGCATCAGCAGACA	Root endodermis	0.979868	-1.1879449	5.2012463
TGAGCATGTACGATTC	Non-hair	0.912746	3.806377	0.8159828
TGAGCATGTCTCGGAC	Root cap	0.933142	10.303758	2.8092666
TGAGCGCAGAATCGCG	Columella root cap	0.663604	7.837017	5.0531764
TGAGCGCGTTGGCCGT	Non-hair	0.379775	3.2798936	1.9222467
TGAGCGCTCCACTGGG	Non-hair	0.785662	9.953774	3.0646996
TGAGGAGAGCCATATC	Non-hair	0.825293	2.4096859	1.666255
TGAGGAGAGTAGTCAA	Lateral root cap	0.960057	9.640744	7.904763
TGAGGAGCAATTGCAC	Unknow	0.451392	6.6475477	6.521387
TGAGGAGCACTTCCTG	Non-hair	0.801843	2.5014622	0.47213393
TGAGGAGCAGGGTTGA	Lateral root cap	0.912028	11.119377	6.205138
TGAGGAGCAGTTCTAG	Lateral root cap	0.980415	13.243486	9.798264
TGAGGAGGTATCGTAC	Lateral root cap	0.793701	8.976045	6.851845
TGAGGAGGTCTGTCAA	Root stele	0.967857	0.31414053	8.612667
TGAGGAGGTTGCTCAA	Lateral root cap	0.976135	12.13351	7.742463
TGAGGAGTCACCATAG	Root cortex	0.972955	0.17351544	0.7126623
TGAGGGAAGCGACCCT	Lateral root cap	0.977288	13.062618	10.639913
TGAGGGAAGGAATGTT	Root cap	0.852964	9.866263	2.9823043
TGAGGGATCAGAGTTC	Non-hair	0.786033	2.8587887	0.8656197
TGAGGGATCGCTGTCT	Lateral root cap	0.708819	8.3656225	7.629891
TGAGGTTAGAGCCGTA	Root cortex	0.961561	-2.5340562	0.3117172
TGAGGTTAGTAATCCC	Root stele	0.425248	0.0817957	6.3564315
TGAGGTTCATACAGCT	Root cap	0.979332	9.856802	2.4373257
TGAGGTTGTACGGTTT	Root cortex	0.991226	-0.26476058	1.5028082
TGAGGTTTCGTAGCTA	Unknow	0.907619	3.5742736	4.140303
TGAGTCAGTGTCTTAG	Lateral root cap	0.452755	7.3417344	6.265114
TGAGTCATCAACCTCC	Root hair	0.766618	2.1389844	-3.385554
TGAGTCATCCGTCCTA	Root cortex	0.981646	-0.38630477	2.9107308
TGATCAGAGCCTGAAG	Root stele	0.965098	0.49357653	9.373309
TGATCAGAGCTGGAGT	Root cortex	0.992499	-0.4727887	1.7993054
TGATCAGAGGGTGAAA	Root cortex	0.939731	0.39409104	0.9835798
TGATCAGAGGTACTGG	Root cortex	0.971008	-1.5877516	-0.3291099
TGATCAGAGTTGCTGT	Unknow	0.978226	2.7091465	5.626214
TGATCAGAGTTTAGGA	Lateral root cap	0.964299	11.409164	7.564864
TGATCAGCAAAGGGTC	Columella root cap	0.360985	8.049419	4.8234606
TGATCAGCAATACGCT	Root cortex	0.983383	-1.6528732	0.71923524
TGATCAGCAGTAGATA	Root cap	0.713824	10.169777	3.9556057
TGATCAGGTGCGAGTA	Lateral root cap	0.982804	10.607777	8.461925
TGATCAGGTTTCGCTC	Non-hair	0.841536	2.1631556	-1.323207
TGATCAGTCTTGTTAC	Columella root cap	0.876582	6.563032	5.2573495
TGATCTTAGATCACTC	Non-hair	0.480064	1.6557456	-0.99363965
TGATCTTAGTCACTAC	Root cap	0.935696	10.681113	2.8948474
TGATCTTAGTTGGAAT	Root cortex	0.924225	-3.0346522	1.996378
TGATCTTCACGCTGTG	Lateral root cap	0.571221	7.8266044	6.1098323
TGATCTTCATACGCAT	Lateral root cap	0.985166	12.433094	9.100342
TGATCTTCATCCGGTG	Root stele	0.973352	-0.72845036	8.75431
TGATCTTCATTATGCG	Root stele	0.856119	1.76123	8.083799
TGATCTTCATTGTGCA	Root cortex	0.992226	0.027259128	1.9759054
TGATCTTGTACGAAAT	Root cortex	0.98513	0.3451643	1.4897066
TGATCTTTCCATAAGC	Unknow	0.842673	2.8585105	3.8778918
TGATCTTTCCGATCTC	Lateral root cap	0.821266	3.693084	3.1032956
TGATCTTTCCTGCCAT	Lateral root cap	0.850636	8.701547	6.855206
TGATCTTTCGTCTAAG	Root cortex	0.606188	-4.4231563	1.9247262
TGATGCACACAGCTTA	Root stele	0.675825	0.5306615	6.793004
TGATGCACACGGAAGT	Xylem	0.982526	-2.8256173	6.820394
TGATGCACATATCTGG	Root cortex	0.792005	-3.688898	2.3850124
TGATGCAGTGCCCAGT	Xylem	0.942421	-2.2812393	7.4508686
TGATGCATCAGTGTCA	Lateral root cap	0.98184	12.9794445	10.426307
TGATGCATCTTCGTAT	Lateral root cap	0.949335	12.532248	6.9680753
TGATGGTCAAATGATG	Lateral root cap	0.925467	11.357641	6.4763103
TGATGGTCAATACCTG	Root cap	0.371695	10.376179	3.098594
TGATGGTTCGTAACAC	Lateral root cap	0.953971	15.673105	9.821672
TGATTCTAGCTAGTTC	Root cortex	0.815301	-0.30781367	-1.1844685
TGATTCTCACTGAGGA	Lateral root cap	0.422893	9.537541	3.9087083
TGATTCTGTCAGTCGC	Root endodermis	0.430627	-4.078958	2.3101609
TGATTCTTCAAGTCGT	Lateral root cap	0.707745	4.423136	2.2806697
TGATTTCAGAAACTGT	Lateral root cap	0.744386	11.854705	5.258995
TGATTTCAGAATTGCA	Lateral root cap	0.866833	9.1012125	6.12901
TGATTTCCAGAAATTG	Lateral root cap	0.851214	8.662229	6.706929
TGATTTCCAGACGGAT	Root cortex	0.975888	0.80180734	-0.038933698
TGATTTCGTGACCGAA	Lateral root cap	0.404631	8.073038	5.233127
TGATTTCGTGGTCCGT	Unknow	0.594449	4.8388505	4.206963
TGCACGGAGGATACCG	Unknow	0.578063	6.8369517	7.05204
TGCACGGCAACGGGTA	Lateral root cap	0.907706	9.896142	7.543683
TGCACGGCAGTCGGTC	Root cap	0.860641	11.017644	3.7162833
TGCACGGCATCGAACT	Non-hair	0.694575	3.1074874	1.609246
TGCACGGGTGTGTCGC	Lateral root cap	0.98875	11.997191	9.134658
TGCACGGGTGTTAACC	Xylem	0.708158	-3.9056976	4.560718
TGCACGGGTTAATGAG	Root hair	0.977197	2.8665264	-3.340375
TGCACGGTCCTACCAC	Unknow	0.678758	6.4722505	6.3181224
TGCAGATCAGCGACCT	Non-hair	0.981152	3.1331303	-0.7504708
TGCAGATCAGTGAGCA	Lateral root cap	0.979498	10.362314	8.110051
TGCAGATTCGAGAAGC	Lateral root cap	0.913734	11.419864	5.9226193
TGCAGATTCGATCCAA	Lateral root cap	0.946672	10.48184	6.512376
TGCAGATTCTGTTCAT	Root cortex	0.803093	-3.7670557	2.2596364
TGCAGGCCATTCACAG	Unknow	0.936834	6.082434	6.645315
TGCAGGCGTCTGCAAT	Root endodermis	0.545325	-2.8417108	4.130345
TGCAGGCTCAATCCGA	Lateral root cap	0.981052	11.74294	9.497217
TGCAGGCTCGCATTAG	Root stele	0.951581	0.3563962	7.0268874
TGCAGTAAGAAACCAT	Root cortex	0.682447	-2.7802603	3.7350314
TGCAGTAAGAAGCTGC	Lateral root cap	0.723958	8.248605	6.8328714
TGCAGTAAGGTCATCT	Root stele	0.926046	1.3767879	8.333738
TGCAGTACAATGTCAC	Lateral root cap	0.990076	14.248158	9.092585
TGCAGTAGTACTCGTA	Columella root cap	0.564475	6.8190885	5.7830844
TGCAGTAGTATGCTTG	Root cap	0.802722	10.995633	4.1021166
TGCAGTAGTCACGACC	Lateral root cap	0.984147	12.40462	10.028062
TGCAGTATCCTCTCGA	Lateral root cap	0.98815	11.811071	9.41338
TGCAGTATCTGTAACG	Lateral root cap	0.799447	11.094028	6.2593207
TGCATCCAGAATCGCG	Non-hair	0.956492	3.830097	0.8289037
TGCATCCAGATTAGCA	Lateral root cap	0.952763	12.057349	6.556098
TGCATCCAGCACCTGC	Root cortex	0.856381	-2.200099	1.832342
TGCATCCAGTCAGAGC	Lateral root cap	0.725515	3.646295	2.6846561
TGCATCCCAAACTAAG	Root cortex	0.983103	-0.24336028	0.521203
TGCATCCCAACAAGTA	Lateral root cap	0.983581	14.396944	10.356274
TGCATCCCAACCCTCT	Root cortex	0.889362	-3.586664	0.91297275
TGCATCCCAGCATACT	Root endodermis	0.789297	-2.4486582	5.7987466
TGCATCCCATCAACCA	Root cortex	0.695183	2.067893	1.7231089
TGCATCCGTACGCTTA	Root cortex	0.707703	1.2136443	-0.52217025
TGCATCCGTATCCTTT	Lateral root cap	0.987399	13.582948	10.335907
TGCATCCGTCAATCTG	Root cortex	0.646523	-4.302646	1.7859497
TGCATCCGTGGGATTG	Non-hair	0.67635	3.5284684	1.6608999
TGCATCCTCACCCTTG	Root cortex	0.25355	-3.2230325	3.6729386
TGCATCCTCTCCGAGG	Root cap	0.734193	9.350787	4.1496735
TGCATGACAAGAGTTA	Root cap	0.899164	10.608094	3.1598756
TGCATGACAGCGTTTA	Root cap	0.599365	11.363065	5.1666207
TGCATGATCCTTATAC	Lateral root cap	0.981377	12.63368	8.883395
TGCATGATCGCGAAGA	Root stele	0.907957	0.18049166	7.0096655
TGCATGATCTGCGGAC	Root hair	0.978941	2.8412437	-3.2604983
TGCCGAGAGCGTATGG	Root hair	0.991876	3.5489662	-2.4534712
TGCCGAGCAGTGGTGA	Root cortex	0.986352	-0.5137855	1.4548439
TGCCGAGGTTACTCAG	Root hair	0.865115	2.1575322	-3.5214224
TGCGACGAGCAACCAG	S phase	0.908878	6.556108	-0.28621137
TGCGACGCAATAGTGA	Root cortex	0.956378	-2.7757893	1.0141375
TGCGACGCACCAGCGT	Root cortex	0.749822	-3.083127	2.7348626
TGCGACGCAGATTTCG	Non-hair	0.414463	3.041193	1.8771513
TGCGACGCAGCATCTA	Non-hair	0.856659	2.327837	1.6024358
TGCGACGCATTCACCC	Root cap	0.986598	9.342455	1.8257121
TGCGATAAGAAGTCAT	Root stele	0.902313	1.6055661	8.334757
TGCGATAGTACAGAGC	Lateral root cap	0.987031	12.4897585	8.900754
TGCGATAGTTAAGCAA	Lateral root cap	0.853594	11.281739	5.561021
TGCGATATCAAACGAA	Lateral root cap	0.986995	13.667604	10.513336
TGCGGCAAGAAACTAC	Lateral root cap	0.791207	11.583676	5.358657
TGCGGCAAGGAAAGGT	Root endodermis	0.43301	1.5641799	5.846292
TGCGGCACACGTTCGG	Unknow	0.992028	2.8583088	5.0934563
TGCGGCACACTACACA	Lateral root cap	0.979998	15.743073	9.688087
TGCGGGTAGACTGGGT	Root stele	0.984299	0.7970424	8.319205
TGCGGGTAGATGAATC	Root cap	0.927671	9.641815	3.110096
TGCGGGTAGGTACATA	Non-hair	0.538454	7.2881365	5.1801558
TGCGGGTCACCAAAGG	Lateral root cap	0.989049	13.123109	9.429451
TGCGGGTGTAAGTAGT	Lateral root cap	0.960965	11.569112	10.066093
TGCGGGTTCGCCAGAC	Root cap	0.845023	11.264114	3.3049462
TGCGGGTTCTCCGAGG	Lateral root cap	0.986235	10.501619	8.507227
TGCTCCAAGCTACTGT	Root stele	0.975388	0.8721277	8.552099
TGCTCCAAGTTGCCCG	Lateral root cap	0.97631	12.268783	7.783652
TGCTCCACAAATACAG	Lateral root cap	0.979559	10.04628	8.586692
TGCTCCACAAGACCGA	Lateral root cap	0.982047	11.896986	10.256023
TGCTCCACACTTCTCG	Root cortex	0.896323	0.3541316	3.9946213
TGCTCCACATAATGAG	Root cortex	0.865026	1.1616883	3.7897797
TGCTCCAGTTAAGCAA	Root hair	0.953661	2.3789625	-2.8036296
TGCTCCAGTTAAGGGC	Root hair	0.982152	2.7375853	-2.666373
TGCTCCAGTTCATCGA	Unknow	0.566928	6.940468	6.8439546
TGCTCCATCGGACAAG	Lateral root cap	0.970075	11.055434	10.370158
TGCTCCATCTTCGTGC	Root cortex	0.910395	1.0444037	-0.6246324
TGCTCGTAGACCAACG	Root cortex	0.964539	1.039098	-0.39574072
TGCTCGTCAAGGAGTC	Non-hair	0.954147	2.8204637	-1.0506703
TGCTCGTCAGTCTTCC	Columella root cap	0.311951	8.022648	4.6075196
TGCTCGTGTAATGATG	Root stele	0.951374	1.3981637	7.846925
TGCTCGTGTCGCGGTT	Root cortex	0.705443	-0.014621395	4.429139
TGCTCGTGTTCCGCAG	Root stele	0.934512	1.3832896	8.062301
TGCTCGTTCACTCCGT	Lateral root cap	0.530971	8.496397	5.8049293
TGCTGAAAGAGTACCG	Lateral root cap	0.985496	13.978344	8.649892
TGCTGAAAGCAAGTCG	Root hair	0.945525	2.4864082	-3.4589322
TGCTGAAAGCGGCTCT	Lateral root cap	0.80125	11.219572	6.1347013
TGCTGAAAGTAAATGC	Root endodermis	0.310038	2.5254323	2.9138634
TGCTGAAAGTAGGCCA	Columella root cap	0.973896	7.121066	5.0447125
TGCTGAACATCTATCT	Root stele	0.98441	-0.29620114	8.567466
TGCTGAAGTCCGACGT	Non-hair	0.983093	3.6339076	0.28265753
TGCTGAAGTCCTCATC	Unknow	0.406037	2.0855982	5.7230015
TGCTGAAGTCCTTGTC	Root stele	0.976894	0.7052094	9.21278
TGCTGAATCCACTTTA	Non-hair	0.939905	3.3340101	0.15383062
TGCTTCGAGAACTTCC	Lateral root cap	0.979204	11.335827	8.236583
TGCTTCGAGGGCAGGA	Root cortex	0.959095	-2.9237323	0.72199273
TGCTTCGAGGTGCAGT	Root cortex	0.961542	0.9563427	0.12836605
TGCTTCGCACCAAAGG	Root cortex	0.968556	-2.4261482	0.23583297
TGCTTCGCAGCAGACA	Lateral root cap	0.98022	12.779997	10.560154
TGCTTCGGTATCACGT	Root cortex	0.583319	1.9498273	1.0045267
TGCTTCGGTGCAACGA	Root cap	0.981177	8.806209	1.5484803
TGCTTCGTCTTACACT	Lateral root cap	0.842004	9.224905	6.078457
TGCTTGCAGTTTCTTC	Root hair	0.92833	2.2547061	-2.9539866
TGCTTGCCACAACGAG	S phase	0.940672	6.531265	-0.41027296
TGCTTGCCACGACTAT	Lateral root cap	0.823949	9.918827	5.9274993
TGCTTGCCATGACTGT	Lateral root cap	0.988946	12.243282	9.775916
TGCTTGCGTCCCACGA	Lateral root cap	0.88973	8.800427	6.5932264
TGCTTGCTCCATATGG	Lateral root cap	0.952982	9.199664	7.714942
TGGAACTAGAAACCCG	Root cortex	0.791852	0.5607342	1.6224955
TGGAACTAGCTCGGCT	S phase	0.984119	6.3035307	1.5742728
TGGAACTAGGGATGTC	Root cortex	0.605961	0.99071866	-1.9891155
TGGAACTAGGGCGAGA	Lateral root cap	0.781524	8.709432	8.47782
TGGAACTGTCTTGTCC	Lateral root cap	0.869871	10.188247	8.000984
TGGAACTGTTAGGGTG	Root cap	0.941277	9.481187	3.0307715
TGGAACTGTTCGGCGT	Unknow	0.748881	1.9219342	6.0072217
TGGAGAGAGAGGTATT	Root cortex	0.981789	-0.9907191	2.0480433
TGGAGAGAGCGGTAAC	Unknow	0.576754	6.8294926	6.8397923
TGGAGAGAGTAATCCC	Root stele	0.936772	1.5949873	8.44715
TGGAGAGCACTAGTAC	Lateral root cap	0.960283	11.128659	7.37245
TGGAGGAAGATCGCCC	Root cortex	0.954551	-3.1121445	0.8053224
TGGAGGAAGCATGTTC	Lateral root cap	0.97615	12.55222	7.640901
TGGAGGACATCATCTT	Root cortex	0.969503	-2.1972759	0.34508452
TGGAGGAGTACCCGCA	Lateral root cap	0.989814	13.142216	8.462532
TGGAGGATCAAGGTGG	Lateral root cap	0.552043	7.8733115	6.4326644
TGGAGGATCTAACGCA	Root cortex	0.837397	1.5463778	3.4507592
TGGATCAAGCTAAATG	Lateral root cap	0.987651	13.774024	9.5748005
TGGATCAAGTTAGTAG	Root cap	0.981109	9.507021	2.178595
TGGATCACATCCCACT	Lateral root cap	0.526212	8.056387	5.251761
TGGATGTAGAGTTGCG	Root cortex	0.9627	-2.8780725	1.5241228
TGGATGTAGTATAACG	Lateral root cap	0.97852	11.059283	9.59108
TGGATGTCACAACGAG	Root cortex	0.987018	-0.14517906	3.0426097
TGGATGTGTAGGCTGA	Lateral root cap	0.945782	4.4340253	3.0490375
TGGATGTTCTCCCTAG	Root cortex	0.990745	-0.49226362	2.0411081
TGGCGTGAGGTCGTGA	Root cortex	0.919877	-2.7326117	1.9145203
TGGCGTGCATACGCAT	Lateral root cap	0.971944	9.347451	8.611843
TGGCGTGCATGTGGTT	Columella root cap	0.509903	7.934144	4.366451
TGGCGTGGTGGCCTCA	Root cortex	0.981953	-1.1075304	2.248965
TGGCGTGGTTGATGTC	Root stele	0.979129	0.73199093	8.791359
TGGCGTGTCTGCTTTA	Root hair	0.960737	2.4723186	-2.6976602
TGGGAAGAGATGCTAA	Lateral root cap	0.411346	3.4365134	2.3499603
TGGGAAGAGCGGTAGT	Lateral root cap	0.96667	12.441564	7.039952
TGGGAAGAGGCAGGTT	Unknow	0.890259	3.3188972	4.2391386
TGGGAAGCAGAGGTTG	Unknow	0.982422	4.3182445	5.326175
TGGGAAGCATATGGCT	Root stele	0.977065	-1.2243441	8.77039
TGGGAAGGTCGTTTCC	Non-hair	0.727979	2.8482113	1.5996605
TGGGAAGTCATGGTAC	Unknow	0.58686	6.8069983	6.746879
TGGGAAGTCTCGGTCT	Lateral root cap	0.888994	4.047215	3.1172533
TGGGAGAAGAAGCTGC	Non-hair	0.622939	2.4345388	1.4304764
TGGGAGAAGTGCAAAT	Root cortex	0.976351	-2.167287	0.64278746
TGGGAGACATTACGGT	Lateral root cap	0.48972	7.5542574	5.8243294
TGGGAGAGTATCTTCT	Lateral root cap	0.824005	10.319702	6.6584525
TGGGAGAGTCGATTCA	Root stele	0.967537	0.63064814	9.527737
TGGGAGATCGTGTGAT	Root endodermis	0.919505	-0.13025507	5.1306224
TGGGATTAGAATAGTC	Lateral root cap	0.966432	12.023229	7.5644155
TGGGATTAGACTTGTC	Non-hair	0.955884	3.504888	0.56611675
TGGGATTCATGGAAGC	Lateral root cap	0.981493	9.898436	7.919367
TGGGATTGTACAATAG	Root cortex	0.829835	-4.044508	1.0824414
TGGGATTGTGTGTACT	Lateral root cap	0.766012	8.2836275	6.733502
TGGGCGTAGCACGGAT	Root stele	0.978822	0.19395962	8.788035
TGGGCGTCAAATCAGA	Root cortex	0.924258	0.35340363	3.1125205
TGGGCGTCAATCGAAA	Lateral root cap	0.97404	11.411991	7.3183794
TGGGCGTTCTGCTTAT	Unknow	0.918967	1.9123992	5.022837
TGGGCTGCAGGAGACT	Root cortex	0.927481	-2.9814768	2.0135262
TGGGCTGCATAGATGA	Root cortex	0.980914	-1.6902127	1.3473825
TGGGCTGGTCAAATCC	Lateral root cap	0.884377	12.104964	6.2229056
TGGGCTGTCGTAGGGA	Unknow	0.990142	3.331723	4.6242623
TGGGTTAAGCCTGACC	Lateral root cap	0.967984	12.907339	11.239031
TGGGTTAAGCGACCCT	Lateral root cap	0.398268	9.007939	4.7355895
TGGGTTAAGTCGAATA	Root endodermis	0.92409	-0.8517257	5.226246
TGGGTTAAGTTCTACG	Lateral root cap	0.980327	12.454057	9.599712
TGGGTTAGTCGCGGTT	Root cortex	0.98576	-0.25011763	2.297119
TGGGTTAGTTTAGAGA	Unknow	0.735727	6.2621446	6.0441756
TGGGTTATCTCGAGTA	Root cap	0.791308	10.658019	3.3128536
TGGTACAAGCCGAACA	Lateral root cap	0.988328	11.696752	9.017917
TGGTACAAGGCTGAAC	Root cortex	0.963478	0.78321713	2.2399714
TGGTACAAGGTCCGAA	Unknow	0.784781	6.5211124	6.85887
TGGTACAGTTTCACAG	Lateral root cap	0.936286	11.978351	6.489953
TGGTACATCTAGTACG	Lateral root cap	0.977223	11.868783	9.944685
TGGTAGTAGACCAGAC	S phase	0.714069	5.8680983	2.940536
TGGTAGTAGCGAGGAG	Lateral root cap	0.919591	10.602719	9.202414
TGGTAGTAGGCTAACG	Root stele	0.898985	1.3324722	7.652315
TGGTAGTAGTAGACAT	Lateral root cap	0.793693	8.642199	7.4713416
TGGTAGTAGTTAGTAG	Root cortex	0.988229	-0.65274113	1.5907884
TGGTAGTCATTCAGGT	Root cortex	0.904866	-0.61619467	-0.021334467
TGGTAGTGTAAGTCAA	Non-hair	0.74521	3.1178288	1.0531471
TGGTAGTGTATGCTTG	Root hair	0.558028	5.388211	-0.68164814
TGGTAGTGTCGTTCAA	Lateral root cap	0.953353	10.294853	7.8008533
TGGTAGTTCGTTACCC	Unknow	0.533924	1.4115162	4.984564
TGGTAGTTCTACACTT	Unknow	0.92632	1.9727672	5.052673
TGGTGATAGGATAATC	Non-hair	0.413405	2.8726346	0.11195489
TGGTGATAGTCGAAAT	G1/G0 phase	0.618164	0.6374867	-2.0986443
TGGTGATCAGAAGTGC	Root cortex	0.989643	-0.5765987	2.7488785
TGGTGATCAGGACAGT	Root cortex	0.642715	1.9448097	1.7003052
TGGTGATTCCGTGCGA	Lateral root cap	0.826684	10.030985	5.625572
TGGTTAGAGCATGTTC	Lateral root cap	0.478654	4.1002364	2.0982015
TGGTTAGAGCTTTCTT	Root cap	0.79599	8.813655	2.827629
TGGTTAGAGTATGTAG	Lateral root cap	0.977492	10.713174	8.779661
TGGTTAGCAAGGATGC	Root cortex	0.967135	-0.9121704	2.9110847
TGGTTAGCAATTGCGT	Non-hair	0.516479	8.404328	2.6014922
TGGTTAGCAGCATACT	Lateral root cap	0.841108	8.631077	8.244407
TGGTTAGGTAACTGCT	Root endodermis	0.954354	0.61789644	4.802244
TGGTTAGGTTAAGACA	Unknow	0.412907	7.80069	7.1661153
TGGTTAGTCCGAAATC	S phase	0.964639	6.467947	0.3839173
TGGTTAGTCGCCATAA	Unknow	0.987342	4.232202	5.092288
TGGTTAGTCTCAACCC	Root stele	0.954439	-0.15671538	9.113021
TGGTTAGTCTGGTCAA	G1/G0 phase	0.468844	1.0793681	-2.4495163
TGTAACGAGAGAGCAA	Root endodermis	0.487554	-2.3263505	4.6865835
TGTAACGAGATCGCTT	G1/G0 phase	0.324022	6.123488	-0.24187341
TGTAACGAGCATGGGT	Root cortex	0.924861	-3.555526	0.90689516
TGTAACGAGGAAGTCC	Unknow	0.957287	2.1603355	6.2418885
TGTAACGCAGCTGTCG	Lateral root cap	0.602218	9.295838	5.03373
TGTAACGGTATGAGCG	Non-hair	0.363051	3.419793	2.125017
TGTAACGGTGGCAGAT	Root cortex	0.93846	-0.1756173	3.7228978
TGTAACGTCACCATCC	Non-hair	0.891199	2.1935515	-1.1246375
TGTAACGTCGTAGTGT	Lateral root cap	0.976387	10.76724	9.940329
TGTAACGTCGTGGAAG	Lateral root cap	0.944703	11.884733	6.884092
TGTAACGTCGTGGCTG	Root cortex	0.991645	-0.4859611	1.7095877
TGTAAGCAGACCTTTG	Root cortex	0.978292	-0.08112948	1.5320185
TGTAAGCAGGCACGAT	Root cortex	0.887592	-3.4768841	1.3637562
TGTAAGCAGTGCAACG	Root cortex	0.989096	-0.04912868	1.2097234
TGTAAGCTCCCTAGGG	Non-hair	0.668693	4.0911045	2.0010746
TGTAAGCTCGCTATTT	Root cortex	0.969916	-2.7903643	1.4375805
TGTACAGAGACAAGCC	Root stele	0.959613	1.246945	7.619429
TGTACAGCACAATGAA	Lateral root cap	0.960801	12.5081215	11.24965
TGTACAGCATACACCA	S phase	0.995516	6.611403	0.76282597
TGTACAGCATCGGCCA	Unknow	0.482183	6.6602044	6.1373425
TGTACAGCATTGTGCA	Root cortex	0.968747	-2.5491433	0.3830171
TGTACAGGTATGTCCA	Unknow	0.643617	6.532139	6.240432
TGTACAGGTTACGGAG	Unknow	0.634241	5.6530223	5.3541512
TGTACAGGTTCGAACT	Root cortex	0.843853	-0.4945232	4.1561074
TGTACAGTCCAATCTT	Lateral root cap	0.861044	8.941453	6.276925
TGTACAGTCCGATCGG	Lateral root cap	0.918276	10.1549835	6.448722
TGTACAGTCTGGAGAG	Lateral root cap	0.975163	12.415036	10.124079
TGTAGACCACTTGAAC	Root stele	0.683898	-0.44219574	7.3078856
TGTAGACCAGAATGTA	Xylem	0.655995	-3.6781845	3.960162
TGTAGACCAGCAGAAC	Root hair	0.813244	2.142051	-3.4266183
TGTAGACCAGCTAACT	Root cap	0.968176	10.950604	2.7027862
TGTAGACGTAAGCAAT	Non-hair	0.65199	3.3892882	1.6234375
TGTCAGAAGAACAAGG	Lateral root cap	0.397425	7.9693747	4.763907
TGTCAGAAGGCTCCCA	Lateral root cap	0.892688	8.837456	6.272327
TGTCAGACATAGGTAA	Unknow	0.504976	3.2360098	-1.7008184
TGTCAGACATCCTAAG	Root cap	0.899064	10.745154	3.8795269
TGTCAGAGTACGGTTT	Root cortex	0.94389	-3.0456185	1.5053807
TGTCAGATCATTTCCA	Root stele	0.97394	-0.012543008	8.972008
TGTCAGATCCACACAA	Lateral root cap	0.955002	11.253332	6.4724913
TGTCAGATCTGGGCGT	Non-hair	0.348362	7.723655	5.9945736
TGTCAGATCTTCGTAT	Lateral root cap	0.981721	12.404363	10.779295
TGTCCACAGCCTCTTC	Root cortex	0.897666	-3.0452611	2.177168
TGTCCACGTAGAGGAA	Lateral root cap	0.98673	11.623597	8.919915
TGTCCACGTCGGATTT	Lateral root cap	0.979696	10.628722	8.088595
TGTCCACGTCTAACTG	Unknow	0.913669	4.8380585	4.3708854
TGTCCACGTTCTCCTG	Unknow	0.457431	7.5495787	6.9697847
TGTCCACTCAGCGCGT	Unknow	0.492765	3.2118726	3.75626
TGTCCACTCCAACCGG	Root stele	0.934194	1.2219975	8.645958
TGTCCACTCGATGGAG	Lateral root cap	0.648203	9.022473	5.2855477
TGTCCCAGTCTTTATC	Root cortex	0.945608	-2.9735963	1.2356662
TGTCCCAGTGGGCTTC	Root cap	0.803635	9.832848	3.4508963
TGTCCCATCGCCGTGA	Unknow	0.866796	2.955791	6.6808157
TGTCCTGAGCAAGGAA	Lateral root cap	0.885951	4.658751	2.4042852
TGTCCTGAGGCAGCTA	S phase	0.995819	6.4742746	1.1691585
TGTCCTGGTTACGTAC	Root cortex	0.763571	-1.262304	3.7199361
TGTCCTGTCTCTATGT	Root cap	0.910371	10.817796	3.5883343
TGTGAGTCACAGCGCT	Lateral root cap	0.975675	10.996345	8.1499605
TGTGAGTCATAACAGA	Root cortex	0.635422	2.284458	-0.24896035
TGTGAGTTCTCCTGAC	Lateral root cap	0.954482	10.34469	8.223651
TGTGATGAGACCGTTT	Lateral root cap	0.979399	12.89048	9.269297
TGTGATGCATGTTTGG	Root cortex	0.963401	-1.7862712	-0.3790331
TGTGATGTCCCTCGAT	Xylem	0.800964	-2.5377553	6.7779455
TGTGCGGAGTCTACCA	Unknow	0.44615	5.7222233	3.252024
TGTGCGGCACAACGCC	Root cortex	0.983154	0.099119864	1.5772293
TGTGCGGCAGGACGAT	Root cap	0.782043	10.42987	4.2470393
TGTGCGGCAGTGCCTG	Lateral root cap	0.990269	14.09083	9.747926
TGTGCGGGTATCGCGC	Root cortex	0.947062	0.48454252	-1.5184039
TGTGCGGTCATGAGGG	Root cap	0.968616	10.529566	2.621442
TGTGCGGTCTCCACTG	Non-hair	0.484932	2.803477	-0.40309578
TGTGGCGAGTCATCGT	Root cortex	0.467666	-3.028782	3.8407815
TGTGGCGAGTCCGTCG	Unknow	0.648112	6.559693	6.1080623
TGTGGCGAGTGATCGG	Lateral root cap	0.988368	15.264452	9.81841
TGTGGCGCAGCTGTTA	Root cortex	0.991052	0.40656367	1.6708946
TGTGGCGGTTCATCTT	Root stele	0.420493	-1.1282872	7.8041706
TGTGTGAAGCCGTAAG	Root cortex	0.781876	-0.20373128	4.419181
TGTGTGAAGTCCTGCG	Columella root cap	0.392726	8.242371	4.3556404
TGTGTGACAACAGAGC	Lateral root cap	0.945323	4.173394	3.2007189
TGTGTGACATACAGCT	Lateral root cap	0.977308	11.862038	6.4520836
TGTGTGAGTGTCATTG	Columella root cap	0.508164	7.1150136	5.1126695
TGTTACTAGACTCAAA	Lateral root cap	0.66195	9.7357855	4.467529
TGTTACTAGCAAGTGC	Unknow	0.954295	5.122294	5.55373
TGTTACTGTATGAGGC	Lateral root cap	0.97251	11.716706	8.385038
TGTTACTGTATGTGTC	Root cortex	0.975233	0.36628026	1.546172
TGTTACTGTCATATGC	Xylem	0.702823	-3.924471	4.7126956
TGTTACTGTTCACGAT	Lateral root cap	0.859256	10.131115	5.601895
TGTTACTGTTCGATTG	Root cap	0.526132	9.584891	4.633914
TGTTACTGTTGCTTGA	Lateral root cap	0.841376	8.57117	6.307901
TGTTACTTCCAACCAA	Lateral root cap	0.98308	12.0916605	9.304318
TGTTACTTCCGACAGC	Root stele	0.967841	1.2517934	8.420645
TGTTACTTCGATACTG	Root cortex	0.943182	-0.80752534	3.6474013
TGTTCATAGCTGGAGT	Root cortex	0.857975	-3.5360932	1.2771329
TGTTCATAGGTCCCGT	Unknow	0.447727	6.371209	5.717686
TGTTCATTCCTCATAT	Unknow	0.789037	3.3443925	6.0153294
TGTTCATTCGAATGCT	Root hair	0.980067	2.8683925	-2.480138
TGTTCATTCGTCTAAG	Lateral root cap	0.850109	8.574748	6.987536
TGTTCCGAGAGGTCGT	Lateral root cap	0.547538	8.254157	5.0807285
TGTTCCGAGCGGTAAC	Root stele	0.508541	-1.3114556	7.6483483
TGTTCCGCAAGGACAC	Lateral root cap	0.989406	11.632314	9.149757
TGTTCCGCAGGTATGG	Root hair	0.882324	2.212159	-3.43021
TGTTCCGCATGGGTCC	Unknow	0.957302	3.41705	4.2075033
TGTTCCGGTTCATCTT	Unknow	0.97212	3.1752255	5.1536927
TGTTCCGTCCCACAGG	Unknow	0.703728	3.5675244	4.079344
TGTTCCGTCCGCGATG	Root cortex	0.988252	-0.40778315	2.9098709
TGTTCCGTCGTTACCC	Root hair	0.233382	11.127179	11.009126
TGTTCTAAGCGGACAT	Lateral root cap	0.894669	10.0861635	6.210665
TGTTCTAAGGAATGTT	Root cortex	0.982272	-1.2081326	2.4937215
TGTTCTAAGGAGCAAA	Non-hair	0.467754	1.8991549	0.8648394
TGTTCTACAAGCTGTT	Non-hair	0.989558	4.016627	-0.097080454
TGTTCTACACTACACA	Columella root cap	0.596286	7.6036396	4.6127677
TGTTCTACATCCGTTC	Root cortex	0.963441	-0.11115675	2.7148786
TGTTCTAGTAGTTACC	Root stele	0.944916	0.79420596	9.551423
TGTTCTAGTCATTCCC	Lateral root cap	0.617375	8.274286	5.5252366
TGTTCTAGTCCCTCAT	Unknow	0.942403	2.155001	4.533117
TGTTCTATCCGGCTTT	Root endodermis	0.970273	-1.0936229	4.784449
TGTTCTATCGCCGAGT	Non-hair	0.687163	2.9911153	-0.115156695
TGTTCTATCTGAACGT	Root cap	0.648685	9.634683	3.7141078
TGTTGAGAGCCTGAAG	Columella root cap	0.480401	7.439327	5.116388
TGTTGAGCAAGCACAG	Root cap	0.785036	10.955286	3.8212984
TGTTGAGGTAGACTGG	Lateral root cap	0.983535	13.08096	9.73185
TGTTGAGGTCATAACC	Lateral root cap	0.990098	13.928122	8.910349
TGTTGAGGTCGACGCT	Lateral root cap	0.98245	15.334081	9.507873
TGTTGAGGTGATCATC	Unknow	0.982693	3.0950744	4.5695195
TGTTGAGTCGTTCTAT	Root hair	0.984527	3.5030692	-2.7674754
TGTTGGAAGCAGCCCT	Unknow	0.768317	6.0184317	5.7717047
TGTTGGACACACCTTC	Unknow	0.80703	3.356143	4.2452874
TGTTGGACATCCTCAC	Root cortex	0.840096	-2.6360455	2.696328
TGTTGGACATCGGATT	Root cap	0.534345	8.291796	4.2792826
TGTTGGAGTACCGGAA	Root stele	0.966215	-0.3127446	7.667914
TGTTGGAGTTCAACGT	Root endodermis	0.548333	-0.18633863	4.821291
TGTTGGATCAGATGCT	Root cortex	0.981283	0.2922949	0.9401065
TGTTGGATCTTCACAT	Lateral root cap	0.985665	13.290601	7.8929043
TGTTTGTAGGTTATAG	Root endodermis	0.846896	-2.6745589	4.6796064
TGTTTGTAGTATGATG	Unknow	0.330411	7.664281	5.647289
TGTTTGTCACTACAGT	Root cortex	0.99189	-0.55942523	1.886234
TGTTTGTTCATCGACA	Non-hair	0.861799	2.2191422	1.179198
TGTTTGTTCTACGCAA	Unknow	0.91434	2.506996	5.1968184
TTAATCCAGACACACG	Root cortex	0.692387	-2.9063609	3.084587
TTAATCCAGGTTCATC	Lateral root cap	0.978381	10.030379	8.359809
TTAATCCAGTATGGAT	Unknow	0.614549	6.6885877	6.868027
TTAATCCAGTGCACTT	Lateral root cap	0.988024	14.614579	9.852817
TTAATCCCAATCTCGA	Lateral root cap	0.985984	13.009678	8.412873
TTAATCCGTACAAACA	Non-hair	0.971766	3.763139	0.12166265
TTAATCCGTACGAAAT	Lateral root cap	0.982025	12.480361	10.686333
TTAATCCGTACTCCCT	Root cap	0.885718	10.868866	3.6648245
TTAATCCGTCGAACGA	Root cortex	0.976475	0.7151808	-0.5028551
TTAATCCGTGGTCAAG	Root stele	0.978329	0.068835154	9.084032
TTAATCCTCAGCCTCT	S phase	0.938539	6.263898	1.8563421
TTACAGGCAAATCCCA	S phase	0.986264	6.0848327	2.4634407
TTACAGGCAGAGTTCT	Unknow	0.610916	7.2639832	7.2033615
TTACAGGCATGAGATA	Lateral root cap	0.920321	4.6744504	2.7058575
TTACAGGGTACAGTAA	Root stele	0.957822	-0.06899197	8.234861
TTACAGGGTATCGAGG	Root cortex	0.810509	-1.1835897	3.718359
TTACAGGGTGCCGAAA	Lateral root cap	0.973879	11.502528	7.2226706
TTACAGGGTTAACCTG	Root cortex	0.722177	-4.190733	1.47571
TTACAGGTCGCACGAC	Non-hair	0.501247	2.7718627	1.6253678
TTACAGGTCTAGTGTG	Unknow	0.753134	4.391262	4.3748007
TTACAGGTCTGCCCTA	Root cortex	0.944821	-3.2896035	0.7902332
TTACCATCACATATGC	Lateral root cap	0.917261	8.958353	6.5865393
TTACCATCACCCTCTA	Root cortex	0.254451	3.0481622	2.1596391
TTACCATCAGCTGTCG	Root hair	0.982167	2.957425	-2.9804482
TTACCATGTCCAAATC	Lateral root cap	0.977107	12.713599	10.125569
TTACCATGTGGATCAG	Xylem	0.872531	-2.331771	7.2315865
TTACCATGTGTCCGGT	Lateral root cap	0.817466	8.51711	8.165368
TTACCATTCTTACTGT	Root endodermis	0.955675	-0.5855786	4.831163
TTACCATTCTTAGCAG	Lateral root cap	0.973247	12.06973	6.788002
TTACCGCAGCCTGACC	Root cortex	0.402531	1.579809	-1.7805775
TTACCGCAGGTGGTTG	Root cap	0.864776	11.012276	3.3046632
TTACCGCCAATTGCTG	Root hair	0.975214	2.7175658	-3.0420818
TTACGCCAGGTAAGAG	Root cortex	0.854936	-3.642158	2.1561954
TTACGCCAGTAGAATC	Unknow	0.473014	6.410972	5.719325
TTACGCCAGTATAACG	Root cortex	0.771659	-4.11274	1.1834286
TTACGCCCATCACGGC	Root cortex	0.884302	-3.1796784	2.2839885
TTACGCCCATGGGCAA	Root cortex	0.730078	1.7589294	3.3085089
TTACGCCGTCGTGATT	Non-hair	0.361848	7.981001	5.346388
TTACGCCGTCTTCATT	Unknow	0.772456	5.285601	5.5481725
TTACGCCGTTCCATTT	Root endodermis	0.973106	-0.797647	4.8069816
TTACGCCTCAATCCGA	Lateral root cap	0.98199	11.205974	8.711229
TTACGTTAGGGCAGTT	Root endodermis	0.864832	-2.2899709	4.557353
TTACGTTCAAGAGTGC	Unknow	0.983804	2.8933048	4.87133
TTACGTTGTTTACACG	Root cap	0.64706	11.111029	3.461046
TTACGTTTCCCTCATG	Lateral root cap	0.984429	13.092148	10.49732
TTACGTTTCGCAATGT	Root cap	0.972396	10.996027	2.7523491
TTACTGTAGGAGACCT	Lateral root cap	0.979259	11.809107	9.109159
TTACTGTAGTGCTACT	Lateral root cap	0.43141	9.471002	4.351958
TTACTGTCACCGTCTT	Lateral root cap	0.939358	4.736063	2.5071309
TTACTGTGTAGGTCAG	Lateral root cap	0.981908	11.500562	8.376055
TTACTGTGTTATAGAG	Root cap	0.50804	10.330935	3.0384364
TTACTGTTCACTGGGC	Columella root cap	0.287927	7.9364843	4.9165688
TTAGGCAAGACATATG	Root stele	0.976543	-0.40309954	8.093505
TTAGGCAAGGAAGTAG	S phase	0.736518	5.973858	2.898616
TTAGGCACAAACTCGT	Unknow	0.500862	6.8515496	7.006479
TTAGGCACACAGCTGC	Root cortex	0.970315	-2.5380049	1.290697
TTAGGCACAGGTTCGC	Lateral root cap	0.917042	12.6287775	10.807294
TTAGGCAGTAGTACGG	Lateral root cap	0.984793	15.735393	9.625811
TTAGGCAGTATCTTCT	Phloem	0.795361	0.06795489	9.695477
TTAGGCAGTCATGCAT	Lateral root cap	0.779932	4.3140893	2.3840203
TTAGGCAGTTCCGCAG	Lateral root cap	0.979583	13.190864	11.06907
TTAGGCATCTTAATCC	Lateral root cap	0.985608	11.445136	9.212164
TTAGGGTAGGCAGCTA	Xylem	0.944128	-3.9200704	6.1046257
TTAGGGTGTAGGATAT	Root endodermis	0.591444	-1.3589965	6.3548713
TTAGGGTGTAGTATAG	Root stele	0.704275	1.6410711	7.4031487
TTAGGGTGTCATACCA	Root stele	0.604432	1.0057878	6.759643
TTAGTCTGTATGCTAC	S phase	0.746449	6.4441514	-0.5974171
TTAGTCTGTGCCCAGT	Lateral root cap	0.883851	9.024188	6.6864014
TTATTGCAGAATCTAG	Root endodermis	0.583604	-3.2266507	4.579803
TTATTGCAGTAGCTCT	Unknow	0.783055	2.284402	3.515648
TTATTGCCACACCGCA	Xylem	0.420756	-3.2913558	6.130077
TTATTGCGTAGACGTG	Root cortex	0.985089	-0.8496543	1.3537467
TTATTGCTCGCTGCGA	Lateral root cap	0.984449	12.468078	8.206616
TTATTGCTCGGACCAC	Root endodermis	0.847183	-0.7338674	4.658949
TTCAATCAGCTAAGTA	Unknow	0.756501	5.3516417	3.894239
TTCAATCCACCCTGTT	Root cortex	0.888015	1.357552	3.483733
TTCAATCGTAGGTAGC	Columella root cap	0.900425	6.50203	5.317034
TTCAATCGTGACGCCT	Root cortex	0.978272	-1.5349089	0.85544086
TTCAATCGTGTTTGCA	Unknow	0.851446	2.9167016	4.0815187
TTCAATCGTTGGCCGT	Lateral root cap	0.990077	14.199509	9.4065
TTCAATCTCCTAACAG	Root stele	0.930018	0.9101796	9.308132
TTCAATCTCGTTATCT	S phase	0.964453	6.245588	2.0577738
TTCAATCTCTTAGCCC	Lateral root cap	0.975403	11.185798	8.954225
TTCACCGAGAGTGGCT	Lateral root cap	0.987163	11.466307	9.176841
TTCACCGAGGACTGGT	Xylem	0.970113	-2.7950702	6.7899446
TTCACCGAGGCGAAGG	Root cortex	0.407714	-4.4592066	2.0130026
TTCACCGAGTACTGGG	Lateral root cap	0.905088	9.252323	7.0898843
TTCACCGCAGCGTTGC	Unknow	0.918131	6.0714626	6.544772
TTCACCGGTAGCGAGT	Root cap	0.525426	11.660139	4.7454395
TTCACCGTCCCAACTC	Root cortex	0.962072	-0.5883392	3.5361729
TTCACGCCACCTCTAC	Root cap	0.936899	9.796613	2.9179375
TTCACGCCAGTACTAC	G1/G0 phase	0.656768	2.0216138	-3.4370096
TTCACGCGTCAACATC	Columella root cap	0.344811	7.866738	4.710249
TTCACGCGTCAACGCC	Lateral root cap	0.965526	10.889607	6.8809557
TTCACGCGTGAGCCAA	Lateral root cap	0.7118	9.143743	5.1828556
TTCACGCTCCCGTGTT	Root cortex	0.667143	-4.1843805	2.3177578
TTCAGGAAGAAACTAC	Root hair	0.988785	3.0247788	-2.9577234
TTCAGGAAGTGCACCC	Lateral root cap	0.919156	9.010396	8.598468
TTCAGGACAATCTCTT	Root cap	0.946364	9.576988	3.0366266
TTCAGGACAATTGTGC	Root stele	0.590065	-1.9048495	7.8924227
TTCAGGACACTGGCCA	Non-hair	0.753524	2.000557	0.60221136
TTCAGGAGTAGGATAT	Lateral root cap	0.879243	9.076387	8.606988
TTCAGGAGTATGCGGA	Lateral root cap	0.939455	10.00638	7.8320065
TTCAGGAGTCTGATCA	Root stele	0.730531	2.0401213	7.653193
TTCAGGAGTTATGTGC	Unknow	0.711244	7.260296	7.46887
TTCAGGATCGAAGGAC	Lateral root cap	0.726576	8.885824	5.453423
TTCAGGATCTCGAGTA	Lateral root cap	0.886325	8.809955	6.5067954
TTCATGTAGAATGTTG	Lateral root cap	0.955332	10.69282	6.4665947
TTCATGTAGGCCCGTT	Lateral root cap	0.985562	13.213702	10.432482
TTCATGTAGTTAACAG	Non-hair	0.929411	2.8467817	1.661495
TTCATGTCACATAGCT	Root stele	0.982396	-0.6624865	8.729199
TTCATGTTCAAGTTGC	Lateral root cap	0.981159	11.81025	8.241769
TTCATTGAGACCCTTA	Lateral root cap	0.956476	10.470513	6.595616
TTCATTGAGAGGATCC	Lateral root cap	0.980012	12.910765	10.684374
TTCATTGAGCACTGGA	Xylem	0.934263	-2.5484614	6.9295387
TTCATTGAGTTTCGGT	Root endodermis	0.422191	-2.9148192	4.344987
TTCATTGCAACCAATC	Lateral root cap	0.987614	13.414797	8.853529
TTCATTGGTGAATGAT	S phase	0.997213	6.433295	1.5474784
TTCATTGGTGTTGATC	Root cap	0.963039	10.594401	2.5476768
TTCATTGTCCGCCTAT	Lateral root cap	0.979296	11.390339	8.6081915
TTCCAATAGAGGGTAA	Lateral root cap	0.957163	11.041535	6.4937663
TTCCAATAGAGTGTGC	Root cortex	0.953428	0.82333064	-1.3862038
TTCCAATCAAACTCTG	Root cortex	0.912279	2.4673417	-0.3209351
TTCCAATGTACGGGAT	Lateral root cap	0.568979	8.603073	4.903283
TTCCAATGTTGGGAAC	Lateral root cap	0.807841	8.895652	5.9620695
TTCCAATTCAAACCCA	Unknow	0.703259	6.902816	6.9084682
TTCCACGAGCTAATGA	Root cortex	0.983609	-0.7648246	1.1434647
TTCCACGAGCTCCCTT	Lateral root cap	0.604211	4.648982	2.2868226
TTCCACGAGGACTATA	Root cortex	0.962398	-0.7635208	3.3907254
TTCCACGAGTGATTCC	Root cortex	0.955777	-1.4099978	2.785066
TTCCACGCAACTGCTA	Xylem	0.456427	-2.652625	6.115167
TTCCACGCATGGATCT	Root cap	0.810215	11.353198	3.7738652
TTCCACGTCCGTGTAA	Lateral root cap	0.93739	11.888384	6.093196
TTCCACGTCTTTCTAG	Lateral root cap	0.894707	8.983114	8.036521
TTCCGGTAGAACAGGA	Lateral root cap	0.909973	8.668622	7.153181
TTCCGGTAGAAGTCAT	Lateral root cap	0.983265	12.3021755	8.751484
TTCCGGTAGCGCAATG	Root stele	0.725344	-1.4077622	7.6950445
TTCCGGTAGTTTCTTC	Xylem	0.864123	-3.0475569	6.750345
TTCCGGTCAAACTGCT	Unknow	0.970877	2.5688474	5.3307967
TTCCGGTCACAATTCG	Root cortex	0.987791	0.1567092	2.0055437
TTCCGGTCACACCGCA	Root cap	0.493979	10.909571	5.1127577
TTCCGGTCATGGCCAC	Lateral root cap	0.9044	10.95526	6.643187
TTCCGGTGTGTCATCA	Root stele	0.97579	-0.75218594	8.899618
TTCCGGTTCCGCTTAC	Root endodermis	0.724822	0.2426255	6.403579
TTCCGGTTCCGTATGA	Lateral root cap	0.650021	3.1322987	3.7459083
TTCCGGTTCTCCTACG	Lateral root cap	0.987191	13.194802	9.312011
TTCCGTGAGAAGGATG	Lateral root cap	0.93697	12.027927	6.946316
TTCCGTGAGAAGTGTT	Lateral root cap	0.751528	11.175414	5.366368
TTCCGTGAGAATTGTG	Lateral root cap	0.469291	8.717143	4.697015
TTCCGTGAGATGACCG	Root cortex	0.803191	0.5470788	4.324347
TTCCGTGAGCAGATAT	Non-hair	0.548952	2.1425133	-1.4190564
TTCCGTGAGCGTGCTC	Root endodermis	0.46324	-0.06442054	4.99734
TTCCGTGGTATGCGTT	Root cap	0.349165	8.745495	3.5680757
TTCCGTGTCAAGATAG	Unknow	0.816449	6.40066	5.949534
TTCCTAAAGGTGCTTT	Root stele	0.970708	0.57031095	7.5800114
TTCCTAAGTAGCTAAA	Non-hair	0.848182	3.1887286	0.71135795
TTCCTAAGTATGCTTG	Lateral root cap	0.916637	10.417833	9.86717
TTCCTAAGTGCCTAAT	S phase	0.901377	5.985445	2.674195
TTCCTAATCAGGACGA	Lateral root cap	0.920724	11.864011	5.986806
TTCCTAATCTGGGTCG	Lateral root cap	0.971473	11.497236	7.9026027
TTCCTCTAGATTGGGC	Root cortex	0.92175	-1.0792092	3.5642192
TTCCTCTCACGCGTGT	Root cortex	0.963643	-1.0597856	3.0044835
TTCCTCTGTATGAGAT	Unknow	0.910811	3.3189006	4.013203
TTCCTTCAGATGTAGT	Lateral root cap	0.979868	12.956548	10.746423
TTCCTTCAGGTTCTTG	Root cortex	0.483707	2.5985014	1.9632713
TTCCTTCGTGACTCTA	Non-hair	0.971679	3.33682	0.9755135
TTCCTTCTCAAGTAAG	Root cortex	0.98151	-0.33971235	0.6243442
TTCGATTAGAGTGACC	Root cortex	0.336374	-3.370759	3.5518637
TTCGATTCACCATATG	S phase	0.913503	6.4890423	2.6189795
TTCGATTGTATACGGG	Lateral root cap	0.979793	12.894689	9.749031
TTCGATTGTCAAACGG	Root stele	0.978851	-0.050345954	7.7696314
TTCGATTGTCGGATTT	Root cortex	0.519258	2.7673562	-0.26895183
TTCGATTGTCTAACTG	Root cap	0.914251	10.398918	2.879208
TTCGATTGTTTAGAGA	Root cortex	0.988027	-0.7233209	2.1529028
TTCGATTTCAGGGTAG	Lateral root cap	0.950739	8.865201	8.144707
TTCGATTTCCCATTCG	Lateral root cap	0.982059	12.6362505	7.5508094
TTCGCTGCAACATCGT	S phase	0.919135	7.0019817	0.40512976
TTCGCTGCAGCTTCGG	Columella root cap	0.426219	8.088496	4.1743817
TTCGCTGTCCGAGCTG	Columella root cap	0.578335	7.8300633	5.156687
TTCGCTGTCTGTCGCT	Non-hair	0.883952	4.285458	0.9447899
TTCGGTCAGAAGAACG	Root cap	0.985876	9.2395115	1.8867315
TTCGGTCAGGATGAGA	Root cap	0.856351	10.928776	3.2866015
TTCGGTCCAATGAACA	Root cortex	0.511483	1.7558589	0.67558396
TTCGGTCCAGTCGAGA	Root cortex	0.989038	0.3433683	1.6207783
TTCGGTCGTGTAAATG	Root cortex	0.78089	1.8765377	0.13068521
TTCGGTCTCAAGCCTA	Root stele	0.978671	0.3933122	7.656584
TTCTAACAGGTATCTC	Unknow	0.99138	3.784348	5.1856775
TTCTAACCAAGCTCTA	Root cortex	0.583699	1.6266544	-1.0131522
TTCTAACCACAAGTGG	Root stele	0.975529	0.9521889	8.172016
TTCTAACCAGAATTCC	Root stele	0.90438	1.1604921	7.9609504
TTCTAACGTTTCTTAC	Lateral root cap	0.470066	8.38999	4.7617893
TTCTAACTCCGAAGGA	Root cortex	0.984942	0.40485063	1.46604
TTCTAACTCGAGGCAA	Lateral root cap	0.881864	10.332191	5.6839604
TTCTAGTCAGCTATTG	Lateral root cap	0.982642	13.874796	9.93405
TTCTAGTCATCGAAGG	Root stele	0.907021	0.2844568	7.0333333
TTCTAGTCATTAAGCC	Lateral root cap	0.738523	8.894781	6.369354
TTCTAGTGTATCGAGG	Unknow	0.764211	5.519734	3.6441836
TTCTAGTTCATGAGAA	Root cortex	0.536671	-0.23008874	4.542547
TTCTAGTTCCATCTGC	Root endodermis	0.67673	1.4466057	5.199823
TTCTAGTTCCCTAGGG	Root cap	0.555947	10.928645	4.3093033
TTCTAGTTCGCTCTCA	Root cortex	0.604594	1.8925378	1.0380483
TTCTAGTTCTGAGGTT	Xylem	0.834241	-3.4686327	5.4018297
TTCTCTCAGCACCAGA	Root stele	0.974901	-0.2617859	8.124482
TTCTCTCAGCGCCTAC	Lateral root cap	0.975094	10.69314	7.5944743
TTCTCTCAGTCTGCAT	Lateral root cap	0.989614	15.644493	9.578228
TTCTCTCCACACAGAG	Root cortex	0.983193	-0.37468213	-0.05777877
TTCTCTCCACTGATTG	Lateral root cap	0.969574	10.501807	6.7164254
TTCTCTCCAGAGGCTA	Root cortex	0.982233	-0.67987823	3.0971045
TTCTGTAAGAAGCTCG	Unknow	0.564349	5.3355627	3.7574582
TTCTGTAAGGAACGAA	Root cortex	0.991008	0.009363673	2.8066163
TTCTGTAAGGGTTAGC	Lateral root cap	0.534246	7.161337	6.8378177
TTCTGTACATGAAAGT	Root stele	0.925639	0.40285793	9.41516
TTCTGTACATGGAATA	Root cap	0.830777	8.287905	2.7116587
TTCTGTATCCACGTCT	Xylem	0.301372	-3.504207	4.40206
TTCTGTATCGTCAACA	Root cortex	0.96692	0.7115137	-0.6273297
TTCTGTATCTCCATAT	Root stele	0.91516	0.89880663	6.9756975
TTCTTCCAGAGCCGTA	Unknow	0.992858	3.1667545	4.940341
TTCTTCCAGTAGAATC	Lateral root cap	0.896588	9.435318	6.044916
TTCTTCCGTATCGGTT	Root cap	0.354282	8.732661	4.1016626
TTCTTCCTCGACGACC	Lateral root cap	0.777666	8.106378	6.4190526
TTCTTGAAGCACCCAC	Root cortex	0.986749	0.5475612	1.4074454
TTCTTGACAATATCCG	Root cortex	0.930634	-3.3917289	0.97295904
TTCTTGACACAGAGAC	Columella root cap	0.498929	6.6938057	5.4338884
TTCTTGACACATTCTT	Root endodermis	0.645335	-1.1243858	4.3373485
TTCTTGACACGACGAA	Root cortex	0.960067	0.56882614	-1.3417168
TTCTTGACACGTGTGC	Lateral root cap	0.884852	10.587271	10.088785
TTCTTGAGTCGCAACC	Lateral root cap	0.909805	9.620191	7.1525903
TTCTTGATCTTCGACC	Root cortex	0.978926	0.6139431	1.2419003
TTGAACGAGGGAGTGG	Root cap	0.988125	9.864161	1.430224
TTGAACGCAATCTAGC	Unknow	0.656003	2.801671	6.8990154
TTGAACGGTCGGAACA	Root hair	0.941966	2.6549304	-2.4577823
TTGAACGGTTGGCCTG	Root endodermis	0.693754	-0.067432374	4.8867574
TTGAACGTCGACATAC	Root cortex	0.947894	-3.0543208	1.28439
TTGAACGTCGATTGGT	Root cortex	0.487253	2.7757883	-0.20421994
TTGACCCAGTCGCCCA	Unknow	0.524566	1.6630839	4.267016
TTGACCCCAATAACCC	Lateral root cap	0.810354	9.804555	5.667273
TTGACCCCACAGTGTT	Lateral root cap	0.755283	9.115161	5.4663596
TTGACCCCACCATAAC	Root cortex	0.740595	-2.6866612	2.7897875
TTGACCCGTGTAAACA	Root cortex	0.558815	-2.993968	2.7985597
TTGACCCTCGTTCAGA	Root cortex	0.900975	1.0947188	2.5723038
TTGACCCTCTCGTCGT	Lateral root cap	0.926469	9.49708	7.738453
TTGACCCTCTTGGTCC	Root cortex	0.888865	1.3943297	0.70410204
TTGAGTGAGACGTCGA	Unknow	0.748218	3.0100896	6.487692
TTGAGTGAGAGAGTTT	Root cap	0.928946	10.363851	2.872443
TTGAGTGAGGAAAGGT	Root cortex	0.952696	0.057011906	-0.07645758
TTGAGTGAGGTCATCT	Lateral root cap	0.970785	12.525151	10.766203
TTGAGTGCAACAGTGG	Lateral root cap	0.91246	11.233169	6.5409265
TTGAGTGCAAGACCGA	Root cortex	0.537141	1.6304837	-1.6512964
TTGAGTGCAGAAATTG	Root cortex	0.744753	-4.062381	1.2388538
TTGAGTGCATCTCCCA	Columella root cap	0.399561	7.847645	4.7721305
TTGAGTGGTTTCTTAC	Root stele	0.944479	1.3043084	8.966734
TTGAGTGTCGCCGAAC	Root endodermis	0.786137	1.7231685	5.2906146
TTGAGTGTCTCTGCTG	Root cortex	0.966646	-1.7751366	-0.37427002
TTGAGTGTCTTCTCAA	Root cortex	0.98369	-0.61654437	1.4087965
TTGATGGAGACGATAT	S phase	0.797886	6.423443	-0.4740865
TTGATGGAGAGTGTGC	Root cortex	0.72397	-4.162149	1.1290338
TTGATGGAGGGTGAAA	Lateral root cap	0.977462	11.591475	10.540537
TTGATGGAGGTCATAA	Root endodermis	0.967267	-1.5825279	5.5757914
TTGATGGCACGACAAG	Non-hair	0.506045	7.3893723	5.0777354
TTGATGGCACGCGCTA	Root stele	0.96847	0.95325273	7.7656436
TTGATGGGTATGAGCG	Lateral root cap	0.973041	10.785434	8.070086
TTGATGGGTTAAGGAT	Lateral root cap	0.981856	13.219813	11.073099
TTGATGGGTTTGAAAG	Root cortex	0.72021	2.5233507	-0.0833311
TTGATGGTCAGCCTCT	Unknow	0.982769	3.3536403	5.8267636
TTGATGGTCGCCGAAC	Lateral root cap	0.989022	11.79409	9.172852
TTGATGGTCGTTCCCA	Root cortex	0.936169	0.29799557	0.57660306
TTGCATTAGTGCCGAA	Root cortex	0.880785	1.9746343	0.15055926
TTGCATTCAGCTTCGG	Root stele	0.915675	-1.6227382	8.630544
TTGCATTGTCTTCAAG	Root cortex	0.945318	-0.5815952	3.34911
TTGCATTGTGCAACGA	Lateral root cap	0.982699	12.323565	8.683536
TTGCATTGTGTTTGCA	Lateral root cap	0.984969	13.697665	10.853323
TTGCATTTCCAATCTT	Lateral root cap	0.968443	9.365289	7.926735
TTGCCTGAGACTCATC	Lateral root cap	0.960842	9.951437	7.4730864
TTGCCTGAGCATCCTA	Root endodermis	0.396954	0.4603199	6.0887413
TTGCCTGAGCCTCACG	Lateral root cap	0.988219	14.007447	9.289638
TTGCCTGAGTCCTGCG	Lateral root cap	0.762618	8.347902	7.5814447
TTGCCTGCAAAGGTTA	Lateral root cap	0.978539	12.689258	7.4967465
TTGCCTGCAACAGCTT	Root endodermis	0.905563	-1.7850437	5.7118497
TTGCCTGCAAGTTGGG	Root cap	0.485979	8.462468	4.207116
TTGCCTGCAGCTACAT	Root cap	0.869426	10.524755	3.8060517
TTGCCTGGTTAAGACA	Root cortex	0.984871	0.36904016	1.596393
TTGCCTGTCTAACGGT	Xylem	0.987061	-3.8841956	6.6083493
TTGCCTGTCTCGTGAA	Root stele	0.917051	1.6320611	7.89936
TTGCCTGTCTGGAGAG	Root cap	0.380565	8.132944	1.6670312
TTGCGTCCAGACATCT	Root stele	0.920101	-1.5963055	8.383868
TTGCGTCCAGATACCT	Columella root cap	0.39226	7.1457386	5.9554462
TTGCGTCCAGGCACAA	Lateral root cap	0.985668	13.963329	10.240416
TTGCGTCGTAACGGTG	Unknow	0.479517	6.350164	3.2242382
TTGCGTCGTCATCAGT	Root cortex	0.933851	0.8951517	-1.1144348
TTGCGTCTCTCCATAT	Non-hair	0.622521	2.5970373	-0.20863779
TTGCGTCTCTGAGATC	Root cap	0.681855	11.702684	4.231014
TTGCGTCTCTTCGACC	Root stele	0.864766	1.4916248	7.2577477
TTGCTGCAGCACGTCC	Root stele	0.637215	-1.1859008	7.6571856
TTGCTGCAGCTCTTCC	Unknow	0.854194	3.2403135	3.9228597
TTGCTGCAGGGACTGT	Lateral root cap	0.93002	9.626756	7.236044
TTGCTGCGTGTTTCTT	Unknow	0.447896	3.272648	3.730669
TTGCTGCGTTCCACGG	Root cortex	0.983764	-0.4012546	2.9203472
TTGCTGCTCGGCCCAA	Lateral root cap	0.90077	8.794427	7.9162016
TTGGATGAGCAACAGC	Lateral root cap	0.72932	8.225193	6.5711765
TTGGATGCACAGCATT	Non-hair	0.992349	3.9766366	0.3285428
TTGGATGCAGAATGTA	Root endodermis	0.666264	0.7770615	5.565854
TTGGATGGTTCCGCGA	S phase	0.992832	6.3222275	1.6156867
TTGGATGTCTGGGTCG	Lateral root cap	0.981316	12.695804	8.304314
TTGGGATAGTCCTGCG	Lateral root cap	0.972941	13.445687	8.949318
TTGGGATCACCTGTCT	Root cortex	0.972263	-1.1069467	2.804586
TTGGGATCAGTGACCC	Non-hair	0.407356	8.637587	4.5775604
TTGGGATGTGTCCATA	Root stele	0.945154	0.3093448	7.0984473
TTGGGATTCTGAGGCC	Non-hair	0.98916	3.845428	0.5946412
TTGGGCGAGCTCGTGC	Xylem	0.410898	-3.3310335	5.199308
TTGGGCGAGCTCTGTA	Root stele	0.803058	1.4590834	7.0328593
TTGGGCGCACTTGTGA	Root hair	0.801714	5.992725	-0.94813687
TTGGGCGGTGATACCT	Lateral root cap	0.884725	9.011401	6.246626
TTGGGCGGTGTTGACT	Lateral root cap	0.453833	8.002245	4.843472
TTGGGCGGTTGCACGC	Unknow	0.570068	5.054135	4.9442954
TTGGGCGTCGATAACC	S phase	0.841289	6.4993443	-0.36097318
TTGGGTAAGGTCACAG	S phase	0.686063	6.61334	2.7319977
TTGGGTAAGTGGAAAG	Root endodermis	0.500327	0.18809485	5.1901364
TTGGGTAGTAAGGAGA	Root endodermis	0.582264	1.4934983	4.7448564
TTGGTTTAGCACGTCC	Lateral root cap	0.985683	13.846896	10.203706
TTGGTTTAGTTGTCGT	Root cortex	0.969693	-0.16321145	-0.481571
TTGGTTTCAAGTATCC	S phase	0.975496	6.488598	0.65377307
TTGGTTTCAGCGAGTA	Root cortex	0.989481	0.083099455	1.6854551
TTGGTTTTCCGTACGG	Lateral root cap	0.943249	12.087125	5.9830456
TTGGTTTTCGAATGCT	Xylem	0.516612	-2.7817318	5.680388
TTGTGGAAGTATAGAC	Lateral root cap	0.814858	8.069345	7.1202264
TTGTGGAGTTGTCAGT	Root stele	0.533415	-1.0868614	7.8921266
TTGTGGATCCCGTGTT	Root cortex	0.981936	-0.035453934	0.3882086
TTGTGGATCCTTCTGG	Root hair	0.787548	6.0239496	-0.9437728
TTGTGGATCTATACTC	Non-hair	0.886868	3.2271955	-0.15811175
TTGTGTTAGCAGGCTA	Root stele	0.97575	0.99977833	8.081781
TTGTGTTAGGTCACCC	Lateral root cap	0.979401	11.361143	8.894605
TTGTGTTGTAGGACCA	Xylem	0.878085	-2.32401	7.085701
TTGTGTTGTCCAAAGG	Lateral root cap	0.95172	11.999846	7.108008
TTGTGTTGTGCTCGTG	Lateral root cap	0.988138	14.514285	10.166779
TTGTTCAAGACGATAT	Lateral root cap	0.982872	12.802047	7.6317987
TTGTTCAAGAGTGTTA	Root stele	0.842032	-0.051438164	6.7086754
TTGTTCAAGGGTACAC	Root cortex	0.957655	-2.4359214	0.5778851
TTGTTCAAGTACCCTA	Lateral root cap	0.644349	3.580953	2.537906
TTGTTCATCGGAACTT	Root stele	0.895432	1.8116727	7.9056
TTGTTGTAGCGAGGAG	Non-hair	0.540323	6.0577183	0.46888593
TTGTTGTAGCTGTGCC	Unknow	0.964104	3.329603	6.2721496
TTGTTGTAGGTGCTAG	Unknow	0.936134	2.299104	6.5319114
TTGTTGTCACATGAAA	Lateral root cap	0.668736	8.482307	8.0985
TTGTTGTCAGAGTGAC	Root stele	0.459546	2.208785	7.446305
TTGTTGTCATGACGGA	Lateral root cap	0.99045	13.597077	8.364283
TTGTTGTGTGGTATGG	Lateral root cap	0.955902	9.945528	7.470007
TTGTTGTGTTATAGCC	Lateral root cap	0.944492	10.603624	6.1218295
TTGTTGTGTTCTCTCG	Root cortex	0.977494	-2.3634622	0.31966186
TTGTTGTTCCCTAGGG	Lateral root cap	0.989006	14.353481	9.018014
TTGTTGTTCTATTGTC	Lateral root cap	0.985865	12.971179	7.9940867
TTGTTGTTCTGGACCG	Root cortex	0.874371	-3.2985723	1.7741176
TTGTTTGCAATTGCAC	Lateral root cap	0.987594	14.302314	9.912631
TTGTTTGCATCAGTGT	Lateral root cap	0.987883	13.488698	8.157228
TTGTTTGTCATGACAC	Unknow	0.63249	1.7719566	6.4505324
TTTACCAAGACCTGGA	Root hair	0.991095	3.5393221	-2.5920024
TTTACCAAGCAGGCAT	Lateral root cap	0.974168	13.812071	10.752511
TTTACCACAATCTCTT	Xylem	0.845083	-2.2978356	7.112995
TTTACCAGTAAGCAAT	Root cortex	0.895663	1.0296819	-0.9213674
TTTACCAGTCCTCCTA	Root cortex	0.984493	0.12573536	1.1270021
TTTACCAGTTAAAGTG	Lateral root cap	0.982874	14.033327	8.897617
TTTACCATCACAAGAA	Root cap	0.693874	9.620812	3.9972167
TTTACGTAGATACATG	Lateral root cap	0.756279	12.037664	5.5415063
TTTACGTCAAGTGATA	Root endodermis	0.609221	-0.06536503	5.2266235
TTTACGTCAGACCATT	Lateral root cap	0.982532	12.98342	9.464518
TTTACGTGTCACTCAA	S phase	0.956584	6.6902266	-0.2215883
TTTACGTGTCGGTGTC	Lateral root cap	0.862707	3.965227	3.2729754
TTTACTGAGCTTTGTG	Unknow	0.719054	5.464195	5.414905
TTTACTGAGTTCATCG	Unknow	0.429961	6.753726	5.690327
TTTACTGCAAACAGGC	Lateral root cap	0.981166	13.463572	8.605697
TTTACTGCATGGGTTT	Root stele	0.869816	1.8804003	8.369008
TTTACTGTCAACACGT	Lateral root cap	0.777503	11.25444	5.3564324
TTTACTGTCAAGGTGG	Lateral root cap	0.907136	9.682939	5.964447
TTTACTGTCCATACAG	Lateral root cap	0.975359	11.053182	10.114351
TTTACTGTCCATCTCG	Non-hair	0.954377	3.871571	0.46998954
TTTACTGTCTCCACTG	Lateral root cap	0.973497	10.437452	8.010402
TTTACTGTCTGCATGA	Lateral root cap	0.984009	13.378748	7.9549775
TTTAGTCAGCCTCACG	Xylem	0.690095	-1.4402797	7.4803343
TTTAGTCAGGTTAGTA	Root stele	0.586223	0.89816743	9.620623
TTTAGTCCAAATACGA	Unknow	0.778837	3.2597759	3.844465
TTTAGTCCACAACATC	Root cortex	0.971839	-2.2681806	0.19398959
TTTAGTCCACAATCTG	Lateral root cap	0.975577	10.823486	7.0860896
TTTAGTCCATTGAAAG	Lateral root cap	0.988266	14.279328	9.793126
TTTAGTCGTGCGACAA	Root cortex	0.561763	-4.0731072	2.4591413
TTTAGTCTCGACATTG	Root cortex	0.920947	-2.117511	2.1929846
TTTATGCTCGTGGTAT	Non-hair	0.919668	3.2530687	-0.23666056
TTTATGCTCGTTAGTG	Non-hair	0.638178	3.4522288	1.8424776
TTTCACAAGAACTTCC	Root cortex	0.979471	-2.1128788	0.65708286
TTTCACAAGCCTCAGC	Root cortex	0.957327	0.216824	2.8454165
TTTCACAAGGTTCACT	Root cap	0.889485	8.912255	2.1170273
TTTCACAAGGTTCTTG	Root hair	0.982789	2.9989805	-3.2360535
TTTCACAAGTGTAGTA	Lateral root cap	0.476309	3.3338985	2.5791383
TTTCACACATCGTGCG	Root cap	0.574571	11.553161	4.3671
TTTCACACATTGCTGA	Root cortex	0.946643	-3.2842417	0.47521234
TTTCACAGTCGAACAG	Root hair	0.943504	2.3887892	-3.1170619
TTTCACAGTGTACGCC	Root cortex	0.603055	1.690133	0.4209862
TTTCACAGTTGCTAGT	Root cortex	0.957285	0.60372216	2.6721363
TTTCACATCGCTTGCT	Lateral root cap	0.971988	11.272731	10.251407
TTTCACATCTACCCAC	S phase	0.997159	6.4730163	1.5863695
TTTCACATCTTAATCC	Lateral root cap	0.575218	9.009595	4.948409
TTTCAGTAGCTTACGT	Root endodermis	0.757681	-2.8981416	4.5630355
TTTCAGTAGGCCCGTT	Root cortex	0.971734	-2.492514	1.2724988
TTTCAGTCATTGTCGA	Unknow	0.610865	7.0659456	6.2485466
TTTCAGTGTGCGTTTA	Root stele	0.954048	-0.4493212	8.339866
TTTCAGTGTTTCTATC	S phase	0.969253	6.1041255	2.3886166
TTTCAGTTCGACCTAA	Root cortex	0.898895	1.1299232	-1.1680449
TTTCAGTTCTACTATC	Root cortex	0.988765	0.53016335	0.09688884
TTTCATGAGGCTTAAA	Lateral root cap	0.982213	11.803235	7.2731924
TTTCATGAGTGGATTA	Root endodermis	0.319585	-3.2104983	4.8275113
TTTCATGAGTTACTCG	Root endodermis	0.780325	-2.8813415	5.106984
TTTCATGTCCGTAGGC	Lateral root cap	0.425896	9.513955	4.0608225
TTTCATGTCGTTCTGC	Root stele	0.947705	0.557197	7.0523314
TTTCCTCCAGCACCCA	Unknow	0.521141	1.5584269	6.0707498
TTTCCTCCATGGGAAC	Lateral root cap	0.942044	11.599244	5.7114058
TTTCCTCTCAAGAAAC	Lateral root cap	0.548709	3.6156259	2.413024
TTTCCTCTCCCTGGTT	Root endodermis	0.901	1.1920408	5.250355
TTTCCTCTCCGATCGG	Lateral root cap	0.965534	11.056657	10.118917
TTTCCTCTCCGTCCTA	Root stele	0.444655	1.368654	6.2793226
TTTCCTCTCTCAGGCG	Non-hair	0.989291	3.5190022	-0.12986532
TTTCGATCAGAGGCAT	Lateral root cap	0.953269	11.411114	7.1603518
TTTCGATGTCCTTGTC	Lateral root cap	0.988664	13.820212	9.89968
TTTCGATGTCGAACGA	Root cortex	0.97652	-2.2055266	0.15779923
TTTCGATGTCTAATCG	Root cortex	0.754427	-0.6747103	4.601023
TTTCGATGTCTTAGTG	Root endodermis	0.797445	-1.9433634	5.7169814
TTTCGATGTTGGACCC	Lateral root cap	0.983192	11.190192	8.963593
TTTCGATTCATGCGGC	Root stele	0.960686	0.09665645	8.909129
TTTCGATTCGCTACAA	Root cortex	0.667757	2.4987178	-0.12651256
TTTCGATTCGCTTACC	Root endodermis	0.861723	-1.5873454	5.9373727
TTTGACTAGAGGGTCT	Root cortex	0.967745	-0.45162025	1.214434
TTTGACTAGCGCCTCA	Lateral root cap	0.652902	9.391493	5.0885587
TTTGACTCAAGTGACG	Root cortex	0.963315	0.48140797	1.1696801
TTTGACTCAGCACAGA	Lateral root cap	0.907362	11.107986	6.595237
TTTGACTCATGACTAC	Lateral root cap	0.909191	9.315402	6.520559
TTTGACTCATTAAGCC	Root cortex	0.313352	-3.3799663	3.739447
TTTGACTGTGACTCTA	Root hair	0.985382	2.9288347	-3.133221
TTTGACTGTTGGGTAG	Root stele	0.979358	-0.5781903	8.932413
TTTGACTTCGGTTAGT	Root stele	0.650184	-1.3822626	6.4325676
TTTGATCAGAATGTTG	Lateral root cap	0.591743	10.07342	4.96131
TTTGATCAGGTCGTAG	Lateral root cap	0.522846	7.905681	6.309311
TTTGATCCACTATGTG	S phase	0.861513	6.4334264	-0.7878107
TTTGGAGAGAAGTATC	Lateral root cap	0.985863	12.79785	8.884839
TTTGGAGAGAGCCGTA	Root cortex	0.952136	-2.6073124	0.6545372
TTTGGAGAGATGTTCC	Non-hair	0.864553	2.9666204	0.8889313
TTTGGAGAGCCTGACC	Lateral root cap	0.62275	11.336092	4.6191998
TTTGGAGAGCGACTTT	Lateral root cap	0.969921	12.644547	11.143208
TTTGGAGCAATTTCTC	Root cortex	0.737148	-3.8668485	2.3309171
TTTGGAGGTGCCCGTA	Xylem	0.628569	-3.8023763	4.6204495
TTTGGAGTCCAATGCA	Root stele	0.868034	-0.17724217	7.3799334
TTTGGTTAGCAGCCCT	Columella root cap	0.433019	7.2866	5.1990137
TTTGGTTCAAGTTTGC	Non-hair	0.479271	2.1408658	1.0855955
TTTGGTTCACTTGACA	Root cortex	0.907133	1.2210827	0.6840636
TTTGGTTCATCATCCC	Columella root cap	0.725396	6.4235454	5.442186
TTTGGTTCATGGGTCC	Lateral root cap	0.707627	7.8676844	6.26974
TTTGGTTGTGTCCCTT	Lateral root cap	0.543635	7.689444	6.675037
TTTGGTTTCCAATGCA	Lateral root cap	0.973011	10.319195	7.844152
TTTGGTTTCTCATTTG	Root cap	0.513148	9.551899	4.2857203
TTTGGTTTCTGCTTAT	Root hair	0.98862	3.1357641	-2.8087218
TTTGTTGAGAGTCTGG	G1/G0 phase	0.495064	0.85188204	-2.268315
TTTGTTGAGGTTCACT	Xylem	0.54381	-3.7873452	4.7805195
TTTGTTGCAATCTCGA	Root cortex	0.837077	-3.8966124	1.3181381
TTTGTTGCACCAACAT	Lateral root cap	0.983218	14.010325	10.449592
TTTGTTGCAGAAACCG	Lateral root cap	0.68314	8.026517	6.144348
TTTGTTGCATTCTCTA	Lateral root cap	0.443378	5.250757	5.393726
TTTGTTGTCGTAGCTA	Root hair	0.640627	1.6642517	-2.4811463
TTTGTTGTCTAAGGAA	Root stele	0.871537	1.4308116	8.309285
