cell_id,cell_index,fine_label,fine_confidence,coarse_label,coarse_confidence
scplantdb_CRA002977_1:CRX125602@@_AAACCTGGTGCACTTA-1,0,Leaf pavement cell,0.954526,Leaf pavement cell,0.953002
scplantdb_CRA002977_1:CRX125602@@_AAAGATGTCGCCATAA-1,1,Xylem,0.513961,Xylem,0.491332
scplantdb_CRA002977_1:CRX125602@@_AACCATGCACCAACCG-1,2,Phloem parenchyma,0.791759,Phloem parenchyma,0.792273
scplantdb_CRA002977_1:CRX125602@@_AACCATGCACTTAAGC-1,3,Mesophyll,0.701179,Mesophyll,0.614348
scplantdb_CRA002977_1:CRX125602@@_AACCATGGTGTGCGTC-1,4,Xylem,0.583589,Xylem,0.565946
scplantdb_CRA002977_1:CRX125602@@_AACCATGTCCTTTCGG-1,5,Leaf pavement cell,0.692251,Leaf pavement cell,0.706411
scplantdb_CRA002977_1:CRX125602@@_AACCATGTCTCTGTCG-1,6,Xylem,0.508287,Xylem,0.513424
scplantdb_CRA002977_1:CRX125602@@_AACTCCCCACGGTAGA-1,7,Mesophyll,0.444141,Mesophyll,0.410728
scplantdb_CRA002977_1:CRX125602@@_AACTCTTTCGAACTGT-1,8,Leaf pavement cell,0.965987,Leaf pavement cell,0.949843
scplantdb_CRA002977_1:CRX125602@@_AAGACCTGTCGAGTTT-1,9,Leaf pavement cell,0.823492,Leaf pavement cell,0.832086
scplantdb_CRA002977_1:CRX125602@@_ACATACGTCCTCTAGC-1,10,Mesophyll,0.676722,Mesophyll,0.646084
scplantdb_CRA002977_1:CRX125602@@_ACCGTAAAGCACGCCT-1,11,Mesophyll,0.713571,Mesophyll,0.646186
scplantdb_CRA002977_1:CRX125602@@_ACCTTTAGTGTGAATA-1,12,Leaf pavement cell,0.971603,Leaf pavement cell,0.967387
scplantdb_CRA002977_1:CRX125602@@_ACGAGGATCTCTAAGG-1,13,Mesophyll,0.692596,Mesophyll,0.639418
scplantdb_CRA002977_1:CRX125602@@_ACGCAGCAGCGATCCC-1,14,Leaf pavement cell,0.867560,Leaf pavement cell,0.857450
scplantdb_CRA002977_1:CRX125602@@_ACGGAGAAGATGTAAC-1,15,Mesophyll,0.635337,Mesophyll,0.569622
scplantdb_CRA002977_1:CRX125602@@_ACGTCAAAGGAACTGC-1,16,Leaf pavement cell,0.812373,Leaf pavement cell,0.819246
scplantdb_CRA002977_1:CRX125602@@_ACTATCTGTAGAAAGG-1,17,Phloem parenchyma,0.792268,Phloem parenchyma,0.769045
scplantdb_CRA002977_1:CRX125602@@_ACTGCTCAGCTGGAAC-1,18,Xylem,0.811925,Xylem,0.811933
scplantdb_CRA002977_1:CRX125602@@_ACTTACTGTACCATCA-1,19,Phloem parenchyma,0.753543,Phloem parenchyma,0.696290
scplantdb_CRA002977_1:CRX125602@@_ACTTTCACACAAGCCC-1,20,Leaf guard cell,0.977728,Leaf guard cell,0.974164
scplantdb_CRA002977_1:CRX125602@@_AGACGTTAGATCTGAA-1,21,Mesophyll,0.791116,Mesophyll,0.775726
scplantdb_CRA002977_1:CRX125602@@_AGCCTAAGTACAAGTA-1,22,Xylem,0.878590,Xylem,0.866620
scplantdb_CRA002977_1:CRX125602@@_AGCCTAATCCCTTGTG-1,23,Mesophyll,0.448715,Xylem,0.422019
scplantdb_CRA002977_1:CRX125602@@_AGCTCCTAGTCAAGCG-1,24,Mesophyll,0.663792,Mesophyll,0.592496
scplantdb_CRA002977_1:CRX125602@@_AGCTCTCGTAGCGTCC-1,25,Leaf guard cell,0.983933,Leaf guard cell,0.979888
scplantdb_CRA002977_1:CRX125602@@_AGCTCTCGTTTGGGCC-1,26,Mesophyll,0.669817,Mesophyll,0.576505
scplantdb_CRA002977_1:CRX125602@@_AGCTCTCTCAAACAAG-1,27,Mesophyll,0.740913,Mesophyll,0.698722
scplantdb_CRA002977_1:CRX125602@@_AGGGAGTCATGAGCGA-1,28,Mesophyll,0.444445,Mesophyll,0.431239
scplantdb_CRA002977_1:CRX125602@@_AGGGAGTTCGCTGATA-1,29,Leaf pavement cell,0.910941,Leaf pavement cell,0.908683
scplantdb_CRA002977_1:CRX125602@@_AGGGTGATCCAAACTG-1,30,Mesophyll,0.458015,Mesophyll,0.363110
scplantdb_CRA002977_1:CRX125602@@_AGTGGGAAGTCAATAG-1,31,Xylem,0.608930,Xylem,0.627489
scplantdb_CRA002977_1:CRX125602@@_ATAAGAGGTGCCTGGT-1,32,Mesophyll,0.451281,Xylem,0.458506
scplantdb_CRA002977_1:CRX125602@@_ATCCACCGTTCCACTC-1,33,Leaf pavement cell,0.798295,Leaf pavement cell,0.765039
scplantdb_CRA002977_1:CRX125602@@_ATCGAGTTCCGAACGC-1,34,Xylem,0.527722,Xylem,0.544857
scplantdb_CRA002977_1:CRX125602@@_ATGAGGGAGCGATATA-1,35,Xylem,0.661512,Xylem,0.712334
scplantdb_CRA002977_1:CRX125602@@_ATGAGGGCACCGTTGG-1,36,Xylem,0.413858,Xylem,0.348054
scplantdb_CRA002977_1:CRX125602@@_ATGCGATAGTGAACGC-1,37,Mesophyll,0.680570,Mesophyll,0.631225
scplantdb_CRA002977_1:CRX125602@@_ATGTGTGAGAAGGGTA-1,38,Mesophyll,0.441091,Xylem,0.476021
scplantdb_CRA002977_1:CRX125602@@_ATTACTCGTTCGTTGA-1,39,Xylem,0.848160,Xylem,0.833019
scplantdb_CRA002977_1:CRX125602@@_ATTATCCTCTTGTATC-1,40,Xylem,0.916001,Xylem,0.894345
scplantdb_CRA002977_1:CRX125602@@_ATTTCTGGTCACAAGG-1,41,Xylem,0.933417,Xylem,0.916556
scplantdb_CRA002977_1:CRX125602@@_CAACCAAAGGAATGGA-1,42,Xylem,0.711249,Xylem,0.721867
scplantdb_CRA002977_1:CRX125602@@_CAACCTCAGCTGTTCA-1,43,Mesophyll,0.689528,Mesophyll,0.615437
scplantdb_CRA002977_1:CRX125602@@_CAACCTCGTGCACGAA-1,44,Leaf guard cell,0.977026,Leaf guard cell,0.966739
scplantdb_CRA002977_1:CRX125602@@_CAACCTCTCCCACTTG-1,45,Xylem,0.885539,Xylem,0.864817
scplantdb_CRA002977_1:CRX125602@@_CAAGAAAAGCCGGTAA-1,46,Leaf pavement cell,0.885455,Leaf pavement cell,0.884657
scplantdb_CRA002977_1:CRX125602@@_CAAGATCTCCATGAAC-1,47,Companion cell,0.526010,Companion cell,0.583633
scplantdb_CRA002977_1:CRX125602@@_CAAGTTGGTCGAGTTT-1,48,Xylem,0.857907,Xylem,0.832614
scplantdb_CRA002977_1:CRX125602@@_CACAAACAGCTGCGAA-1,49,Phloem parenchyma,0.653997,Phloem parenchyma,0.579874
scplantdb_CRA002977_1:CRX125602@@_CACAAACTCTACTTAC-1,50,Xylem,0.871661,Xylem,0.856663
scplantdb_CRA002977_1:CRX125602@@_CACACAATCAGAAATG-1,51,Leaf pavement cell,0.972750,Leaf pavement cell,0.963693
scplantdb_CRA002977_1:CRX125602@@_CACACCTTCCTGCAGG-1,52,Leaf pavement cell,0.961271,Leaf pavement cell,0.947809
scplantdb_CRA002977_1:CRX125602@@_CACACCTTCGTGGTCG-1,53,Leaf guard cell,0.985540,Leaf guard cell,0.981306
scplantdb_CRA002977_1:CRX125602@@_CACATTTGTCATTAGC-1,54,Leaf pavement cell,0.972391,Leaf pavement cell,0.964897
scplantdb_CRA002977_1:CRX125602@@_CACATTTGTCGGCACT-1,55,Leaf pavement cell,0.947625,Leaf pavement cell,0.936451
scplantdb_CRA002977_1:CRX125602@@_CACCACTAGGTAAACT-1,56,Companion cell,0.865395,Companion cell,0.856878
scplantdb_CRA002977_1:CRX125602@@_CACCAGGCAACACCCG-1,57,Xylem,0.793249,Xylem,0.738645
scplantdb_CRA002977_1:CRX125602@@_CACCTTGCAACACCCG-1,58,Xylem,0.480286,Xylem,0.428654
scplantdb_CRA002977_1:CRX125602@@_CACTCCACAGATCCAT-1,59,Xylem,0.708637,Xylem,0.744881
scplantdb_CRA002977_1:CRX125602@@_CAGAATCAGCAATCTC-1,60,Companion cell,0.787629,Companion cell,0.775909
scplantdb_CRA002977_1:CRX125602@@_CAGCAGCAGGAACTGC-1,61,Leaf pavement cell,0.963039,Leaf pavement cell,0.960635
scplantdb_CRA002977_1:CRX125602@@_CAGCCGACAGCGATCC-1,62,Xylem,0.927428,Xylem,0.903626
scplantdb_CRA002977_1:CRX125602@@_CAGCCGACATGGTAGG-1,63,Leaf pavement cell,0.584857,Leaf pavement cell,0.578601
scplantdb_CRA002977_1:CRX125602@@_CAGCTGGCAAAGGAAG-1,64,Xylem,0.851729,Xylem,0.832374
scplantdb_CRA002977_1:CRX125602@@_CAGGTGCGTACCTACA-1,65,Mesophyll,0.755973,Mesophyll,0.726092
scplantdb_CRA002977_1:CRX125602@@_CAGGTGCGTACGACCC-1,66,Mesophyll,0.736123,Mesophyll,0.688913
scplantdb_CRA002977_1:CRX125602@@_CAGTCCTGTAGTAGTA-1,67,Mesophyll,0.676860,Mesophyll,0.635814
scplantdb_CRA002977_1:CRX125602@@_CATATGGCAATGGATA-1,68,Leaf pavement cell,0.556495,Leaf pavement cell,0.565914
scplantdb_CRA002977_1:CRX125602@@_CATATGGGTTTGGGCC-1,69,Mesophyll,0.800384,Mesophyll,0.806905
scplantdb_CRA002977_1:CRX125602@@_CATCCACGTCTACCTC-1,70,Mesophyll,0.747270,Mesophyll,0.713605
scplantdb_CRA002977_1:CRX125602@@_CATGCCTAGGTGCACA-1,71,Leaf pavement cell,0.770553,Leaf pavement cell,0.768709
scplantdb_CRA002977_1:CRX125602@@_CATTATCCAAATACAG-1,72,Xylem,0.844963,Xylem,0.841675
scplantdb_CRA002977_1:CRX125602@@_CATTATCCATGTCTCC-1,73,Leaf pavement cell,0.961077,Leaf pavement cell,0.942245
scplantdb_CRA002977_1:CRX125602@@_CATTCGCAGACTTTCG-1,74,Mesophyll,0.733347,Mesophyll,0.666340
scplantdb_CRA002977_1:CRX125602@@_CCAATCCTCTCGATGA-1,75,Mesophyll,0.714210,Mesophyll,0.706432
scplantdb_CRA002977_1:CRX125602@@_CCATTCGTCGTACGGC-1,76,Companion cell,0.361031,Companion cell,0.519778
scplantdb_CRA002977_1:CRX125602@@_CCCAATCCAGTTTACG-1,77,Mesophyll,0.650487,Mesophyll,0.547776
scplantdb_CRA002977_1:CRX125602@@_CCCAGTTAGGTTACCT-1,78,Mesophyll,0.661298,Mesophyll,0.588917
scplantdb_CRA002977_1:CRX125602@@_CCCATACCACCCAGTG-1,79,Mesophyll,0.710614,Mesophyll,0.673851
scplantdb_CRA002977_1:CRX125602@@_CCCTCCTGTTTGACTG-1,80,Mesophyll,0.736769,Mesophyll,0.708474
scplantdb_CRA002977_1:CRX125602@@_CCGTACTCATCACGAT-1,81,Mesophyll,0.743213,Mesophyll,0.681571
scplantdb_CRA002977_1:CRX125602@@_CCTAAAGGTCTAGCGC-1,82,Xylem,0.912768,Xylem,0.893076
scplantdb_CRA002977_1:CRX125602@@_CCTACACAGCCGCCTA-1,83,Phloem parenchyma,0.649651,Phloem parenchyma,0.587666
scplantdb_CRA002977_1:CRX125602@@_CCTAGCTCATTTGCCC-1,84,Leaf pavement cell,0.641283,Leaf pavement cell,0.660271
scplantdb_CRA002977_1:CRX125602@@_CCTCTGACAGGGCATA-1,85,Mesophyll,0.733500,Mesophyll,0.691858
scplantdb_CRA002977_1:CRX125602@@_CCTTCGACACCCTATC-1,86,Mesophyll,0.713041,Mesophyll,0.649176
scplantdb_CRA002977_1:CRX125602@@_CCTTCGATCTTCAACT-1,87,Phloem parenchyma,0.744174,Phloem parenchyma,0.720325
scplantdb_CRA002977_1:CRX125602@@_CGAATGTCAATGAAAC-1,88,Leaf pavement cell,0.732947,Leaf pavement cell,0.723563
scplantdb_CRA002977_1:CRX125602@@_CGATGGCAGATCCGAG-1,89,Mesophyll,0.697850,Mesophyll,0.622653
scplantdb_CRA002977_1:CRX125602@@_CGATGGCGTGTGACCC-1,90,Xylem,0.836004,Xylem,0.767570
scplantdb_CRA002977_1:CRX125602@@_CGATGTACACTATCTT-1,91,Leaf pavement cell,0.584754,Leaf pavement cell,0.584028
scplantdb_CRA002977_1:CRX125602@@_CGCGGTACACATCCGG-1,92,Xylem,0.814516,Xylem,0.794551
scplantdb_CRA002977_1:CRX125602@@_CGCTTCAGTTGACGTT-1,93,Mesophyll,0.706996,Mesophyll,0.643410
scplantdb_CRA002977_1:CRX125602@@_CGGACTGTCGCTGATA-1,94,Xylem,0.792298,Xylem,0.778589
scplantdb_CRA002977_1:CRX125602@@_CGGGTCAAGTCATGCT-1,95,Mesophyll,0.693862,Mesophyll,0.623879
scplantdb_CRA002977_1:CRX125602@@_CGGGTCACAAGTCTAC-1,96,Xylem,0.906668,Xylem,0.881517
scplantdb_CRA002977_1:CRX125602@@_CGGGTCATCTGTCAAG-1,97,Leaf guard cell,0.979522,Leaf guard cell,0.974772
scplantdb_CRA002977_1:CRX125602@@_CGTAGCGAGAGTAATC-1,98,Leaf pavement cell,0.931649,Leaf pavement cell,0.927241
scplantdb_CRA002977_1:CRX125602@@_CGTCACTGTAGTACCT-1,99,Mesophyll,0.577710,Mesophyll,0.552196
scplantdb_CRA002977_1:CRX125602@@_CGTCAGGTCTGATACG-1,100,Leaf pavement cell,0.910388,Leaf pavement cell,0.868257
scplantdb_CRA002977_1:CRX125602@@_CGTCCATCACTGAAGG-1,101,Mesophyll,0.516521,Mesophyll,0.512247
scplantdb_CRA002977_1:CRX125602@@_CGTGTAATCGGAGCAA-1,102,Xylem,0.914347,Xylem,0.907387
scplantdb_CRA002977_1:CRX125602@@_CGTTAGAAGTGAACAT-1,103,Leaf pavement cell,0.951639,Leaf pavement cell,0.947431
scplantdb_CRA002977_1:CRX125602@@_CGTTCTGGTTTGCATG-1,104,Leaf pavement cell,0.956170,Leaf pavement cell,0.949858
scplantdb_CRA002977_1:CRX125602@@_CTAAGACTCTTCATGT-1,105,Mesophyll,0.579626,Mesophyll,0.480542
scplantdb_CRA002977_1:CRX125602@@_CTAATGGCACCTCGGA-1,106,Xylem,0.732103,Xylem,0.724009
scplantdb_CRA002977_1:CRX125602@@_CTACGTCTCAAGAAGT-1,107,Companion cell,0.879595,Companion cell,0.868562
scplantdb_CRA002977_1:CRX125602@@_CTACGTCTCGCATGAT-1,108,Xylem,0.894873,Xylem,0.870102
scplantdb_CRA002977_1:CRX125602@@_CTACGTCTCGCTTAGA-1,109,Leaf pavement cell,0.873140,Leaf pavement cell,0.865671
scplantdb_CRA002977_1:CRX125602@@_CTCACACAGAACAATC-1,110,Mesophyll,0.774508,Mesophyll,0.747302
scplantdb_CRA002977_1:CRX125602@@_CTCGAAACAAGCCCAC-1,111,Leaf pavement cell,0.463151,Leaf pavement cell,0.478021
scplantdb_CRA002977_1:CRX125602@@_CTCGAGGGTGTAATGA-1,112,S phase,0.690034,S phase,0.658978
scplantdb_CRA002977_1:CRX125602@@_CTCGGAGCAGAGCCAA-1,113,Xylem,0.872562,Xylem,0.835434
scplantdb_CRA002977_1:CRX125602@@_CTCGTACAGGAATCGC-1,114,Xylem,0.913622,Xylem,0.889381
scplantdb_CRA002977_1:CRX125602@@_CTCTGGTTCGTCTGAA-1,115,Xylem,0.527379,Xylem,0.567700
scplantdb_CRA002977_1:CRX125602@@_CTGAAACTCGTAGGAG-1,116,Xylem,0.802909,Xylem,0.775533
scplantdb_CRA002977_1:CRX125602@@_CTGAAGTGTACAGTGG-1,117,Xylem,0.812878,Xylem,0.757248
scplantdb_CRA002977_1:CRX125602@@_CTGAAGTTCCTCAACC-1,118,Phloem parenchyma,0.672079,Phloem parenchyma,0.619456
scplantdb_CRA002977_1:CRX125602@@_CTGATCCCACGGACAA-1,119,Leaf pavement cell,0.936554,Leaf pavement cell,0.923774
scplantdb_CRA002977_1:CRX125602@@_CTGGTCTAGACAGACC-1,120,Leaf pavement cell,0.504619,Leaf pavement cell,0.475721
scplantdb_CRA002977_1:CRX125602@@_CTGGTCTCATGTCGAT-1,121,Leaf pavement cell,0.687095,Leaf pavement cell,0.663303
scplantdb_CRA002977_1:CRX125602@@_CTGTTTAAGCGTGTCC-1,122,Phloem parenchyma,0.863283,Phloem parenchyma,0.855891
scplantdb_CRA002977_1:CRX125602@@_CTTAACTAGTACGCGA-1,123,Mesophyll,0.599248,Mesophyll,0.553159
scplantdb_CRA002977_1:CRX125602@@_CTTACCGTCAGAGACG-1,124,Mesophyll,0.691664,Mesophyll,0.642685
scplantdb_CRA002977_1:CRX125602@@_CTTAGGATCACCAGGC-1,125,Xylem,0.645935,Xylem,0.603454
scplantdb_CRA002977_1:CRX125602@@_CTTCTCTTCGGCCGAT-1,126,Xylem,0.920793,Xylem,0.901062
scplantdb_CRA002977_1:CRX125602@@_GAATGAAAGTTAGGTA-1,127,Leaf pavement cell,0.551928,Leaf pavement cell,0.547607
scplantdb_CRA002977_1:CRX125602@@_GACACGCCAGCCTGTG-1,128,Mesophyll,0.695220,Mesophyll,0.677143
scplantdb_CRA002977_1:CRX125602@@_GACAGAGCATCCGCGA-1,129,Xylem,0.498743,Xylem,0.422728
scplantdb_CRA002977_1:CRX125602@@_GACCAATCAACTTGAC-1,130,Xylem,0.563132,Xylem,0.560093
scplantdb_CRA002977_1:CRX125602@@_GACGCGTGTTACTGAC-1,131,Mesophyll,0.680645,Mesophyll,0.642362
scplantdb_CRA002977_1:CRX125602@@_GACGTGCAGGTGCAAC-1,132,Xylem,0.747526,Xylem,0.725625
scplantdb_CRA002977_1:CRX125602@@_GACGTGCAGTTAGCGG-1,133,Leaf guard cell,0.973828,Leaf guard cell,0.969479
scplantdb_CRA002977_1:CRX125602@@_GACGTTATCGTACGGC-1,134,Companion cell,0.850444,Companion cell,0.838193
scplantdb_CRA002977_1:CRX125602@@_GACTAACTCAAAGTAG-1,135,Xylem,0.673483,Xylem,0.649841
scplantdb_CRA002977_1:CRX125602@@_GACTACATCTGATTCT-1,136,Mesophyll,0.665953,Mesophyll,0.612237
scplantdb_CRA002977_1:CRX125602@@_GAGGTGAGTGAGTATA-1,137,Xylem,0.657476,Xylem,0.650911
scplantdb_CRA002977_1:CRX125602@@_GATCAGTGTCTGATTG-1,138,Phloem parenchyma,0.741408,Phloem parenchyma,0.762860
scplantdb_CRA002977_1:CRX125602@@_GATCGCGAGTGTACCT-1,139,Leaf pavement cell,0.730852,Leaf pavement cell,0.647334
scplantdb_CRA002977_1:CRX125602@@_GATCGCGGTAGCGTCC-1,140,Xylem,0.866853,Xylem,0.840906
scplantdb_CRA002977_1:CRX125602@@_GATGAGGGTGACAAAT-1,141,Phloem parenchyma,0.791511,Phloem parenchyma,0.813752
scplantdb_CRA002977_1:CRX125602@@_GATGAGGTCAATAAGG-1,142,Mesophyll,0.470798,Xylem,0.369012
scplantdb_CRA002977_1:CRX125602@@_GATTCAGCAGCGTCCA-1,143,Xylem,0.484441,Xylem,0.506466
scplantdb_CRA002977_1:CRX125602@@_GATTCAGCAGTCGTGC-1,144,Xylem,0.780310,Xylem,0.738245
scplantdb_CRA002977_1:CRX125602@@_GCAAACTTCTTATCTG-1,145,Leaf pavement cell,0.969578,Leaf pavement cell,0.963496
scplantdb_CRA002977_1:CRX125602@@_GCAGCCAAGTCTCCTC-1,146,S phase,0.764007,S phase,0.776648
scplantdb_CRA002977_1:CRX125602@@_GCATACAAGACAGGCT-1,147,Xylem,0.912532,Xylem,0.896606
scplantdb_CRA002977_1:CRX125602@@_GCATACATCGCCTGTT-1,148,Xylem,0.781700,Xylem,0.786630
scplantdb_CRA002977_1:CRX125602@@_GCATGATTCTCGGACG-1,149,Mesophyll,0.686927,Mesophyll,0.632910
scplantdb_CRA002977_1:CRX125602@@_GCATGATTCTTTACGT-1,150,Xylem,0.919850,Xylem,0.911884
scplantdb_CRA002977_1:CRX125602@@_GCATGCGAGAGACGAA-1,151,Xylem,0.662775,Xylem,0.748009
scplantdb_CRA002977_1:CRX125602@@_GCATGCGCAATGGAAT-1,152,Mesophyll,0.724232,Mesophyll,0.707980
scplantdb_CRA002977_1:CRX125602@@_GCATGCGTCAGCTCGG-1,153,Xylem,0.853015,Xylem,0.851801
scplantdb_CRA002977_1:CRX125602@@_GCATGTATCACCGTAA-1,154,Mesophyll,0.741569,Mesophyll,0.698508
scplantdb_CRA002977_1:CRX125602@@_GCGACCAAGGAGTTGC-1,155,Mesophyll,0.692716,Mesophyll,0.616528
scplantdb_CRA002977_1:CRX125602@@_GCGCAACTCTCGTTTA-1,156,Phloem parenchyma,0.823148,Phloem parenchyma,0.817977
scplantdb_CRA002977_1:CRX125602@@_GCGCAACTCTGAGGGA-1,157,Leaf pavement cell,0.811325,Leaf pavement cell,0.792610
scplantdb_CRA002977_1:CRX125602@@_GCGCCAAAGAAACGAG-1,158,Mesophyll,0.499269,Mesophyll,0.516216
scplantdb_CRA002977_1:CRX125602@@_GCGCCAAAGAACTCGG-1,159,Xylem,0.843483,Xylem,0.779685
scplantdb_CRA002977_1:CRX125602@@_GCTCCTAAGCCCTAAT-1,160,Xylem,0.909065,Xylem,0.908620
scplantdb_CRA002977_1:CRX125602@@_GCTGCTTCACTTCTGC-1,161,Xylem,0.527350,Xylem,0.502041
scplantdb_CRA002977_1:CRX125602@@_GCTGCTTGTATATGGA-1,162,Xylem,0.820168,Xylem,0.825649
scplantdb_CRA002977_1:CRX125602@@_GCTGGGTCAGCTATTG-1,163,Xylem,0.905388,Xylem,0.913649
scplantdb_CRA002977_1:CRX125602@@_GCTGGGTCATCGATTG-1,164,Xylem,0.850943,Xylem,0.810513
scplantdb_CRA002977_1:CRX125602@@_GCTTCCAGTAAATGTG-1,165,Companion cell,0.773039,Companion cell,0.757079
scplantdb_CRA002977_1:CRX125602@@_GCTTGAAGTACGCTGC-1,166,Xylem,0.390075,Xylem,0.358915
scplantdb_CRA002977_1:CRX125602@@_GGAAAGCTCAAGGTAA-1,167,S phase,0.770845,S phase,0.793023
scplantdb_CRA002977_1:CRX125602@@_GGAATAAAGCTGTTCA-1,168,Mesophyll,0.618230,Mesophyll,0.558946
scplantdb_CRA002977_1:CRX125602@@_GGAATAAGTCTCACCT-1,169,Mesophyll,0.436387,Mesophyll,0.389775
scplantdb_CRA002977_1:CRX125602@@_GGACAGACAGCTCGCA-1,170,Leaf pavement cell,0.973408,Leaf pavement cell,0.966225
scplantdb_CRA002977_1:CRX125602@@_GGACAGATCAGAGGTG-1,171,Xylem,0.804715,Xylem,0.734597
scplantdb_CRA002977_1:CRX125602@@_GGACATTGTACAGACG-1,172,Mesophyll,0.607214,Mesophyll,0.528232
scplantdb_CRA002977_1:CRX125602@@_GGACGTCAGGCAATTA-1,173,Phloem parenchyma,0.688364,Phloem parenchyma,0.714662
scplantdb_CRA002977_1:CRX125602@@_GGAGCAATCTGTACGA-1,174,Mesophyll,0.598713,Mesophyll,0.529812
scplantdb_CRA002977_1:CRX125602@@_GGATTACAGGGAAACA-1,175,Mesophyll,0.755437,Mesophyll,0.694269
scplantdb_CRA002977_1:CRX125602@@_GGATTACCAGTATCTG-1,176,Mesophyll,0.658149,Mesophyll,0.599418
scplantdb_CRA002977_1:CRX125602@@_GGCGTGTAGTCGAGTG-1,177,Leaf guard cell,0.983997,Leaf guard cell,0.978959
scplantdb_CRA002977_1:CRX125602@@_GGGACCTTCACAATGC-1,178,Mesophyll,0.547060,Mesophyll,0.447077
scplantdb_CRA002977_1:CRX125602@@_GGGCACTCAGGATTGG-1,179,Companion cell,0.925929,Companion cell,0.921040
scplantdb_CRA002977_1:CRX125602@@_GGGCATCTCAAACCGT-1,180,Xylem,0.871387,Xylem,0.866489
scplantdb_CRA002977_1:CRX125602@@_GGGTCTGTCCCAGGTG-1,181,Mesophyll,0.665491,Mesophyll,0.575340
scplantdb_CRA002977_1:CRX125602@@_GGGTTGCGTTCACCTC-1,182,Leaf pavement cell,0.865900,Leaf pavement cell,0.837141
scplantdb_CRA002977_1:CRX125602@@_GTAACGTTCACCTCGT-1,183,Xylem,0.706239,Xylem,0.703117
scplantdb_CRA002977_1:CRX125602@@_GTACGTAGTCCTCCAT-1,184,Mesophyll,0.746360,Mesophyll,0.702497
scplantdb_CRA002977_1:CRX125602@@_GTACGTATCTCTTATG-1,185,Mesophyll,0.753307,Mesophyll,0.701090
scplantdb_CRA002977_1:CRX125602@@_GTAGGCCCATGAGCGA-1,186,Xylem,0.770016,Xylem,0.785032
scplantdb_CRA002977_1:CRX125602@@_GTATTCTCATTCCTCG-1,187,Xylem,0.728718,Xylem,0.718447
scplantdb_CRA002977_1:CRX125602@@_GTCAAGTAGGCATTGG-1,188,Leaf pavement cell,0.821911,Leaf pavement cell,0.835355
scplantdb_CRA002977_1:CRX125602@@_GTCGGGTAGATCGATA-1,189,Xylem,0.801942,Xylem,0.772714
scplantdb_CRA002977_1:CRX125602@@_GTCGGGTCAGGAATGC-1,190,Mesophyll,0.665725,Mesophyll,0.594282
scplantdb_CRA002977_1:CRX125602@@_GTCGTAAGTCTAGAGG-1,191,Leaf guard cell,0.984281,Leaf guard cell,0.977993
scplantdb_CRA002977_1:CRX125602@@_GTCTCGTAGCTGCGAA-1,192,Leaf pavement cell,0.656660,Leaf pavement cell,0.633262
scplantdb_CRA002977_1:CRX125602@@_GTCTTCGCAAAGTCAA-1,193,Xylem,0.843794,Xylem,0.828162
scplantdb_CRA002977_1:CRX125602@@_GTGCATAGTCTGCGGT-1,194,Leaf guard cell,0.974203,Leaf guard cell,0.968781
scplantdb_CRA002977_1:CRX125602@@_GTGCGGTGTAGGGTAC-1,195,Mesophyll,0.440548,Mesophyll,0.398993
scplantdb_CRA002977_1:CRX125602@@_GTGCTTCAGCAGCGTA-1,196,Leaf guard cell,0.958689,Leaf guard cell,0.950225
scplantdb_CRA002977_1:CRX125602@@_GTGCTTCCATGTCGAT-1,197,Xylem,0.764858,Xylem,0.722540
scplantdb_CRA002977_1:CRX125602@@_GTGGGTCTCCTCAATT-1,198,Xylem,0.841841,Xylem,0.822510
scplantdb_CRA002977_1:CRX125602@@_GTTACAGGTCCGTCAG-1,199,Mesophyll,0.544038,Mesophyll,0.441373
scplantdb_CRA002977_1:CRX125602@@_GTTCGGGGTTCTCATT-1,200,Mesophyll,0.632554,Mesophyll,0.558999
scplantdb_CRA002977_1:CRX125602@@_TAAGCGTGTATCTGCA-1,201,Mesophyll,0.741966,Mesophyll,0.696111
scplantdb_CRA002977_1:CRX125602@@_TAAGTGCAGCGTCTAT-1,202,Phloem parenchyma,0.745143,Phloem parenchyma,0.733110
scplantdb_CRA002977_1:CRX125602@@_TAAGTGCAGCTCTCGG-1,203,Xylem,0.740855,Xylem,0.735304
scplantdb_CRA002977_1:CRX125602@@_TACACGAAGGAGTCTG-1,204,Xylem,0.593172,Xylem,0.557468
scplantdb_CRA002977_1:CRX125602@@_TACAGTGCACCATCCT-1,205,Mesophyll,0.649195,Mesophyll,0.609570
scplantdb_CRA002977_1:CRX125602@@_TACGGATAGTGTTAGA-1,206,Xylem,0.573992,Xylem,0.567278
scplantdb_CRA002977_1:CRX125602@@_TACGGTAGTGATGATA-1,207,Xylem,0.546253,Xylem,0.511266
scplantdb_CRA002977_1:CRX125602@@_TACGGTATCTGCTTGC-1,208,Phloem parenchyma,0.795068,Phloem parenchyma,0.753659
scplantdb_CRA002977_1:CRX125602@@_TACTCGCCAATAAGCA-1,209,Mesophyll,0.734357,Mesophyll,0.700584
scplantdb_CRA002977_1:CRX125602@@_TACTTACCATCAGTCA-1,210,Mesophyll,0.657915,Mesophyll,0.581381
scplantdb_CRA002977_1:CRX125602@@_TACTTACGTTCGCGAC-1,211,Leaf pavement cell,0.515065,Leaf pavement cell,0.521587
scplantdb_CRA002977_1:CRX125602@@_TACTTGTAGACAGACC-1,212,Xylem,0.493086,Xylem,0.541829
scplantdb_CRA002977_1:CRX125602@@_TAGTTGGAGGACGAAA-1,213,Xylem,0.930198,Xylem,0.912570
scplantdb_CRA002977_1:CRX125602@@_TAGTTGGCAGATCGGA-1,214,Mesophyll,0.553114,Mesophyll,0.480587
scplantdb_CRA002977_1:CRX125602@@_TATGCCCGTAGCGATG-1,215,Xylem,0.818199,Xylem,0.787302
scplantdb_CRA002977_1:CRX125602@@_TATTACCCAGGTCGTC-1,216,Xylem,0.476554,Xylem,0.556990
scplantdb_CRA002977_1:CRX125602@@_TATTACCCATACGCCG-1,217,Xylem,0.791223,Xylem,0.786268
scplantdb_CRA002977_1:CRX125602@@_TCAACGAAGCCCAATT-1,218,Leaf guard cell,0.935264,Leaf guard cell,0.932785
scplantdb_CRA002977_1:CRX125602@@_TCACAAGGTGGTACAG-1,219,Leaf guard cell,0.910198,Leaf guard cell,0.860906
scplantdb_CRA002977_1:CRX125602@@_TCAGATGAGCGTGAGT-1,220,Xylem,0.892196,Xylem,0.857886
scplantdb_CRA002977_1:CRX125602@@_TCAGCAACACTGTTAG-1,221,Mesophyll,0.705102,Mesophyll,0.639515
scplantdb_CRA002977_1:CRX125602@@_TCAGGATTCCGCGGTA-1,222,Mesophyll,0.732174,Mesophyll,0.667315
scplantdb_CRA002977_1:CRX125602@@_TCGCGTTAGAGGACGG-1,223,Leaf pavement cell,0.955166,Leaf pavement cell,0.952209
scplantdb_CRA002977_1:CRX125602@@_TCGTACCTCGAATCCA-1,224,Xylem,0.491086,Xylem,0.446242
scplantdb_CRA002977_1:CRX125602@@_TCTATTGGTCAAAGAT-1,225,Mesophyll,0.603492,Mesophyll,0.589487
scplantdb_CRA002977_1:CRX125602@@_TCTGAGATCTTCTGGC-1,226,S phase,0.444186,S phase,0.438374
scplantdb_CRA002977_1:CRX125602@@_TCTTCGGCAGATGGCA-1,227,Leaf pavement cell,0.967876,Leaf pavement cell,0.958694
scplantdb_CRA002977_1:CRX125602@@_TCTTTCCAGTAAGTAC-1,228,Mesophyll,0.765087,Mesophyll,0.739505
scplantdb_CRA002977_1:CRX125602@@_TGACGGCTCACGCATA-1,229,Phloem parenchyma,0.860899,Phloem parenchyma,0.844902
scplantdb_CRA002977_1:CRX125602@@_TGACTAGCACACGCTG-1,230,Mesophyll,0.725870,Mesophyll,0.652463
scplantdb_CRA002977_1:CRX125602@@_TGATTTCTCTCGATGA-1,231,Xylem,0.689842,Xylem,0.687343
scplantdb_CRA002977_1:CRX125602@@_TGCCCTACATAGAAAC-1,232,Xylem,0.502904,Xylem,0.568188
scplantdb_CRA002977_1:CRX125602@@_TGCGCAGGTTAGATGA-1,233,Companion cell,0.846921,Companion cell,0.836112
scplantdb_CRA002977_1:CRX125602@@_TGGCCAGGTGTGACCC-1,234,Xylem,0.534692,Xylem,0.551596
scplantdb_CRA002977_1:CRX125602@@_TGGCCAGTCGCAAGCC-1,235,Leaf pavement cell,0.944845,Leaf pavement cell,0.941119
scplantdb_CRA002977_1:CRX125602@@_TGGCGCATCGCTGATA-1,236,Mesophyll,0.536566,Mesophyll,0.429004
scplantdb_CRA002977_1:CRX125602@@_TGGCTGGGTAGCGTCC-1,237,Companion cell,0.553409,Companion cell,0.626801
scplantdb_CRA002977_1:CRX125602@@_TGGTTAGTCTGTCTAT-1,238,Mesophyll,0.812139,Mesophyll,0.770537
scplantdb_CRA002977_1:CRX125602@@_TGGTTCCAGTCCCACG-1,239,Xylem,0.884114,Xylem,0.876919
scplantdb_CRA002977_1:CRX125602@@_TGGTTCCGTTATGCGT-1,240,Mesophyll,0.795210,Mesophyll,0.765349
scplantdb_CRA002977_1:CRX125602@@_TGTCCCAAGCGTTCCG-1,241,Xylem,0.589638,Xylem,0.620712
scplantdb_CRA002977_1:CRX125602@@_TGTCCCACAATGAAAC-1,242,Mesophyll,0.778605,Mesophyll,0.748215
scplantdb_CRA002977_1:CRX125602@@_TGTGGTAAGTAAGTAC-1,243,Companion cell,0.913748,Companion cell,0.911680
scplantdb_CRA002977_1:CRX125602@@_TGTGTTTTCACCCGAG-1,244,Mesophyll,0.548973,Mesophyll,0.460059
scplantdb_CRA002977_1:CRX125602@@_TGTTCCGTCCGAATGT-1,245,Xylem,0.744672,Xylem,0.772136
scplantdb_CRA002977_1:CRX125602@@_TTAGGCATCCACGTGG-1,246,Mesophyll,0.724179,Mesophyll,0.688979
scplantdb_CRA002977_1:CRX125602@@_TTAGGCATCCTTAATC-1,247,Xylem,0.409808,Xylem,0.391567
scplantdb_CRA002977_1:CRX125602@@_TTCGAAGCACTAGTAC-1,248,Xylem,0.704171,Xylem,0.727203
scplantdb_CRA002977_1:CRX125602@@_TTCTCCTTCGCTTGTC-1,249,Leaf guard cell,0.965483,Leaf guard cell,0.955613
scplantdb_CRA002977_1:CRX125602@@_TTCTTAGAGTACGTTC-1,250,Mesophyll,0.752344,Mesophyll,0.733174
scplantdb_CRA002977_1:CRX125602@@_TTCTTAGTCTGTCTCG-1,251,Xylem,0.419656,Mesophyll,0.383737
scplantdb_CRA002977_1:CRX125602@@_TTGCCGTTCTCTAGGA-1,252,Xylem,0.564887,Xylem,0.602697
scplantdb_CRA002977_1:CRX125602@@_TTGGAACTCTATCCCG-1,253,Xylem,0.603883,Xylem,0.507466
scplantdb_CRA002977_1:CRX125602@@_TTTACTGCATGGATGG-1,254,Mesophyll,0.687106,Mesophyll,0.652591
scplantdb_CRA002977_1:CRX125602@@_TTTGTCAAGCTAACAA-1,255,Leaf guard cell,0.975737,Leaf guard cell,0.972886
scplantdb_CRA002977_2:CRX125603@@_AAAGCAAGTGAGGGTT-1,256,Mesophyll,0.800567,Mesophyll,0.816013
scplantdb_CRA002977_2:CRX125603@@_AAATGCCAGTGATCGG-1,257,Mesophyll,0.830717,Mesophyll,0.800332
scplantdb_CRA002977_2:CRX125603@@_AACCATGTCCGCGTTT-1,258,Shoot system epidermis,0.940626,Shoot system epidermis,0.939459
scplantdb_CRA002977_2:CRX125603@@_AACCGCGAGACTTTCG-1,259,Unknow,0.704479,Unknow,0.687119
scplantdb_CRA002977_2:CRX125603@@_AACCGCGAGCTCCCAG-1,260,Vascular tissue,0.955455,Vascular tissue,0.946436
scplantdb_CRA002977_2:CRX125603@@_AACTGGTTCTTCATGT-1,261,Shoot apical meristem,0.847582,Shoot apical meristem,0.842341
scplantdb_CRA002977_2:CRX125603@@_AAGCCGCCACAAGCCC-1,262,Shoot system epidermis,0.968117,Shoot system epidermis,0.964745
scplantdb_CRA002977_2:CRX125603@@_AAGGAGCGTCCTCCAT-1,263,Mesophyll,0.667708,Mesophyll,0.641694
scplantdb_CRA002977_2:CRX125603@@_AAGGTTCAGTGCGATG-1,264,S phase,0.705024,S phase,0.730161
scplantdb_CRA002977_2:CRX125603@@_ACACCGGTCTCCGGTT-1,265,Guard cell,0.830900,Guard cell,0.819558
scplantdb_CRA002977_2:CRX125603@@_ACGATGTTCTACCAGA-1,266,Vascular tissue,0.834857,Vascular tissue,0.813807
scplantdb_CRA002977_2:CRX125603@@_ACTGAGTAGTGTCTCA-1,267,S phase,0.922420,S phase,0.926223
scplantdb_CRA002977_2:CRX125603@@_ACTGAGTCATCGGTTA-1,268,Mesophyll,0.772877,Mesophyll,0.740451
scplantdb_CRA002977_2:CRX125603@@_ACTGTCCAGGTGCTAG-1,269,Mesophyll,0.657850,Mesophyll,0.640973
scplantdb_CRA002977_2:CRX125603@@_AGCTCCTGTCGACTAT-1,270,Shoot system epidermis,0.561825,Shoot system epidermis,0.484419
scplantdb_CRA002977_2:CRX125603@@_AGGCCGTCATGACATC-1,271,Guard cell,0.717661,Guard cell,0.694951
scplantdb_CRA002977_2:CRX125603@@_AGGGTGAGTCATACTG-1,272,Shoot system epidermis,0.921024,Shoot system epidermis,0.921946
scplantdb_CRA002977_2:CRX125603@@_ATCCGAATCAAACAAG-1,273,Shoot system epidermis,0.968739,Shoot system epidermis,0.963400
scplantdb_CRA002977_2:CRX125603@@_ATTATCCCACAGATTC-1,274,Shoot apical meristem,0.776610,Shoot apical meristem,0.755136
scplantdb_CRA002977_2:CRX125603@@_CAGAGAGGTTTGGGCC-1,275,Shoot apical meristem,0.854305,Shoot apical meristem,0.861581
scplantdb_CRA002977_2:CRX125603@@_CAGCATACAGTCGATT-1,276,Vascular tissue,0.721300,Vascular tissue,0.748792
scplantdb_CRA002977_2:CRX125603@@_CAGTAACAGGTGATTA-1,277,Shoot system epidermis,0.971564,Shoot system epidermis,0.968777
scplantdb_CRA002977_2:CRX125603@@_CATGCCTAGGGTGTTG-1,278,Unknow,0.851864,Unknow,0.794292
scplantdb_CRA002977_2:CRX125603@@_CATGGCGTCACTCTTA-1,279,Shoot apical meristem,0.527038,Shoot apical meristem,0.525762
scplantdb_CRA002977_2:CRX125603@@_CATTCGCAGCTCCCAG-1,280,Mesophyll,0.877089,Mesophyll,0.867707
scplantdb_CRA002977_2:CRX125603@@_CCACGGACACCAGATT-1,281,Unknow,0.857898,Unknow,0.817509
scplantdb_CRA002977_2:CRX125603@@_CCATGTCAGTGGGCTA-1,282,Mesophyll,0.890916,Mesophyll,0.888774
scplantdb_CRA002977_2:CRX125603@@_CCCAGTTCAATCACAC-1,283,S phase,0.758976,S phase,0.773508
scplantdb_CRA002977_2:CRX125603@@_CCTCTGAGTGGCCCTA-1,284,S phase,0.305155,G2/M phase,0.314130
scplantdb_CRA002977_2:CRX125603@@_CGAACATTCACTCCTG-1,285,G2/M phase,0.794990,G2/M phase,0.810973
scplantdb_CRA002977_2:CRX125603@@_CGACCTTGTCCATGAT-1,286,Mesophyll,0.863214,Mesophyll,0.858349
scplantdb_CRA002977_2:CRX125603@@_CGCGTTTCAAAGGAAG-1,287,Mesophyll,0.879945,Mesophyll,0.859760
scplantdb_CRA002977_2:CRX125603@@_CGCGTTTTCGGAAATA-1,288,Shoot system epidermis,0.938833,Shoot system epidermis,0.914764
scplantdb_CRA002977_2:CRX125603@@_CGCTATCGTTGAGTTC-1,289,Shoot apical meristem,0.813548,Shoot apical meristem,0.789226
scplantdb_CRA002977_2:CRX125603@@_CGGACTGCAATGTAAG-1,290,Unknow,0.455193,Unknow,0.436859
scplantdb_CRA002977_2:CRX125603@@_CGGCTAGAGCAAATCA-1,291,Vascular tissue,0.921565,Vascular tissue,0.920911
scplantdb_CRA002977_2:CRX125603@@_CGTCTACCAAATTGCC-1,292,Shoot system epidermis,0.857048,Shoot system epidermis,0.866893
scplantdb_CRA002977_2:CRX125603@@_CGTTGGGTCATGCTCC-1,293,Shoot system epidermis,0.940835,Shoot system epidermis,0.943195
scplantdb_CRA002977_2:CRX125603@@_CTAGTGACACATGACT-1,294,Mesophyll,0.408988,S phase,0.443227
scplantdb_CRA002977_2:CRX125603@@_CTCGAGGCACGGCTAC-1,295,Mesophyll,0.898630,Mesophyll,0.880800
scplantdb_CRA002977_2:CRX125603@@_CTTAGGAGTAATAGCA-1,296,Shoot system epidermis,0.968681,Shoot system epidermis,0.962560
scplantdb_CRA002977_2:CRX125603@@_GAAACTCAGCTAAACA-1,297,Vascular tissue,0.630100,Vascular tissue,0.612832
scplantdb_CRA002977_2:CRX125603@@_GAAATGAAGAAACCTA-1,298,Shoot apical meristem,0.856458,Shoot apical meristem,0.866145
scplantdb_CRA002977_2:CRX125603@@_GAAGCAGAGCAGACTG-1,299,Companion cell,0.960936,Companion cell,0.962729
scplantdb_CRA002977_2:CRX125603@@_GAATAAGCAGTCCTTC-1,300,Shoot system epidermis,0.354746,Shoot system epidermis,0.337900
scplantdb_CRA002977_2:CRX125603@@_GACCAATTCTATCCTA-1,301,Shoot system epidermis,0.962695,Shoot system epidermis,0.965173
scplantdb_CRA002977_2:CRX125603@@_GACGCGTTCTACTATC-1,302,Mesophyll,0.872277,Mesophyll,0.860506
scplantdb_CRA002977_2:CRX125603@@_GAGCAGAGTGTGTGCC-1,303,Mesophyll,0.918163,Mesophyll,0.900836
scplantdb_CRA002977_2:CRX125603@@_GATGCTAAGCCACGCT-1,304,S phase,0.786624,S phase,0.777669
scplantdb_CRA002977_2:CRX125603@@_GATTCAGGTATTCGTG-1,305,S phase,0.923106,S phase,0.924310
scplantdb_CRA002977_2:CRX125603@@_GCATGATCATGAACCT-1,306,Shoot system epidermis,0.944108,Shoot system epidermis,0.938729
scplantdb_CRA002977_2:CRX125603@@_GCTCCTATCCTCAATT-1,307,G2/M phase,0.642306,G2/M phase,0.695748
scplantdb_CRA002977_2:CRX125603@@_GCTGCTTAGAAGGCCT-1,308,Mesophyll,0.795753,Mesophyll,0.814040
scplantdb_CRA002977_2:CRX125603@@_GCTGGGTTCGACGGAA-1,309,Shoot apical meristem,0.677058,Shoot apical meristem,0.633368
scplantdb_CRA002977_2:CRX125603@@_GGACAGAGTATTCTCT-1,310,Shoot system epidermis,0.878657,Shoot system epidermis,0.860750
scplantdb_CRA002977_2:CRX125603@@_GGATGTTCATCCTTGC-1,311,G2/M phase,0.911462,G2/M phase,0.907134
scplantdb_CRA002977_2:CRX125603@@_GGCTCGATCCCTCAGT-1,312,Mesophyll,0.914166,Mesophyll,0.909907
scplantdb_CRA002977_2:CRX125603@@_GGGTTGCGTGCTTCTC-1,313,Shoot apical meristem,0.831666,Shoot apical meristem,0.838106
scplantdb_CRA002977_2:CRX125603@@_GGTATTGCAACGATGG-1,314,Mesophyll,0.906955,Mesophyll,0.906301
scplantdb_CRA002977_2:CRX125603@@_GGTGAAGAGCGGCTTC-1,315,Shoot system epidermis,0.968750,Shoot system epidermis,0.967408
scplantdb_CRA002977_2:CRX125603@@_GTAGGCCTCAAGAAGT-1,316,Companion cell,0.966284,Companion cell,0.967943
scplantdb_CRA002977_2:CRX125603@@_GTCACGGGTGTCCTCT-1,317,G2/M phase,0.382942,G2/M phase,0.389037
scplantdb_CRA002977_2:CRX125603@@_GTCTTCGTCCACGTTC-1,318,S phase,0.936471,S phase,0.933875
scplantdb_CRA002977_2:CRX125603@@_GTGGGTCGTACGAAAT-1,319,Mesophyll,0.510307,Shoot apical meristem,0.493700
scplantdb_CRA002977_2:CRX125603@@_GTGGGTCGTTTGTGTG-1,320,Vascular tissue,0.727237,Vascular tissue,0.684912
scplantdb_CRA002977_2:CRX125603@@_GTGTTAGCACCCATGG-1,321,Mesophyll,0.910435,Mesophyll,0.900624
scplantdb_CRA002977_2:CRX125603@@_TACCTATTCACCACCT-1,322,Mesophyll,0.706228,Mesophyll,0.689944
scplantdb_CRA002977_2:CRX125603@@_TACTCATAGCGACGTA-1,323,Mesophyll,0.521412,Mesophyll,0.521227
scplantdb_CRA002977_2:CRX125603@@_TAGACCACAGCTTCGG-1,324,Mesophyll,0.911942,Mesophyll,0.900028
scplantdb_CRA002977_2:CRX125603@@_TAGTGGTGTCGACTGC-1,325,G2/M phase,0.921467,G2/M phase,0.922915
scplantdb_CRA002977_2:CRX125603@@_TATGCCCTCACTTATC-1,326,S phase,0.903061,S phase,0.908842
scplantdb_CRA002977_2:CRX125603@@_TATTACCCAGACGTAG-1,327,Vascular tissue,0.941088,Vascular tissue,0.932868
scplantdb_CRA002977_2:CRX125603@@_TCAGCTCAGCTTTGGT-1,328,Mesophyll,0.702821,Mesophyll,0.679748
scplantdb_CRA002977_2:CRX125603@@_TCAGGTATCCGCATAA-1,329,Vascular tissue,0.881979,Vascular tissue,0.871494
scplantdb_CRA002977_2:CRX125603@@_TCGGGACCACGTCTCT-1,330,Shoot system epidermis,0.371762,Shoot system epidermis,0.372696
scplantdb_CRA002977_2:CRX125603@@_TCGTAGAAGGCTAGAC-1,331,Unknow,0.445338,Mesophyll,0.443415
scplantdb_CRA002977_2:CRX125603@@_TCTCTAACAAGGTTTC-1,332,Shoot system epidermis,0.488185,Shoot system epidermis,0.425852
scplantdb_CRA002977_2:CRX125603@@_TGAGAGGGTATGGTTC-1,333,Mesophyll,0.766627,Mesophyll,0.750252
scplantdb_CRA002977_2:CRX125603@@_TGCGCAGCATAGGATA-1,334,Shoot system epidermis,0.886971,Shoot system epidermis,0.857362
scplantdb_CRA002977_2:CRX125603@@_TGCTACCGTACGCTGC-1,335,G2/M phase,0.873331,G2/M phase,0.868756
scplantdb_CRA002977_2:CRX125603@@_TGGACGCCAATGCCAT-1,336,Shoot system epidermis,0.968892,Shoot system epidermis,0.966454
scplantdb_CRA002977_2:CRX125603@@_TGGCCAGCACAGGAGT-1,337,Shoot apical meristem,0.697745,Shoot apical meristem,0.668498
scplantdb_CRA002977_2:CRX125603@@_TGGCTGGGTGTCAATC-1,338,Shoot apical meristem,0.639202,Shoot apical meristem,0.638303
scplantdb_CRA002977_2:CRX125603@@_TTAGTTCTCTAACTCT-1,339,G2/M phase,0.878106,G2/M phase,0.847765
scplantdb_CRA002977_2:CRX125603@@_TTATGCTTCAGCTCGG-1,340,Shoot system epidermis,0.815265,Shoot system epidermis,0.763704
scplantdb_CRA002977_2:CRX125603@@_TTATGCTTCGGTCCGA-1,341,Shoot system epidermis,0.962107,Shoot system epidermis,0.956400
scplantdb_CRA002977_2:CRX125603@@_TTGAACGAGATATGCA-1,342,Mesophyll,0.913974,Mesophyll,0.905097
scplantdb_CRA002977_2:CRX125603@@_TTTATGCGTGAAAGAG-1,343,Shoot apical meristem,0.779030,Shoot apical meristem,0.795269
scplantdb_CRA002977_2:CRX125603@@_TTTCCTCAGAAACCTA-1,344,G2/M phase,0.678390,G2/M phase,0.704600
scplantdb_CRA002977_2:CRX125603@@_TTTCCTCCAGCCTATA-1,345,Mesophyll,0.876902,Mesophyll,0.857453
scplantdb_CRA002977_2:CRX125603@@_TTTCCTCTCTGTCTCG-1,346,Vascular tissue,0.572554,Vascular tissue,0.615999
scplantdb_CRA002977_2:CRX125603@@_TTTGTCAAGCTGAACG-1,347,Shoot apical meristem,0.899140,Shoot apical meristem,0.893459
scplantdb_CRA002977_2:CRX125604@@_AACCATGAGACCTTTG-1,348,G2/M phase,0.325653,G2/M phase,0.324484
scplantdb_CRA002977_2:CRX125604@@_AACGTTGCAGGTGCCT-1,349,Mesophyll,0.770233,Mesophyll,0.738363
scplantdb_CRA002977_2:CRX125604@@_AACTTTCCAGTAACGG-1,350,Vascular tissue,0.710753,Vascular tissue,0.642676
scplantdb_CRA002977_2:CRX125604@@_ACCAGTACAGACGTAG-1,351,Shoot system epidermis,0.975332,Shoot system epidermis,0.973343
scplantdb_CRA002977_2:CRX125604@@_ACGAGGATCATCTGCC-1,352,Shoot system epidermis,0.920195,Shoot system epidermis,0.901750
scplantdb_CRA002977_2:CRX125604@@_ACGCAGCGTGTCTGAT-1,353,Shoot apical meristem,0.730980,Shoot apical meristem,0.795439
scplantdb_CRA002977_2:CRX125604@@_ACTGAACGTTGCGTTA-1,354,Mesophyll,0.810583,Mesophyll,0.802713
scplantdb_CRA002977_2:CRX125604@@_ACTGTCCGTTAAAGAC-1,355,Shoot system epidermis,0.907227,Shoot system epidermis,0.905913
scplantdb_CRA002977_2:CRX125604@@_AGAGCGAGTGATGATA-1,356,S phase,0.785377,S phase,0.768948
scplantdb_CRA002977_2:CRX125604@@_AGCGTATTCCAAACTG-1,357,Mesophyll,0.778424,Mesophyll,0.746662
scplantdb_CRA002977_2:CRX125604@@_AGGGATGCATAGTAAG-1,358,S phase,0.935485,S phase,0.925397
scplantdb_CRA002977_2:CRX125604@@_AGTCTTTAGTCCGGTC-1,359,Shoot system epidermis,0.958859,Shoot system epidermis,0.953084
scplantdb_CRA002977_2:CRX125604@@_AGTGGGACAGGACCCT-1,360,Mesophyll,0.918740,Mesophyll,0.915263
scplantdb_CRA002977_2:CRX125604@@_ATCTGCCAGAGCTGGT-1,361,Shoot apical meristem,0.772961,Shoot apical meristem,0.779288
scplantdb_CRA002977_2:CRX125604@@_CAACTAGGTCACCCAG-1,362,Vascular tissue,0.817174,Vascular tissue,0.810852
scplantdb_CRA002977_2:CRX125604@@_CAAGAAAAGTGTCCCG-1,363,Mesophyll,0.813460,Mesophyll,0.779685
scplantdb_CRA002977_2:CRX125604@@_CACATAGCAAGCGAGT-1,364,Shoot apical meristem,0.887673,Shoot apical meristem,0.894938
scplantdb_CRA002977_2:CRX125604@@_CACATAGCACCGAATT-1,365,G2/M phase,0.828662,G2/M phase,0.830397
scplantdb_CRA002977_2:CRX125604@@_CAGCTGGCATTCACTT-1,366,Mesophyll,0.449321,Mesophyll,0.440783
scplantdb_CRA002977_2:CRX125604@@_CAGGTGCGTAGAGTGC-1,367,Guard cell,0.306237,Guard cell,0.301864
scplantdb_CRA002977_2:CRX125604@@_CAGTCCTTCAAACAAG-1,368,Mesophyll,0.542698,Mesophyll,0.516549
scplantdb_CRA002977_2:CRX125604@@_CATCAAGAGTGGTCCC-1,369,Mesophyll,0.897606,Mesophyll,0.888658
scplantdb_CRA002977_2:CRX125604@@_CATCGGGGTTGTTTGG-1,370,S phase,0.934618,S phase,0.935425
scplantdb_CRA002977_2:CRX125604@@_CATTCGCGTGGGTATG-1,371,Mesophyll,0.842258,Mesophyll,0.811933
scplantdb_CRA002977_2:CRX125604@@_CCATTCGAGTGTGAAT-1,372,S phase,0.917181,S phase,0.915799
scplantdb_CRA002977_2:CRX125604@@_CCATTCGCAGCCTTTC-1,373,Shoot apical meristem,0.891006,Shoot apical meristem,0.887706
scplantdb_CRA002977_2:CRX125604@@_CCCTCCTGTACGACCC-1,374,Shoot system epidermis,0.975396,Shoot system epidermis,0.971699
scplantdb_CRA002977_2:CRX125604@@_CGAATGTAGGTCGGAT-1,375,S phase,0.735978,S phase,0.695961
scplantdb_CRA002977_2:CRX125604@@_CGATGGCTCCAGATCA-1,376,Mesophyll,0.743575,Mesophyll,0.709379
scplantdb_CRA002977_2:CRX125604@@_CGCTGGATCGTACCGG-1,377,Vascular tissue,0.637206,Vascular tissue,0.655105
scplantdb_CRA002977_2:CRX125604@@_CGCTTCACAAGTACCT-1,378,S phase,0.848722,S phase,0.856775
scplantdb_CRA002977_2:CRX125604@@_CTAGCCTAGTGGACGT-1,379,S phase,0.913699,S phase,0.906173
scplantdb_CRA002977_2:CRX125604@@_CTCACACAGTCGAGTG-1,380,Shoot system epidermis,0.491344,Shoot system epidermis,0.454559
scplantdb_CRA002977_2:CRX125604@@_CTCGTACCACATGACT-1,381,Mesophyll,0.815479,Mesophyll,0.798435
scplantdb_CRA002977_2:CRX125604@@_CTCTACGGTTAGGGTG-1,382,Mesophyll,0.847906,Mesophyll,0.837544
scplantdb_CRA002977_2:CRX125604@@_CTGATAGCAGCTGCAC-1,383,G2/M phase,0.913699,G2/M phase,0.910883
scplantdb_CRA002977_2:CRX125604@@_CTGCGGAGTCGTTGTA-1,384,Shoot apical meristem,0.905599,Shoot apical meristem,0.895849
scplantdb_CRA002977_2:CRX125604@@_CTGCTGTAGGGCACTA-1,385,Vascular tissue,0.715550,Vascular tissue,0.698751
scplantdb_CRA002977_2:CRX125604@@_CTTACCGCAAGACGTG-1,386,S phase,0.910017,S phase,0.911064
scplantdb_CRA002977_2:CRX125604@@_CTTAGGATCACAATGC-1,387,G2/M phase,0.906631,G2/M phase,0.912136
scplantdb_CRA002977_2:CRX125604@@_GAAGCAGGTCTGCAAT-1,388,Shoot system epidermis,0.962812,Shoot system epidermis,0.960817
scplantdb_CRA002977_2:CRX125604@@_GACACGCAGTGTCCAT-1,389,Shoot apical meristem,0.414744,Shoot apical meristem,0.453154
scplantdb_CRA002977_2:CRX125604@@_GACGCGTCAGTATCTG-1,390,Shoot system epidermis,0.927227,Shoot system epidermis,0.936805
scplantdb_CRA002977_2:CRX125604@@_GAGGTGAAGCTGCGAA-1,391,Mesophyll,0.414446,Mesophyll,0.409762
scplantdb_CRA002977_2:CRX125604@@_GATGAAATCCACGAAT-1,392,Guard cell,0.943920,Guard cell,0.939518
scplantdb_CRA002977_2:CRX125604@@_GATGAGGTCAGCGACC-1,393,Mesophyll,0.629410,Mesophyll,0.571321
scplantdb_CRA002977_2:CRX125604@@_GATGCTATCGTAGATC-1,394,S phase,0.663779,S phase,0.661452
scplantdb_CRA002977_2:CRX125604@@_GCACTCTGTGGCTCCA-1,395,Shoot system epidermis,0.953242,Shoot system epidermis,0.953208
scplantdb_CRA002977_2:CRX125604@@_GCGCCAAAGCGATTCT-1,396,Shoot apical meristem,0.622858,Shoot apical meristem,0.564118
scplantdb_CRA002977_2:CRX125604@@_GGAAAGCCACTGCCAG-1,397,Shoot system epidermis,0.565950,Shoot system epidermis,0.520632
scplantdb_CRA002977_2:CRX125604@@_GGACAGACACGGCTAC-1,398,Vascular tissue,0.653009,Vascular tissue,0.640656
scplantdb_CRA002977_2:CRX125604@@_GGGCACTTCTGGTGTA-1,399,Guard cell,0.852162,Guard cell,0.838964
scplantdb_CRA002977_2:CRX125604@@_GGGCATCGTGTTGAGG-1,400,Shoot system epidermis,0.879515,Shoot system epidermis,0.876187
scplantdb_CRA002977_2:CRX125604@@_GGTATTGAGCGATCCC-1,401,Shoot system epidermis,0.946674,Shoot system epidermis,0.932544
scplantdb_CRA002977_2:CRX125604@@_GTACTTTCACCACCAG-1,402,Shoot system epidermis,0.953783,Shoot system epidermis,0.957765
scplantdb_CRA002977_2:CRX125604@@_GTAGGCCAGCAGCCTC-1,403,Mesophyll,0.878100,Mesophyll,0.855890
scplantdb_CRA002977_2:CRX125604@@_GTATTCTAGAGATGAG-1,404,Mesophyll,0.848706,Mesophyll,0.834010
scplantdb_CRA002977_2:CRX125604@@_GTCACAATCTCTAAGG-1,405,Shoot system epidermis,0.951765,Shoot system epidermis,0.944749
scplantdb_CRA002977_2:CRX125604@@_GTGAAGGTCCAGATCA-1,406,S phase,0.936154,S phase,0.929072
scplantdb_CRA002977_2:CRX125604@@_GTGCGGTGTTAGTGGG-1,407,Shoot system epidermis,0.934120,Shoot system epidermis,0.933401
scplantdb_CRA002977_2:CRX125604@@_GTTACAGGTAGCCTAT-1,408,G2/M phase,0.902576,G2/M phase,0.896011
scplantdb_CRA002977_2:CRX125604@@_TACGGTAGTCTTCTCG-1,409,S phase,0.364941,S phase,0.351191
scplantdb_CRA002977_2:CRX125604@@_TACTCGCGTAGCGTAG-1,410,Mesophyll,0.850979,Mesophyll,0.825234
scplantdb_CRA002977_2:CRX125604@@_TAGTGGTAGTTTGCGT-1,411,Shoot apical meristem,0.554584,Shoot apical meristem,0.512566
scplantdb_CRA002977_2:CRX125604@@_TCAATCTAGTCGCCGT-1,412,Mesophyll,0.900259,Mesophyll,0.907048
scplantdb_CRA002977_2:CRX125604@@_TCAGGATGTACAGACG-1,413,Shoot apical meristem,0.666406,Shoot apical meristem,0.611092
scplantdb_CRA002977_2:CRX125604@@_TCAGGATGTGCCTTGG-1,414,Vascular tissue,0.743146,Vascular tissue,0.707409
scplantdb_CRA002977_2:CRX125604@@_TCAGGATTCCAGAAGG-1,415,Shoot apical meristem,0.870279,Shoot apical meristem,0.874222
scplantdb_CRA002977_2:CRX125604@@_TCAGGTACAATGACCT-1,416,Vascular tissue,0.933091,Vascular tissue,0.940200
scplantdb_CRA002977_2:CRX125604@@_TCAGGTACACATCCGG-1,417,Mesophyll,0.867212,Mesophyll,0.842750
scplantdb_CRA002977_2:CRX125604@@_TCAGGTACATCCGGGT-1,418,S phase,0.907660,S phase,0.885015
scplantdb_CRA002977_2:CRX125604@@_TCGGTAAAGGAGTCTG-1,419,Shoot system epidermis,0.959178,Shoot system epidermis,0.958193
scplantdb_CRA002977_2:CRX125604@@_TCTATTGCAAGTAATG-1,420,Mesophyll,0.909332,Mesophyll,0.912144
scplantdb_CRA002977_2:CRX125604@@_TCTCTAAGTCATTAGC-1,421,Vascular tissue,0.956659,Vascular tissue,0.950013
scplantdb_CRA002977_2:CRX125604@@_TCTTCGGCAGTCGTGC-1,422,G2/M phase,0.881466,G2/M phase,0.882076
scplantdb_CRA002977_2:CRX125604@@_TGATTTCAGAACAACT-1,423,G2/M phase,0.927811,G2/M phase,0.928260
scplantdb_CRA002977_2:CRX125604@@_TGATTTCTCTTATCTG-1,424,Vascular tissue,0.521875,Vascular tissue,0.541455
scplantdb_CRA002977_2:CRX125604@@_TTAGGACTCTCTGCTG-1,425,G2/M phase,0.628793,G2/M phase,0.693304
scplantdb_CRA002977_2:CRX125604@@_TTCCCAGCATGACGGA-1,426,Shoot system epidermis,0.957562,Shoot system epidermis,0.946387
scplantdb_CRA002977_2:CRX125604@@_TTCTCCTCAATCGGTT-1,427,Vascular tissue,0.926229,Vascular tissue,0.926580
scplantdb_CRA002977_2:CRX125604@@_TTGAACGTCTTGACGA-1,428,Shoot system epidermis,0.768996,Shoot system epidermis,0.709761
scplantdb_CRA002977_2:CRX125604@@_TTGCCGTAGAGCTGCA-1,429,Shoot system epidermis,0.964478,Shoot system epidermis,0.960508
scplantdb_CRA002977_2:CRX125604@@_TTGGCAAAGGTAGCTG-1,430,Shoot apical meristem,0.611014,Shoot apical meristem,0.604537
scplantdb_CRA002977_2:CRX125605@@_AAACCCACATCGAAGG-1,431,G2/M phase,0.261302,Guard cell,0.229620
scplantdb_CRA002977_2:CRX125605@@_AAACCCATCCGTGGCA-1,432,Vascular tissue,0.930841,Vascular tissue,0.914830
scplantdb_CRA002977_2:CRX125605@@_AACAACCGTCCTACGG-1,433,G2/M phase,0.874292,G2/M phase,0.842265
scplantdb_CRA002977_2:CRX125605@@_AACCATGCATTCTTCA-1,434,Shoot system epidermis,0.510384,Shoot system epidermis,0.498152
scplantdb_CRA002977_2:CRX125605@@_AACGTCAAGAGCCTGA-1,435,Shoot system epidermis,0.945329,Shoot system epidermis,0.934663
scplantdb_CRA002977_2:CRX125605@@_ACATCGAAGACAAGCC-1,436,G2/M phase,0.738191,G2/M phase,0.660427
scplantdb_CRA002977_2:CRX125605@@_ACGTTCCGTCAAACGG-1,437,Shoot apical meristem,0.695640,Shoot apical meristem,0.654924
scplantdb_CRA002977_2:CRX125605@@_ACTCTCGTCTTGGTGA-1,438,Shoot apical meristem,0.852179,Shoot apical meristem,0.841507
scplantdb_CRA002977_2:CRX125605@@_ACTTAGGTCCTCTCTT-1,439,Shoot system epidermis,0.512457,Shoot system epidermis,0.505570
scplantdb_CRA002977_2:CRX125605@@_AGACAAAAGCGTTAGG-1,440,Vascular tissue,0.959671,Vascular tissue,0.951530
scplantdb_CRA002977_2:CRX125605@@_AGACCCGGTGAGATAT-1,441,Vascular tissue,0.937819,Vascular tissue,0.925929
scplantdb_CRA002977_2:CRX125605@@_AGCGCTGAGGCTCAAG-1,442,Vascular tissue,0.631824,Vascular tissue,0.673575
scplantdb_CRA002977_2:CRX125605@@_AGGCCACCACTGTTCC-1,443,G2/M phase,0.784352,G2/M phase,0.774686
scplantdb_CRA002977_2:CRX125605@@_AGTAACCAGCTTTCTT-1,444,Shoot apical meristem,0.907127,Shoot apical meristem,0.914465
scplantdb_CRA002977_2:CRX125605@@_AGTAGCTAGGAGACCT-1,445,Mesophyll,0.757627,Mesophyll,0.761951
scplantdb_CRA002977_2:CRX125605@@_AGTCATGCAGCACGAA-1,446,Vascular tissue,0.785232,Vascular tissue,0.772558
scplantdb_CRA002977_2:CRX125605@@_ATCACAGCAGGAATAT-1,447,Shoot apical meristem,0.389837,Shoot apical meristem,0.388656
scplantdb_CRA002977_2:CRX125605@@_ATCGTGATCGAGATGG-1,448,Mesophyll,0.888010,Mesophyll,0.876976
scplantdb_CRA002977_2:CRX125605@@_ATTCCTAGTACCCGAC-1,449,Shoot apical meristem,0.444700,Shoot apical meristem,0.417642
scplantdb_CRA002977_2:CRX125605@@_ATTTCACCAGGTCCGT-1,450,Guard cell,0.936473,Guard cell,0.933976
scplantdb_CRA002977_2:CRX125605@@_CAAAGAACACCCGTAG-1,451,Shoot apical meristem,0.707574,Shoot apical meristem,0.741343
scplantdb_CRA002977_2:CRX125605@@_CAATACGGTGTAGCAG-1,452,S phase,0.689481,S phase,0.689156
scplantdb_CRA002977_2:CRX125605@@_CACAGGCGTGCTAGCC-1,453,Guard cell,0.854442,Guard cell,0.844747
scplantdb_CRA002977_2:CRX125605@@_CACGAATTCTCGGGAC-1,454,Shoot system epidermis,0.971157,Shoot system epidermis,0.968835
scplantdb_CRA002977_2:CRX125605@@_CACTTCGCAGACACAG-1,455,Shoot apical meristem,0.817848,Shoot apical meristem,0.815276
scplantdb_CRA002977_2:CRX125605@@_CAGGGCTCATGGAAGC-1,456,S phase,0.925738,S phase,0.929336
scplantdb_CRA002977_2:CRX125605@@_CATACAGCATTGGCAT-1,457,S phase,0.799179,S phase,0.782831
scplantdb_CRA002977_2:CRX125605@@_CATGCCTCACAGTCGC-1,458,S phase,0.864248,S phase,0.877795
scplantdb_CRA002977_2:CRX125605@@_CATTGCCGTTGCCGCA-1,459,Shoot apical meristem,0.637483,Shoot apical meristem,0.628504
scplantdb_CRA002977_2:CRX125605@@_CCATAAGAGCAGCCCT-1,460,G2/M phase,0.902822,G2/M phase,0.889199
scplantdb_CRA002977_2:CRX125605@@_CCCTAACGTCTACGAT-1,461,Shoot system epidermis,0.921454,Shoot system epidermis,0.902830
scplantdb_CRA002977_2:CRX125605@@_CCGCAAGCAAGAATAC-1,462,Shoot system epidermis,0.800865,Shoot system epidermis,0.786751
scplantdb_CRA002977_2:CRX125605@@_CCGCAAGTCGGCACTG-1,463,Shoot system epidermis,0.963163,Shoot system epidermis,0.961515
scplantdb_CRA002977_2:CRX125605@@_CCTCAACGTCAGCTTA-1,464,Shoot system epidermis,0.909902,Shoot system epidermis,0.895658
scplantdb_CRA002977_2:CRX125605@@_CGGACACGTAACATCC-1,465,Vascular tissue,0.803135,Vascular tissue,0.808883
scplantdb_CRA002977_2:CRX125605@@_CTACCCAAGCTGCCAC-1,466,Vascular tissue,0.932910,Vascular tissue,0.918343
scplantdb_CRA002977_2:CRX125605@@_CTAGGTACAAACAGGC-1,467,Shoot system epidermis,0.968511,Shoot system epidermis,0.966132
scplantdb_CRA002977_2:CRX125605@@_CTCTCAGTCACAAGAA-1,468,Shoot apical meristem,0.357591,Shoot apical meristem,0.340535
scplantdb_CRA002977_2:CRX125605@@_CTGTATTGTAACACCT-1,469,Shoot system epidermis,0.945895,Shoot system epidermis,0.948517
scplantdb_CRA002977_2:CRX125605@@_GAAGCCCCAAACTCTG-1,470,Guard cell,0.656019,Guard cell,0.662022
scplantdb_CRA002977_2:CRX125605@@_GACTCTCTCCACTAGA-1,471,S phase,0.893284,S phase,0.872829
scplantdb_CRA002977_2:CRX125605@@_GAGCCTGGTCGTTTCC-1,472,Shoot system epidermis,0.968621,Shoot system epidermis,0.965287
scplantdb_CRA002977_2:CRX125605@@_GAGGCAACAGTCTACA-1,473,Guard cell,0.647024,Guard cell,0.618581
scplantdb_CRA002977_2:CRX125605@@_GAGTGAGCAGCACGAA-1,474,Mesophyll,0.368251,Mesophyll,0.395595
scplantdb_CRA002977_2:CRX125605@@_GATTCGATCGAACCTA-1,475,G2/M phase,0.916817,G2/M phase,0.895816
scplantdb_CRA002977_2:CRX125605@@_GCACGTGGTGCCGAAA-1,476,Vascular tissue,0.528615,Vascular tissue,0.583052
scplantdb_CRA002977_2:CRX125605@@_GCCTGTTTCGGTCGGT-1,477,Guard cell,0.918289,Guard cell,0.903929
scplantdb_CRA002977_2:CRX125605@@_GCGTTTCTCTGCACCT-1,478,Shoot system epidermis,0.962677,Shoot system epidermis,0.961159
scplantdb_CRA002977_2:CRX125605@@_GCTGCAGCACAGTATC-1,479,Vascular tissue,0.568596,Vascular tissue,0.565566
scplantdb_CRA002977_2:CRX125605@@_GGCTGTGGTAGAATGT-1,480,Guard cell,0.793628,Guard cell,0.783374
scplantdb_CRA002977_2:CRX125605@@_GGCTTGGTCAATGTCG-1,481,Shoot apical meristem,0.747000,Shoot apical meristem,0.739257
scplantdb_CRA002977_2:CRX125605@@_GGTGTCGAGCGAGTCA-1,482,Vascular tissue,0.524691,Vascular tissue,0.517583
scplantdb_CRA002977_2:CRX125605@@_GTAAGTCAGGTAGCAC-1,483,Shoot apical meristem,0.295682,Shoot apical meristem,0.325130
scplantdb_CRA002977_2:CRX125605@@_GTAGGAGAGAGTACCG-1,484,Shoot apical meristem,0.839418,Shoot apical meristem,0.850200
scplantdb_CRA002977_2:CRX125605@@_GTGCAGCAGAGCCATG-1,485,Shoot system epidermis,0.954348,Shoot system epidermis,0.952408
scplantdb_CRA002977_2:CRX125605@@_GTGCGTGCATTCGATG-1,486,Vascular tissue,0.851359,Vascular tissue,0.852888
scplantdb_CRA002977_2:CRX125605@@_GTGGGAATCGTCACCT-1,487,Shoot system epidermis,0.967569,Shoot system epidermis,0.968979
scplantdb_CRA002977_2:CRX125605@@_GTGTTCCTCTATCCAT-1,488,Guard cell,0.713793,Guard cell,0.712195
scplantdb_CRA002977_2:CRX125605@@_GTTAGACCACAATCTG-1,489,Shoot system epidermis,0.855248,Shoot system epidermis,0.866096
scplantdb_CRA002977_2:CRX125605@@_GTTATGGGTAGGTAGC-1,490,Vascular tissue,0.958323,Vascular tissue,0.945022
scplantdb_CRA002977_2:CRX125605@@_TAAGTCGAGAGCGACT-1,491,G2/M phase,0.457399,G2/M phase,0.460517
scplantdb_CRA002977_2:CRX125605@@_TAATCTCTCTCACGAA-1,492,Shoot apical meristem,0.595877,Shoot apical meristem,0.565225
scplantdb_CRA002977_2:CRX125605@@_TAATTCCCACCCGTAG-1,493,Vascular tissue,0.820121,Vascular tissue,0.800770
scplantdb_CRA002977_2:CRX125605@@_TACAGGTCACGCCAGT-1,494,S phase,0.897482,S phase,0.906565
scplantdb_CRA002977_2:CRX125605@@_TAGGTACAGGATGCGT-1,495,Shoot apical meristem,0.709533,Shoot apical meristem,0.658372
scplantdb_CRA002977_2:CRX125605@@_TCCGATCAGGACATCG-1,496,Vascular tissue,0.955555,Vascular tissue,0.951675
scplantdb_CRA002977_2:CRX125605@@_TCCTAATAGAGTGACC-1,497,G2/M phase,0.916775,G2/M phase,0.896920
scplantdb_CRA002977_2:CRX125605@@_TCTAACTAGCCTATCA-1,498,Vascular tissue,0.877335,Vascular tissue,0.877452
scplantdb_CRA002977_2:CRX125605@@_TCTCTGGAGATTGCGG-1,499,Shoot apical meristem,0.907750,Shoot apical meristem,0.905404
scplantdb_CRA002977_2:CRX125605@@_TGAACGTAGATAGTCA-1,500,Mesophyll,0.856169,Mesophyll,0.838480
scplantdb_CRA002977_2:CRX125605@@_TGAGGAGTCTCGGCTT-1,501,G2/M phase,0.603992,G2/M phase,0.654107
scplantdb_CRA002977_2:CRX125605@@_TGCGACGGTTTCGTAG-1,502,Vascular tissue,0.815202,Vascular tissue,0.786673
scplantdb_CRA002977_2:CRX125605@@_TGCGGCAAGCCGAATG-1,503,Shoot apical meristem,0.883954,Shoot apical meristem,0.863149
scplantdb_CRA002977_2:CRX125605@@_TGGGTTAAGCACCGTC-1,504,S phase,0.404542,G2/M phase,0.408218
scplantdb_CRA002977_2:CRX125605@@_TGGTTAGTCACCCTGT-1,505,Vascular tissue,0.679440,Vascular tissue,0.689459
scplantdb_CRA002977_2:CRX125605@@_TTACCATAGAGAGCGG-1,506,Shoot apical meristem,0.738533,Shoot apical meristem,0.738781
scplantdb_CRA002977_2:CRX125605@@_TTCCACGGTCGCATGC-1,507,Shoot system epidermis,0.956385,Shoot system epidermis,0.959763
scplantdb_CRA002977_2:CRX125605@@_TTGAACGGTAACCCTA-1,508,Unknow,0.524449,Unknow,0.518582
scplantdb_CRA002977_2:CRX125605@@_TTGCTGCAGCCTAGGA-1,509,Shoot apical meristem,0.589934,Shoot apical meristem,0.545885
scplantdb_CRA002977_2:CRX125605@@_TTGGGTATCTAGCCTC-1,510,Vascular tissue,0.908330,Vascular tissue,0.890553
scplantdb_CRA002977_2:CRX125605@@_TTTCGATGTGATCGTT-1,511,Shoot apical meristem,0.873545,Shoot apical meristem,0.858596
scplantdb_CRA004848:CRX270106@@_AAACGCTAGGTTGGTG-1,512,Hydathodes,0.380123,Hydathodes,0.327184
scplantdb_CRA004848:CRX270106@@_AAAGTCCTCTATCGTT-1,513,Xylem parenchyma,0.869132,Xylem parenchyma,0.823344
scplantdb_CRA004848:CRX270106@@_AAATGGACACGTCTCT-1,514,Mesophyll,0.783051,Mesophyll,0.799677
scplantdb_CRA004848:CRX270106@@_AACACACCAGACGATG-1,515,Hydathodes,0.546003,Hydathodes,0.449413
scplantdb_CRA004848:CRX270106@@_AAGATAGGTCGTGCCA-1,516,Mesophyll,0.727348,Mesophyll,0.781674
scplantdb_CRA004848:CRX270106@@_AAGTGAAAGCGGACAT-1,517,Hydathodes,0.583117,Hydathodes,0.508569
scplantdb_CRA004848:CRX270106@@_ACCGTTCGTGGATCGA-1,518,Hydathodes,0.385265,Hydathodes,0.349963
scplantdb_CRA004848:CRX270106@@_ACCTACCGTCGGCACT-1,519,Hydathodes,0.456354,Hydathodes,0.413160
scplantdb_CRA004848:CRX270106@@_ACGCACGGTATCTCGA-1,520,Hydathodes,0.835059,Hydathodes,0.821167
scplantdb_CRA004848:CRX270106@@_ACGGTTAAGCAAACAT-1,521,Hydathodes,0.450883,Hydathodes,0.390106
scplantdb_CRA004848:CRX270106@@_ACGTCCTCATTATGCG-1,522,Adaxial epidermis,0.832789,Adaxial epidermis,0.812059
scplantdb_CRA004848:CRX270106@@_ACTGCAACAATCGCAT-1,523,Xylem parenchyma,0.886623,Xylem parenchyma,0.854373
scplantdb_CRA004848:CRX270106@@_ACTTAGGCACTACCGG-1,524,Mesophyll,0.486691,Mesophyll,0.585135
scplantdb_CRA004848:CRX270106@@_AGAGCCCTCTTGATTC-1,525,Mesophyll,0.788644,Mesophyll,0.782426
scplantdb_CRA004848:CRX270106@@_AGCCAGCCAAACACCT-1,526,Mesophyll,0.652309,Mesophyll,0.711034
scplantdb_CRA004848:CRX270106@@_AGCCAGCTCAAGTGTC-1,527,Adaxial epidermis,0.953269,Adaxial epidermis,0.953063
scplantdb_CRA004848:CRX270106@@_AGCTACATCGATACGT-1,528,Hydathodes,0.762920,Hydathodes,0.709080
scplantdb_CRA004848:CRX270106@@_AGGGTGACACAGTCGC-1,529,Mesophyll,0.457669,Mesophyll,0.554347
scplantdb_CRA004848:CRX270106@@_AGGTTGTCAATTCTTC-1,530,Hydathodes,0.467173,Hydathodes,0.436210
scplantdb_CRA004848:CRX270106@@_AGTCAACAGTCCGTCG-1,531,Mesophyll,0.523464,Mesophyll,0.573986
scplantdb_CRA004848:CRX270106@@_ATCACGACACGAAAGC-1,532,Mesophyll,0.539613,Mesophyll,0.559083
scplantdb_CRA004848:CRX270106@@_ATGTCTTCATTGTCGA-1,533,Mesophyll,0.511021,Mesophyll,0.581022
scplantdb_CRA004848:CRX270106@@_ATTCCTATCGGTTAGT-1,534,Mesophyll,0.550502,Mesophyll,0.614642
scplantdb_CRA004848:CRX270106@@_CAACCAACAAATCAGA-1,535,Hydathodes,0.494310,Mesophyll,0.429236
scplantdb_CRA004848:CRX270106@@_CAAGACTGTTAGAGTA-1,536,Hydathodes,0.513245,Mesophyll,0.447981
scplantdb_CRA004848:CRX270106@@_CACATGACATTCAGCA-1,537,Mesophyll,0.703897,Mesophyll,0.695413
scplantdb_CRA004848:CRX270106@@_CATACAGGTATCCCAA-1,538,Mesophyll,0.712371,Mesophyll,0.662729
scplantdb_CRA004848:CRX270106@@_CATGAGTTCTCAGGCG-1,539,Mesophyll,0.600321,Mesophyll,0.648794
scplantdb_CRA004848:CRX270106@@_CCCTCAAGTTCACGAT-1,540,Hydathodes,0.499502,Mesophyll,0.501424
scplantdb_CRA004848:CRX270106@@_CGAGTGCCAAAGCAAT-1,541,Hydathodes,0.598105,Hydathodes,0.517300
scplantdb_CRA004848:CRX270106@@_CGAGTGCGTGCGTCGT-1,542,Hydathodes,0.496947,Mesophyll,0.467629
scplantdb_CRA004848:CRX270106@@_CGAGTTAGTGTTTCTT-1,543,Hydathodes,0.473916,Mesophyll,0.422466
scplantdb_CRA004848:CRX270106@@_CGGAACCAGAGCGACT-1,544,Phloem,0.871741,Phloem,0.871718
scplantdb_CRA004848:CRX270106@@_CGGACACCAATGGCAG-1,545,Mesophyll,0.765797,Mesophyll,0.731218
scplantdb_CRA004848:CRX270106@@_CGGCAGTAGCTCACTA-1,546,Xylem parenchyma,0.878924,Xylem parenchyma,0.861741
scplantdb_CRA004848:CRX270106@@_CGTAAGTTCGAGTGAG-1,547,Mesophyll,0.656829,Mesophyll,0.644564
scplantdb_CRA004848:CRX270106@@_CTAACTTCAGCATGCC-1,548,Mesophyll,0.494453,Mesophyll,0.421287
scplantdb_CRA004848:CRX270106@@_CTACAGAGTTGCCATA-1,549,Hydathodes,0.553585,Hydathodes,0.453148
scplantdb_CRA004848:CRX270106@@_CTCATTAAGAGAGAAC-1,550,Adaxial epidermis,0.900051,Adaxial epidermis,0.911914
scplantdb_CRA004848:CRX270106@@_CTCCGATAGGCTCTCG-1,551,Hydathodes,0.866965,Hydathodes,0.850113
scplantdb_CRA004848:CRX270106@@_CTTCAATGTACGTGTT-1,552,Xylem,0.750522,Xylem,0.678305
scplantdb_CRA004848:CRX270106@@_GACGTTAGTATTGGCT-1,553,Adaxial epidermis,0.917840,Adaxial epidermis,0.933914
scplantdb_CRA004848:CRX270106@@_GAGGCCTCAGCAGTCC-1,554,Mesophyll,0.540183,Mesophyll,0.614814
scplantdb_CRA004848:CRX270106@@_GATCCCTGTCGACTTA-1,555,Mesophyll,0.766597,Mesophyll,0.736776
scplantdb_CRA004848:CRX270106@@_GGAATCTTCCTACCGT-1,556,Xylem parenchyma,0.798420,Xylem parenchyma,0.757919
scplantdb_CRA004848:CRX270106@@_GGGCTACAGGTCACCC-1,557,Hydathodes,0.512004,Mesophyll,0.423931
scplantdb_CRA004848:CRX270106@@_GTGTTCCTCCGGGACT-1,558,Mesophyll,0.430896,Mesophyll,0.374984
scplantdb_CRA004848:CRX270106@@_GTTACCCCACCCGTAG-1,559,Mesophyll,0.657303,Mesophyll,0.646643
scplantdb_CRA004848:CRX270106@@_GTTAGTGGTGAGCGAT-1,560,Mesophyll,0.530446,Mesophyll,0.479229
scplantdb_CRA004848:CRX270106@@_GTTGAACAGCTCGCAC-1,561,Mesophyll,0.734921,Mesophyll,0.741022
scplantdb_CRA004848:CRX270106@@_TAACGACGTGTTCATG-1,562,Mesophyll,0.460623,Mesophyll,0.532409
scplantdb_CRA004848:CRX270106@@_TACCCGTCACTTCTCG-1,563,Hydathodes,0.549022,Hydathodes,0.430624
scplantdb_CRA004848:CRX270106@@_TACCCGTGTACGTAGG-1,564,Mesophyll,0.616475,Mesophyll,0.680974
scplantdb_CRA004848:CRX270106@@_TACGCTCAGCGCTTCG-1,565,Mesophyll,0.508537,Mesophyll,0.591656
scplantdb_CRA004848:CRX270106@@_TCATATCTCGCCGATG-1,566,Hydathodes,0.530193,Hydathodes,0.444017
scplantdb_CRA004848:CRX270106@@_TCATTTGAGATCGACG-1,567,Hydathodes,0.460450,Mesophyll,0.529012
scplantdb_CRA004848:CRX270106@@_TCGCTTGTCCGTATAG-1,568,Hydathodes,0.648279,Hydathodes,0.559817
scplantdb_CRA004848:CRX270106@@_TCGTAGAAGCAAATCA-1,569,Adaxial epidermis,0.948722,Adaxial epidermis,0.942623
scplantdb_CRA004848:CRX270106@@_TCTACATCAGTAGGAC-1,570,Hydathodes,0.752194,Hydathodes,0.712770
scplantdb_CRA004848:CRX270106@@_TCTGGCTAGCCATCCG-1,571,Xylem parenchyma,0.751235,Xylem parenchyma,0.728422
scplantdb_CRA004848:CRX270106@@_TGAGGTTCAATTTCCT-1,572,Xylem parenchyma,0.899531,Xylem parenchyma,0.883271
scplantdb_CRA004848:CRX270106@@_TGATTCTCAGTATGAA-1,573,Xylem parenchyma,0.474094,Xylem parenchyma,0.452834
scplantdb_CRA004848:CRX270106@@_TGCTTCGCACTCTAGA-1,574,Adaxial epidermis,0.949881,Adaxial epidermis,0.946850
scplantdb_CRA004848:CRX270106@@_TGGCGTGGTCGAACAG-1,575,Mesophyll,0.832754,Mesophyll,0.816232
scplantdb_CRA004848:CRX270106@@_TGTTCCGTCATTCATC-1,576,Mesophyll,0.749998,Mesophyll,0.788761
scplantdb_CRA004848:CRX270106@@_TTATTGCCACTGGATT-1,577,Mesophyll,0.463759,Mesophyll,0.559569
scplantdb_CRA004848:CRX270106@@_TTCCAATTCCAGCTCT-1,578,Mesophyll,0.725380,Mesophyll,0.770028
scplantdb_CRA004848:CRX270106@@_TTCCTCTAGCGAAACC-1,579,Hydathodes,0.551546,Hydathodes,0.455006
scplantdb_CRA004848:CRX270106@@_TTCGATTAGAGCTTTC-1,580,Hydathodes,0.382714,Hydathodes,0.352623
scplantdb_CRA004848:CRX270106@@_TTCTTCCAGAATCGCG-1,581,Hydathodes,0.612054,Hydathodes,0.549878
scplantdb_CRA004848:CRX270106@@_TTCTTCCCAAACCACT-1,582,Mesophyll,0.690098,Mesophyll,0.742111
scplantdb_CRA004848:CRX270106@@_TTCTTGATCATCTCTA-1,583,Mesophyll,0.569100,Mesophyll,0.545293
scplantdb_CRA004848:CRX270106@@_TTGGGCGCAGCAGGAT-1,584,Mesophyll,0.546177,Mesophyll,0.622823
scplantdb_CRA004848:CRX270106@@_TTTACGTGTATGACAA-1,585,Mesophyll,0.700039,Mesophyll,0.750002
scplantdb_CRA004848:CRX270106@@_TTTCATGTCAGCAGAG-1,586,Xylem parenchyma,0.932445,Xylem parenchyma,0.920355
scplantdb_CRA004848:CRX270108@@_AAATGGAAGCGTCGAA-1,587,Hydathodes,0.896168,Hydathodes,0.876338
scplantdb_CRA004848:CRX270108@@_AACAAGAGTTAAGTCC-1,588,Hydathodes,0.868014,Hydathodes,0.862088
scplantdb_CRA004848:CRX270108@@_AACAGGGGTCCATACA-1,589,Hydathodes,0.907203,Hydathodes,0.890750
scplantdb_CRA004848:CRX270108@@_AACCCAAAGGCTCACC-1,590,Hydathodes,0.438125,Hydathodes,0.371071
scplantdb_CRA004848:CRX270108@@_AACGGGAGTAGCTGCC-1,591,Hydathodes,0.890086,Hydathodes,0.875290
scplantdb_CRA004848:CRX270108@@_AAGCGTTCAATATCCG-1,592,Hydathodes,0.902761,Hydathodes,0.884435
scplantdb_CRA004848:CRX270108@@_AAGTACCTCATTTCCA-1,593,Hydathodes,0.522079,Hydathodes,0.476139
scplantdb_CRA004848:CRX270108@@_AATGGAATCATTGGTG-1,594,Hydathodes,0.823460,Hydathodes,0.792043
scplantdb_CRA004848:CRX270108@@_ACAACCAAGGCATCAG-1,595,Abaxial epidermis,0.958732,Abaxial epidermis,0.957545
scplantdb_CRA004848:CRX270108@@_ACACCAAGTAGACGGT-1,596,Hydathodes,0.525045,Hydathodes,0.463851
scplantdb_CRA004848:CRX270108@@_ACCAAACCACGGCTAC-1,597,Hydathodes,0.746366,Hydathodes,0.694352
scplantdb_CRA004848:CRX270108@@_ACGGTTACACGCTGAC-1,598,Xylem parenchyma,0.427976,Xylem parenchyma,0.418248
scplantdb_CRA004848:CRX270108@@_ACTGTGATCAAGGAGC-1,599,Adaxial epidermis,0.774875,Adaxial epidermis,0.777265
scplantdb_CRA004848:CRX270108@@_AGGCATTAGCGCCTCA-1,600,Xylem parenchyma,0.430913,Xylem parenchyma,0.448640
scplantdb_CRA004848:CRX270108@@_AGGTTACGTTCGCGTG-1,601,Xylem parenchyma,0.856985,Xylem parenchyma,0.843083
scplantdb_CRA004848:CRX270108@@_ATGCCTCTCCGTTTCG-1,602,Hydathodes,0.608685,Hydathodes,0.556686
scplantdb_CRA004848:CRX270108@@_ATGCGATTCCCGTGAG-1,603,Hydathodes,0.816044,Hydathodes,0.798714
scplantdb_CRA004848:CRX270108@@_ATGGGTTAGCACTCCG-1,604,Adaxial epidermis,0.691951,Adaxial epidermis,0.637087
scplantdb_CRA004848:CRX270108@@_CAATGACTCCATCTAT-1,605,Hydathodes,0.756905,Hydathodes,0.715042
scplantdb_CRA004848:CRX270108@@_CACAACAGTCCTGTCT-1,606,Adaxial epidermis,0.454558,Adaxial epidermis,0.540936
scplantdb_CRA004848:CRX270108@@_CACTGGGCATACCGTA-1,607,Hydathodes,0.901666,Hydathodes,0.895724
scplantdb_CRA004848:CRX270108@@_CAGAGCCCAGTAACCT-1,608,Adaxial epidermis,0.750469,Adaxial epidermis,0.754225
scplantdb_CRA004848:CRX270108@@_CAGCAGCCAAGGTCGA-1,609,Adaxial epidermis,0.889857,Adaxial epidermis,0.904019
scplantdb_CRA004848:CRX270108@@_CATCCCAAGGTAGCCA-1,610,Hydathodes,0.911527,Hydathodes,0.904482
scplantdb_CRA004848:CRX270108@@_CATCCCAGTGGCTCTG-1,611,Hydathodes,0.897257,Hydathodes,0.885770
scplantdb_CRA004848:CRX270108@@_CCAATGATCGGTTGTA-1,612,Hydathodes,0.917312,Hydathodes,0.906030
scplantdb_CRA004848:CRX270108@@_CCTAACCCAGTATGAA-1,613,Abaxial epidermis,0.810169,Abaxial epidermis,0.837784
scplantdb_CRA004848:CRX270108@@_CCTCACAGTTGTAGCT-1,614,Hydathodes,0.828523,Hydathodes,0.785607
scplantdb_CRA004848:CRX270108@@_CCTCCTCCATTCGGGC-1,615,Hydathodes,0.708746,Hydathodes,0.640807
scplantdb_CRA004848:CRX270108@@_CGATGCGTCCCATGGG-1,616,Hydathodes,0.831643,Hydathodes,0.812456
scplantdb_CRA004848:CRX270108@@_CGGAATTCACTTCAAG-1,617,Xylem parenchyma,0.881636,Xylem parenchyma,0.858701
scplantdb_CRA004848:CRX270108@@_CGTTGGGCAAGTTCCA-1,618,Hydathodes,0.899267,Hydathodes,0.881240
scplantdb_CRA004848:CRX270108@@_CTAGGTATCGTTCATT-1,619,Hydathodes,0.603639,Hydathodes,0.522086
scplantdb_CRA004848:CRX270108@@_CTGAGCGCACGACTAT-1,620,Abaxial epidermis,0.958570,Abaxial epidermis,0.959043
scplantdb_CRA004848:CRX270108@@_CTGAGCGCAGCAGTGA-1,621,Hydathodes,0.917182,Hydathodes,0.905142
scplantdb_CRA004848:CRX270108@@_CTTCCTTGTCATCCCT-1,622,Xylem parenchyma,0.342280,Xylem parenchyma,0.337562
scplantdb_CRA004848:CRX270108@@_GAAGTAACATCTATCT-1,623,Phloem,0.899640,Phloem,0.895832
scplantdb_CRA004848:CRX270108@@_GAATAGATCGGACGTC-1,624,Phloem,0.902562,Phloem,0.903977
scplantdb_CRA004848:CRX270108@@_GACAGCCCAAGTTTGC-1,625,Hydathodes,0.920305,Hydathodes,0.912246
scplantdb_CRA004848:CRX270108@@_GACATCAAGGCAGGGA-1,626,Hydathodes,0.703215,Hydathodes,0.650398
scplantdb_CRA004848:CRX270108@@_GAGGCCTGTCGTACAT-1,627,Hydathodes,0.896008,Hydathodes,0.880255
scplantdb_CRA004848:CRX270108@@_GCAACCGAGAAGCGCT-1,628,Hydathodes,0.292760,Hydathodes,0.303195
scplantdb_CRA004848:CRX270108@@_GGAACCCGTGGATCGA-1,629,Hydathodes,0.915877,Hydathodes,0.904085
scplantdb_CRA004848:CRX270108@@_GGGACAATCGATGCAT-1,630,Hydathodes,0.686098,Hydathodes,0.595626
scplantdb_CRA004848:CRX270108@@_GGGTGAACATCGCTAA-1,631,Hydathodes,0.749720,Hydathodes,0.723693
scplantdb_CRA004848:CRX270108@@_GTAATGCTCCGTACGG-1,632,Hydathodes,0.842821,Hydathodes,0.812808
scplantdb_CRA004848:CRX270108@@_GTAGAGGGTTGTTGCA-1,633,Hydathodes,0.905795,Hydathodes,0.890830
scplantdb_CRA004848:CRX270108@@_GTAGGAGGTGTGTCGC-1,634,Xylem parenchyma,0.883022,Xylem parenchyma,0.881719
scplantdb_CRA004848:CRX270108@@_GTCCACTAGGATGGCT-1,635,Adaxial epidermis,0.474003,Adaxial epidermis,0.545973
scplantdb_CRA004848:CRX270108@@_GTCCACTGTTGACTGT-1,636,Hydathodes,0.669769,Hydathodes,0.639474
scplantdb_CRA004848:CRX270108@@_GTTACCCTCACCGGGT-1,637,Hydathodes,0.725374,Hydathodes,0.691798
scplantdb_CRA004848:CRX270108@@_GTTGTCCCATAAGATG-1,638,Hydathodes,0.883944,Hydathodes,0.867561
scplantdb_CRA004848:CRX270108@@_TAACACGGTAGTATAG-1,639,Hydathodes,0.919613,Hydathodes,0.910415
scplantdb_CRA004848:CRX270108@@_TAAGCACAGAGGACTC-1,640,Hydathodes,0.897941,Hydathodes,0.873622
scplantdb_CRA004848:CRX270108@@_TACCCGTGTGTTCGAT-1,641,Hydathodes,0.912566,Hydathodes,0.901025
scplantdb_CRA004848:CRX270108@@_TACCGGGGTTGGGTAG-1,642,Hydathodes,0.819556,Hydathodes,0.784273
scplantdb_CRA004848:CRX270108@@_TACCTGCCAGCACGAA-1,643,Hydathodes,0.861718,Hydathodes,0.845620
scplantdb_CRA004848:CRX270108@@_TACCTGCTCGCATTGA-1,644,Abaxial epidermis,0.952411,Abaxial epidermis,0.947977
scplantdb_CRA004848:CRX270108@@_TACGCTCGTTGTAGCT-1,645,Abaxial epidermis,0.916792,Abaxial epidermis,0.919886
scplantdb_CRA004848:CRX270108@@_TATCCTACAAGAGAGA-1,646,Hydathodes,0.855578,Hydathodes,0.824900
scplantdb_CRA004848:CRX270108@@_TATTGCTCATAGGCGA-1,647,Hydathodes,0.642763,Hydathodes,0.614223
scplantdb_CRA004848:CRX270108@@_TCAGGGCGTGCTGATT-1,648,Hydathodes,0.517551,Hydathodes,0.515413
scplantdb_CRA004848:CRX270108@@_TCATCATAGGATACGC-1,649,Hydathodes,0.904561,Hydathodes,0.884666
scplantdb_CRA004848:CRX270108@@_TCATGGAAGCTTCATG-1,650,Xylem parenchyma,0.420794,Xylem parenchyma,0.445150
scplantdb_CRA004848:CRX270108@@_TCCCAGTCAGCTCGGT-1,651,Hydathodes,0.815235,Hydathodes,0.783374
scplantdb_CRA004848:CRX270108@@_TCTCAGCCACGCCAGT-1,652,Hydathodes,0.446786,Hydathodes,0.405952
scplantdb_CRA004848:CRX270108@@_TCTGCCAAGTGTTCCA-1,653,Adaxial epidermis,0.463019,Adaxial epidermis,0.467367
scplantdb_CRA004848:CRX270108@@_TGAGTCATCACATTGG-1,654,Hydathodes,0.901631,Hydathodes,0.882397
scplantdb_CRA004848:CRX270108@@_TGATCTTAGATGCGAC-1,655,Hydathodes,0.891294,Hydathodes,0.879761
scplantdb_CRA004848:CRX270108@@_TGCATCCCATAATCGC-1,656,Xylem parenchyma,0.508687,Xylem parenchyma,0.440797
scplantdb_CRA004848:CRX270108@@_TGCGGGTGTACGGCAA-1,657,Hydathodes,0.894846,Hydathodes,0.878299
scplantdb_CRA004848:CRX270108@@_TGCTTCGCAGCTGGTC-1,658,Hydathodes,0.907864,Hydathodes,0.901274
scplantdb_CRA004848:CRX270108@@_TGGAGAGAGACCAAGC-1,659,Hydathodes,0.613934,Hydathodes,0.530735
scplantdb_CRA004848:CRX270108@@_TGTAACGAGGCTCCCA-1,660,Hydathodes,0.782475,Hydathodes,0.749085
scplantdb_CRA004848:CRX270108@@_TGTGTGATCTCAATCT-1,661,Adaxial epidermis,0.910555,Adaxial epidermis,0.918700
scplantdb_CRA004848:CRX270108@@_TGTTGAGGTCGTGCCA-1,662,Hydathodes,0.670686,Hydathodes,0.610798
scplantdb_CRA004848:CRX270108@@_TTAGGCACATAGATGA-1,663,Xylem parenchyma,0.885683,Xylem parenchyma,0.874648
scplantdb_CRA004848:CRX270108@@_TTCAATCAGTGATGGC-1,664,Hydathodes,0.868035,Hydathodes,0.837827
scplantdb_CRA004848:CRX270108@@_TTCAGGAAGCGAGTCA-1,665,Hydathodes,0.891746,Hydathodes,0.868545
scplantdb_CRA004848:CRX270108@@_TTCATGTTCGCCGAGT-1,666,Hydathodes,0.912982,Hydathodes,0.900234
scplantdb_CRA004848:CRX270108@@_TTCCAATGTAAGGTCG-1,667,Abaxial epidermis,0.970028,Abaxial epidermis,0.968915
scplantdb_CRA004848:CRX270108@@_TTCCGTGCATGTTTGG-1,668,Hydathodes,0.919009,Hydathodes,0.911136
scplantdb_CRA004848:CRX270108@@_TTGACCCAGTCCCAAT-1,669,Hydathodes,0.841033,Hydathodes,0.821201
scplantdb_CRA004848:CRX270108@@_TTGCTGCGTACCGTGC-1,670,Hydathodes,0.763182,Hydathodes,0.712166
scplantdb_CRA004848:CRX270108@@_TTGTGGAAGGCTTAGG-1,671,Hydathodes,0.686576,Hydathodes,0.643888
scplantdb_CRA004848:CRX270108@@_TTTCCTCAGTCGGCCT-1,672,Abaxial epidermis,0.949938,Abaxial epidermis,0.940913
scplantdb_CRA004848:CRX270107@@_AACCCAAGTTAGAGAT-1,673,Hydathodes,0.793120,Hydathodes,0.734230
scplantdb_CRA004848:CRX270107@@_AAGACTCAGTGCAAAT-1,674,Xylem parenchyma,0.840779,Xylem parenchyma,0.794482
scplantdb_CRA004848:CRX270107@@_AAGCATCGTACGGATG-1,675,Abaxial epidermis,0.936890,Abaxial epidermis,0.932819
scplantdb_CRA004848:CRX270107@@_AAGGTAAAGTCGTTAC-1,676,Hydathodes,0.846884,Hydathodes,0.818775
scplantdb_CRA004848:CRX270107@@_AAGTTCGGTGACACAG-1,677,Mesophyll,0.810737,Mesophyll,0.823355
scplantdb_CRA004848:CRX270107@@_AATCGTGCAACAGCCC-1,678,Adaxial epidermis,0.946352,Adaxial epidermis,0.938999
scplantdb_CRA004848:CRX270107@@_ACAGGGAGTTGGGATG-1,679,Hydathodes,0.764030,Hydathodes,0.721359
scplantdb_CRA004848:CRX270107@@_ACTTTGTAGCGTGAAC-1,680,Hydathodes,0.719053,Hydathodes,0.691427
scplantdb_CRA004848:CRX270107@@_AGCGCCAAGAGGATCC-1,681,Xylem parenchyma,0.630927,Xylem parenchyma,0.593282
scplantdb_CRA004848:CRX270107@@_AGGAAATTCTTTCTAG-1,682,Hydathodes,0.672089,Hydathodes,0.617743
scplantdb_CRA004848:CRX270107@@_AGGTCTAGTGTCTAAC-1,683,Xylem parenchyma,0.917028,Xylem parenchyma,0.904035
scplantdb_CRA004848:CRX270107@@_AGGTTGTAGACCAACG-1,684,Hydathodes,0.473248,Mesophyll,0.430934
scplantdb_CRA004848:CRX270107@@_AGGTTGTGTAGGAGTC-1,685,Hydathodes,0.560387,Hydathodes,0.474082
scplantdb_CRA004848:CRX270107@@_AGGTTGTTCCCTTTGG-1,686,Hydathodes,0.839622,Hydathodes,0.800448
scplantdb_CRA004848:CRX270107@@_AGTCACAGTATTGACC-1,687,Hydathodes,0.361170,Mesophyll,0.356997
scplantdb_CRA004848:CRX270107@@_ATACCTTTCGCTAGCG-1,688,Hydathodes,0.828680,Hydathodes,0.804979
scplantdb_CRA004848:CRX270107@@_ATGAGGGCAGAGCGTA-1,689,Hydathodes,0.884904,Hydathodes,0.867912
scplantdb_CRA004848:CRX270107@@_CAATACGGTCGCACAC-1,690,Xylem parenchyma,0.401490,Xylem parenchyma,0.394949
scplantdb_CRA004848:CRX270107@@_CAGCACGTCATCTATC-1,691,Hydathodes,0.833409,Hydathodes,0.784567
scplantdb_CRA004848:CRX270107@@_CATACAGCACGGTAGA-1,692,Adaxial epidermis,0.530825,Adaxial epidermis,0.516561
scplantdb_CRA004848:CRX270107@@_CATGCAATCTCTGCTG-1,693,Hydathodes,0.500855,Hydathodes,0.431583
scplantdb_CRA004848:CRX270107@@_CCACACTGTCTGTAGT-1,694,Phloem,0.915281,Phloem,0.910188
scplantdb_CRA004848:CRX270107@@_CCACGTTGTCCCTGTT-1,695,Hydathodes,0.563868,Hydathodes,0.522340
scplantdb_CRA004848:CRX270107@@_CCATAAGTCTCATGCC-1,696,Mesophyll,0.468713,Mesophyll,0.559890
scplantdb_CRA004848:CRX270107@@_CCGCAAGTCGCACTCT-1,697,Hydathodes,0.758365,Hydathodes,0.701364
scplantdb_CRA004848:CRX270107@@_CCTGCATCATAGCACT-1,698,Mesophyll,0.534623,Mesophyll,0.606874
scplantdb_CRA004848:CRX270107@@_CCTTCAGTCAAACGAA-1,699,Mesophyll,0.438637,Mesophyll,0.415608
scplantdb_CRA004848:CRX270107@@_CGAGTTAGTCTACACA-1,700,Mesophyll,0.705927,Mesophyll,0.700494
scplantdb_CRA004848:CRX270107@@_CGCCATTAGCAGGGAG-1,701,Hydathodes,0.504554,Mesophyll,0.446248
scplantdb_CRA004848:CRX270107@@_CGGAATTTCTGCATGA-1,702,Mesophyll,0.512897,Mesophyll,0.535049
scplantdb_CRA004848:CRX270107@@_CGTCAAAGTCCCTGTT-1,703,Hydathodes,0.893118,Hydathodes,0.867164
scplantdb_CRA004848:CRX270107@@_CGTCCATTCCGGCAAC-1,704,Hydathodes,0.905254,Hydathodes,0.892791
scplantdb_CRA004848:CRX270107@@_CGTGATAGTGTCTTCC-1,705,Mesophyll,0.403221,Mesophyll,0.485067
scplantdb_CRA004848:CRX270107@@_CTACCCAGTAGACGTG-1,706,Xylem,0.573411,Xylem,0.544452
scplantdb_CRA004848:CRX270107@@_CTCAGAACAGAAGTGC-1,707,Hydathodes,0.897336,Hydathodes,0.881376
scplantdb_CRA004848:CRX270107@@_CTCCATGAGAGAGCCT-1,708,Hydathodes,0.910597,Hydathodes,0.896575
scplantdb_CRA004848:CRX270107@@_CTGAGGCAGATGAACT-1,709,Hydathodes,0.628846,Hydathodes,0.590383
scplantdb_CRA004848:CRX270107@@_CTGAGGCCAGTAGAAT-1,710,Mesophyll,0.714898,Mesophyll,0.763740
scplantdb_CRA004848:CRX270107@@_CTGAGGCGTCTGTAGT-1,711,Hydathodes,0.856990,Hydathodes,0.833460
scplantdb_CRA004848:CRX270107@@_CTGCATCAGGCTCAAG-1,712,Hydathodes,0.456415,Mesophyll,0.515770
scplantdb_CRA004848:CRX270107@@_CTGCGAGCACCCAACG-1,713,Hydathodes,0.847093,Hydathodes,0.815218
scplantdb_CRA004848:CRX270107@@_CTGGACGTCCCTGGTT-1,714,Hydathodes,0.881881,Hydathodes,0.853063
scplantdb_CRA004848:CRX270107@@_CTGTATTTCGATAACC-1,715,Mesophyll,0.470653,Mesophyll,0.493871
scplantdb_CRA004848:CRX270107@@_CTGTGAATCCTTCACG-1,716,Hydathodes,0.878133,Hydathodes,0.861469
scplantdb_CRA004848:CRX270107@@_CTTCAATGTGGAAGTC-1,717,Hydathodes,0.415341,Hydathodes,0.417615
scplantdb_CRA004848:CRX270107@@_CTTCGGTAGGATACGC-1,718,Hydathodes,0.723608,Hydathodes,0.719800
scplantdb_CRA004848:CRX270107@@_GAACTGTTCGACATAC-1,719,Hydathodes,0.865174,Hydathodes,0.832423
scplantdb_CRA004848:CRX270107@@_GAAGCGATCTTTCCGG-1,720,Hydathodes,0.783537,Hydathodes,0.733352
scplantdb_CRA004848:CRX270107@@_GAAGGGTCAGCTTTGA-1,721,Hydathodes,0.886885,Hydathodes,0.876207
scplantdb_CRA004848:CRX270107@@_GAATCGTTCAAGTCTG-1,722,Mesophyll,0.633338,Mesophyll,0.662522
scplantdb_CRA004848:CRX270107@@_GACGCTGGTAAGTTGA-1,723,Hydathodes,0.807182,Hydathodes,0.770064
scplantdb_CRA004848:CRX270107@@_GAGCTGCAGACCTCCG-1,724,Hydathodes,0.557319,Hydathodes,0.446457
scplantdb_CRA004848:CRX270107@@_GCAACATGTAGCGAGT-1,725,Adaxial epidermis,0.930114,Adaxial epidermis,0.935150
scplantdb_CRA004848:CRX270107@@_GCTTCACTCTTCGTAT-1,726,Hydathodes,0.720019,Hydathodes,0.667079
scplantdb_CRA004848:CRX270107@@_GCTTTCGAGACCAAAT-1,727,Hydathodes,0.567977,Hydathodes,0.500588
scplantdb_CRA004848:CRX270107@@_GGACGTCCAAAGACTA-1,728,Mesophyll,0.484911,Mesophyll,0.541946
scplantdb_CRA004848:CRX270107@@_GGAGGTAGTGAATTAG-1,729,Abaxial epidermis,0.944470,Abaxial epidermis,0.945470
scplantdb_CRA004848:CRX270107@@_GGATCTAGTACGTACT-1,730,Hydathodes,0.885501,Hydathodes,0.859619
scplantdb_CRA004848:CRX270107@@_GGCGTCAAGGTCACCC-1,731,Hydathodes,0.448600,Mesophyll,0.396146
scplantdb_CRA004848:CRX270107@@_GGGCTACCACGGTGAA-1,732,Hydathodes,0.675765,Hydathodes,0.606449
scplantdb_CRA004848:CRX270107@@_GGGTTATGTGCCCAGT-1,733,Hydathodes,0.612154,Hydathodes,0.531411
scplantdb_CRA004848:CRX270107@@_GTAGCTATCGCTGTCT-1,734,Hydathodes,0.828950,Hydathodes,0.803465
scplantdb_CRA004848:CRX270107@@_GTAGGTTTCGCTTAAG-1,735,Hydathodes,0.698998,Hydathodes,0.648018
scplantdb_CRA004848:CRX270107@@_GTCTCACAGCACGTCC-1,736,Hydathodes,0.807938,Hydathodes,0.753850
scplantdb_CRA004848:CRX270107@@_GTGAGCCAGGCCACTC-1,737,Hydathodes,0.796998,Hydathodes,0.758323
scplantdb_CRA004848:CRX270107@@_GTGTTAGAGCTACAAA-1,738,Hydathodes,0.882323,Hydathodes,0.864970
scplantdb_CRA004848:CRX270107@@_GTTACGAAGTCACAGG-1,739,Hydathodes,0.783966,Hydathodes,0.728657
scplantdb_CRA004848:CRX270107@@_GTTAGTGGTATGGAAT-1,740,Hydathodes,0.855252,Hydathodes,0.831711
scplantdb_CRA004848:CRX270107@@_GTTGAACCAATTGCGT-1,741,Hydathodes,0.765503,Hydathodes,0.717592
scplantdb_CRA004848:CRX270107@@_GTTTACTTCGCCTCTA-1,742,Mesophyll,0.481537,Mesophyll,0.482248
scplantdb_CRA004848:CRX270107@@_TAACGACAGATAGCAT-1,743,Hydathodes,0.624229,Hydathodes,0.577142
scplantdb_CRA004848:CRX270107@@_TAGAGTCGTTCTTCAT-1,744,Hydathodes,0.762825,Hydathodes,0.734835
scplantdb_CRA004848:CRX270107@@_TATATCCTCACACCCT-1,745,Adaxial epidermis,0.952730,Adaxial epidermis,0.953175
scplantdb_CRA004848:CRX270107@@_TATCTGTGTTAGGACG-1,746,Hydathodes,0.665405,Hydathodes,0.577041
scplantdb_CRA004848:CRX270107@@_TATTCCAGTTCAAAGA-1,747,Hydathodes,0.508022,Hydathodes,0.468511
scplantdb_CRA004848:CRX270107@@_TATTCCATCCCGAGTG-1,748,Hydathodes,0.490498,Hydathodes,0.445114
scplantdb_CRA004848:CRX270107@@_TATTGGGCAGAACTCT-1,749,Mesophyll,0.667206,Mesophyll,0.675207
scplantdb_CRA004848:CRX270107@@_TCCGAAACATTGGGAG-1,750,Hydathodes,0.895325,Hydathodes,0.888046
scplantdb_CRA004848:CRX270107@@_TCCGGGAGTGCACAAG-1,751,Hydathodes,0.643210,Hydathodes,0.587995
scplantdb_CRA004848:CRX270107@@_TCGCTCAAGCGATGCA-1,752,Hydathodes,0.781770,Hydathodes,0.747846
scplantdb_CRA004848:CRX270107@@_TCTATCAAGCTGACTT-1,753,Hydathodes,0.669554,Hydathodes,0.617839
scplantdb_CRA004848:CRX270107@@_TCTATCACATAATGCC-1,754,Adaxial epidermis,0.948238,Adaxial epidermis,0.960460
scplantdb_CRA004848:CRX270107@@_TCTGTCGCATACCACA-1,755,Xylem parenchyma,0.493045,Xylem parenchyma,0.494711
scplantdb_CRA004848:CRX270107@@_TCTTCCTCAGTTAGAA-1,756,Hydathodes,0.635760,Hydathodes,0.616632
scplantdb_CRA004848:CRX270107@@_TGAACGTCAGCCGTCA-1,757,Abaxial epidermis,0.966892,Abaxial epidermis,0.962946
scplantdb_CRA004848:CRX270107@@_TGGGAGAGTTACGTAC-1,758,Xylem parenchyma,0.335323,Xylem parenchyma,0.301165
scplantdb_CRA004848:CRX270107@@_TGTACAGAGACGACTG-1,759,Xylem parenchyma,0.413349,Xylem parenchyma,0.367607
scplantdb_CRA004848:CRX270107@@_TGTTGGACAAGACGGT-1,760,Hydathodes,0.823139,Hydathodes,0.793137
scplantdb_CRA004848:CRX270107@@_TTACGCCAGGCCACTC-1,761,Hydathodes,0.440620,Hydathodes,0.399791
scplantdb_CRA004848:CRX270107@@_TTCCGGTCAGCTAACT-1,762,Hydathodes,0.655420,Hydathodes,0.568395
scplantdb_CRA004848:CRX270107@@_TTGCGTCTCAAGCCTA-1,763,Xylem parenchyma,0.546162,Xylem parenchyma,0.531679
scplantdb_CRA004848:CRX270107@@_TTGGATGTCGATTCCC-1,764,Mesophyll,0.496887,Mesophyll,0.507828
scplantdb_CRA004848:CRX270107@@_TTGGGTATCGATCCCT-1,765,Hydathodes,0.714262,Hydathodes,0.707579
scplantdb_CRA004848:CRX270107@@_TTTGACTCACCCAACG-1,766,Hydathodes,0.842697,Hydathodes,0.798595
scplantdb_CRA004848:CRX270107@@_TTTGTTGAGGCTCTCG-1,767,Hydathodes,0.908514,Hydathodes,0.905175
scplantdb_CRA006988:CRX443755@@_AACACGTGTACAGTTC-1,768,Unknow,0.938549,Unknow,0.908556
scplantdb_CRA006988:CRX443755@@_AACTCAGCATACGCCG-1,769,Unknow,0.834364,Unknow,0.758955
scplantdb_CRA006988:CRX443755@@_AAGCCGCTCCGCGCAA-1,770,Vascular tissue,0.479974,Vascular tissue,0.344865
scplantdb_CRA006988:CRX443755@@_AAGGTTCGTTGATTGC-1,771,Unknow,0.869399,Unknow,0.812622
scplantdb_CRA006988:CRX443755@@_ACATCAGAGGTGTTAA-1,772,Unknow,0.745523,Unknow,0.662806
scplantdb_CRA006988:CRX443755@@_ACATCAGGTAAGAGGA-1,773,Unknow,0.685437,Unknow,0.610540
scplantdb_CRA006988:CRX443755@@_ACCGTAAAGCCGGTAA-1,774,Unknow,0.648454,Unknow,0.576644
scplantdb_CRA006988:CRX443755@@_ACCGTAAGTTCGGCAC-1,775,Unknow,0.636334,Unknow,0.562147
scplantdb_CRA006988:CRX443755@@_ACCTTTATCTTGAGGT-1,776,Unknow,0.787647,Unknow,0.716940
scplantdb_CRA006988:CRX443755@@_ACGAGCCGTCTAAACC-1,777,Unknow,0.862647,Unknow,0.866055
scplantdb_CRA006988:CRX443755@@_ACGAGGAAGTACGTAA-1,778,Unknow,0.752527,Unknow,0.719402
scplantdb_CRA006988:CRX443755@@_ACGATGTCAAGCGCTC-1,779,Leaf epidermis,0.950488,Leaf epidermis,0.952426
scplantdb_CRA006988:CRX443755@@_ACGGCCATCCTGTAGA-1,780,Leaf epidermis,0.855691,Leaf epidermis,0.881408
scplantdb_CRA006988:CRX443755@@_ACGGGCTGTTAGTGGG-1,781,Leaf epidermis,0.969841,Leaf epidermis,0.974497
scplantdb_CRA006988:CRX443755@@_ACTGTCCGTAACGTTC-1,782,Unknow,0.649135,Unknow,0.575934
scplantdb_CRA006988:CRX443755@@_ACTTACTAGTGGGATC-1,783,Unknow,0.889645,Unknow,0.834600
scplantdb_CRA006988:CRX443755@@_ACTTTCAAGATCTGCT-1,784,Unknow,0.912482,Unknow,0.864197
scplantdb_CRA006988:CRX443755@@_AGAATAGCATGCTAGT-1,785,Unknow,0.816806,Unknow,0.747027
scplantdb_CRA006988:CRX443755@@_AGATTGCCACTAGTAC-1,786,Unknow,0.653807,Unknow,0.578399
scplantdb_CRA006988:CRX443755@@_AGCCTAAGTCTGCAAT-1,787,Unknow,0.439963,Meristematic cell,0.442251
scplantdb_CRA006988:CRX443755@@_AGCGGTCCACAACGCC-1,788,Unknow,0.891354,Unknow,0.847866
scplantdb_CRA006988:CRX443755@@_AGCGTATAGCTGCAAG-1,789,Unknow,0.805360,Unknow,0.745291
scplantdb_CRA006988:CRX443755@@_AGCGTATGTACCATCA-1,790,Leaf epidermis,0.936519,Leaf epidermis,0.936367
scplantdb_CRA006988:CRX443755@@_AGCGTATTCTACTCAT-1,791,Unknow,0.839215,Unknow,0.768481
scplantdb_CRA006988:CRX443755@@_CAAGGCCAGGAGTCTG-1,792,Leaf epidermis,0.945211,Leaf epidermis,0.954191
scplantdb_CRA006988:CRX443755@@_CACATAGCATTACCTT-1,793,Unknow,0.546085,Unknow,0.555708
scplantdb_CRA006988:CRX443755@@_CACATTTGTTACGTCA-1,794,Unknow,0.556978,Unknow,0.637787
scplantdb_CRA006988:CRX443755@@_CACTCCATCTGTCAAG-1,795,Leaf epidermis,0.613539,Leaf epidermis,0.630524
scplantdb_CRA006988:CRX443755@@_CAGAATCGTCATCGGC-1,796,Unknow,0.879415,Unknow,0.827707
scplantdb_CRA006988:CRX443755@@_CAGTCCTCAGGAACGT-1,797,Unknow,0.410760,Unknow,0.447365
scplantdb_CRA006988:CRX443755@@_CATCGGGAGATGAGAG-1,798,Leaf epidermis,0.570958,Leaf epidermis,0.572733
scplantdb_CRA006988:CRX443755@@_CCCAATCCAAGCCGCT-1,799,Leaf epidermis,0.974348,Leaf epidermis,0.975750
scplantdb_CRA006988:CRX443755@@_CCCAGTTCAATCTACG-1,800,Unknow,0.861898,Unknow,0.801529
scplantdb_CRA006988:CRX443755@@_CCGGGATAGATGTGGC-1,801,Leaf epidermis,0.501090,Leaf epidermis,0.463866
scplantdb_CRA006988:CRX443755@@_CCGGTAGAGAAGAAGC-1,802,Unknow,0.885968,Unknow,0.832889
scplantdb_CRA006988:CRX443755@@_CCTCAGTCATCTCCCA-1,803,Unknow,0.756504,Unknow,0.678393
scplantdb_CRA006988:CRX443755@@_CCTTACGGTTGGACCC-1,804,Unknow,0.658705,Unknow,0.589390
scplantdb_CRA006988:CRX443755@@_CGAACATAGTCCAGGA-1,805,Unknow,0.737652,Unknow,0.665267
scplantdb_CRA006988:CRX443755@@_CGACCTTAGAAGAAGC-1,806,Unknow,0.678332,Unknow,0.639111
scplantdb_CRA006988:CRX443755@@_CGATGTATCAGTTAGC-1,807,Unknow,0.700929,Unknow,0.621650
scplantdb_CRA006988:CRX443755@@_CGGACACGTAGGACAC-1,808,Unknow,0.813138,Unknow,0.737084
scplantdb_CRA006988:CRX443755@@_CGGACGTTCGTAGGTT-1,809,Unknow,0.796297,Unknow,0.751030
scplantdb_CRA006988:CRX443755@@_CGGACTGAGCTGATAA-1,810,Unknow,0.775902,Unknow,0.800188
scplantdb_CRA006988:CRX443755@@_CGGACTGCAAACTGTC-1,811,Leaf epidermis,0.781676,Leaf epidermis,0.812145
scplantdb_CRA006988:CRX443755@@_CGTGTCTGTAGCTTGT-1,812,Meristematic cell,0.964044,Meristematic cell,0.968598
scplantdb_CRA006988:CRX443755@@_CTAATGGGTTAAAGAC-1,813,Unknow,0.885045,Unknow,0.813981
scplantdb_CRA006988:CRX443755@@_CTACACCAGCATCATC-1,814,Leaf epidermis,0.363163,Leaf epidermis,0.400023
scplantdb_CRA006988:CRX443755@@_CTAGTGATCACCAGGC-1,815,Unknow,0.912371,Unknow,0.897666
scplantdb_CRA006988:CRX443755@@_CTCGAAAAGAGTAATC-1,816,Unknow,0.864366,Unknow,0.851154
scplantdb_CRA006988:CRX443755@@_CTCGGAGCAATAAGCA-1,817,Leaf epidermis,0.967577,Leaf epidermis,0.970469
scplantdb_CRA006988:CRX443755@@_CTCTGGTCACCCAGTG-1,818,Unknow,0.699199,Unknow,0.623382
scplantdb_CRA006988:CRX443755@@_CTGAAACTCTCCTATA-1,819,Unknow,0.902155,Unknow,0.898856
scplantdb_CRA006988:CRX443755@@_CTGTGCTAGCGTGAAC-1,820,Vascular tissue,0.460305,Vascular tissue,0.323704
scplantdb_CRA006988:CRX443755@@_CTGTTTATCTGTGCAA-1,821,Unknow,0.922313,Unknow,0.913792
scplantdb_CRA006988:CRX443755@@_CTTCTCTCACCGATAT-1,822,Leaf epidermis,0.938980,Leaf epidermis,0.946754
scplantdb_CRA006988:CRX443755@@_CTTGGCTGTTTGTTGG-1,823,Meristematic cell,0.959128,Meristematic cell,0.962907
scplantdb_CRA006988:CRX443755@@_GAACATCCAATAGCGG-1,824,Unknow,0.826260,Unknow,0.856715
scplantdb_CRA006988:CRX443755@@_GAACCTAGTTACGACT-1,825,Unknow,0.780433,Unknow,0.702552
scplantdb_CRA006988:CRX443755@@_GAATAAGTCCCTCAGT-1,826,Unknow,0.838563,Unknow,0.769755
scplantdb_CRA006988:CRX443755@@_GAATGAACATAAGACA-1,827,Unknow,0.806369,Unknow,0.738957
scplantdb_CRA006988:CRX443755@@_GACACGCTCCGTTGCT-1,828,Leaf epidermis,0.293314,Leaf epidermis,0.340382
scplantdb_CRA006988:CRX443755@@_GACGGCTTCAAGAAGT-1,829,Unknow,0.892616,Unknow,0.852469
scplantdb_CRA006988:CRX443755@@_GACTGCGCATTTCAGG-1,830,Leaf epidermis,0.669191,Leaf epidermis,0.648133
scplantdb_CRA006988:CRX443755@@_GATCGATAGGGTCGAT-1,831,Unknow,0.745709,Unknow,0.679231
scplantdb_CRA006988:CRX443755@@_GATCGATCATGTCTCC-1,832,Leaf epidermis,0.955935,Leaf epidermis,0.962058
scplantdb_CRA006988:CRX443755@@_GATCGATGTAGCAAAT-1,833,Leaf epidermis,0.965145,Leaf epidermis,0.964916
scplantdb_CRA006988:CRX443755@@_GCGCCAACACGCGAAA-1,834,Unknow,0.855621,Unknow,0.841457
scplantdb_CRA006988:CRX443755@@_GCGCCAAGTGCGCTTG-1,835,Unknow,0.899995,Unknow,0.871164
scplantdb_CRA006988:CRX443755@@_GCTGCAGAGTGAACGC-1,836,Unknow,0.868498,Unknow,0.829299
scplantdb_CRA006988:CRX443755@@_GCTGCGATCCCTAACC-1,837,Unknow,0.938811,Unknow,0.909917
scplantdb_CRA006988:CRX443755@@_GCTGGGTCACCGGAAA-1,838,Unknow,0.733629,Unknow,0.682406
scplantdb_CRA006988:CRX443755@@_GGACAGACATCCTTGC-1,839,Unknow,0.616837,Unknow,0.598210
scplantdb_CRA006988:CRX443755@@_GGACATTCACTTACGA-1,840,Unknow,0.817434,Unknow,0.744789
scplantdb_CRA006988:CRX443755@@_GGAGCAACAGACGCAA-1,841,Leaf epidermis,0.857594,Leaf epidermis,0.864560
scplantdb_CRA006988:CRX443755@@_GGATGTTAGAAACCTA-1,842,Unknow,0.881307,Unknow,0.853247
scplantdb_CRA006988:CRX443755@@_GGATGTTAGCTCTCGG-1,843,Unknow,0.918363,Unknow,0.884137
scplantdb_CRA006988:CRX443755@@_GGATTACCAGCTGCTG-1,844,Unknow,0.714829,Unknow,0.673166
scplantdb_CRA006988:CRX443755@@_GGCGACTGTCTAGTCA-1,845,Unknow,0.578911,Unknow,0.499110
scplantdb_CRA006988:CRX443755@@_GGCTGGTAGGCTCTTA-1,846,Unknow,0.838032,Unknow,0.770949
scplantdb_CRA006988:CRX443755@@_GGGAGATAGAGAGCTC-1,847,Unknow,0.823654,Unknow,0.762201
scplantdb_CRA006988:CRX443755@@_GGGTCTGAGACAAGCC-1,848,Unknow,0.887342,Unknow,0.879893
scplantdb_CRA006988:CRX443755@@_GGGTTGCAGAGTAATC-1,849,Unknow,0.590956,Unknow,0.520839
scplantdb_CRA006988:CRX443755@@_GGGTTGCCATACTCTT-1,850,Unknow,0.877765,Unknow,0.812049
scplantdb_CRA006988:CRX443755@@_GGTGTTACACAGGAGT-1,851,Unknow,0.752266,Unknow,0.760455
scplantdb_CRA006988:CRX443755@@_GTACGTAAGCGCTTAT-1,852,Unknow,0.751265,Unknow,0.683421
scplantdb_CRA006988:CRX443755@@_GTACGTACATCACGTA-1,853,Leaf epidermis,0.847264,Leaf epidermis,0.850892
scplantdb_CRA006988:CRX443755@@_GTCACGGCACGGCCAT-1,854,Unknow,0.373623,Unknow,0.401137
scplantdb_CRA006988:CRX443755@@_GTCGGGTCACGAGGTA-1,855,Unknow,0.719301,Unknow,0.641346
scplantdb_CRA006988:CRX443755@@_GTGGGTCTCTGAGTGT-1,856,Unknow,0.920870,Unknow,0.898723
scplantdb_CRA006988:CRX443755@@_GTTCTCGCACCTTGTC-1,857,Unknow,0.927288,Unknow,0.883973
scplantdb_CRA006988:CRX443755@@_TACCTTATCGGTTCGG-1,858,Unknow,0.651082,Unknow,0.622482
scplantdb_CRA006988:CRX443755@@_TACGGATCAATGTAAG-1,859,Unknow,0.362703,Unknow,0.411511
scplantdb_CRA006988:CRX443755@@_TACGGATTCGAGAGCA-1,860,Unknow,0.839621,Unknow,0.841436
scplantdb_CRA006988:CRX443755@@_TACTCGCTCAGCTGGC-1,861,Unknow,0.705679,Unknow,0.629535
scplantdb_CRA006988:CRX443755@@_TACTTGTTCGGAAACG-1,862,Unknow,0.452607,Unknow,0.436144
scplantdb_CRA006988:CRX443755@@_TCAACGATCTAGAGTC-1,863,Unknow,0.861700,Unknow,0.780561
scplantdb_CRA006988:CRX443755@@_TCACAAGGTTCCACTC-1,864,Leaf epidermis,0.854770,Leaf epidermis,0.843241
scplantdb_CRA006988:CRX443755@@_TCAGATGAGCCTATGT-1,865,Unknow,0.886747,Unknow,0.875099
scplantdb_CRA006988:CRX443755@@_TCAGGTATCCTAGTGA-1,866,Unknow,0.954922,Unknow,0.935649
scplantdb_CRA006988:CRX443755@@_TCCACACAGTTTGCGT-1,867,Unknow,0.783573,Unknow,0.729827
scplantdb_CRA006988:CRX443755@@_TCCACACTCTGGAGCC-1,868,Leaf epidermis,0.958768,Leaf epidermis,0.962800
scplantdb_CRA006988:CRX443755@@_TCGGGACAGATGGGTC-1,869,Unknow,0.864910,Unknow,0.846461
scplantdb_CRA006988:CRX443755@@_TCTGGAAAGCCGGTAA-1,870,Unknow,0.877803,Unknow,0.872766
scplantdb_CRA006988:CRX443755@@_TGAGAGGAGCCTATGT-1,871,Unknow,0.587943,Unknow,0.529751
scplantdb_CRA006988:CRX443755@@_TGCGCAGAGTGATCGG-1,872,Unknow,0.719115,Unknow,0.641951
scplantdb_CRA006988:CRX443755@@_TGGGCGTTCTCTAAGG-1,873,Unknow,0.656712,Unknow,0.705121
scplantdb_CRA006988:CRX443755@@_TGGTTAGCAGTCGTGC-1,874,Unknow,0.874227,Unknow,0.795434
scplantdb_CRA006988:CRX443755@@_TGTATTCGTGCCTTGG-1,875,Unknow,0.725018,Unknow,0.651334
scplantdb_CRA006988:CRX443755@@_TGTTCCGCAGCTTCGG-1,876,Meristematic cell,0.785656,Meristematic cell,0.824096
scplantdb_CRA006988:CRX443755@@_TGTTCCGTCCTTTCTC-1,877,Unknow,0.592528,Unknow,0.561033
scplantdb_CRA006988:CRX443755@@_TTCGGTCTCGCCAGCA-1,878,Unknow,0.875315,Unknow,0.825413
scplantdb_CRA006988:CRX443755@@_TTGCGTCCATTGTGCA-1,879,Leaf epidermis,0.912539,Leaf epidermis,0.915852
scplantdb_CRA006988:CRX443756@@_AAAGGATGTCGTTGCG-1,880,Unknow,0.405887,Unknow,0.396803
scplantdb_CRA006988:CRX443756@@_AAAGTGAAGGTGCTGA-1,881,Unknow,0.513511,Unknow,0.445892
scplantdb_CRA006988:CRX443756@@_AACAGGGGTGAATTAG-1,882,Unknow,0.769113,Unknow,0.695896
scplantdb_CRA006988:CRX443756@@_AAGGTAAGTTAGGAGC-1,883,Unknow,0.402806,Unknow,0.475496
scplantdb_CRA006988:CRX443756@@_AATGACCTCCCAGGAC-1,884,Meristematic cell,0.946511,Meristematic cell,0.956152
scplantdb_CRA006988:CRX443756@@_ACATCGACATACTGAC-1,885,Unknow,0.541955,Unknow,0.510698
scplantdb_CRA006988:CRX443756@@_ACATTTCCACCTGATA-1,886,Unknow,0.714909,Unknow,0.658236
scplantdb_CRA006988:CRX443756@@_ACTCTCGTCTGGACTA-1,887,Meristematic cell,0.813046,Meristematic cell,0.851994
scplantdb_CRA006988:CRX443756@@_ACTGCAACATGGATCT-1,888,Unknow,0.582027,Unknow,0.547405
scplantdb_CRA006988:CRX443756@@_ACTTATCCACGGGTAA-1,889,Unknow,0.418250,Unknow,0.444444
scplantdb_CRA006988:CRX443756@@_AGAGCCCTCCGATAGT-1,890,Meristematic cell,0.804181,Meristematic cell,0.851959
scplantdb_CRA006988:CRX443756@@_AGCTACACACCTGAAT-1,891,Unknow,0.416101,Unknow,0.479690
scplantdb_CRA006988:CRX443756@@_AGGACTTCATTGGATC-1,892,Leaf epidermis,0.940850,Leaf epidermis,0.945682
scplantdb_CRA006988:CRX443756@@_AGGCCACGTTCCTACC-1,893,Unknow,0.515018,Unknow,0.482962
scplantdb_CRA006988:CRX443756@@_ATCGATGTCCATCCGT-1,894,Leaf guard cell,0.683490,Leaf guard cell,0.625250
scplantdb_CRA006988:CRX443756@@_ATCGCCTTCTTCCCGA-1,895,Unknow,0.691533,Unknow,0.706293
scplantdb_CRA006988:CRX443756@@_ATCTCTATCTACGCGG-1,896,Vascular tissue,0.496502,Vascular tissue,0.354751
scplantdb_CRA006988:CRX443756@@_ATGCGATCAGGCCCTA-1,897,Unknow,0.564639,Unknow,0.513666
scplantdb_CRA006988:CRX443756@@_ATTTCTGCAAGTCCAT-1,898,Unknow,0.644749,Unknow,0.608374
scplantdb_CRA006988:CRX443756@@_CAAGACTAGTACTGGG-1,899,Unknow,0.618708,Unknow,0.571205
scplantdb_CRA006988:CRX443756@@_CAGCCAGTCGTGGTAT-1,900,Unknow,0.632147,Unknow,0.567207
scplantdb_CRA006988:CRX443756@@_CCCTAACCAGAAGTTA-1,901,Unknow,0.357309,Unknow,0.393044
scplantdb_CRA006988:CRX443756@@_CCCTCTCGTCGTTGCG-1,902,Leaf epidermis,0.893738,Leaf epidermis,0.898220
scplantdb_CRA006988:CRX443756@@_CCTAAGAGTTTCCAAG-1,903,Bundle sheath,0.358671,Bundle sheath,0.308520
scplantdb_CRA006988:CRX443756@@_CCTCTAGCATGAAGGC-1,904,Unknow,0.595848,Unknow,0.561129
scplantdb_CRA006988:CRX443756@@_CTATCTAGTCTTGAGT-1,905,Unknow,0.491756,Unknow,0.437432
scplantdb_CRA006988:CRX443756@@_CTCACTGTCCGTCACT-1,906,Bundle sheath,0.316949,Bundle sheath,0.270023
scplantdb_CRA006988:CRX443756@@_CTCCACAGTTGTCAGT-1,907,Vascular tissue,0.392305,Vascular tissue,0.255106
scplantdb_CRA006988:CRX443756@@_CTCCCAAAGGAAAGTG-1,908,Unknow,0.494252,Unknow,0.443875
scplantdb_CRA006988:CRX443756@@_CTCCGATAGTTGCATC-1,909,Unknow,0.834875,Unknow,0.793193
scplantdb_CRA006988:CRX443756@@_CTCCTCCCAAGAATGT-1,910,Vascular tissue,0.392470,Leaf epidermis,0.354921
scplantdb_CRA006988:CRX443756@@_CTGCATCTCGGTAGAG-1,911,Meristematic cell,0.947859,Meristematic cell,0.957136
scplantdb_CRA006988:CRX443756@@_CTGGACGGTCATCCGG-1,912,Leaf guard cell,0.987107,Leaf guard cell,0.988370
scplantdb_CRA006988:CRX443756@@_CTGGTCTGTCCAAATC-1,913,Unknow,0.551611,Unknow,0.644672
scplantdb_CRA006988:CRX443756@@_CTGTGAACAGCTGTTA-1,914,Leaf epidermis,0.556365,Leaf epidermis,0.518616
scplantdb_CRA006988:CRX443756@@_CTGTGAATCGGCTTCT-1,915,Unknow,0.524624,Unknow,0.567776
scplantdb_CRA006988:CRX443756@@_GACCTTCGTTCTGACA-1,916,Unknow,0.676134,Unknow,0.614732
scplantdb_CRA006988:CRX443756@@_GACGTTAGTGTACATC-1,917,Bundle sheath,0.323199,Bundle sheath,0.266609
scplantdb_CRA006988:CRX443756@@_GAGTGAGCAATGGGTG-1,918,Unknow,0.481420,Unknow,0.423095
scplantdb_CRA006988:CRX443756@@_GATTCGATCAGGAAAT-1,919,Unknow,0.611721,Unknow,0.639677
scplantdb_CRA006988:CRX443756@@_GCCGTGAGTATGCAAA-1,920,Leaf epidermis,0.718986,Leaf epidermis,0.729468
scplantdb_CRA006988:CRX443756@@_GGCACGTTCACACGAT-1,921,Unknow,0.396385,Unknow,0.409721
scplantdb_CRA006988:CRX443756@@_GGGCGTTAGATTTGCC-1,922,Unknow,0.556280,Unknow,0.498438
scplantdb_CRA006988:CRX443756@@_GGGTCTGGTGGTTCTA-1,923,Unknow,0.418004,Unknow,0.425024
scplantdb_CRA006988:CRX443756@@_GGGTTTAGTCTCGGGT-1,924,Leaf epidermis,0.932612,Leaf epidermis,0.946039
scplantdb_CRA006988:CRX443756@@_GTGCGTGGTCGTGGTC-1,925,Unknow,0.513874,Unknow,0.457175
scplantdb_CRA006988:CRX443756@@_TAAGCACCAAAGTGTA-1,926,Meristematic cell,0.798974,Meristematic cell,0.877166
scplantdb_CRA006988:CRX443756@@_TAGACTGAGGCATTTC-1,927,Meristematic cell,0.788265,Meristematic cell,0.814103
scplantdb_CRA006988:CRX443756@@_TATCAGGAGGTCATAA-1,928,Unknow,0.700337,Unknow,0.744218
scplantdb_CRA006988:CRX443756@@_TATTGCTCACTGGAAG-1,929,Leaf epidermis,0.924374,Leaf epidermis,0.914529
scplantdb_CRA006988:CRX443756@@_TCAAGACAGATAGGGA-1,930,Vascular tissue,0.394456,Vascular tissue,0.265816
scplantdb_CRA006988:CRX443756@@_TCAGTCCTCATCGTAG-1,931,Unknow,0.873077,Unknow,0.787519
scplantdb_CRA006988:CRX443756@@_TCGCTCATCTACACAG-1,932,Unknow,0.419141,Unknow,0.412715
scplantdb_CRA006988:CRX443756@@_TCTCACGTCGAAATCC-1,933,Leaf epidermis,0.903225,Leaf epidermis,0.908450
scplantdb_CRA006988:CRX443756@@_TCTCCGAGTGTTGACT-1,934,Unknow,0.580071,Unknow,0.439179
scplantdb_CRA006988:CRX443756@@_TGCAGGCCATGGCCAC-1,935,Meristematic cell,0.907487,Meristematic cell,0.905191
scplantdb_CRA006988:CRX443756@@_TGGAGAGCAATTTCGG-1,936,Unknow,0.379831,Unknow,0.389823
scplantdb_CRA006988:CRX443756@@_TGGGAGACATGGAATA-1,937,Unknow,0.873001,Unknow,0.841697
scplantdb_CRA006988:CRX443756@@_TGGGATTGTCGGCTAC-1,938,Leaf epidermis,0.959923,Leaf epidermis,0.967426
scplantdb_CRA006988:CRX443756@@_TGGTGATCAGGCCCTA-1,939,Unknow,0.785903,Unknow,0.784517
scplantdb_CRA006988:CRX443756@@_TTAGGGTCAACCGACC-1,940,Leaf guard cell,0.432125,Leaf guard cell,0.452315
scplantdb_CRA006988:CRX443756@@_TTCAATCAGCTTCGTA-1,941,Leaf epidermis,0.827083,Leaf epidermis,0.817627
scplantdb_CRA006988:CRX443756@@_TTCACGCCACGGTGAA-1,942,Meristematic cell,0.876524,Meristematic cell,0.901429
scplantdb_CRA006988:CRX443756@@_TTCCGGTCAGTGCGCT-1,943,Unknow,0.857410,Unknow,0.817343
scplantdb_CRA006988:CRX443756@@_TTCCTCTGTCCAGGTC-1,944,Leaf epidermis,0.955453,Leaf epidermis,0.965047
scplantdb_CRA006988:CRX443756@@_TTGTTCATCGAACTCA-1,945,Leaf epidermis,0.907615,Leaf epidermis,0.915768
scplantdb_CRA006988:CRX443756@@_TTTACCATCCGTAGGC-1,946,Unknow,0.591673,Unknow,0.609061
scplantdb_CRA006988:CRX443756@@_TTTGGAGGTCCCTCAT-1,947,Unknow,0.408935,Unknow,0.408514
scplantdb_CRA006988:CRX443757@@_AACAACCGTAAGTAGT-1,948,Unknow,0.726268,Unknow,0.724695
scplantdb_CRA006988:CRX443757@@_AACAAGAGTCTACATG-1,949,Unknow,0.847499,Unknow,0.791420
scplantdb_CRA006988:CRX443757@@_AACCCAATCCATAGAC-1,950,Leaf epidermis,0.569902,Leaf epidermis,0.668704
scplantdb_CRA006988:CRX443757@@_ACAGCCGCACAAAGCG-1,951,Unknow,0.870191,Unknow,0.804018
scplantdb_CRA006988:CRX443757@@_ACAGGGAAGTGATTCC-1,952,Unknow,0.650596,Unknow,0.627271
scplantdb_CRA006988:CRX443757@@_ACTGATGCAGGGTCTC-1,953,Unknow,0.598828,Unknow,0.672746
scplantdb_CRA006988:CRX443757@@_ACTGCAATCTCGGTAA-1,954,Leaf epidermis,0.321035,Leaf epidermis,0.357456
scplantdb_CRA006988:CRX443757@@_AGAGCAGTCAATCAGC-1,955,Leaf epidermis,0.954916,Leaf epidermis,0.957627
scplantdb_CRA006988:CRX443757@@_AGGAAATCATAGGTAA-1,956,Unknow,0.875340,Unknow,0.816558
scplantdb_CRA006988:CRX443757@@_AGGAAATTCATGCTAG-1,957,Unknow,0.771459,Unknow,0.779567
scplantdb_CRA006988:CRX443757@@_AGGCTGCCATCCGTTC-1,958,Unknow,0.525591,Unknow,0.533571
scplantdb_CRA006988:CRX443757@@_AGGGCTCGTTGATCGT-1,959,Bundle sheath,0.385504,Unknow,0.349255
scplantdb_CRA006988:CRX443757@@_AGTGACTCAAGCTGTT-1,960,Leaf epidermis,0.963062,Leaf epidermis,0.972671
scplantdb_CRA006988:CRX443757@@_AGTGATCTCCTCTCGA-1,961,Meristematic cell,0.313098,Leaf epidermis,0.331283
scplantdb_CRA006988:CRX443757@@_AGTTCCCCATGATGCT-1,962,Meristematic cell,0.956880,Meristematic cell,0.964719
scplantdb_CRA006988:CRX443757@@_ATACTTCAGCCATATC-1,963,Unknow,0.852659,Unknow,0.836764
scplantdb_CRA006988:CRX443757@@_ATTCAGGGTTCTCCCA-1,964,Unknow,0.695416,Unknow,0.698317
scplantdb_CRA006988:CRX443757@@_ATTCAGGTCATTTACC-1,965,Leaf epidermis,0.965940,Leaf epidermis,0.967320
scplantdb_CRA006988:CRX443757@@_ATTCCCGTCCTCTCGA-1,966,Leaf epidermis,0.955629,Leaf epidermis,0.965601
scplantdb_CRA006988:CRX443757@@_ATTCGTTTCTGTCTCG-1,967,Unknow,0.484626,Unknow,0.492433
scplantdb_CRA006988:CRX443757@@_CAACGATAGTAACCGG-1,968,Meristematic cell,0.914917,Meristematic cell,0.937729
scplantdb_CRA006988:CRX443757@@_CAGAGCCTCAGTGTTG-1,969,Meristematic cell,0.912425,Meristematic cell,0.923379
scplantdb_CRA006988:CRX443757@@_CAGCAATAGGCTATCT-1,970,Unknow,0.873848,Unknow,0.855370
scplantdb_CRA006988:CRX443757@@_CAGCAATGTACACGTT-1,971,Unknow,0.713288,Unknow,0.680551
scplantdb_CRA006988:CRX443757@@_CAGCACGCAAATGGTA-1,972,Unknow,0.786397,Unknow,0.762925
scplantdb_CRA006988:CRX443757@@_CATGCTCCACTAGTAC-1,973,Leaf epidermis,0.947916,Leaf epidermis,0.949363
scplantdb_CRA006988:CRX443757@@_CATGGATAGAGCAACC-1,974,Unknow,0.928680,Unknow,0.879471
scplantdb_CRA006988:CRX443757@@_CATTGCCGTTGTCCCT-1,975,Meristematic cell,0.932821,Meristematic cell,0.933684
scplantdb_CRA006988:CRX443757@@_CATTGTTGTCCGGTGT-1,976,Unknow,0.682675,Unknow,0.669929
scplantdb_CRA006988:CRX443757@@_CCACGTTAGGGCTAAC-1,977,Unknow,0.848824,Unknow,0.769221
scplantdb_CRA006988:CRX443757@@_CCATAAGAGTCATGAA-1,978,Leaf epidermis,0.838840,Leaf epidermis,0.859511
scplantdb_CRA006988:CRX443757@@_CCCATTGGTTTGGAGG-1,979,Unknow,0.932039,Unknow,0.894967
scplantdb_CRA006988:CRX443757@@_CCCTCAATCTGATTCT-1,980,Unknow,0.833602,Unknow,0.731173
scplantdb_CRA006988:CRX443757@@_CCGGTGACATGCGGTC-1,981,Unknow,0.818879,Unknow,0.804660
scplantdb_CRA006988:CRX443757@@_CCTACGTGTGCTGCAC-1,982,Unknow,0.916997,Unknow,0.869483
scplantdb_CRA006988:CRX443757@@_CCTCAACGTTGCAAGG-1,983,Unknow,0.475515,Unknow,0.409744
scplantdb_CRA006988:CRX443757@@_CCTCACAGTATGATCC-1,984,Meristematic cell,0.969722,Meristematic cell,0.967195
scplantdb_CRA006988:CRX443757@@_CGGAATTAGAGTATAC-1,985,Meristematic cell,0.343080,Meristematic cell,0.456701
scplantdb_CRA006988:CRX443757@@_CGTAAGTTCTTCCCGA-1,986,Unknow,0.915924,Unknow,0.898285
scplantdb_CRA006988:CRX443757@@_CGTGTCTAGCTCACTA-1,987,Leaf epidermis,0.418954,Leaf epidermis,0.507236
scplantdb_CRA006988:CRX443757@@_CTACCCAGTTGAGGAC-1,988,Unknow,0.704472,Unknow,0.670504
scplantdb_CRA006988:CRX443757@@_CTCCAACTCGCTATTT-1,989,Unknow,0.653658,Unknow,0.674607
scplantdb_CRA006988:CRX443757@@_CTCTCGAAGGTCATCT-1,990,Unknow,0.537522,Unknow,0.527940
scplantdb_CRA006988:CRX443757@@_CTGAGCGCAACACAGG-1,991,Unknow,0.858589,Unknow,0.781292
scplantdb_CRA006988:CRX443757@@_CTGCCATAGTGTGTTC-1,992,Bundle sheath,0.395483,Bundle sheath,0.375042
scplantdb_CRA006988:CRX443757@@_CTGTAGAAGTCGTTAC-1,993,Unknow,0.418869,Unknow,0.508141
scplantdb_CRA006988:CRX443757@@_GAACGTTGTTGTCCCT-1,994,Unknow,0.537677,Unknow,0.511342
scplantdb_CRA006988:CRX443757@@_GAATCGTGTACAGTAA-1,995,Unknow,0.729295,Unknow,0.713818
scplantdb_CRA006988:CRX443757@@_GACAGCCCAGTAGAAT-1,996,Meristematic cell,0.835612,Meristematic cell,0.878482
scplantdb_CRA006988:CRX443757@@_GACTTCCAGTCCTGCG-1,997,Unknow,0.867523,Unknow,0.833564
scplantdb_CRA006988:CRX443757@@_GAGCCTGCAGCACGAA-1,998,Unknow,0.866225,Unknow,0.812899
scplantdb_CRA006988:CRX443757@@_GAGTGAGAGTATGATG-1,999,Unknow,0.569195,Unknow,0.631297
scplantdb_CRA006988:CRX443757@@_GCCGATGGTGCAGTGA-1,1000,Unknow,0.607498,Unknow,0.542316
scplantdb_CRA006988:CRX443757@@_GCGGATCTCGTTGTTT-1,1001,Unknow,0.603916,Unknow,0.546670
scplantdb_CRA006988:CRX443757@@_GCGTTTCCAGCTATTG-1,1002,Leaf epidermis,0.862930,Leaf epidermis,0.815709
scplantdb_CRA006988:CRX443757@@_GCTTGGGCATCATGAC-1,1003,Unknow,0.455987,Unknow,0.462839
scplantdb_CRA006988:CRX443757@@_GGGAGATTCTCATGCC-1,1004,Unknow,0.844870,Unknow,0.842685
scplantdb_CRA006988:CRX443757@@_GGTGTTATCCAAGCAT-1,1005,Unknow,0.805566,Unknow,0.812253
scplantdb_CRA006988:CRX443757@@_GTACAACGTCTGTGGC-1,1006,Unknow,0.786950,Unknow,0.738471
scplantdb_CRA006988:CRX443757@@_GTCATGAGTTTCAGAC-1,1007,Unknow,0.811028,Unknow,0.808583
scplantdb_CRA006988:CRX443757@@_GTTGCGGGTAGAGATT-1,1008,Unknow,0.464451,Unknow,0.421932
scplantdb_CRA006988:CRX443757@@_GTTTGGAGTTAAGAAC-1,1009,Unknow,0.709887,Unknow,0.697032
scplantdb_CRA006988:CRX443757@@_TAATTCCGTTATGTGC-1,1010,Bundle sheath,0.377850,Unknow,0.352886
scplantdb_CRA006988:CRX443757@@_TACGGTAAGGTCGAGT-1,1011,Unknow,0.793440,Unknow,0.753928
scplantdb_CRA006988:CRX443757@@_TATTGGGGTAACATAG-1,1012,Bundle sheath,0.334721,Unknow,0.338506
scplantdb_CRA006988:CRX443757@@_TCATGCCAGAGCAGCT-1,1013,Unknow,0.684607,Unknow,0.624419
scplantdb_CRA006988:CRX443757@@_TCCTGCACAACACGAG-1,1014,Unknow,0.591252,Unknow,0.563920
scplantdb_CRA006988:CRX443757@@_TCTATCAAGTGTTGTC-1,1015,Unknow,0.828993,Unknow,0.776637
scplantdb_CRA006988:CRX443757@@_TGGGAAGAGCTAAGTA-1,1016,Unknow,0.527661,Unknow,0.471303
scplantdb_CRA006988:CRX443757@@_TGGGAAGCAGGACTTT-1,1017,Meristematic cell,0.543562,Meristematic cell,0.565485
scplantdb_CRA006988:CRX443757@@_TGGGAAGGTCGTGCCA-1,1018,Unknow,0.556397,Unknow,0.517861
scplantdb_CRA006988:CRX443757@@_TGGGTTAGTGCGGATA-1,1019,Unknow,0.911700,Unknow,0.890358
scplantdb_CRA006988:CRX443757@@_TTCATGTCAGTGGGTA-1,1020,Unknow,0.919722,Unknow,0.897764
scplantdb_CRA006988:CRX443757@@_TTCTTGACATAACGGG-1,1021,Leaf epidermis,0.929371,Leaf epidermis,0.934750
scplantdb_CRA006988:CRX443757@@_TTGCGTCAGGTACAGC-1,1022,Unknow,0.797414,Unknow,0.673549
scplantdb_CRA006988:CRX443757@@_TTGGGCGTCGCAGAGA-1,1023,Unknow,0.785821,Unknow,0.771620
scplantdb_DRP009643:DRX382001@@_AAACCCAAGTGCAACG-1,1024,Vascular tissue,0.447346,Vascular tissue,0.406136
scplantdb_DRP009643:DRX382001@@_AAACCCATCTGTCTCG-1,1025,Mesophyll,0.508530,Mesophyll,0.578396
scplantdb_DRP009643:DRX382001@@_AAAGGATGTAACGGTG-1,1026,Vascular tissue,0.557077,Vascular tissue,0.523943
scplantdb_DRP009643:DRX382001@@_AACAGGGGTAGCGTCC-1,1027,Vascular tissue,0.403318,Leaf guard cell,0.411578
scplantdb_DRP009643:DRX382001@@_AACCTTTCATACCAGT-1,1028,Mesophyll,0.534814,Mesophyll,0.589715
scplantdb_DRP009643:DRX382001@@_AAGCGAGCAGGATGAC-1,1029,Leaf pavement cell,0.561889,Leaf pavement cell,0.484818
scplantdb_DRP009643:DRX382001@@_AAGGTAATCCGTGTAA-1,1030,Mesophyll,0.702348,Mesophyll,0.710933
scplantdb_DRP009643:DRX382001@@_AAGTACCGTTCTTGTT-1,1031,Mesophyll,0.944324,Mesophyll,0.942925
scplantdb_DRP009643:DRX382001@@_AAGTCGTTCGGTTCAA-1,1032,Mesophyll,0.537783,Mesophyll,0.575421
scplantdb_DRP009643:DRX382001@@_AAGTGAAGTTGTGTTG-1,1033,Mesophyll,0.755687,Mesophyll,0.760047
scplantdb_DRP009643:DRX382001@@_AATGAAGTCTAGACCA-1,1034,Mesophyll,0.518432,Mesophyll,0.519144
scplantdb_DRP009643:DRX382001@@_AATGACCAGACCAGAC-1,1035,Vascular tissue,0.474746,Vascular tissue,0.452111
scplantdb_DRP009643:DRX382001@@_AATGGAACAGCACAAG-1,1036,Mesophyll,0.755770,Mesophyll,0.784421
scplantdb_DRP009643:DRX382001@@_AATTCCTGTGGTCCCA-1,1037,Mesophyll,0.709285,Mesophyll,0.695676
scplantdb_DRP009643:DRX382001@@_ACAACCACAACCTATG-1,1038,Mesophyll,0.827082,Mesophyll,0.832141
scplantdb_DRP009643:DRX382001@@_ACATCGAAGATGAAGG-1,1039,Mesophyll,0.635693,Mesophyll,0.697632
scplantdb_DRP009643:DRX382001@@_ACATCGAAGCTGTCCG-1,1040,Mesophyll,0.557844,Mesophyll,0.637686
scplantdb_DRP009643:DRX382001@@_ACATGCACAGGAGGAG-1,1041,Mesophyll,0.886507,Mesophyll,0.880210
scplantdb_DRP009643:DRX382001@@_ACATTTCCACGTAGAG-1,1042,Mesophyll,0.772898,Mesophyll,0.777544
scplantdb_DRP009643:DRX382001@@_ACCGTTCCACACAGAG-1,1043,Mesophyll,0.864929,Mesophyll,0.853158
scplantdb_DRP009643:DRX382001@@_ACGCACGGTCTCTCAC-1,1044,Mesophyll,0.603045,Mesophyll,0.658764
scplantdb_DRP009643:DRX382001@@_ACGGAAGCATTGACCA-1,1045,Vascular tissue,0.421299,Vascular tissue,0.363293
scplantdb_DRP009643:DRX382001@@_ACTCTCGTCTACCCAC-1,1046,Mesophyll,0.888414,Mesophyll,0.892459
scplantdb_DRP009643:DRX382001@@_AGAAATGCAACACGTT-1,1047,Mesophyll,0.660768,Mesophyll,0.668536
scplantdb_DRP009643:DRX382001@@_AGACCATGTAGCGTTT-1,1048,Mesophyll,0.652385,Mesophyll,0.698454
scplantdb_DRP009643:DRX382001@@_AGAGAGCCACGGGCTT-1,1049,Leaf pavement cell,0.661054,Leaf pavement cell,0.621452
scplantdb_DRP009643:DRX382001@@_AGCCAGCAGTTGGGAC-1,1050,Vascular tissue,0.616947,Vascular tissue,0.640239
scplantdb_DRP009643:DRX382001@@_AGCGCCACATTGACTG-1,1051,Mesophyll,0.538902,Mesophyll,0.553156
scplantdb_DRP009643:DRX382001@@_AGCGCTGGTTATCCAG-1,1052,Vascular tissue,0.560392,Vascular tissue,0.445350
scplantdb_DRP009643:DRX382001@@_AGCTTCCCACCAATTG-1,1053,Leaf pavement cell,0.608704,Leaf pavement cell,0.525986
scplantdb_DRP009643:DRX382001@@_AGGAATATCGACGACC-1,1054,Mesophyll,0.719254,Mesophyll,0.716273
scplantdb_DRP009643:DRX382001@@_AGGATAACACTTGTGA-1,1055,Vascular tissue,0.733097,Vascular tissue,0.646714
scplantdb_DRP009643:DRX382001@@_AGGCTGCGTTGTCTAG-1,1056,Mesophyll,0.860967,Mesophyll,0.872648
scplantdb_DRP009643:DRX382001@@_AGGGTTTTCCTTCTTC-1,1057,Mesophyll,0.487013,Mesophyll,0.538876
scplantdb_DRP009643:DRX382001@@_AGGTTACTCCGCAAAT-1,1058,Mesophyll,0.519059,Mesophyll,0.546389
scplantdb_DRP009643:DRX382001@@_AGTAACCTCTAGTGTG-1,1059,Mesophyll,0.834444,Mesophyll,0.851940
scplantdb_DRP009643:DRX382001@@_AGTCAACCACAAAGCG-1,1060,Mesophyll,0.660753,Mesophyll,0.648525
scplantdb_DRP009643:DRX382001@@_AGTCACAAGATGTTAG-1,1061,Mesophyll,0.746144,Mesophyll,0.786066
scplantdb_DRP009643:DRX382001@@_AGTCTCCAGAGGTGCT-1,1062,Mesophyll,0.926866,Mesophyll,0.922390
scplantdb_DRP009643:DRX382001@@_AGTTCGAAGTGTGTTC-1,1063,Companion cell,0.896780,Companion cell,0.895403
scplantdb_DRP009643:DRX382001@@_ATACTTCTCGAAGCAG-1,1064,Mesophyll,0.701736,Mesophyll,0.748210
scplantdb_DRP009643:DRX382001@@_ATAGACCAGGTGAGCT-1,1065,Mesophyll,0.788885,Mesophyll,0.810486
scplantdb_DRP009643:DRX382001@@_ATATCCTCAGTCTACA-1,1066,Mesophyll,0.887944,Mesophyll,0.890087
scplantdb_DRP009643:DRX382001@@_ATATCCTGTTACCTGA-1,1067,Mesophyll,0.671911,Mesophyll,0.719574
scplantdb_DRP009643:DRX382001@@_ATCACAGTCGATACAC-1,1068,Mesophyll,0.641171,Mesophyll,0.670880
scplantdb_DRP009643:DRX382001@@_ATCGCCTAGAACAGGA-1,1069,Mesophyll,0.530316,Mesophyll,0.616627
scplantdb_DRP009643:DRX382001@@_ATCGTAGCATGTTCGA-1,1070,Vascular tissue,0.532452,Vascular tissue,0.497643
scplantdb_DRP009643:DRX382001@@_ATCTTCAGTATAATGG-1,1071,Vascular tissue,0.884882,Vascular tissue,0.859588
scplantdb_DRP009643:DRX382001@@_ATGAGGGTCGCTTTAT-1,1072,Vascular tissue,0.388356,Mesophyll,0.414622
scplantdb_DRP009643:DRX382001@@_ATGCATGGTCAAGCGA-1,1073,Mesophyll,0.448710,Mesophyll,0.551128
scplantdb_DRP009643:DRX382001@@_ATGGAGGCACATTCGA-1,1074,Vascular tissue,0.490264,Vascular tissue,0.424261
scplantdb_DRP009643:DRX382001@@_ATGGAGGGTTGCGAAG-1,1075,Vascular tissue,0.445791,Mesophyll,0.486071
scplantdb_DRP009643:DRX382001@@_ATGGATCCATGTACGT-1,1076,Mesophyll,0.777730,Mesophyll,0.757867
scplantdb_DRP009643:DRX382001@@_ATGGGAGGTGTACATC-1,1077,Mesophyll,0.713972,Mesophyll,0.729593
scplantdb_DRP009643:DRX382001@@_ATGGGTTAGTCAACAA-1,1078,Mesophyll,0.737697,Mesophyll,0.780099
scplantdb_DRP009643:DRX382001@@_ATTCACTGTAAGAACT-1,1079,Mesophyll,0.807847,Mesophyll,0.804178
scplantdb_DRP009643:DRX382001@@_CAACGGCGTTGCCGCA-1,1080,Vascular tissue,0.392829,Leaf guard cell,0.403483
scplantdb_DRP009643:DRX382001@@_CACACAAAGTAACAGT-1,1081,Mesophyll,0.799067,Mesophyll,0.834262
scplantdb_DRP009643:DRX382001@@_CACATGAAGTAGCATA-1,1082,Mesophyll,0.574305,Mesophyll,0.555743
scplantdb_DRP009643:DRX382001@@_CACATGATCGAACCTA-1,1083,Mesophyll,0.742216,Mesophyll,0.770832
scplantdb_DRP009643:DRX382001@@_CACGAATAGTGGACGT-1,1084,Mesophyll,0.748077,Mesophyll,0.778539
scplantdb_DRP009643:DRX382001@@_CACGGGTGTTGCAACT-1,1085,Mesophyll,0.796147,Mesophyll,0.829338
scplantdb_DRP009643:DRX382001@@_CACGTTCTCGGCTGGT-1,1086,Mesophyll,0.903420,Mesophyll,0.907861
scplantdb_DRP009643:DRX382001@@_CACTGAATCTGATGGT-1,1087,Vascular tissue,0.553185,Vascular tissue,0.410793
scplantdb_DRP009643:DRX382001@@_CACTGGGAGTGCACCC-1,1088,Mesophyll,0.872885,Mesophyll,0.864599
scplantdb_DRP009643:DRX382001@@_CACTGTCGTACCCAGC-1,1089,Vascular tissue,0.432126,Mesophyll,0.464755
scplantdb_DRP009643:DRX382001@@_CAGATTGTCCATAGAC-1,1090,Mesophyll,0.408979,Mesophyll,0.480695
scplantdb_DRP009643:DRX382001@@_CAGCAGCGTTCGCGTG-1,1091,Mesophyll,0.778073,Mesophyll,0.815987
scplantdb_DRP009643:DRX382001@@_CAGCGTGTCACTGGTA-1,1092,Mesophyll,0.645282,Mesophyll,0.711894
scplantdb_DRP009643:DRX382001@@_CAGGGCTAGTCACTAC-1,1093,Mesophyll,0.822537,Mesophyll,0.823364
scplantdb_DRP009643:DRX382001@@_CATAAGCAGTTTGAGA-1,1094,Mesophyll,0.890677,Mesophyll,0.894401
scplantdb_DRP009643:DRX382001@@_CATGAGTAGAGGGTCT-1,1095,Mesophyll,0.872338,Mesophyll,0.884765
scplantdb_DRP009643:DRX382001@@_CATGGTACACAGTCAT-1,1096,Mesophyll,0.847112,Mesophyll,0.857432
scplantdb_DRP009643:DRX382001@@_CATTGAGCAGCTGTTA-1,1097,Companion cell,0.875539,Companion cell,0.879542
scplantdb_DRP009643:DRX382001@@_CCACGAGTCGTTAGTG-1,1098,Mesophyll,0.520540,Mesophyll,0.617873
scplantdb_DRP009643:DRX382001@@_CCACTTGGTATACCTG-1,1099,Vascular tissue,0.491991,Mesophyll,0.487524
scplantdb_DRP009643:DRX382001@@_CCATCACAGAAACTAC-1,1100,Mesophyll,0.686319,Mesophyll,0.650066
scplantdb_DRP009643:DRX382001@@_CCCTCTCTCGAACCTA-1,1101,Mesophyll,0.615167,Mesophyll,0.605614
scplantdb_DRP009643:DRX382001@@_CCCTTAGAGGTAGCCA-1,1102,Mesophyll,0.541161,Mesophyll,0.570357
scplantdb_DRP009643:DRX382001@@_CCCTTAGTCTCTCCGA-1,1103,Mesophyll,0.737384,Mesophyll,0.785731
scplantdb_DRP009643:DRX382001@@_CCGAACGCAATCGCCG-1,1104,Mesophyll,0.631572,Mesophyll,0.657726
scplantdb_DRP009643:DRX382001@@_CCGCAAGCAGTGCGCT-1,1105,Mesophyll,0.777510,Mesophyll,0.781127
scplantdb_DRP009643:DRX382001@@_CCTCAACAGGGTCAAC-1,1106,Mesophyll,0.730530,Mesophyll,0.755728
scplantdb_DRP009643:DRX382001@@_CCTCAACCATCGAACT-1,1107,Vascular tissue,0.593927,Vascular tissue,0.546979
scplantdb_DRP009643:DRX382001@@_CCTCTAGGTACTAACC-1,1108,Mesophyll,0.724703,Mesophyll,0.750625
scplantdb_DRP009643:DRX382001@@_CGAAGTTGTTCCGCGA-1,1109,Vascular tissue,0.694586,Vascular tissue,0.614025
scplantdb_DRP009643:DRX382001@@_CGAGAAGAGTAAACAC-1,1110,Mesophyll,0.610847,Mesophyll,0.612982
scplantdb_DRP009643:DRX382001@@_CGAGTTAGTCCCAAAT-1,1111,Mesophyll,0.663937,Mesophyll,0.728068
scplantdb_DRP009643:DRX382001@@_CGCATAAAGAGTCCGA-1,1112,Mesophyll,0.601987,Mesophyll,0.622329
scplantdb_DRP009643:DRX382001@@_CGCCATTGTTCTTGTT-1,1113,Mesophyll,0.637661,Mesophyll,0.660992
scplantdb_DRP009643:DRX382001@@_CGCGTGATCACTGGTA-1,1114,Vascular tissue,0.580751,Vascular tissue,0.513858
scplantdb_DRP009643:DRX382001@@_CGGAATTTCGAGAACG-1,1115,Mesophyll,0.552564,Mesophyll,0.587901
scplantdb_DRP009643:DRX382001@@_CGGGTCAAGGTTGACG-1,1116,Vascular tissue,0.444973,Vascular tissue,0.404346
scplantdb_DRP009643:DRX382001@@_CGTAGTAGTACACGTT-1,1117,Mesophyll,0.655664,Mesophyll,0.667437
scplantdb_DRP009643:DRX382001@@_CGTGATAAGTGGCCTC-1,1118,Mesophyll,0.784107,Mesophyll,0.803006
scplantdb_DRP009643:DRX382001@@_CTATCCGGTTGGGATG-1,1119,Leaf guard cell,0.838541,Leaf guard cell,0.847404
scplantdb_DRP009643:DRX382001@@_CTATCTAAGATTGATG-1,1120,Mesophyll,0.653561,Mesophyll,0.682999
scplantdb_DRP009643:DRX382001@@_CTCAAGATCCACGAAT-1,1121,Mesophyll,0.418681,Mesophyll,0.443678
scplantdb_DRP009643:DRX382001@@_CTCAATTAGGTTGCCC-1,1122,Mesophyll,0.849119,Mesophyll,0.878757
scplantdb_DRP009643:DRX382001@@_CTCACTGTCTCACCCA-1,1123,Mesophyll,0.719677,Mesophyll,0.680422
scplantdb_DRP009643:DRX382001@@_CTCATGCGTAGCGTTT-1,1124,Mesophyll,0.688971,Mesophyll,0.707863
scplantdb_DRP009643:DRX382001@@_CTCATTATCAAGAGGC-1,1125,Vascular tissue,0.622605,Vascular tissue,0.529574
scplantdb_DRP009643:DRX382001@@_CTCCAACTCACTCTTA-1,1126,Mesophyll,0.766576,Mesophyll,0.814980
scplantdb_DRP009643:DRX382001@@_CTCCACAGTAGGTACG-1,1127,Vascular tissue,0.474398,Mesophyll,0.494961
scplantdb_DRP009643:DRX382001@@_CTGAGCGGTGTTATCG-1,1128,Mesophyll,0.465586,Mesophyll,0.540910
scplantdb_DRP009643:DRX382001@@_CTGCCTAAGCGACCCT-1,1129,Mesophyll,0.432446,Mesophyll,0.464718
scplantdb_DRP009643:DRX382001@@_CTGTCGTAGTAAGGGA-1,1130,Vascular tissue,0.444159,Mesophyll,0.527669
scplantdb_DRP009643:DRX382001@@_CTGTGGGTCATTTGTC-1,1131,Mesophyll,0.871209,Mesophyll,0.857185
scplantdb_DRP009643:DRX382001@@_CTTACCGGTCATCGCG-1,1132,Mesophyll,0.688777,Mesophyll,0.763938
scplantdb_DRP009643:DRX382001@@_CTTCAATGTTGTACGT-1,1133,Mesophyll,0.611941,Mesophyll,0.623427
scplantdb_DRP009643:DRX382001@@_CTTCAATTCAGTGTTG-1,1134,Mesophyll,0.641819,Mesophyll,0.653058
scplantdb_DRP009643:DRX382001@@_CTTCTCTAGTCATACC-1,1135,Mesophyll,0.573128,Mesophyll,0.616259
scplantdb_DRP009643:DRX382001@@_CTTTCAAGTAACCCGC-1,1136,Mesophyll,0.829254,Mesophyll,0.855682
scplantdb_DRP009643:DRX382001@@_GAAACCTTCACATCAG-1,1137,Mesophyll,0.709687,Mesophyll,0.744126
scplantdb_DRP009643:DRX382001@@_GAAATGACAGTAGTGG-1,1138,Vascular tissue,0.506096,Vascular tissue,0.467340
scplantdb_DRP009643:DRX382001@@_GAAGCCCTCGCTACGG-1,1139,Vascular tissue,0.464836,Mesophyll,0.527665
scplantdb_DRP009643:DRX382001@@_GAAGGACGTCGAAGCA-1,1140,Leaf pavement cell,0.508359,Mesophyll,0.489602
scplantdb_DRP009643:DRX382001@@_GAATAGAAGAATAACC-1,1141,Vascular tissue,0.502759,Mesophyll,0.456845
scplantdb_DRP009643:DRX382001@@_GACCCTTCACTGCTTC-1,1142,Mesophyll,0.721076,Mesophyll,0.761938
scplantdb_DRP009643:DRX382001@@_GACGCTGCAAGCACCC-1,1143,Mesophyll,0.833924,Mesophyll,0.858032
scplantdb_DRP009643:DRX382001@@_GACTATGAGGCGACAT-1,1144,Companion cell,0.902861,Companion cell,0.902623
scplantdb_DRP009643:DRX382001@@_GACTATGGTCGGTACC-1,1145,Vascular tissue,0.658985,Vascular tissue,0.547756
scplantdb_DRP009643:DRX382001@@_GACTTCCCAGCGACAA-1,1146,Mesophyll,0.640911,Mesophyll,0.663552
scplantdb_DRP009643:DRX382001@@_GAGAAATAGTTCTCTT-1,1147,Mesophyll,0.789197,Mesophyll,0.826128
scplantdb_DRP009643:DRX382001@@_GAGACTTAGGTGGGTT-1,1148,Mesophyll,0.743225,Mesophyll,0.744414
scplantdb_DRP009643:DRX382001@@_GAGCCTGAGTTAGAAC-1,1149,Vascular tissue,0.435590,Mesophyll,0.360470
scplantdb_DRP009643:DRX382001@@_GAGGCCTCAGGAATAT-1,1150,Mesophyll,0.817504,Mesophyll,0.845281
scplantdb_DRP009643:DRX382001@@_GAGTGTTTCTAACACG-1,1151,Mesophyll,0.710974,Mesophyll,0.705270
scplantdb_DRP009643:DRX382001@@_GATCACATCTTAAGGC-1,1152,Mesophyll,0.880846,Mesophyll,0.886909
scplantdb_DRP009643:DRX382001@@_GATCGTAGTTCTCAGA-1,1153,Mesophyll,0.443440,Mesophyll,0.504550
scplantdb_DRP009643:DRX382001@@_GATGATCTCACCATGA-1,1154,Mesophyll,0.607791,Mesophyll,0.681355
scplantdb_DRP009643:DRX382001@@_GATGTTGTCTCATGGA-1,1155,Mesophyll,0.335654,Mesophyll,0.376791
scplantdb_DRP009643:DRX382001@@_GCAACATGTCCATACA-1,1156,Mesophyll,0.364732,Mesophyll,0.422877
scplantdb_DRP009643:DRX382001@@_GCACGGTAGTGCTCGC-1,1157,Vascular tissue,0.376079,Mesophyll,0.327291
scplantdb_DRP009643:DRX382001@@_GCATCTCTCCGATGTA-1,1158,Mesophyll,0.691680,Mesophyll,0.726461
scplantdb_DRP009643:DRX382001@@_GCATGATAGTTAGTGA-1,1159,Mesophyll,0.770669,Mesophyll,0.771398
scplantdb_DRP009643:DRX382001@@_GCATTAGTCCTAGAGT-1,1160,Mesophyll,0.828801,Mesophyll,0.828892
scplantdb_DRP009643:DRX382001@@_GCCAACGGTCCTATAG-1,1161,Mesophyll,0.582481,Mesophyll,0.620954
scplantdb_DRP009643:DRX382001@@_GCCAGGTCAAATCGTC-1,1162,Mesophyll,0.754875,Mesophyll,0.759632
scplantdb_DRP009643:DRX382001@@_GCCGTGATCCTGCCAT-1,1163,Vascular tissue,0.501258,Vascular tissue,0.465256
scplantdb_DRP009643:DRX382001@@_GCCTGTTCAAAGGAGA-1,1164,Mesophyll,0.863658,Mesophyll,0.864261
scplantdb_DRP009643:DRX382001@@_GCGTGCAAGATGACAT-1,1165,Mesophyll,0.705405,Mesophyll,0.724158
scplantdb_DRP009643:DRX382001@@_GCTACAAAGCACTCAT-1,1166,Mesophyll,0.697437,Mesophyll,0.687325
scplantdb_DRP009643:DRX382001@@_GCTACAATCTACTGCC-1,1167,Mesophyll,0.468205,Mesophyll,0.492829
scplantdb_DRP009643:DRX382001@@_GCTTGGGCACAGCTGC-1,1168,Mesophyll,0.641986,Mesophyll,0.680671
scplantdb_DRP009643:DRX382001@@_GGAACCCCACGACAGA-1,1169,Mesophyll,0.862054,Mesophyll,0.867468
scplantdb_DRP009643:DRX382001@@_GGAACCCGTCGGCACT-1,1170,Mesophyll,0.530866,Mesophyll,0.678626
scplantdb_DRP009643:DRX382001@@_GGAACCCTCCGGCAGT-1,1171,Mesophyll,0.691008,Mesophyll,0.734305
scplantdb_DRP009643:DRX382001@@_GGACGTCTCGCATTAG-1,1172,Vascular tissue,0.744934,Vascular tissue,0.698240
scplantdb_DRP009643:DRX382001@@_GGAGCAACAGGGCTTC-1,1173,Mesophyll,0.914192,Mesophyll,0.922912
scplantdb_DRP009643:DRX382001@@_GGAGCAACATTGAAAG-1,1174,Mesophyll,0.530712,Mesophyll,0.584109
scplantdb_DRP009643:DRX382001@@_GGGACAACATCCTGTC-1,1175,Mesophyll,0.728320,Mesophyll,0.739917
scplantdb_DRP009643:DRX382001@@_GGGCCATCAGAGATTA-1,1176,Mesophyll,0.851355,Mesophyll,0.856364
scplantdb_DRP009643:DRX382001@@_GGGCTCAAGCGCCTTG-1,1177,Mesophyll,0.468228,Mesophyll,0.490281
scplantdb_DRP009643:DRX382001@@_GGGTATTAGCAGGGAG-1,1178,Mesophyll,0.749793,Mesophyll,0.779451
scplantdb_DRP009643:DRX382001@@_GTAAGTCCAATAGTAG-1,1179,Mesophyll,0.696424,Mesophyll,0.733250
scplantdb_DRP009643:DRX382001@@_GTAAGTCCAGACGATG-1,1180,Mesophyll,0.554172,Mesophyll,0.600825
scplantdb_DRP009643:DRX382001@@_GTACAACCACAACATC-1,1181,Mesophyll,0.447021,Mesophyll,0.469574
scplantdb_DRP009643:DRX382001@@_GTACAGTTCACTTGTT-1,1182,Vascular tissue,0.615724,Vascular tissue,0.511743
scplantdb_DRP009643:DRX382001@@_GTATTGGGTCCACATA-1,1183,Mesophyll,0.675943,Mesophyll,0.705431
scplantdb_DRP009643:DRX382001@@_GTCAAACAGTTTCGAC-1,1184,Mesophyll,0.705032,Mesophyll,0.704405
scplantdb_DRP009643:DRX382001@@_GTCCTCATCGGAGCAA-1,1185,Mesophyll,0.638979,Mesophyll,0.665012
scplantdb_DRP009643:DRX382001@@_GTCTCACCAGCATCTA-1,1186,Mesophyll,0.708081,Mesophyll,0.748252
scplantdb_DRP009643:DRX382001@@_GTGAGGAAGGTGATCG-1,1187,Vascular tissue,0.699800,Vascular tissue,0.598191
scplantdb_DRP009643:DRX382001@@_GTGAGTTCAAGTTCCA-1,1188,Mesophyll,0.656753,Mesophyll,0.714038
scplantdb_DRP009643:DRX382001@@_GTGGGAATCCAAGCAT-1,1189,Mesophyll,0.937021,Mesophyll,0.940034
scplantdb_DRP009643:DRX382001@@_GTGGTTAAGAAACTGT-1,1190,Mesophyll,0.785450,Mesophyll,0.819038
scplantdb_DRP009643:DRX382001@@_GTGGTTATCTGAGGCC-1,1191,Mesophyll,0.553586,Mesophyll,0.603438
scplantdb_DRP009643:DRX382001@@_GTGTGATCAAGAATAC-1,1192,Mesophyll,0.473654,Mesophyll,0.568202
scplantdb_DRP009643:DRX382001@@_GTGTGATGTAGGATAT-1,1193,Mesophyll,0.897098,Mesophyll,0.902541
scplantdb_DRP009643:DRX382001@@_GTTACAGGTCAACCTA-1,1194,Vascular tissue,0.711729,Vascular tissue,0.626834
scplantdb_DRP009643:DRX382001@@_GTTACAGGTGCAGGAT-1,1195,Vascular tissue,0.675581,Vascular tissue,0.573594
scplantdb_DRP009643:DRX382001@@_GTTATGGAGAAGCCAC-1,1196,Mesophyll,0.711735,Mesophyll,0.727156
scplantdb_DRP009643:DRX382001@@_GTTCTATAGTACGTCT-1,1197,Mesophyll,0.493056,Mesophyll,0.567224
scplantdb_DRP009643:DRX382001@@_GTTGAACGTTTACGAC-1,1198,Mesophyll,0.713951,Mesophyll,0.743256
scplantdb_DRP009643:DRX382001@@_GTTGTAGTCGACACCG-1,1199,Mesophyll,0.851244,Mesophyll,0.852347
scplantdb_DRP009643:DRX382001@@_GTTGTCCGTTGCATGT-1,1200,Leaf pavement cell,0.867325,Leaf pavement cell,0.819552
scplantdb_DRP009643:DRX382001@@_GTTTGGAGTCGAGTGA-1,1201,Mesophyll,0.911446,Mesophyll,0.911576
scplantdb_DRP009643:DRX382001@@_TAACACGAGCTCCGAC-1,1202,Vascular tissue,0.765966,Vascular tissue,0.718856
scplantdb_DRP009643:DRX382001@@_TAACCAGAGAGCCGAT-1,1203,Mesophyll,0.699895,Mesophyll,0.651042
scplantdb_DRP009643:DRX382001@@_TAAGCGTTCTCTGCTG-1,1204,Mesophyll,0.549736,Mesophyll,0.629686
scplantdb_DRP009643:DRX382001@@_TAATCTCCACTGGCGT-1,1205,Mesophyll,0.685889,Mesophyll,0.716799
scplantdb_DRP009643:DRX382001@@_TAATTCCAGTGACACG-1,1206,Sieve element,0.688292,Sieve element,0.647122
scplantdb_DRP009643:DRX382001@@_TAATTCCAGTTTGAGA-1,1207,Mesophyll,0.562755,Mesophyll,0.574665
scplantdb_DRP009643:DRX382001@@_TAATTCCGTTGCCTAA-1,1208,Vascular tissue,0.524148,Vascular tissue,0.473085
scplantdb_DRP009643:DRX382001@@_TACCCGTTCCGCACGA-1,1209,Mesophyll,0.565923,Mesophyll,0.627976
scplantdb_DRP009643:DRX382001@@_TACCCGTTCTGGACCG-1,1210,Mesophyll,0.679978,Mesophyll,0.734041
scplantdb_DRP009643:DRX382001@@_TACGGGCTCAATGCAC-1,1211,Mesophyll,0.718177,Mesophyll,0.746422
scplantdb_DRP009643:DRX382001@@_TACGTCCAGCATGCAG-1,1212,Mesophyll,0.798683,Mesophyll,0.817579
scplantdb_DRP009643:DRX382001@@_TAGACCATCGGCTCTT-1,1213,Mesophyll,0.754139,Mesophyll,0.757241
scplantdb_DRP009643:DRX382001@@_TAGGGTTTCTTCTGGC-1,1214,Vascular tissue,0.361645,Mesophyll,0.403208
scplantdb_DRP009643:DRX382001@@_TAGGTACTCCGCGATG-1,1215,Mesophyll,0.456774,Mesophyll,0.473294
scplantdb_DRP009643:DRX382001@@_TATATCCGTCGTGGTC-1,1216,Mesophyll,0.420049,Mesophyll,0.454951
scplantdb_DRP009643:DRX382001@@_TATCGCCTCGAAGCCC-1,1217,Mesophyll,0.358569,Mesophyll,0.410125
scplantdb_DRP009643:DRX382001@@_TATCTGTGTCGTTTCC-1,1218,Mesophyll,0.596488,Mesophyll,0.650751
scplantdb_DRP009643:DRX382001@@_TATTCCACAGCCGTTG-1,1219,Mesophyll,0.775419,Mesophyll,0.826015
scplantdb_DRP009643:DRX382001@@_TATTCCATCGGCTATA-1,1220,Mesophyll,0.818055,Mesophyll,0.829782
scplantdb_DRP009643:DRX382001@@_TATTGGGCACCAAATC-1,1221,Mesophyll,0.899834,Mesophyll,0.902412
scplantdb_DRP009643:DRX382001@@_TATTGGGCAGTAGGAC-1,1222,Vascular tissue,0.421335,Mesophyll,0.488203
scplantdb_DRP009643:DRX382001@@_TATTTCGAGTACAACA-1,1223,Mesophyll,0.921818,Mesophyll,0.926438
scplantdb_DRP009643:DRX382001@@_TCACACCGTGTTTGCA-1,1224,Mesophyll,0.598273,Mesophyll,0.582702
scplantdb_DRP009643:DRX382001@@_TCACGGGAGACATATG-1,1225,Mesophyll,0.457296,Mesophyll,0.448381
scplantdb_DRP009643:DRX382001@@_TCACGGGGTGTTTACG-1,1226,Mesophyll,0.407220,Mesophyll,0.484836
scplantdb_DRP009643:DRX382001@@_TCAGCAATCTACTGCC-1,1227,Mesophyll,0.719960,Mesophyll,0.773231
scplantdb_DRP009643:DRX382001@@_TCAGTTTAGGCGTTAG-1,1228,Mesophyll,0.515421,Mesophyll,0.547451
scplantdb_DRP009643:DRX382001@@_TCATACTTCCAAGCAT-1,1229,Leaf guard cell,0.759802,Leaf guard cell,0.769189
scplantdb_DRP009643:DRX382001@@_TCATTACCAATACGAA-1,1230,Mesophyll,0.883553,Mesophyll,0.875970
scplantdb_DRP009643:DRX382001@@_TCCAGAATCGTCCTTG-1,1231,Mesophyll,0.831797,Mesophyll,0.843807
scplantdb_DRP009643:DRX382001@@_TCCCACATCCAATGCA-1,1232,Vascular tissue,0.421818,Mesophyll,0.375403
scplantdb_DRP009643:DRX382001@@_TCCCACATCTACTATC-1,1233,Mesophyll,0.657564,Mesophyll,0.696049
scplantdb_DRP009643:DRX382001@@_TCCCAGTGTAATGATG-1,1234,Mesophyll,0.845986,Mesophyll,0.875581
scplantdb_DRP009643:DRX382001@@_TCCTCTTTCTGGGCAC-1,1235,Sieve element,0.770687,Sieve element,0.756217
scplantdb_DRP009643:DRX382001@@_TCGACCTTCCGCACGA-1,1236,Vascular tissue,0.440365,Mesophyll,0.412579
scplantdb_DRP009643:DRX382001@@_TCGCACTGTTACCCTC-1,1237,Vascular tissue,0.655332,Vascular tissue,0.615519
scplantdb_DRP009643:DRX382001@@_TCTAACTAGTAGGCCA-1,1238,Mesophyll,0.849140,Mesophyll,0.871590
scplantdb_DRP009643:DRX382001@@_TCTATACCAGTTGCGC-1,1239,Mesophyll,0.583049,Mesophyll,0.629553
scplantdb_DRP009643:DRX382001@@_TCTCACGCAGCATCTA-1,1240,Mesophyll,0.828750,Mesophyll,0.840226
scplantdb_DRP009643:DRX382001@@_TGACTCCAGCAATAGT-1,1241,Vascular tissue,0.594568,Vascular tissue,0.520555
scplantdb_DRP009643:DRX382001@@_TGAGGGAAGGGATGTC-1,1242,Mesophyll,0.695249,Mesophyll,0.748068
scplantdb_DRP009643:DRX382001@@_TGATGCAAGGAAGTCC-1,1243,Mesophyll,0.913329,Mesophyll,0.907045
scplantdb_DRP009643:DRX382001@@_TGATGCACAATACCTG-1,1244,Mesophyll,0.611502,Mesophyll,0.678755
scplantdb_DRP009643:DRX382001@@_TGATGGTTCTAAGCGT-1,1245,Mesophyll,0.650969,Mesophyll,0.676866
scplantdb_DRP009643:DRX382001@@_TGCACGGAGTGCCCGT-1,1246,Mesophyll,0.907643,Mesophyll,0.914459
scplantdb_DRP009643:DRX382001@@_TGCACGGTCTTCGTGC-1,1247,Mesophyll,0.676543,Mesophyll,0.692544
scplantdb_DRP009643:DRX382001@@_TGCAGTACACTTTATC-1,1248,Mesophyll,0.886814,Mesophyll,0.892917
scplantdb_DRP009643:DRX382001@@_TGCGACGAGATAGTGT-1,1249,Companion cell,0.424578,Companion cell,0.426203
scplantdb_DRP009643:DRX382001@@_TGGAACTCAAAGAACT-1,1250,Mesophyll,0.932832,Mesophyll,0.944593
scplantdb_DRP009643:DRX382001@@_TGGAGGAGTTTGGAGG-1,1251,Vascular tissue,0.347051,Leaf guard cell,0.329719
scplantdb_DRP009643:DRX382001@@_TGGATCAAGAAGGCTC-1,1252,Vascular tissue,0.579401,Vascular tissue,0.549401
scplantdb_DRP009643:DRX382001@@_TGGGAGAGTAGCTTGT-1,1253,Mesophyll,0.695678,Mesophyll,0.782308
scplantdb_DRP009643:DRX382001@@_TGGGAGATCTTTCAGT-1,1254,Mesophyll,0.726826,Mesophyll,0.776936
scplantdb_DRP009643:DRX382001@@_TGGTTAGTCTGTAAGC-1,1255,Mesophyll,0.627777,Mesophyll,0.654258
scplantdb_DRP009643:DRX382001@@_TGTCCTGCATTGAAGA-1,1256,Mesophyll,0.765037,Mesophyll,0.800989
scplantdb_DRP009643:DRX382001@@_TGTGAGTAGCTGTGCC-1,1257,Vascular tissue,0.426635,Mesophyll,0.383053
scplantdb_DRP009643:DRX382001@@_TGTGATGTCATGCCGG-1,1258,Companion cell,0.743446,Companion cell,0.756726
scplantdb_DRP009643:DRX382001@@_TGTTTGTTCTACGGGC-1,1259,Mesophyll,0.832024,Mesophyll,0.828303
scplantdb_DRP009643:DRX382001@@_TTACGCCTCCCATAAG-1,1260,Mesophyll,0.538843,Mesophyll,0.618360
scplantdb_DRP009643:DRX382001@@_TTACGTTTCATCGACA-1,1261,Mesophyll,0.763613,Mesophyll,0.782488
scplantdb_DRP009643:DRX382001@@_TTAGGCATCGTTACCC-1,1262,Mesophyll,0.390027,Mesophyll,0.347141
scplantdb_DRP009643:DRX382001@@_TTAGTCTAGCCACTCG-1,1263,Mesophyll,0.829612,Mesophyll,0.866443
scplantdb_DRP009643:DRX382001@@_TTCATTGCAGGTCTCG-1,1264,Mesophyll,0.526665,Mesophyll,0.560326
scplantdb_DRP009643:DRX382001@@_TTCCTAAAGCAACCAG-1,1265,Mesophyll,0.480501,Mesophyll,0.519585
scplantdb_DRP009643:DRX382001@@_TTCCTTCCAGCCTTCT-1,1266,Mesophyll,0.456053,Mesophyll,0.492931
scplantdb_DRP009643:DRX382001@@_TTCTAGTGTCCTGGGT-1,1267,Mesophyll,0.741132,Mesophyll,0.743117
scplantdb_DRP009643:DRX382001@@_TTCTAGTTCTTTCAGT-1,1268,Mesophyll,0.526032,Mesophyll,0.597439
scplantdb_DRP009643:DRX382001@@_TTCTGTATCTGCTCTG-1,1269,Vascular tissue,0.381658,Mesophyll,0.435217
scplantdb_DRP009643:DRX382001@@_TTCTTGATCATTTCGT-1,1270,Mesophyll,0.566774,Mesophyll,0.559081
scplantdb_DRP009643:DRX382001@@_TTGCATTGTACCGGCT-1,1271,Sieve element,0.761960,Sieve element,0.722359
scplantdb_DRP009643:DRX382001@@_TTGCATTGTCATCCGG-1,1272,Leaf guard cell,0.636444,Leaf guard cell,0.641864
scplantdb_DRP009643:DRX382001@@_TTGCGTCTCGAACTCA-1,1273,Companion cell,0.476604,Companion cell,0.446006
scplantdb_DRP009643:DRX382001@@_TTGCTGCAGGAGAATG-1,1274,Mesophyll,0.585281,Mesophyll,0.601894
scplantdb_DRP009643:DRX382001@@_TTTAGTCTCTGCGATA-1,1275,Mesophyll,0.758685,Mesophyll,0.753792
scplantdb_DRP009643:DRX382001@@_TTTCACAGTCTTAGTG-1,1276,Mesophyll,0.554599,Mesophyll,0.610662
scplantdb_DRP009643:DRX382001@@_TTTCACATCTGTTCAT-1,1277,Companion cell,0.633214,Companion cell,0.618211
scplantdb_DRP009643:DRX382001@@_TTTCCTCAGGCACTCC-1,1278,Mesophyll,0.863553,Mesophyll,0.869136
scplantdb_DRP009643:DRX382001@@_TTTGGAGGTTGTGCAT-1,1279,Mesophyll,0.933874,Mesophyll,0.931969
scplantdb_SRP148288:SRX4098368@@_TAACCCGCGCTA,1280,Lateral root cap,0.612401,Lateral root cap,0.632102
scplantdb_SRP148288:SRX4098368@@_TGATTGATCTCC,1281,Phloem,0.825593,Phloem,0.807269
scplantdb_SRP148288:SRX4098368@@_ACGCGCACGATC,1282,Phloem,0.865590,Phloem,0.849110
scplantdb_SRP148288:SRX4098368@@_TGAGTTTAGCTA,1283,Root cortex,0.574618,Root cortex,0.556943
scplantdb_SRP148288:SRX4098368@@_CTTACTATCCGT,1284,Root cortex,0.361467,Root cortex,0.330037
scplantdb_SRP148288:SRX4098368@@_TCGGTTTTTCCG,1285,Non-hair,0.323320,Non-hair,0.349821
scplantdb_SRP148288:SRX4098368@@_ACAGTGGCTCGG,1286,Lateral root cap,0.812877,Lateral root cap,0.808421
scplantdb_SRP148288:SRX4098368@@_TCTTGGCCGAGA,1287,Root cortex,0.506074,Root cortex,0.496328
scplantdb_SRP148288:SRX4098368@@_TTGTTGTCATAT,1288,Root cortex,0.473782,Root cortex,0.434669
scplantdb_SRP148288:SRX4098368@@_GAGTCTGACTCC,1289,Lateral root cap,0.865468,Lateral root cap,0.849688
scplantdb_SRP148288:SRX4098368@@_TCTGGTGGCGTC,1290,Lateral root cap,0.825373,Lateral root cap,0.793910
scplantdb_SRP148288:SRX4098369@@_GATCTAGCGAGG,1291,Root cortex,0.531637,Root cortex,0.508715
scplantdb_SRP148288:SRX4098369@@_TTTGTGCTTAAT,1292,Root cortex,0.417446,Root cortex,0.401186
scplantdb_SRP148288:SRX4098369@@_AGCTCGACCTTT,1293,Root cortex,0.458142,Root cortex,0.450826
scplantdb_SRP148288:SRX4098369@@_GTTTTCTCGATA,1294,Root cortex,0.446728,Root cortex,0.469307
scplantdb_SRP148288:SRX4098369@@_ACGAAGTTCATA,1295,Phloem,0.517378,Phloem,0.534625
scplantdb_SRP148288:SRX4098369@@_GGCCGTTTCAGA,1296,Root cortex,0.557189,Root cortex,0.534496
scplantdb_SRP148288:SRX4098369@@_CATCAACGGTCC,1297,Root cortex,0.504570,Root cortex,0.486482
scplantdb_SRP148288:SRX4098369@@_GCCTGGAAGGAG,1298,Columella root cap,0.223352,Columella root cap,0.257260
scplantdb_SRP148288:SRX4098369@@_CAGAGGGTACAA,1299,Root cap,0.328900,Root cap,0.324905
scplantdb_SRP148288:SRX4098369@@_TTGTGCGAGCCG,1300,Root cortex,0.455193,Root cortex,0.434425
scplantdb_SRP148288:SRX4098369@@_CACTAGGCCTCC,1301,Root cortex,0.314500,Root cortex,0.331054
scplantdb_SRP148288:SRX4098369@@_CGATCAACAGCC,1302,Root cortex,0.340529,Root cortex,0.323388
scplantdb_SRP148288:SRX4098369@@_ATTTGGAGACGC,1303,Root cortex,0.469469,Root cortex,0.439172
scplantdb_SRP148288:SRX4098369@@_CCATTAGGCTGA,1304,Root cortex,0.308939,Root cortex,0.322476
scplantdb_SRP148288:SRX4098369@@_GTGCTGTCGTTG,1305,Lateral root cap,0.483149,Lateral root cap,0.450201
scplantdb_SRP148288:SRX4098369@@_CCCCGGTAGCTA,1306,Root cortex,0.602139,Root cortex,0.578693
scplantdb_SRP148288:SRX4098369@@_TTTGTTAAATCG,1307,Root cortex,0.581775,Root cortex,0.593343
scplantdb_SRP148288:SRX4098369@@_TTCACTCGCATA,1308,Root cortex,0.459916,Root cortex,0.444238
scplantdb_SRP148288:SRX4098369@@_CCCAGAACTGGT,1309,Root cortex,0.418413,Root cortex,0.432141
scplantdb_SRP148288:SRX4098369@@_AGCTTATGCGTT,1310,Root cortex,0.633579,Root cortex,0.608097
scplantdb_SRP148288:SRX4098369@@_GGTCATGGTCGC,1311,Root cortex,0.488854,Root cortex,0.490550
scplantdb_SRP148288:SRX4098369@@_AATTTCGTCGCC,1312,Root cap,0.338864,Root cap,0.345606
scplantdb_SRP148288:SRX4098369@@_AGTTTGACCATA,1313,Root cap,0.377572,Root cap,0.407210
scplantdb_SRP148288:SRX4098369@@_GGCTGGGCCTTA,1314,Root cortex,0.518281,Root cortex,0.485826
scplantdb_SRP148288:SRX4098369@@_TTCTCTACCACC,1315,Root cortex,0.321129,Root cortex,0.336439
scplantdb_SRP148288:SRX4098369@@_CGACTGTTCCAG,1316,Lateral root cap,0.521769,Lateral root cap,0.483109
scplantdb_SRP148288:SRX4098369@@_CAAAGCGACCCG,1317,Root cap,0.296388,Root cap,0.294703
scplantdb_SRP148288:SRX4098369@@_GGCGCGAAGCCA,1318,Root cortex,0.649910,Root cortex,0.636233
scplantdb_SRP148288:SRX4098369@@_TTGATGGTTATG,1319,Root cortex,0.428848,Root cortex,0.418964
scplantdb_SRP148288:SRX4098369@@_ATCTAAGATGGG,1320,Root cortex,0.360770,Root cortex,0.393011
scplantdb_SRP148288:SRX4098370@@_CCGGCTCTCCTG,1321,Root cap,0.319791,Root cap,0.305045
scplantdb_SRP148288:SRX4098370@@_AGCTCCGAAGAA,1322,G2/M phase,0.620571,G2/M phase,0.580723
scplantdb_SRP148288:SRX4098370@@_TTATTCTCTGGT,1323,Root cap,0.451340,Root cap,0.422322
scplantdb_SRP148288:SRX4098370@@_TAGCCTTCAAAG,1324,G2/M phase,0.639365,G2/M phase,0.610768
scplantdb_SRP148288:SRX4098370@@_CGCGCGGAACTG,1325,Columella root cap,0.366900,S phase,0.360773
scplantdb_SRP148288:SRX4098370@@_GCCGCTGCACAG,1326,Root cortex,0.632326,Root cortex,0.599382
scplantdb_SRP148288:SRX4098370@@_CAGATAAACAGG,1327,G2/M phase,0.544190,G2/M phase,0.541255
scplantdb_SRP148288:SRX4098370@@_GGGACTCTTGTG,1328,Root cap,0.349688,Root cap,0.369638
scplantdb_SRP148288:SRX4098370@@_ATCCTATCCTCC,1329,Root cortex,0.396579,Root cortex,0.385414
scplantdb_SRP148288:SRX4098370@@_AGATTATAGTTA,1330,Phloem,0.418856,Phloem,0.399882
scplantdb_SRP148288:SRX4098370@@_CCCCACAACCTC,1331,Root cap,0.408036,Root cap,0.379043
scplantdb_SRP148288:SRX4098370@@_GCCGCTACCCGA,1332,G2/M phase,0.520279,G2/M phase,0.496186
scplantdb_SRP148288:SRX4098370@@_AGCTTGCTGCAC,1333,Root cortex,0.619318,Root cortex,0.647171
scplantdb_SRP148288:SRX4098370@@_AGCTTGCTGCCG,1334,Root cortex,0.514280,Root cortex,0.534278
scplantdb_SRP148288:SRX4098370@@_GAAGACCGTGAA,1335,G2/M phase,0.594543,G2/M phase,0.569386
scplantdb_SRP148288:SRX4098370@@_CAAAGGAATCCT,1336,Root cortex,0.557903,Root cortex,0.536904
scplantdb_SRP148288:SRX4098370@@_TCAACTGTACAA,1337,Root cap,0.315082,Root cap,0.282079
scplantdb_SRP148288:SRX4098370@@_CCTTTTGCCTGC,1338,Root cortex,0.252986,Root cortex,0.270893
scplantdb_SRP148288:SRX4098370@@_TCGGCCAACGCC,1339,Root cortex,0.612911,Root cortex,0.606679
scplantdb_SRP148288:SRX4098370@@_AAATGCTATAAC,1340,Root cortex,0.609441,Root cortex,0.567138
scplantdb_SRP148288:SRX4098370@@_GTGACAGAGAGC,1341,G2/M phase,0.562295,G2/M phase,0.531088
scplantdb_SRP148288:SRX4098370@@_GAAGCGCATGTA,1342,Root cap,0.370213,Non-hair,0.352615
scplantdb_SRP148288:SRX4098370@@_ATATCATCTTGC,1343,Root cortex,0.571009,Root cortex,0.549835
scplantdb_SRP148288:SRX4098370@@_TATACAAAACAC,1344,Root cap,0.479610,Root cap,0.478249
scplantdb_SRP148288:SRX4098370@@_GATACACCCGGG,1345,G2/M phase,0.598935,G2/M phase,0.571298
scplantdb_SRP148288:SRX4098370@@_ACCAACCTTCGG,1346,Root cap,0.387600,Root cap,0.407692
scplantdb_SRP148288:SRX4098370@@_ATTTTGTCGCTG,1347,G2/M phase,0.497368,G2/M phase,0.470345
scplantdb_SRP148288:SRX4098370@@_CGATAAAGCAAT,1348,G2/M phase,0.375627,S phase,0.355290
scplantdb_SRP148288:SRX4098370@@_CATTGCCACAGC,1349,G2/M phase,0.432916,G2/M phase,0.422022
scplantdb_SRP148288:SRX4098370@@_AAAGCCCGGCAC,1350,Root cortex,0.662527,Root cortex,0.703614
scplantdb_SRP148288:SRX4098370@@_GAATAGCCCTGG,1351,Lateral root cap,0.795344,Lateral root cap,0.783985
scplantdb_SRP148288:SRX4098370@@_CGCCCCAAAGCT,1352,Root cap,0.393319,Root cap,0.370334
scplantdb_SRP148288:SRX4098370@@_AAAGCTCTGCCC,1353,Root cortex,0.600415,Root cortex,0.569880
scplantdb_SRP148288:SRX4098370@@_GGACATGATCGC,1354,G2/M phase,0.661683,G2/M phase,0.645664
scplantdb_SRP148288:SRX4098370@@_GTCAGTGCCCTC,1355,G2/M phase,0.606322,G2/M phase,0.579955
scplantdb_SRP148288:SRX4098370@@_TTGCTCTGGGCA,1356,G2/M phase,0.453681,G2/M phase,0.408502
scplantdb_SRP148288:SRX4098370@@_CAAGCCACTGGC,1357,Columella root cap,0.350829,Columella root cap,0.350677
scplantdb_SRP148288:SRX4098370@@_GTATGATATGAC,1358,Root cortex,0.656945,Root cortex,0.681336
scplantdb_SRP148288:SRX4098370@@_GTATGATATGAA,1359,Root cortex,0.605170,Root cortex,0.620651
scplantdb_SRP148288:SRX4098370@@_GCGCGGGTTTCT,1360,Columella root cap,0.363737,Columella root cap,0.378714
scplantdb_SRP148288:SRX4098370@@_CTCCCTGCTTCT,1361,Root cortex,0.459836,Root cortex,0.438089
scplantdb_SRP148288:SRX4098370@@_CCATGGGATAGC,1362,Root cortex,0.545123,Root cortex,0.516019
scplantdb_SRP148288:SRX4098370@@_ACGGATTGCCGT,1363,Non-hair,0.341633,Non-hair,0.363472
scplantdb_SRP148288:SRX4098370@@_AATAACTATTTC,1364,Root hair,0.279125,Root cap,0.284431
scplantdb_SRP148288:SRX4098370@@_TTAATTGAGTTC,1365,Columella root cap,0.278466,Columella root cap,0.288662
scplantdb_SRP148288:SRX4098370@@_CAAATTGATCGT,1366,G2/M phase,0.527766,G2/M phase,0.500223
scplantdb_SRP148288:SRX4098370@@_ATAGCCAGAATT,1367,Root cortex,0.594951,Root cortex,0.572360
scplantdb_SRP148288:SRX4098370@@_AATGCCGCCCGC,1368,Root cap,0.284522,Root hair,0.268026
scplantdb_SRP148288:SRX4098370@@_GATTGTCAAGCG,1369,Root hair,0.254073,Root hair,0.247338
scplantdb_SRP148288:SRX4098370@@_CCACACTTCGCG,1370,Lateral root cap,0.895839,Lateral root cap,0.884347
scplantdb_SRP148288:SRX4098370@@_CTTTCAATTTTG,1371,G2/M phase,0.730278,G2/M phase,0.725271
scplantdb_SRP148288:SRX4098370@@_AAGGAGTGGGAC,1372,G2/M phase,0.676218,G2/M phase,0.653527
scplantdb_SRP148288:SRX4098370@@_AAAACCTACGAC,1373,Root cap,0.477327,Root cap,0.468310
scplantdb_SRP148288:SRX4098370@@_ATCGTTCCGGTC,1374,Root cortex,0.589898,Root cortex,0.601785
scplantdb_SRP148288:SRX4098370@@_CCTACAGCATCA,1375,Columella root cap,0.261979,Columella root cap,0.298816
scplantdb_SRP148288:SRX4098370@@_TAGGAATTGTGA,1376,Root cortex,0.531158,Root cortex,0.502513
scplantdb_SRP148288:SRX4098370@@_TGCTCTCATTTG,1377,Root cortex,0.673997,Root cortex,0.662149
scplantdb_SRP148288:SRX4098370@@_GGGCTATGACGC,1378,Root cortex,0.634503,Root cortex,0.646100
scplantdb_SRP148288:SRX4098370@@_GGCCAAACATCT,1379,Root cap,0.370705,Root cap,0.344864
scplantdb_SRP148288:SRX4098370@@_AGGGCAATGATG,1380,Root cortex,0.553688,Root cortex,0.583061
scplantdb_SRP148288:SRX4098370@@_CTTGATAAACCC,1381,Lateral root cap,0.383715,Root cap,0.385151
scplantdb_SRP148288:SRX4098370@@_ACATGTCCCGCC,1382,Root cap,0.339868,Root cap,0.339177
scplantdb_SRP148288:SRX4098370@@_TCGGACCAAATA,1383,Root cortex,0.564599,Root cortex,0.529614
scplantdb_SRP148288:SRX4098370@@_ATTACCCGTAGC,1384,Root cortex,0.580751,Root cortex,0.547414
scplantdb_SRP148288:SRX4098370@@_CTGACATAAGCG,1385,Lateral root cap,0.722660,Lateral root cap,0.719747
scplantdb_SRP148288:SRX4098370@@_TATGTCAAGTCC,1386,Root cap,0.221568,Root cortex,0.235116
scplantdb_SRP148288:SRX4098370@@_AAAGGCAGCATG,1387,G2/M phase,0.395631,G2/M phase,0.370507
scplantdb_SRP148288:SRX4098370@@_GCGACCTCCCGG,1388,G2/M phase,0.621748,G2/M phase,0.605540
scplantdb_SRP148288:SRX4098370@@_CCGAGAGCCCCA,1389,Root cortex,0.590529,Root cortex,0.617938
scplantdb_SRP148288:SRX4098370@@_CTGCAGCCAGTT,1390,Columella root cap,0.349181,Columella root cap,0.365153
scplantdb_SRP148288:SRX4098370@@_CCCCAAAACGAC,1391,Root cap,0.439975,Root cap,0.430080
scplantdb_SRP148288:SRX4098370@@_AAGACTCTGGGC,1392,G2/M phase,0.667411,G2/M phase,0.615429
scplantdb_SRP148288:SRX4098370@@_GCCTATGCATAT,1393,Root cap,0.389515,Root cap,0.338006
scplantdb_SRP148288:SRX4098370@@_TACCAATTTTTC,1394,Root cortex,0.434522,Root cortex,0.410212
scplantdb_SRP148288:SRX4098370@@_GGGCTCTGCCGC,1395,Root cortex,0.622351,Root cortex,0.688020
scplantdb_SRP148288:SRX4098370@@_ATGCCTCTGGGC,1396,G2/M phase,0.695857,G2/M phase,0.651515
scplantdb_SRP148288:SRX4098370@@_TTGACCACCGTG,1397,Root cap,0.429161,Root cap,0.408156
scplantdb_SRP148288:SRX4098371@@_TCGGATTACTAT,1398,G2/M phase,0.535347,G2/M phase,0.503186
scplantdb_SRP148288:SRX4098371@@_ATTAAGACCGCC,1399,G2/M phase,0.639686,G2/M phase,0.614216
scplantdb_SRP148288:SRX4098371@@_AGCCTTCACAAT,1400,G2/M phase,0.620331,G2/M phase,0.603557
scplantdb_SRP148288:SRX4098371@@_TGAGTCCCCCAT,1401,Root hair,0.338705,Root hair,0.324687
scplantdb_SRP148288:SRX4098371@@_CTTATTGGCAAC,1402,Root cap,0.309683,Root cap,0.290263
scplantdb_SRP148288:SRX4098371@@_GCCTGACCTTCC,1403,Columella root cap,0.341157,Columella root cap,0.308401
scplantdb_SRP148288:SRX4098371@@_TTCATGTTCTCA,1404,Root cap,0.377454,Root cap,0.390519
scplantdb_SRP148288:SRX4098371@@_TTTGTTATCTCC,1405,G2/M phase,0.623720,G2/M phase,0.577108
scplantdb_SRP148288:SRX4098371@@_TAATACCGGAAA,1406,G2/M phase,0.184530,Columella root cap,0.188570
scplantdb_SRP148288:SRX4098371@@_ACCGACCCTTGG,1407,Root cap,0.449029,Root cap,0.499308
scplantdb_SRP148288:SRX4098371@@_GATTATATCCAG,1408,Root cap,0.371887,Root cap,0.340028
scplantdb_SRP148288:SRX4098371@@_ATTTGAATCAAT,1409,G2/M phase,0.583737,G2/M phase,0.573647
scplantdb_SRP148288:SRX4098371@@_GCGCATGTCATA,1410,G2/M phase,0.420319,G2/M phase,0.401450
scplantdb_SRP148288:SRX4098371@@_AAGGAGAGTGTA,1411,G2/M phase,0.726859,G2/M phase,0.718349
scplantdb_SRP148288:SRX4098371@@_CGATTAATACAA,1412,Lateral root cap,0.876175,Lateral root cap,0.859907
scplantdb_SRP148288:SRX4098371@@_AATTGTGGCCTA,1413,G2/M phase,0.484351,G2/M phase,0.456963
scplantdb_SRP148288:SRX4098371@@_GAGCAGCCCGAA,1414,G2/M phase,0.573689,G2/M phase,0.553614
scplantdb_SRP148288:SRX4098371@@_TACATGTTGTCA,1415,Root hair,0.320725,Root hair,0.328419
scplantdb_SRP148288:SRX4098371@@_TGCCGCACGAAT,1416,G2/M phase,0.620474,G2/M phase,0.593196
scplantdb_SRP148288:SRX4098371@@_ACTCTAGACAAA,1417,G2/M phase,0.371242,G2/M phase,0.331343
scplantdb_SRP148288:SRX4098371@@_TGATTTTAGGCA,1418,G2/M phase,0.512290,G2/M phase,0.505215
scplantdb_SRP148288:SRX4098371@@_TTGAATCCATGT,1419,Lateral root cap,0.829233,Lateral root cap,0.818654
scplantdb_SRP148288:SRX4098371@@_TAGCAGCCCGCA,1420,G2/M phase,0.606646,G2/M phase,0.577116
scplantdb_SRP148288:SRX4098371@@_GAGCCGCAATAT,1421,G2/M phase,0.482394,G2/M phase,0.470675
scplantdb_SRP148288:SRX4098371@@_TTCCCTAACTCG,1422,S phase,0.358481,G2/M phase,0.371596
scplantdb_SRP148288:SRX4098371@@_GACTTCGTGCAG,1423,Columella root cap,0.289495,Columella root cap,0.307818
scplantdb_SRP148288:SRX4098371@@_CCAGGTGGTGCC,1424,Columella root cap,0.281572,Columella root cap,0.315878
scplantdb_SRP148288:SRX4098371@@_GGGGAGGCTATC,1425,G2/M phase,0.571094,G2/M phase,0.538505
scplantdb_SRP148288:SRX4098371@@_GCGCTTACGTGC,1426,G2/M phase,0.376142,G2/M phase,0.326947
scplantdb_SRP148288:SRX4098371@@_AAAGCTATCTCA,1427,Columella root cap,0.345643,Columella root cap,0.390259
scplantdb_SRP148288:SRX4098371@@_TGAAAAATTTTT,1428,Root hair,0.328394,Root hair,0.323300
scplantdb_SRP148288:SRX4098371@@_ATGGCATCTTAT,1429,G2/M phase,0.533118,G2/M phase,0.505761
scplantdb_SRP148288:SRX4098371@@_GATCTGACGTTC,1430,G2/M phase,0.556033,G2/M phase,0.532157
scplantdb_SRP148288:SRX4098371@@_AGAACTCAGACG,1431,Columella root cap,0.270855,Columella root cap,0.279612
scplantdb_SRP148288:SRX4098371@@_TTCGATCTACCA,1432,G2/M phase,0.383484,G2/M phase,0.391833
scplantdb_SRP148288:SRX4098371@@_CTCCTCTCCAGA,1433,G2/M phase,0.614939,G2/M phase,0.586289
scplantdb_SRP148288:SRX4098371@@_GAGTCCGAGCTA,1434,G2/M phase,0.387833,G2/M phase,0.361617
scplantdb_SRP148288:SRX4098371@@_AACTCGTTAATT,1435,G2/M phase,0.577814,G2/M phase,0.542444
scplantdb_SRP148288:SRX4098371@@_CAGCAAAACTTG,1436,G2/M phase,0.603236,G2/M phase,0.573237
scplantdb_SRP148288:SRX4098371@@_AGTCACAACGAA,1437,Root cap,0.526444,Root cap,0.504597
scplantdb_SRP148288:SRX4098371@@_AGCGTACCCCGG,1438,G2/M phase,0.622599,G2/M phase,0.610045
scplantdb_SRP148288:SRX4098371@@_ACCTAGGTTCCG,1439,G2/M phase,0.525179,G2/M phase,0.523292
scplantdb_SRP148288:SRX4098371@@_TGAGGGTATTCT,1440,G2/M phase,0.354463,S phase,0.400357
scplantdb_SRP148288:SRX4098371@@_TTTTATTTTTAA,1441,G2/M phase,0.699139,G2/M phase,0.681507
scplantdb_SRP148288:SRX4098371@@_AAGCCGCGATAT,1442,G2/M phase,0.464715,G2/M phase,0.465312
scplantdb_SRP148288:SRX4098371@@_CGCGAGAGGCGT,1443,G2/M phase,0.468918,G2/M phase,0.447632
scplantdb_SRP148288:SRX4098371@@_TATCCAACCTCG,1444,G2/M phase,0.252310,G2/M phase,0.254231
scplantdb_SRP148288:SRX4098371@@_GTAGCTATTTCT,1445,Root cap,0.202255,Columella root cap,0.200791
scplantdb_SRP148288:SRX4098371@@_ATCTCTGTTTGC,1446,G2/M phase,0.542138,G2/M phase,0.481510
scplantdb_SRP148288:SRX4098371@@_AGATTGCGCCTC,1447,G2/M phase,0.259950,G2/M phase,0.252127
scplantdb_SRP148288:SRX4098371@@_GTCATGTTGTCA,1448,Root cap,0.344437,Root cap,0.337039
scplantdb_SRP148288:SRX4098371@@_GCGTACGAGCTA,1449,G2/M phase,0.614029,G2/M phase,0.574523
scplantdb_SRP148288:SRX4098371@@_TAAACATTGTTA,1450,G2/M phase,0.513671,G2/M phase,0.473301
scplantdb_SRP148288:SRX4098371@@_TTACTTCCTTTA,1451,G2/M phase,0.703076,G2/M phase,0.697136
scplantdb_SRP148288:SRX4098371@@_GAAATGTCACGG,1452,Columella root cap,0.219533,Columella root cap,0.245793
scplantdb_SRP148288:SRX4098372@@_GGTCGCTTGCGA,1453,Lateral root cap,0.723433,Lateral root cap,0.680083
scplantdb_SRP148288:SRX4098372@@_CGGTATATGGAC,1454,Root cap,0.355350,Root cap,0.364345
scplantdb_SRP148288:SRX4098372@@_CTTGCGGAGCGG,1455,Root cap,0.380440,Root cap,0.368724
scplantdb_SRP148288:SRX4098372@@_ATATTTTTAGGA,1456,Columella root cap,0.566056,Columella root cap,0.527528
scplantdb_SRP148288:SRX4098372@@_GTGTTCTGCCAC,1457,Root cap,0.264818,Root cap,0.341049
scplantdb_SRP148288:SRX4098372@@_TCATATTCTTTA,1458,Root cap,0.288522,Root cap,0.273013
scplantdb_SRP148288:SRX4098372@@_TGACTATCCTGT,1459,Root cap,0.315872,Root cap,0.314691
scplantdb_SRP148288:SRX4098372@@_CTCTCCAAGAAA,1460,Root cap,0.362684,Root cap,0.384500
scplantdb_SRP148288:SRX4098372@@_GGGCTCATAATT,1461,G2/M phase,0.406364,G2/M phase,0.355904
scplantdb_SRP148288:SRX4098372@@_GACTGCGGAAAT,1462,G2/M phase,0.441257,G2/M phase,0.402672
scplantdb_SRP148288:SRX4098372@@_TCGCATAATCAG,1463,Lateral root cap,0.853161,Lateral root cap,0.821518
scplantdb_SRP148288:SRX4098372@@_GGCTCGACTTCT,1464,Columella root cap,0.293785,Columella root cap,0.301117
scplantdb_SRP148288:SRX4098372@@_CGGCGCCGTCTG,1465,Root cap,0.337498,Root cap,0.311535
scplantdb_SRP148288:SRX4098372@@_ATACAGAGAGTT,1466,Columella root cap,0.416531,Columella root cap,0.406894
scplantdb_SRP148288:SRX4098372@@_CGCCATCACGCC,1467,Lateral root cap,0.777602,Lateral root cap,0.771870
scplantdb_SRP148288:SRX4098372@@_GGGGTATACATC,1468,G2/M phase,0.583561,G2/M phase,0.530685
scplantdb_SRP148288:SRX4098372@@_TCTCACGCGGTG,1469,Phloem,0.531117,Phloem,0.472122
scplantdb_SRP148288:SRX4098372@@_CACGTCGTGCCG,1470,Phloem,0.856872,Phloem,0.831168
scplantdb_SRP148288:SRX4098372@@_AGGGACTGGTGA,1471,Root cap,0.469474,Root cap,0.477469
scplantdb_SRP148288:SRX4098372@@_GACACATTTGGG,1472,Root cap,0.354013,Root cap,0.378280
scplantdb_SRP148288:SRX4098372@@_CGCCATCCTTTC,1473,Root cap,0.354725,Root cap,0.343786
scplantdb_SRP148288:SRX4098372@@_TTTAGTCCCATT,1474,Root cap,0.449443,Root cap,0.465709
scplantdb_SRP148288:SRX4098372@@_AGAAAGGAGGCA,1475,G2/M phase,0.571333,G2/M phase,0.551331
scplantdb_SRP148288:SRX4098372@@_ATTGTGCGCCCC,1476,G2/M phase,0.439054,G2/M phase,0.419080
scplantdb_SRP148288:SRX4098372@@_CCCCCTAACGCA,1477,Root cap,0.454429,Root cap,0.448876
scplantdb_SRP148288:SRX4098372@@_CGGATCTCACCT,1478,Root cap,0.260228,Root cap,0.254051
scplantdb_SRP148288:SRX4098372@@_CGGATCTCACCC,1479,G2/M phase,0.396872,G2/M phase,0.384370
scplantdb_SRP148288:SRX4098372@@_TGGTCAGTAGTC,1480,Root cap,0.308809,Root cap,0.277143
scplantdb_SRP148288:SRX4098372@@_CGCAAGTCGGCC,1481,Root cap,0.367860,Root cap,0.396381
scplantdb_SRP148288:SRX4098372@@_CGCAAGTCGGCG,1482,Root cap,0.350027,Root cap,0.318179
scplantdb_SRP148288:SRX4098372@@_AAATTGAGAATC,1483,Root cap,0.409893,Root cap,0.429736
scplantdb_SRP148288:SRX4098372@@_GAGTTTTTTAGG,1484,Root cortex,0.385298,Root cortex,0.355117
scplantdb_SRP148288:SRX4098372@@_CTTGTGCGCGCC,1485,G2/M phase,0.590561,G2/M phase,0.564358
scplantdb_SRP148288:SRX4098372@@_TTTACTTCTTGA,1486,Root hair,0.289969,Root cap,0.265458
scplantdb_SRP148288:SRX4098372@@_GATGTACTGGAT,1487,Columella root cap,0.478031,Columella root cap,0.489524
scplantdb_SRP148288:SRX4098372@@_TGACGATAATAA,1488,S phase,0.333378,S phase,0.332791
scplantdb_SRP148288:SRX4098372@@_TTCAATAGCCGA,1489,Columella root cap,0.210697,Columella root cap,0.249479
scplantdb_SRP148288:SRX4098372@@_ACCCTCAAATCG,1490,Root cap,0.428806,Root cap,0.445501
scplantdb_SRP148288:SRX4098372@@_TTACATTTTAAA,1491,Root cap,0.291638,Root cap,0.267376
scplantdb_SRP148288:SRX4098372@@_ACCCGCGGACCA,1492,Root cap,0.470800,Root cap,0.451137
scplantdb_SRP148288:SRX4098372@@_CTGAGGTCAGAG,1493,Lateral root cap,0.752774,Lateral root cap,0.748156
scplantdb_SRP148288:SRX4098372@@_CCCGGAAATATA,1494,Root cap,0.379292,Root cap,0.368412
scplantdb_SRP148288:SRX4098372@@_ATTCACCAAAAA,1495,G2/M phase,0.383199,G2/M phase,0.382440
scplantdb_SRP148288:SRX4098372@@_GCGGGCGGAAGG,1496,G2/M phase,0.644990,G2/M phase,0.639603
scplantdb_SRP148288:SRX4098372@@_CCTAAATAAGCA,1497,Root cortex,0.477079,Root cortex,0.454239
scplantdb_SRP148288:SRX4098372@@_CACTACCTCTGT,1498,Root cap,0.459698,Root cap,0.447469
scplantdb_SRP148288:SRX4098372@@_AGACTTGCGGCT,1499,Phloem,0.886200,Phloem,0.869346
scplantdb_SRP148288:SRX4098372@@_AATATCCTGTGA,1500,G2/M phase,0.616937,G2/M phase,0.591188
scplantdb_SRP148288:SRX4098372@@_GATGAACTCTTT,1501,Root hair,0.343776,Root hair,0.321073
scplantdb_SRP148288:SRX4098373@@_CTTGTCTGGCGC,1502,G2/M phase,0.534126,G2/M phase,0.497857
scplantdb_SRP148288:SRX4098373@@_GTGCGACCATCC,1503,Columella root cap,0.308963,Columella root cap,0.355508
scplantdb_SRP148288:SRX4098373@@_TAATTACTGAAG,1504,Root cap,0.288332,Root cap,0.280818
scplantdb_SRP148288:SRX4098373@@_ACCGTGAACTTC,1505,Root cap,0.397852,Root cap,0.402244
scplantdb_SRP148288:SRX4098373@@_ATAGTCAGTACT,1506,Root cap,0.362218,Root cap,0.352455
scplantdb_SRP148288:SRX4098373@@_AATATTATTGTT,1507,Columella root cap,0.300072,S phase,0.287968
scplantdb_SRP148288:SRX4098373@@_AACTTGGGCGTC,1508,Root cortex,0.496366,Root cortex,0.466135
scplantdb_SRP148288:SRX4098373@@_ACACCTGTCCTG,1509,Root cap,0.338455,Root cap,0.332032
scplantdb_SRP148288:SRX4098373@@_CTTAAACCCATA,1510,Non-hair,0.358181,Non-hair,0.373711
scplantdb_SRP148288:SRX4098373@@_AAACCTTATGTA,1511,Root cap,0.456401,Root cap,0.407576
scplantdb_SRP148288:SRX4098373@@_ATGCCAGCAAGA,1512,Root cap,0.407666,Root cap,0.381521
scplantdb_SRP148288:SRX4098373@@_TTAGCCACTCAC,1513,Root cap,0.295185,Columella root cap,0.268701
scplantdb_SRP148288:SRX4098373@@_GTCCATTGCCGA,1514,Root cap,0.474942,Root cap,0.477720
scplantdb_SRP148288:SRX4098373@@_CGTCGAATTGCT,1515,Root cap,0.380668,Root cap,0.356258
scplantdb_SRP148288:SRX4098373@@_CCCTGGCTGTTT,1516,Non-hair,0.408587,Non-hair,0.446472
scplantdb_SRP148288:SRX4098373@@_GAACTGTACTGG,1517,G1/G0 phase,0.555904,G1/G0 phase,0.550777
scplantdb_SRP148288:SRX4098373@@_CATCCCTACACA,1518,Root cap,0.371602,Root cap,0.346473
scplantdb_SRP148288:SRX4098373@@_GTGTTCTCGTGT,1519,G2/M phase,0.532505,G2/M phase,0.509957
scplantdb_SRP148288:SRX4098373@@_ATCGTTGTGCTC,1520,Phloem,0.423266,Phloem,0.403016
scplantdb_SRP148288:SRX4098373@@_AGTGACGTACTG,1521,Root cap,0.465787,Root cap,0.479073
scplantdb_SRP148288:SRX4098373@@_TGTTAGTCCCTG,1522,Root cap,0.433544,Root cap,0.439561
scplantdb_SRP148288:SRX4098373@@_AACACTCTCTAA,1523,G2/M phase,0.284984,G2/M phase,0.267142
scplantdb_SRP148288:SRX4098373@@_GTGCCGAGGCCG,1524,Root cap,0.360241,Root cap,0.341658
scplantdb_SRP148288:SRX4098373@@_CGTACGCCGGGA,1525,G2/M phase,0.417153,G2/M phase,0.406247
scplantdb_SRP148288:SRX4098373@@_AGTACGCAGGGA,1526,G2/M phase,0.521223,G2/M phase,0.511749
scplantdb_SRP148288:SRX4098373@@_CAGCTAAATCCC,1527,Columella root cap,0.350253,S phase,0.338122
scplantdb_SRP148288:SRX4098373@@_GGGCGCTGTACG,1528,Lateral root cap,0.387400,Lateral root cap,0.347765
scplantdb_SRP148288:SRX4098373@@_ATCCTGAGACGG,1529,G2/M phase,0.771438,G2/M phase,0.762945
scplantdb_SRP148288:SRX4098373@@_CTCGTCGCAGCG,1530,G2/M phase,0.585699,G2/M phase,0.569902
scplantdb_SRP148288:SRX4098373@@_GGCTTAACTTTT,1531,Root hair,0.198623,Columella root cap,0.205661
scplantdb_SRP148288:SRX4098373@@_CATGTGGAAATT,1532,Root cap,0.286624,Root cap,0.282642
scplantdb_SRP148288:SRX4098373@@_TTGCGTAAGACC,1533,Root cap,0.440852,Root cap,0.426158
scplantdb_SRP148288:SRX4098373@@_GTAATGTACTAG,1534,S phase,0.379510,G2/M phase,0.390239
scplantdb_SRP148288:SRX4098373@@_TACCATATAAGC,1535,Lateral root cap,0.564115,Lateral root cap,0.529677
scplantdb_SRP169576:SRX5025979@@_GCGTAGGCCGAC,1536,Non-hair,0.893063,Non-hair,0.920299
scplantdb_SRP169576:SRX5025979@@_AAGGGACGTGCT,1537,Non-hair,0.711115,Non-hair,0.774233
scplantdb_SRP169576:SRX5025979@@_CTTTGGAACGCT,1538,Root cortex,0.457074,Non-hair,0.436294
scplantdb_SRP169576:SRX5025979@@_AACTGCCCCAGT,1539,Lateral root cap,0.930854,Lateral root cap,0.911289
scplantdb_SRP169576:SRX5025979@@_GACAGGGTACTC,1540,Root endodermis,0.763992,Root endodermis,0.757438
scplantdb_SRP169576:SRX5025979@@_CAGTATTCGTTT,1541,Root hair,0.857179,Root hair,0.863667
scplantdb_SRP169576:SRX5025979@@_GCCTGGTCGCGT,1542,Unknow,0.404027,Unknow,0.402827
scplantdb_SRP169576:SRX5025979@@_ACACTCGACACA,1543,Root endodermis,0.831655,Root endodermis,0.806101
scplantdb_SRP169576:SRX5025979@@_TTGACTCCGTCC,1544,Non-hair,0.815927,Non-hair,0.845846
scplantdb_SRP169576:SRX5025979@@_GAAATAGGGAAT,1545,Root hair,0.837653,Root hair,0.839663
scplantdb_SRP169576:SRX5025979@@_GAAGCGTCATTC,1546,Root stele,0.815255,Root stele,0.782010
scplantdb_SRP169576:SRX5025979@@_TAATCCCATGAA,1547,Lateral root cap,0.944951,Lateral root cap,0.927384
scplantdb_SRP169576:SRX5025979@@_AAGTCCCTGATC,1548,Root endodermis,0.695222,Root endodermis,0.684378
scplantdb_SRP169576:SRX5025979@@_AGCCCGACTAAT,1549,Columella root cap,0.247959,Columella root cap,0.260340
scplantdb_SRP169576:SRX5025979@@_CCAAGAGGAACT,1550,Root endodermis,0.483285,Root endodermis,0.458506
scplantdb_SRP169576:SRX5025979@@_ATCATTACGCTG,1551,Root endodermis,0.688649,Root endodermis,0.666457
scplantdb_SRP169576:SRX5025979@@_CAAGTACTACAA,1552,Root cap,0.440012,Root cap,0.432663
scplantdb_SRP169576:SRX5025979@@_CATCAAGCAGTG,1553,Unknow,0.478924,Unknow,0.507622
scplantdb_SRP169576:SRX5025979@@_GCCGCTTTTGAG,1554,Lateral root cap,0.852933,Lateral root cap,0.832232
scplantdb_SRP169576:SRX5025979@@_ACATCTACTGAA,1555,Lateral root cap,0.936504,Lateral root cap,0.916770
scplantdb_SRP169576:SRX5025979@@_AGGGCGATTCAC,1556,Root cap,0.506223,Root cap,0.492645
scplantdb_SRP169576:SRX5025979@@_TCGCCTCCGCGC,1557,Root hair,0.509029,Root hair,0.519942
scplantdb_SRP169576:SRX5025979@@_AAGCATAGAAGA,1558,Non-hair,0.902794,Non-hair,0.917755
scplantdb_SRP169576:SRX5025979@@_GCGCAAAATCAT,1559,Root cortex,0.453257,Root cortex,0.385265
scplantdb_SRP169576:SRX5025979@@_TCATAAGAGTTC,1560,Root stele,0.404252,Root stele,0.395062
scplantdb_SRP169576:SRX5025979@@_AACCGGAGCAGC,1561,Non-hair,0.757090,Non-hair,0.800413
scplantdb_SRP169576:SRX5025979@@_ATAAAGGAGGAT,1562,Root hair,0.797224,Root hair,0.803624
scplantdb_SRP169576:SRX5025979@@_CTCAAAATGTCA,1563,Unknow,0.364267,Unknow,0.363108
scplantdb_SRP169576:SRX5025980@@_GGTCGCTGTTGG,1564,Unknow,0.505251,Unknow,0.499202
scplantdb_SRP169576:SRX5025980@@_CGTCCAGGATTG,1565,Root cap,0.565298,Root cap,0.538328
scplantdb_SRP169576:SRX5025980@@_ACGATCTCGTTG,1566,Root hair,0.628885,Root hair,0.679967
scplantdb_SRP169576:SRX5025980@@_GCGTCCTGCTAG,1567,Columella root cap,0.509919,Columella root cap,0.462411
scplantdb_SRP169576:SRX5025980@@_CATTCTGACTGC,1568,Root hair,0.649815,Root hair,0.663677
scplantdb_SRP169576:SRX5025980@@_GCACGCTGGCTG,1569,Lateral root cap,0.523336,Lateral root cap,0.428867
scplantdb_SRP169576:SRX5025980@@_TGATGAAGTCTG,1570,Root hair,0.534647,Root hair,0.561168
scplantdb_SRP169576:SRX5025980@@_CTATCGTAAACG,1571,Lateral root cap,0.903469,Lateral root cap,0.879973
scplantdb_SRP169576:SRX5025980@@_GACTTATACTCC,1572,Root cap,0.312773,Root cap,0.373303
scplantdb_SRP169576:SRX5025980@@_CTAGCCAACTCC,1573,Root hair,0.894858,Root hair,0.879944
scplantdb_SRP169576:SRX5025980@@_AAGCGGCCGTCA,1574,Non-hair,0.900135,Non-hair,0.916699
scplantdb_SRP169576:SRX5025980@@_GGCCGACTTCCC,1575,Root endodermis,0.697734,Root endodermis,0.694409
scplantdb_SRP169576:SRX5025980@@_GTATCGGTAAGA,1576,Non-hair,0.874847,Non-hair,0.882336
scplantdb_SRP169576:SRX5025980@@_CCTGCTGGGCAA,1577,Root cortex,0.409710,Root cortex,0.341834
scplantdb_SRP169576:SRX5025980@@_TGCCTCATGCAG,1578,Non-hair,0.497437,Non-hair,0.455646
scplantdb_SRP169576:SRX5025980@@_AGTGACGTTACG,1579,Root endodermis,0.826039,Root endodermis,0.777812
scplantdb_SRP169576:SRX5025980@@_AACGTTACGCGA,1580,Lateral root cap,0.849269,Lateral root cap,0.816347
scplantdb_SRP169576:SRX5025980@@_TCGCTGTGGGAC,1581,Lateral root cap,0.807799,Lateral root cap,0.785000
scplantdb_SRP169576:SRX5025980@@_GCGCATTAGTGT,1582,Lateral root cap,0.920721,Lateral root cap,0.890301
scplantdb_SRP169576:SRX5025980@@_CCACAAAGCAGT,1583,Root hair,0.861485,Root hair,0.851559
scplantdb_SRP169576:SRX5025980@@_CATCAAATAGAA,1584,Root stele,0.852904,Root stele,0.860908
scplantdb_SRP169576:SRX5025980@@_AATATTTCGCGT,1585,Non-hair,0.800552,Non-hair,0.841230
scplantdb_SRP169576:SRX5025980@@_AGAGCCCCCCAG,1586,Non-hair,0.499827,Non-hair,0.547075
scplantdb_SRP169576:SRX5025980@@_AAGTTCTAACGT,1587,Lateral root cap,0.946797,Lateral root cap,0.927586
scplantdb_SRP169576:SRX5025980@@_AGGACACCCACA,1588,Root hair,0.839568,Root hair,0.853850
scplantdb_SRP169576:SRX5025980@@_TAATCATTCCAT,1589,Root cortex,0.532470,Root cortex,0.425097
scplantdb_SRP169576:SRX5025981@@_GTGGCTAAATGG,1590,G1/G0 phase,0.511145,G1/G0 phase,0.533276
scplantdb_SRP169576:SRX5025981@@_GACCGTCAGCAG,1591,Unknow,0.469486,Unknow,0.455815
scplantdb_SRP169576:SRX5025981@@_GACTCACTTCCT,1592,Root hair,0.680503,Root hair,0.659853
scplantdb_SRP169576:SRX5025981@@_ACATGGTCAACC,1593,Root hair,0.722266,Root hair,0.725704
scplantdb_SRP169576:SRX5025981@@_CCATTCCCTACA,1594,Unknow,0.321947,Unknow,0.342293
scplantdb_SRP169576:SRX5025981@@_ATATCTTACTCT,1595,Root stele,0.549586,Root stele,0.495238
scplantdb_SRP169576:SRX5025981@@_CAGCCGGTAGCA,1596,Columella root cap,0.680167,Columella root cap,0.654991
scplantdb_SRP169576:SRX5025981@@_CCGCACGCCTCG,1597,Root hair,0.548637,Root hair,0.588036
scplantdb_SRP169576:SRX5025981@@_GACTTCAACTGG,1598,Non-hair,0.399755,Non-hair,0.358117
scplantdb_SRP169576:SRX5025981@@_TTCCAGTAACGC,1599,Root hair,0.508288,Root hair,0.506827
scplantdb_SRP169576:SRX5025981@@_AGTATGCAGGTA,1600,Root hair,0.832219,Root hair,0.832928
scplantdb_SRP169576:SRX5025981@@_TTCTGATGCACC,1601,Root stele,0.506766,Root stele,0.483456
scplantdb_SRP169576:SRX5025981@@_GCGGGTCTAACC,1602,Non-hair,0.631783,Non-hair,0.637214
scplantdb_SRP169576:SRX5025981@@_ATCTTTCAGCGT,1603,Root hair,0.597521,Root hair,0.617224
scplantdb_SRP169576:SRX5025981@@_CTCCGCATGATC,1604,Root stele,0.840936,Root stele,0.814463
scplantdb_SRP169576:SRX5025981@@_CTCCGCATGAAC,1605,Root stele,0.758271,Root stele,0.730380
scplantdb_SRP169576:SRX5025981@@_TGGGCCTACCCG,1606,Root hair,0.520211,Root hair,0.552839
scplantdb_SRP169576:SRX5025981@@_TCAGAACGTGTC,1607,Root hair,0.668223,Root hair,0.686483
scplantdb_SRP169576:SRX5025981@@_TGGGCCTACTAC,1608,Root hair,0.778758,Root hair,0.779505
scplantdb_SRP169576:SRX5025981@@_GCGCACGCATCA,1609,Columella root cap,0.497728,Columella root cap,0.475867
scplantdb_SRP169576:SRX5025981@@_TATTTCGCTAGG,1610,Columella root cap,0.469990,Columella root cap,0.493936
scplantdb_SRP169576:SRX5025981@@_GGAGAGAGCTCC,1611,Lateral root cap,0.935464,Lateral root cap,0.906919
scplantdb_SRP169576:SRX5025981@@_AACCTGACTCTG,1612,Root cap,0.462490,Root cap,0.466758
scplantdb_SRP169576:SRX5025981@@_CCATTGCGCCTT,1613,Root hair,0.312910,Unknow,0.305458
scplantdb_SRP169576:SRX5025981@@_AGCGGAATCTAC,1614,Root hair,0.899054,Root hair,0.880984
scplantdb_SRP169576:SRX5025981@@_CGTCTTATTAGG,1615,Root hair,0.874148,Root hair,0.869033
scplantdb_SRP169576:SRX5025981@@_AGCGGAATCGCG,1616,Root hair,0.900301,Root hair,0.893757
scplantdb_SRP169576:SRX5025981@@_CTCGGAATACAA,1617,Root endodermis,0.905049,Root endodermis,0.869879
scplantdb_SRP169576:SRX5025981@@_CACTCGCACGTG,1618,Root stele,0.744638,Root stele,0.717549
scplantdb_SRP169576:SRX5025981@@_ACGCACGATTGT,1619,S phase,0.415589,S phase,0.443642
scplantdb_SRP169576:SRX5025981@@_CAATAGTGAGAT,1620,Root hair,0.491732,Root hair,0.492466
scplantdb_SRP169576:SRX5025981@@_ACATAATGATCA,1621,Root hair,0.673447,Root hair,0.649863
scplantdb_SRP169576:SRX5025981@@_GCGTGTTGGTTC,1622,Root hair,0.485551,Root hair,0.428826
scplantdb_SRP169576:SRX5025981@@_TTACCCGCTTTT,1623,Unknow,0.322300,Unknow,0.312952
scplantdb_SRP169576:SRX5025981@@_ACGTAAGTGGCG,1624,Columella root cap,0.522129,Columella root cap,0.527121
scplantdb_SRP169576:SRX5025981@@_GCTGTACACTCG,1625,Root hair,0.512307,Root hair,0.545689
scplantdb_SRP169576:SRX5025981@@_TGTAATATCGGA,1626,Root hair,0.823413,Root hair,0.819251
scplantdb_SRP169576:SRX5025981@@_GGAGAGAGTCGC,1627,Root hair,0.457970,Root hair,0.451068
scplantdb_SRP169576:SRX5025981@@_ATTGCAGGTAGG,1628,Root hair,0.800807,Root hair,0.808724
scplantdb_SRP169576:SRX5025981@@_TCCCACTGGTTT,1629,Root cortex,0.419872,Root cortex,0.390337
scplantdb_SRP169576:SRX5025981@@_GTCGATCTTCAA,1630,Root hair,0.656033,Root hair,0.649981
scplantdb_SRP169576:SRX5025981@@_ACCCCCCATCCC,1631,Root hair,0.712239,Root hair,0.696547
scplantdb_SRP169576:SRX5025981@@_TCCGTCGAACCC,1632,Root hair,0.848600,Root hair,0.835241
scplantdb_SRP169576:SRX5025981@@_GCTTTACTATAC,1633,Root hair,0.770038,Root hair,0.766853
scplantdb_SRP169576:SRX5025981@@_TCATACATGTTA,1634,Lateral root cap,0.936794,Lateral root cap,0.920870
scplantdb_SRP169576:SRX5025981@@_TTTATCTCCACT,1635,Root cap,0.441296,Root cap,0.467031
scplantdb_SRP169576:SRX5025981@@_ATCCTCGGAGTT,1636,Non-hair,0.734886,Non-hair,0.718501
scplantdb_SRP169576:SRX5025981@@_ATCCCAGGATGG,1637,Unknow,0.330779,Unknow,0.325326
scplantdb_SRP169576:SRX5025981@@_AGGGAGATTATG,1638,Root hair,0.587246,Root hair,0.556892
scplantdb_SRP169576:SRX5025981@@_GAATGAACTCCT,1639,Root hair,0.417031,Root hair,0.457902
scplantdb_SRP169576:SRX5025981@@_AAAGTAGCCTAG,1640,Root hair,0.632107,Root hair,0.657629
scplantdb_SRP169576:SRX5025981@@_TGATACTTTTGC,1641,G1/G0 phase,0.590814,G1/G0 phase,0.610449
scplantdb_SRP169576:SRX5025981@@_TCAGCTCGGATG,1642,Root hair,0.528745,Root hair,0.555327
scplantdb_SRP169576:SRX5025981@@_TCTCCGTCTTGT,1643,Root hair,0.747586,Root hair,0.758953
scplantdb_SRP169576:SRX5025981@@_TGAGGCCTACCT,1644,Root hair,0.451292,Root hair,0.453949
scplantdb_SRP169576:SRX5025981@@_GTACTCAAATTC,1645,Root cap,0.415487,Root cap,0.475968
scplantdb_SRP169576:SRX5025981@@_CCCGGTTTACCA,1646,Root hair,0.792616,Root hair,0.764253
scplantdb_SRP169576:SRX5025981@@_GGTAGGGTCGGG,1647,Root stele,0.506700,Root stele,0.421618
scplantdb_SRP169576:SRX5025981@@_CGGCCCGCTCAT,1648,Root hair,0.890567,Root hair,0.880048
scplantdb_SRP169576:SRX5025981@@_GCCGCAATGACA,1649,Root hair,0.717469,Root hair,0.700130
scplantdb_SRP169576:SRX5025981@@_CGCGTTCTGGCA,1650,Root hair,0.452775,Root hair,0.468338
scplantdb_SRP169576:SRX5025981@@_TTTTTCTTTTTG,1651,Unknow,0.362448,Unknow,0.386315
scplantdb_SRP169576:SRX5025981@@_CATTTAGTTGCG,1652,Root stele,0.195887,G1/G0 phase,0.204889
scplantdb_SRP169576:SRX5025981@@_AGTTACAAGCCA,1653,Root hair,0.868248,Root hair,0.854181
scplantdb_SRP169576:SRX5025981@@_AGTTACAAGCGC,1654,Root hair,0.784327,Root hair,0.783624
scplantdb_SRP169576:SRX5025981@@_ACTATGACAATG,1655,Root hair,0.725909,Root hair,0.708414
scplantdb_SRP169576:SRX5025981@@_CCTGTTCAGGTT,1656,Unknow,0.399199,Unknow,0.411382
scplantdb_SRP169576:SRX5025981@@_GCGCTATGTAGG,1657,Columella root cap,0.298484,Columella root cap,0.303980
scplantdb_SRP169576:SRX5025981@@_ACGCAGGATCGT,1658,Columella root cap,0.307659,Columella root cap,0.350434
scplantdb_SRP169576:SRX5025981@@_CCGAGCCGACGG,1659,Root endodermis,0.900707,Root endodermis,0.861601
scplantdb_SRP169576:SRX5025981@@_CCTTTAATCCAA,1660,Root hair,0.536810,Root hair,0.581776
scplantdb_SRP169576:SRX5025981@@_GAATACCAGCAT,1661,Unknow,0.361610,Root hair,0.367083
scplantdb_SRP169576:SRX5025981@@_TACCTTACGTCA,1662,Root hair,0.781817,Root hair,0.759964
scplantdb_SRP169576:SRX5025981@@_ATTGGCAGTTCC,1663,Root cap,0.458409,Root cap,0.469115
scplantdb_SRP169576:SRX5025981@@_GTCAGGAGCCTC,1664,Non-hair,0.680501,Non-hair,0.669474
scplantdb_SRP169576:SRX5025981@@_ATAGGCTCTTGT,1665,Root stele,0.790034,Root stele,0.755458
scplantdb_SRP169576:SRX5025981@@_TTTTTGTAGATA,1666,Root hair,0.700218,Root hair,0.709532
scplantdb_SRP169576:SRX5025981@@_AACTTCTCTTCG,1667,Columella root cap,0.413374,Columella root cap,0.445794
scplantdb_SRP169576:SRX5025981@@_TTCGAGTGAGTC,1668,Root hair,0.514357,Root hair,0.465376
scplantdb_SRP169576:SRX5025981@@_ACTGGCGGACAC,1669,Root hair,0.539813,Root hair,0.560533
scplantdb_SRP169576:SRX5025981@@_AAAGCGTTGTCG,1670,Columella root cap,0.666164,Columella root cap,0.634760
scplantdb_SRP169576:SRX5025981@@_ATAGTGCCTTAC,1671,Root hair,0.875943,Root hair,0.867882
scplantdb_SRP169576:SRX5025981@@_CATATACATTCA,1672,Root endodermis,0.741812,Root endodermis,0.698166
scplantdb_SRP169576:SRX5025981@@_CATATACATTAC,1673,Root endodermis,0.844258,Root endodermis,0.798382
scplantdb_SRP169576:SRX5025981@@_GTCTTATGAACT,1674,Unknow,0.460892,Unknow,0.422102
scplantdb_SRP169576:SRX5025981@@_ACCTGGACTGTG,1675,Root hair,0.264548,Root hair,0.298338
scplantdb_SRP169576:SRX5025981@@_TGAGGTGAGCTG,1676,Root endodermis,0.737407,Root endodermis,0.702708
scplantdb_SRP169576:SRX5025981@@_TGAGGTGAGCGA,1677,Root endodermis,0.679249,Root endodermis,0.667534
scplantdb_SRP169576:SRX5025981@@_CAAGCCCTCCTA,1678,Non-hair,0.766837,Non-hair,0.743959
scplantdb_SRP169576:SRX5025981@@_TTCTATACCCCA,1679,Root hair,0.447337,Root hair,0.428857
scplantdb_SRP169576:SRX5025981@@_GTCTTGACCCTG,1680,Unknow,0.314800,Unknow,0.307698
scplantdb_SRP169576:SRX5025981@@_GCCCCGCCTCGA,1681,Non-hair,0.525812,Non-hair,0.497261
scplantdb_SRP169576:SRX5025981@@_TAATCAAAAGAA,1682,Root hair,0.796139,Root hair,0.790385
scplantdb_SRP169576:SRX5025981@@_GTGGACTGGCCG,1683,Non-hair,0.787036,Non-hair,0.790006
scplantdb_SRP169576:SRX5025981@@_GTGGACTGGCCT,1684,Root hair,0.471307,Root hair,0.511018
scplantdb_SRP169576:SRX5025981@@_AGAGTCCCTCTT,1685,Non-hair,0.667986,Non-hair,0.652852
scplantdb_SRP169576:SRX5025981@@_TTTAAACAGGGA,1686,Root stele,0.571335,Root stele,0.493439
scplantdb_SRP169576:SRX5025981@@_CTCGTATCAGGA,1687,Lateral root cap,0.496973,Lateral root cap,0.485337
scplantdb_SRP169576:SRX5025981@@_AACCGCGCCCCT,1688,Root endodermis,0.592007,Root endodermis,0.567212
scplantdb_SRP169576:SRX5025981@@_CGAACACCCTTA,1689,Root stele,0.641305,Root stele,0.540129
scplantdb_SRP169576:SRX5025981@@_CTTTTATAGACA,1690,Columella root cap,0.514492,Columella root cap,0.501004
scplantdb_SRP169576:SRX5025981@@_ACGAGATTTACT,1691,Root endodermis,0.793714,Root endodermis,0.758426
scplantdb_SRP169576:SRX5025981@@_TGTCGTACTAGC,1692,Non-hair,0.861695,Non-hair,0.883078
scplantdb_SRP169576:SRX5025981@@_GACGCACATCTA,1693,Root hair,0.464470,Root hair,0.477342
scplantdb_SRP169576:SRX5025981@@_GTTCAGCCGTTG,1694,Root hair,0.587722,Root hair,0.587297
scplantdb_SRP169576:SRX5025981@@_GGCGCTTGACTT,1695,Root endodermis,0.791437,Root endodermis,0.769506
scplantdb_SRP169576:SRX5025981@@_ATTTTTTTTTTT,1696,Root hair,0.854290,Root hair,0.841049
scplantdb_SRP169576:SRX5025982@@_TGATTAATCCAC,1697,Xylem,0.290757,Phloem,0.304488
scplantdb_SRP169576:SRX5025982@@_CTCGGTGCGCAA,1698,Phloem,0.315280,Phloem,0.375058
scplantdb_SRP169576:SRX5025982@@_CACCATGAATGA,1699,Root cap,0.574103,Root cap,0.572691
scplantdb_SRP169576:SRX5025982@@_ATGAGGAGCTCG,1700,Root cap,0.615205,Root cap,0.575823
scplantdb_SRP169576:SRX5025982@@_TCGCGACTGGCG,1701,Root stele,0.707996,Root stele,0.671436
scplantdb_SRP169576:SRX5025982@@_GATCACGCAGCT,1702,G1/G0 phase,0.586618,G1/G0 phase,0.561127
scplantdb_SRP169576:SRX5025982@@_CATGACTCTAGT,1703,Root stele,0.882272,Root stele,0.881007
scplantdb_SRP169576:SRX5025983@@_ATCGCAGACACC,1704,Unknow,0.528087,Unknow,0.528014
scplantdb_SRP169576:SRX5025983@@_AATATCGTCTAC,1705,Phloem,0.419952,Phloem,0.445252
scplantdb_SRP169576:SRX5025983@@_TGACGGGTAGCA,1706,Unknow,0.551944,Unknow,0.562316
scplantdb_SRP169576:SRX5025983@@_GGCTGCCGGGCA,1707,Columella root cap,0.553747,Columella root cap,0.510766
scplantdb_SRP169576:SRX5025983@@_TGATAACATGTT,1708,G1/G0 phase,0.220679,G1/G0 phase,0.216544
scplantdb_SRP169576:SRX5025983@@_CATGGTGGGACG,1709,Root cortex,0.462358,Root endodermis,0.438777
scplantdb_SRP169576:SRX5025984@@_TGAAGTCGTATT,1710,Columella root cap,0.699512,Columella root cap,0.683619
scplantdb_SRP169576:SRX5025984@@_GCCACAGGTGGA,1711,Columella root cap,0.330184,S phase,0.340931
scplantdb_SRP169576:SRX5025984@@_TGCCATTTATGC,1712,Lateral root cap,0.846372,Lateral root cap,0.811261
scplantdb_SRP169576:SRX5025984@@_TGTCATCTGATT,1713,Root cap,0.627396,Root cap,0.627389
scplantdb_SRP169576:SRX5025984@@_CGCCTTCGAACT,1714,Root hair,0.846546,Root hair,0.852719
scplantdb_SRP169576:SRX5025984@@_GCATCCAACACC,1715,Root stele,0.832149,Root stele,0.822817
scplantdb_SRP169576:SRX5025984@@_CGATCGACCTTC,1716,Lateral root cap,0.889113,Lateral root cap,0.873597
scplantdb_SRP169576:SRX5025984@@_AATGAAATAGGG,1717,Lateral root cap,0.896233,Lateral root cap,0.879328
scplantdb_SRP169576:SRX5025984@@_CCCTCTTAGCCG,1718,Columella root cap,0.616376,Columella root cap,0.599855
scplantdb_SRP169576:SRX5025984@@_GGCCCGGCTCTG,1719,Non-hair,0.282112,Non-hair,0.290172
scplantdb_SRP169576:SRX5025985@@_GCGGTGGAAGGA,1720,Phloem,0.588016,Phloem,0.580003
scplantdb_SRP169576:SRX5025985@@_GAATTCCGCCAT,1721,Columella root cap,0.656858,Columella root cap,0.656798
scplantdb_SRP169576:SRX5025985@@_TGTCGGAGTATA,1722,G1/G0 phase,0.416824,G1/G0 phase,0.380516
scplantdb_SRP169576:SRX5025985@@_CATTAGTTTGGA,1723,Unknow,0.553325,Unknow,0.554304
scplantdb_SRP169576:SRX5025985@@_GTCCGGGATCTC,1724,Root stele,0.542993,Root stele,0.473753
scplantdb_SRP169576:SRX5025985@@_CCACTTTGATTA,1725,Columella root cap,0.623238,Columella root cap,0.605206
scplantdb_SRP169576:SRX5025985@@_CTGATTGGAGAG,1726,Columella root cap,0.584701,Columella root cap,0.526957
scplantdb_SRP169576:SRX5025985@@_GTACGATCTTAG,1727,Columella root cap,0.749056,Columella root cap,0.739665
scplantdb_SRP169576:SRX5025985@@_GGGCGGCGGAAA,1728,Columella root cap,0.544155,Columella root cap,0.536674
scplantdb_SRP169576:SRX5025985@@_AGCGCACTTGCT,1729,Columella root cap,0.647596,Columella root cap,0.634590
scplantdb_SRP169576:SRX5025985@@_AAGCCCGCATGA,1730,Lateral root cap,0.671264,Lateral root cap,0.636088
scplantdb_SRP169576:SRX5025985@@_TTACAATCGCGA,1731,Columella root cap,0.526792,Columella root cap,0.507619
scplantdb_SRP169576:SRX5025985@@_CAAGAGAATGTG,1732,Non-hair,0.830255,Non-hair,0.828677
scplantdb_SRP169576:SRX5025985@@_CCCAAACCTTAG,1733,Non-hair,0.760294,Non-hair,0.782933
scplantdb_SRP169576:SRX5025986@@_TTTCCGCACGAT,1734,Root stele,0.233424,Root stele,0.208626
scplantdb_SRP169576:SRX5025986@@_GGCCGATTCGAG,1735,Root cortex,0.445659,Root cortex,0.382482
scplantdb_SRP169576:SRX5025986@@_GCCATTCGCCGC,1736,Root endodermis,0.271639,Root endodermis,0.303720
scplantdb_SRP169576:SRX5025986@@_CGCGGATAGAGT,1737,Non-hair,0.779502,Non-hair,0.809184
scplantdb_SRP169576:SRX5025986@@_GGTATTACTCTG,1738,G1/G0 phase,0.664671,G1/G0 phase,0.685400
scplantdb_SRP169576:SRX5025986@@_TATCGACATTAT,1739,Root stele,0.810362,Root stele,0.820660
scplantdb_SRP169576:SRX5025986@@_TTTATGCCTGTA,1740,Columella root cap,0.516135,Columella root cap,0.509791
scplantdb_SRP169576:SRX5025987@@_TACAGATGTGAC,1741,Root endodermis,0.792676,Root endodermis,0.764950
scplantdb_SRP169576:SRX5025987@@_GCTGAATCTCGA,1742,Lateral root cap,0.946015,Lateral root cap,0.931544
scplantdb_SRP169576:SRX5025987@@_CAAGCCGATCTA,1743,Lateral root cap,0.937371,Lateral root cap,0.915377
scplantdb_SRP169576:SRX5025987@@_GCGTGCCGGCAC,1744,S phase,0.597214,S phase,0.550666
scplantdb_SRP169576:SRX5025987@@_CAGCCTCTGCCG,1745,Root endodermis,0.822030,Root endodermis,0.791994
scplantdb_SRP169576:SRX5025987@@_GCGGCGGTAATC,1746,Columella root cap,0.492374,Columella root cap,0.448262
scplantdb_SRP169576:SRX5025987@@_AGCACGTTTTAA,1747,G1/G0 phase,0.463724,G1/G0 phase,0.434412
scplantdb_SRP169576:SRX5025987@@_GTCAAACGGATC,1748,Root stele,0.603797,Root stele,0.586709
scplantdb_SRP169576:SRX5025987@@_GCGCAGCGAGTG,1749,Root cap,0.510725,Root cap,0.449537
scplantdb_SRP169576:SRX5025987@@_CTATTATATCAT,1750,Root cap,0.439935,Root cap,0.445185
scplantdb_SRP169576:SRX5025987@@_AGTTGTACCCGG,1751,Lateral root cap,0.913990,Lateral root cap,0.885002
scplantdb_SRP169576:SRX5025987@@_CTAGTTTTGCGA,1752,Phloem,0.420515,Phloem,0.480164
scplantdb_SRP169576:SRX5025987@@_CTACCTCGGTGG,1753,Columella root cap,0.549394,Columella root cap,0.478714
scplantdb_SRP169576:SRX5025987@@_GGCAGCGGGTAG,1754,Columella root cap,0.585713,Columella root cap,0.594434
scplantdb_SRP169576:SRX5025987@@_GCGCAACCTGCT,1755,Columella root cap,0.389419,Columella root cap,0.370404
scplantdb_SRP169576:SRX5025987@@_AACGCAAGCTCA,1756,Root cap,0.478567,Root cap,0.502896
scplantdb_SRP169576:SRX5025987@@_ATCGATAATGGT,1757,Non-hair,0.740543,Non-hair,0.753990
scplantdb_SRP169576:SRX5025987@@_AGCTACAGGTGG,1758,Unknow,0.421680,Unknow,0.432173
scplantdb_SRP169576:SRX5025987@@_TAGACTCCCTGT,1759,Non-hair,0.683409,Non-hair,0.719881
scplantdb_SRP169576:SRX5025987@@_AATGATTGGTCG,1760,Root endodermis,0.710548,Root endodermis,0.658254
scplantdb_SRP169576:SRX5025987@@_CTTGGTTGCAAC,1761,Root stele,0.668890,Root stele,0.671690
scplantdb_SRP169576:SRX5025987@@_AATGAGGCCGGG,1762,Columella root cap,0.581991,Columella root cap,0.594609
scplantdb_SRP169576:SRX5025987@@_TTCCGTGTGGTA,1763,G1/G0 phase,0.511589,G1/G0 phase,0.505182
scplantdb_SRP169576:SRX5025988@@_TCAGGTTAGCGG,1764,Root stele,0.821697,Root stele,0.821148
scplantdb_SRP169576:SRX5025988@@_GGACGATTGCAG,1765,Columella root cap,0.584775,Columella root cap,0.587940
scplantdb_SRP169576:SRX5025988@@_AGGCGTCCACCC,1766,Non-hair,0.387837,Non-hair,0.426325
scplantdb_SRP169576:SRX5025988@@_TAGATCCTCCGC,1767,Root cortex,0.480023,Root cortex,0.384950
scplantdb_SRP169576:SRX5025988@@_AAGAGTATAACC,1768,Root endodermis,0.904327,Root endodermis,0.865318
scplantdb_SRP169576:SRX5025988@@_ATTCAGCCGCTT,1769,Columella root cap,0.472783,Columella root cap,0.423217
scplantdb_SRP169576:SRX5025988@@_TTGCGGACATAC,1770,S phase,0.454121,S phase,0.386893
scplantdb_SRP169576:SRX5025988@@_GGCATAAGCCAT,1771,Columella root cap,0.530980,Columella root cap,0.478830
scplantdb_SRP169576:SRX5025988@@_ACGTATCGTTCC,1772,Columella root cap,0.510926,Columella root cap,0.552485
scplantdb_SRP169576:SRX5025988@@_AAGTTGACAAGA,1773,Root cortex,0.617718,Root cortex,0.505330
scplantdb_SRP169576:SRX5025988@@_ACCCCAGAATGC,1774,Root hair,0.352473,Non-hair,0.408322
scplantdb_SRP169576:SRX5025988@@_GGTCAGGAAGAT,1775,Root cap,0.550108,Root cap,0.568012
scplantdb_SRP169576:SRX5025988@@_GAGGGGCAGAAT,1776,Root cortex,0.523013,Root cortex,0.428395
scplantdb_SRP169576:SRX5025988@@_TTTTTGGCCTAA,1777,Non-hair,0.870574,Non-hair,0.853249
scplantdb_SRP169576:SRX5025988@@_ACCGATGCCAGT,1778,Root cap,0.346680,Root cap,0.349769
scplantdb_SRP169576:SRX5025988@@_CGTATCCATATC,1779,Root cap,0.619887,Root cap,0.587977
scplantdb_SRP169576:SRX5025988@@_CAATGCGACACA,1780,Non-hair,0.769655,Non-hair,0.779570
scplantdb_SRP169576:SRX5025988@@_TGCGCTAGGCGC,1781,Root cap,0.576198,Root cap,0.517208
scplantdb_SRP169576:SRX5025988@@_TCCAATAATAAT,1782,G1/G0 phase,0.765242,G1/G0 phase,0.763343
scplantdb_SRP169576:SRX5025988@@_TAGCGGGACGAA,1783,Lateral root cap,0.940040,Lateral root cap,0.917452
scplantdb_SRP169576:SRX5025988@@_GGTGCCTTCCGC,1784,Columella root cap,0.535837,Columella root cap,0.532088
scplantdb_SRP169576:SRX5025988@@_ATGAGCCTCTTA,1785,Unknow,0.384898,Unknow,0.382668
scplantdb_SRP169576:SRX5025988@@_AGCAAGAATGGT,1786,Columella root cap,0.485069,Columella root cap,0.426363
scplantdb_SRP169576:SRX5025988@@_TTTACTCCGGTC,1787,Non-hair,0.678013,Non-hair,0.656621
scplantdb_SRP169576:SRX5025988@@_TTAACTCAGAAG,1788,Lateral root cap,0.758836,Lateral root cap,0.739094
scplantdb_SRP169576:SRX5025988@@_GCAGGAGTCGCA,1789,Non-hair,0.755061,Non-hair,0.824134
scplantdb_SRP169576:SRX5025988@@_GCGTTGCATTCC,1790,Lateral root cap,0.849532,Lateral root cap,0.821665
scplantdb_SRP169576:SRX5025988@@_GGCCCGGGGTAG,1791,Root cap,0.499554,Root cap,0.500993
scplantdb_SRP335448:SRX12004740@@_AATGGAAAGACCTCAT-1,1792,Leaf epidermis,0.651208,Leaf epidermis,0.588529
scplantdb_SRP335448:SRX12004740@@_AGAGAATCAAGAGCTG-1,1793,Phloem parenchyma,0.474063,Phloem parenchyma,0.431264
scplantdb_SRP335448:SRX12004740@@_AGCGTCGAGGTTGGTG-1,1794,Phloem parenchyma,0.800023,Phloem parenchyma,0.794106
scplantdb_SRP335448:SRX12004740@@_AGCTCAACACTGATTG-1,1795,Leaf epidermis,0.579200,Leaf epidermis,0.501157
scplantdb_SRP335448:SRX12004740@@_ATACTTCGTTTGAAAG-1,1796,Phloem parenchyma,0.667661,Phloem parenchyma,0.662889
scplantdb_SRP335448:SRX12004740@@_ATTCATCCATCCAACA-1,1797,Phloem parenchyma,0.688240,Phloem parenchyma,0.658398
scplantdb_SRP335448:SRX12004740@@_CACTGAACAATTTCGG-1,1798,Phloem parenchyma,0.601269,Phloem parenchyma,0.573951
scplantdb_SRP335448:SRX12004740@@_CAGAGCCCAACTTGGT-1,1799,Leaf epidermis,0.737378,Leaf epidermis,0.694578
scplantdb_SRP335448:SRX12004740@@_CAGCCAGCAGATCCTA-1,1800,Leaf epidermis,0.626594,Leaf epidermis,0.527081
scplantdb_SRP335448:SRX12004740@@_CAGGTATCAATGTCAC-1,1801,Phloem parenchyma,0.685439,Phloem parenchyma,0.681207
scplantdb_SRP335448:SRX12004740@@_CATGGATTCATAGCAC-1,1802,Phloem parenchyma,0.849009,Phloem parenchyma,0.843118
scplantdb_SRP335448:SRX12004740@@_CATTGTTCAGCTCTGG-1,1803,Phloem parenchyma,0.671041,Phloem parenchyma,0.669878
scplantdb_SRP335448:SRX12004740@@_CCTCAGTCAACCAACT-1,1804,Leaf epidermis,0.615561,Leaf epidermis,0.587109
scplantdb_SRP335448:SRX12004740@@_CGGTCAGTCAACCTCC-1,1805,Phloem parenchyma,0.836463,Phloem parenchyma,0.827671
scplantdb_SRP335448:SRX12004740@@_CGTCAAAGTAGGGAGG-1,1806,Phloem parenchyma,0.668781,Phloem parenchyma,0.657272
scplantdb_SRP335448:SRX12004740@@_CTCATCGAGTTTGGCT-1,1807,Phloem parenchyma,0.365762,Phloem parenchyma,0.396579
scplantdb_SRP335448:SRX12004740@@_CTCATTAGTAGTCTGT-1,1808,Phloem parenchyma,0.737073,Phloem parenchyma,0.730496
scplantdb_SRP335448:SRX12004740@@_CTGCATCCACTGGATT-1,1809,Leaf epidermis,0.736186,Leaf epidermis,0.689976
scplantdb_SRP335448:SRX12004740@@_CTGGCAGAGCCATTTG-1,1810,Phloem parenchyma,0.639696,Phloem parenchyma,0.638628
scplantdb_SRP335448:SRX12004740@@_CTGTACCGTGGGTTGA-1,1811,Leaf epidermis,0.349944,Leaf epidermis,0.299335
scplantdb_SRP335448:SRX12004740@@_CTTACCGTCTACACAG-1,1812,Leaf epidermis,0.626743,Leaf epidermis,0.550854
scplantdb_SRP335448:SRX12004740@@_CTTAGGACACGGCGTT-1,1813,Phloem parenchyma,0.863530,Phloem parenchyma,0.862499
scplantdb_SRP335448:SRX12004740@@_GACTATGTCCACGGAC-1,1814,Phloem parenchyma,0.818842,Phloem parenchyma,0.780399
scplantdb_SRP335448:SRX12004740@@_GAGATGGCAAGGTACG-1,1815,Phloem parenchyma,0.725763,Phloem parenchyma,0.704601
scplantdb_SRP335448:SRX12004740@@_GAGTTACAGCTCCCTT-1,1816,Phloem parenchyma,0.739028,Phloem parenchyma,0.734374
scplantdb_SRP335448:SRX12004740@@_GCATGATGTCGAGTTT-1,1817,Phloem parenchyma,0.768785,Phloem parenchyma,0.764277
scplantdb_SRP335448:SRX12004740@@_GCCAGGTTCAATCTTC-1,1818,Leaf epidermis,0.542019,Leaf epidermis,0.483327
scplantdb_SRP335448:SRX12004740@@_GCCCGAACACCAGCGT-1,1819,Leaf epidermis,0.720917,Leaf epidermis,0.646591
scplantdb_SRP335448:SRX12004740@@_GCGTTTCAGTAGTGCG-1,1820,Leaf epidermis,0.465343,Leaf epidermis,0.421337
scplantdb_SRP335448:SRX12004740@@_GCTTGGGTCTCCAATT-1,1821,Leaf epidermis,0.416997,Leaf epidermis,0.388132
scplantdb_SRP335448:SRX12004740@@_GGCACGTTCACTCACC-1,1822,Phloem parenchyma,0.771976,Phloem parenchyma,0.755183
scplantdb_SRP335448:SRX12004740@@_GGGAGATTCATTCATC-1,1823,Phloem parenchyma,0.722183,Phloem parenchyma,0.708484
scplantdb_SRP335448:SRX12004740@@_GGGAGTATCCGTCAAA-1,1824,Leaf epidermis,0.661833,Leaf epidermis,0.630185
scplantdb_SRP335448:SRX12004740@@_GTGAGTTGTGCCCGTA-1,1825,Leaf epidermis,0.457461,Leaf epidermis,0.405671
scplantdb_SRP335448:SRX12004740@@_GTTGAACCAAGAGCTG-1,1826,Leaf epidermis,0.543648,Leaf epidermis,0.449885
scplantdb_SRP335448:SRX12004740@@_GTTGCGGTCCTTCGAC-1,1827,Phloem parenchyma,0.626485,Phloem parenchyma,0.603871
scplantdb_SRP335448:SRX12004740@@_TACTTACCATGACGTT-1,1828,Phloem parenchyma,0.756143,Phloem parenchyma,0.751251
scplantdb_SRP335448:SRX12004740@@_TACTTGTCAGATAAAC-1,1829,Phloem parenchyma,0.515174,Phloem parenchyma,0.472553
scplantdb_SRP335448:SRX12004740@@_TAGGGTTTCTATTTCG-1,1830,Phloem parenchyma,0.461065,Phloem parenchyma,0.421642
scplantdb_SRP335448:SRX12004740@@_TCAAGCACAGATCCAT-1,1831,Leaf epidermis,0.516220,Leaf epidermis,0.454351
scplantdb_SRP335448:SRX12004740@@_TCCACGTAGGCACCAA-1,1832,Phloem parenchyma,0.593572,Phloem parenchyma,0.548897
scplantdb_SRP335448:SRX12004740@@_TCCAGAACATGAGATA-1,1833,Leaf epidermis,0.568253,Leaf epidermis,0.508628
scplantdb_SRP335448:SRX12004740@@_TCCCATGTCCGATCGG-1,1834,Phloem parenchyma,0.673775,Phloem parenchyma,0.637586
scplantdb_SRP335448:SRX12004740@@_TCCTCTTCAAGAGAGA-1,1835,Phloem parenchyma,0.556192,Phloem parenchyma,0.507861
scplantdb_SRP335448:SRX12004740@@_TCGATTTCATTGTAGC-1,1836,Leaf epidermis,0.522255,Leaf epidermis,0.463208
scplantdb_SRP335448:SRX12004740@@_TCGTCCAAGTTCTCTT-1,1837,Leaf epidermis,0.344824,Leaf epidermis,0.311937
scplantdb_SRP335448:SRX12004740@@_TGCACGGAGCTGCCAC-1,1838,Phloem parenchyma,0.677668,Phloem parenchyma,0.662434
scplantdb_SRP335448:SRX12004740@@_TGCTTGCTCCGATGCG-1,1839,Leaf epidermis,0.447448,Leaf epidermis,0.394300
scplantdb_SRP335448:SRX12004740@@_TGGGTTACAGCCGTCA-1,1840,Leaf epidermis,0.615188,Leaf epidermis,0.552469
scplantdb_SRP335448:SRX12004740@@_TTAGGCATCGGCTATA-1,1841,Phloem parenchyma,0.630498,Phloem parenchyma,0.630953
scplantdb_SRP335448:SRX12004740@@_TTCCTCTTCATGCAGT-1,1842,Leaf epidermis,0.522098,Leaf epidermis,0.446708
scplantdb_SRP335448:SRX12004740@@_TTCGCTGAGACCATTC-1,1843,Leaf epidermis,0.644200,Leaf epidermis,0.577241
scplantdb_SRP335448:SRX12004740@@_TTTGGTTCAAGGAGTC-1,1844,Leaf epidermis,0.633825,Leaf epidermis,0.561741
scplantdb_SRP335448:SRX15488576@@_AACAACCTCTATGTGG-1,1845,Leaf epidermis,0.746922,Leaf epidermis,0.702303
scplantdb_SRP335448:SRX15488576@@_AATGGAAGTACAGTTC-1,1846,Leaf epidermis,0.794560,Leaf epidermis,0.755695
scplantdb_SRP335448:SRX15488576@@_ACGATGTAGTGGAAAG-1,1847,Leaf epidermis,0.690029,Leaf epidermis,0.634717
scplantdb_SRP335448:SRX15488576@@_ACGTACAAGTTGAATG-1,1848,Leaf epidermis,0.750688,Leaf epidermis,0.701990
scplantdb_SRP335448:SRX15488576@@_ACTATCTCATCCTTGC-1,1849,Leaf epidermis,0.621745,Leaf epidermis,0.599144
scplantdb_SRP335448:SRX15488576@@_ACTTTGTCAGCATGCC-1,1850,Leaf epidermis,0.621251,Leaf epidermis,0.516707
scplantdb_SRP335448:SRX15488576@@_AGACAGGCATAATGAG-1,1851,Leaf epidermis,0.701336,Leaf epidermis,0.665613
scplantdb_SRP335448:SRX15488576@@_AGACCCGTCACTGTCC-1,1852,Leaf epidermis,0.692808,Leaf epidermis,0.674262
scplantdb_SRP335448:SRX15488576@@_AGGGTTTCACTGCACG-1,1853,Phloem parenchyma,0.676726,Phloem parenchyma,0.666657
scplantdb_SRP335448:SRX15488576@@_AGGTGTTTCTCCAATT-1,1854,Leaf epidermis,0.676078,Leaf epidermis,0.608718
scplantdb_SRP335448:SRX15488576@@_AGGTTGTCAGTCTCTC-1,1855,Leaf epidermis,0.442627,Leaf epidermis,0.376309
scplantdb_SRP335448:SRX15488576@@_ATAGAGATCCTCTTTC-1,1856,Leaf epidermis,0.605244,Leaf epidermis,0.535923
scplantdb_SRP335448:SRX15488576@@_ATGGGTTTCCAACTAG-1,1857,Leaf epidermis,0.708975,Leaf epidermis,0.631285
scplantdb_SRP335448:SRX15488576@@_ATTACCTAGGAGGCAG-1,1858,Leaf epidermis,0.553846,Leaf epidermis,0.494538
scplantdb_SRP335448:SRX15488576@@_ATTCCTAAGTCGAGGT-1,1859,Leaf epidermis,0.679180,Leaf epidermis,0.604108
scplantdb_SRP335448:SRX15488576@@_ATTCGTTAGGGATGTC-1,1860,Phloem parenchyma,0.763278,Phloem parenchyma,0.727662
scplantdb_SRP335448:SRX15488576@@_CAATGACTCATTCGGA-1,1861,Leaf epidermis,0.744587,Leaf epidermis,0.675625
scplantdb_SRP335448:SRX15488576@@_CACAGATGTTAAACAG-1,1862,Leaf epidermis,0.700105,Leaf epidermis,0.647507
scplantdb_SRP335448:SRX15488576@@_CACAGATTCCATAAGC-1,1863,Phloem parenchyma,0.651245,Phloem parenchyma,0.666017
scplantdb_SRP335448:SRX15488576@@_CACTGAATCCAAGCCG-1,1864,Leaf epidermis,0.626531,Leaf epidermis,0.547638
scplantdb_SRP335448:SRX15488576@@_CACTGTCCATCTTCGC-1,1865,Leaf epidermis,0.716299,Leaf epidermis,0.659803
scplantdb_SRP335448:SRX15488576@@_CAGCACGAGGTCGCCT-1,1866,Leaf epidermis,0.741254,Leaf epidermis,0.679983
scplantdb_SRP335448:SRX15488576@@_CATACTTAGACCCGCT-1,1867,Phloem parenchyma,0.798932,Phloem parenchyma,0.794199
scplantdb_SRP335448:SRX15488576@@_CATCCGTGTTGCATTG-1,1868,Leaf epidermis,0.806203,Leaf epidermis,0.765953
scplantdb_SRP335448:SRX15488576@@_CATGCCTGTCACCCTT-1,1869,Phloem parenchyma,0.807291,Phloem parenchyma,0.803714
scplantdb_SRP335448:SRX15488576@@_CATGGATCACGGTGCT-1,1870,Leaf epidermis,0.672338,Leaf epidermis,0.590588
scplantdb_SRP335448:SRX15488576@@_CATTGTTCAAACTGCT-1,1871,Phloem parenchyma,0.798091,Phloem parenchyma,0.723195
scplantdb_SRP335448:SRX15488576@@_CCGCAAGCAAACTAAG-1,1872,Phloem parenchyma,0.364960,Phloem parenchyma,0.306819
scplantdb_SRP335448:SRX15488576@@_CCTCAGTCAGCCTTCT-1,1873,Leaf epidermis,0.708664,Leaf epidermis,0.633319
scplantdb_SRP335448:SRX15488576@@_CCTCCAATCTTGCAAG-1,1874,Leaf epidermis,0.697822,Leaf epidermis,0.632423
scplantdb_SRP335448:SRX15488576@@_CCTGCATAGTGTAGAT-1,1875,Leaf epidermis,0.635348,Leaf epidermis,0.577588
scplantdb_SRP335448:SRX15488576@@_CGAGGAAAGACTTAAG-1,1876,Leaf epidermis,0.731848,Leaf epidermis,0.684459
scplantdb_SRP335448:SRX15488576@@_CGAGGCTAGACGCCAA-1,1877,Leaf epidermis,0.540769,Leaf epidermis,0.463905
scplantdb_SRP335448:SRX15488576@@_CGCATGGTCACCCTCA-1,1878,Phloem parenchyma,0.710414,Phloem parenchyma,0.705895
scplantdb_SRP335448:SRX15488576@@_CGTAATGTCGTAGCTA-1,1879,Leaf epidermis,0.643815,Leaf epidermis,0.582617
scplantdb_SRP335448:SRX15488576@@_CGTTAGAAGAAGTGTT-1,1880,Leaf epidermis,0.395672,Leaf epidermis,0.372438
scplantdb_SRP335448:SRX15488576@@_CGTTGGGCAGTCAGCC-1,1881,Leaf epidermis,0.553293,Leaf epidermis,0.481252
scplantdb_SRP335448:SRX15488576@@_CGTTGGGTCCGACATA-1,1882,Phloem parenchyma,0.378009,Phloem parenchyma,0.308618
scplantdb_SRP335448:SRX15488576@@_CTAGGTAGTTTCAGAC-1,1883,Leaf epidermis,0.747526,Leaf epidermis,0.677957
scplantdb_SRP335448:SRX15488576@@_CTATCTATCGCCGAGT-1,1884,Leaf epidermis,0.399054,Leaf epidermis,0.365835
scplantdb_SRP335448:SRX15488576@@_CTCAATTGTACAGCGA-1,1885,Leaf epidermis,0.731098,Leaf epidermis,0.684971
scplantdb_SRP335448:SRX15488576@@_CTCACTGTCGACATAC-1,1886,Phloem parenchyma,0.809174,Phloem parenchyma,0.807067
scplantdb_SRP335448:SRX15488576@@_CTCATGCAGCTCCGAC-1,1887,Phloem parenchyma,0.777598,Phloem parenchyma,0.735423
scplantdb_SRP335448:SRX15488576@@_CTCCCTCTCGCTGCGA-1,1888,Leaf epidermis,0.708701,Leaf epidermis,0.652285
scplantdb_SRP335448:SRX15488576@@_CTCCGATAGCGATTCT-1,1889,Leaf epidermis,0.443398,Leaf epidermis,0.381109
scplantdb_SRP335448:SRX15488576@@_CTCTCAGTCCTTGACC-1,1890,Phloem parenchyma,0.800719,Phloem parenchyma,0.770384
scplantdb_SRP335448:SRX15488576@@_CTGCATCTCCTTCTTC-1,1891,Leaf epidermis,0.413183,Leaf epidermis,0.361274
scplantdb_SRP335448:SRX15488576@@_CTGTCGTCATTGGCAT-1,1892,Leaf epidermis,0.566626,Leaf epidermis,0.530382
scplantdb_SRP335448:SRX15488576@@_CTGTGAATCGAACCAT-1,1893,Leaf epidermis,0.818186,Leaf epidermis,0.784813
scplantdb_SRP335448:SRX15488576@@_GAAGGACGTACGAGTG-1,1894,Leaf epidermis,0.697242,Leaf epidermis,0.620251
scplantdb_SRP335448:SRX15488576@@_GACCGTGGTATCTTCT-1,1895,Leaf epidermis,0.735706,Leaf epidermis,0.668890
scplantdb_SRP335448:SRX15488576@@_GACGTTATCCCAGCGA-1,1896,Leaf epidermis,0.372745,Leaf epidermis,0.318695
scplantdb_SRP335448:SRX15488576@@_GAGAAATCATCCTAAG-1,1897,Phloem parenchyma,0.675499,Phloem parenchyma,0.662562
scplantdb_SRP335448:SRX15488576@@_GAGTCTACATAGACTC-1,1898,Leaf epidermis,0.366479,Leaf epidermis,0.341271
scplantdb_SRP335448:SRX15488576@@_GAGTTACTCGAAGGAC-1,1899,Phloem parenchyma,0.793370,Phloem parenchyma,0.785666
scplantdb_SRP335448:SRX15488576@@_GAGTTACTCTAGAACC-1,1900,Phloem parenchyma,0.638805,Phloem parenchyma,0.639874
scplantdb_SRP335448:SRX15488576@@_GATAGCTGTCCCAAAT-1,1901,Leaf epidermis,0.632528,Leaf epidermis,0.595380
scplantdb_SRP335448:SRX15488576@@_GATCGTACAGCATCTA-1,1902,Phloem parenchyma,0.528272,Phloem parenchyma,0.539383
scplantdb_SRP335448:SRX15488576@@_GATCGTAGTCGCAGTC-1,1903,Phloem parenchyma,0.833297,Phloem parenchyma,0.817626
scplantdb_SRP335448:SRX15488576@@_GCACATACATCGAACT-1,1904,Leaf epidermis,0.635185,Leaf epidermis,0.565994
scplantdb_SRP335448:SRX15488576@@_GCATCTCGTTGCATGT-1,1905,Leaf epidermis,0.661524,Leaf epidermis,0.609452
scplantdb_SRP335448:SRX15488576@@_GCTACCTCAAATGAAC-1,1906,Leaf epidermis,0.588472,Leaf epidermis,0.518594
scplantdb_SRP335448:SRX15488576@@_GCTACCTTCACTTGGA-1,1907,Leaf epidermis,0.702631,Leaf epidermis,0.665486
scplantdb_SRP335448:SRX15488576@@_GCTGGGTGTGTTCAGT-1,1908,Leaf epidermis,0.778840,Leaf epidermis,0.746825
scplantdb_SRP335448:SRX15488576@@_GGAAGTGCATCAGCAT-1,1909,Leaf epidermis,0.680361,Leaf epidermis,0.626287
scplantdb_SRP335448:SRX15488576@@_GGAATGGGTTACCCAA-1,1910,Leaf epidermis,0.462002,Leaf epidermis,0.406453
scplantdb_SRP335448:SRX15488576@@_GGAATGGGTTGTCATG-1,1911,Leaf epidermis,0.665312,Leaf epidermis,0.598860
scplantdb_SRP335448:SRX15488576@@_GGAGGTACACATGAAA-1,1912,Leaf epidermis,0.541495,Leaf epidermis,0.483416
scplantdb_SRP335448:SRX15488576@@_GGGCCATTCCTAAACG-1,1913,Leaf epidermis,0.555856,Leaf epidermis,0.499406
scplantdb_SRP335448:SRX15488576@@_GGGTGAACACGTAACT-1,1914,Phloem parenchyma,0.737909,Phloem parenchyma,0.710269
scplantdb_SRP335448:SRX15488576@@_GTAAGTCAGGCTGTAG-1,1915,Leaf epidermis,0.611131,Leaf epidermis,0.557354
scplantdb_SRP335448:SRX15488576@@_GTAGAGGAGGGCTGAT-1,1916,Phloem parenchyma,0.380064,Leaf epidermis,0.280554
scplantdb_SRP335448:SRX15488576@@_GTCTCACCAACTCCCT-1,1917,Leaf epidermis,0.792971,Leaf epidermis,0.750298
scplantdb_SRP335448:SRX15488576@@_GTCTTTACACTGTTCC-1,1918,Leaf epidermis,0.438872,Leaf epidermis,0.384230
scplantdb_SRP335448:SRX15488576@@_GTGCTTCGTAGATCGG-1,1919,Leaf epidermis,0.354951,Leaf epidermis,0.329999
scplantdb_SRP335448:SRX15488576@@_GTTCATTGTGTTCGAT-1,1920,Leaf epidermis,0.574267,Leaf epidermis,0.504055
scplantdb_SRP335448:SRX15488576@@_TAACCAGGTTACGTAC-1,1921,Leaf epidermis,0.704973,Leaf epidermis,0.648935
scplantdb_SRP335448:SRX15488576@@_TAACTTCCACTACTTT-1,1922,Leaf epidermis,0.429946,Leaf epidermis,0.344611
scplantdb_SRP335448:SRX15488576@@_TACAGGTTCCGACATA-1,1923,Leaf epidermis,0.473596,Leaf epidermis,0.423573
scplantdb_SRP335448:SRX15488576@@_TACCCGTCAGGGATAC-1,1924,Phloem parenchyma,0.733136,Phloem parenchyma,0.698061
scplantdb_SRP335448:SRX15488576@@_TACGGTAAGCTGTGCC-1,1925,Phloem parenchyma,0.438731,Phloem parenchyma,0.380325
scplantdb_SRP335448:SRX15488576@@_TCAGGGCGTCCAACGC-1,1926,Leaf epidermis,0.468242,Leaf epidermis,0.421155
scplantdb_SRP335448:SRX15488576@@_TCAGGTATCTAGTCAG-1,1927,Leaf epidermis,0.667452,Leaf epidermis,0.595348
scplantdb_SRP335448:SRX15488576@@_TCATTACAGAGGGCGA-1,1928,Leaf epidermis,0.662995,Leaf epidermis,0.595088
scplantdb_SRP335448:SRX15488576@@_TCATTCATCTGACAGT-1,1929,Leaf epidermis,0.758549,Leaf epidermis,0.718262
scplantdb_SRP335448:SRX15488576@@_TCCGTGTGTCGTGCCA-1,1930,Phloem parenchyma,0.789366,Phloem parenchyma,0.775816
scplantdb_SRP335448:SRX15488576@@_TCCTTTCGTACCCGCA-1,1931,Phloem parenchyma,0.725789,Phloem parenchyma,0.699412
scplantdb_SRP335448:SRX15488576@@_TCGAAGTAGGCGCTCT-1,1932,Leaf epidermis,0.618322,Leaf epidermis,0.528191
scplantdb_SRP335448:SRX15488576@@_TCGACCTGTACAGCGA-1,1933,Leaf epidermis,0.573827,Leaf epidermis,0.511653
scplantdb_SRP335448:SRX15488576@@_TCGGGACCATGCGGTC-1,1934,Leaf epidermis,0.472536,Leaf epidermis,0.403508
scplantdb_SRP335448:SRX15488576@@_TCGGGTGGTGAGTAGC-1,1935,Leaf epidermis,0.719011,Leaf epidermis,0.664843
scplantdb_SRP335448:SRX15488576@@_TCGTAGATCCTCTCGA-1,1936,Phloem parenchyma,0.747476,Phloem parenchyma,0.708798
scplantdb_SRP335448:SRX15488576@@_TCTATCACAAGTCGTT-1,1937,Phloem parenchyma,0.823765,Phloem parenchyma,0.798369
scplantdb_SRP335448:SRX15488576@@_TCTATCAGTAGATCCT-1,1938,Phloem parenchyma,0.758787,Phloem parenchyma,0.728931
scplantdb_SRP335448:SRX15488576@@_TCTGCCATCCCGTTCA-1,1939,Leaf epidermis,0.587608,Leaf epidermis,0.516590
scplantdb_SRP335448:SRX15488576@@_TCTTAGTGTTGACTAC-1,1940,Leaf epidermis,0.647837,Leaf epidermis,0.607959
scplantdb_SRP335448:SRX15488576@@_TGACGCGCACAACGCC-1,1941,Leaf epidermis,0.638101,Leaf epidermis,0.582254
scplantdb_SRP335448:SRX15488576@@_TGACTCCTCTTCGATT-1,1942,Leaf epidermis,0.715712,Leaf epidermis,0.642274
scplantdb_SRP335448:SRX15488576@@_TGAGACTGTGCCTACG-1,1943,Leaf epidermis,0.593960,Leaf epidermis,0.532134
scplantdb_SRP335448:SRX15488576@@_TGAGTCAAGATTGCGG-1,1944,Leaf epidermis,0.767226,Leaf epidermis,0.715532
scplantdb_SRP335448:SRX15488576@@_TGCATCCTCCTGGCTT-1,1945,Leaf epidermis,0.597433,Leaf epidermis,0.507448
scplantdb_SRP335448:SRX15488576@@_TGTCCACGTGATCATC-1,1946,Leaf epidermis,0.496033,Leaf epidermis,0.418295
scplantdb_SRP335448:SRX15488576@@_TGTGATGTCCATTGTT-1,1947,Leaf epidermis,0.645251,Leaf epidermis,0.567383
scplantdb_SRP335448:SRX15488576@@_TGTGGCGCAAGTGCTT-1,1948,Phloem parenchyma,0.753459,Phloem parenchyma,0.666218
scplantdb_SRP335448:SRX15488576@@_TGTGTGATCACGTAGT-1,1949,Leaf epidermis,0.533983,Leaf epidermis,0.427142
scplantdb_SRP335448:SRX15488576@@_TGTTGGAGTTCGAGCC-1,1950,Leaf epidermis,0.718541,Leaf epidermis,0.674680
scplantdb_SRP335448:SRX15488576@@_TTACAGGCAGCTCATA-1,1951,Leaf epidermis,0.390476,Leaf epidermis,0.347803
scplantdb_SRP335448:SRX15488576@@_TTAGTCTAGCTGAAGC-1,1952,Leaf epidermis,0.420421,Leaf epidermis,0.367803
scplantdb_SRP335448:SRX15488576@@_TTAGTCTAGTCGCCAC-1,1953,Phloem parenchyma,0.518550,Phloem parenchyma,0.539454
scplantdb_SRP335448:SRX15488576@@_TTCACGCGTCGAACAG-1,1954,Phloem parenchyma,0.755036,Phloem parenchyma,0.722907
scplantdb_SRP335448:SRX15488576@@_TTCATTGAGCCAAGGT-1,1955,Phloem parenchyma,0.541015,Phloem parenchyma,0.402929
scplantdb_SRP335448:SRX15488576@@_TTCCTTCTCTATACTC-1,1956,Leaf epidermis,0.627862,Leaf epidermis,0.542308
scplantdb_SRP335448:SRX15488576@@_TTCTTCCTCAATCTTC-1,1957,Leaf epidermis,0.638846,Leaf epidermis,0.580265
scplantdb_SRP335448:SRX15488576@@_TTGATGGGTGTTACTG-1,1958,Leaf epidermis,0.440380,Leaf epidermis,0.376887
scplantdb_SRP335448:SRX15488576@@_TTGCATTGTCCAAATC-1,1959,Leaf epidermis,0.737973,Leaf epidermis,0.679629
scplantdb_SRP335448:SRX15488576@@_TTGTGGACATCGGCCA-1,1960,Leaf epidermis,0.614643,Leaf epidermis,0.550051
scplantdb_SRP335448:SRX15488576@@_TTTACTGTCTGGAGAG-1,1961,Phloem parenchyma,0.790866,Phloem parenchyma,0.777420
scplantdb_SRP335448:SRX15488576@@_TTTCATGCATCCTGTC-1,1962,Leaf epidermis,0.529014,Leaf epidermis,0.460647
scplantdb_SRP335448:SRX15488577@@_AACGTCAGTCACCGAC-1,1963,Leaf epidermis,0.466575,Leaf epidermis,0.439931
scplantdb_SRP335448:SRX15488577@@_AAGTACCGTCTCTCCA-1,1964,Leaf epidermis,0.678484,Leaf epidermis,0.633876
scplantdb_SRP335448:SRX15488577@@_ACGTTCCCATCCTCAC-1,1965,Phloem parenchyma,0.631791,Phloem parenchyma,0.624297
scplantdb_SRP335448:SRX15488577@@_ACTTCGCGTAAGGCCA-1,1966,Leaf epidermis,0.527747,Leaf epidermis,0.477786
scplantdb_SRP335448:SRX15488577@@_ACTTCGCGTATCGATC-1,1967,Phloem parenchyma,0.758789,Phloem parenchyma,0.752777
scplantdb_SRP335448:SRX15488577@@_AGATGAACACCCTAAA-1,1968,Leaf epidermis,0.731058,Leaf epidermis,0.678750
scplantdb_SRP335448:SRX15488577@@_AGGCATTGTTAGGCCC-1,1969,Phloem parenchyma,0.455012,Phloem parenchyma,0.460092
scplantdb_SRP335448:SRX15488577@@_AGGTGTTAGAATCGAT-1,1970,Leaf epidermis,0.377013,Leaf epidermis,0.347998
scplantdb_SRP335448:SRX15488577@@_AGTGCCGGTCGTTTCC-1,1971,Leaf epidermis,0.670925,Leaf epidermis,0.622512
scplantdb_SRP335448:SRX15488577@@_ATACCGAAGACTGAGC-1,1972,Leaf epidermis,0.437964,Leaf epidermis,0.400146
scplantdb_SRP335448:SRX15488577@@_ATGCATGCATTCCTCG-1,1973,Leaf epidermis,0.539977,Leaf epidermis,0.481589
scplantdb_SRP335448:SRX15488577@@_ATGGGTTAGGCAGTCA-1,1974,Leaf epidermis,0.656225,Leaf epidermis,0.598360
scplantdb_SRP335448:SRX15488577@@_ATGGTTGAGTCATGGG-1,1975,Leaf epidermis,0.688205,Leaf epidermis,0.631566
scplantdb_SRP335448:SRX15488577@@_ATTCGTTAGCTGCCTG-1,1976,Leaf epidermis,0.415498,Leaf epidermis,0.385666
scplantdb_SRP335448:SRX15488577@@_ATTGTTCTCCAAGGGA-1,1977,Leaf epidermis,0.418879,Leaf epidermis,0.369926
scplantdb_SRP335448:SRX15488577@@_CAAGAGGCAGAAACCG-1,1978,Leaf epidermis,0.457272,Leaf epidermis,0.414464
scplantdb_SRP335448:SRX15488577@@_CAATTTCCACAGCCTG-1,1979,Leaf epidermis,0.737290,Leaf epidermis,0.690812
scplantdb_SRP335448:SRX15488577@@_CACGGGTGTTACGTAC-1,1980,Leaf epidermis,0.513723,Leaf epidermis,0.425114
scplantdb_SRP335448:SRX15488577@@_CACTAAGTCGTGGTAT-1,1981,Phloem parenchyma,0.594150,Phloem parenchyma,0.512354
scplantdb_SRP335448:SRX15488577@@_CACTTCGGTGTATACC-1,1982,Phloem parenchyma,0.620435,Phloem parenchyma,0.634421
scplantdb_SRP335448:SRX15488577@@_CAGATTGCATCATTTC-1,1983,Leaf epidermis,0.593624,Leaf epidermis,0.532182
scplantdb_SRP335448:SRX15488577@@_CAGTTAGAGTAACCTC-1,1984,Leaf epidermis,0.670537,Leaf epidermis,0.624623
scplantdb_SRP335448:SRX15488577@@_CATGCCTAGCCTTCTC-1,1985,Leaf epidermis,0.683540,Leaf epidermis,0.613034
scplantdb_SRP335448:SRX15488577@@_CCAATTTGTGCCCAGT-1,1986,Phloem parenchyma,0.703453,Phloem parenchyma,0.680680
scplantdb_SRP335448:SRX15488577@@_CCCGAAGCAGAACGCA-1,1987,Leaf epidermis,0.554323,Leaf epidermis,0.472547
scplantdb_SRP335448:SRX15488577@@_CCGTAGGCAATCTCGA-1,1988,Phloem parenchyma,0.747360,Phloem parenchyma,0.729126
scplantdb_SRP335448:SRX15488577@@_CCGTGAGCAGCCCACA-1,1989,Leaf epidermis,0.452286,Leaf epidermis,0.401237
scplantdb_SRP335448:SRX15488577@@_CCGTGAGGTCTCGACG-1,1990,Leaf epidermis,0.420403,Leaf epidermis,0.369901
scplantdb_SRP335448:SRX15488577@@_CCTAACCCATACCGTA-1,1991,Leaf epidermis,0.718122,Leaf epidermis,0.682003
scplantdb_SRP335448:SRX15488577@@_CTAGGTATCTCCGAGG-1,1992,Leaf epidermis,0.687322,Leaf epidermis,0.601302
scplantdb_SRP335448:SRX15488577@@_CTATCCGCATTGGATC-1,1993,Leaf epidermis,0.677033,Leaf epidermis,0.600937
scplantdb_SRP335448:SRX15488577@@_CTCCTTTAGGCGTTAG-1,1994,Phloem parenchyma,0.665478,Phloem parenchyma,0.659910
scplantdb_SRP335448:SRX15488577@@_CTGAGGCTCCGCACTT-1,1995,Phloem parenchyma,0.755150,Phloem parenchyma,0.731687
scplantdb_SRP335448:SRX15488577@@_CTGGACGAGTCCGCGT-1,1996,Phloem parenchyma,0.650096,Phloem parenchyma,0.653343
scplantdb_SRP335448:SRX15488577@@_CTGTCGTTCCATACAG-1,1997,Phloem parenchyma,0.503971,Phloem parenchyma,0.461313
scplantdb_SRP335448:SRX15488577@@_GAACTGTCAATATCCG-1,1998,Leaf epidermis,0.656158,Leaf epidermis,0.580651
scplantdb_SRP335448:SRX15488577@@_GAACTGTCAGTTCACA-1,1999,Leaf epidermis,0.761383,Leaf epidermis,0.712261
scplantdb_SRP335448:SRX15488577@@_GAAGCGACAACTAGAA-1,2000,Leaf epidermis,0.539925,Leaf epidermis,0.446616
scplantdb_SRP335448:SRX15488577@@_GAATCGTCACAGAGAC-1,2001,Phloem parenchyma,0.466664,Phloem parenchyma,0.439443
scplantdb_SRP335448:SRX15488577@@_GACGCTGGTTCTTGTT-1,2002,Leaf epidermis,0.748839,Leaf epidermis,0.713001
scplantdb_SRP335448:SRX15488577@@_GACTTCCTCGCTATTT-1,2003,Leaf epidermis,0.691999,Leaf epidermis,0.618274
scplantdb_SRP335448:SRX15488577@@_GAGAAATAGCTTTCCC-1,2004,Leaf epidermis,0.601152,Leaf epidermis,0.524453
scplantdb_SRP335448:SRX15488577@@_GAGAGGTTCAATGTCG-1,2005,Phloem parenchyma,0.495220,Phloem parenchyma,0.453214
scplantdb_SRP335448:SRX15488577@@_GAGATGGTCTAATTCC-1,2006,Phloem parenchyma,0.607660,Phloem parenchyma,0.498993
scplantdb_SRP335448:SRX15488577@@_GAGGCCTTCTCCTGCA-1,2007,Phloem parenchyma,0.606285,Phloem parenchyma,0.603712
scplantdb_SRP335448:SRX15488577@@_GAGTTTGAGTATTAGG-1,2008,Leaf epidermis,0.413540,Leaf epidermis,0.370128
scplantdb_SRP335448:SRX15488577@@_GATGACTAGAGAGCGG-1,2009,Phloem parenchyma,0.397068,Leaf epidermis,0.331238
scplantdb_SRP335448:SRX15488577@@_GATGGAGGTATCGCAT-1,2010,Phloem parenchyma,0.693232,Phloem parenchyma,0.687409
scplantdb_SRP335448:SRX15488577@@_GATTCGACACTGGCGT-1,2011,Leaf epidermis,0.454640,Leaf epidermis,0.407955
scplantdb_SRP335448:SRX15488577@@_GCATCTCAGGATCACG-1,2012,Leaf epidermis,0.672921,Leaf epidermis,0.594416
scplantdb_SRP335448:SRX15488577@@_GCCAGCATCACTGAAC-1,2013,Leaf epidermis,0.593458,Leaf epidermis,0.517277
scplantdb_SRP335448:SRX15488577@@_GCCAGGTAGGGCTAAC-1,2014,Leaf epidermis,0.431278,Leaf epidermis,0.385816
scplantdb_SRP335448:SRX15488577@@_GCCAGGTCACTGGATT-1,2015,Phloem parenchyma,0.565338,Phloem parenchyma,0.572597
scplantdb_SRP335448:SRX15488577@@_GCGATCGAGGTTGACG-1,2016,Leaf epidermis,0.796467,Leaf epidermis,0.756898
scplantdb_SRP335448:SRX15488577@@_GCGTTTCAGCGCACAA-1,2017,Phloem parenchyma,0.489406,Phloem parenchyma,0.417960
scplantdb_SRP335448:SRX15488577@@_GGAATCTGTTAACCTG-1,2018,Leaf epidermis,0.639197,Leaf epidermis,0.555805
scplantdb_SRP335448:SRX15488577@@_GGCTGTGAGGTGCTGA-1,2019,Phloem parenchyma,0.476754,Phloem parenchyma,0.410412
scplantdb_SRP335448:SRX15488577@@_GGGACTCAGCCTGAGA-1,2020,Leaf epidermis,0.621768,Leaf epidermis,0.532397
scplantdb_SRP335448:SRX15488577@@_GGGCTCAGTGCATACT-1,2021,Leaf epidermis,0.567270,Leaf epidermis,0.497234
scplantdb_SRP335448:SRX15488577@@_GGGCTCAGTTACTCAG-1,2022,Phloem parenchyma,0.783733,Phloem parenchyma,0.726175
scplantdb_SRP335448:SRX15488577@@_GGGTTTAGTCAGACTT-1,2023,Leaf epidermis,0.576455,Leaf epidermis,0.510337
scplantdb_SRP335448:SRX15488577@@_GGTAATCGTGTCCTAA-1,2024,Leaf epidermis,0.770101,Leaf epidermis,0.722093
scplantdb_SRP335448:SRX15488577@@_GTATTTCGTATCATGC-1,2025,Phloem parenchyma,0.363890,Leaf epidermis,0.306608
scplantdb_SRP335448:SRX15488577@@_GTCGTTCCACCAGGTC-1,2026,Leaf epidermis,0.721116,Leaf epidermis,0.683038
scplantdb_SRP335448:SRX15488577@@_GTCTCACTCTCCGTGT-1,2027,Phloem parenchyma,0.561776,Phloem parenchyma,0.555512
scplantdb_SRP335448:SRX15488577@@_TAATCTCAGCGACTAG-1,2028,Leaf epidermis,0.723388,Leaf epidermis,0.673617
scplantdb_SRP335448:SRX15488577@@_TACGGTATCGGATACT-1,2029,Leaf epidermis,0.518141,Leaf epidermis,0.456775
scplantdb_SRP335448:SRX15488577@@_TACTTACAGGGAGGAC-1,2030,Phloem parenchyma,0.666619,Phloem parenchyma,0.617969
scplantdb_SRP335448:SRX15488577@@_TCAGGTAGTGGGATTG-1,2031,Leaf epidermis,0.578695,Leaf epidermis,0.500364
scplantdb_SRP335448:SRX15488577@@_TCATGCCCACGCTGCA-1,2032,Leaf epidermis,0.638486,Leaf epidermis,0.537273
scplantdb_SRP335448:SRX15488577@@_TCCGGGATCAAAGACA-1,2033,Phloem parenchyma,0.723010,Phloem parenchyma,0.608970
scplantdb_SRP335448:SRX15488577@@_TCTACCGCAGGCATGA-1,2034,Leaf epidermis,0.695553,Leaf epidermis,0.633241
scplantdb_SRP335448:SRX15488577@@_TGACCCTGTGCGAGTA-1,2035,Leaf epidermis,0.694916,Leaf epidermis,0.629260
scplantdb_SRP335448:SRX15488577@@_TGCAGATTCTCGGTAA-1,2036,Leaf epidermis,0.794448,Leaf epidermis,0.755024
scplantdb_SRP335448:SRX15488577@@_TGCAGGCGTAGTGCGA-1,2037,Leaf epidermis,0.689767,Leaf epidermis,0.615660
scplantdb_SRP335448:SRX15488577@@_TGCAGTACATTCCTCG-1,2038,Phloem parenchyma,0.473318,Phloem parenchyma,0.420369
scplantdb_SRP335448:SRX15488577@@_TGGAACTAGACCTCCG-1,2039,Leaf epidermis,0.523076,Leaf epidermis,0.440208
scplantdb_SRP335448:SRX15488577@@_TTCATTGTCCGCGGAT-1,2040,Phloem parenchyma,0.350822,Leaf epidermis,0.293110
scplantdb_SRP335448:SRX15488577@@_TTCCTTCAGTAGCTCT-1,2041,Leaf epidermis,0.512041,Leaf epidermis,0.456287
scplantdb_SRP335448:SRX15488577@@_TTGAACGGTGTCTTGA-1,2042,Leaf epidermis,0.644963,Leaf epidermis,0.584208
scplantdb_SRP335448:SRX15488577@@_TTGCATTAGGAGCAAA-1,2043,Leaf epidermis,0.536628,Leaf epidermis,0.448021
scplantdb_SRP335448:SRX15488577@@_TTGGGATAGCGGGTAT-1,2044,Leaf epidermis,0.532367,Leaf epidermis,0.465245
scplantdb_SRP335448:SRX15488577@@_TTTCACAGTCTAACTG-1,2045,Phloem parenchyma,0.399227,Phloem parenchyma,0.337425
scplantdb_SRP335448:SRX15488577@@_TTTGATCCACCTGCAG-1,2046,Leaf epidermis,0.734116,Leaf epidermis,0.702468
scplantdb_SRP335448:SRX15488577@@_TTTGATCGTACAAGCG-1,2047,Phloem parenchyma,0.613810,Phloem parenchyma,0.587992
scplantdb_SRP424189:SRX19292258@@_AAAGGATCACTTGTGA-1,2048,Leaf epidermis,0.483486,Leaf epidermis,0.535790
scplantdb_SRP424189:SRX19292258@@_AAAGGGCAGACATAAC-1,2049,Leaf epidermis,0.393357,Leaf epidermis,0.458066
scplantdb_SRP424189:SRX19292258@@_AAAGGTATCTATTCGT-1,2050,Procambium,0.875371,Procambium,0.831190
scplantdb_SRP424189:SRX19292258@@_AAAGTCCCACAGCTTA-1,2051,Procambium,0.192709,Pigment gland,0.199608
scplantdb_SRP424189:SRX19292258@@_AAAGTGATCAGCAATC-1,2052,Leaf epidermis,0.458881,Leaf epidermis,0.450880
scplantdb_SRP424189:SRX19292258@@_AACACACGTTATGTCG-1,2053,Leaf epidermis,0.684058,Leaf epidermis,0.690342
scplantdb_SRP424189:SRX19292258@@_AACCCAACAGCAGGAT-1,2054,Procambium,0.399601,Procambium,0.309211
scplantdb_SRP424189:SRX19292258@@_AACCCAATCGGTTCAA-1,2055,Leaf epidermis,0.751961,Leaf epidermis,0.778495
scplantdb_SRP424189:SRX19292258@@_AACCTGAAGAAGAACG-1,2056,Leaf epidermis,0.955107,Leaf epidermis,0.957198
scplantdb_SRP424189:SRX19292258@@_AAGACTCCAATTTCCT-1,2057,Leaf epidermis,0.940214,Leaf epidermis,0.941505
scplantdb_SRP424189:SRX19292258@@_AAGCGAGAGCGCTGCT-1,2058,Leaf epidermis,0.820033,Leaf epidermis,0.840531
scplantdb_SRP424189:SRX19292258@@_AAGGTAATCTTAGCAG-1,2059,Leaf epidermis,0.434171,Leaf epidermis,0.456163
scplantdb_SRP424189:SRX19292258@@_AAGTTCGAGCACAAAT-1,2060,Leaf guard cell,0.906121,Leaf guard cell,0.891344
scplantdb_SRP424189:SRX19292258@@_AAGTTCGTCGATTCCC-1,2061,Procambium,0.886088,Procambium,0.845135
scplantdb_SRP424189:SRX19292258@@_AATCGACGTATCAAGA-1,2062,Leaf epidermis,0.606565,Leaf epidermis,0.702831
scplantdb_SRP424189:SRX19292258@@_AATCGTGCATCATTTC-1,2063,Xylem,0.349234,Xylem,0.323157
scplantdb_SRP424189:SRX19292258@@_AATGACCAGCAATTAG-1,2064,Pigment gland,0.954841,Pigment gland,0.952955
scplantdb_SRP424189:SRX19292258@@_AATGCCAGTGGTCAAG-1,2065,Procambium,0.851679,Procambium,0.844928
scplantdb_SRP424189:SRX19292258@@_AATGGAAAGTTGAAAC-1,2066,Leaf epidermis,0.935651,Leaf epidermis,0.938035
scplantdb_SRP424189:SRX19292258@@_AATTCCTTCAGGACGA-1,2067,Leaf epidermis,0.618685,Leaf epidermis,0.660151
scplantdb_SRP424189:SRX19292258@@_ACAACCACAGACCCGT-1,2068,Leaf epidermis,0.897145,Leaf epidermis,0.904218
scplantdb_SRP424189:SRX19292258@@_ACACCAAGTGGTAATA-1,2069,Leaf epidermis,0.612879,Leaf epidermis,0.609905
scplantdb_SRP424189:SRX19292258@@_ACAGCCGCAGAGATGC-1,2070,Leaf epidermis,0.358995,Leaf epidermis,0.428615
scplantdb_SRP424189:SRX19292258@@_ACCACAAGTAGAGACC-1,2071,Procambium,0.647635,Procambium,0.603279
scplantdb_SRP424189:SRX19292258@@_ACCCAAATCTCTCTTC-1,2072,Pigment gland,0.759776,Pigment gland,0.701697
scplantdb_SRP424189:SRX19292258@@_ACGATCACAGAGGCTA-1,2073,Phloem parenchyma,0.417468,Phloem parenchyma,0.408222
scplantdb_SRP424189:SRX19292258@@_ACGATCATCCTTCTAA-1,2074,Phloem parenchyma,0.779065,Phloem parenchyma,0.763175
scplantdb_SRP424189:SRX19292258@@_ACGCACGGTACGCGTC-1,2075,Leaf epidermis,0.956960,Leaf epidermis,0.956129
scplantdb_SRP424189:SRX19292258@@_ACGGAAGCAATCCTTT-1,2076,Leaf epidermis,0.428459,Leaf epidermis,0.463581
scplantdb_SRP424189:SRX19292258@@_ACGGGTCCAGTAACAA-1,2077,Pigment gland,0.912722,Pigment gland,0.880826
scplantdb_SRP424189:SRX19292258@@_ACGGGTCGTAGAATGT-1,2078,Leaf epidermis,0.686092,Leaf epidermis,0.749810
scplantdb_SRP424189:SRX19292258@@_ACTATGGAGTCCCAAT-1,2079,Leaf epidermis,0.429660,Leaf epidermis,0.458741
scplantdb_SRP424189:SRX19292258@@_ACTTTGTGTCACTACA-1,2080,Leaf epidermis,0.447420,Leaf epidermis,0.406232
scplantdb_SRP424189:SRX19292258@@_AGAAGCGCACTGTCGG-1,2081,Leaf epidermis,0.874380,Leaf epidermis,0.895573
scplantdb_SRP424189:SRX19292258@@_AGAAGCGCAGCTCCTT-1,2082,Leaf epidermis,0.702933,Leaf epidermis,0.707479
scplantdb_SRP424189:SRX19292258@@_AGAGCAGAGGTATCTC-1,2083,Procambium,0.254733,Leaf epidermis,0.295739
scplantdb_SRP424189:SRX19292258@@_AGATCCATCTACCACC-1,2084,Procambium,0.338800,Leaf epidermis,0.271774
scplantdb_SRP424189:SRX19292258@@_AGATGCTCACTGTCCT-1,2085,Phloem parenchyma,0.317625,Phloem parenchyma,0.320354
scplantdb_SRP424189:SRX19292258@@_AGCATCAGTGTCCACG-1,2086,Phloem parenchyma,0.667143,Phloem parenchyma,0.665501
scplantdb_SRP424189:SRX19292258@@_AGCCAATAGGTCTACT-1,2087,Pigment gland,0.649557,Pigment gland,0.625445
scplantdb_SRP424189:SRX19292258@@_AGCGATTGTCTCCTGT-1,2088,Procambium,0.920341,Procambium,0.896778
scplantdb_SRP424189:SRX19292258@@_AGCTACACACCCTATC-1,2089,Procambium,0.658554,Procambium,0.531330
scplantdb_SRP424189:SRX19292258@@_AGGCTGCTCTACGGTA-1,2090,Leaf epidermis,0.931742,Leaf epidermis,0.933292
scplantdb_SRP424189:SRX19292258@@_AGGGCTCTCAGATTGC-1,2091,Leaf epidermis,0.747144,Leaf epidermis,0.763114
scplantdb_SRP424189:SRX19292258@@_AGGGTTTTCTCGCGTT-1,2092,Pigment gland,0.962633,Pigment gland,0.972975
scplantdb_SRP424189:SRX19292258@@_AGTAGCTCATTAAGCC-1,2093,Leaf epidermis,0.946936,Leaf epidermis,0.946255
scplantdb_SRP424189:SRX19292258@@_AGTGATCTCGGACAAG-1,2094,Pigment gland,0.773302,Pigment gland,0.686249
scplantdb_SRP424189:SRX19292258@@_AGTTAGCCAACGTAAA-1,2095,Procambium,0.327605,Procambium,0.250077
scplantdb_SRP424189:SRX19292258@@_AGTTAGCCATTGCTTT-1,2096,Leaf epidermis,0.945589,Leaf epidermis,0.949625
scplantdb_SRP424189:SRX19292258@@_ATACCTTTCACGATCA-1,2097,Leaf epidermis,0.844644,Leaf epidermis,0.836510
scplantdb_SRP424189:SRX19292258@@_ATAGACCCAGTGCGCT-1,2098,Leaf guard cell,0.990204,Leaf guard cell,0.989432
scplantdb_SRP424189:SRX19292258@@_ATCACTTGTGCTTCAA-1,2099,Phloem parenchyma,0.551760,Phloem parenchyma,0.589462
scplantdb_SRP424189:SRX19292258@@_ATCCATTAGCTGAGTG-1,2100,Procambium,0.864239,Procambium,0.808003
scplantdb_SRP424189:SRX19292258@@_ATCGGCGTCTATTCGT-1,2101,Procambium,0.507377,Procambium,0.492790
scplantdb_SRP424189:SRX19292258@@_ATCGTCCCACTCAGAT-1,2102,Leaf epidermis,0.631540,Leaf epidermis,0.709895
scplantdb_SRP424189:SRX19292258@@_ATGCCTCCAACAGTGG-1,2103,Procambium,0.313750,Leaf epidermis,0.276142
scplantdb_SRP424189:SRX19292258@@_ATGCCTCGTACCCAGC-1,2104,Phloem parenchyma,0.602789,Phloem parenchyma,0.585032
scplantdb_SRP424189:SRX19292258@@_ATGCGATCACTTTAGG-1,2105,Companion cell,0.469201,Companion cell,0.432055
scplantdb_SRP424189:SRX19292258@@_ATGCGATCAGCCATTA-1,2106,Leaf epidermis,0.894044,Leaf epidermis,0.902117
scplantdb_SRP424189:SRX19292258@@_ATGGGTTTCTTACGTT-1,2107,Leaf guard cell,0.565306,Leaf guard cell,0.565907
scplantdb_SRP424189:SRX19292258@@_ATTCCCGCACAAATAG-1,2108,Phloem parenchyma,0.393129,Phloem parenchyma,0.392821
scplantdb_SRP424189:SRX19292258@@_ATTCCTACACGAAGAC-1,2109,Phloem parenchyma,0.685489,Phloem parenchyma,0.681646
scplantdb_SRP424189:SRX19292258@@_ATTCTTGCAGCGTATT-1,2110,Pigment gland,0.948737,Pigment gland,0.944091
scplantdb_SRP424189:SRX19292258@@_CAACAGTCAGCGATTT-1,2111,Leaf epidermis,0.631073,Leaf epidermis,0.665467
scplantdb_SRP424189:SRX19292258@@_CAACGATTCTAGCAAC-1,2112,Leaf epidermis,0.488675,Leaf epidermis,0.499037
scplantdb_SRP424189:SRX19292258@@_CAAGCTATCAGCAGAG-1,2113,Leaf epidermis,0.604116,Leaf epidermis,0.657519
scplantdb_SRP424189:SRX19292258@@_CAATCGACATGACTTG-1,2114,Leaf epidermis,0.960254,Leaf epidermis,0.962304
scplantdb_SRP424189:SRX19292258@@_CACAGGCTCCTTCTTC-1,2115,Phloem parenchyma,0.431862,Phloem parenchyma,0.420596
scplantdb_SRP424189:SRX19292258@@_CACATGAAGTCCGTCG-1,2116,Leaf epidermis,0.469349,Leaf epidermis,0.446541
scplantdb_SRP424189:SRX19292258@@_CACGAATAGAAATTCG-1,2117,Leaf epidermis,0.945970,Leaf epidermis,0.947648
scplantdb_SRP424189:SRX19292258@@_CACTAAGTCTTCGATT-1,2118,Leaf epidermis,0.948598,Leaf epidermis,0.950708
scplantdb_SRP424189:SRX19292258@@_CACTTCGCACAGTCAT-1,2119,Procambium,0.476988,Procambium,0.424351
scplantdb_SRP424189:SRX19292258@@_CAGAGCCTCCGTAGTA-1,2120,Leaf epidermis,0.906678,Leaf epidermis,0.913471
scplantdb_SRP424189:SRX19292258@@_CAGAGCCTCTGGTGGC-1,2121,Pigment gland,0.324546,Pigment gland,0.266274
scplantdb_SRP424189:SRX19292258@@_CAGCACGCAGATACTC-1,2122,Leaf epidermis,0.821569,Leaf epidermis,0.842049
scplantdb_SRP424189:SRX19292258@@_CAGGGCTCATGGCTAT-1,2123,Leaf epidermis,0.747502,Leaf epidermis,0.775026
scplantdb_SRP424189:SRX19292258@@_CATACAGAGGCACAAC-1,2124,Procambium,0.933715,Procambium,0.928135
scplantdb_SRP424189:SRX19292258@@_CATACAGCAGGAAGTC-1,2125,Pigment gland,0.636470,Pigment gland,0.541965
scplantdb_SRP424189:SRX19292258@@_CATCCGTTCCGCTGTT-1,2126,Pigment gland,0.608942,Pigment gland,0.487811
scplantdb_SRP424189:SRX19292258@@_CATCGGGTCTACCAGA-1,2127,Phloem parenchyma,0.419082,Phloem parenchyma,0.431040
scplantdb_SRP424189:SRX19292258@@_CATTCTAGTACACGTT-1,2128,Phloem parenchyma,0.363237,Phloem parenchyma,0.362190
scplantdb_SRP424189:SRX19292258@@_CATTGAGGTGGCTCTG-1,2129,Phloem parenchyma,0.643341,Phloem parenchyma,0.632318
scplantdb_SRP424189:SRX19292258@@_CATTGCCAGGATACAT-1,2130,Leaf guard cell,0.634851,Leaf guard cell,0.694737
scplantdb_SRP424189:SRX19292258@@_CCAAGCGAGTTTCGGT-1,2131,Phloem parenchyma,0.394117,Leaf epidermis,0.412148
scplantdb_SRP424189:SRX19292258@@_CCAAGCGTCTATCCAT-1,2132,Procambium,0.915755,Procambium,0.908049
scplantdb_SRP424189:SRX19292258@@_CCACAAACAAGGGTCA-1,2133,Procambium,0.746541,Procambium,0.647201
scplantdb_SRP424189:SRX19292258@@_CCACGTTGTTTCGCTC-1,2134,Companion cell,0.351145,Companion cell,0.371537
scplantdb_SRP424189:SRX19292258@@_CCCGGAAAGGTGATAT-1,2135,Leaf epidermis,0.942191,Leaf epidermis,0.940420
scplantdb_SRP424189:SRX19292258@@_CCCTAACGTTACCTTT-1,2136,Leaf epidermis,0.846008,Leaf epidermis,0.862221
scplantdb_SRP424189:SRX19292258@@_CCGATGGTCGCATGAT-1,2137,Leaf epidermis,0.626345,Leaf epidermis,0.637871
scplantdb_SRP424189:SRX19292258@@_CCGCAAGTCCACAGGC-1,2138,Pigment gland,0.494203,Pigment gland,0.483648
scplantdb_SRP424189:SRX19292258@@_CCGGTGAGTGGACCAA-1,2139,Leaf epidermis,0.371646,Leaf epidermis,0.365241
scplantdb_SRP424189:SRX19292258@@_CCGTAGGCATAGACTC-1,2140,Procambium,0.788133,Procambium,0.703034
scplantdb_SRP424189:SRX19292258@@_CCGTAGGGTGAATATG-1,2141,Companion cell,0.502955,Companion cell,0.502844
scplantdb_SRP424189:SRX19292258@@_CCGTGAGCAGGACATG-1,2142,Phloem parenchyma,0.586643,Phloem parenchyma,0.627589
scplantdb_SRP424189:SRX19292258@@_CCTATCGGTATGAGAT-1,2143,Leaf epidermis,0.951446,Leaf epidermis,0.950290
scplantdb_SRP424189:SRX19292258@@_CCTCACACACTGCACG-1,2144,Pigment gland,0.770218,Pigment gland,0.712026
scplantdb_SRP424189:SRX19292258@@_CCTCTAGAGAGTTGAT-1,2145,Phloem parenchyma,0.483409,Phloem parenchyma,0.499177
scplantdb_SRP424189:SRX19292258@@_CCTGTTGAGAGGGCGA-1,2146,Companion cell,0.472782,Companion cell,0.444253
scplantdb_SRP424189:SRX19292258@@_CCTGTTGGTCATACCA-1,2147,Leaf epidermis,0.626446,Leaf epidermis,0.660399
scplantdb_SRP424189:SRX19292258@@_CCTGTTGTCATCCTGC-1,2148,Procambium,0.824352,Procambium,0.793062
scplantdb_SRP424189:SRX19292258@@_CGCATAACAGAGTTGG-1,2149,Leaf epidermis,0.881881,Leaf epidermis,0.889875
scplantdb_SRP424189:SRX19292258@@_CGCCATTGTACGGTTT-1,2150,Procambium,0.553914,Procambium,0.436401
scplantdb_SRP424189:SRX19292258@@_CGCGTGAGTGGTCTGC-1,2151,Leaf guard cell,0.688121,Leaf guard cell,0.686960
scplantdb_SRP424189:SRX19292258@@_CGGACACGTATCGTAC-1,2152,Phloem parenchyma,0.807630,Phloem parenchyma,0.790190
scplantdb_SRP424189:SRX19292258@@_CGTCAAAAGTCCCAGC-1,2153,Procambium,0.956381,Procambium,0.948820
scplantdb_SRP424189:SRX19292258@@_CTACAGAGTACTCCCT-1,2154,Procambium,0.860553,Procambium,0.840759
scplantdb_SRP424189:SRX19292258@@_CTACAGATCAGGAAGC-1,2155,Phloem parenchyma,0.703554,Phloem parenchyma,0.691842
scplantdb_SRP424189:SRX19292258@@_CTAGGTAAGTAGTCCT-1,2156,Leaf epidermis,0.958563,Leaf epidermis,0.959951
scplantdb_SRP424189:SRX19292258@@_CTCAATTTCGATCCAA-1,2157,Phloem parenchyma,0.445479,Phloem parenchyma,0.451650
scplantdb_SRP424189:SRX19292258@@_CTCAGGGTCATACGAC-1,2158,Phloem parenchyma,0.341390,Phloem parenchyma,0.307422
scplantdb_SRP424189:SRX19292258@@_CTCATCGCATCGTCCT-1,2159,Leaf epidermis,0.799276,Leaf epidermis,0.820971
scplantdb_SRP424189:SRX19292258@@_CTCATCGGTGTAGCAG-1,2160,Xylem,0.299279,Xylem,0.272201
scplantdb_SRP424189:SRX19292258@@_CTCATGCGTATCGAAA-1,2161,Pigment gland,0.958753,Pigment gland,0.970549
scplantdb_SRP424189:SRX19292258@@_CTCCTCCTCGTGGTAT-1,2162,Leaf epidermis,0.682711,Leaf epidermis,0.682040
scplantdb_SRP424189:SRX19292258@@_CTGAGCGGTATCGCTA-1,2163,Pigment gland,0.716594,Pigment gland,0.641743
scplantdb_SRP424189:SRX19292258@@_CTGCCTAAGTATGAAC-1,2164,Leaf epidermis,0.421924,Leaf epidermis,0.386211
scplantdb_SRP424189:SRX19292258@@_CTGCCTACAGCGACCT-1,2165,Pigment gland,0.277286,Pigment gland,0.326503
scplantdb_SRP424189:SRX19292258@@_CTGCGAGAGTTGCCCG-1,2166,Leaf epidermis,0.463934,Leaf epidermis,0.545473
scplantdb_SRP424189:SRX19292258@@_CTGGACGCATGAAAGT-1,2167,Pigment gland,0.642016,Pigment gland,0.606952
scplantdb_SRP424189:SRX19292258@@_CTTAGGAGTCACTACA-1,2168,Procambium,0.476966,Procambium,0.412004
scplantdb_SRP424189:SRX19292258@@_CTTCCTTTCCATTGCC-1,2169,Leaf epidermis,0.612849,Leaf epidermis,0.659450
scplantdb_SRP424189:SRX19292258@@_GAAATGAAGCCTTGAT-1,2170,Pigment gland,0.646705,Pigment gland,0.624516
scplantdb_SRP424189:SRX19292258@@_GAAGCGAGTGGCTCTG-1,2171,Procambium,0.605098,Procambium,0.486542
scplantdb_SRP424189:SRX19292258@@_GAAGTAATCGTTGTGA-1,2172,Phloem parenchyma,0.746357,Phloem parenchyma,0.740241
scplantdb_SRP424189:SRX19292258@@_GAATCACGTCACCACG-1,2173,Mesophyll,0.237554,Mesophyll,0.288864
scplantdb_SRP424189:SRX19292258@@_GACCCAGGTATCCTCC-1,2174,Leaf epidermis,0.547160,Leaf epidermis,0.587401
scplantdb_SRP424189:SRX19292258@@_GACCTTCCAGATACTC-1,2175,Phloem parenchyma,0.673648,Phloem parenchyma,0.643979
scplantdb_SRP424189:SRX19292258@@_GAGACCCTCCATAAGC-1,2176,Leaf epidermis,0.963825,Leaf epidermis,0.961663
scplantdb_SRP424189:SRX19292258@@_GAGACTTGTAAGCGGT-1,2177,Phloem parenchyma,0.581596,Phloem parenchyma,0.582398
scplantdb_SRP424189:SRX19292258@@_GAGGGTAAGATGGTAT-1,2178,Leaf epidermis,0.514361,Leaf epidermis,0.561697
scplantdb_SRP424189:SRX19292258@@_GAGGGTAAGGGCAGTT-1,2179,Leaf epidermis,0.957313,Leaf epidermis,0.955784
scplantdb_SRP424189:SRX19292258@@_GAGGGTACAACGCCCA-1,2180,Procambium,0.869544,Procambium,0.878007
scplantdb_SRP424189:SRX19292258@@_GAGTCTAGTCACTAGT-1,2181,Leaf epidermis,0.647780,Leaf epidermis,0.617830
scplantdb_SRP424189:SRX19292258@@_GATAGCTAGATCGCTT-1,2182,Procambium,0.867159,Procambium,0.839939
scplantdb_SRP424189:SRX19292258@@_GATCAGTAGAGGACTC-1,2183,Procambium,0.312498,Leaf epidermis,0.287845
scplantdb_SRP424189:SRX19292258@@_GATGACTGTATGCAAA-1,2184,Procambium,0.753458,Procambium,0.655160
scplantdb_SRP424189:SRX19292258@@_GATGACTGTCGTATGT-1,2185,Procambium,0.381511,Mesophyll,0.344021
scplantdb_SRP424189:SRX19292258@@_GCAACCGAGAAGCCAC-1,2186,Pigment gland,0.962462,Pigment gland,0.968388
scplantdb_SRP424189:SRX19292258@@_GCATCTCCAACTCCAA-1,2187,Pigment gland,0.954498,Pigment gland,0.948399
scplantdb_SRP424189:SRX19292258@@_GCATCTCTCGACCATA-1,2188,Leaf guard cell,0.699488,Leaf guard cell,0.691162
scplantdb_SRP424189:SRX19292258@@_GCCAGCAGTCTGTGAT-1,2189,Procambium,0.574070,Procambium,0.540937
scplantdb_SRP424189:SRX19292258@@_GCCATGGCAAGCCATT-1,2190,Pigment gland,0.648424,Pigment gland,0.485833
scplantdb_SRP424189:SRX19292258@@_GCCATTCCAGCGTTTA-1,2191,Pigment gland,0.462074,Pigment gland,0.388698
scplantdb_SRP424189:SRX19292258@@_GCCCGAATCATCTGTT-1,2192,Procambium,0.255111,Leaf epidermis,0.274183
scplantdb_SRP424189:SRX19292258@@_GCCGATGCACAATGCT-1,2193,Leaf epidermis,0.703916,Leaf epidermis,0.743806
scplantdb_SRP424189:SRX19292258@@_GCGAGAATCCACAAGT-1,2194,Leaf guard cell,0.493623,Leaf guard cell,0.477468
scplantdb_SRP424189:SRX19292258@@_GCGTGCAGTCCGTTTC-1,2195,Procambium,0.250769,Leaf epidermis,0.242138
scplantdb_SRP424189:SRX19292258@@_GGAACCCGTGAGTCAG-1,2196,Procambium,0.544099,Procambium,0.499088
scplantdb_SRP424189:SRX19292258@@_GGACGTCCACTTTATC-1,2197,Leaf epidermis,0.849833,Leaf epidermis,0.855719
scplantdb_SRP424189:SRX19292258@@_GGAGATGCAACGATTC-1,2198,Phloem parenchyma,0.380016,Phloem parenchyma,0.371296
scplantdb_SRP424189:SRX19292258@@_GGATGTTGTACCTAGT-1,2199,Leaf epidermis,0.560413,Leaf epidermis,0.603827
scplantdb_SRP424189:SRX19292258@@_GGCAGTCTCGGTTGTA-1,2200,Pigment gland,0.695212,Pigment gland,0.666615
scplantdb_SRP424189:SRX19292258@@_GGGAAGTTCCCAATAG-1,2201,Leaf epidermis,0.917885,Leaf epidermis,0.918627
scplantdb_SRP424189:SRX19292258@@_GGGACAATCCGTATGA-1,2202,Procambium,0.366178,Mesophyll,0.295247
scplantdb_SRP424189:SRX19292258@@_GGGAGTAAGGGTAGCT-1,2203,Pigment gland,0.958931,Pigment gland,0.952078
scplantdb_SRP424189:SRX19292258@@_GGGAGTAGTACGCTAT-1,2204,Leaf epidermis,0.911234,Leaf epidermis,0.912499
scplantdb_SRP424189:SRX19292258@@_GGGTCTGCAAGTGACG-1,2205,Leaf epidermis,0.604500,Leaf epidermis,0.654839
scplantdb_SRP424189:SRX19292258@@_GGGTGAACACTCTAGA-1,2206,Leaf epidermis,0.353888,Leaf epidermis,0.357389
scplantdb_SRP424189:SRX19292258@@_GGTTAACGTGTCTCCT-1,2207,Pigment gland,0.325027,Leaf epidermis,0.256018
scplantdb_SRP424189:SRX19292258@@_GGTTCTCAGATGGCAC-1,2208,Procambium,0.608819,Procambium,0.512593
scplantdb_SRP424189:SRX19292258@@_GTAACACGTAGGTCAG-1,2209,Procambium,0.713612,Procambium,0.620071
scplantdb_SRP424189:SRX19292258@@_GTCAAGTTCTCATTGT-1,2210,Leaf epidermis,0.956223,Leaf epidermis,0.955223
scplantdb_SRP424189:SRX19292258@@_GTCCACTCAATCGCGC-1,2211,Mesophyll,0.341233,Mesophyll,0.376142
scplantdb_SRP424189:SRX19292258@@_GTCCCATTCCCGATCT-1,2212,Leaf epidermis,0.489919,Leaf epidermis,0.490676
scplantdb_SRP424189:SRX19292258@@_GTCCTCACACTTGGCG-1,2213,Procambium,0.835852,Procambium,0.833337
scplantdb_SRP424189:SRX19292258@@_GTCGCGAAGTAGGTTA-1,2214,Leaf epidermis,0.752747,Leaf epidermis,0.769640
scplantdb_SRP424189:SRX19292258@@_GTGCACGGTGCCCAGT-1,2215,Phloem parenchyma,0.521587,Phloem parenchyma,0.537555
scplantdb_SRP424189:SRX19292258@@_GTGCGTGTCACTTTGT-1,2216,Leaf epidermis,0.600552,Leaf epidermis,0.553750
scplantdb_SRP424189:SRX19292258@@_GTGGAAGCACGCTGCA-1,2217,Procambium,0.844801,Procambium,0.775938
scplantdb_SRP424189:SRX19292258@@_GTGGAGACACGTTGGC-1,2218,Pigment gland,0.961897,Pigment gland,0.959472
scplantdb_SRP424189:SRX19292258@@_GTGGAGATCCTCTTTC-1,2219,Procambium,0.693323,Procambium,0.619648
scplantdb_SRP424189:SRX19292258@@_GTGGGAACAACCGTGC-1,2220,Procambium,0.340199,Mesophyll,0.355971
scplantdb_SRP424189:SRX19292258@@_GTGTAACTCCGCTGTT-1,2221,Leaf epidermis,0.502259,Leaf epidermis,0.544127
scplantdb_SRP424189:SRX19292258@@_GTGTGATAGCAGGCTA-1,2222,Procambium,0.316125,Procambium,0.254375
scplantdb_SRP424189:SRX19292258@@_GTTACGAGTAGCCAGA-1,2223,Phloem parenchyma,0.323124,Phloem parenchyma,0.338453
scplantdb_SRP424189:SRX19292258@@_GTTAGACAGGGATCTG-1,2224,Leaf epidermis,0.627376,Leaf epidermis,0.685240
scplantdb_SRP424189:SRX19292258@@_GTTAGTGGTATACCTG-1,2225,Leaf epidermis,0.962417,Leaf epidermis,0.962191
scplantdb_SRP424189:SRX19292258@@_GTTATGGCAAGACTGG-1,2226,Leaf epidermis,0.943856,Leaf epidermis,0.945739
scplantdb_SRP424189:SRX19292258@@_GTTCCGTTCTATCCAT-1,2227,Leaf epidermis,0.289498,Leaf epidermis,0.299935
scplantdb_SRP424189:SRX19292258@@_GTTCGCTGTAATGATG-1,2228,Leaf epidermis,0.952590,Leaf epidermis,0.954497
scplantdb_SRP424189:SRX19292258@@_GTTGCGGTCACCCTGT-1,2229,Leaf epidermis,0.339091,Leaf epidermis,0.368071
scplantdb_SRP424189:SRX19292258@@_GTTGTCCGTCACTTCC-1,2230,Phloem parenchyma,0.837239,Phloem parenchyma,0.820261
scplantdb_SRP424189:SRX19292258@@_GTTTGGAAGACATACA-1,2231,Leaf epidermis,0.892767,Leaf epidermis,0.912826
scplantdb_SRP424189:SRX19292258@@_GTTTGGAGTCAGCTTA-1,2232,Pigment gland,0.763404,Pigment gland,0.649731
scplantdb_SRP424189:SRX19292258@@_TAACTTCCAGTCCGTG-1,2233,Leaf epidermis,0.775982,Leaf epidermis,0.791974
scplantdb_SRP424189:SRX19292258@@_TAATTCCAGAAGCGCT-1,2234,Pigment gland,0.931814,Pigment gland,0.930929
scplantdb_SRP424189:SRX19292258@@_TACATTCAGAGTTCGG-1,2235,Phloem parenchyma,0.595419,Phloem parenchyma,0.604571
scplantdb_SRP424189:SRX19292258@@_TACATTCGTGTTAACC-1,2236,Leaf epidermis,0.453493,Leaf epidermis,0.508879
scplantdb_SRP424189:SRX19292258@@_TACCCACGTTAGAAGT-1,2237,Leaf epidermis,0.392404,Leaf epidermis,0.496302
scplantdb_SRP424189:SRX19292258@@_TAGACCAGTCGGTACC-1,2238,Leaf epidermis,0.907957,Leaf epidermis,0.918366
scplantdb_SRP424189:SRX19292258@@_TAGACCAGTTAGGGTG-1,2239,Leaf epidermis,0.299886,Leaf epidermis,0.364764
scplantdb_SRP424189:SRX19292258@@_TAGACTGGTCAGGAGT-1,2240,Phloem parenchyma,0.339386,Phloem parenchyma,0.341676
scplantdb_SRP424189:SRX19292258@@_TAGATCGAGTCGAAGC-1,2241,Pigment gland,0.857569,Pigment gland,0.767193
scplantdb_SRP424189:SRX19292258@@_TAGGGTTCACATGGTT-1,2242,Companion cell,0.583554,Companion cell,0.612362
scplantdb_SRP424189:SRX19292258@@_TAGGTACTCAAAGAAC-1,2243,Phloem parenchyma,0.597738,Phloem parenchyma,0.595348
scplantdb_SRP424189:SRX19292258@@_TATACCTTCGACGAGA-1,2244,Procambium,0.827452,Procambium,0.780377
scplantdb_SRP424189:SRX19292258@@_TATTCCACACTGCGTG-1,2245,Pigment gland,0.877676,Pigment gland,0.861047
scplantdb_SRP424189:SRX19292258@@_TCAAGTGTCTCCTGAC-1,2246,Pigment gland,0.833533,Pigment gland,0.778983
scplantdb_SRP424189:SRX19292258@@_TCAATCTAGGGAGATA-1,2247,Leaf epidermis,0.903454,Leaf epidermis,0.916424
scplantdb_SRP424189:SRX19292258@@_TCACAAGCAGTTCTAG-1,2248,Leaf epidermis,0.477684,Leaf epidermis,0.518581
scplantdb_SRP424189:SRX19292258@@_TCACACCAGGACAGTC-1,2249,Procambium,0.337561,Leaf epidermis,0.310660
scplantdb_SRP424189:SRX19292258@@_TCACATTGTCCGGTGT-1,2250,Leaf epidermis,0.350729,Leaf epidermis,0.373206
scplantdb_SRP424189:SRX19292258@@_TCACGGGTCCATCTCG-1,2251,Pigment gland,0.549768,Pigment gland,0.431915
scplantdb_SRP424189:SRX19292258@@_TCACTATTCACGTAGT-1,2252,Procambium,0.813333,Procambium,0.765529
scplantdb_SRP424189:SRX19292258@@_TCACTCGGTATCTCGA-1,2253,Pigment gland,0.418736,Pigment gland,0.356663
scplantdb_SRP424189:SRX19292258@@_TCAGTTTAGAGAACCC-1,2254,Procambium,0.919721,Procambium,0.892306
scplantdb_SRP424189:SRX19292258@@_TCAGTTTGTTGTGTTG-1,2255,Leaf epidermis,0.355522,Leaf epidermis,0.403334
scplantdb_SRP424189:SRX19292258@@_TCATTGTAGGGCAAGG-1,2256,Pigment gland,0.850896,Pigment gland,0.797012
scplantdb_SRP424189:SRX19292258@@_TCCACGTGTTCCCACT-1,2257,Leaf epidermis,0.905383,Leaf epidermis,0.918677
scplantdb_SRP424189:SRX19292258@@_TCCACGTTCGCTGATA-1,2258,Pigment gland,0.575773,Pigment gland,0.493477
scplantdb_SRP424189:SRX19292258@@_TCCAGAATCGTCGCTT-1,2259,Leaf epidermis,0.483447,Leaf epidermis,0.489781
scplantdb_SRP424189:SRX19292258@@_TCCATCGCAGGCCTGT-1,2260,Procambium,0.536526,Procambium,0.434248
scplantdb_SRP424189:SRX19292258@@_TCCATCGCAGTACTAC-1,2261,Procambium,0.710574,Procambium,0.644613
scplantdb_SRP424189:SRX19292258@@_TCCTCGACATTCACCC-1,2262,Pigment gland,0.695866,Pigment gland,0.660507
scplantdb_SRP424189:SRX19292258@@_TCGCAGGGTAACACCT-1,2263,Pigment gland,0.951523,Pigment gland,0.942506
scplantdb_SRP424189:SRX19292258@@_TCGCTTGAGTAGCTCT-1,2264,Leaf epidermis,0.891838,Leaf epidermis,0.906080
scplantdb_SRP424189:SRX19292258@@_TCGCTTGGTGCATTTG-1,2265,Leaf epidermis,0.951378,Leaf epidermis,0.952497
scplantdb_SRP424189:SRX19292258@@_TCGCTTGGTTTACGTG-1,2266,Leaf epidermis,0.543674,Leaf epidermis,0.636850
scplantdb_SRP424189:SRX19292258@@_TCGGATAAGATCACCT-1,2267,Leaf epidermis,0.950789,Leaf epidermis,0.951458
scplantdb_SRP424189:SRX19292258@@_TCGGGACCAATAGTGA-1,2268,Procambium,0.428717,Procambium,0.345186
scplantdb_SRP424189:SRX19292258@@_TCGTGCTTCAATCGGT-1,2269,Leaf guard cell,0.817185,Leaf guard cell,0.784899
scplantdb_SRP424189:SRX19292258@@_TCTCAGCGTCCGACGT-1,2270,Leaf epidermis,0.954381,Leaf epidermis,0.954243
scplantdb_SRP424189:SRX19292258@@_TCTCAGCTCCAGCTCT-1,2271,Pigment gland,0.684550,Pigment gland,0.665051
scplantdb_SRP424189:SRX19292258@@_TCTTGCGTCCTTATAC-1,2272,Leaf epidermis,0.632709,Leaf epidermis,0.669234
scplantdb_SRP424189:SRX19292258@@_TGACTCCAGCAAGTCG-1,2273,Phloem parenchyma,0.585293,Phloem parenchyma,0.593261
scplantdb_SRP424189:SRX19292258@@_TGACTCCGTGTCATTG-1,2274,Procambium,0.648941,Procambium,0.556191
scplantdb_SRP424189:SRX19292258@@_TGAGTCAAGTCGAATA-1,2275,Leaf epidermis,0.781308,Leaf epidermis,0.773105
scplantdb_SRP424189:SRX19292258@@_TGAGTCACAAACTAGA-1,2276,Pigment gland,0.741951,Pigment gland,0.744269
scplantdb_SRP424189:SRX19292258@@_TGAGTCAGTGTATACC-1,2277,Pigment gland,0.880220,Pigment gland,0.825919
scplantdb_SRP424189:SRX19292258@@_TGATCTTCAAACTGCT-1,2278,Pigment gland,0.497298,Pigment gland,0.359793
scplantdb_SRP424189:SRX19292258@@_TGCAGGCCAAGAATGT-1,2279,Procambium,0.314198,Procambium,0.266136
scplantdb_SRP424189:SRX19292258@@_TGCAGTACACTATGTG-1,2280,Phloem parenchyma,0.939514,Phloem parenchyma,0.928020
scplantdb_SRP424189:SRX19292258@@_TGCATCCCAGTTCTAG-1,2281,Leaf epidermis,0.558514,Leaf epidermis,0.613452
scplantdb_SRP424189:SRX19292258@@_TGCCGAGAGCGGGTAT-1,2282,Leaf epidermis,0.829435,Leaf epidermis,0.843708
scplantdb_SRP424189:SRX19292258@@_TGCGACGGTATGTCTG-1,2283,Leaf epidermis,0.955933,Leaf epidermis,0.954572
scplantdb_SRP424189:SRX19292258@@_TGGGCTGCATCGAAGG-1,2284,Pigment gland,0.512367,Leaf epidermis,0.393403
scplantdb_SRP424189:SRX19292258@@_TGGTTAGTCGAACGGA-1,2285,Phloem parenchyma,0.208401,Companion cell,0.233649
scplantdb_SRP424189:SRX19292258@@_TGTAACGAGGGTTGCA-1,2286,Procambium,0.265726,Leaf epidermis,0.264859
scplantdb_SRP424189:SRX19292258@@_TGTCCACGTGTAAACA-1,2287,Phloem parenchyma,0.400547,Phloem parenchyma,0.418633
scplantdb_SRP424189:SRX19292258@@_TGTGATGAGTGACACG-1,2288,Procambium,0.721741,Procambium,0.642435
scplantdb_SRP424189:SRX19292258@@_TGTGTGAGTATGAGCG-1,2289,Leaf epidermis,0.407443,Leaf epidermis,0.541591
scplantdb_SRP424189:SRX19292258@@_TTAATCCCATGGGTCC-1,2290,Leaf epidermis,0.647439,Leaf epidermis,0.707796
scplantdb_SRP424189:SRX19292258@@_TTACCATCAGGACTTT-1,2291,Phloem parenchyma,0.878453,Phloem parenchyma,0.869970
scplantdb_SRP424189:SRX19292258@@_TTCCGGTTCGCGGTAC-1,2292,Pigment gland,0.495984,Pigment gland,0.346425
scplantdb_SRP424189:SRX19292258@@_TTCTAGTCAGCAGATG-1,2293,Leaf epidermis,0.509205,Leaf epidermis,0.509603
scplantdb_SRP424189:SRX19292258@@_TTCTTCCGTTTACGAC-1,2294,Pigment gland,0.811891,Pigment gland,0.708750
scplantdb_SRP424189:SRX19292258@@_TTGATGGAGCGACTAG-1,2295,Leaf epidermis,0.396199,Leaf epidermis,0.426581
scplantdb_SRP424189:SRX19292258@@_TTGCCTGTCGTTGTGA-1,2296,Leaf epidermis,0.670636,Leaf epidermis,0.701218
scplantdb_SRP424189:SRX19292258@@_TTGCTGCTCAGCGGAA-1,2297,Leaf epidermis,0.700913,Leaf epidermis,0.747128
scplantdb_SRP424189:SRX19292258@@_TTGGTTTAGGCTGGAT-1,2298,Procambium,0.915476,Procambium,0.897382
scplantdb_SRP424189:SRX19292258@@_TTGTTCAGTATGAGAT-1,2299,Phloem parenchyma,0.551408,Phloem parenchyma,0.535136
scplantdb_SRP424189:SRX19292258@@_TTTACCAGTTCGTGCG-1,2300,Leaf epidermis,0.821455,Leaf epidermis,0.851113
scplantdb_SRP424189:SRX19292258@@_TTTACTGTCCTTATGT-1,2301,Leaf epidermis,0.433713,Leaf epidermis,0.455703
scplantdb_SRP424189:SRX19292258@@_TTTCAGTAGGTCGTCC-1,2302,Procambium,0.364871,Mesophyll,0.368693
scplantdb_SRP424189:SRX19292258@@_TTTGGAGGTTAGGACG-1,2303,Procambium,0.940112,Procambium,0.929047
arabidopsis_root_atlas:spliced_counts_filtered:AAAGGATCAATTGCTG,2304,unannotated,0.877629,unannotated,0.914180
arabidopsis_root_atlas:spliced_counts_filtered:AAAGTGACATGACAGG,2305,unannotated,0.946499,unannotated,0.942164
arabidopsis_root_atlas:spliced_counts_filtered:AACCAACCAACTACGT,2306,unannotated,0.907928,unannotated,0.916701
arabidopsis_root_atlas:spliced_counts_filtered:AAGTCGTTCGGTTGTA,2307,unannotated,0.902105,unannotated,0.895062
arabidopsis_root_atlas:spliced_counts_filtered:AATTTCCGTGACTCGC,2308,unannotated,0.927444,unannotated,0.927431
arabidopsis_root_atlas:spliced_counts_filtered:ACACGCGCAGAAATTG,2309,unannotated,0.914796,unannotated,0.928970
arabidopsis_root_atlas:spliced_counts_filtered:ACACGCGCAGCTGTGC,2310,unannotated,0.926547,unannotated,0.931612
arabidopsis_root_atlas:spliced_counts_filtered:ACACTGAAGGGTCAAC,2311,unannotated,0.937355,unannotated,0.936632
arabidopsis_root_atlas:spliced_counts_filtered:ACAGCCGAGACATCAA,2312,unannotated,0.924070,unannotated,0.941087
arabidopsis_root_atlas:spliced_counts_filtered:ACATCCCCACGAAAGC,2313,unannotated,0.852450,unannotated,0.911783
arabidopsis_root_atlas:spliced_counts_filtered:ACATGCATCGAACACT,2314,unannotated,0.920416,unannotated,0.918863
arabidopsis_root_atlas:spliced_counts_filtered:ACTTAGGCATCCTTGC,2315,unannotated,0.927270,unannotated,0.934716
arabidopsis_root_atlas:spliced_counts_filtered:ACTTATCCAACTGGTT,2316,unannotated,0.933057,unannotated,0.932174
arabidopsis_root_atlas:spliced_counts_filtered:AGAACAAAGGTCGAGT,2317,unannotated,0.924821,unannotated,0.945222
arabidopsis_root_atlas:spliced_counts_filtered:AGACACTGTCGGTAAG,2318,unannotated,0.867872,unannotated,0.909666
arabidopsis_root_atlas:spliced_counts_filtered:AGACCATAGGTCGTCC,2319,unannotated,0.913746,unannotated,0.918602
arabidopsis_root_atlas:spliced_counts_filtered:AGATAGATCATTGCGA,2320,unannotated,0.896455,unannotated,0.931538
arabidopsis_root_atlas:spliced_counts_filtered:AGATGAATCTCCGAAA,2321,unannotated,0.917140,unannotated,0.900917
arabidopsis_root_atlas:spliced_counts_filtered:AGCCAATGTCCTCCAT,2322,unannotated,0.924400,unannotated,0.924039
arabidopsis_root_atlas:spliced_counts_filtered:AGCTTCCGTTAAACCC,2323,unannotated,0.910642,unannotated,0.935364
arabidopsis_root_atlas:spliced_counts_filtered:AGGATAAGTCTGTGCG,2324,unannotated,0.886512,unannotated,0.908039
arabidopsis_root_atlas:spliced_counts_filtered:AGGGTCCTCAAAGCCT,2325,unannotated,0.844685,unannotated,0.903772
arabidopsis_root_atlas:spliced_counts_filtered:AGTTAGCTCAGAGCAG,2326,unannotated,0.937884,unannotated,0.933783
arabidopsis_root_atlas:spliced_counts_filtered:AGTTAGCTCTTGGGCG,2327,unannotated,0.912543,unannotated,0.925802
arabidopsis_root_atlas:spliced_counts_filtered:ATCACTTCAGGCTTGC,2328,unannotated,0.918819,unannotated,0.906623
arabidopsis_root_atlas:spliced_counts_filtered:ATCGCCTTCCTTGACC,2329,unannotated,0.926561,unannotated,0.930095
arabidopsis_root_atlas:spliced_counts_filtered:ATCGTGATCAACACCA,2330,unannotated,0.916384,unannotated,0.903921
arabidopsis_root_atlas:spliced_counts_filtered:ATGAGGGCAGCGTTGC,2331,unannotated,0.888891,unannotated,0.926068
arabidopsis_root_atlas:spliced_counts_filtered:ATTCCATTCGCCATAA,2332,unannotated,0.880011,unannotated,0.916798
arabidopsis_root_atlas:spliced_counts_filtered:ATTGTTCAGGGTACGT,2333,unannotated,0.932342,unannotated,0.937821
arabidopsis_root_atlas:spliced_counts_filtered:ATTGTTCCACGGTGTC,2334,unannotated,0.915364,unannotated,0.929904
arabidopsis_root_atlas:spliced_counts_filtered:ATTGTTCTCATCACTT,2335,unannotated,0.922122,unannotated,0.912751
arabidopsis_root_atlas:spliced_counts_filtered:CACCGTTGTCACCGAC,2336,unannotated,0.904913,unannotated,0.901371
arabidopsis_root_atlas:spliced_counts_filtered:CATCCCACAGACGATG,2337,unannotated,0.934223,unannotated,0.934487
arabidopsis_root_atlas:spliced_counts_filtered:CATGCTCCAAGTTCCA,2338,unannotated,0.917219,unannotated,0.924676
arabidopsis_root_atlas:spliced_counts_filtered:CATGGATCAGCACGAA,2339,unannotated,0.906344,unannotated,0.893736
arabidopsis_root_atlas:spliced_counts_filtered:CCAATGAGTGCCAAGA,2340,unannotated,0.937915,unannotated,0.935699
arabidopsis_root_atlas:spliced_counts_filtered:CCACACTTCTAGCCTC,2341,unannotated,0.922309,unannotated,0.921963
arabidopsis_root_atlas:spliced_counts_filtered:CCACCATTCGCTGTCT,2342,unannotated,0.921404,unannotated,0.926301
arabidopsis_root_atlas:spliced_counts_filtered:CCATCACTCCTTATAC,2343,unannotated,0.915863,unannotated,0.915627
arabidopsis_root_atlas:spliced_counts_filtered:CCGCAAGTCGGCACTG,2344,unannotated,0.924476,unannotated,0.941950
arabidopsis_root_atlas:spliced_counts_filtered:CCGTGAGAGCTCGAAG,2345,unannotated,0.928476,unannotated,0.931041
arabidopsis_root_atlas:spliced_counts_filtered:CCTCAGTTCTCGCAGG,2346,unannotated,0.913621,unannotated,0.906301
arabidopsis_root_atlas:spliced_counts_filtered:CCTTGTGAGACCAGCA,2347,unannotated,0.919864,unannotated,0.928031
arabidopsis_root_atlas:spliced_counts_filtered:CCTTGTGAGTGTGTTC,2348,unannotated,0.925814,unannotated,0.927718
arabidopsis_root_atlas:spliced_counts_filtered:CGGAACCTCGTGGTAT,2349,unannotated,0.932221,unannotated,0.933540
arabidopsis_root_atlas:spliced_counts_filtered:CGGGTCAAGCTGGCTC,2350,unannotated,0.919158,unannotated,0.930120
arabidopsis_root_atlas:spliced_counts_filtered:CGTAGTAAGTATCTGC,2351,unannotated,0.900804,unannotated,0.927195
arabidopsis_root_atlas:spliced_counts_filtered:CGTCCATCATCGTGCG,2352,unannotated,0.857291,unannotated,0.909223
arabidopsis_root_atlas:spliced_counts_filtered:CGTTAGATCGCTCTAC,2353,unannotated,0.884907,unannotated,0.924904
arabidopsis_root_atlas:spliced_counts_filtered:CTAAGTGAGTCTCCTC,2354,unannotated,0.831472,unannotated,0.875886
arabidopsis_root_atlas:spliced_counts_filtered:CTAAGTGTCTGGGCAC,2355,unannotated,0.929277,unannotated,0.930764
arabidopsis_root_atlas:spliced_counts_filtered:CTACATTGTACGAGCA,2356,unannotated,0.913850,unannotated,0.906597
arabidopsis_root_atlas:spliced_counts_filtered:CTACCCAAGGCAGTCA,2357,unannotated,0.905870,unannotated,0.929544
arabidopsis_root_atlas:spliced_counts_filtered:CTACGGGAGGGCGAGA,2358,unannotated,0.927264,unannotated,0.934099
arabidopsis_root_atlas:spliced_counts_filtered:CTATCTAGTGTGACCC,2359,unannotated,0.931986,unannotated,0.926581
arabidopsis_root_atlas:spliced_counts_filtered:CTCAGTCCATGACTAC,2360,unannotated,0.912485,unannotated,0.903480
arabidopsis_root_atlas:spliced_counts_filtered:CTCATTAAGAGGTTTA,2361,unannotated,0.916439,unannotated,0.923096
arabidopsis_root_atlas:spliced_counts_filtered:CTCCAACGTTATTCCT,2362,unannotated,0.907444,unannotated,0.931304
arabidopsis_root_atlas:spliced_counts_filtered:CTGAGGCGTGTCCGTG,2363,unannotated,0.925063,unannotated,0.925825
arabidopsis_root_atlas:spliced_counts_filtered:CTGGCAGCATAGGTTC,2364,unannotated,0.930218,unannotated,0.946197
arabidopsis_root_atlas:spliced_counts_filtered:CTTCCTTGTTAGCGGA,2365,unannotated,0.931940,unannotated,0.937339
arabidopsis_root_atlas:spliced_counts_filtered:CTTCTCTGTTCGGCTG,2366,unannotated,0.936142,unannotated,0.933321
arabidopsis_root_atlas:spliced_counts_filtered:GAAATGATCTCTGAGA,2367,unannotated,0.926764,unannotated,0.935511
arabidopsis_root_atlas:spliced_counts_filtered:GAACGTTGTTGTTTGG,2368,unannotated,0.895100,unannotated,0.930329
arabidopsis_root_atlas:spliced_counts_filtered:GAACTGTAGCATGGGT,2369,unannotated,0.934732,unannotated,0.926686
arabidopsis_root_atlas:spliced_counts_filtered:GAAGGGTCACCACTGG,2370,unannotated,0.913832,unannotated,0.927579
arabidopsis_root_atlas:spliced_counts_filtered:GACCCTTTCACGTAGT,2371,unannotated,0.927034,unannotated,0.925654
arabidopsis_root_atlas:spliced_counts_filtered:GACTATGAGACTACCT,2372,unannotated,0.919233,unannotated,0.926914
arabidopsis_root_atlas:spliced_counts_filtered:GAGCTGCAGCCTTCTC,2373,unannotated,0.929916,unannotated,0.926045
arabidopsis_root_atlas:spliced_counts_filtered:GAGTTACAGAAGCCTG,2374,unannotated,0.931922,unannotated,0.926008
arabidopsis_root_atlas:spliced_counts_filtered:GAGTTACTCCTCCACA,2375,unannotated,0.894298,unannotated,0.889804
arabidopsis_root_atlas:spliced_counts_filtered:GATCATGGTCCAATCA,2376,unannotated,0.853413,unannotated,0.907796
arabidopsis_root_atlas:spliced_counts_filtered:GATTCGAAGGACACTG,2377,unannotated,0.909174,unannotated,0.911181
arabidopsis_root_atlas:spliced_counts_filtered:GCACGTGGTCGCATCG,2378,unannotated,0.915184,unannotated,0.943078
arabidopsis_root_atlas:spliced_counts_filtered:GCCATTCGTGTTCGTA,2379,unannotated,0.886458,unannotated,0.873751
arabidopsis_root_atlas:spliced_counts_filtered:GCCGATGCAATAAGGT,2380,unannotated,0.911633,unannotated,0.934185
arabidopsis_root_atlas:spliced_counts_filtered:GCCGATGTCTAACGCA,2381,unannotated,0.925694,unannotated,0.922749
arabidopsis_root_atlas:spliced_counts_filtered:GCGGAAACAAATGGCG,2382,unannotated,0.910798,unannotated,0.902596
arabidopsis_root_atlas:spliced_counts_filtered:GCGGAAACATCACAGT,2383,unannotated,0.885671,unannotated,0.890835
arabidopsis_root_atlas:spliced_counts_filtered:GGAACCCAGTGAGTGC,2384,unannotated,0.911658,unannotated,0.933358
arabidopsis_root_atlas:spliced_counts_filtered:GGAAGTGTCACAGTGT,2385,unannotated,0.919015,unannotated,0.913186
arabidopsis_root_atlas:spliced_counts_filtered:GGACGTCAGGTTCATC,2386,unannotated,0.923842,unannotated,0.929540
arabidopsis_root_atlas:spliced_counts_filtered:GGAGGATGTAAGTTGA,2387,unannotated,0.915358,unannotated,0.933670
arabidopsis_root_atlas:spliced_counts_filtered:GGAGGATTCGTCAACA,2388,unannotated,0.925275,unannotated,0.923131
arabidopsis_root_atlas:spliced_counts_filtered:GGGCGTTTCGCTGCGA,2389,unannotated,0.912058,unannotated,0.921735
arabidopsis_root_atlas:spliced_counts_filtered:GGGCTCACAGCGTATT,2390,unannotated,0.916965,unannotated,0.913626
arabidopsis_root_atlas:spliced_counts_filtered:GGGTTTAAGTACTCGT,2391,unannotated,0.939028,unannotated,0.935237
arabidopsis_root_atlas:spliced_counts_filtered:GGTGAAGTCATCACAG,2392,unannotated,0.927768,unannotated,0.934731
arabidopsis_root_atlas:spliced_counts_filtered:GGTGATTGTTATAGAG,2393,unannotated,0.922983,unannotated,0.921525
arabidopsis_root_atlas:spliced_counts_filtered:GTAACACGTGTGTGTT,2394,unannotated,0.901751,unannotated,0.895002
arabidopsis_root_atlas:spliced_counts_filtered:GTCAAGTTCGGTTGTA,2395,unannotated,0.936028,unannotated,0.922347
arabidopsis_root_atlas:spliced_counts_filtered:GTCACTCAGCACACCC,2396,unannotated,0.941474,unannotated,0.943171
arabidopsis_root_atlas:spliced_counts_filtered:GTCATCCCAGTTGTCA,2397,unannotated,0.931664,unannotated,0.949379
arabidopsis_root_atlas:spliced_counts_filtered:GTCATGATCTCGACGG,2398,unannotated,0.883221,unannotated,0.922637
arabidopsis_root_atlas:spliced_counts_filtered:GTCATTTTCCTACGAA,2399,unannotated,0.926453,unannotated,0.935364
arabidopsis_root_atlas:spliced_counts_filtered:GTCCCATCAGAGTCTT,2400,unannotated,0.919454,unannotated,0.926310
arabidopsis_root_atlas:spliced_counts_filtered:GTGTTCCTCGGTCACG,2401,unannotated,0.892401,unannotated,0.929919
arabidopsis_root_atlas:spliced_counts_filtered:GTTCATTGTTCTCTAT,2402,unannotated,0.909941,unannotated,0.926636
arabidopsis_root_atlas:spliced_counts_filtered:TACCTGCTCTCATAGG,2403,unannotated,0.929682,unannotated,0.941938
arabidopsis_root_atlas:spliced_counts_filtered:TACGGGCTCATTACGG,2404,unannotated,0.899159,unannotated,0.913401
arabidopsis_root_atlas:spliced_counts_filtered:TACGTCCAGAGTTGAT,2405,unannotated,0.870488,unannotated,0.911925
arabidopsis_root_atlas:spliced_counts_filtered:TAGTGCAGTATCGATC,2406,unannotated,0.921272,unannotated,0.938264
arabidopsis_root_atlas:spliced_counts_filtered:TATTCCATCGACCATA,2407,unannotated,0.925403,unannotated,0.926433
arabidopsis_root_atlas:spliced_counts_filtered:TATTGCTTCTTCCACG,2408,unannotated,0.922792,unannotated,0.941130
arabidopsis_root_atlas:spliced_counts_filtered:TCAATTCCATCTTAGG,2409,unannotated,0.877198,unannotated,0.924363
arabidopsis_root_atlas:spliced_counts_filtered:TCACAAGTCCTCAGGG,2410,unannotated,0.925490,unannotated,0.941964
arabidopsis_root_atlas:spliced_counts_filtered:TCACGCTGTCCTGGGT,2411,unannotated,0.920972,unannotated,0.919912
arabidopsis_root_atlas:spliced_counts_filtered:TCAGCAATCTCCTGTG,2412,unannotated,0.936532,unannotated,0.939458
arabidopsis_root_atlas:spliced_counts_filtered:TCCCAGTTCCCATTTA,2413,unannotated,0.906366,unannotated,0.914574
arabidopsis_root_atlas:spliced_counts_filtered:TCCGATCCAATCTCTT,2414,unannotated,0.933570,unannotated,0.934343
arabidopsis_root_atlas:spliced_counts_filtered:TCGTAGATCTGTGCGG,2415,unannotated,0.903586,unannotated,0.896516
arabidopsis_root_atlas:spliced_counts_filtered:TCTGCCAGTCGCATTA,2416,unannotated,0.910167,unannotated,0.905301
arabidopsis_root_atlas:spliced_counts_filtered:TCTGTCGAGTGGACTG,2417,unannotated,0.928831,unannotated,0.943497
arabidopsis_root_atlas:spliced_counts_filtered:TCTGTCGGTGGAAATT,2418,unannotated,0.930491,unannotated,0.934757
arabidopsis_root_atlas:spliced_counts_filtered:TCTTAGTTCCTGCCAT,2419,unannotated,0.931738,unannotated,0.925853
arabidopsis_root_atlas:spliced_counts_filtered:TCTTCCTTCGCATAGT,2420,unannotated,0.894142,unannotated,0.891147
arabidopsis_root_atlas:spliced_counts_filtered:TGACTCCAGCCATTGT,2421,unannotated,0.908538,unannotated,0.935445
arabidopsis_root_atlas:spliced_counts_filtered:TGAGACTTCTATTTCG,2422,unannotated,0.873658,unannotated,0.916600
arabidopsis_root_atlas:spliced_counts_filtered:TGAGGTTAGAGCCTGA,2423,unannotated,0.905747,unannotated,0.903237
arabidopsis_root_atlas:spliced_counts_filtered:TGATGGTCATCTGCGG,2424,unannotated,0.912748,unannotated,0.944756
arabidopsis_root_atlas:spliced_counts_filtered:TGCACGGGTACGAGCA,2425,unannotated,0.926364,unannotated,0.928959
arabidopsis_root_atlas:spliced_counts_filtered:TGCAGGCTCTATTTCG,2426,unannotated,0.943468,unannotated,0.938207
arabidopsis_root_atlas:spliced_counts_filtered:TGCGGCATCGGTCAGC,2427,unannotated,0.889113,unannotated,0.908628
arabidopsis_root_atlas:spliced_counts_filtered:TGGATCAGTCCTGTCT,2428,unannotated,0.847296,unannotated,0.829473
arabidopsis_root_atlas:spliced_counts_filtered:TGTTCTACAAGTGACG,2429,unannotated,0.870556,unannotated,0.906602
arabidopsis_root_atlas:spliced_counts_filtered:TTCAATCCACGGATCC,2430,unannotated,0.912263,unannotated,0.942231
arabidopsis_root_atlas:spliced_counts_filtered:TTCGATTAGGTCATTC,2431,unannotated,0.915643,unannotated,0.932752
arabidopsis_root_atlas:spliced_counts_filtered:TTCGGTCCAAAGGTTA,2432,unannotated,0.910173,unannotated,0.928223
arabidopsis_root_atlas:spliced_counts_filtered:TTCGGTCTCTCACCCA,2433,unannotated,0.920760,unannotated,0.932715
arabidopsis_root_atlas:spliced_counts_filtered:TTCTAACCAAAGGGCT,2434,unannotated,0.930426,unannotated,0.944611
arabidopsis_root_atlas:spliced_counts_filtered:TTCTTGAAGGGAGGTG,2435,unannotated,0.925608,unannotated,0.938334
arabidopsis_root_atlas:spliced_counts_filtered:TTCTTGACAGCTCCTT,2436,unannotated,0.939048,unannotated,0.940170
arabidopsis_root_atlas:spliced_counts_filtered:TTGGTTTTCTTCCTAA,2437,unannotated,0.862992,unannotated,0.885337
arabidopsis_root_atlas:unspliced_counts_filtered:AAAGGGCAGAGGTCAC,2438,unannotated,0.861785,unannotated,0.898222
arabidopsis_root_atlas:unspliced_counts_filtered:AACAAGAAGAGAGCCT,2439,unannotated,0.841761,unannotated,0.853799
arabidopsis_root_atlas:unspliced_counts_filtered:AAGCGAGGTTCCTAGA,2440,unannotated,0.917194,unannotated,0.948662
arabidopsis_root_atlas:unspliced_counts_filtered:AAGCGAGGTTCGTACA,2441,unannotated,0.940681,unannotated,0.956459
arabidopsis_root_atlas:unspliced_counts_filtered:AAGCGTTAGTATAGAC,2442,unannotated,0.929370,unannotated,0.930623
arabidopsis_root_atlas:unspliced_counts_filtered:AAGTCGTCAACATACC,2443,unannotated,0.943637,unannotated,0.931325
arabidopsis_root_atlas:unspliced_counts_filtered:ACAAGCTCACGTAGAG,2444,unannotated,0.807972,unannotated,0.837974
arabidopsis_root_atlas:unspliced_counts_filtered:ACAGCCGAGTGGACGT,2445,unannotated,0.936594,unannotated,0.954378
arabidopsis_root_atlas:unspliced_counts_filtered:ACATGCAAGAAATTCG,2446,unannotated,0.944236,unannotated,0.953336
arabidopsis_root_atlas:unspliced_counts_filtered:ACCTACCTCTCTTCAA,2447,unannotated,0.886765,unannotated,0.842427
arabidopsis_root_atlas:unspliced_counts_filtered:ACGTACACACGGTAGA,2448,unannotated,0.892400,unannotated,0.938395
arabidopsis_root_atlas:unspliced_counts_filtered:ACGTCCTGTTCCACGG,2449,unannotated,0.903833,unannotated,0.938602
arabidopsis_root_atlas:unspliced_counts_filtered:ACTCTCGTCTTGAGCA,2450,unannotated,0.946814,unannotated,0.953012
arabidopsis_root_atlas:unspliced_counts_filtered:ACTGATGAGTATAGGT,2451,unannotated,0.938111,unannotated,0.956463
arabidopsis_root_atlas:unspliced_counts_filtered:AGACACTCACAGAGCA,2452,unannotated,0.883876,unannotated,0.895797
arabidopsis_root_atlas:unspliced_counts_filtered:AGAGAATAGTGGATTA,2453,unannotated,0.864504,unannotated,0.885954
arabidopsis_root_atlas:unspliced_counts_filtered:AGCCAGCAGAAGGCTC,2454,unannotated,0.943332,unannotated,0.960008
arabidopsis_root_atlas:unspliced_counts_filtered:AGGATAATCTGTGCGG,2455,unannotated,0.926738,unannotated,0.950816
arabidopsis_root_atlas:unspliced_counts_filtered:AGGCCACGTTTACGTG,2456,unannotated,0.824059,unannotated,0.907032
arabidopsis_root_atlas:unspliced_counts_filtered:AGGTTACTCTGAGCAT,2457,unannotated,0.912127,unannotated,0.929567
arabidopsis_root_atlas:unspliced_counts_filtered:AGTAGTCCAACAAAGT,2458,unannotated,0.903433,unannotated,0.906856
arabidopsis_root_atlas:unspliced_counts_filtered:ATACCGATCGCCCAGA,2459,unannotated,0.927090,unannotated,0.947922
arabidopsis_root_atlas:unspliced_counts_filtered:ATCCGTCCAACTGGTT,2460,unannotated,0.947457,unannotated,0.958101
arabidopsis_root_atlas:unspliced_counts_filtered:ATCCGTCTCGTGGAAG,2461,unannotated,0.932448,unannotated,0.950061
arabidopsis_root_atlas:unspliced_counts_filtered:ATCGTCCCATAGCACT,2462,unannotated,0.864712,unannotated,0.901116
arabidopsis_root_atlas:unspliced_counts_filtered:ATGAAAGGTGGCTAGA,2463,unannotated,0.933669,unannotated,0.953679
arabidopsis_root_atlas:unspliced_counts_filtered:ATGCCTCTCAGCGCGT,2464,unannotated,0.903704,unannotated,0.874060
arabidopsis_root_atlas:unspliced_counts_filtered:ATGGAGGCACGCAGTC,2465,unannotated,0.899226,unannotated,0.937200
arabidopsis_root_atlas:unspliced_counts_filtered:ATGGTTGCACATAGCT,2466,unannotated,0.940909,unannotated,0.957303
arabidopsis_root_atlas:unspliced_counts_filtered:ATTCACTGTACCGGCT,2467,unannotated,0.881279,unannotated,0.846416
arabidopsis_root_atlas:unspliced_counts_filtered:ATTTCTGTCCGGCAAC,2468,unannotated,0.920088,unannotated,0.901016
arabidopsis_root_atlas:unspliced_counts_filtered:CAACCTCGTATCGCGC,2469,unannotated,0.874832,unannotated,0.929753
arabidopsis_root_atlas:unspliced_counts_filtered:CAACGGCGTCTAACTG,2470,unannotated,0.919875,unannotated,0.947586
arabidopsis_root_atlas:unspliced_counts_filtered:CAAGGGACAGAATCGG,2471,unannotated,0.908531,unannotated,0.901581
arabidopsis_root_atlas:unspliced_counts_filtered:CACGTTCTCCGGACGT,2472,unannotated,0.897121,unannotated,0.940485
arabidopsis_root_atlas:unspliced_counts_filtered:CAGAGCCTCATCTATC,2473,unannotated,0.941536,unannotated,0.955713
arabidopsis_root_atlas:unspliced_counts_filtered:CAGATCACAATTGCGT,2474,unannotated,0.873416,unannotated,0.929270
arabidopsis_root_atlas:unspliced_counts_filtered:CAGCAATTCCGTGCGA,2475,unannotated,0.868014,unannotated,0.901183
arabidopsis_root_atlas:unspliced_counts_filtered:CAGGTATAGCTAGAAT,2476,unannotated,0.880683,unannotated,0.932250
arabidopsis_root_atlas:unspliced_counts_filtered:CATAAGCTCGCTCTCA,2477,unannotated,0.874140,unannotated,0.904924
arabidopsis_root_atlas:unspliced_counts_filtered:CATAAGCTCTCAAAGC,2478,unannotated,0.890902,unannotated,0.888655
arabidopsis_root_atlas:unspliced_counts_filtered:CATCAAGAGCACCGAA,2479,unannotated,0.923795,unannotated,0.923399
arabidopsis_root_atlas:unspliced_counts_filtered:CATCAAGCATAGATCC,2480,unannotated,0.858779,unannotated,0.866851
arabidopsis_root_atlas:unspliced_counts_filtered:CATGCAACAGATTCGT,2481,unannotated,0.901721,unannotated,0.883453
arabidopsis_root_atlas:unspliced_counts_filtered:CCAATTTCACTGCTTC,2482,unannotated,0.901440,unannotated,0.904748
arabidopsis_root_atlas:unspliced_counts_filtered:CCACACTCACGGGTAA,2483,unannotated,0.881759,unannotated,0.903928
arabidopsis_root_atlas:unspliced_counts_filtered:CCACTTGGTCCGGACT,2484,unannotated,0.878723,unannotated,0.897712
arabidopsis_root_atlas:unspliced_counts_filtered:CCCGAAGCATTGTAGC,2485,unannotated,0.864340,unannotated,0.862832
arabidopsis_root_atlas:unspliced_counts_filtered:CCCTCTCTCTCATTTG,2486,unannotated,0.929643,unannotated,0.911271
arabidopsis_root_atlas:unspliced_counts_filtered:CCGGGTACAAGGCCTC,2487,unannotated,0.938800,unannotated,0.919674
arabidopsis_root_atlas:unspliced_counts_filtered:CCTCATGCACAGAGAC,2488,unannotated,0.885984,unannotated,0.934679
arabidopsis_root_atlas:unspliced_counts_filtered:CGGAATTGTGATTCAC,2489,unannotated,0.938581,unannotated,0.954571
arabidopsis_root_atlas:unspliced_counts_filtered:CGGGTGTCAGCTCGGT,2490,unannotated,0.848904,unannotated,0.874753
arabidopsis_root_atlas:unspliced_counts_filtered:CGGGTGTTCGACGTCG,2491,unannotated,0.885176,unannotated,0.932595
arabidopsis_root_atlas:unspliced_counts_filtered:CGTAAGTTCCCTCGTA,2492,unannotated,0.863628,unannotated,0.843933
arabidopsis_root_atlas:unspliced_counts_filtered:CTAACCCTCCGCGGAT,2493,unannotated,0.925777,unannotated,0.924398
arabidopsis_root_atlas:unspliced_counts_filtered:CTAAGTGTCCATCTCG,2494,unannotated,0.936926,unannotated,0.921497
arabidopsis_root_atlas:unspliced_counts_filtered:CTATCCGGTTGAGTCT,2495,unannotated,0.890076,unannotated,0.907348
arabidopsis_root_atlas:unspliced_counts_filtered:CTCAATTAGACTACCT,2496,unannotated,0.891972,unannotated,0.869180
arabidopsis_root_atlas:unspliced_counts_filtered:CTCATGCGTCGTCTCT,2497,unannotated,0.948583,unannotated,0.959059
arabidopsis_root_atlas:unspliced_counts_filtered:CTCCATGGTGATACAA,2498,unannotated,0.934584,unannotated,0.909006
arabidopsis_root_atlas:unspliced_counts_filtered:CTCTCGATCTTTGATC,2499,unannotated,0.950632,unannotated,0.959069
arabidopsis_root_atlas:unspliced_counts_filtered:CTGAGCGGTGGGACAT,2500,unannotated,0.943311,unannotated,0.958219
arabidopsis_root_atlas:unspliced_counts_filtered:CTGCCATGTGGAGGTT,2501,unannotated,0.926077,unannotated,0.949059
arabidopsis_root_atlas:unspliced_counts_filtered:CTGGTCTGTACTGTTG,2502,unannotated,0.948703,unannotated,0.951632
arabidopsis_root_atlas:unspliced_counts_filtered:CTGTGAAGTTACACAC,2503,unannotated,0.940018,unannotated,0.937939
arabidopsis_root_atlas:unspliced_counts_filtered:CTTCAATTCGGAGCAA,2504,unannotated,0.862578,unannotated,0.921586
arabidopsis_root_atlas:unspliced_counts_filtered:CTTCTCTGTGTTTCTT,2505,unannotated,0.879927,unannotated,0.930759
arabidopsis_root_atlas:unspliced_counts_filtered:CTTTCGGGTGTTCGTA,2506,unannotated,0.889929,unannotated,0.936546
arabidopsis_root_atlas:unspliced_counts_filtered:CTTTCGGTCTCGCCTA,2507,unannotated,0.928379,unannotated,0.919113
arabidopsis_root_atlas:unspliced_counts_filtered:GAGACTTTCAAATGAG,2508,unannotated,0.887342,unannotated,0.892351
arabidopsis_root_atlas:unspliced_counts_filtered:GAGACTTTCGTGGACC,2509,unannotated,0.936698,unannotated,0.955023
arabidopsis_root_atlas:unspliced_counts_filtered:GAGGCAACACTAAACC,2510,unannotated,0.873165,unannotated,0.892954
arabidopsis_root_atlas:unspliced_counts_filtered:GAGGCAATCTCTTCAA,2511,unannotated,0.913648,unannotated,0.890955
arabidopsis_root_atlas:unspliced_counts_filtered:GAGGCCTTCGCAGTCG,2512,unannotated,0.943712,unannotated,0.957353
arabidopsis_root_atlas:unspliced_counts_filtered:GAGTGTTTCATTCACT,2513,unannotated,0.933903,unannotated,0.923950
arabidopsis_root_atlas:unspliced_counts_filtered:GAGTTACCATACTGAC,2514,unannotated,0.897172,unannotated,0.941032
arabidopsis_root_atlas:unspliced_counts_filtered:GATCAGTTCTCGCTCA,2515,unannotated,0.867671,unannotated,0.846724
arabidopsis_root_atlas:unspliced_counts_filtered:GCCGTGAGTTTGTTGG,2516,unannotated,0.944415,unannotated,0.957344
arabidopsis_root_atlas:unspliced_counts_filtered:GGAGGTAAGCGTACAG,2517,unannotated,0.915503,unannotated,0.949630
arabidopsis_root_atlas:unspliced_counts_filtered:GGCTTGGGTTTCGGCG,2518,unannotated,0.936349,unannotated,0.955934
arabidopsis_root_atlas:unspliced_counts_filtered:GGTTAACAGGAAAGGT,2519,unannotated,0.933963,unannotated,0.953646
arabidopsis_root_atlas:unspliced_counts_filtered:GTCAAGTCAAACTAAG,2520,unannotated,0.901276,unannotated,0.905495
arabidopsis_root_atlas:unspliced_counts_filtered:GTCGTAATCAACCTTT,2521,unannotated,0.890076,unannotated,0.898067
arabidopsis_root_atlas:unspliced_counts_filtered:GTGATGTCACTTCATT,2522,unannotated,0.881933,unannotated,0.933359
arabidopsis_root_atlas:unspliced_counts_filtered:GTTACGACACCCTATC,2523,unannotated,0.899998,unannotated,0.892884
arabidopsis_root_atlas:unspliced_counts_filtered:GTTCGCTGTCGCACGT,2524,unannotated,0.911875,unannotated,0.947555
arabidopsis_root_atlas:unspliced_counts_filtered:GTTGTCCAGCGTCGAA,2525,unannotated,0.884479,unannotated,0.935225
arabidopsis_root_atlas:unspliced_counts_filtered:TAAGCACTCACATCAG,2526,unannotated,0.882315,unannotated,0.906688
arabidopsis_root_atlas:unspliced_counts_filtered:TAAGCGTTCTATTGTC,2527,unannotated,0.876606,unannotated,0.888967
arabidopsis_root_atlas:unspliced_counts_filtered:TACATTCTCGTAACAC,2528,unannotated,0.897282,unannotated,0.923991
arabidopsis_root_atlas:unspliced_counts_filtered:TACGGTAGTTTAAGGA,2529,unannotated,0.928922,unannotated,0.952267
arabidopsis_root_atlas:unspliced_counts_filtered:TAGACCACACCACATA,2530,unannotated,0.940716,unannotated,0.955130
arabidopsis_root_atlas:unspliced_counts_filtered:TAGACTGCAGCAGTGA,2531,unannotated,0.940111,unannotated,0.941961
arabidopsis_root_atlas:unspliced_counts_filtered:TATACCTGTATGAAGT,2532,unannotated,0.925946,unannotated,0.949980
arabidopsis_root_atlas:unspliced_counts_filtered:TCACAAGCATGAGTAA,2533,unannotated,0.894617,unannotated,0.938305
arabidopsis_root_atlas:unspliced_counts_filtered:TCACAAGTCGATTTCT,2534,unannotated,0.880794,unannotated,0.929747
arabidopsis_root_atlas:unspliced_counts_filtered:TCACTCGGTCACCACG,2535,unannotated,0.906832,unannotated,0.893192
arabidopsis_root_atlas:unspliced_counts_filtered:TCAGTGAGTACAGAGC,2536,unannotated,0.942661,unannotated,0.952693
arabidopsis_root_atlas:unspliced_counts_filtered:TCGACGGGTTGTGCCG,2537,unannotated,0.888859,unannotated,0.937568
arabidopsis_root_atlas:unspliced_counts_filtered:TCGGGCAAGGCCTAGA,2538,unannotated,0.925710,unannotated,0.940248
arabidopsis_root_atlas:unspliced_counts_filtered:TCGGGCACACCGTGCA,2539,unannotated,0.908878,unannotated,0.944408
arabidopsis_root_atlas:unspliced_counts_filtered:TCGGGTGCAGCGGATA,2540,unannotated,0.882332,unannotated,0.933746
arabidopsis_root_atlas:unspliced_counts_filtered:TCGGGTGGTTTCGGCG,2541,unannotated,0.935100,unannotated,0.944831
arabidopsis_root_atlas:unspliced_counts_filtered:TCTCAGCAGGGAGAAT,2542,unannotated,0.892758,unannotated,0.937069
arabidopsis_root_atlas:unspliced_counts_filtered:TCTCTGGAGTAGTCTC,2543,unannotated,0.905158,unannotated,0.909197
arabidopsis_root_atlas:unspliced_counts_filtered:TCTTAGTCAGGCGATA,2544,unannotated,0.932527,unannotated,0.953269
arabidopsis_root_atlas:unspliced_counts_filtered:TGACAGTCAGGTCCCA,2545,unannotated,0.910563,unannotated,0.909203
arabidopsis_root_atlas:unspliced_counts_filtered:TGAGCGCAGTGATAAC,2546,unannotated,0.930166,unannotated,0.924473
arabidopsis_root_atlas:unspliced_counts_filtered:TGAGTCAAGTCGCTAT,2547,unannotated,0.911895,unannotated,0.945981
arabidopsis_root_atlas:unspliced_counts_filtered:TGATGCAGTGCTGATT,2548,unannotated,0.880722,unannotated,0.899648
arabidopsis_root_atlas:unspliced_counts_filtered:TGGTGATTCCTCACGT,2549,unannotated,0.859225,unannotated,0.866186
arabidopsis_root_atlas:unspliced_counts_filtered:TGTAACGCAGCGGATA,2550,unannotated,0.944831,unannotated,0.943785
arabidopsis_root_atlas:unspliced_counts_filtered:TGTAGACGTCGGAACA,2551,unannotated,0.890196,unannotated,0.937848
arabidopsis_root_atlas:unspliced_counts_filtered:TTCCACGTCTGCTGAA,2552,unannotated,0.928283,unannotated,0.917845
arabidopsis_root_atlas:unspliced_counts_filtered:TTCGATTAGAAGAGCA,2553,unannotated,0.897700,unannotated,0.940315
arabidopsis_root_atlas:unspliced_counts_filtered:TTCGGTCCAAAGGTTA,2554,unannotated,0.939270,unannotated,0.954263
arabidopsis_root_atlas:unspliced_counts_filtered:TTCTAACGTAGGTGCA,2555,unannotated,0.905921,unannotated,0.881840
arabidopsis_root_atlas:unspliced_counts_filtered:TTGTGGATCGTAGAGG,2556,unannotated,0.945072,unannotated,0.959238
arabidopsis_root_atlas:unspliced_counts_filtered:TTTACCAAGCAGTCTT,2557,unannotated,0.950991,unannotated,0.951634
arabidopsis_root_atlas:unspliced_counts_filtered:TTTACGTGTCAGTCTA,2558,unannotated,0.880773,unannotated,0.912456
arabidopsis_root_atlas:unspliced_counts_filtered:TTTGACTAGTACTGGG,2559,unannotated,0.891168,unannotated,0.939261
cotton_glandular_terpenoid_atlas:GSM7785431_Rep1:AACCAACAGACACACG-1,2560,Phloem parenchyma,0.299685,Phloem parenchyma,0.275251
cotton_glandular_terpenoid_atlas:GSM7785431_Rep1:AATGGCTAGATGACAT-1,2561,Phloem parenchyma,0.321611,Phloem parenchyma,0.329727
cotton_glandular_terpenoid_atlas:GSM7785431_Rep1:ACAAGCTTCCGTGGTG-1,2562,Phloem parenchyma,0.490379,Phloem parenchyma,0.445963
cotton_glandular_terpenoid_atlas:GSM7785431_Rep1:ACATTTCCACCAAAGG-1,2563,Phloem parenchyma,0.271552,Mesophyll,0.279098
cotton_glandular_terpenoid_atlas:GSM7785431_Rep1:ACGGAAGGTTCAATCG-1,2564,unannotated_root,0.554646,unannotated_root,0.543138
cotton_glandular_terpenoid_atlas:GSM7785431_Rep1:ACTATTCAGTGATGGC-1,2565,Phloem parenchyma,0.388114,Phloem parenchyma,0.329824
cotton_glandular_terpenoid_atlas:GSM7785431_Rep1:ACTCCCAGTAACTTCG-1,2566,Phloem parenchyma,0.440748,Phloem parenchyma,0.381657
cotton_glandular_terpenoid_atlas:GSM7785431_Rep1:AGAAGCGCATTCTTCA-1,2567,Phloem parenchyma,0.686781,Phloem parenchyma,0.736360
cotton_glandular_terpenoid_atlas:GSM7785431_Rep1:AGCGCTGGTGCCGTAC-1,2568,endodermis,0.266238,endodermis,0.266968
cotton_glandular_terpenoid_atlas:GSM7785431_Rep1:AGGGTCCTCAACTGAC-1,2569,Phloem parenchyma,0.409442,Phloem parenchyma,0.416658
cotton_glandular_terpenoid_atlas:GSM7785431_Rep1:AGGTAGGGTACCACGC-1,2570,Phloem parenchyma,0.439791,Phloem parenchyma,0.457307
cotton_glandular_terpenoid_atlas:GSM7785431_Rep1:ATAGACCCAGTAACCT-1,2571,Phloem parenchyma,0.348116,Phloem parenchyma,0.370702
cotton_glandular_terpenoid_atlas:GSM7785431_Rep1:ATGAAAGAGTGCGACA-1,2572,Phloem parenchyma,0.492791,Phloem parenchyma,0.467282
cotton_glandular_terpenoid_atlas:GSM7785431_Rep1:ATGCATGGTAGTGCGA-1,2573,Phloem parenchyma,0.618098,Phloem parenchyma,0.669450
cotton_glandular_terpenoid_atlas:GSM7785431_Rep1:ATGCCTCAGGCACCAA-1,2574,Phloem parenchyma,0.632068,Phloem parenchyma,0.670496
cotton_glandular_terpenoid_atlas:GSM7785431_Rep1:ATGCGATAGCCTCCAG-1,2575,Phloem parenchyma,0.352065,Phloem parenchyma,0.378886
cotton_glandular_terpenoid_atlas:GSM7785431_Rep1:ATTTCTGGTCAACCTA-1,2576,Phloem parenchyma,0.542020,Phloem parenchyma,0.475573
cotton_glandular_terpenoid_atlas:GSM7785431_Rep1:CAACAGTAGATCGCCC-1,2577,Phloem parenchyma,0.475563,Phloem parenchyma,0.471407
cotton_glandular_terpenoid_atlas:GSM7785431_Rep1:CAACCAAGTCAAAGTA-1,2578,Phloem parenchyma,0.423353,Phloem parenchyma,0.391279
cotton_glandular_terpenoid_atlas:GSM7785431_Rep1:CAACCTCTCCAATCTT-1,2579,Phloem parenchyma,0.676923,Phloem parenchyma,0.724028
cotton_glandular_terpenoid_atlas:GSM7785431_Rep1:CAAGACTGTCATGGCC-1,2580,Phloem parenchyma,0.678844,Phloem parenchyma,0.656404
cotton_glandular_terpenoid_atlas:GSM7785431_Rep1:CAATCGAGTGCTTATG-1,2581,Phloem parenchyma,0.504116,Phloem parenchyma,0.449218
cotton_glandular_terpenoid_atlas:GSM7785431_Rep1:CACGAATTCGAGAAAT-1,2582,Phloem parenchyma,0.524508,Phloem parenchyma,0.465521
cotton_glandular_terpenoid_atlas:GSM7785431_Rep1:CACGTGGTCGCGTTTC-1,2583,Phloem parenchyma,0.802552,Phloem parenchyma,0.812732
cotton_glandular_terpenoid_atlas:GSM7785431_Rep1:CACTAAGGTAGGCTGA-1,2584,unannotated_root,0.368346,unannotated_root,0.361442
cotton_glandular_terpenoid_atlas:GSM7785431_Rep1:CATAGACCAGCTGTCG-1,2585,endodermis,0.279584,Phloem parenchyma,0.281628
cotton_glandular_terpenoid_atlas:GSM7785431_Rep1:CATGCCTGTCGGTACC-1,2586,Phloem parenchyma,0.290794,Phloem parenchyma,0.282770
cotton_glandular_terpenoid_atlas:GSM7785431_Rep1:CATTGAGAGGCCCGTT-1,2587,Phloem parenchyma,0.509072,Phloem parenchyma,0.512183
cotton_glandular_terpenoid_atlas:GSM7785431_Rep1:CATTGTTAGATCGCTT-1,2588,Phloem parenchyma,0.616412,Phloem parenchyma,0.573764
cotton_glandular_terpenoid_atlas:GSM7785431_Rep1:CCACGAGAGGCCCACT-1,2589,Phloem parenchyma,0.348017,Phloem parenchyma,0.352643
cotton_glandular_terpenoid_atlas:GSM7785431_Rep1:CCGGTAGTCCAGCTCT-1,2590,Phloem parenchyma,0.305940,Phloem parenchyma,0.308176
cotton_glandular_terpenoid_atlas:GSM7785431_Rep1:CCTACGTCACGATTCA-1,2591,Phloem parenchyma,0.425535,Phloem parenchyma,0.351381
cotton_glandular_terpenoid_atlas:GSM7785431_Rep1:CCTGCATTCTTACACT-1,2592,Phloem parenchyma,0.560442,Phloem parenchyma,0.460748
cotton_glandular_terpenoid_atlas:GSM7785431_Rep1:CGAAGGACACGACGCT-1,2593,Phloem parenchyma,0.380438,Phloem parenchyma,0.347088
cotton_glandular_terpenoid_atlas:GSM7785431_Rep1:CGAAGGATCAGACCTA-1,2594,Phloem parenchyma,0.465672,Phloem parenchyma,0.476654
cotton_glandular_terpenoid_atlas:GSM7785431_Rep1:CGAAGTTCAGCATCTA-1,2595,unannotated_root,0.356828,unannotated_root,0.328909
cotton_glandular_terpenoid_atlas:GSM7785431_Rep1:CGAGTTAAGAGAGGTA-1,2596,Phloem parenchyma,0.308563,Phloem parenchyma,0.327194
cotton_glandular_terpenoid_atlas:GSM7785431_Rep1:CGATGGCCATATCGGT-1,2597,Phloem parenchyma,0.413013,Phloem parenchyma,0.426693
cotton_glandular_terpenoid_atlas:GSM7785431_Rep1:CGTGCTTTCCTACCGT-1,2598,Phloem parenchyma,0.592995,Phloem parenchyma,0.520638
cotton_glandular_terpenoid_atlas:GSM7785431_Rep1:CTAGACAAGTCAATCC-1,2599,Phloem parenchyma,0.594432,Phloem parenchyma,0.629149
cotton_glandular_terpenoid_atlas:GSM7785431_Rep1:CTATCCGGTGACGCCT-1,2600,endodermis,0.301281,Mesophyll,0.298526
cotton_glandular_terpenoid_atlas:GSM7785431_Rep1:CTCAATTCATTGGGAG-1,2601,Phloem parenchyma,0.642506,Phloem parenchyma,0.701822
cotton_glandular_terpenoid_atlas:GSM7785431_Rep1:CTCAGGGTCATTCTTG-1,2602,Phloem parenchyma,0.721372,Phloem parenchyma,0.708986
cotton_glandular_terpenoid_atlas:GSM7785431_Rep1:CTCATTATCAGTGATC-1,2603,Phloem parenchyma,0.669228,Phloem parenchyma,0.677455
cotton_glandular_terpenoid_atlas:GSM7785431_Rep1:CTCCTCCGTGGTAACG-1,2604,Phloem parenchyma,0.333982,Phloem parenchyma,0.349345
cotton_glandular_terpenoid_atlas:GSM7785431_Rep1:CTCTCGAAGTAACGAT-1,2605,Phloem parenchyma,0.426281,Phloem parenchyma,0.375308
cotton_glandular_terpenoid_atlas:GSM7785431_Rep1:CTGAATGGTCAGACGA-1,2606,Phloem parenchyma,0.536879,Phloem parenchyma,0.492130
cotton_glandular_terpenoid_atlas:GSM7785431_Rep1:CTGTAGATCACAGAGG-1,2607,Phloem parenchyma,0.610928,Phloem parenchyma,0.664901
cotton_glandular_terpenoid_atlas:GSM7785431_Rep1:CTTCTAAGTGGAACCA-1,2608,Phloem parenchyma,0.341360,Phloem parenchyma,0.311866
cotton_glandular_terpenoid_atlas:GSM7785431_Rep1:GACTTCCTCTGAGAAA-1,2609,Phloem parenchyma,0.413020,Phloem parenchyma,0.430510
cotton_glandular_terpenoid_atlas:GSM7785431_Rep1:GAGGGTAGTAGCGAGT-1,2610,Phloem parenchyma,0.737730,Phloem parenchyma,0.726156
cotton_glandular_terpenoid_atlas:GSM7785431_Rep1:GATTCTTAGCACGGAT-1,2611,Phloem parenchyma,0.384098,Phloem parenchyma,0.320881
cotton_glandular_terpenoid_atlas:GSM7785431_Rep1:GCAACCGTCCAAGCTA-1,2612,Phloem parenchyma,0.236127,endodermis,0.234701
cotton_glandular_terpenoid_atlas:GSM7785431_Rep1:GCAGGCTTCGACGCGT-1,2613,Phloem parenchyma,0.767325,Phloem parenchyma,0.768312
cotton_glandular_terpenoid_atlas:GSM7785431_Rep1:GCCAACGTCCTAGAGT-1,2614,Phloem parenchyma,0.418862,Phloem parenchyma,0.430102
cotton_glandular_terpenoid_atlas:GSM7785431_Rep1:GCCAGCAAGACCGTTT-1,2615,Phloem parenchyma,0.424954,Phloem parenchyma,0.340429
cotton_glandular_terpenoid_atlas:GSM7785431_Rep1:GCCCGAAGTACGTACT-1,2616,Phloem parenchyma,0.351721,Leaf epidermis,0.319452
cotton_glandular_terpenoid_atlas:GSM7785431_Rep1:GCGGAAAAGGGCCTCT-1,2617,unannotated_root,0.371597,unannotated_root,0.346544
cotton_glandular_terpenoid_atlas:GSM7785431_Rep1:GCTACAAAGTATTCCG-1,2618,endodermis,0.258138,Phloem parenchyma,0.362183
cotton_glandular_terpenoid_atlas:GSM7785431_Rep1:GGAACCCGTAAGACCG-1,2619,Phloem parenchyma,0.357368,Leaf epidermis,0.314617
cotton_glandular_terpenoid_atlas:GSM7785431_Rep1:GGCTTGGCACCTCTGT-1,2620,Phloem parenchyma,0.348662,Phloem parenchyma,0.325597
cotton_glandular_terpenoid_atlas:GSM7785431_Rep1:GGGTCTGTCACCACAA-1,2621,Phloem parenchyma,0.432594,Phloem parenchyma,0.502685
cotton_glandular_terpenoid_atlas:GSM7785431_Rep1:GGTGAAGAGCAGGCTA-1,2622,Phloem parenchyma,0.620797,Phloem parenchyma,0.578976
cotton_glandular_terpenoid_atlas:GSM7785431_Rep1:GTCACTCTCATGGATC-1,2623,Phloem parenchyma,0.306311,Phloem parenchyma,0.331350
cotton_glandular_terpenoid_atlas:GSM7785431_Rep1:GTCAGCGGTATGGTAA-1,2624,Phloem parenchyma,0.373799,Phloem parenchyma,0.377365
cotton_glandular_terpenoid_atlas:GSM7785431_Rep1:GTCTCACAGACGACTG-1,2625,Phloem parenchyma,0.486939,Phloem parenchyma,0.423237
cotton_glandular_terpenoid_atlas:GSM7785431_Rep1:GTGACGCTCTTACGGA-1,2626,Phloem parenchyma,0.424610,Phloem parenchyma,0.443496
cotton_glandular_terpenoid_atlas:GSM7785431_Rep1:GTGCTGGTCTGGGAGA-1,2627,Phloem parenchyma,0.815895,Phloem parenchyma,0.825261
cotton_glandular_terpenoid_atlas:GSM7785431_Rep1:GTGTGGCTCTTCGTGC-1,2628,Phloem parenchyma,0.547001,Phloem parenchyma,0.608095
cotton_glandular_terpenoid_atlas:GSM7785431_Rep1:GTTGAACTCATTCATC-1,2629,Phloem parenchyma,0.662583,Phloem parenchyma,0.702169
cotton_glandular_terpenoid_atlas:GSM7785431_Rep1:TACGTCCAGTCGAATA-1,2630,Phloem parenchyma,0.618025,Phloem parenchyma,0.555382
cotton_glandular_terpenoid_atlas:GSM7785431_Rep1:TAGGAGGGTTGAGAGC-1,2631,Phloem parenchyma,0.562889,Phloem parenchyma,0.558611
cotton_glandular_terpenoid_atlas:GSM7785431_Rep1:TAGGGTTAGTAATACG-1,2632,Phloem parenchyma,0.415458,Phloem parenchyma,0.344795
cotton_glandular_terpenoid_atlas:GSM7785431_Rep1:TATATCCCACTAAACC-1,2633,endodermis,0.337763,endodermis,0.311845
cotton_glandular_terpenoid_atlas:GSM7785431_Rep1:TCACAAGCAACCAATC-1,2634,Phloem parenchyma,0.456259,Phloem parenchyma,0.453897
cotton_glandular_terpenoid_atlas:GSM7785431_Rep1:TCATATCGTGATACCT-1,2635,Phloem parenchyma,0.512764,Phloem parenchyma,0.445517
cotton_glandular_terpenoid_atlas:GSM7785431_Rep1:TCCTTCTCACAATGCT-1,2636,Phloem parenchyma,0.698552,Phloem parenchyma,0.725045
cotton_glandular_terpenoid_atlas:GSM7785431_Rep1:TCTATCAAGATGCGAC-1,2637,Phloem parenchyma,0.339202,Phloem parenchyma,0.353009
cotton_glandular_terpenoid_atlas:GSM7785431_Rep1:TCTCAGCTCACCCTCA-1,2638,endodermis,0.349592,Phloem parenchyma,0.315167
cotton_glandular_terpenoid_atlas:GSM7785431_Rep1:TGAACGTAGGATGTTA-1,2639,Phloem parenchyma,0.636831,Phloem parenchyma,0.671537
cotton_glandular_terpenoid_atlas:GSM7785431_Rep1:TGCAGATGTCTCGGAC-1,2640,Phloem parenchyma,0.726762,Phloem parenchyma,0.719912
cotton_glandular_terpenoid_atlas:GSM7785431_Rep1:TGTACAGTCGCGTGCA-1,2641,Phloem parenchyma,0.278050,Phloem parenchyma,0.258940
cotton_glandular_terpenoid_atlas:GSM7785431_Rep1:TGTAGACTCTCCTGTG-1,2642,Phloem parenchyma,0.323625,Phloem parenchyma,0.340695
cotton_glandular_terpenoid_atlas:GSM7785431_Rep1:TGTCCACCATCACCAA-1,2643,Phloem parenchyma,0.528067,Phloem parenchyma,0.466824
cotton_glandular_terpenoid_atlas:GSM7785431_Rep1:TTCTAGTAGAAGTCCG-1,2644,Phloem parenchyma,0.412124,Phloem parenchyma,0.419765
cotton_glandular_terpenoid_atlas:GSM7785431_Rep1:TTCTCTCTCCTTCAGC-1,2645,Phloem parenchyma,0.852827,Phloem parenchyma,0.868746
cotton_glandular_terpenoid_atlas:GSM7785431_Rep1:TTCTTCCAGATGCGAC-1,2646,Phloem parenchyma,0.451246,Phloem parenchyma,0.383823
cotton_glandular_terpenoid_atlas:GSM7785431_Rep1:TTGCGTCCATAACCCA-1,2647,Phloem parenchyma,0.333956,Phloem parenchyma,0.354391
cotton_glandular_terpenoid_atlas:GSM7785431_Rep1:TTTCAGTTCTTTGCAT-1,2648,Phloem parenchyma,0.496477,Phloem parenchyma,0.426863
cotton_glandular_terpenoid_atlas:GSM7785432_Rep2:AAAGAACAGGGATCAC-1,2649,Phloem parenchyma,0.419965,Phloem parenchyma,0.362667
cotton_glandular_terpenoid_atlas:GSM7785432_Rep2:AAAGGATGTTATAGAG-1,2650,Phloem parenchyma,0.749512,Phloem parenchyma,0.733188
cotton_glandular_terpenoid_atlas:GSM7785432_Rep2:AAAGTCCCAGCACCCA-1,2651,Phloem parenchyma,0.732362,Phloem parenchyma,0.726827
cotton_glandular_terpenoid_atlas:GSM7785432_Rep2:AAATGGACAGGTTACT-1,2652,Phloem parenchyma,0.764768,Phloem parenchyma,0.801934
cotton_glandular_terpenoid_atlas:GSM7785432_Rep2:AACGGGACAGTAACGG-1,2653,unannotated_root,0.291775,unannotated_root,0.284648
cotton_glandular_terpenoid_atlas:GSM7785432_Rep2:ACATCGAAGCCATATC-1,2654,Phloem parenchyma,0.321680,Phloem parenchyma,0.298146
cotton_glandular_terpenoid_atlas:GSM7785432_Rep2:ACCATTTGTACGTGTT-1,2655,Phloem parenchyma,0.539723,Phloem parenchyma,0.541297
cotton_glandular_terpenoid_atlas:GSM7785432_Rep2:ACCCAAAAGTTACGGG-1,2656,unannotated_root,0.310967,unannotated_root,0.287275
cotton_glandular_terpenoid_atlas:GSM7785432_Rep2:ACCGTTCCAAGTGTCT-1,2657,endodermis,0.340768,endodermis,0.274815
cotton_glandular_terpenoid_atlas:GSM7785432_Rep2:ACGATCATCGGTTCAA-1,2658,Phloem parenchyma,0.448103,Phloem parenchyma,0.447862
cotton_glandular_terpenoid_atlas:GSM7785432_Rep2:ACGTAACAGTTCAACC-1,2659,endodermis,0.328364,Phloem parenchyma,0.277734
cotton_glandular_terpenoid_atlas:GSM7785432_Rep2:ACGTTCCAGTACCCTA-1,2660,Phloem parenchyma,0.246882,Phloem parenchyma,0.241611
cotton_glandular_terpenoid_atlas:GSM7785432_Rep2:ACTATCTAGAGCTGCA-1,2661,Phloem parenchyma,0.478629,Phloem parenchyma,0.481939
cotton_glandular_terpenoid_atlas:GSM7785432_Rep2:ACTCCCAGTACTCGCG-1,2662,Phloem parenchyma,0.533572,Phloem parenchyma,0.497557
cotton_glandular_terpenoid_atlas:GSM7785432_Rep2:ACTCCCATCTGTTGGA-1,2663,Phloem parenchyma,0.494407,Phloem parenchyma,0.415100
cotton_glandular_terpenoid_atlas:GSM7785432_Rep2:AGAGAATGTAACTAAG-1,2664,Phloem parenchyma,0.327461,Phloem parenchyma,0.346900
cotton_glandular_terpenoid_atlas:GSM7785432_Rep2:AGCCACGAGTCATCGT-1,2665,Phloem parenchyma,0.760965,Phloem parenchyma,0.762505
cotton_glandular_terpenoid_atlas:GSM7785432_Rep2:AGCTCAACAGTAGTGG-1,2666,endodermis,0.350509,Mesophyll,0.342676
cotton_glandular_terpenoid_atlas:GSM7785432_Rep2:AGGACGAAGTGGATTA-1,2667,Phloem parenchyma,0.615124,Phloem parenchyma,0.557078
cotton_glandular_terpenoid_atlas:GSM7785432_Rep2:AGGGAGTCACATATGC-1,2668,Phloem parenchyma,0.365660,Phloem parenchyma,0.390790
cotton_glandular_terpenoid_atlas:GSM7785432_Rep2:AGTACTGTCTTGGGCG-1,2669,Phloem parenchyma,0.441731,Phloem parenchyma,0.469122
cotton_glandular_terpenoid_atlas:GSM7785432_Rep2:AGTCATGTCTGCGGCA-1,2670,Phloem parenchyma,0.486564,Phloem parenchyma,0.489310
cotton_glandular_terpenoid_atlas:GSM7785432_Rep2:ATCAGGTAGTTTAGGA-1,2671,Phloem parenchyma,0.504976,Phloem parenchyma,0.440789
cotton_glandular_terpenoid_atlas:GSM7785432_Rep2:ATCCACCAGTCATGGG-1,2672,endodermis,0.258296,endodermis,0.261731
cotton_glandular_terpenoid_atlas:GSM7785432_Rep2:ATCCGTCCACATGACT-1,2673,Phloem parenchyma,0.554888,Phloem parenchyma,0.550301
cotton_glandular_terpenoid_atlas:GSM7785432_Rep2:ATTCATCAGTTCAACC-1,2674,Phloem parenchyma,0.340753,Phloem parenchyma,0.332536
cotton_glandular_terpenoid_atlas:GSM7785432_Rep2:ATTCGTTGTGCGGATA-1,2675,endodermis,0.313426,Phloem parenchyma,0.327547
cotton_glandular_terpenoid_atlas:GSM7785432_Rep2:CAACCTCTCAAGGTGG-1,2676,Phloem parenchyma,0.367964,Phloem parenchyma,0.386675
cotton_glandular_terpenoid_atlas:GSM7785432_Rep2:CAGGGCTTCGCATTAG-1,2677,Phloem parenchyma,0.603767,Phloem parenchyma,0.549282
cotton_glandular_terpenoid_atlas:GSM7785432_Rep2:CATGAGTAGGCCTTCG-1,2678,Phloem parenchyma,0.465157,Phloem parenchyma,0.483119
cotton_glandular_terpenoid_atlas:GSM7785432_Rep2:CATGGATCATCTCATT-1,2679,Phloem parenchyma,0.783699,Phloem parenchyma,0.766016
cotton_glandular_terpenoid_atlas:GSM7785432_Rep2:CGGAATTAGTCCCGGT-1,2680,Phloem parenchyma,0.384595,Phloem parenchyma,0.368539
cotton_glandular_terpenoid_atlas:GSM7785432_Rep2:CGGAATTCACCCTGTT-1,2681,Phloem parenchyma,0.315743,Phloem parenchyma,0.288780
cotton_glandular_terpenoid_atlas:GSM7785432_Rep2:CGGGACTTCGTTATCT-1,2682,Phloem parenchyma,0.351114,Phloem parenchyma,0.445393
cotton_glandular_terpenoid_atlas:GSM7785432_Rep2:CTAGGTACACCTGAAT-1,2683,Phloem parenchyma,0.281089,Phloem parenchyma,0.281027
cotton_glandular_terpenoid_atlas:GSM7785432_Rep2:CTCAAGATCCACCTGT-1,2684,Phloem parenchyma,0.307933,Phloem parenchyma,0.303933
cotton_glandular_terpenoid_atlas:GSM7785432_Rep2:CTCCCTCTCTGGTGGC-1,2685,Phloem parenchyma,0.513597,Phloem parenchyma,0.522624
cotton_glandular_terpenoid_atlas:GSM7785432_Rep2:CTGCATCGTGTTCGTA-1,2686,Phloem parenchyma,0.569665,Phloem parenchyma,0.502916
cotton_glandular_terpenoid_atlas:GSM7785432_Rep2:CTGCTCAAGAGTCAAT-1,2687,Phloem parenchyma,0.483565,Phloem parenchyma,0.484190
cotton_glandular_terpenoid_atlas:GSM7785432_Rep2:CTGGACGTCATCTCTA-1,2688,Phloem parenchyma,0.438262,Phloem parenchyma,0.361565
cotton_glandular_terpenoid_atlas:GSM7785432_Rep2:GAATCGTTCAATCTCT-1,2689,endodermis,0.315361,Phloem parenchyma,0.314110
cotton_glandular_terpenoid_atlas:GSM7785432_Rep2:GACGTTAAGCCAACCC-1,2690,unannotated_root,0.316796,unannotated_root,0.315179
cotton_glandular_terpenoid_atlas:GSM7785432_Rep2:GAGCCTGCAGGTACGA-1,2691,Phloem parenchyma,0.691070,Phloem parenchyma,0.721953
cotton_glandular_terpenoid_atlas:GSM7785432_Rep2:GAGCCTGCATAATCCG-1,2692,Phloem parenchyma,0.422056,Phloem parenchyma,0.442636
cotton_glandular_terpenoid_atlas:GSM7785432_Rep2:GAGCTGCAGGGTGAAA-1,2693,Phloem parenchyma,0.485711,Phloem parenchyma,0.493939
cotton_glandular_terpenoid_atlas:GSM7785432_Rep2:GAGGCCTCATGCGTGC-1,2694,Phloem parenchyma,0.596857,Phloem parenchyma,0.654078
cotton_glandular_terpenoid_atlas:GSM7785432_Rep2:GATTCGATCCTGGGTG-1,2695,Phloem parenchyma,0.458294,Phloem parenchyma,0.358836
cotton_glandular_terpenoid_atlas:GSM7785432_Rep2:GATTTCTGTTTGTTCT-1,2696,Phloem parenchyma,0.544562,Phloem parenchyma,0.477603
cotton_glandular_terpenoid_atlas:GSM7785432_Rep2:GCACTAAAGTATAGGT-1,2697,Phloem parenchyma,0.387372,Leaf epidermis,0.325135
cotton_glandular_terpenoid_atlas:GSM7785432_Rep2:GCAGGCTTCAGCCTCT-1,2698,Phloem parenchyma,0.545245,Phloem parenchyma,0.542698
cotton_glandular_terpenoid_atlas:GSM7785432_Rep2:GCCATGGAGTCAACAA-1,2699,Phloem parenchyma,0.375968,Phloem parenchyma,0.333646
cotton_glandular_terpenoid_atlas:GSM7785432_Rep2:GGAACCCAGAATTGTG-1,2700,endodermis,0.251832,Phloem parenchyma,0.272341
cotton_glandular_terpenoid_atlas:GSM7785432_Rep2:GGAATCTAGTTGGAGC-1,2701,Phloem parenchyma,0.483625,Phloem parenchyma,0.450871
cotton_glandular_terpenoid_atlas:GSM7785432_Rep2:GGAGGATCAAGCGAGT-1,2702,Phloem parenchyma,0.281898,Phloem parenchyma,0.276177
cotton_glandular_terpenoid_atlas:GSM7785432_Rep2:GGTAACTGTCCACTCT-1,2703,Phloem parenchyma,0.287813,Phloem parenchyma,0.289365
cotton_glandular_terpenoid_atlas:GSM7785432_Rep2:GTAAGTCTCGAGCTGC-1,2704,Phloem parenchyma,0.602274,Phloem parenchyma,0.597751
cotton_glandular_terpenoid_atlas:GSM7785432_Rep2:GTAATGCTCGGTTAGT-1,2705,Phloem parenchyma,0.697647,Phloem parenchyma,0.685151
cotton_glandular_terpenoid_atlas:GSM7785432_Rep2:GTATTTCCACTAACCA-1,2706,Phloem parenchyma,0.392527,Phloem parenchyma,0.402879
cotton_glandular_terpenoid_atlas:GSM7785432_Rep2:GTCCACTTCCTACGGG-1,2707,Phloem parenchyma,0.727155,Phloem parenchyma,0.728873
cotton_glandular_terpenoid_atlas:GSM7785432_Rep2:GTCCTCAGTGTATCCA-1,2708,Phloem parenchyma,0.488392,Phloem parenchyma,0.454876
cotton_glandular_terpenoid_atlas:GSM7785432_Rep2:GTCGTAACAGAAGTTA-1,2709,endodermis,0.267127,Mesophyll,0.343415
cotton_glandular_terpenoid_atlas:GSM7785432_Rep2:GTCGTAATCAATGTCG-1,2710,Phloem parenchyma,0.612563,Phloem parenchyma,0.660506
cotton_glandular_terpenoid_atlas:GSM7785432_Rep2:GTCGTTCTCGAGAATA-1,2711,Phloem parenchyma,0.765671,Phloem parenchyma,0.767270
cotton_glandular_terpenoid_atlas:GSM7785432_Rep2:GTCTGTCAGGAACTCG-1,2712,Phloem parenchyma,0.499393,Phloem parenchyma,0.425549
cotton_glandular_terpenoid_atlas:GSM7785432_Rep2:GTGAGTTGTTTAGAGA-1,2713,Phloem parenchyma,0.531380,Phloem parenchyma,0.589529
cotton_glandular_terpenoid_atlas:GSM7785432_Rep2:TAAGCACTCACATACG-1,2714,Phloem parenchyma,0.592546,Phloem parenchyma,0.648713
cotton_glandular_terpenoid_atlas:GSM7785432_Rep2:TACAACGGTGTCCACG-1,2715,Phloem parenchyma,0.506828,Phloem parenchyma,0.474719
cotton_glandular_terpenoid_atlas:GSM7785432_Rep2:TACGCTCCACACGGTC-1,2716,endodermis,0.400773,endodermis,0.346631
cotton_glandular_terpenoid_atlas:GSM7785432_Rep2:TACGGTACATGGGAAC-1,2717,endodermis,0.292382,Phloem parenchyma,0.393211
cotton_glandular_terpenoid_atlas:GSM7785432_Rep2:TACGTCCGTCTTGGTA-1,2718,Phloem parenchyma,0.423972,Phloem parenchyma,0.409644
cotton_glandular_terpenoid_atlas:GSM7785432_Rep2:TACTTACTCCCAGCGA-1,2719,endodermis,0.282517,Leaf epidermis,0.236793
cotton_glandular_terpenoid_atlas:GSM7785432_Rep2:TATCGCCCAGTCGCTG-1,2720,Phloem parenchyma,0.501679,Phloem parenchyma,0.437915
cotton_glandular_terpenoid_atlas:GSM7785432_Rep2:TATGTTCAGAATCTAG-1,2721,endodermis,0.363018,endodermis,0.288714
cotton_glandular_terpenoid_atlas:GSM7785432_Rep2:TCACGCTCATCTATCT-1,2722,Phloem parenchyma,0.629051,Phloem parenchyma,0.568218
cotton_glandular_terpenoid_atlas:GSM7785432_Rep2:TCATGAGCATTGCCTC-1,2723,unannotated_root,0.456989,unannotated_root,0.421739
cotton_glandular_terpenoid_atlas:GSM7785432_Rep2:TCGAACATCAAGGCTT-1,2724,Phloem parenchyma,0.547815,Phloem parenchyma,0.550277
cotton_glandular_terpenoid_atlas:GSM7785432_Rep2:TCGCTTGTCTGGGCAC-1,2725,Phloem parenchyma,0.430484,Phloem parenchyma,0.398180
cotton_glandular_terpenoid_atlas:GSM7785432_Rep2:TCGGGCAAGTCTAGCT-1,2726,Phloem parenchyma,0.445052,Phloem parenchyma,0.379716
cotton_glandular_terpenoid_atlas:GSM7785432_Rep2:TCGGGCATCGCTTACC-1,2727,Phloem parenchyma,0.786443,Phloem parenchyma,0.816331
cotton_glandular_terpenoid_atlas:GSM7785432_Rep2:TCGTGGGTCGTCTCAC-1,2728,Phloem parenchyma,0.766762,Phloem parenchyma,0.749987
cotton_glandular_terpenoid_atlas:GSM7785432_Rep2:TCTACATTCAGCACCG-1,2729,endodermis,0.283629,Phloem parenchyma,0.261139
cotton_glandular_terpenoid_atlas:GSM7785432_Rep2:TCTCACGAGCTAATCC-1,2730,Phloem parenchyma,0.666481,Phloem parenchyma,0.698927
cotton_glandular_terpenoid_atlas:GSM7785432_Rep2:TGGAACTGTGATATAG-1,2731,Phloem parenchyma,0.354923,Phloem parenchyma,0.340229
cotton_glandular_terpenoid_atlas:GSM7785432_Rep2:TGTGGCGTCTGGGAGA-1,2732,Phloem parenchyma,0.610070,Phloem parenchyma,0.554928
cotton_glandular_terpenoid_atlas:GSM7785432_Rep2:TTACGTTTCCTTCGAC-1,2733,Phloem parenchyma,0.745409,Phloem parenchyma,0.739983
cotton_glandular_terpenoid_atlas:GSM7785432_Rep2:TTCCGGTAGAAACACT-1,2734,Phloem parenchyma,0.500391,Phloem parenchyma,0.432607
cotton_glandular_terpenoid_atlas:GSM7785432_Rep2:TTCCGTGGTCGCGTTG-1,2735,Phloem parenchyma,0.762742,Phloem parenchyma,0.747821
cotton_glandular_terpenoid_atlas:GSM7785432_Rep2:TTCTCTCTCCGCAAAT-1,2736,Phloem parenchyma,0.412827,Phloem parenchyma,0.422369
cotton_glandular_terpenoid_atlas:GSM7785432_Rep2:TTCTTGAAGATTCGCT-1,2737,Phloem parenchyma,0.521182,Phloem parenchyma,0.616244
cotton_glandular_terpenoid_atlas:GSM7785432_Rep2:TTGCCTGAGAGCATCG-1,2738,Phloem parenchyma,0.421402,Phloem parenchyma,0.428082
cotton_glandular_terpenoid_atlas:GSM7785432_Rep2:TTTCGATTCCCAGGAC-1,2739,Phloem parenchyma,0.335946,Phloem parenchyma,0.316594
cotton_glandular_terpenoid_atlas:GSM7785432_Rep2:TTTGGAGCACCCGTAG-1,2740,Phloem parenchyma,0.560008,Phloem parenchyma,0.509926
cotton_glandular_terpenoid_atlas:GSM7785432_Rep2:TTTGTTGAGTATGACA-1,2741,Phloem parenchyma,0.511994,Phloem parenchyma,0.575281
cotton_glandular_terpenoid_atlas:GSM7785433_Rep3:AACAACCCAGTAGTTC-1,2742,Phloem parenchyma,0.375458,Phloem parenchyma,0.373722
cotton_glandular_terpenoid_atlas:GSM7785433_Rep3:AACGAAAGTGCTAGCC-1,2743,Phloem parenchyma,0.478583,Phloem parenchyma,0.435409
cotton_glandular_terpenoid_atlas:GSM7785433_Rep3:AAGTACCGTGAGGAAA-1,2744,Phloem parenchyma,0.754253,Phloem parenchyma,0.750195
cotton_glandular_terpenoid_atlas:GSM7785433_Rep3:AATTCCTCACCATTCC-1,2745,unannotated_root,0.247611,endodermis,0.235524
cotton_glandular_terpenoid_atlas:GSM7785433_Rep3:ACAGGGAGTGGCTGCT-1,2746,Phloem parenchyma,0.501448,Phloem parenchyma,0.469545
cotton_glandular_terpenoid_atlas:GSM7785433_Rep3:ACCAACAGTTGCGAAG-1,2747,Phloem parenchyma,0.385487,Phloem parenchyma,0.399218
cotton_glandular_terpenoid_atlas:GSM7785433_Rep3:ACCTGTCAGTGAATAC-1,2748,Phloem parenchyma,0.508441,Phloem parenchyma,0.456690
cotton_glandular_terpenoid_atlas:GSM7785433_Rep3:AGAACAAGTGTAAATG-1,2749,unannotated_root,0.397464,unannotated_root,0.371351
cotton_glandular_terpenoid_atlas:GSM7785433_Rep3:AGACAGGCACCTCAGG-1,2750,Phloem parenchyma,0.376822,Phloem parenchyma,0.395358
cotton_glandular_terpenoid_atlas:GSM7785433_Rep3:AGATGAACATACCACA-1,2751,Phloem parenchyma,0.633050,Phloem parenchyma,0.698618
cotton_glandular_terpenoid_atlas:GSM7785433_Rep3:AGCGCTGAGACGGATC-1,2752,Phloem parenchyma,0.364382,Phloem parenchyma,0.381529
cotton_glandular_terpenoid_atlas:GSM7785433_Rep3:AGGGAGTTCCTAGCGG-1,2753,Phloem parenchyma,0.562877,Phloem parenchyma,0.526099
cotton_glandular_terpenoid_atlas:GSM7785433_Rep3:AGGGTTTCACCAGCGT-1,2754,Phloem parenchyma,0.766030,Phloem parenchyma,0.755749
cotton_glandular_terpenoid_atlas:GSM7785433_Rep3:AGGGTTTGTTGTGTTG-1,2755,Phloem parenchyma,0.544224,Phloem parenchyma,0.496850
cotton_glandular_terpenoid_atlas:GSM7785433_Rep3:AGTGACTGTAGCGATG-1,2756,Phloem parenchyma,0.353142,Phloem parenchyma,0.379317
cotton_glandular_terpenoid_atlas:GSM7785433_Rep3:ATACCGACAGGTCCGT-1,2757,Phloem parenchyma,0.543881,Phloem parenchyma,0.513583
cotton_glandular_terpenoid_atlas:GSM7785433_Rep3:ATGCATGAGCGAACTG-1,2758,unannotated_root,0.300339,unannotated_root,0.303922
cotton_glandular_terpenoid_atlas:GSM7785433_Rep3:ATTACCTAGTCTGCAT-1,2759,Phloem parenchyma,0.366662,Phloem parenchyma,0.280211
cotton_glandular_terpenoid_atlas:GSM7785433_Rep3:ATTCACTCACGACTAT-1,2760,Phloem parenchyma,0.448258,Phloem parenchyma,0.370174
cotton_glandular_terpenoid_atlas:GSM7785433_Rep3:ATTCCATCACGGAAGT-1,2761,Phloem parenchyma,0.477993,Phloem parenchyma,0.436546
cotton_glandular_terpenoid_atlas:GSM7785433_Rep3:ATTTCACGTATGTGTC-1,2762,Phloem parenchyma,0.736126,Phloem parenchyma,0.730001
cotton_glandular_terpenoid_atlas:GSM7785433_Rep3:CACGTGGAGTTGCGCC-1,2763,Phloem parenchyma,0.676284,Phloem parenchyma,0.660149
cotton_glandular_terpenoid_atlas:GSM7785433_Rep3:CACGTTCCACACACGC-1,2764,Phloem parenchyma,0.608423,Phloem parenchyma,0.554636
cotton_glandular_terpenoid_atlas:GSM7785433_Rep3:CAGAGCCGTTGCTCGG-1,2765,Leaf epidermis,0.322927,Leaf epidermis,0.350949
cotton_glandular_terpenoid_atlas:GSM7785433_Rep3:CATCGGGCAATTCACG-1,2766,Phloem parenchyma,0.384011,Phloem parenchyma,0.407233
cotton_glandular_terpenoid_atlas:GSM7785433_Rep3:CCAATTTTCACGGAGA-1,2767,Phloem parenchyma,0.356628,Leaf epidermis,0.290168
cotton_glandular_terpenoid_atlas:GSM7785433_Rep3:CCACAAATCGACGCTG-1,2768,Phloem parenchyma,0.686579,Phloem parenchyma,0.716528
cotton_glandular_terpenoid_atlas:GSM7785433_Rep3:CCCTCAAGTACGATCT-1,2769,Phloem parenchyma,0.600177,Phloem parenchyma,0.651159
cotton_glandular_terpenoid_atlas:GSM7785433_Rep3:CCTAAGAAGACGGTTG-1,2770,Phloem parenchyma,0.465157,Phloem parenchyma,0.419207
cotton_glandular_terpenoid_atlas:GSM7785433_Rep3:CCTCATGAGCTTGTGT-1,2771,Phloem parenchyma,0.520159,Phloem parenchyma,0.572764
cotton_glandular_terpenoid_atlas:GSM7785433_Rep3:CGATGGCTCGCGGTAC-1,2772,unannotated_root,0.283160,unannotated_root,0.268472
cotton_glandular_terpenoid_atlas:GSM7785433_Rep3:CGGGTCATCTATACTC-1,2773,endodermis,0.286206,endodermis,0.229674
cotton_glandular_terpenoid_atlas:GSM7785433_Rep3:CTATCCGGTGACGCCT-1,2774,Phloem parenchyma,0.759360,Phloem parenchyma,0.736131
cotton_glandular_terpenoid_atlas:GSM7785433_Rep3:CTGCGAGAGAGATGCC-1,2775,Phloem parenchyma,0.496378,Phloem parenchyma,0.449937
cotton_glandular_terpenoid_atlas:GSM7785433_Rep3:GAAACCTTCCCAGGCA-1,2776,endodermis,0.306239,Phloem parenchyma,0.295628
cotton_glandular_terpenoid_atlas:GSM7785433_Rep3:GAAATGAGTAGGTACG-1,2777,Phloem parenchyma,0.565224,Phloem parenchyma,0.650361
cotton_glandular_terpenoid_atlas:GSM7785433_Rep3:GAACTGTCAAGTTCGT-1,2778,endodermis,0.243638,endodermis,0.247434
cotton_glandular_terpenoid_atlas:GSM7785433_Rep3:GACCCTTAGGCCTAGA-1,2779,Phloem parenchyma,0.470275,Phloem parenchyma,0.399500
cotton_glandular_terpenoid_atlas:GSM7785433_Rep3:GATCCCTTCTTAATCC-1,2780,Phloem parenchyma,0.338542,Phloem parenchyma,0.375417
cotton_glandular_terpenoid_atlas:GSM7785433_Rep3:GCATGATAGGTAGACC-1,2781,Phloem parenchyma,0.618764,Phloem parenchyma,0.656728
cotton_glandular_terpenoid_atlas:GSM7785433_Rep3:GCATGATTCCTAGCTC-1,2782,Phloem parenchyma,0.496169,Phloem parenchyma,0.478752
cotton_glandular_terpenoid_atlas:GSM7785433_Rep3:GCCATGGAGGTAAACT-1,2783,Phloem parenchyma,0.499587,Phloem parenchyma,0.437388
cotton_glandular_terpenoid_atlas:GSM7785433_Rep3:GCCCGAACAGACTCTA-1,2784,Phloem parenchyma,0.712876,Phloem parenchyma,0.712595
cotton_glandular_terpenoid_atlas:GSM7785433_Rep3:GCTCAAATCAACGAGG-1,2785,Phloem parenchyma,0.633038,Phloem parenchyma,0.598512
cotton_glandular_terpenoid_atlas:GSM7785433_Rep3:GCTGAATGTCTCTCTG-1,2786,Phloem parenchyma,0.486040,Phloem parenchyma,0.486818
cotton_glandular_terpenoid_atlas:GSM7785433_Rep3:GGCGTCATCCGGACTG-1,2787,Phloem parenchyma,0.687290,Phloem parenchyma,0.688586
cotton_glandular_terpenoid_atlas:GSM7785433_Rep3:GGCTGTGGTGACAGGT-1,2788,Phloem parenchyma,0.308464,Phloem parenchyma,0.322773
cotton_glandular_terpenoid_atlas:GSM7785433_Rep3:GGCTTTCTCTACGGGC-1,2789,Phloem parenchyma,0.764423,Phloem parenchyma,0.743344
cotton_glandular_terpenoid_atlas:GSM7785433_Rep3:GGGTATTTCAGCCTCT-1,2790,Phloem parenchyma,0.784552,Phloem parenchyma,0.798879
cotton_glandular_terpenoid_atlas:GSM7785433_Rep3:GGTGGCTGTGAATTGA-1,2791,Phloem parenchyma,0.506582,Phloem parenchyma,0.469188
cotton_glandular_terpenoid_atlas:GSM7785433_Rep3:GTAACCAAGGGTGAGG-1,2792,Phloem parenchyma,0.752941,Phloem parenchyma,0.763077
cotton_glandular_terpenoid_atlas:GSM7785433_Rep3:GTACAGTGTTCTTGCC-1,2793,Phloem parenchyma,0.298014,Phloem parenchyma,0.317193
cotton_glandular_terpenoid_atlas:GSM7785433_Rep3:GTCGCGATCCCGTTCA-1,2794,Phloem parenchyma,0.370773,Phloem parenchyma,0.386010
cotton_glandular_terpenoid_atlas:GSM7785433_Rep3:GTGATGTTCGCAGAGA-1,2795,Phloem parenchyma,0.309897,Phloem parenchyma,0.294716
cotton_glandular_terpenoid_atlas:GSM7785433_Rep3:GTGCGTGTCGACGCTG-1,2796,endodermis,0.333395,Mesophyll,0.301342
cotton_glandular_terpenoid_atlas:GSM7785433_Rep3:GTGTCCTTCGAGAGAC-1,2797,Phloem parenchyma,0.320237,Phloem parenchyma,0.325965
cotton_glandular_terpenoid_atlas:GSM7785433_Rep3:GTTGAACGTGGTAACG-1,2798,Phloem parenchyma,0.489640,Phloem parenchyma,0.428465
cotton_glandular_terpenoid_atlas:GSM7785433_Rep3:TAAGCACAGACAAGCC-1,2799,Phloem parenchyma,0.596738,Phloem parenchyma,0.641127
cotton_glandular_terpenoid_atlas:GSM7785433_Rep3:TAAGCCACATCGTGCG-1,2800,Phloem parenchyma,0.448650,Phloem parenchyma,0.408426
cotton_glandular_terpenoid_atlas:GSM7785433_Rep3:TACACCCAGGATACAT-1,2801,Phloem parenchyma,0.540647,Phloem parenchyma,0.458111
cotton_glandular_terpenoid_atlas:GSM7785433_Rep3:TACATTCAGAAGCCTG-1,2802,endodermis,0.276859,Mesophyll,0.337171
cotton_glandular_terpenoid_atlas:GSM7785433_Rep3:TACTGCCGTTTCTATC-1,2803,Phloem parenchyma,0.713856,Phloem parenchyma,0.709100
cotton_glandular_terpenoid_atlas:GSM7785433_Rep3:TAGACTGCATGTGGTT-1,2804,Phloem parenchyma,0.391611,Phloem parenchyma,0.391079
cotton_glandular_terpenoid_atlas:GSM7785433_Rep3:TAGATCGAGAACGTGC-1,2805,Phloem parenchyma,0.525132,Phloem parenchyma,0.579126
cotton_glandular_terpenoid_atlas:GSM7785433_Rep3:TCAGTGATCGAAGGAC-1,2806,Phloem parenchyma,0.420774,Phloem parenchyma,0.442909
cotton_glandular_terpenoid_atlas:GSM7785433_Rep3:TCATCATTCCAGCCTT-1,2807,Phloem parenchyma,0.779589,Phloem parenchyma,0.745213
cotton_glandular_terpenoid_atlas:GSM7785433_Rep3:TCGCAGGAGTTGCCTA-1,2808,Phloem parenchyma,0.531781,Phloem parenchyma,0.488282
cotton_glandular_terpenoid_atlas:GSM7785433_Rep3:TGAGTCAGTTCGTGCG-1,2809,Phloem parenchyma,0.290903,Phloem parenchyma,0.314957
cotton_glandular_terpenoid_atlas:GSM7785433_Rep3:TTACGCCGTTGACTAC-1,2810,Phloem parenchyma,0.539964,Phloem parenchyma,0.480061
cotton_glandular_terpenoid_atlas:GSM7785433_Rep3:TTAGTCTGTACCACGC-1,2811,Phloem parenchyma,0.779255,Phloem parenchyma,0.762563
cotton_glandular_terpenoid_atlas:GSM7785433_Rep3:TTCCGTGAGGTCGTGA-1,2812,Phloem parenchyma,0.601910,Phloem parenchyma,0.662971
cotton_glandular_terpenoid_atlas:GSM7785433_Rep3:TTCGCTGTCACTACGA-1,2813,Phloem parenchyma,0.642678,Phloem parenchyma,0.684651
cotton_glandular_terpenoid_atlas:GSM7785433_Rep3:TTGTGGATCAAGCCTA-1,2814,Phloem parenchyma,0.684641,Phloem parenchyma,0.699742
cotton_glandular_terpenoid_atlas:GSM7785433_Rep3:TTGTTGTTCTGGCCAG-1,2815,Phloem parenchyma,0.431220,Phloem parenchyma,0.378490
arabidopsis_secondary_root_dev_atlas:GSM8335426_JWE03_filtered_feature_bc_matrix:AAACGCTCAGCTACCG-1,2816,unannotated_root,0.972321,unannotated_root,0.972559
arabidopsis_secondary_root_dev_atlas:GSM8335426_JWE03_filtered_feature_bc_matrix:AAAGGGCAGCAGGCAT-1,2817,unannotated_root,0.976920,unannotated_root,0.976252
arabidopsis_secondary_root_dev_atlas:GSM8335426_JWE03_filtered_feature_bc_matrix:AACAAGACATTCCTAT-1,2818,unannotated_root,0.970465,unannotated_root,0.972041
arabidopsis_secondary_root_dev_atlas:GSM8335426_JWE03_filtered_feature_bc_matrix:AACGTCACATTCAGCA-1,2819,unannotated_root,0.971347,unannotated_root,0.968437
arabidopsis_secondary_root_dev_atlas:GSM8335426_JWE03_filtered_feature_bc_matrix:AAGATAGAGATGCGAC-1,2820,unannotated_root,0.966904,unannotated_root,0.968160
arabidopsis_secondary_root_dev_atlas:GSM8335426_JWE03_filtered_feature_bc_matrix:AAGTACCCACAACGCC-1,2821,unannotated_root,0.976622,unannotated_root,0.971798
arabidopsis_secondary_root_dev_atlas:GSM8335426_JWE03_filtered_feature_bc_matrix:AATCACGGTGTTCGAT-1,2822,unannotated_root,0.977157,unannotated_root,0.973818
arabidopsis_secondary_root_dev_atlas:GSM8335426_JWE03_filtered_feature_bc_matrix:AATCGACCAACTCATG-1,2823,unannotated_root,0.972387,unannotated_root,0.971725
arabidopsis_secondary_root_dev_atlas:GSM8335426_JWE03_filtered_feature_bc_matrix:AATGAAGGTATCAAGA-1,2824,unannotated_root,0.977679,unannotated_root,0.974762
arabidopsis_secondary_root_dev_atlas:GSM8335426_JWE03_filtered_feature_bc_matrix:AATGGCTTCTCTCTAA-1,2825,unannotated_root,0.978342,unannotated_root,0.974830
arabidopsis_secondary_root_dev_atlas:GSM8335426_JWE03_filtered_feature_bc_matrix:ACACAGTTCCTGGTCT-1,2826,unannotated_root,0.974340,unannotated_root,0.970269
arabidopsis_secondary_root_dev_atlas:GSM8335426_JWE03_filtered_feature_bc_matrix:ACACTGAAGACCGTTT-1,2827,unannotated_root,0.977320,unannotated_root,0.976244
arabidopsis_secondary_root_dev_atlas:GSM8335426_JWE03_filtered_feature_bc_matrix:ACAGCCGCAGTAGTGG-1,2828,unannotated_root,0.977930,unannotated_root,0.974023
arabidopsis_secondary_root_dev_atlas:GSM8335426_JWE03_filtered_feature_bc_matrix:ACAGCCGTCATTCACT-1,2829,unannotated_root,0.969082,unannotated_root,0.969040
arabidopsis_secondary_root_dev_atlas:GSM8335426_JWE03_filtered_feature_bc_matrix:ACAGGGAGTATCGATC-1,2830,unannotated_root,0.969498,unannotated_root,0.969743
arabidopsis_secondary_root_dev_atlas:GSM8335426_JWE03_filtered_feature_bc_matrix:ACATCGACACGGCGTT-1,2831,unannotated_root,0.973013,unannotated_root,0.970553
arabidopsis_secondary_root_dev_atlas:GSM8335426_JWE03_filtered_feature_bc_matrix:ACATGCATCCACGTCT-1,2832,unannotated_root,0.967124,unannotated_root,0.966971
arabidopsis_secondary_root_dev_atlas:GSM8335426_JWE03_filtered_feature_bc_matrix:ACCAACAAGGGTAGCT-1,2833,unannotated_root,0.977936,unannotated_root,0.975722
arabidopsis_secondary_root_dev_atlas:GSM8335426_JWE03_filtered_feature_bc_matrix:ACCACAACAGAGTTCT-1,2834,unannotated_root,0.970362,unannotated_root,0.967778
arabidopsis_secondary_root_dev_atlas:GSM8335426_JWE03_filtered_feature_bc_matrix:ACCATTTCAATACAGA-1,2835,unannotated_root,0.978782,unannotated_root,0.973477
arabidopsis_secondary_root_dev_atlas:GSM8335426_JWE03_filtered_feature_bc_matrix:ACCATTTTCAGTCTTT-1,2836,unannotated_root,0.974874,unannotated_root,0.966561
arabidopsis_secondary_root_dev_atlas:GSM8335426_JWE03_filtered_feature_bc_matrix:ACGATGTAGTATGATG-1,2837,unannotated_root,0.970488,unannotated_root,0.970149
arabidopsis_secondary_root_dev_atlas:GSM8335426_JWE03_filtered_feature_bc_matrix:ACGTAGTAGCAGCCCT-1,2838,unannotated_root,0.978318,unannotated_root,0.973718
arabidopsis_secondary_root_dev_atlas:GSM8335426_JWE03_filtered_feature_bc_matrix:ACGTCCTTCTGGCTGG-1,2839,unannotated_root,0.977395,unannotated_root,0.976111
arabidopsis_secondary_root_dev_atlas:GSM8335426_JWE03_filtered_feature_bc_matrix:ACGTTCCAGGCAGGGA-1,2840,unannotated_root,0.978121,unannotated_root,0.975603
arabidopsis_secondary_root_dev_atlas:GSM8335426_JWE03_filtered_feature_bc_matrix:ACTTAGGAGGCTAGCA-1,2841,unannotated_root,0.972112,unannotated_root,0.967327
arabidopsis_secondary_root_dev_atlas:GSM8335426_JWE03_filtered_feature_bc_matrix:ACTTTGTAGCCTCAAT-1,2842,unannotated_root,0.973318,unannotated_root,0.973667
arabidopsis_secondary_root_dev_atlas:GSM8335426_JWE03_filtered_feature_bc_matrix:AGAAGCGTCGGCATAT-1,2843,unannotated_root,0.977992,unannotated_root,0.975132
arabidopsis_secondary_root_dev_atlas:GSM8335426_JWE03_filtered_feature_bc_matrix:AGACAGGGTTCATCTT-1,2844,unannotated_root,0.977167,unannotated_root,0.975578
arabidopsis_secondary_root_dev_atlas:GSM8335426_JWE03_filtered_feature_bc_matrix:AGACCATAGAGCAAGA-1,2845,unannotated_root,0.978866,unannotated_root,0.975378
arabidopsis_secondary_root_dev_atlas:GSM8335426_JWE03_filtered_feature_bc_matrix:AGAGAATAGATTGTGA-1,2846,unannotated_root,0.977006,unannotated_root,0.976053
arabidopsis_secondary_root_dev_atlas:GSM8335426_JWE03_filtered_feature_bc_matrix:AGATAGACACCGAATT-1,2847,unannotated_root,0.976123,unannotated_root,0.974914
arabidopsis_secondary_root_dev_atlas:GSM8335426_JWE03_filtered_feature_bc_matrix:AGATCGTAGTAGACCG-1,2848,unannotated_root,0.978357,unannotated_root,0.974463
arabidopsis_secondary_root_dev_atlas:GSM8335426_JWE03_filtered_feature_bc_matrix:AGCATCAGTGCTATTG-1,2849,unannotated_root,0.977204,unannotated_root,0.974473
arabidopsis_secondary_root_dev_atlas:GSM8335426_JWE03_filtered_feature_bc_matrix:AGCCACGTCCCAGGCA-1,2850,unannotated_root,0.973234,unannotated_root,0.973597
arabidopsis_secondary_root_dev_atlas:GSM8335426_JWE03_filtered_feature_bc_matrix:AGCGATTAGGAATTAC-1,2851,unannotated_root,0.978884,unannotated_root,0.974311
arabidopsis_secondary_root_dev_atlas:GSM8335426_JWE03_filtered_feature_bc_matrix:AGCGCCACAGAAGCTG-1,2852,unannotated_root,0.975511,unannotated_root,0.974872
arabidopsis_secondary_root_dev_atlas:GSM8335426_JWE03_filtered_feature_bc_matrix:AGCGTCGCAGCTTCCT-1,2853,unannotated_root,0.978116,unannotated_root,0.975895
arabidopsis_secondary_root_dev_atlas:GSM8335426_JWE03_filtered_feature_bc_matrix:AGCTTCCGTCACTCTC-1,2854,unannotated_root,0.977401,unannotated_root,0.974535
arabidopsis_secondary_root_dev_atlas:GSM8335426_JWE03_filtered_feature_bc_matrix:AGGGCCTGTCGCTTGG-1,2855,unannotated_root,0.975105,unannotated_root,0.975262
arabidopsis_secondary_root_dev_atlas:GSM8335426_JWE03_filtered_feature_bc_matrix:AGGGTGAAGATAACAC-1,2856,unannotated_root,0.974076,unannotated_root,0.972779
arabidopsis_secondary_root_dev_atlas:GSM8335426_JWE03_filtered_feature_bc_matrix:AGGGTGAGTCGCACGT-1,2857,unannotated_root,0.976210,unannotated_root,0.976188
arabidopsis_secondary_root_dev_atlas:GSM8335426_JWE03_filtered_feature_bc_matrix:AGGGTTTTCTCGCAGG-1,2858,unannotated_root,0.971219,unannotated_root,0.971790
arabidopsis_secondary_root_dev_atlas:GSM8335426_JWE03_filtered_feature_bc_matrix:AGGTCTAAGTAGCATA-1,2859,unannotated_root,0.977318,unannotated_root,0.974117
arabidopsis_secondary_root_dev_atlas:GSM8335426_JWE03_filtered_feature_bc_matrix:AGGTGTTAGCCAACCC-1,2860,unannotated_root,0.976060,unannotated_root,0.974490
arabidopsis_secondary_root_dev_atlas:GSM8335426_JWE03_filtered_feature_bc_matrix:AGGTTGTGTCGTTGGC-1,2861,unannotated_root,0.971757,unannotated_root,0.970862
arabidopsis_secondary_root_dev_atlas:GSM8335426_JWE03_filtered_feature_bc_matrix:AGTTCCCAGCCTTTGA-1,2862,unannotated_root,0.974200,unannotated_root,0.968903
arabidopsis_secondary_root_dev_atlas:GSM8335426_JWE03_filtered_feature_bc_matrix:AGTTCCCCAAAGGGTC-1,2863,unannotated_root,0.977889,unannotated_root,0.973878
arabidopsis_secondary_root_dev_atlas:GSM8335426_JWE03_filtered_feature_bc_matrix:ATACCGACAGCCTATA-1,2864,unannotated_root,0.978053,unannotated_root,0.976276
arabidopsis_secondary_root_dev_atlas:GSM8335426_JWE03_filtered_feature_bc_matrix:ATACCTTAGACTCATC-1,2865,unannotated_root,0.977063,unannotated_root,0.975611
arabidopsis_secondary_root_dev_atlas:GSM8335426_JWE03_filtered_feature_bc_matrix:ATATCCTTCAATCTTC-1,2866,unannotated_root,0.969885,unannotated_root,0.971265
arabidopsis_secondary_root_dev_atlas:GSM8335426_JWE03_filtered_feature_bc_matrix:ATCACAGAGCCAGACA-1,2867,unannotated_root,0.976481,unannotated_root,0.974869
arabidopsis_secondary_root_dev_atlas:GSM8335426_JWE03_filtered_feature_bc_matrix:ATCCGTCAGACTTAAG-1,2868,unannotated_root,0.974212,unannotated_root,0.973152
arabidopsis_secondary_root_dev_atlas:GSM8335426_JWE03_filtered_feature_bc_matrix:ATGAAAGAGCAGCGAT-1,2869,unannotated_root,0.976994,unannotated_root,0.973987
arabidopsis_secondary_root_dev_atlas:GSM8335426_JWE03_filtered_feature_bc_matrix:ATGAAAGGTGCGACAA-1,2870,unannotated_root,0.979898,unannotated_root,0.975518
arabidopsis_secondary_root_dev_atlas:GSM8335426_JWE03_filtered_feature_bc_matrix:ATGAGGGCAAGTATCC-1,2871,unannotated_root,0.977899,unannotated_root,0.975779
arabidopsis_secondary_root_dev_atlas:GSM8335426_JWE03_filtered_feature_bc_matrix:ATGATCGGTGATATAG-1,2872,unannotated_root,0.976701,unannotated_root,0.970183
arabidopsis_secondary_root_dev_atlas:GSM8335426_JWE03_filtered_feature_bc_matrix:ATTATCCCAGACCTGC-1,2873,unannotated_root,0.976307,unannotated_root,0.975290
arabidopsis_secondary_root_dev_atlas:GSM8335426_JWE03_filtered_feature_bc_matrix:ATTGGGTTCTCAACGA-1,2874,unannotated_root,0.973004,unannotated_root,0.972019
arabidopsis_secondary_root_dev_atlas:GSM8335426_JWE03_filtered_feature_bc_matrix:CAACAACCATCTATCT-1,2875,unannotated_root,0.976808,unannotated_root,0.973449
arabidopsis_secondary_root_dev_atlas:GSM8335426_JWE03_filtered_feature_bc_matrix:CACAACACAATGACCT-1,2876,unannotated_root,0.977453,unannotated_root,0.975142
arabidopsis_secondary_root_dev_atlas:GSM8335426_JWE03_filtered_feature_bc_matrix:CACACAACATGGAGAC-1,2877,unannotated_root,0.976154,unannotated_root,0.972811
arabidopsis_secondary_root_dev_atlas:GSM8335426_JWE03_filtered_feature_bc_matrix:CACCAAAAGCCTATTG-1,2878,unannotated_root,0.974861,unannotated_root,0.970758
arabidopsis_secondary_root_dev_atlas:GSM8335426_JWE03_filtered_feature_bc_matrix:CACGTGGGTTGGTAGG-1,2879,unannotated_root,0.977486,unannotated_root,0.974807
arabidopsis_secondary_root_dev_atlas:GSM8335426_JWE03_filtered_feature_bc_matrix:CAGAGCCCAACAACAA-1,2880,unannotated_root,0.967319,unannotated_root,0.965458
arabidopsis_secondary_root_dev_atlas:GSM8335426_JWE03_filtered_feature_bc_matrix:CAGCAGCGTAGTCGTT-1,2881,unannotated_root,0.976737,unannotated_root,0.973693
arabidopsis_secondary_root_dev_atlas:GSM8335426_JWE03_filtered_feature_bc_matrix:CAGCGTGCAACACGTT-1,2882,unannotated_root,0.978764,unannotated_root,0.975346
arabidopsis_secondary_root_dev_atlas:GSM8335426_JWE03_filtered_feature_bc_matrix:CAGGGCTGTTCCAAAC-1,2883,unannotated_root,0.976653,unannotated_root,0.975174
arabidopsis_secondary_root_dev_atlas:GSM8335426_JWE03_filtered_feature_bc_matrix:CAGGTATTCCCATAAG-1,2884,unannotated_root,0.978790,unannotated_root,0.975485
arabidopsis_secondary_root_dev_atlas:GSM8335426_JWE03_filtered_feature_bc_matrix:CAGTTCCCACGTAGTT-1,2885,unannotated_root,0.976687,unannotated_root,0.975255
arabidopsis_secondary_root_dev_atlas:GSM8335426_JWE03_filtered_feature_bc_matrix:CAGTTCCGTCTTACAG-1,2886,unannotated_root,0.978293,unannotated_root,0.975625
arabidopsis_secondary_root_dev_atlas:GSM8335426_JWE03_filtered_feature_bc_matrix:CATGCGGTCATGGAGG-1,2887,unannotated_root,0.975228,unannotated_root,0.975357
arabidopsis_secondary_root_dev_atlas:GSM8335426_JWE03_filtered_feature_bc_matrix:CATGCTCTCTCCACTG-1,2888,unannotated_root,0.977425,unannotated_root,0.975306
arabidopsis_secondary_root_dev_atlas:GSM8335426_JWE03_filtered_feature_bc_matrix:CATGGTATCGTGGCGT-1,2889,unannotated_root,0.974841,unannotated_root,0.973125
arabidopsis_secondary_root_dev_atlas:GSM8335426_JWE03_filtered_feature_bc_matrix:CATTCTAGTTTCTATC-1,2890,unannotated_root,0.977812,unannotated_root,0.974329
arabidopsis_secondary_root_dev_atlas:GSM8335426_JWE03_filtered_feature_bc_matrix:CATTGCCAGCTTACGT-1,2891,unannotated_root,0.968104,unannotated_root,0.969637
arabidopsis_secondary_root_dev_atlas:GSM8335426_JWE03_filtered_feature_bc_matrix:CATTGCCCAATACGCT-1,2892,unannotated_root,0.974405,unannotated_root,0.975163
arabidopsis_secondary_root_dev_atlas:GSM8335426_JWE03_filtered_feature_bc_matrix:CATTTCAAGCAACTCT-1,2893,unannotated_root,0.970569,unannotated_root,0.968556
arabidopsis_secondary_root_dev_atlas:GSM8335426_JWE03_filtered_feature_bc_matrix:CCACACTTCGCGTTTC-1,2894,unannotated_root,0.979455,unannotated_root,0.975810
arabidopsis_secondary_root_dev_atlas:GSM8335426_JWE03_filtered_feature_bc_matrix:CCACGAGAGCGTGTTT-1,2895,unannotated_root,0.969738,unannotated_root,0.966457
arabidopsis_secondary_root_dev_atlas:GSM8335426_JWE03_filtered_feature_bc_matrix:CCCGAAGGTGCCTAAT-1,2896,unannotated_root,0.975773,unannotated_root,0.975000
arabidopsis_secondary_root_dev_atlas:GSM8335426_JWE03_filtered_feature_bc_matrix:CCCGAAGTCCGGGACT-1,2897,unannotated_root,0.977260,unannotated_root,0.974479
arabidopsis_secondary_root_dev_atlas:GSM8335426_JWE03_filtered_feature_bc_matrix:CCCTCAAGTCGTTGGC-1,2898,unannotated_root,0.978447,unannotated_root,0.976247
arabidopsis_secondary_root_dev_atlas:GSM8335426_JWE03_filtered_feature_bc_matrix:CCGATGGGTGATAGAT-1,2899,unannotated_root,0.974284,unannotated_root,0.971745
arabidopsis_secondary_root_dev_atlas:GSM8335426_JWE03_filtered_feature_bc_matrix:CCGTAGGCATATCGGT-1,2900,unannotated_root,0.972454,unannotated_root,0.973561
arabidopsis_secondary_root_dev_atlas:GSM8335426_JWE03_filtered_feature_bc_matrix:CCGTGAGTCTGAATCG-1,2901,unannotated_root,0.969574,unannotated_root,0.971372
arabidopsis_secondary_root_dev_atlas:GSM8335426_JWE03_filtered_feature_bc_matrix:CCTAACCTCAACCTCC-1,2902,unannotated_root,0.972012,unannotated_root,0.969158
arabidopsis_secondary_root_dev_atlas:GSM8335426_JWE03_filtered_feature_bc_matrix:CCTACGTCACATGGTT-1,2903,unannotated_root,0.979229,unannotated_root,0.973904
arabidopsis_secondary_root_dev_atlas:GSM8335426_JWE03_filtered_feature_bc_matrix:CCTCAACCACAACGCC-1,2904,unannotated_root,0.975220,unannotated_root,0.975030
arabidopsis_secondary_root_dev_atlas:GSM8335426_JWE03_filtered_feature_bc_matrix:CCTCACAAGAGGCGTT-1,2905,unannotated_root,0.977235,unannotated_root,0.975821
arabidopsis_secondary_root_dev_atlas:GSM8335426_JWE03_filtered_feature_bc_matrix:CGAAGGAGTTGACTGT-1,2906,unannotated_root,0.974543,unannotated_root,0.973317
arabidopsis_secondary_root_dev_atlas:GSM8335426_JWE03_filtered_feature_bc_matrix:CGAAGGATCCCGAGGT-1,2907,unannotated_root,0.976545,unannotated_root,0.975489
arabidopsis_secondary_root_dev_atlas:GSM8335426_JWE03_filtered_feature_bc_matrix:CGAAGTTAGCAGGTCA-1,2908,unannotated_root,0.977183,unannotated_root,0.973989
arabidopsis_secondary_root_dev_atlas:GSM8335426_JWE03_filtered_feature_bc_matrix:CGACAGCCATGTTCGA-1,2909,unannotated_root,0.979077,unannotated_root,0.976274
arabidopsis_secondary_root_dev_atlas:GSM8335426_JWE03_filtered_feature_bc_matrix:CGAGAAGAGCAGCACA-1,2910,unannotated_root,0.977893,unannotated_root,0.975528
arabidopsis_secondary_root_dev_atlas:GSM8335426_JWE03_filtered_feature_bc_matrix:CGCAGGTTCTGCTGAA-1,2911,unannotated_root,0.977665,unannotated_root,0.974679
arabidopsis_secondary_root_dev_atlas:GSM8335426_JWE03_filtered_feature_bc_matrix:CGCCATTCACATGACT-1,2912,unannotated_root,0.977612,unannotated_root,0.976464
arabidopsis_secondary_root_dev_atlas:GSM8335426_JWE03_filtered_feature_bc_matrix:CGGAATTAGATCGCTT-1,2913,unannotated_root,0.973600,unannotated_root,0.973672
arabidopsis_secondary_root_dev_atlas:GSM8335426_JWE03_filtered_feature_bc_matrix:CGGAGAATCCAACCAA-1,2914,unannotated_root,0.970398,unannotated_root,0.970932
arabidopsis_secondary_root_dev_atlas:GSM8335426_JWE03_filtered_feature_bc_matrix:CGTGAATAGGTGCTTT-1,2915,unannotated_root,0.974260,unannotated_root,0.973775
arabidopsis_secondary_root_dev_atlas:GSM8335426_JWE03_filtered_feature_bc_matrix:CGTTAGACATCGGAAG-1,2916,unannotated_root,0.977521,unannotated_root,0.975895
arabidopsis_secondary_root_dev_atlas:GSM8335426_JWE03_filtered_feature_bc_matrix:CTAACTTCACCTCTAC-1,2917,unannotated_root,0.979473,unannotated_root,0.975310
arabidopsis_secondary_root_dev_atlas:GSM8335426_JWE03_filtered_feature_bc_matrix:CTCAGGGCAGGACATG-1,2918,unannotated_root,0.978365,unannotated_root,0.975521
arabidopsis_secondary_root_dev_atlas:GSM8335426_JWE03_filtered_feature_bc_matrix:CTCATCGCACATAACC-1,2919,unannotated_root,0.973904,unannotated_root,0.973615
arabidopsis_secondary_root_dev_atlas:GSM8335426_JWE03_filtered_feature_bc_matrix:CTCATTACACTCTCGT-1,2920,unannotated_root,0.976684,unannotated_root,0.973706
arabidopsis_secondary_root_dev_atlas:GSM8335426_JWE03_filtered_feature_bc_matrix:CTCCAACTCAAGCCAT-1,2921,unannotated_root,0.970373,unannotated_root,0.968043
arabidopsis_secondary_root_dev_atlas:GSM8335426_JWE03_filtered_feature_bc_matrix:CTCCACATCAGGTGTT-1,2922,unannotated_root,0.974580,unannotated_root,0.974405
arabidopsis_secondary_root_dev_atlas:GSM8335426_JWE03_filtered_feature_bc_matrix:CTCCCAAGTCTGTCAA-1,2923,unannotated_root,0.968220,unannotated_root,0.970649
arabidopsis_secondary_root_dev_atlas:GSM8335426_JWE03_filtered_feature_bc_matrix:CTCCTTTGTGTTATCG-1,2924,unannotated_root,0.977806,unannotated_root,0.973770
arabidopsis_secondary_root_dev_atlas:GSM8335426_JWE03_filtered_feature_bc_matrix:CTGCAGGCACTCATAG-1,2925,unannotated_root,0.976179,unannotated_root,0.975418
arabidopsis_secondary_root_dev_atlas:GSM8335426_JWE03_filtered_feature_bc_matrix:CTGCCTACAGCAGACA-1,2926,unannotated_root,0.968264,unannotated_root,0.970802
arabidopsis_secondary_root_dev_atlas:GSM8335426_JWE03_filtered_feature_bc_matrix:CTGCGAGTCCTGTAAG-1,2927,unannotated_root,0.974789,unannotated_root,0.974051
arabidopsis_secondary_root_dev_atlas:GSM8335426_JWE03_filtered_feature_bc_matrix:CTGGTCTTCTTGCAAG-1,2928,unannotated_root,0.977424,unannotated_root,0.974622
arabidopsis_secondary_root_dev_atlas:GSM8335426_JWE03_filtered_feature_bc_matrix:CTGTGGGCATCCCGTT-1,2929,unannotated_root,0.976574,unannotated_root,0.974950
arabidopsis_secondary_root_dev_atlas:GSM8335426_JWE03_filtered_feature_bc_matrix:CTTAGGATCAGAGCAG-1,2930,unannotated_root,0.962708,unannotated_root,0.959713
arabidopsis_secondary_root_dev_atlas:GSM8335426_JWE03_filtered_feature_bc_matrix:CTTGAGAAGTTCATCG-1,2931,unannotated_root,0.975110,unannotated_root,0.973239
arabidopsis_secondary_root_dev_atlas:GSM8335426_JWE03_filtered_feature_bc_matrix:GAACTGTCAACAAAGT-1,2932,unannotated_root,0.976766,unannotated_root,0.974848
arabidopsis_secondary_root_dev_atlas:GSM8335426_JWE03_filtered_feature_bc_matrix:GAAGAATAGCGTGCCT-1,2933,unannotated_root,0.969092,unannotated_root,0.969182
arabidopsis_secondary_root_dev_atlas:GSM8335426_JWE03_filtered_feature_bc_matrix:GAAGAATCAACGTATC-1,2934,unannotated_root,0.975986,unannotated_root,0.968960
arabidopsis_secondary_root_dev_atlas:GSM8335426_JWE03_filtered_feature_bc_matrix:GAAGGGTGTGTTGACT-1,2935,unannotated_root,0.972467,unannotated_root,0.970515
arabidopsis_secondary_root_dev_atlas:GSM8335426_JWE03_filtered_feature_bc_matrix:GACCCTTTCGCAGTGC-1,2936,unannotated_root,0.975677,unannotated_root,0.974755
arabidopsis_secondary_root_dev_atlas:GSM8335426_JWE03_filtered_feature_bc_matrix:GACTCTCCAGTTGAAA-1,2937,unannotated_root,0.975673,unannotated_root,0.974355
arabidopsis_secondary_root_dev_atlas:GSM8335426_JWE03_filtered_feature_bc_matrix:GACTTCCAGGCATGCA-1,2938,unannotated_root,0.970301,unannotated_root,0.968069
arabidopsis_secondary_root_dev_atlas:GSM8335426_JWE03_filtered_feature_bc_matrix:GAGAGGTAGTGAGGCT-1,2939,unannotated_root,0.974079,unannotated_root,0.969821
arabidopsis_secondary_root_dev_atlas:GSM8335426_JWE03_filtered_feature_bc_matrix:GAGCTGCGTATCATGC-1,2940,unannotated_root,0.978351,unannotated_root,0.975479
arabidopsis_secondary_root_dev_atlas:GSM8335426_JWE03_filtered_feature_bc_matrix:GAGGGATCAAGGCAAC-1,2941,unannotated_root,0.975455,unannotated_root,0.971411
arabidopsis_secondary_root_dev_atlas:GSM8335426_JWE03_filtered_feature_bc_matrix:GAGGGTACAGACACCC-1,2942,unannotated_root,0.978546,unannotated_root,0.974746
arabidopsis_secondary_root_dev_atlas:GSM8335426_JWE03_filtered_feature_bc_matrix:GAGTGTTCAATGTTGC-1,2943,unannotated_root,0.978401,unannotated_root,0.975488
arabidopsis_secondary_root_dev_atlas:GSM8335426_JWE03_filtered_feature_bc_matrix:GAGTTTGTCCCTTCCC-1,2944,unannotated_root,0.974626,unannotated_root,0.971206
arabidopsis_secondary_root_dev_atlas:GSM8335426_JWE03_filtered_feature_bc_matrix:GATAGCTGTCCGGTCA-1,2945,unannotated_root,0.975989,unannotated_root,0.975157
arabidopsis_secondary_root_dev_atlas:GSM8335426_JWE03_filtered_feature_bc_matrix:GATCACAAGGGTGAAA-1,2946,unannotated_root,0.975634,unannotated_root,0.974765
arabidopsis_secondary_root_dev_atlas:GSM8335426_JWE03_filtered_feature_bc_matrix:GATCCCTCAAGAGCTG-1,2947,unannotated_root,0.975481,unannotated_root,0.971139
arabidopsis_secondary_root_dev_atlas:GSM8335426_JWE03_filtered_feature_bc_matrix:GATCGTATCTTACCAT-1,2948,unannotated_root,0.975590,unannotated_root,0.971187
arabidopsis_secondary_root_dev_atlas:GSM8335426_JWE03_filtered_feature_bc_matrix:GATTCGAGTGACGTCC-1,2949,unannotated_root,0.978012,unannotated_root,0.974468
arabidopsis_secondary_root_dev_atlas:GSM8335426_JWE03_filtered_feature_bc_matrix:GCACGGTCAAGCGAAC-1,2950,unannotated_root,0.972925,unannotated_root,0.972461
arabidopsis_secondary_root_dev_atlas:GSM8335426_JWE03_filtered_feature_bc_matrix:GCAGCTGCAGGTTCGC-1,2951,unannotated_root,0.977711,unannotated_root,0.975697
arabidopsis_secondary_root_dev_atlas:GSM8335426_JWE03_filtered_feature_bc_matrix:GCATGATAGTAGGATT-1,2952,unannotated_root,0.974361,unannotated_root,0.974053
arabidopsis_secondary_root_dev_atlas:GSM8335426_JWE03_filtered_feature_bc_matrix:GCCAACGAGGCGTTAG-1,2953,unannotated_root,0.978532,unannotated_root,0.976884
arabidopsis_secondary_root_dev_atlas:GSM8335426_JWE03_filtered_feature_bc_matrix:GCGTGCACACAACCGC-1,2954,unannotated_root,0.967492,unannotated_root,0.967377
arabidopsis_secondary_root_dev_atlas:GSM8335426_JWE03_filtered_feature_bc_matrix:GCGTTTCAGCGACCCT-1,2955,unannotated_root,0.975585,unannotated_root,0.974262
arabidopsis_secondary_root_dev_atlas:GSM8335426_JWE03_filtered_feature_bc_matrix:GCTACAAAGGTTGGTG-1,2956,unannotated_root,0.976132,unannotated_root,0.971944
arabidopsis_secondary_root_dev_atlas:GSM8335426_JWE03_filtered_feature_bc_matrix:GCTTTCGCATGCAGCC-1,2957,unannotated_root,0.970468,unannotated_root,0.969874
arabidopsis_secondary_root_dev_atlas:GSM8335426_JWE03_filtered_feature_bc_matrix:GGCACGTAGCTTCTAG-1,2958,unannotated_root,0.975151,unannotated_root,0.972796
arabidopsis_secondary_root_dev_atlas:GSM8335426_JWE03_filtered_feature_bc_matrix:GGCTTTCTCGCATGAT-1,2959,unannotated_root,0.968055,unannotated_root,0.970693
arabidopsis_secondary_root_dev_atlas:GSM8335426_JWE03_filtered_feature_bc_matrix:GGGACCTTCTCCACTG-1,2960,unannotated_root,0.971528,unannotated_root,0.967978
arabidopsis_secondary_root_dev_atlas:GSM8335426_JWE03_filtered_feature_bc_matrix:GGGATGACAAATCAGA-1,2961,unannotated_root,0.977418,unannotated_root,0.973319
arabidopsis_secondary_root_dev_atlas:GSM8335426_JWE03_filtered_feature_bc_matrix:GGGCTCAGTCGAGTTT-1,2962,unannotated_root,0.970243,unannotated_root,0.971252
arabidopsis_secondary_root_dev_atlas:GSM8335426_JWE03_filtered_feature_bc_matrix:GGGTCTGCACAGAGAC-1,2963,unannotated_root,0.965807,unannotated_root,0.968242
arabidopsis_secondary_root_dev_atlas:GSM8335426_JWE03_filtered_feature_bc_matrix:GGTCTGGGTGGATGAC-1,2964,unannotated_root,0.971392,unannotated_root,0.964331
arabidopsis_secondary_root_dev_atlas:GSM8335426_JWE03_filtered_feature_bc_matrix:GGTTAACGTCTCAAGT-1,2965,unannotated_root,0.971041,unannotated_root,0.966019
arabidopsis_secondary_root_dev_atlas:GSM8335426_JWE03_filtered_feature_bc_matrix:GTAAGTCAGGTGTGAC-1,2966,unannotated_root,0.972399,unannotated_root,0.969729
arabidopsis_secondary_root_dev_atlas:GSM8335426_JWE03_filtered_feature_bc_matrix:GTAGAGGCAGATCATC-1,2967,unannotated_root,0.977861,unannotated_root,0.974579
arabidopsis_secondary_root_dev_atlas:GSM8335426_JWE03_filtered_feature_bc_matrix:GTAGATCCAACGACTT-1,2968,unannotated_root,0.976024,unannotated_root,0.973359
arabidopsis_secondary_root_dev_atlas:GSM8335426_JWE03_filtered_feature_bc_matrix:GTAGGTTAGTAGGCCA-1,2969,unannotated_root,0.973589,unannotated_root,0.975072
arabidopsis_secondary_root_dev_atlas:GSM8335426_JWE03_filtered_feature_bc_matrix:GTAGGTTTCGCCAATA-1,2970,unannotated_root,0.978451,unannotated_root,0.975203
arabidopsis_secondary_root_dev_atlas:GSM8335426_JWE03_filtered_feature_bc_matrix:GTCACGGAGGACGGAG-1,2971,unannotated_root,0.973277,unannotated_root,0.969089
arabidopsis_secondary_root_dev_atlas:GSM8335426_JWE03_filtered_feature_bc_matrix:GTCACGGGTGTTTCTT-1,2972,unannotated_root,0.976820,unannotated_root,0.972877
arabidopsis_secondary_root_dev_atlas:GSM8335426_JWE03_filtered_feature_bc_matrix:GTCCTCACAGCGTGAA-1,2973,unannotated_root,0.975856,unannotated_root,0.973716
arabidopsis_secondary_root_dev_atlas:GSM8335426_JWE03_filtered_feature_bc_matrix:GTCTCACTCCGGCAGT-1,2974,unannotated_root,0.976232,unannotated_root,0.974848
arabidopsis_secondary_root_dev_atlas:GSM8335426_JWE03_filtered_feature_bc_matrix:GTGAGTTTCTCTAGGA-1,2975,unannotated_root,0.978924,unannotated_root,0.975393
arabidopsis_secondary_root_dev_atlas:GSM8335426_JWE03_filtered_feature_bc_matrix:GTGATGTCAGGAAGTC-1,2976,unannotated_root,0.976650,unannotated_root,0.973387
arabidopsis_secondary_root_dev_atlas:GSM8335426_JWE03_filtered_feature_bc_matrix:GTGCACGTCCATACAG-1,2977,unannotated_root,0.974924,unannotated_root,0.970677
arabidopsis_secondary_root_dev_atlas:GSM8335426_JWE03_filtered_feature_bc_matrix:GTGTGATTCACCTCAC-1,2978,unannotated_root,0.976780,unannotated_root,0.972865
arabidopsis_secondary_root_dev_atlas:GSM8335426_JWE03_filtered_feature_bc_matrix:GTTGCGGAGAAAGCGA-1,2979,unannotated_root,0.978250,unannotated_root,0.975529
arabidopsis_secondary_root_dev_atlas:GSM8335426_JWE03_filtered_feature_bc_matrix:GTTGTCCTCGCCATAA-1,2980,unannotated_root,0.978270,unannotated_root,0.975175
arabidopsis_secondary_root_dev_atlas:GSM8335426_JWE03_filtered_feature_bc_matrix:TAACGACTCTTACCGC-1,2981,unannotated_root,0.974960,unannotated_root,0.967227
arabidopsis_secondary_root_dev_atlas:GSM8335426_JWE03_filtered_feature_bc_matrix:TAATCTCAGCGACATG-1,2982,unannotated_root,0.977393,unannotated_root,0.976073
arabidopsis_secondary_root_dev_atlas:GSM8335426_JWE03_filtered_feature_bc_matrix:TAATCTCGTCTGTGTA-1,2983,unannotated_root,0.975162,unannotated_root,0.972076
arabidopsis_secondary_root_dev_atlas:GSM8335426_JWE03_filtered_feature_bc_matrix:TAATCTCTCGATAACC-1,2984,unannotated_root,0.977568,unannotated_root,0.976262
arabidopsis_secondary_root_dev_atlas:GSM8335426_JWE03_filtered_feature_bc_matrix:TAATTCCAGTAATCCC-1,2985,unannotated_root,0.974258,unannotated_root,0.972036
arabidopsis_secondary_root_dev_atlas:GSM8335426_JWE03_filtered_feature_bc_matrix:TACAACGCAGCTGTGC-1,2986,unannotated_root,0.977842,unannotated_root,0.973137
arabidopsis_secondary_root_dev_atlas:GSM8335426_JWE03_filtered_feature_bc_matrix:TACAGGTAGTACCGGA-1,2987,unannotated_root,0.976452,unannotated_root,0.974984
arabidopsis_secondary_root_dev_atlas:GSM8335426_JWE03_filtered_feature_bc_matrix:TACATTCTCAGACCCG-1,2988,unannotated_root,0.975610,unannotated_root,0.971740
arabidopsis_secondary_root_dev_atlas:GSM8335426_JWE03_filtered_feature_bc_matrix:TACCCACCAACTTGGT-1,2989,unannotated_root,0.974206,unannotated_root,0.973365
arabidopsis_secondary_root_dev_atlas:GSM8335426_JWE03_filtered_feature_bc_matrix:TACCCACGTTGTCCCT-1,2990,unannotated_root,0.975957,unannotated_root,0.975688
arabidopsis_secondary_root_dev_atlas:GSM8335426_JWE03_filtered_feature_bc_matrix:TACCCGTTCAAACCTG-1,2991,unannotated_root,0.977055,unannotated_root,0.972395
arabidopsis_secondary_root_dev_atlas:GSM8335426_JWE03_filtered_feature_bc_matrix:TACCGGGTCAAGCCAT-1,2992,unannotated_root,0.971810,unannotated_root,0.962481
arabidopsis_secondary_root_dev_atlas:GSM8335426_JWE03_filtered_feature_bc_matrix:TAGAGTCTCCCGAATA-1,2993,unannotated_root,0.977722,unannotated_root,0.973223
arabidopsis_secondary_root_dev_atlas:GSM8335426_JWE03_filtered_feature_bc_matrix:TAGATCGGTCACGTGC-1,2994,unannotated_root,0.975265,unannotated_root,0.975480
arabidopsis_secondary_root_dev_atlas:GSM8335426_JWE03_filtered_feature_bc_matrix:TAGGAGGCATGCCATA-1,2995,unannotated_root,0.977910,unannotated_root,0.975643
arabidopsis_secondary_root_dev_atlas:GSM8335426_JWE03_filtered_feature_bc_matrix:TAGGAGGGTCCCGCAA-1,2996,unannotated_root,0.977235,unannotated_root,0.972429
arabidopsis_secondary_root_dev_atlas:GSM8335426_JWE03_filtered_feature_bc_matrix:TAGGTTGAGCACTTTG-1,2997,unannotated_root,0.977262,unannotated_root,0.973576
arabidopsis_secondary_root_dev_atlas:GSM8335426_JWE03_filtered_feature_bc_matrix:TAGGTTGAGGTCACCC-1,2998,unannotated_root,0.967227,unannotated_root,0.966767
arabidopsis_secondary_root_dev_atlas:GSM8335426_JWE03_filtered_feature_bc_matrix:TAGGTTGGTGGTCTCG-1,2999,unannotated_root,0.976105,unannotated_root,0.970691
arabidopsis_secondary_root_dev_atlas:GSM8335426_JWE03_filtered_feature_bc_matrix:TCAAGTGCAAAGGAGA-1,3000,unannotated_root,0.976465,unannotated_root,0.972272
arabidopsis_secondary_root_dev_atlas:GSM8335426_JWE03_filtered_feature_bc_matrix:TCAATCTTCGCTCATC-1,3001,unannotated_root,0.976298,unannotated_root,0.973564
arabidopsis_secondary_root_dev_atlas:GSM8335426_JWE03_filtered_feature_bc_matrix:TCACACCCAGCGTGCT-1,3002,unannotated_root,0.978041,unannotated_root,0.972026
arabidopsis_secondary_root_dev_atlas:GSM8335426_JWE03_filtered_feature_bc_matrix:TCACGCTGTATCGTTG-1,3003,unannotated_root,0.978106,unannotated_root,0.975726
arabidopsis_secondary_root_dev_atlas:GSM8335426_JWE03_filtered_feature_bc_matrix:TCACGGGGTCGTGATT-1,3004,unannotated_root,0.975461,unannotated_root,0.974364
arabidopsis_secondary_root_dev_atlas:GSM8335426_JWE03_filtered_feature_bc_matrix:TCAGCCTAGTGATTCC-1,3005,unannotated_root,0.975988,unannotated_root,0.975434
arabidopsis_secondary_root_dev_atlas:GSM8335426_JWE03_filtered_feature_bc_matrix:TCAGGGCAGGAACTCG-1,3006,unannotated_root,0.975053,unannotated_root,0.974989
arabidopsis_secondary_root_dev_atlas:GSM8335426_JWE03_filtered_feature_bc_matrix:TCATACTGTTAGCTAC-1,3007,unannotated_root,0.977706,unannotated_root,0.975541
arabidopsis_secondary_root_dev_atlas:GSM8335426_JWE03_filtered_feature_bc_matrix:TCATCATCAAAGACGC-1,3008,unannotated_root,0.966026,unannotated_root,0.968334
arabidopsis_secondary_root_dev_atlas:GSM8335426_JWE03_filtered_feature_bc_matrix:TCATCCGGTTCCAGGC-1,3009,unannotated_root,0.972481,unannotated_root,0.973540
arabidopsis_secondary_root_dev_atlas:GSM8335426_JWE03_filtered_feature_bc_matrix:TCATGAGAGGAATCGC-1,3010,unannotated_root,0.976591,unannotated_root,0.975033
arabidopsis_secondary_root_dev_atlas:GSM8335426_JWE03_filtered_feature_bc_matrix:TCATTCACAAGTGGCA-1,3011,unannotated_root,0.978400,unannotated_root,0.973233
arabidopsis_secondary_root_dev_atlas:GSM8335426_JWE03_filtered_feature_bc_matrix:TCCCATGGTAGCTCGC-1,3012,unannotated_root,0.976609,unannotated_root,0.975890
arabidopsis_secondary_root_dev_atlas:GSM8335426_JWE03_filtered_feature_bc_matrix:TCCGATCAGCGCATCC-1,3013,unannotated_root,0.977025,unannotated_root,0.973341
arabidopsis_secondary_root_dev_atlas:GSM8335426_JWE03_filtered_feature_bc_matrix:TCCGATCTCTCCGCAT-1,3014,unannotated_root,0.978444,unannotated_root,0.975836
arabidopsis_secondary_root_dev_atlas:GSM8335426_JWE03_filtered_feature_bc_matrix:TCCTAATTCCTACACC-1,3015,unannotated_root,0.975862,unannotated_root,0.974656
arabidopsis_secondary_root_dev_atlas:GSM8335426_JWE03_filtered_feature_bc_matrix:TCCTCCCAGCACTCAT-1,3016,unannotated_root,0.970293,unannotated_root,0.965887
arabidopsis_secondary_root_dev_atlas:GSM8335426_JWE03_filtered_feature_bc_matrix:TCGCAGGCACAGCCAC-1,3017,unannotated_root,0.976710,unannotated_root,0.974681
arabidopsis_secondary_root_dev_atlas:GSM8335426_JWE03_filtered_feature_bc_matrix:TCGCTTGAGTAAAGCT-1,3018,unannotated_root,0.975098,unannotated_root,0.972831
arabidopsis_secondary_root_dev_atlas:GSM8335426_JWE03_filtered_feature_bc_matrix:TCGCTTGTCGTTCCTG-1,3019,unannotated_root,0.977491,unannotated_root,0.974535
arabidopsis_secondary_root_dev_atlas:GSM8335426_JWE03_filtered_feature_bc_matrix:TCGGATACAAGGTTGG-1,3020,unannotated_root,0.976065,unannotated_root,0.975946
arabidopsis_secondary_root_dev_atlas:GSM8335426_JWE03_filtered_feature_bc_matrix:TCGGGACGTGCCTTTC-1,3021,unannotated_root,0.977537,unannotated_root,0.974327
arabidopsis_secondary_root_dev_atlas:GSM8335426_JWE03_filtered_feature_bc_matrix:TCGTGCTAGGCTCTAT-1,3022,unannotated_root,0.978205,unannotated_root,0.975732
arabidopsis_secondary_root_dev_atlas:GSM8335426_JWE03_filtered_feature_bc_matrix:TCTACATCACTGCGAC-1,3023,unannotated_root,0.975394,unannotated_root,0.971500
arabidopsis_secondary_root_dev_atlas:GSM8335426_JWE03_filtered_feature_bc_matrix:TCTATCACACTAAACC-1,3024,unannotated_root,0.974599,unannotated_root,0.973018
arabidopsis_secondary_root_dev_atlas:GSM8335426_JWE03_filtered_feature_bc_matrix:TCTATCAGTATGCAAA-1,3025,unannotated_root,0.979701,unannotated_root,0.974836
arabidopsis_secondary_root_dev_atlas:GSM8335426_JWE03_filtered_feature_bc_matrix:TCTCACGGTAGCGTAG-1,3026,unannotated_root,0.972402,unannotated_root,0.972373
arabidopsis_secondary_root_dev_atlas:GSM8335426_JWE03_filtered_feature_bc_matrix:TCTTTGACATATGAAG-1,3027,unannotated_root,0.979474,unannotated_root,0.974950
arabidopsis_secondary_root_dev_atlas:GSM8335426_JWE03_filtered_feature_bc_matrix:TGAACGTAGTTGGCTT-1,3028,unannotated_root,0.974099,unannotated_root,0.974810
arabidopsis_secondary_root_dev_atlas:GSM8335426_JWE03_filtered_feature_bc_matrix:TGACAGTGTTTCCATT-1,3029,unannotated_root,0.976011,unannotated_root,0.970777
arabidopsis_secondary_root_dev_atlas:GSM8335426_JWE03_filtered_feature_bc_matrix:TGACCCTCATCGAAGG-1,3030,unannotated_root,0.970912,unannotated_root,0.967404
arabidopsis_secondary_root_dev_atlas:GSM8335426_JWE03_filtered_feature_bc_matrix:TGAGGGAAGATCGACG-1,3031,unannotated_root,0.977411,unannotated_root,0.974525
arabidopsis_secondary_root_dev_atlas:GSM8335426_JWE03_filtered_feature_bc_matrix:TGAGGTTGTGGATCGA-1,3032,unannotated_root,0.968167,unannotated_root,0.970100
arabidopsis_secondary_root_dev_atlas:GSM8335426_JWE03_filtered_feature_bc_matrix:TGCAGATCAGGTGGAT-1,3033,unannotated_root,0.977395,unannotated_root,0.973778
arabidopsis_secondary_root_dev_atlas:GSM8335426_JWE03_filtered_feature_bc_matrix:TGCAGGCCACTCTGCT-1,3034,unannotated_root,0.976365,unannotated_root,0.974986
arabidopsis_secondary_root_dev_atlas:GSM8335426_JWE03_filtered_feature_bc_matrix:TGCAGTAAGTGACACG-1,3035,unannotated_root,0.978021,unannotated_root,0.973995
arabidopsis_secondary_root_dev_atlas:GSM8335426_JWE03_filtered_feature_bc_matrix:TGCGATATCTTTACAC-1,3036,unannotated_root,0.976505,unannotated_root,0.974883
arabidopsis_secondary_root_dev_atlas:GSM8335426_JWE03_filtered_feature_bc_matrix:TGCGGCAAGGCATTTC-1,3037,unannotated_root,0.978836,unannotated_root,0.976142
arabidopsis_secondary_root_dev_atlas:GSM8335426_JWE03_filtered_feature_bc_matrix:TGCGGCAGTGCTAGCC-1,3038,unannotated_root,0.977416,unannotated_root,0.973584
arabidopsis_secondary_root_dev_atlas:GSM8335426_JWE03_filtered_feature_bc_matrix:TGGATCACAGGGCTTC-1,3039,unannotated_root,0.973255,unannotated_root,0.970892
arabidopsis_secondary_root_dev_atlas:GSM8335426_JWE03_filtered_feature_bc_matrix:TGTCAGATCGCTGTCT-1,3040,unannotated_root,0.972072,unannotated_root,0.972578
arabidopsis_secondary_root_dev_atlas:GSM8335426_JWE03_filtered_feature_bc_matrix:TGTCCTGGTAGGTCAG-1,3041,unannotated_root,0.976688,unannotated_root,0.975306
arabidopsis_secondary_root_dev_atlas:GSM8335426_JWE03_filtered_feature_bc_matrix:TGTGATGAGCACGATG-1,3042,unannotated_root,0.977365,unannotated_root,0.976006
arabidopsis_secondary_root_dev_atlas:GSM8335426_JWE03_filtered_feature_bc_matrix:TGTGATGCACAGGATG-1,3043,unannotated_root,0.978814,unannotated_root,0.975642
arabidopsis_secondary_root_dev_atlas:GSM8335426_JWE03_filtered_feature_bc_matrix:TGTGCGGAGGACAACC-1,3044,unannotated_root,0.975453,unannotated_root,0.970646
arabidopsis_secondary_root_dev_atlas:GSM8335426_JWE03_filtered_feature_bc_matrix:TGTGTGATCCGAGAAG-1,3045,unannotated_root,0.975015,unannotated_root,0.970212
arabidopsis_secondary_root_dev_atlas:GSM8335426_JWE03_filtered_feature_bc_matrix:TGTTCCGAGTGCTAGG-1,3046,unannotated_root,0.978827,unannotated_root,0.974851
arabidopsis_secondary_root_dev_atlas:GSM8335426_JWE03_filtered_feature_bc_matrix:TGTTCTAGTCATATGC-1,3047,unannotated_root,0.977997,unannotated_root,0.975736
arabidopsis_secondary_root_dev_atlas:GSM8335426_JWE03_filtered_feature_bc_matrix:TGTTGGATCCGCATAA-1,3048,unannotated_root,0.973810,unannotated_root,0.967656
arabidopsis_secondary_root_dev_atlas:GSM8335426_JWE03_filtered_feature_bc_matrix:TTAATCCAGTGTTGAA-1,3049,unannotated_root,0.976665,unannotated_root,0.975940
arabidopsis_secondary_root_dev_atlas:GSM8335426_JWE03_filtered_feature_bc_matrix:TTAGGCATCGGACGTC-1,3050,unannotated_root,0.978140,unannotated_root,0.974716
arabidopsis_secondary_root_dev_atlas:GSM8335426_JWE03_filtered_feature_bc_matrix:TTATTGCCAGAGCTAG-1,3051,unannotated_root,0.973753,unannotated_root,0.968957
arabidopsis_secondary_root_dev_atlas:GSM8335426_JWE03_filtered_feature_bc_matrix:TTCAATCGTCAGGCAA-1,3052,unannotated_root,0.976909,unannotated_root,0.975092
arabidopsis_secondary_root_dev_atlas:GSM8335426_JWE03_filtered_feature_bc_matrix:TTCAATCGTCCCGCAA-1,3053,unannotated_root,0.978609,unannotated_root,0.974870
arabidopsis_secondary_root_dev_atlas:GSM8335426_JWE03_filtered_feature_bc_matrix:TTCACCGAGAACGCGT-1,3054,unannotated_root,0.978625,unannotated_root,0.975994
arabidopsis_secondary_root_dev_atlas:GSM8335426_JWE03_filtered_feature_bc_matrix:TTCCAATAGAGTTGTA-1,3055,unannotated_root,0.978005,unannotated_root,0.975071
arabidopsis_secondary_root_dev_atlas:GSM8335426_JWE03_filtered_feature_bc_matrix:TTCCTAACACGCTTAA-1,3056,unannotated_root,0.977733,unannotated_root,0.975560
arabidopsis_secondary_root_dev_atlas:GSM8335426_JWE03_filtered_feature_bc_matrix:TTCCTTCCAACTGCTA-1,3057,unannotated_root,0.977234,unannotated_root,0.975513
arabidopsis_secondary_root_dev_atlas:GSM8335426_JWE03_filtered_feature_bc_matrix:TTGACCCTCAAACTGC-1,3058,unannotated_root,0.975757,unannotated_root,0.972072
arabidopsis_secondary_root_dev_atlas:GSM8335426_JWE03_filtered_feature_bc_matrix:TTGCCTGTCCTAAACG-1,3059,unannotated_root,0.975238,unannotated_root,0.975271
arabidopsis_secondary_root_dev_atlas:GSM8335426_JWE03_filtered_feature_bc_matrix:TTGGGATTCTTTCCAA-1,3060,unannotated_root,0.978711,unannotated_root,0.975535
arabidopsis_secondary_root_dev_atlas:GSM8335426_JWE03_filtered_feature_bc_matrix:TTGGTTTGTCTTGCGG-1,3061,unannotated_root,0.977244,unannotated_root,0.975231
arabidopsis_secondary_root_dev_atlas:GSM8335426_JWE03_filtered_feature_bc_matrix:TTGTGTTGTTCATCGA-1,3062,unannotated_root,0.975325,unannotated_root,0.971240
arabidopsis_secondary_root_dev_atlas:GSM8335426_JWE03_filtered_feature_bc_matrix:TTGTTCATCGCATAGT-1,3063,unannotated_root,0.971313,unannotated_root,0.969455
arabidopsis_secondary_root_dev_atlas:GSM8335426_JWE03_filtered_feature_bc_matrix:TTGTTTGCAGAGTCAG-1,3064,unannotated_root,0.977911,unannotated_root,0.975749
arabidopsis_secondary_root_dev_atlas:GSM8335426_JWE03_filtered_feature_bc_matrix:TTGTTTGTCCCGAGTG-1,3065,unannotated_root,0.968053,unannotated_root,0.964611
arabidopsis_secondary_root_dev_atlas:GSM8335426_JWE03_filtered_feature_bc_matrix:TTTAGTCAGTCATAGA-1,3066,unannotated_root,0.968845,unannotated_root,0.968893
arabidopsis_secondary_root_dev_atlas:GSM8335426_JWE03_filtered_feature_bc_matrix:TTTAGTCGTACCTAGT-1,3067,unannotated_root,0.978487,unannotated_root,0.974836
arabidopsis_secondary_root_dev_atlas:GSM8335426_JWE03_filtered_feature_bc_matrix:TTTCACACAGACAATA-1,3068,unannotated_root,0.975377,unannotated_root,0.969079
arabidopsis_secondary_root_dev_atlas:GSM8335426_JWE03_filtered_feature_bc_matrix:TTTCATGGTGACTAAA-1,3069,unannotated_root,0.978021,unannotated_root,0.975474
arabidopsis_secondary_root_dev_atlas:GSM8335426_JWE03_filtered_feature_bc_matrix:TTTCGATAGGTAGTAT-1,3070,unannotated_root,0.969200,unannotated_root,0.970027
arabidopsis_secondary_root_dev_atlas:GSM8335426_JWE03_filtered_feature_bc_matrix:TTTGACTAGAGGTGCT-1,3071,unannotated_root,0.962913,unannotated_root,0.961590
wheat_soil_root_atlas:GSM8339904_rep1_filtered_feature_bc_matrix:AAACGCTGTCCGTTTC-1,3072,unannotated_root,0.792990,unannotated_root,0.631933
wheat_soil_root_atlas:GSM8339904_rep1_filtered_feature_bc_matrix:AACACACGTCCTGTTC-1,3073,unannotated_root,0.756879,unannotated_root,0.577907
wheat_soil_root_atlas:GSM8339904_rep1_filtered_feature_bc_matrix:AACAGGGCATCGCTAA-1,3074,unannotated_root,0.756344,unannotated_root,0.583631
wheat_soil_root_atlas:GSM8339904_rep1_filtered_feature_bc_matrix:AACCACAGTGTCCGTG-1,3075,unannotated_root,0.830481,unannotated_root,0.664519
wheat_soil_root_atlas:GSM8339904_rep1_filtered_feature_bc_matrix:AACCTGAAGGGATCAC-1,3076,unannotated_root,0.787229,unannotated_root,0.576076
wheat_soil_root_atlas:GSM8339904_rep1_filtered_feature_bc_matrix:AAGAACAAGGACGCTA-1,3077,unannotated_root,0.754206,unannotated_root,0.560568
wheat_soil_root_atlas:GSM8339904_rep1_filtered_feature_bc_matrix:AAGACTCCAAATGATG-1,3078,unannotated_root,0.835408,unannotated_root,0.687030
wheat_soil_root_atlas:GSM8339904_rep1_filtered_feature_bc_matrix:AAGCGAGAGTGATCGG-1,3079,unannotated_root,0.795237,unannotated_root,0.640116
wheat_soil_root_atlas:GSM8339904_rep1_filtered_feature_bc_matrix:AAGCGTTCATTGCTGA-1,3080,unannotated_root,0.626946,unannotated_root,0.459324
wheat_soil_root_atlas:GSM8339904_rep1_filtered_feature_bc_matrix:AAGTGAAGTACCTATG-1,3081,unannotated_root,0.527850,unannotated_root,0.400320
wheat_soil_root_atlas:GSM8339904_rep1_filtered_feature_bc_matrix:AATAGAGTCGACATCA-1,3082,unannotated_root,0.699529,unannotated_root,0.421268
wheat_soil_root_atlas:GSM8339904_rep1_filtered_feature_bc_matrix:AATGCCAAGCTACTGT-1,3083,unannotated_root,0.783779,unannotated_root,0.633262
wheat_soil_root_atlas:GSM8339904_rep1_filtered_feature_bc_matrix:AATTCCTTCTCATTAC-1,3084,unannotated_root,0.800189,unannotated_root,0.619911
wheat_soil_root_atlas:GSM8339904_rep1_filtered_feature_bc_matrix:ACACCAACAGGATGAC-1,3085,unannotated_root,0.799299,unannotated_root,0.636733
wheat_soil_root_atlas:GSM8339904_rep1_filtered_feature_bc_matrix:ACCATTTAGCTGTTAC-1,3086,unannotated_root,0.855001,unannotated_root,0.721870
wheat_soil_root_atlas:GSM8339904_rep1_filtered_feature_bc_matrix:ACCATTTCATCGTGGC-1,3087,unannotated_root,0.757028,unannotated_root,0.603915
wheat_soil_root_atlas:GSM8339904_rep1_filtered_feature_bc_matrix:ACCCAAATCGGATAAA-1,3088,unannotated_root,0.657311,unannotated_root,0.484212
wheat_soil_root_atlas:GSM8339904_rep1_filtered_feature_bc_matrix:ACCCTCATCTAGGAAA-1,3089,unannotated_root,0.695671,unannotated_root,0.572372
wheat_soil_root_atlas:GSM8339904_rep1_filtered_feature_bc_matrix:ACCGTTCCACAACGTT-1,3090,unannotated_root,0.758398,unannotated_root,0.511744
wheat_soil_root_atlas:GSM8339904_rep1_filtered_feature_bc_matrix:ACCGTTCGTCGAGTTT-1,3091,unannotated_root,0.805860,unannotated_root,0.634727
wheat_soil_root_atlas:GSM8339904_rep1_filtered_feature_bc_matrix:ACCTGAATCTCAGAAC-1,3092,unannotated_root,0.750466,unannotated_root,0.529422
wheat_soil_root_atlas:GSM8339904_rep1_filtered_feature_bc_matrix:ACTATCTTCATTGAGC-1,3093,unannotated_root,0.824003,unannotated_root,0.678525
wheat_soil_root_atlas:GSM8339904_rep1_filtered_feature_bc_matrix:ACTATTCTCGTACCTC-1,3094,unannotated_root,0.771484,unannotated_root,0.602634
wheat_soil_root_atlas:GSM8339904_rep1_filtered_feature_bc_matrix:ACTCCCACACAACCGC-1,3095,unannotated_root,0.758714,unannotated_root,0.581670
wheat_soil_root_atlas:GSM8339904_rep1_filtered_feature_bc_matrix:ACTGATGGTAGTGTGG-1,3096,unannotated_root,0.797841,unannotated_root,0.600211
wheat_soil_root_atlas:GSM8339904_rep1_filtered_feature_bc_matrix:ACTGCAAGTACAAACA-1,3097,unannotated_root,0.642676,unannotated_root,0.461959
wheat_soil_root_atlas:GSM8339904_rep1_filtered_feature_bc_matrix:AGAGAATAGGTAAGTT-1,3098,unannotated_root,0.698442,unannotated_root,0.524807
wheat_soil_root_atlas:GSM8339904_rep1_filtered_feature_bc_matrix:AGAGAATCACGCCAGT-1,3099,unannotated_root,0.810508,unannotated_root,0.629148
wheat_soil_root_atlas:GSM8339904_rep1_filtered_feature_bc_matrix:AGCCAGCCAGGCGTTC-1,3100,unannotated_root,0.648960,unannotated_root,0.421352
wheat_soil_root_atlas:GSM8339904_rep1_filtered_feature_bc_matrix:AGCGTATGTACGGATG-1,3101,unannotated_root,0.760843,unannotated_root,0.595250
wheat_soil_root_atlas:GSM8339904_rep1_filtered_feature_bc_matrix:AGCTACACACCCGTAG-1,3102,unannotated_root,0.748837,unannotated_root,0.576233
wheat_soil_root_atlas:GSM8339904_rep1_filtered_feature_bc_matrix:AGCTACATCGTAACAC-1,3103,unannotated_root,0.739491,unannotated_root,0.535191
wheat_soil_root_atlas:GSM8339904_rep1_filtered_feature_bc_matrix:AGGACGAAGTCAAGCG-1,3104,unannotated_root,0.648570,unannotated_root,0.517258
wheat_soil_root_atlas:GSM8339904_rep1_filtered_feature_bc_matrix:AGGATAAAGAACTGAT-1,3105,unannotated_root,0.788283,unannotated_root,0.619908
wheat_soil_root_atlas:GSM8339904_rep1_filtered_feature_bc_matrix:AGGATCTTCACATTGG-1,3106,unannotated_root,0.601427,unannotated_root,0.424243
wheat_soil_root_atlas:GSM8339904_rep1_filtered_feature_bc_matrix:AGGGCTCCATGACACT-1,3107,unannotated_root,0.688222,unannotated_root,0.511852
wheat_soil_root_atlas:GSM8339904_rep1_filtered_feature_bc_matrix:AGGGCTCTCTACACAG-1,3108,unannotated_root,0.825031,unannotated_root,0.643916
wheat_soil_root_atlas:GSM8339904_rep1_filtered_feature_bc_matrix:AGGGTGAAGGTGCTAG-1,3109,unannotated_root,0.783911,unannotated_root,0.683029
wheat_soil_root_atlas:GSM8339904_rep1_filtered_feature_bc_matrix:AGGGTGAGTACCAGAG-1,3110,unannotated_root,0.779075,unannotated_root,0.595106
wheat_soil_root_atlas:GSM8339904_rep1_filtered_feature_bc_matrix:AGGTCTATCTCACGAA-1,3111,unannotated_root,0.615240,unannotated_root,0.471989
wheat_soil_root_atlas:GSM8339904_rep1_filtered_feature_bc_matrix:AGGTTGTAGGTTCCAT-1,3112,unannotated_root,0.544206,unannotated_root,0.393446
wheat_soil_root_atlas:GSM8339904_rep1_filtered_feature_bc_matrix:AGGTTGTGTCTGTCCT-1,3113,unannotated_root,0.791369,unannotated_root,0.626099
wheat_soil_root_atlas:GSM8339904_rep1_filtered_feature_bc_matrix:AGTAGTCCAACGCCCA-1,3114,unannotated_root,0.853399,unannotated_root,0.725409
wheat_soil_root_atlas:GSM8339904_rep1_filtered_feature_bc_matrix:AGTCTCCAGAAGGCTC-1,3115,unannotated_root,0.697978,unannotated_root,0.514229
wheat_soil_root_atlas:GSM8339904_rep1_filtered_feature_bc_matrix:AGTGCCGAGAAAGTCT-1,3116,unannotated_root,0.764442,unannotated_root,0.580540
wheat_soil_root_atlas:GSM8339904_rep1_filtered_feature_bc_matrix:ATACCGACACGCGTCA-1,3117,unannotated_root,0.675566,unannotated_root,0.510429
wheat_soil_root_atlas:GSM8339904_rep1_filtered_feature_bc_matrix:ATACCTTAGTTACGAA-1,3118,unannotated_root,0.638882,unannotated_root,0.480135
wheat_soil_root_atlas:GSM8339904_rep1_filtered_feature_bc_matrix:ATAGGCTCAATTCTTC-1,3119,unannotated_root,0.776523,unannotated_root,0.693705
wheat_soil_root_atlas:GSM8339904_rep1_filtered_feature_bc_matrix:ATCATTCTCGCTCATC-1,3120,unannotated_root,0.692642,unannotated_root,0.546542
wheat_soil_root_atlas:GSM8339904_rep1_filtered_feature_bc_matrix:ATCGGATCATACAGAA-1,3121,unannotated_root,0.795677,unannotated_root,0.618289
wheat_soil_root_atlas:GSM8339904_rep1_filtered_feature_bc_matrix:ATGAAAGCAAGGGTCA-1,3122,unannotated_root,0.601051,unannotated_root,0.388165
wheat_soil_root_atlas:GSM8339904_rep1_filtered_feature_bc_matrix:ATGAGTCTCTTGGTCC-1,3123,unannotated_root,0.542691,unannotated_root,0.381325
wheat_soil_root_atlas:GSM8339904_rep1_filtered_feature_bc_matrix:ATGATCGAGGTTACCT-1,3124,unannotated_root,0.794000,unannotated_root,0.623594
wheat_soil_root_atlas:GSM8339904_rep1_filtered_feature_bc_matrix:ATGGATCCAACTTGCA-1,3125,unannotated_root,0.503967,endodermis,0.398756
wheat_soil_root_atlas:GSM8339904_rep1_filtered_feature_bc_matrix:ATGGGTTCACATTGTG-1,3126,unannotated_root,0.563048,unannotated_root,0.364112
wheat_soil_root_atlas:GSM8339904_rep1_filtered_feature_bc_matrix:ATGGGTTGTTCGTTCC-1,3127,unannotated_root,0.805927,unannotated_root,0.638246
wheat_soil_root_atlas:GSM8339904_rep1_filtered_feature_bc_matrix:ATTACCTTCCCAGTGG-1,3128,unannotated_root,0.711343,unannotated_root,0.481820
wheat_soil_root_atlas:GSM8339904_rep1_filtered_feature_bc_matrix:ATTATCCAGACGCCAA-1,3129,unannotated_root,0.781359,unannotated_root,0.619283
wheat_soil_root_atlas:GSM8339904_rep1_filtered_feature_bc_matrix:ATTCATCTCATACGGT-1,3130,unannotated_root,0.796746,unannotated_root,0.605578
wheat_soil_root_atlas:GSM8339904_rep1_filtered_feature_bc_matrix:CAAAGAAAGTTCACTG-1,3131,unannotated_root,0.805703,unannotated_root,0.689216
wheat_soil_root_atlas:GSM8339904_rep1_filtered_feature_bc_matrix:CAACAACTCGCGAAGA-1,3132,unannotated_root,0.805248,unannotated_root,0.685898
wheat_soil_root_atlas:GSM8339904_rep1_filtered_feature_bc_matrix:CAAGGGACACTGCATA-1,3133,unannotated_root,0.849975,unannotated_root,0.708836
wheat_soil_root_atlas:GSM8339904_rep1_filtered_feature_bc_matrix:CACATGAAGTATAACG-1,3134,unannotated_root,0.826957,unannotated_root,0.681423
wheat_soil_root_atlas:GSM8339904_rep1_filtered_feature_bc_matrix:CACCAAAAGACTTCAC-1,3135,unannotated_root,0.741477,unannotated_root,0.603662
wheat_soil_root_atlas:GSM8339904_rep1_filtered_feature_bc_matrix:CACCGTTGTTCAGCTA-1,3136,unannotated_root,0.498935,endodermis,0.360081
wheat_soil_root_atlas:GSM8339904_rep1_filtered_feature_bc_matrix:CACGAATTCAGCACCG-1,3137,unannotated_root,0.785634,unannotated_root,0.583300
wheat_soil_root_atlas:GSM8339904_rep1_filtered_feature_bc_matrix:CACTAAGAGTATCCTG-1,3138,unannotated_root,0.826614,unannotated_root,0.692159
wheat_soil_root_atlas:GSM8339904_rep1_filtered_feature_bc_matrix:CACTGAAAGGACGCTA-1,3139,unannotated_root,0.836976,unannotated_root,0.663280
wheat_soil_root_atlas:GSM8339904_rep1_filtered_feature_bc_matrix:CACTGTCAGCCTATCA-1,3140,unannotated_root,0.628792,unannotated_root,0.488567
wheat_soil_root_atlas:GSM8339904_rep1_filtered_feature_bc_matrix:CACTTCGGTCACGCTG-1,3141,unannotated_root,0.850173,unannotated_root,0.695579
wheat_soil_root_atlas:GSM8339904_rep1_filtered_feature_bc_matrix:CAGCAATAGTATCCTG-1,3142,unannotated_root,0.811903,unannotated_root,0.661456
wheat_soil_root_atlas:GSM8339904_rep1_filtered_feature_bc_matrix:CATCCACAGAGGGTCT-1,3143,unannotated_root,0.781723,unannotated_root,0.604675
wheat_soil_root_atlas:GSM8339904_rep1_filtered_feature_bc_matrix:CATCCCACAAATCCCA-1,3144,unannotated_root,0.872529,unannotated_root,0.761432
wheat_soil_root_atlas:GSM8339904_rep1_filtered_feature_bc_matrix:CATCGCTGTGGATGAC-1,3145,unannotated_root,0.689264,unannotated_root,0.491866
wheat_soil_root_atlas:GSM8339904_rep1_filtered_feature_bc_matrix:CATCGGGTCCTGGGAC-1,3146,unannotated_root,0.549605,unannotated_root,0.385389
wheat_soil_root_atlas:GSM8339904_rep1_filtered_feature_bc_matrix:CATGGATTCCCATTTA-1,3147,unannotated_root,0.820879,unannotated_root,0.653502
wheat_soil_root_atlas:GSM8339904_rep1_filtered_feature_bc_matrix:CATTCTATCGTAATGC-1,3148,unannotated_root,0.856453,unannotated_root,0.728733
wheat_soil_root_atlas:GSM8339904_rep1_filtered_feature_bc_matrix:CCACACTCACAGCTTA-1,3149,unannotated_root,0.780051,unannotated_root,0.628615
wheat_soil_root_atlas:GSM8339904_rep1_filtered_feature_bc_matrix:CCACCATAGCGTCAGA-1,3150,unannotated_root,0.681761,unannotated_root,0.517040
wheat_soil_root_atlas:GSM8339904_rep1_filtered_feature_bc_matrix:CCACGTTCACGTTGGC-1,3151,unannotated_root,0.807010,unannotated_root,0.619545
wheat_soil_root_atlas:GSM8339904_rep1_filtered_feature_bc_matrix:CCATCACCACTACCCT-1,3152,unannotated_root,0.584172,unannotated_root,0.447369
wheat_soil_root_atlas:GSM8339904_rep1_filtered_feature_bc_matrix:CCCAACTTCAGGGATG-1,3153,unannotated_root,0.744296,unannotated_root,0.542951
wheat_soil_root_atlas:GSM8339904_rep1_filtered_feature_bc_matrix:CCCTCTCTCTTGCAAG-1,3154,unannotated_root,0.781114,unannotated_root,0.597061
wheat_soil_root_atlas:GSM8339904_rep1_filtered_feature_bc_matrix:CCCTGATCATCGCCTT-1,3155,unannotated_root,0.749647,unannotated_root,0.590231
wheat_soil_root_atlas:GSM8339904_rep1_filtered_feature_bc_matrix:CCGCAAGAGCCTTTCC-1,3156,unannotated_root,0.847089,unannotated_root,0.729047
wheat_soil_root_atlas:GSM8339904_rep1_filtered_feature_bc_matrix:CCGGTAGGTTCGGGTC-1,3157,unannotated_root,0.788252,unannotated_root,0.599462
wheat_soil_root_atlas:GSM8339904_rep1_filtered_feature_bc_matrix:CCGGTGATCATGCAGT-1,3158,unannotated_root,0.773430,unannotated_root,0.620386
wheat_soil_root_atlas:GSM8339904_rep1_filtered_feature_bc_matrix:CCGTGAGCACATTCTT-1,3159,unannotated_root,0.687711,unannotated_root,0.520636
wheat_soil_root_atlas:GSM8339904_rep1_filtered_feature_bc_matrix:CCTAACCAGCAACAAT-1,3160,unannotated_root,0.515864,unannotated_root,0.385731
wheat_soil_root_atlas:GSM8339904_rep1_filtered_feature_bc_matrix:CCTAACCGTGAGTGAC-1,3161,unannotated_root,0.628018,unannotated_root,0.443321
wheat_soil_root_atlas:GSM8339904_rep1_filtered_feature_bc_matrix:CCTCCAAAGAGCAAGA-1,3162,unannotated_root,0.803470,unannotated_root,0.620830
wheat_soil_root_atlas:GSM8339904_rep1_filtered_feature_bc_matrix:CGAAGGACACAGAGCA-1,3163,unannotated_root,0.862889,unannotated_root,0.737356
wheat_soil_root_atlas:GSM8339904_rep1_filtered_feature_bc_matrix:CGATGGCCACGTAACT-1,3164,unannotated_root,0.851762,unannotated_root,0.717781
wheat_soil_root_atlas:GSM8339904_rep1_filtered_feature_bc_matrix:CGCATAACACTTGTGA-1,3165,unannotated_root,0.758733,unannotated_root,0.572708
wheat_soil_root_atlas:GSM8339904_rep1_filtered_feature_bc_matrix:CGCCAGACAACAAGAT-1,3166,unannotated_root,0.823592,unannotated_root,0.644748
wheat_soil_root_atlas:GSM8339904_rep1_filtered_feature_bc_matrix:CGGCAGTCAGGTGTGA-1,3167,unannotated_root,0.811572,unannotated_root,0.637290
wheat_soil_root_atlas:GSM8339904_rep1_filtered_feature_bc_matrix:CGTAAGTGTTATGGTC-1,3168,unannotated_root,0.840198,unannotated_root,0.698070
wheat_soil_root_atlas:GSM8339904_rep1_filtered_feature_bc_matrix:CTACAGAAGAAGGTAG-1,3169,unannotated_root,0.807610,unannotated_root,0.689558
wheat_soil_root_atlas:GSM8339904_rep1_filtered_feature_bc_matrix:CTACATTTCTCGGGAC-1,3170,unannotated_root,0.564145,unannotated_root,0.395129
wheat_soil_root_atlas:GSM8339904_rep1_filtered_feature_bc_matrix:CTACCCATCCACGTGG-1,3171,unannotated_root,0.824460,unannotated_root,0.631583
wheat_soil_root_atlas:GSM8339904_rep1_filtered_feature_bc_matrix:CTACGGGTCGTGGCTG-1,3172,unannotated_root,0.833592,unannotated_root,0.678855
wheat_soil_root_atlas:GSM8339904_rep1_filtered_feature_bc_matrix:CTAGGTACATGGAACG-1,3173,unannotated_root,0.829193,unannotated_root,0.691240
wheat_soil_root_atlas:GSM8339904_rep1_filtered_feature_bc_matrix:CTCACTGTCCTTATCA-1,3174,unannotated_root,0.830716,unannotated_root,0.666926
wheat_soil_root_atlas:GSM8339904_rep1_filtered_feature_bc_matrix:CTCAGAAGTCTGTCCT-1,3175,unannotated_root,0.598800,unannotated_root,0.427878
wheat_soil_root_atlas:GSM8339904_rep1_filtered_feature_bc_matrix:CTCATTAGTGTCTCCT-1,3176,unannotated_root,0.793998,unannotated_root,0.610253
wheat_soil_root_atlas:GSM8339904_rep1_filtered_feature_bc_matrix:CTCCATGCACACTGGC-1,3177,unannotated_root,0.852692,unannotated_root,0.738688
wheat_soil_root_atlas:GSM8339904_rep1_filtered_feature_bc_matrix:CTCCCAACAATGGCCC-1,3178,unannotated_root,0.822059,unannotated_root,0.647286
wheat_soil_root_atlas:GSM8339904_rep1_filtered_feature_bc_matrix:CTCCGATCACACACTA-1,3179,unannotated_root,0.867325,unannotated_root,0.737029
wheat_soil_root_atlas:GSM8339904_rep1_filtered_feature_bc_matrix:CTCCTCCCAAATAGCA-1,3180,unannotated_root,0.799187,unannotated_root,0.598804
wheat_soil_root_atlas:GSM8339904_rep1_filtered_feature_bc_matrix:CTGAATGAGTGCCTCG-1,3181,unannotated_root,0.770466,unannotated_root,0.556347
wheat_soil_root_atlas:GSM8339904_rep1_filtered_feature_bc_matrix:CTGAATGTCGAGCACC-1,3182,unannotated_root,0.746206,unannotated_root,0.611035
wheat_soil_root_atlas:GSM8339904_rep1_filtered_feature_bc_matrix:CTGAGCGTCACACGAT-1,3183,unannotated_root,0.784205,unannotated_root,0.569860
wheat_soil_root_atlas:GSM8339904_rep1_filtered_feature_bc_matrix:CTGCAGGCACAAATAG-1,3184,unannotated_root,0.616169,unannotated_root,0.397857
wheat_soil_root_atlas:GSM8339904_rep1_filtered_feature_bc_matrix:CTGCAGGGTGGGAGAG-1,3185,unannotated_root,0.518196,endodermis,0.433252
wheat_soil_root_atlas:GSM8339904_rep1_filtered_feature_bc_matrix:CTGCCATCAGTACTAC-1,3186,unannotated_root,0.801153,unannotated_root,0.686022
wheat_soil_root_atlas:GSM8339904_rep1_filtered_feature_bc_matrix:CTGCTCACAGTAGTGG-1,3187,unannotated_root,0.859663,unannotated_root,0.738319
wheat_soil_root_atlas:GSM8339904_rep1_filtered_feature_bc_matrix:CTGTACCGTACAAAGT-1,3188,unannotated_root,0.731728,unannotated_root,0.569730
wheat_soil_root_atlas:GSM8339904_rep1_filtered_feature_bc_matrix:CTGTGGGGTCGTACAT-1,3189,unannotated_root,0.855786,unannotated_root,0.705478
wheat_soil_root_atlas:GSM8339904_rep1_filtered_feature_bc_matrix:CTTGATTGTAGCGAGT-1,3190,unannotated_root,0.851189,unannotated_root,0.702558
wheat_soil_root_atlas:GSM8339904_rep1_filtered_feature_bc_matrix:GAAATGATCAACACCA-1,3191,unannotated_root,0.639500,unannotated_root,0.444341
wheat_soil_root_atlas:GSM8339904_rep1_filtered_feature_bc_matrix:GAAATGATCGGAAGGT-1,3192,unannotated_root,0.823085,unannotated_root,0.704227
wheat_soil_root_atlas:GSM8339904_rep1_filtered_feature_bc_matrix:GAACACTCAGTCGAGA-1,3193,unannotated_root,0.824772,unannotated_root,0.675753
wheat_soil_root_atlas:GSM8339904_rep1_filtered_feature_bc_matrix:GAAGCCCTCTATGTGG-1,3194,unannotated_root,0.677173,unannotated_root,0.485730
wheat_soil_root_atlas:GSM8339904_rep1_filtered_feature_bc_matrix:GAAGCGAAGGCTATCT-1,3195,unannotated_root,0.730009,unannotated_root,0.544087
wheat_soil_root_atlas:GSM8339904_rep1_filtered_feature_bc_matrix:GACCCAGCACGACGTC-1,3196,unannotated_root,0.640590,unannotated_root,0.420072
wheat_soil_root_atlas:GSM8339904_rep1_filtered_feature_bc_matrix:GACGCTGGTGTGTGTT-1,3197,unannotated_root,0.849075,unannotated_root,0.714085
wheat_soil_root_atlas:GSM8339904_rep1_filtered_feature_bc_matrix:GACTCTCGTGGCGCTT-1,3198,unannotated_root,0.849201,unannotated_root,0.697441
wheat_soil_root_atlas:GSM8339904_rep1_filtered_feature_bc_matrix:GACTCTCTCTCGCAGG-1,3199,unannotated_root,0.816922,unannotated_root,0.665175
wheat_soil_root_atlas:GSM8339904_rep1_filtered_feature_bc_matrix:GACTGATCATCCTGTC-1,3200,unannotated_root,0.851033,unannotated_root,0.718142
wheat_soil_root_atlas:GSM8339904_rep1_filtered_feature_bc_matrix:GAGATGGTCCCGGTAG-1,3201,unannotated_root,0.740402,unannotated_root,0.542074
wheat_soil_root_atlas:GSM8339904_rep1_filtered_feature_bc_matrix:GAGGCAATCAGCGGAA-1,3202,unannotated_root,0.787822,unannotated_root,0.624498
wheat_soil_root_atlas:GSM8339904_rep1_filtered_feature_bc_matrix:GAGTTACCATCCTCAC-1,3203,unannotated_root,0.820806,unannotated_root,0.685071
wheat_soil_root_atlas:GSM8339904_rep1_filtered_feature_bc_matrix:GATAGAAAGCGAAACC-1,3204,unannotated_root,0.836468,unannotated_root,0.671205
wheat_soil_root_atlas:GSM8339904_rep1_filtered_feature_bc_matrix:GATAGAATCAAGCGTT-1,3205,unannotated_root,0.619626,unannotated_root,0.404695
wheat_soil_root_atlas:GSM8339904_rep1_filtered_feature_bc_matrix:GATAGCTAGCCTCACG-1,3206,unannotated_root,0.701204,unannotated_root,0.484010
wheat_soil_root_atlas:GSM8339904_rep1_filtered_feature_bc_matrix:GATCAGTCAAGCGCTC-1,3207,unannotated_root,0.720318,unannotated_root,0.522888
wheat_soil_root_atlas:GSM8339904_rep1_filtered_feature_bc_matrix:GATGCTAGTGGCTGAA-1,3208,unannotated_root,0.640163,unannotated_root,0.441652
wheat_soil_root_atlas:GSM8339904_rep1_filtered_feature_bc_matrix:GATTTCTAGAGCAAGA-1,3209,unannotated_root,0.816594,unannotated_root,0.621673
wheat_soil_root_atlas:GSM8339904_rep1_filtered_feature_bc_matrix:GCACATAAGCGACCCT-1,3210,unannotated_root,0.814358,unannotated_root,0.630336
wheat_soil_root_atlas:GSM8339904_rep1_filtered_feature_bc_matrix:GCAGCTGGTGTCATGT-1,3211,unannotated_root,0.814624,unannotated_root,0.668485
wheat_soil_root_atlas:GSM8339904_rep1_filtered_feature_bc_matrix:GCAGTTAGTCGACGCT-1,3212,unannotated_root,0.769719,unannotated_root,0.566000
wheat_soil_root_atlas:GSM8339904_rep1_filtered_feature_bc_matrix:GCATCGGAGTTCACTG-1,3213,unannotated_root,0.672052,unannotated_root,0.512951
wheat_soil_root_atlas:GSM8339904_rep1_filtered_feature_bc_matrix:GCATCTCCACTACCGG-1,3214,unannotated_root,0.618200,unannotated_root,0.446412
wheat_soil_root_atlas:GSM8339904_rep1_filtered_feature_bc_matrix:GCATGATTCCTGTTAT-1,3215,unannotated_root,0.854019,unannotated_root,0.714428
wheat_soil_root_atlas:GSM8339904_rep1_filtered_feature_bc_matrix:GCATTAGAGCTTAGTC-1,3216,unannotated_root,0.872680,unannotated_root,0.768650
wheat_soil_root_atlas:GSM8339904_rep1_filtered_feature_bc_matrix:GCCAGTGCACACTTAG-1,3217,unannotated_root,0.788754,unannotated_root,0.564753
wheat_soil_root_atlas:GSM8339904_rep1_filtered_feature_bc_matrix:GCCCGAAGTGGATGAC-1,3218,unannotated_root,0.723874,unannotated_root,0.542899
wheat_soil_root_atlas:GSM8339904_rep1_filtered_feature_bc_matrix:GCCTGTTAGCGGGTAT-1,3219,unannotated_root,0.763003,unannotated_root,0.634292
wheat_soil_root_atlas:GSM8339904_rep1_filtered_feature_bc_matrix:GCCTGTTTCCCTCATG-1,3220,unannotated_root,0.729630,unannotated_root,0.492174
wheat_soil_root_atlas:GSM8339904_rep1_filtered_feature_bc_matrix:GCGAGAATCACACGAT-1,3221,unannotated_root,0.551158,unannotated_root,0.370745
wheat_soil_root_atlas:GSM8339904_rep1_filtered_feature_bc_matrix:GCTACAAGTGAACCGA-1,3222,unannotated_root,0.696168,unannotated_root,0.550509
wheat_soil_root_atlas:GSM8339904_rep1_filtered_feature_bc_matrix:GCTACAATCAATCGGT-1,3223,unannotated_root,0.751465,unannotated_root,0.587625
wheat_soil_root_atlas:GSM8339904_rep1_filtered_feature_bc_matrix:GGAACCCGTGGAATGC-1,3224,unannotated_root,0.851110,unannotated_root,0.725731
wheat_soil_root_atlas:GSM8339904_rep1_filtered_feature_bc_matrix:GGAAGTGTCCCATGGG-1,3225,unannotated_root,0.787159,unannotated_root,0.621113
wheat_soil_root_atlas:GSM8339904_rep1_filtered_feature_bc_matrix:GGAGATGGTTGAGAGC-1,3226,unannotated_root,0.791323,unannotated_root,0.628173
wheat_soil_root_atlas:GSM8339904_rep1_filtered_feature_bc_matrix:GGCTGTGTCCGTAGTA-1,3227,unannotated_root,0.858970,unannotated_root,0.720301
wheat_soil_root_atlas:GSM8339904_rep1_filtered_feature_bc_matrix:GGGAAGTCAAGAGCTG-1,3228,unannotated_root,0.821141,unannotated_root,0.666366
wheat_soil_root_atlas:GSM8339904_rep1_filtered_feature_bc_matrix:GGGACTCGTACAGTAA-1,3229,unannotated_root,0.814261,unannotated_root,0.671163
wheat_soil_root_atlas:GSM8339904_rep1_filtered_feature_bc_matrix:GGGAGATCAGATGCGA-1,3230,unannotated_root,0.805659,unannotated_root,0.604167
wheat_soil_root_atlas:GSM8339904_rep1_filtered_feature_bc_matrix:GGGCCATAGGTACATA-1,3231,unannotated_root,0.819565,unannotated_root,0.660452
wheat_soil_root_atlas:GSM8339904_rep1_filtered_feature_bc_matrix:GGGCTACAGCTACAAA-1,3232,unannotated_root,0.752825,unannotated_root,0.601304
wheat_soil_root_atlas:GSM8339904_rep1_filtered_feature_bc_matrix:GGGTCTGAGGCCTTGC-1,3233,unannotated_root,0.831695,unannotated_root,0.648263
wheat_soil_root_atlas:GSM8339904_rep1_filtered_feature_bc_matrix:GGGTGTCCACGGAAGT-1,3234,unannotated_root,0.789716,unannotated_root,0.619256
wheat_soil_root_atlas:GSM8339904_rep1_filtered_feature_bc_matrix:GGGTTATCAATGAAAC-1,3235,unannotated_root,0.782741,unannotated_root,0.636131
wheat_soil_root_atlas:GSM8339904_rep1_filtered_feature_bc_matrix:GGTAATCAGTTCATCG-1,3236,unannotated_root,0.720992,unannotated_root,0.453244
wheat_soil_root_atlas:GSM8339904_rep1_filtered_feature_bc_matrix:GGTCACGGTTCGATTG-1,3237,unannotated_root,0.551720,unannotated_root,0.377395
wheat_soil_root_atlas:GSM8339904_rep1_filtered_feature_bc_matrix:GTAACACCAAAGTGTA-1,3238,unannotated_root,0.677521,unannotated_root,0.532050
wheat_soil_root_atlas:GSM8339904_rep1_filtered_feature_bc_matrix:GTAACACTCATGAAAG-1,3239,unannotated_root,0.813338,unannotated_root,0.666280
wheat_soil_root_atlas:GSM8339904_rep1_filtered_feature_bc_matrix:GTAACCAAGTAATACG-1,3240,unannotated_root,0.709713,unannotated_root,0.530611
wheat_soil_root_atlas:GSM8339904_rep1_filtered_feature_bc_matrix:GTAATCGCAGGTTCGC-1,3241,unannotated_root,0.833539,unannotated_root,0.669743
wheat_soil_root_atlas:GSM8339904_rep1_filtered_feature_bc_matrix:GTCACGGAGCTCACTA-1,3242,unannotated_root,0.753643,unannotated_root,0.544788
wheat_soil_root_atlas:GSM8339904_rep1_filtered_feature_bc_matrix:GTCATGACAGACCTAT-1,3243,unannotated_root,0.837968,unannotated_root,0.711364
wheat_soil_root_atlas:GSM8339904_rep1_filtered_feature_bc_matrix:GTCCCATAGATAACGT-1,3244,unannotated_root,0.797041,unannotated_root,0.606504
wheat_soil_root_atlas:GSM8339904_rep1_filtered_feature_bc_matrix:GTCGAATAGTAGGATT-1,3245,unannotated_root,0.855289,unannotated_root,0.720535
wheat_soil_root_atlas:GSM8339904_rep1_filtered_feature_bc_matrix:GTCGAATGTTTCGTTT-1,3246,unannotated_root,0.843248,unannotated_root,0.688256
wheat_soil_root_atlas:GSM8339904_rep1_filtered_feature_bc_matrix:GTCTAGAGTTTCGATG-1,3247,unannotated_root,0.513374,endodermis,0.462892
wheat_soil_root_atlas:GSM8339904_rep1_filtered_feature_bc_matrix:GTGAGGACAGAAATCA-1,3248,unannotated_root,0.824251,unannotated_root,0.664092
wheat_soil_root_atlas:GSM8339904_rep1_filtered_feature_bc_matrix:GTGGCGTTCTTACCGC-1,3249,unannotated_root,0.819076,unannotated_root,0.666313
wheat_soil_root_atlas:GSM8339904_rep1_filtered_feature_bc_matrix:GTGTAACTCACCCTCA-1,3250,unannotated_root,0.814316,unannotated_root,0.632639
wheat_soil_root_atlas:GSM8339904_rep1_filtered_feature_bc_matrix:GTGTTCCGTACTGCGC-1,3251,unannotated_root,0.724844,unannotated_root,0.486702
wheat_soil_root_atlas:GSM8339904_rep1_filtered_feature_bc_matrix:GTTACGACAGTCACGC-1,3252,unannotated_root,0.722053,unannotated_root,0.561330
wheat_soil_root_atlas:GSM8339904_rep1_filtered_feature_bc_matrix:GTTAGTGGTGTTACAC-1,3253,unannotated_root,0.754133,unannotated_root,0.577219
wheat_soil_root_atlas:GSM8339904_rep1_filtered_feature_bc_matrix:GTTATGGCACATTACG-1,3254,unannotated_root,0.749758,unannotated_root,0.540919
wheat_soil_root_atlas:GSM8339904_rep1_filtered_feature_bc_matrix:GTTATGGTCTAGCCTC-1,3255,unannotated_root,0.829613,unannotated_root,0.683498
wheat_soil_root_atlas:GSM8339904_rep1_filtered_feature_bc_matrix:GTTCCGTGTATAGGAT-1,3256,unannotated_root,0.703480,unannotated_root,0.431052
wheat_soil_root_atlas:GSM8339904_rep1_filtered_feature_bc_matrix:GTTGTAGTCAGAGCGA-1,3257,unannotated_root,0.654684,unannotated_root,0.471386
wheat_soil_root_atlas:GSM8339904_rep1_filtered_feature_bc_matrix:GTTGTGATCCGATAAC-1,3258,unannotated_root,0.812100,unannotated_root,0.672654
wheat_soil_root_atlas:GSM8339904_rep1_filtered_feature_bc_matrix:TAACCAGTCACTCACC-1,3259,unannotated_root,0.784544,unannotated_root,0.605783
wheat_soil_root_atlas:GSM8339904_rep1_filtered_feature_bc_matrix:TAAGCGTGTGGTCCGT-1,3260,unannotated_root,0.777143,unannotated_root,0.583290
wheat_soil_root_atlas:GSM8339904_rep1_filtered_feature_bc_matrix:TAATCTCCAAGTCGTT-1,3261,unannotated_root,0.729299,unannotated_root,0.536254
wheat_soil_root_atlas:GSM8339904_rep1_filtered_feature_bc_matrix:TAATCTCTCGAGTTGT-1,3262,unannotated_root,0.468553,endodermis,0.391433
wheat_soil_root_atlas:GSM8339904_rep1_filtered_feature_bc_matrix:TACCGAAAGATCGACG-1,3263,unannotated_root,0.531550,unannotated_root,0.361355
wheat_soil_root_atlas:GSM8339904_rep1_filtered_feature_bc_matrix:TACCGGGTCCGTCACT-1,3264,unannotated_root,0.825419,unannotated_root,0.664457
wheat_soil_root_atlas:GSM8339904_rep1_filtered_feature_bc_matrix:TACCTGCTCGAACTCA-1,3265,unannotated_root,0.865761,unannotated_root,0.735804
wheat_soil_root_atlas:GSM8339904_rep1_filtered_feature_bc_matrix:TAGGTACTCAAGCCAT-1,3266,unannotated_root,0.857415,unannotated_root,0.729048
wheat_soil_root_atlas:GSM8339904_rep1_filtered_feature_bc_matrix:TATCTTGAGTCAACAA-1,3267,unannotated_root,0.546976,unannotated_root,0.394103
wheat_soil_root_atlas:GSM8339904_rep1_filtered_feature_bc_matrix:TATGTTCGTTACACTG-1,3268,unannotated_root,0.809324,unannotated_root,0.649570
wheat_soil_root_atlas:GSM8339904_rep1_filtered_feature_bc_matrix:TATTTCGTCTCTATAC-1,3269,unannotated_root,0.790657,unannotated_root,0.626924
wheat_soil_root_atlas:GSM8339904_rep1_filtered_feature_bc_matrix:TCAAGCAAGCATGCGA-1,3270,unannotated_root,0.661178,unannotated_root,0.481927
wheat_soil_root_atlas:GSM8339904_rep1_filtered_feature_bc_matrix:TCAAGTGAGACCTCAT-1,3271,unannotated_root,0.564060,unannotated_root,0.391296
wheat_soil_root_atlas:GSM8339904_rep1_filtered_feature_bc_matrix:TCAATCTGTAGCGCCT-1,3272,unannotated_root,0.814955,unannotated_root,0.645162
wheat_soil_root_atlas:GSM8339904_rep1_filtered_feature_bc_matrix:TCACAAGCATCCAACA-1,3273,unannotated_root,0.815881,unannotated_root,0.644584
wheat_soil_root_atlas:GSM8339904_rep1_filtered_feature_bc_matrix:TCACATTTCACGGGCT-1,3274,unannotated_root,0.754545,unannotated_root,0.535844
wheat_soil_root_atlas:GSM8339904_rep1_filtered_feature_bc_matrix:TCAGCAAAGCCTGACC-1,3275,unannotated_root,0.783295,unannotated_root,0.610614
wheat_soil_root_atlas:GSM8339904_rep1_filtered_feature_bc_matrix:TCAGCCTCAGCGTGCT-1,3276,unannotated_root,0.853860,unannotated_root,0.728946
wheat_soil_root_atlas:GSM8339904_rep1_filtered_feature_bc_matrix:TCAGTCCTCACCTACC-1,3277,unannotated_root,0.755576,unannotated_root,0.580387
wheat_soil_root_atlas:GSM8339904_rep1_filtered_feature_bc_matrix:TCATATCTCACCATCC-1,3278,unannotated_root,0.717712,unannotated_root,0.550032
wheat_soil_root_atlas:GSM8339904_rep1_filtered_feature_bc_matrix:TCATTTGAGGGCCAAT-1,3279,unannotated_root,0.683521,unannotated_root,0.526044
wheat_soil_root_atlas:GSM8339904_rep1_filtered_feature_bc_matrix:TCCACGTGTCCGGCAT-1,3280,unannotated_root,0.736188,unannotated_root,0.516256
wheat_soil_root_atlas:GSM8339904_rep1_filtered_feature_bc_matrix:TCCCACATCGATTGAC-1,3281,unannotated_root,0.846858,unannotated_root,0.707781
wheat_soil_root_atlas:GSM8339904_rep1_filtered_feature_bc_matrix:TCCGAAACACGACAGA-1,3282,unannotated_root,0.754424,unannotated_root,0.530587
wheat_soil_root_atlas:GSM8339904_rep1_filtered_feature_bc_matrix:TCCGGGAAGACTACGG-1,3283,unannotated_root,0.845852,unannotated_root,0.689199
wheat_soil_root_atlas:GSM8339904_rep1_filtered_feature_bc_matrix:TCCTCGACACTTGTGA-1,3284,unannotated_root,0.634855,unannotated_root,0.480091
wheat_soil_root_atlas:GSM8339904_rep1_filtered_feature_bc_matrix:TCCTGCAAGTAGACCG-1,3285,unannotated_root,0.752433,unannotated_root,0.532371
wheat_soil_root_atlas:GSM8339904_rep1_filtered_feature_bc_matrix:TCGACCTCAGCTATTG-1,3286,unannotated_root,0.850650,unannotated_root,0.710264
wheat_soil_root_atlas:GSM8339904_rep1_filtered_feature_bc_matrix:TCGGATAGTACCCGCA-1,3287,unannotated_root,0.855572,unannotated_root,0.727942
wheat_soil_root_atlas:GSM8339904_rep1_filtered_feature_bc_matrix:TCGGGACAGGAGGTTC-1,3288,unannotated_root,0.831227,unannotated_root,0.664635
wheat_soil_root_atlas:GSM8339904_rep1_filtered_feature_bc_matrix:TCGTAGACAGTGTGGA-1,3289,unannotated_root,0.790161,unannotated_root,0.639323
wheat_soil_root_atlas:GSM8339904_rep1_filtered_feature_bc_matrix:TCGTAGATCTCGTGGG-1,3290,unannotated_root,0.791196,unannotated_root,0.600149
wheat_soil_root_atlas:GSM8339904_rep1_filtered_feature_bc_matrix:TCTATCAGTGGTCTGC-1,3291,unannotated_root,0.760064,unannotated_root,0.604938
wheat_soil_root_atlas:GSM8339904_rep1_filtered_feature_bc_matrix:TCTCACGTCAGCTCTC-1,3292,unannotated_root,0.758567,unannotated_root,0.560471
wheat_soil_root_atlas:GSM8339904_rep1_filtered_feature_bc_matrix:TCTCACGTCCATTGGA-1,3293,unannotated_root,0.828526,unannotated_root,0.693911
wheat_soil_root_atlas:GSM8339904_rep1_filtered_feature_bc_matrix:TCTCCGAAGACGTCCC-1,3294,unannotated_root,0.802713,unannotated_root,0.677650
wheat_soil_root_atlas:GSM8339904_rep1_filtered_feature_bc_matrix:TCTCCGAGTCAATCTG-1,3295,unannotated_root,0.634215,unannotated_root,0.490308
wheat_soil_root_atlas:GSM8339904_rep1_filtered_feature_bc_matrix:TCTCTGGGTCACTACA-1,3296,unannotated_root,0.831294,unannotated_root,0.663899
wheat_soil_root_atlas:GSM8339904_rep1_filtered_feature_bc_matrix:TCTTAGTCAACACAAA-1,3297,unannotated_root,0.588310,unannotated_root,0.438100
wheat_soil_root_atlas:GSM8339904_rep1_filtered_feature_bc_matrix:TCTTAGTCAACGGCCT-1,3298,unannotated_root,0.827238,unannotated_root,0.677709
wheat_soil_root_atlas:GSM8339904_rep1_filtered_feature_bc_matrix:TGAGGAGTCCAAGCTA-1,3299,unannotated_root,0.838284,unannotated_root,0.703009
wheat_soil_root_atlas:GSM8339904_rep1_filtered_feature_bc_matrix:TGAGGTTAGGATCACG-1,3300,unannotated_root,0.828893,unannotated_root,0.691918
wheat_soil_root_atlas:GSM8339904_rep1_filtered_feature_bc_matrix:TGATCTTCACGCTGAC-1,3301,unannotated_root,0.629778,unannotated_root,0.432258
wheat_soil_root_atlas:GSM8339904_rep1_filtered_feature_bc_matrix:TGATTTCGTCTGTAAC-1,3302,unannotated_root,0.642831,unannotated_root,0.475797
wheat_soil_root_atlas:GSM8339904_rep1_filtered_feature_bc_matrix:TGCAGATAGACCAGCA-1,3303,unannotated_root,0.513291,unannotated_root,0.362340
wheat_soil_root_atlas:GSM8339904_rep1_filtered_feature_bc_matrix:TGCAGTAGTCCACTTC-1,3304,unannotated_root,0.581506,unannotated_root,0.440945
wheat_soil_root_atlas:GSM8339904_rep1_filtered_feature_bc_matrix:TGCTTCGAGCGGCTCT-1,3305,unannotated_root,0.607508,unannotated_root,0.471994
wheat_soil_root_atlas:GSM8339904_rep1_filtered_feature_bc_matrix:TGGAACTTCGCGGACT-1,3306,unannotated_root,0.850392,unannotated_root,0.737124
wheat_soil_root_atlas:GSM8339904_rep1_filtered_feature_bc_matrix:TGGGTTAAGACTGAGC-1,3307,unannotated_root,0.803448,unannotated_root,0.633891
wheat_soil_root_atlas:GSM8339904_rep1_filtered_feature_bc_matrix:TGGTACAAGCCACCGT-1,3308,unannotated_root,0.615804,unannotated_root,0.476201
wheat_soil_root_atlas:GSM8339904_rep1_filtered_feature_bc_matrix:TGGTACATCTTCGTAT-1,3309,unannotated_root,0.799799,unannotated_root,0.618821
wheat_soil_root_atlas:GSM8339904_rep1_filtered_feature_bc_matrix:TGGTAGTCAGAAATCA-1,3310,unannotated_root,0.787062,unannotated_root,0.598641
wheat_soil_root_atlas:GSM8339904_rep1_filtered_feature_bc_matrix:TGGTAGTTCAGCGCGT-1,3311,unannotated_root,0.772537,unannotated_root,0.612570
wheat_soil_root_atlas:GSM8339904_rep1_filtered_feature_bc_matrix:TGGTTAGTCGACGCTG-1,3312,unannotated_root,0.688496,unannotated_root,0.452010
wheat_soil_root_atlas:GSM8339904_rep1_filtered_feature_bc_matrix:TGTGATGAGTCACGAG-1,3313,unannotated_root,0.815244,unannotated_root,0.683727
wheat_soil_root_atlas:GSM8339904_rep1_filtered_feature_bc_matrix:TGTGGCGAGACGCTCC-1,3314,unannotated_root,0.597755,unannotated_root,0.399093
wheat_soil_root_atlas:GSM8339904_rep1_filtered_feature_bc_matrix:TGTGGCGAGAGGGTAA-1,3315,unannotated_root,0.614114,unannotated_root,0.451200
wheat_soil_root_atlas:GSM8339904_rep1_filtered_feature_bc_matrix:TTACAGGCACCACATA-1,3316,unannotated_root,0.710415,unannotated_root,0.487093
wheat_soil_root_atlas:GSM8339904_rep1_filtered_feature_bc_matrix:TTAGGGTAGAGGCCAT-1,3317,unannotated_root,0.658935,unannotated_root,0.498646
wheat_soil_root_atlas:GSM8339904_rep1_filtered_feature_bc_matrix:TTATTGCAGATTTGCC-1,3318,unannotated_root,0.798047,unannotated_root,0.663056
wheat_soil_root_atlas:GSM8339904_rep1_filtered_feature_bc_matrix:TTCCTAATCATAGGCT-1,3319,unannotated_root,0.689434,unannotated_root,0.540289
wheat_soil_root_atlas:GSM8339904_rep1_filtered_feature_bc_matrix:TTCTAGTTCGCCGATG-1,3320,unannotated_root,0.792167,unannotated_root,0.629626
wheat_soil_root_atlas:GSM8339904_rep1_filtered_feature_bc_matrix:TTGAACGCACCCTGAG-1,3321,unannotated_root,0.745025,unannotated_root,0.597174
wheat_soil_root_atlas:GSM8339904_rep1_filtered_feature_bc_matrix:TTGAACGCATCTAACG-1,3322,unannotated_root,0.807904,unannotated_root,0.613657
wheat_soil_root_atlas:GSM8339904_rep1_filtered_feature_bc_matrix:TTGGGATCAGTGTGGA-1,3323,unannotated_root,0.818978,unannotated_root,0.642176
wheat_soil_root_atlas:GSM8339904_rep1_filtered_feature_bc_matrix:TTGTGTTTCGCTAGCG-1,3324,unannotated_root,0.599499,unannotated_root,0.386293
wheat_soil_root_atlas:GSM8339904_rep1_filtered_feature_bc_matrix:TTGTTCATCGGAATGG-1,3325,unannotated_root,0.863546,unannotated_root,0.730249
wheat_soil_root_atlas:GSM8339904_rep1_filtered_feature_bc_matrix:TTTAGTCCAGCGTGCT-1,3326,unannotated_root,0.795324,unannotated_root,0.615370
wheat_soil_root_atlas:GSM8339904_rep1_filtered_feature_bc_matrix:TTTCCTCCATACCAGT-1,3327,unannotated_root,0.795479,unannotated_root,0.628182
brassicaceae_multi_species_root_atlas:GSM8302004_Ath_Root_Ctrl_scRNAseq_R1:AAACCCACAGATTCGT-1,3328,unannotated_root,0.834307,unannotated_root,0.811063
brassicaceae_multi_species_root_atlas:GSM8302004_Ath_Root_Ctrl_scRNAseq_R1:AAAGGGCCAAGCCCAC-1,3329,unannotated_root,0.904012,unannotated_root,0.888471
brassicaceae_multi_species_root_atlas:GSM8302004_Ath_Root_Ctrl_scRNAseq_R1:AACAGGGCATGACAGG-1,3330,unannotated_root,0.785392,unannotated_root,0.770638
brassicaceae_multi_species_root_atlas:GSM8302004_Ath_Root_Ctrl_scRNAseq_R1:AACCACAGTCACCGCA-1,3331,unannotated_root,0.869441,unannotated_root,0.853897
brassicaceae_multi_species_root_atlas:GSM8302004_Ath_Root_Ctrl_scRNAseq_R1:AAGCATCCAATTGCGT-1,3332,unannotated_root,0.879056,unannotated_root,0.864907
brassicaceae_multi_species_root_atlas:GSM8302004_Ath_Root_Ctrl_scRNAseq_R1:AATTCCTAGCATACTC-1,3333,unannotated_root,0.845202,unannotated_root,0.821434
brassicaceae_multi_species_root_atlas:GSM8302004_Ath_Root_Ctrl_scRNAseq_R1:ACACTGACACTACTTT-1,3334,unannotated_root,0.946768,unannotated_root,0.931021
brassicaceae_multi_species_root_atlas:GSM8302004_Ath_Root_Ctrl_scRNAseq_R1:ACGCACGTCGTAGCTA-1,3335,unannotated_root,0.910609,unannotated_root,0.900800
brassicaceae_multi_species_root_atlas:GSM8302004_Ath_Root_Ctrl_scRNAseq_R1:ACTACGAGTTGCATCA-1,3336,unannotated_root,0.910109,unannotated_root,0.885864
brassicaceae_multi_species_root_atlas:GSM8302004_Ath_Root_Ctrl_scRNAseq_R1:ACTTATCAGGATTTAG-1,3337,unannotated_root,0.918918,unannotated_root,0.889212
brassicaceae_multi_species_root_atlas:GSM8302004_Ath_Root_Ctrl_scRNAseq_R1:ACTTTGTAGAAGCCAC-1,3338,unannotated_root,0.921229,unannotated_root,0.896701
brassicaceae_multi_species_root_atlas:GSM8302004_Ath_Root_Ctrl_scRNAseq_R1:AGAACAAGTTCAGCTA-1,3339,endodermis,0.426596,endodermis,0.476898
brassicaceae_multi_species_root_atlas:GSM8302004_Ath_Root_Ctrl_scRNAseq_R1:AGCTACACACCCAATA-1,3340,unannotated_root,0.897062,unannotated_root,0.900720
brassicaceae_multi_species_root_atlas:GSM8302004_Ath_Root_Ctrl_scRNAseq_R1:AGGTCATGTGGTAATA-1,3341,unannotated_root,0.902377,unannotated_root,0.879420
brassicaceae_multi_species_root_atlas:GSM8302004_Ath_Root_Ctrl_scRNAseq_R1:AGTGATCAGTCTTCGA-1,3342,unannotated_root,0.766554,unannotated_root,0.783810
brassicaceae_multi_species_root_atlas:GSM8302004_Ath_Root_Ctrl_scRNAseq_R1:ATCACGAGTGCTAGCC-1,3343,unannotated_root,0.871136,unannotated_root,0.856211
brassicaceae_multi_species_root_atlas:GSM8302004_Ath_Root_Ctrl_scRNAseq_R1:CAGATCAGTTCGGCGT-1,3344,unannotated_root,0.898322,unannotated_root,0.888527
brassicaceae_multi_species_root_atlas:GSM8302004_Ath_Root_Ctrl_scRNAseq_R1:CATGCAAGTAATTGGA-1,3345,unannotated_root,0.837009,unannotated_root,0.825884
brassicaceae_multi_species_root_atlas:GSM8302004_Ath_Root_Ctrl_scRNAseq_R1:CATGCCTTCGTACACA-1,3346,unannotated_root,0.903705,unannotated_root,0.886517
brassicaceae_multi_species_root_atlas:GSM8302004_Ath_Root_Ctrl_scRNAseq_R1:CATGCTCTCTCCAAGA-1,3347,unannotated_root,0.909573,unannotated_root,0.882486
brassicaceae_multi_species_root_atlas:GSM8302004_Ath_Root_Ctrl_scRNAseq_R1:CATGGTACAGGGACTA-1,3348,unannotated_root,0.839608,unannotated_root,0.831888
brassicaceae_multi_species_root_atlas:GSM8302004_Ath_Root_Ctrl_scRNAseq_R1:CATTTCACAAGTGGGT-1,3349,unannotated_root,0.916061,unannotated_root,0.905201
brassicaceae_multi_species_root_atlas:GSM8302004_Ath_Root_Ctrl_scRNAseq_R1:CCACAAACAATTCTTC-1,3350,unannotated_root,0.933677,unannotated_root,0.921895
brassicaceae_multi_species_root_atlas:GSM8302004_Ath_Root_Ctrl_scRNAseq_R1:CCGGTAGAGTGAGTGC-1,3351,unannotated_root,0.940918,unannotated_root,0.921797
brassicaceae_multi_species_root_atlas:GSM8302004_Ath_Root_Ctrl_scRNAseq_R1:CCGGTAGTCAAGGTGG-1,3352,unannotated_root,0.575426,unannotated_root,0.548296
brassicaceae_multi_species_root_atlas:GSM8302004_Ath_Root_Ctrl_scRNAseq_R1:CCTAAGAAGAAGGGAT-1,3353,unannotated_root,0.911131,unannotated_root,0.887641
brassicaceae_multi_species_root_atlas:GSM8302004_Ath_Root_Ctrl_scRNAseq_R1:CGAGTTATCAACGAGG-1,3354,unannotated_root,0.890175,unannotated_root,0.880773
brassicaceae_multi_species_root_atlas:GSM8302004_Ath_Root_Ctrl_scRNAseq_R1:CGGGACTGTCAACCAT-1,3355,unannotated_root,0.860594,unannotated_root,0.845323
brassicaceae_multi_species_root_atlas:GSM8302004_Ath_Root_Ctrl_scRNAseq_R1:CGTAATGTCCTTCTGG-1,3356,unannotated_root,0.872325,unannotated_root,0.860210
brassicaceae_multi_species_root_atlas:GSM8302004_Ath_Root_Ctrl_scRNAseq_R1:CTACCCACACGGGTAA-1,3357,unannotated_root,0.929586,unannotated_root,0.911127
brassicaceae_multi_species_root_atlas:GSM8302004_Ath_Root_Ctrl_scRNAseq_R1:CTCACTGCATCAGTGT-1,3358,unannotated_root,0.778213,unannotated_root,0.768132
brassicaceae_multi_species_root_atlas:GSM8302004_Ath_Root_Ctrl_scRNAseq_R1:CTCAGAATCCATCGTC-1,3359,unannotated_root,0.853136,unannotated_root,0.853499
brassicaceae_multi_species_root_atlas:GSM8302004_Ath_Root_Ctrl_scRNAseq_R1:CTCTCAGTCGGAGTAG-1,3360,unannotated_root,0.917586,unannotated_root,0.893951
brassicaceae_multi_species_root_atlas:GSM8302004_Ath_Root_Ctrl_scRNAseq_R1:GAACTGTTCTCACTCG-1,3361,unannotated_root,0.590855,unannotated_root,0.550147
brassicaceae_multi_species_root_atlas:GSM8302004_Ath_Root_Ctrl_scRNAseq_R1:GAATAGATCATTCACT-1,3362,unannotated_root,0.895971,unannotated_root,0.875088
brassicaceae_multi_species_root_atlas:GSM8302004_Ath_Root_Ctrl_scRNAseq_R1:GACGTTAAGGGCATGT-1,3363,unannotated_root,0.751974,unannotated_root,0.776563
brassicaceae_multi_species_root_atlas:GSM8302004_Ath_Root_Ctrl_scRNAseq_R1:GAGATGGGTATACAGA-1,3364,unannotated_root,0.808893,unannotated_root,0.815102
brassicaceae_multi_species_root_atlas:GSM8302004_Ath_Root_Ctrl_scRNAseq_R1:GCAACATCACTCACTC-1,3365,unannotated_root,0.843262,unannotated_root,0.824429
brassicaceae_multi_species_root_atlas:GSM8302004_Ath_Root_Ctrl_scRNAseq_R1:GGATGTTGTACCCAGC-1,3366,unannotated_root,0.866349,unannotated_root,0.851839
brassicaceae_multi_species_root_atlas:GSM8302004_Ath_Root_Ctrl_scRNAseq_R1:GTAAGTCAGAGTCAAT-1,3367,unannotated_root,0.847122,unannotated_root,0.836869
brassicaceae_multi_species_root_atlas:GSM8302004_Ath_Root_Ctrl_scRNAseq_R1:GTAGTACGTCATCGCG-1,3368,unannotated_root,0.896946,unannotated_root,0.878449
brassicaceae_multi_species_root_atlas:GSM8302004_Ath_Root_Ctrl_scRNAseq_R1:GTGTAACGTGATACAA-1,3369,unannotated,0.703668,unannotated,0.653291
brassicaceae_multi_species_root_atlas:GSM8302004_Ath_Root_Ctrl_scRNAseq_R1:GTTTACTAGTGAGTGC-1,3370,unannotated_root,0.862493,unannotated_root,0.835376
brassicaceae_multi_species_root_atlas:GSM8302004_Ath_Root_Ctrl_scRNAseq_R1:TAACGACTCGAGTCTA-1,3371,unannotated_root,0.879644,unannotated_root,0.849553
brassicaceae_multi_species_root_atlas:GSM8302004_Ath_Root_Ctrl_scRNAseq_R1:TACACCCGTATTCTCT-1,3372,unannotated_root,0.814295,unannotated_root,0.807848
brassicaceae_multi_species_root_atlas:GSM8302004_Ath_Root_Ctrl_scRNAseq_R1:TACCCACAGCACTCTA-1,3373,G2/M phase,0.470334,G2/M phase,0.394256
brassicaceae_multi_species_root_atlas:GSM8302004_Ath_Root_Ctrl_scRNAseq_R1:TACGGGCTCTAAACGC-1,3374,unannotated_root,0.945458,unannotated_root,0.935797
brassicaceae_multi_species_root_atlas:GSM8302004_Ath_Root_Ctrl_scRNAseq_R1:TATCGCCAGCGATGCA-1,3375,unannotated_root,0.846053,unannotated_root,0.837324
brassicaceae_multi_species_root_atlas:GSM8302004_Ath_Root_Ctrl_scRNAseq_R1:TATCTGTCACGTAGTT-1,3376,unannotated_root,0.877333,unannotated_root,0.862982
brassicaceae_multi_species_root_atlas:GSM8302004_Ath_Root_Ctrl_scRNAseq_R1:TCACACCCACCTCTGT-1,3377,unannotated_root,0.646577,unannotated_root,0.586542
brassicaceae_multi_species_root_atlas:GSM8302004_Ath_Root_Ctrl_scRNAseq_R1:TCCACGTGTCCTTAAG-1,3378,unannotated_root,0.734345,unannotated_root,0.726647
brassicaceae_multi_species_root_atlas:GSM8302004_Ath_Root_Ctrl_scRNAseq_R1:TCCTCTTTCTTGGATG-1,3379,unannotated_root,0.836255,unannotated_root,0.815214
brassicaceae_multi_species_root_atlas:GSM8302004_Ath_Root_Ctrl_scRNAseq_R1:TCGTCCATCGACTCCT-1,3380,unannotated_root,0.944577,unannotated_root,0.930378
brassicaceae_multi_species_root_atlas:GSM8302004_Ath_Root_Ctrl_scRNAseq_R1:TCTCACGTCAACTTTC-1,3381,unannotated_root,0.823363,unannotated_root,0.821844
brassicaceae_multi_species_root_atlas:GSM8302004_Ath_Root_Ctrl_scRNAseq_R1:TCTTTGAGTACTCCCT-1,3382,unannotated_root,0.612196,unannotated_root,0.645385
brassicaceae_multi_species_root_atlas:GSM8302004_Ath_Root_Ctrl_scRNAseq_R1:TGACCCTTCAGTCAGT-1,3383,unannotated_root,0.944001,unannotated_root,0.931623
brassicaceae_multi_species_root_atlas:GSM8302004_Ath_Root_Ctrl_scRNAseq_R1:TGTTGAGCACAACGTT-1,3384,unannotated_root,0.898042,unannotated_root,0.882607
brassicaceae_multi_species_root_atlas:GSM8302004_Ath_Root_Ctrl_scRNAseq_R1:TGTTGGATCGTGCAGC-1,3385,unannotated_root,0.868591,unannotated_root,0.837058
brassicaceae_multi_species_root_atlas:GSM8302004_Ath_Root_Ctrl_scRNAseq_R1:TTCGGTCGTTGCCGAC-1,3386,unannotated_root,0.955769,unannotated_root,0.944133
brassicaceae_multi_species_root_atlas:GSM8302004_Ath_Root_Ctrl_scRNAseq_R1:TTGCTGCGTTAAACCC-1,3387,unannotated_root,0.875718,unannotated_root,0.851512
brassicaceae_multi_species_root_atlas:GSM8302004_Ath_Root_Ctrl_scRNAseq_R1:TTTATGCCAAAGGAGA-1,3388,unannotated_root,0.959903,unannotated_root,0.945987
brassicaceae_multi_species_root_atlas:GSM8302004_Ath_Root_Ctrl_scRNAseq_R1:TTTGGAGCAACCAGAG-1,3389,unannotated_root,0.889907,unannotated_root,0.872291
brassicaceae_multi_species_root_atlas:GSM8302010_Esa_Root_Ctrl_scRNAseq_R1:AAAGGGCGTACCCGAC-1,3390,unannotated_root,0.944024,unannotated_root,0.931178
brassicaceae_multi_species_root_atlas:GSM8302010_Esa_Root_Ctrl_scRNAseq_R1:AAATGGAGTTAAAGTG-1,3391,unannotated_root,0.937620,unannotated_root,0.927334
brassicaceae_multi_species_root_atlas:GSM8302010_Esa_Root_Ctrl_scRNAseq_R1:AAGTTCGCAGAGACTG-1,3392,unannotated_root,0.922539,unannotated_root,0.908198
brassicaceae_multi_species_root_atlas:GSM8302010_Esa_Root_Ctrl_scRNAseq_R1:ACGATCAGTATGGGAC-1,3393,unannotated_root,0.917399,unannotated_root,0.906530
brassicaceae_multi_species_root_atlas:GSM8302010_Esa_Root_Ctrl_scRNAseq_R1:ACGGGTCCATGAGTAA-1,3394,unannotated_root,0.939143,unannotated_root,0.927588
brassicaceae_multi_species_root_atlas:GSM8302010_Esa_Root_Ctrl_scRNAseq_R1:ACGTACACAGACATCT-1,3395,unannotated_root,0.955478,unannotated_root,0.944654
brassicaceae_multi_species_root_atlas:GSM8302010_Esa_Root_Ctrl_scRNAseq_R1:ACGTTCCCAAGCACCC-1,3396,unannotated_root,0.917612,unannotated_root,0.902142
brassicaceae_multi_species_root_atlas:GSM8302010_Esa_Root_Ctrl_scRNAseq_R1:ACTGATGGTCGTGGTC-1,3397,unannotated_root,0.831595,unannotated_root,0.811269
brassicaceae_multi_species_root_atlas:GSM8302010_Esa_Root_Ctrl_scRNAseq_R1:ACTGCAATCGCAGATT-1,3398,unannotated_root,0.937124,unannotated_root,0.925543
brassicaceae_multi_species_root_atlas:GSM8302010_Esa_Root_Ctrl_scRNAseq_R1:ACTGTGAGTGATTCAC-1,3399,unannotated_root,0.794814,unannotated_root,0.792245
brassicaceae_multi_species_root_atlas:GSM8302010_Esa_Root_Ctrl_scRNAseq_R1:ACTTATCGTGTCTCCT-1,3400,unannotated_root,0.943596,unannotated_root,0.932207
brassicaceae_multi_species_root_atlas:GSM8302010_Esa_Root_Ctrl_scRNAseq_R1:AGAGCAGAGGGCTTCC-1,3401,unannotated_root,0.940894,unannotated_root,0.930142
brassicaceae_multi_species_root_atlas:GSM8302010_Esa_Root_Ctrl_scRNAseq_R1:AGGAGGTGTTTCGGCG-1,3402,unannotated_root,0.889104,unannotated_root,0.875711
brassicaceae_multi_species_root_atlas:GSM8302010_Esa_Root_Ctrl_scRNAseq_R1:AGTCATGTCTCCCAAC-1,3403,unannotated_root,0.944422,unannotated_root,0.932703
brassicaceae_multi_species_root_atlas:GSM8302010_Esa_Root_Ctrl_scRNAseq_R1:ATACTTCCAGCAGTAG-1,3404,unannotated_root,0.948112,unannotated_root,0.940172
brassicaceae_multi_species_root_atlas:GSM8302010_Esa_Root_Ctrl_scRNAseq_R1:ATTATCCTCTGCCCTA-1,3405,unannotated_root,0.961811,unannotated_root,0.951287
brassicaceae_multi_species_root_atlas:GSM8302010_Esa_Root_Ctrl_scRNAseq_R1:CACGAATCAACCAACT-1,3406,unannotated_root,0.943818,unannotated_root,0.937452
brassicaceae_multi_species_root_atlas:GSM8302010_Esa_Root_Ctrl_scRNAseq_R1:CACGTTCTCTGCGGCA-1,3407,unannotated_root,0.953725,unannotated_root,0.943237
brassicaceae_multi_species_root_atlas:GSM8302010_Esa_Root_Ctrl_scRNAseq_R1:CATGCCTCAGCCTTCT-1,3408,unannotated_root,0.936066,unannotated_root,0.925945
brassicaceae_multi_species_root_atlas:GSM8302010_Esa_Root_Ctrl_scRNAseq_R1:CCATCACAGCGAGGAG-1,3409,unannotated_root,0.872578,unannotated_root,0.856415
brassicaceae_multi_species_root_atlas:GSM8302010_Esa_Root_Ctrl_scRNAseq_R1:CCTCTAGTCTGAGAAA-1,3410,unannotated_root,0.939458,unannotated_root,0.928389
brassicaceae_multi_species_root_atlas:GSM8302010_Esa_Root_Ctrl_scRNAseq_R1:CGAAGTTTCACGGGCT-1,3411,unannotated_root,0.925695,unannotated_root,0.932346
brassicaceae_multi_species_root_atlas:GSM8302010_Esa_Root_Ctrl_scRNAseq_R1:CGACAGCGTGACCGTC-1,3412,unannotated_root,0.946863,unannotated_root,0.947233
brassicaceae_multi_species_root_atlas:GSM8302010_Esa_Root_Ctrl_scRNAseq_R1:CGGGCATGTTGGAGAC-1,3413,unannotated_root,0.948143,unannotated_root,0.936671
brassicaceae_multi_species_root_atlas:GSM8302010_Esa_Root_Ctrl_scRNAseq_R1:CGTGTCTAGCCGAATG-1,3414,unannotated_root,0.920072,unannotated_root,0.909365
brassicaceae_multi_species_root_atlas:GSM8302010_Esa_Root_Ctrl_scRNAseq_R1:CTGCAGGAGACAGCGT-1,3415,unannotated_root,0.930517,unannotated_root,0.935117
brassicaceae_multi_species_root_atlas:GSM8302010_Esa_Root_Ctrl_scRNAseq_R1:CTGCATCAGAGGGTGG-1,3416,unannotated_root,0.941719,unannotated_root,0.930638
brassicaceae_multi_species_root_atlas:GSM8302010_Esa_Root_Ctrl_scRNAseq_R1:CTTCCGAAGGATTACA-1,3417,unannotated_root,0.802620,unannotated_root,0.781013
brassicaceae_multi_species_root_atlas:GSM8302010_Esa_Root_Ctrl_scRNAseq_R1:GAACACTCAGCTATTG-1,3418,stem cell niche,0.315696,stem cell niche,0.330350
brassicaceae_multi_species_root_atlas:GSM8302010_Esa_Root_Ctrl_scRNAseq_R1:GAATAGAAGGGACCAT-1,3419,unannotated_root,0.926671,unannotated_root,0.914202
brassicaceae_multi_species_root_atlas:GSM8302010_Esa_Root_Ctrl_scRNAseq_R1:GACTTCCGTGGCATCC-1,3420,unannotated_root,0.940335,unannotated_root,0.928852
brassicaceae_multi_species_root_atlas:GSM8302010_Esa_Root_Ctrl_scRNAseq_R1:GAGTGAGAGACGATAT-1,3421,unannotated_root,0.917274,unannotated_root,0.919314
brassicaceae_multi_species_root_atlas:GSM8302010_Esa_Root_Ctrl_scRNAseq_R1:GATAGAAAGGATAATC-1,3422,unannotated_root,0.933741,unannotated_root,0.922154
brassicaceae_multi_species_root_atlas:GSM8302010_Esa_Root_Ctrl_scRNAseq_R1:GCTCAAAGTGATCATC-1,3423,unannotated_root,0.950960,unannotated_root,0.940415
brassicaceae_multi_species_root_atlas:GSM8302010_Esa_Root_Ctrl_scRNAseq_R1:GCTTTCGGTGATACTC-1,3424,unannotated_root,0.865920,unannotated_root,0.874601
brassicaceae_multi_species_root_atlas:GSM8302010_Esa_Root_Ctrl_scRNAseq_R1:GGAGGTATCCTCTAGC-1,3425,unannotated_root,0.940198,unannotated_root,0.927953
brassicaceae_multi_species_root_atlas:GSM8302010_Esa_Root_Ctrl_scRNAseq_R1:GGCAGTCCAGACCTAT-1,3426,unannotated_root,0.929444,unannotated_root,0.917661
brassicaceae_multi_species_root_atlas:GSM8302010_Esa_Root_Ctrl_scRNAseq_R1:GGTGGCTCACTTCTCG-1,3427,unannotated_root,0.965794,unannotated_root,0.956937
brassicaceae_multi_species_root_atlas:GSM8302010_Esa_Root_Ctrl_scRNAseq_R1:GGTTAACGTGGCACTC-1,3428,unannotated_root,0.945487,unannotated_root,0.936517
brassicaceae_multi_species_root_atlas:GSM8302010_Esa_Root_Ctrl_scRNAseq_R1:GTAGAGGAGGTCCCTG-1,3429,unannotated_root,0.873265,unannotated_root,0.853394
brassicaceae_multi_species_root_atlas:GSM8302010_Esa_Root_Ctrl_scRNAseq_R1:GTCACTCGTTGGGCCT-1,3430,unannotated_root,0.919877,unannotated_root,0.909131
brassicaceae_multi_species_root_atlas:GSM8302010_Esa_Root_Ctrl_scRNAseq_R1:GTCATGATCGGACTGC-1,3431,unannotated_root,0.907610,unannotated_root,0.892131
brassicaceae_multi_species_root_atlas:GSM8302010_Esa_Root_Ctrl_scRNAseq_R1:GTGATGTCAGTAGGAC-1,3432,unannotated_root,0.950388,unannotated_root,0.939667
brassicaceae_multi_species_root_atlas:GSM8302010_Esa_Root_Ctrl_scRNAseq_R1:GTGGAGAGTTGGGAAC-1,3433,unannotated_root,0.948803,unannotated_root,0.937330
brassicaceae_multi_species_root_atlas:GSM8302010_Esa_Root_Ctrl_scRNAseq_R1:GTTGTAGAGAGTCACG-1,3434,unannotated_root,0.908907,unannotated_root,0.894349
brassicaceae_multi_species_root_atlas:GSM8302010_Esa_Root_Ctrl_scRNAseq_R1:GTTTGGAAGCGAGAAA-1,3435,unannotated_root,0.774630,unannotated_root,0.737201
brassicaceae_multi_species_root_atlas:GSM8302010_Esa_Root_Ctrl_scRNAseq_R1:TAAGCACTCGTAGCTA-1,3436,unannotated_root,0.955596,unannotated_root,0.944040
brassicaceae_multi_species_root_atlas:GSM8302010_Esa_Root_Ctrl_scRNAseq_R1:TACGCTCTCGGACCAC-1,3437,unannotated_root,0.957175,unannotated_root,0.946074
brassicaceae_multi_species_root_atlas:GSM8302010_Esa_Root_Ctrl_scRNAseq_R1:TACTTACGTAGCTCGC-1,3438,unannotated_root,0.925781,unannotated_root,0.933899
brassicaceae_multi_species_root_atlas:GSM8302010_Esa_Root_Ctrl_scRNAseq_R1:TATCTGTCATGCGTGC-1,3439,unannotated_root,0.934839,unannotated_root,0.938576
brassicaceae_multi_species_root_atlas:GSM8302010_Esa_Root_Ctrl_scRNAseq_R1:TATGTTCCACCGGTCA-1,3440,unannotated_root,0.941834,unannotated_root,0.931308
brassicaceae_multi_species_root_atlas:GSM8302010_Esa_Root_Ctrl_scRNAseq_R1:TCAAGCAAGCGATGCA-1,3441,unannotated_root,0.779647,unannotated_root,0.745965
brassicaceae_multi_species_root_atlas:GSM8302010_Esa_Root_Ctrl_scRNAseq_R1:TCATTCATCACCTCTG-1,3442,unannotated_root,0.935494,unannotated_root,0.937920
brassicaceae_multi_species_root_atlas:GSM8302010_Esa_Root_Ctrl_scRNAseq_R1:TCCAGAATCGCCTTGT-1,3443,unannotated_root,0.918285,unannotated_root,0.910041
brassicaceae_multi_species_root_atlas:GSM8302010_Esa_Root_Ctrl_scRNAseq_R1:TCCTCGACATGTGACT-1,3444,unannotated_root,0.954224,unannotated_root,0.943336
brassicaceae_multi_species_root_atlas:GSM8302010_Esa_Root_Ctrl_scRNAseq_R1:TCCTCGATCGGTGAAG-1,3445,unannotated_root,0.914481,unannotated_root,0.906501
brassicaceae_multi_species_root_atlas:GSM8302010_Esa_Root_Ctrl_scRNAseq_R1:TGCGACGGTCAGGTGA-1,3446,unannotated_root,0.943826,unannotated_root,0.932730
brassicaceae_multi_species_root_atlas:GSM8302010_Esa_Root_Ctrl_scRNAseq_R1:TTCAGGACAGAGTGTG-1,3447,unannotated_root,0.926055,unannotated_root,0.913767
brassicaceae_multi_species_root_atlas:GSM8302010_Esa_Root_Ctrl_scRNAseq_R1:TTCCTTCCATAGCACT-1,3448,unannotated_root,0.954156,unannotated_root,0.942593
brassicaceae_multi_species_root_atlas:GSM8302010_Esa_Root_Ctrl_scRNAseq_R1:TTGACCCTCCTTCACG-1,3449,unannotated_root,0.931778,unannotated_root,0.919320
brassicaceae_multi_species_root_atlas:GSM8302010_Esa_Root_Ctrl_scRNAseq_R1:TTGCTGCAGATACTGA-1,3450,unannotated_root,0.959972,unannotated_root,0.949367
brassicaceae_multi_species_root_atlas:GSM8302010_Esa_Root_Ctrl_scRNAseq_R1:TTGCTGCGTAGAGTTA-1,3451,unannotated_root,0.950879,unannotated_root,0.944577
arabidopsis_lateral_root_founder_atlas:S3h_AATGGAAAGGGCCTCT,3452,endodermis,0.357764,proximal meristem,0.429884
arabidopsis_lateral_root_founder_atlas:S3h_CCACGTTAGTGAACAT,3453,proximal meristem,0.402735,proximal meristem,0.491941
arabidopsis_lateral_root_founder_atlas:S3h_GTCTTTAGTCTCAGAT,3454,stem cell niche,0.611572,stem cell niche,0.566360
arabidopsis_lateral_root_founder_atlas:S3h_TGTTCTAGTGAGACCA,3455,endodermis,0.754240,endodermis,0.667073
arabidopsis_lateral_root_founder_atlas:S6h_AGCTACAGTAGGTTTC,3456,endodermis,0.521959,endodermis,0.439683
arabidopsis_lateral_root_founder_atlas:S6h_CCAATTTAGACTACCT,3457,endodermis,0.959258,endodermis,0.920058
arabidopsis_lateral_root_founder_atlas:S6h_CCTCCAAGTACCTAGT,3458,proximal meristem,0.724949,proximal meristem,0.656015
arabidopsis_lateral_root_founder_atlas:S6h_GTGCTGGGTGCAATGG,3459,endodermis,0.727066,endodermis,0.662422
arabidopsis_lateral_root_founder_atlas:S6h_TGCTGAAAGCGATTCT,3460,proximal meristem,0.599653,proximal meristem,0.666356
arabidopsis_lateral_root_founder_atlas:S0h_ACCATTTGTACCTAAC,3461,proximal meristem,0.779876,proximal meristem,0.689514
arabidopsis_lateral_root_founder_atlas:S0h_ACTGCAAGTGACCTGC,3462,proximal meristem,0.781355,proximal meristem,0.704987
arabidopsis_lateral_root_founder_atlas:S0h_AGGAAATCACTAGTAC,3463,proximal meristem,0.764015,proximal meristem,0.664425
arabidopsis_lateral_root_founder_atlas:S0h_AGGGTTTAGACATAGT,3464,proximal meristem,0.801198,proximal meristem,0.748982
arabidopsis_lateral_root_founder_atlas:S0h_ATACTTCAGGGCAGGA,3465,proximal meristem,0.766059,proximal meristem,0.691217
arabidopsis_lateral_root_founder_atlas:S0h_CGCAGGTAGCTTCTAG,3466,proximal meristem,0.777135,proximal meristem,0.698252
arabidopsis_lateral_root_founder_atlas:S0h_CGTAAGTAGGAAGAAC,3467,proximal meristem,0.757016,proximal meristem,0.654600
arabidopsis_lateral_root_founder_atlas:S0h_CGTTAGACACAAATAG,3468,proximal meristem,0.770391,proximal meristem,0.675049
arabidopsis_lateral_root_founder_atlas:S0h_GAGTTTGAGCATCAAA,3469,proximal meristem,0.775466,proximal meristem,0.706517
arabidopsis_lateral_root_founder_atlas:S0h_GATCACACATATGGCT,3470,proximal meristem,0.767984,proximal meristem,0.675451
arabidopsis_lateral_root_founder_atlas:S0h_GCAACATCACCAGTAT,3471,proximal meristem,0.753265,proximal meristem,0.667112
arabidopsis_lateral_root_founder_atlas:S0h_GGGTTTAGTCAGTTTG,3472,proximal meristem,0.744835,proximal meristem,0.664890
arabidopsis_lateral_root_founder_atlas:S0h_GTTGTCCGTTTAGACC,3473,proximal meristem,0.749175,proximal meristem,0.644957
arabidopsis_lateral_root_founder_atlas:S0h_TCGTGGGTCGCGCCAA,3474,proximal meristem,0.776983,proximal meristem,0.700455
arabidopsis_lateral_root_founder_atlas:S0h_TTCAGGACATGGCGCT,3475,proximal meristem,0.785464,proximal meristem,0.712592
arabidopsis_lateral_root_founder_atlas:S0h_TTCCACGAGTTTCTTC,3476,proximal meristem,0.778618,proximal meristem,0.706930
arabidopsis_lateral_root_founder_atlas:S1h_AAACGCTGTCTTACTT,3477,proximal meristem,0.745731,proximal meristem,0.651854
arabidopsis_lateral_root_founder_atlas:S1h_AATGCCAGTAGCCAGA,3478,proximal meristem,0.770981,proximal meristem,0.681365
arabidopsis_lateral_root_founder_atlas:S1h_ACGGAAGTCATGACAC,3479,proximal meristem,0.765490,proximal meristem,0.684565
arabidopsis_lateral_root_founder_atlas:S1h_AGATCCAAGAAATGGG,3480,proximal meristem,0.745944,proximal meristem,0.636901
arabidopsis_lateral_root_founder_atlas:S1h_AGGACTTCAGCTGTAT,3481,proximal meristem,0.749077,proximal meristem,0.647167
arabidopsis_lateral_root_founder_atlas:S1h_AGGATCTAGGTGCCAA,3482,proximal meristem,0.772919,proximal meristem,0.683120
arabidopsis_lateral_root_founder_atlas:S1h_ATCATTCTCTCTGAGA,3483,proximal meristem,0.784763,proximal meristem,0.711661
arabidopsis_lateral_root_founder_atlas:S1h_ATCGATGCAGCTGAAG,3484,proximal meristem,0.776219,proximal meristem,0.686309
arabidopsis_lateral_root_founder_atlas:S1h_ATGGGAGTCGACGTCG,3485,proximal meristem,0.761859,proximal meristem,0.678121
arabidopsis_lateral_root_founder_atlas:S1h_CATAGACGTTGCGGCT,3486,proximal meristem,0.769801,proximal meristem,0.662871
arabidopsis_lateral_root_founder_atlas:S1h_CATGCAACATTCCTCG,3487,proximal meristem,0.778165,proximal meristem,0.708639
arabidopsis_lateral_root_founder_atlas:S1h_CCGAACGTCCGATGTA,3488,proximal meristem,0.761757,proximal meristem,0.683052
arabidopsis_lateral_root_founder_atlas:S1h_CGGAATTTCTCTCCGA,3489,proximal meristem,0.763137,proximal meristem,0.660067
arabidopsis_lateral_root_founder_atlas:S1h_CTCCATGGTGGACTAG,3490,proximal meristem,0.785078,proximal meristem,0.735693
arabidopsis_lateral_root_founder_atlas:S1h_GAGAGGTTCGTAGTCA,3491,proximal meristem,0.784138,proximal meristem,0.724190
arabidopsis_lateral_root_founder_atlas:S1h_GATCACAGTTCTTGCC,3492,proximal meristem,0.756580,proximal meristem,0.686977
arabidopsis_lateral_root_founder_atlas:S1h_GCCGATGCAGGTCCGT,3493,proximal meristem,0.567769,proximal meristem,0.517812
arabidopsis_lateral_root_founder_atlas:S1h_GGGCTACGTCAGACTT,3494,proximal meristem,0.752677,proximal meristem,0.644199
arabidopsis_lateral_root_founder_atlas:S1h_GGGTCTGGTGCAACGA,3495,proximal meristem,0.603305,proximal meristem,0.526115
arabidopsis_lateral_root_founder_atlas:S1h_GTGCGTGGTGGAACCA,3496,proximal meristem,0.778154,proximal meristem,0.679255
arabidopsis_lateral_root_founder_atlas:S1h_GTTACAGAGTAAACAC,3497,proximal meristem,0.736984,proximal meristem,0.637053
arabidopsis_lateral_root_founder_atlas:S1h_GTTACCCAGACTGGGT,3498,proximal meristem,0.771484,proximal meristem,0.663521
arabidopsis_lateral_root_founder_atlas:S1h_TAACCAGTCATTGCCC,3499,proximal meristem,0.767292,proximal meristem,0.670265
arabidopsis_lateral_root_founder_atlas:S1h_TAGTGCATCTTTCAGT,3500,proximal meristem,0.771178,proximal meristem,0.673680
arabidopsis_lateral_root_founder_atlas:S1h_TCAGCCTGTCAAAGTA,3501,proximal meristem,0.762367,proximal meristem,0.658385
arabidopsis_lateral_root_founder_atlas:S1h_TCCGAAACAACACAAA,3502,proximal meristem,0.770443,proximal meristem,0.675460
arabidopsis_lateral_root_founder_atlas:S1h_TCCGAAAGTTTCTTAC,3503,proximal meristem,0.713135,proximal meristem,0.622598
arabidopsis_lateral_root_founder_atlas:S1h_TCGCAGGAGCTCGGCT,3504,proximal meristem,0.772340,proximal meristem,0.699750
arabidopsis_lateral_root_founder_atlas:S1h_TCGCAGGGTGTATCCA,3505,proximal meristem,0.793945,proximal meristem,0.707348
arabidopsis_lateral_root_founder_atlas:S1h_TCTACCGAGGGATCGT,3506,proximal meristem,0.769254,proximal meristem,0.686838
arabidopsis_lateral_root_founder_atlas:S1h_TGACGCGGTAGGGTAC,3507,proximal meristem,0.710697,proximal meristem,0.621160
arabidopsis_lateral_root_founder_atlas:S1h_TGGGCTGGTGATACCT,3508,proximal meristem,0.757745,proximal meristem,0.649770
arabidopsis_lateral_root_founder_atlas:S1h_TGTTGAGAGGTGATCG,3509,proximal meristem,0.759528,proximal meristem,0.661035
arabidopsis_lateral_root_founder_atlas:S1h_TTCCGTGGTGTTCCAA,3510,proximal meristem,0.764493,proximal meristem,0.682436
arabidopsis_lateral_root_founder_atlas:S1h_TTCCTAAGTCGAACGA,3511,proximal meristem,0.733388,proximal meristem,0.617642
arabidopsis_lateral_root_founder_atlas:S3h_AACAACCCATACTGAC,3512,proximal meristem,0.763905,proximal meristem,0.678204
arabidopsis_lateral_root_founder_atlas:S3h_CATCGGGGTCATAGTC,3513,proximal meristem,0.751827,proximal meristem,0.712523
arabidopsis_lateral_root_founder_atlas:S3h_CTCAACCTCGATCCAA,3514,proximal meristem,0.778685,proximal meristem,0.692988
arabidopsis_lateral_root_founder_atlas:S3h_GGGAGTAAGATGAAGG,3515,proximal meristem,0.778619,proximal meristem,0.675666
arabidopsis_lateral_root_founder_atlas:S3h_GGGTTATTCGCTAAAC,3516,proximal meristem,0.599522,proximal meristem,0.621589
arabidopsis_lateral_root_founder_atlas:S3h_GTCATCCTCTTCGCTG,3517,proximal meristem,0.760920,proximal meristem,0.681370
arabidopsis_lateral_root_founder_atlas:S3h_GTCGAATAGACGCAGT,3518,proximal meristem,0.710930,proximal meristem,0.634750
arabidopsis_lateral_root_founder_atlas:S3h_GTTGTGATCTTACGGA,3519,proximal meristem,0.706397,proximal meristem,0.616988
arabidopsis_lateral_root_founder_atlas:S3h_TATTGGGAGCCTAACT,3520,proximal meristem,0.774276,proximal meristem,0.712728
arabidopsis_lateral_root_founder_atlas:S3h_TCGATTTAGGAAGTAG,3521,proximal meristem,0.781297,proximal meristem,0.696666
arabidopsis_lateral_root_founder_atlas:S3h_TCGCTCATCAGTGTGT,3522,proximal meristem,0.703227,proximal meristem,0.652384
arabidopsis_lateral_root_founder_atlas:S3h_TTTACCAGTCTCAAGT,3523,proximal meristem,0.767444,proximal meristem,0.684917
arabidopsis_lateral_root_founder_atlas:S6h_ACGGGTCGTAAGTCAA,3524,proximal meristem,0.550396,proximal meristem,0.504031
arabidopsis_lateral_root_founder_atlas:S6h_CGCAGGTAGGGTAGCT,3525,proximal meristem,0.769058,proximal meristem,0.699346
arabidopsis_lateral_root_founder_atlas:S0h_AGTTAGCAGCCAAGCA,3526,proximal meristem,0.750888,proximal meristem,0.651955
arabidopsis_lateral_root_founder_atlas:S0h_AGTTCCCGTCTTGAGT,3527,proximal meristem,0.769473,proximal meristem,0.669806
arabidopsis_lateral_root_founder_atlas:S0h_GTATTTCTCAGACCTA,3528,proximal meristem,0.779231,proximal meristem,0.697055
arabidopsis_lateral_root_founder_atlas:S0h_TCAGTCCGTTTAGAGA,3529,proximal meristem,0.759403,proximal meristem,0.722224
arabidopsis_lateral_root_founder_atlas:S1h_AACGGGAGTTTGTGGT,3530,proximal meristem,0.763744,proximal meristem,0.668453
arabidopsis_lateral_root_founder_atlas:S1h_ACAGAAATCGCAGTTA,3531,proximal meristem,0.758096,proximal meristem,0.653166
arabidopsis_lateral_root_founder_atlas:S1h_ACAGGGAAGGTAAAGG,3532,proximal meristem,0.767642,proximal meristem,0.667759
arabidopsis_lateral_root_founder_atlas:S1h_ACTGATGTCATACGAC,3533,proximal meristem,0.730939,proximal meristem,0.620641
arabidopsis_lateral_root_founder_atlas:S1h_AGAAATGGTTGCGTAT,3534,proximal meristem,0.784075,proximal meristem,0.726538
arabidopsis_lateral_root_founder_atlas:S1h_ATCGGATTCGGAGATG,3535,proximal meristem,0.765935,proximal meristem,0.688279
arabidopsis_lateral_root_founder_atlas:S1h_ATGAGTCTCATACGGT,3536,proximal meristem,0.707532,proximal meristem,0.641408
arabidopsis_lateral_root_founder_atlas:S1h_ATGCCTCGTACCGGAA,3537,proximal meristem,0.714270,proximal meristem,0.603211
arabidopsis_lateral_root_founder_atlas:S1h_ATTCCCGGTAACACCT,3538,proximal meristem,0.763883,proximal meristem,0.668340
arabidopsis_lateral_root_founder_atlas:S1h_CACACAAGTCACTCGG,3539,proximal meristem,0.772344,proximal meristem,0.699076
arabidopsis_lateral_root_founder_atlas:S1h_CGGGTCAGTTGCCATA,3540,proximal meristem,0.775178,proximal meristem,0.684269
arabidopsis_lateral_root_founder_atlas:S1h_CTAACTTAGACCGCCT,3541,proximal meristem,0.745396,proximal meristem,0.715022
arabidopsis_lateral_root_founder_atlas:S1h_CTAAGTGGTATCGCTA,3542,proximal meristem,0.756581,proximal meristem,0.661561
arabidopsis_lateral_root_founder_atlas:S1h_CTACATTCAGGAATCG,3543,proximal meristem,0.747681,proximal meristem,0.634101
arabidopsis_lateral_root_founder_atlas:S1h_CTATAGGGTACTGCGC,3544,proximal meristem,0.741455,proximal meristem,0.633444
arabidopsis_lateral_root_founder_atlas:S1h_GATCCCTGTCTTACAG,3545,proximal meristem,0.790889,proximal meristem,0.712232
arabidopsis_lateral_root_founder_atlas:S1h_GCTACAATCGGTCAGC,3546,proximal meristem,0.699432,proximal meristem,0.617823
arabidopsis_lateral_root_founder_atlas:S1h_GGAATGGTCCACGTAA,3547,proximal meristem,0.782840,proximal meristem,0.691545
arabidopsis_lateral_root_founder_atlas:S1h_TATGTTCTCTGGCCTT,3548,proximal meristem,0.762539,proximal meristem,0.670165
arabidopsis_lateral_root_founder_atlas:S1h_TCACAAGCAATACGAA,3549,proximal meristem,0.761113,proximal meristem,0.711909
arabidopsis_lateral_root_founder_atlas:S1h_TCACGGGGTGTCCGGT,3550,proximal meristem,0.748209,proximal meristem,0.636030
arabidopsis_lateral_root_founder_atlas:S1h_TTCACGCCACATGACT,3551,proximal meristem,0.770340,proximal meristem,0.686467
arabidopsis_lateral_root_founder_atlas:S1h_TTGACCCTCGCTTACC,3552,proximal meristem,0.742174,proximal meristem,0.715063
arabidopsis_lateral_root_founder_atlas:S3h_AACACACAGTGATAAC,3553,proximal meristem,0.768490,proximal meristem,0.658042
arabidopsis_lateral_root_founder_atlas:S3h_ACCCTCATCGAACCTA,3554,proximal meristem,0.711176,proximal meristem,0.650790
arabidopsis_lateral_root_founder_atlas:S3h_ACGTAGTCACCGTCGA,3555,proximal meristem,0.742823,proximal meristem,0.642902
arabidopsis_lateral_root_founder_atlas:S3h_ACTTAGGAGGTGGCTA,3556,proximal meristem,0.779623,proximal meristem,0.685784
arabidopsis_lateral_root_founder_atlas:S3h_AGTGTTGTCCTCATAT,3557,proximal meristem,0.701883,proximal meristem,0.632115
arabidopsis_lateral_root_founder_atlas:S3h_CCTCTCCGTAGGGAGG,3558,proximal meristem,0.750746,proximal meristem,0.657745
arabidopsis_lateral_root_founder_atlas:S3h_CTAGGTACAGAGTCAG,3559,proximal meristem,0.644657,proximal meristem,0.598937
arabidopsis_lateral_root_founder_atlas:S3h_GAGACCCGTATGAGAT,3560,proximal meristem,0.671395,proximal meristem,0.590323
arabidopsis_lateral_root_founder_atlas:S3h_TCCTCCCTCCAAGCCG,3561,proximal meristem,0.660835,proximal meristem,0.578121
arabidopsis_lateral_root_founder_atlas:S3h_TCGCACTAGAGTCAGC,3562,proximal meristem,0.767391,proximal meristem,0.717993
arabidopsis_lateral_root_founder_atlas:S6h_TACCCGTAGGTCGACA,3563,proximal meristem,0.775734,proximal meristem,0.717808
arabidopsis_lateral_root_founder_atlas:S6h_TCGCAGGTCATGCCGG,3564,proximal meristem,0.773790,proximal meristem,0.713673
arabidopsis_lateral_root_founder_atlas:S0h_CTAGACACAGTGGTGA,3565,proximal meristem,0.607760,proximal meristem,0.553652
arabidopsis_lateral_root_founder_atlas:S0h_CTTCAATGTAAGGTCG,3566,proximal meristem,0.789676,proximal meristem,0.734679
arabidopsis_lateral_root_founder_atlas:S0h_TACACCCGTGATTAGA,3567,proximal meristem,0.722392,proximal meristem,0.613957
arabidopsis_lateral_root_founder_atlas:S0h_TGAATCGGTATGCGGA,3568,endodermis,0.765802,endodermis,0.669947
arabidopsis_lateral_root_founder_atlas:S0h_TGAGGAGTCAGGCGAA,3569,proximal meristem,0.709555,proximal meristem,0.693491
arabidopsis_lateral_root_founder_atlas:S1h_ATGAGTCCAGCACGAA,3570,proximal meristem,0.740347,proximal meristem,0.629682
arabidopsis_lateral_root_founder_atlas:S1h_CCGAACGCACACCGCA,3571,proximal meristem,0.771035,proximal meristem,0.753188
arabidopsis_lateral_root_founder_atlas:S1h_CCTTGTGAGCCTATCA,3572,proximal meristem,0.706504,proximal meristem,0.596106
arabidopsis_lateral_root_founder_atlas:S1h_CTACCTGTCGCCTTTG,3573,proximal meristem,0.763424,proximal meristem,0.711490
arabidopsis_lateral_root_founder_atlas:S1h_CTCACTGCAAGCGGAT,3574,proximal meristem,0.605167,proximal meristem,0.598759
arabidopsis_lateral_root_founder_atlas:S1h_GGGTCACCATGACCCG,3575,proximal meristem,0.759801,proximal meristem,0.664784
arabidopsis_lateral_root_founder_atlas:S1h_TGCTCGTAGGTCGAGT,3576,proximal meristem,0.674872,proximal meristem,0.626612
arabidopsis_lateral_root_founder_atlas:S3h_GGGTCACCATAGGTTC,3577,proximal meristem,0.577323,proximal meristem,0.583210
arabidopsis_lateral_root_founder_atlas:S3h_GTCTGTCTCTTGCAAG,3578,proximal meristem,0.639228,proximal meristem,0.656766
arabidopsis_lateral_root_founder_atlas:S0h_AAGTTCGTCTTTGGAG,3579,proximal meristem,0.757798,proximal meristem,0.703035
arabidopsis_lateral_root_founder_atlas:S0h_AGTTCGACATTGGATC,3580,proximal meristem,0.759848,proximal meristem,0.693302
arabidopsis_lateral_root_founder_atlas:S0h_GAAGGACTCTAACGCA,3581,proximal meristem,0.759456,proximal meristem,0.688963
arabidopsis_lateral_root_founder_atlas:S0h_TGAGGTTCAAGCCCAC,3582,proximal meristem,0.749391,proximal meristem,0.717934
arabidopsis_lateral_root_founder_atlas:S1h_AACTTCTGTCGTTCAA,3583,proximal meristem,0.729353,proximal meristem,0.663669
arabidopsis_lateral_root_founder_atlas:S1h_AGGCCACCAGACCCGT,3584,proximal meristem,0.719336,proximal meristem,0.693092
arabidopsis_lateral_root_founder_atlas:S1h_ATGACCAGTGGCTAGA,3585,proximal meristem,0.771983,proximal meristem,0.673651
arabidopsis_lateral_root_founder_atlas:S1h_ATTATCCCATCAGCTA,3586,proximal meristem,0.642802,proximal meristem,0.556457
arabidopsis_lateral_root_founder_atlas:S1h_CAAAGAACAGGATCTT,3587,proximal meristem,0.674652,proximal meristem,0.680876
arabidopsis_lateral_root_founder_atlas:S1h_CCCATTGTCCGCGAGT,3588,proximal meristem,0.584784,proximal meristem,0.581130
arabidopsis_lateral_root_founder_atlas:S1h_CTTCTAAAGTGAGGTC,3589,proximal meristem,0.702201,proximal meristem,0.620672
arabidopsis_lateral_root_founder_atlas:S1h_TCATATCCATCGCCTT,3590,proximal meristem,0.790600,proximal meristem,0.723211
arabidopsis_lateral_root_founder_atlas:S1h_TCGGTCTTCTATTGTC,3591,proximal meristem,0.781873,proximal meristem,0.718411
arabidopsis_lateral_root_founder_atlas:S1h_TTGTGGAAGATGCCGA,3592,proximal meristem,0.736062,proximal meristem,0.671302
arabidopsis_lateral_root_founder_atlas:S1h_TTGTTCACAGTCCGTG,3593,proximal meristem,0.761184,proximal meristem,0.658194
arabidopsis_lateral_root_founder_atlas:S3h_CAATTTCAGAGTGAAG,3594,proximal meristem,0.765848,proximal meristem,0.697495
arabidopsis_lateral_root_founder_atlas:S3h_CACGGGTGTACTCGAT,3595,proximal meristem,0.763386,proximal meristem,0.665047
arabidopsis_lateral_root_founder_atlas:S0h_GTAGGTTGTCTCCTGT,3596,proximal meristem,0.739883,proximal meristem,0.672909
arabidopsis_lateral_root_founder_atlas:S0h_TCATTGTAGCAATAGT,3597,proximal meristem,0.769945,proximal meristem,0.675543
arabidopsis_lateral_root_founder_atlas:S1h_ACACAGTTCACCATGA,3598,proximal meristem,0.703584,proximal meristem,0.707509
arabidopsis_lateral_root_founder_atlas:S1h_ACTTATCCAGGAGGAG,3599,proximal meristem,0.768354,proximal meristem,0.691476
arabidopsis_lateral_root_founder_atlas:S1h_AGAACAACACATCATG,3600,proximal meristem,0.599049,proximal meristem,0.638741
arabidopsis_lateral_root_founder_atlas:S1h_AGAAGTATCGAGAACG,3601,proximal meristem,0.662505,proximal meristem,0.621663
arabidopsis_lateral_root_founder_atlas:S1h_AGCATCAAGAGGTTTA,3602,proximal meristem,0.762393,proximal meristem,0.694484
arabidopsis_lateral_root_founder_atlas:S1h_AGGCTGCTCACTTGTT,3603,proximal meristem,0.761889,proximal meristem,0.660401
arabidopsis_lateral_root_founder_atlas:S1h_CAAGAGGTCCACAGCG,3604,proximal meristem,0.790986,proximal meristem,0.721012
arabidopsis_lateral_root_founder_atlas:S1h_CAGCAATTCGGAATGG,3605,proximal meristem,0.744451,proximal meristem,0.630439
arabidopsis_lateral_root_founder_atlas:S1h_CATCAAGAGTTTGAGA,3606,endodermis,0.345341,proximal meristem,0.466099
arabidopsis_lateral_root_founder_atlas:S1h_CATGGTAGTTCCGGTG,3607,proximal meristem,0.731923,proximal meristem,0.619066
arabidopsis_lateral_root_founder_atlas:S1h_CGTAATGTCTCTTAAC,3608,proximal meristem,0.705285,proximal meristem,0.710379
arabidopsis_lateral_root_founder_atlas:S1h_CTAGACAGTTATAGCC,3609,proximal meristem,0.561563,proximal meristem,0.595165
arabidopsis_lateral_root_founder_atlas:S1h_CTGTGGGTCCTTATGT,3610,proximal meristem,0.698160,proximal meristem,0.645840
arabidopsis_lateral_root_founder_atlas:S1h_GTGATGTGTTTCGCTC,3611,proximal meristem,0.735710,proximal meristem,0.642902
arabidopsis_lateral_root_founder_atlas:S1h_GTGGAGACAATCGTCA,3612,proximal meristem,0.726771,proximal meristem,0.653606
arabidopsis_lateral_root_founder_atlas:S1h_TAAGCCACACCAAATC,3613,proximal meristem,0.710454,proximal meristem,0.632860
arabidopsis_lateral_root_founder_atlas:S1h_TCAGTTTTCCACGGAC,3614,proximal meristem,0.745593,proximal meristem,0.619919
arabidopsis_lateral_root_founder_atlas:S1h_TCATTACAGCGTTGTT,3615,proximal meristem,0.756698,proximal meristem,0.701045
arabidopsis_lateral_root_founder_atlas:S1h_TCCTTTCAGTTTCGGT,3616,stem cell niche,0.692426,stem cell niche,0.666443
arabidopsis_lateral_root_founder_atlas:S3h_AAACGCTGTCTACAAC,3617,proximal meristem,0.623832,proximal meristem,0.613703
arabidopsis_lateral_root_founder_atlas:S3h_ACGATGTGTGATAGTA,3618,proximal meristem,0.646653,proximal meristem,0.587512
arabidopsis_lateral_root_founder_atlas:S3h_AGCGCTGTCTCTTGCG,3619,proximal meristem,0.459241,proximal meristem,0.457662
arabidopsis_lateral_root_founder_atlas:S3h_ATGAAAGGTACGATGG,3620,proximal meristem,0.685403,proximal meristem,0.608584
arabidopsis_lateral_root_founder_atlas:S3h_CCCGAAGTCCGCGGAT,3621,proximal meristem,0.625858,proximal meristem,0.546386
arabidopsis_lateral_root_founder_atlas:S3h_CGATGCGTCACCACAA,3622,proximal meristem,0.724471,proximal meristem,0.692385
arabidopsis_lateral_root_founder_atlas:S3h_GAACTGTCACCGTCTT,3623,stem cell niche,0.769441,stem cell niche,0.716967
arabidopsis_lateral_root_founder_atlas:S3h_GACCCAGTCAATGCAC,3624,stem cell niche,0.578298,stem cell niche,0.537778
arabidopsis_lateral_root_founder_atlas:S3h_GACGCTGAGTATAGAC,3625,proximal meristem,0.720881,proximal meristem,0.647799
arabidopsis_lateral_root_founder_atlas:S3h_GAGTGAGCACCCTGTT,3626,endodermis,0.568643,endodermis,0.470477
arabidopsis_lateral_root_founder_atlas:S3h_GATCACATCAGTGCGC,3627,proximal meristem,0.734700,proximal meristem,0.653016
arabidopsis_lateral_root_founder_atlas:S3h_GTCCTCATCATTGCCC,3628,stem cell niche,0.451145,proximal meristem,0.429488
arabidopsis_lateral_root_founder_atlas:S3h_GTTTACTAGCAGAAAG,3629,proximal meristem,0.749632,proximal meristem,0.661595
arabidopsis_lateral_root_founder_atlas:S3h_TCACTCGAGTTGGACG,3630,proximal meristem,0.746533,proximal meristem,0.649998
arabidopsis_lateral_root_founder_atlas:S3h_TCAGTCCCATTCACAG,3631,proximal meristem,0.590782,proximal meristem,0.582196
arabidopsis_lateral_root_founder_atlas:S3h_TTGCATTTCATTGAGC,3632,proximal meristem,0.617582,proximal meristem,0.560269
arabidopsis_lateral_root_founder_atlas:S3h_TTGTGTTTCGTTCTGC,3633,proximal meristem,0.789664,proximal meristem,0.701422
arabidopsis_lateral_root_founder_atlas:S6h_CACTAAGCATGTTCGA,3634,proximal meristem,0.726537,proximal meristem,0.665359
arabidopsis_lateral_root_founder_atlas:S6h_TCCTCCCGTAGCGTAG,3635,proximal meristem,0.764152,proximal meristem,0.684661
arabidopsis_lateral_root_founder_atlas:S6h_TGCATCCGTTGGCCTG,3636,proximal meristem,0.648554,proximal meristem,0.646187
arabidopsis_lateral_root_founder_atlas:S0h_CTGTATTCACACCGCA,3637,endodermis,0.667056,endodermis,0.616372
arabidopsis_lateral_root_founder_atlas:S0h_TAGGGTTGTGTTGATC,3638,endodermis,0.722718,endodermis,0.649688
arabidopsis_lateral_root_founder_atlas:S1h_CAAGAGGGTATCCCTC,3639,endodermis,0.858681,endodermis,0.785651
arabidopsis_lateral_root_founder_atlas:S1h_TTGGGCGGTGGGCTTC,3640,endodermis,0.632299,endodermis,0.530751
arabidopsis_lateral_root_founder_atlas:S3h_ACTTTCAGTAGCGTTT,3641,endodermis,0.930763,endodermis,0.873038
arabidopsis_lateral_root_founder_atlas:S3h_CGGGTGTAGTTAGTAG,3642,endodermis,0.871036,endodermis,0.793708
arabidopsis_lateral_root_founder_atlas:S3h_GAGACCCTCGGAGTAG,3643,endodermis,0.842790,endodermis,0.737973
arabidopsis_lateral_root_founder_atlas:S3h_GAGTTGTGTAGCACAG,3644,endodermis,0.952314,endodermis,0.920759
arabidopsis_lateral_root_founder_atlas:S3h_GTGAGCCGTGAATTGA,3645,endodermis,0.858007,endodermis,0.791438
arabidopsis_lateral_root_founder_atlas:S3h_TGGAGAGCATGTTCGA,3646,endodermis,0.667740,endodermis,0.581144
arabidopsis_lateral_root_founder_atlas:S6h_AGTACTGAGTAAGCAT,3647,endodermis,0.753404,endodermis,0.606836
arabidopsis_lateral_root_founder_atlas:S6h_ATCGTGAAGTAAACAC,3648,endodermis,0.758943,endodermis,0.678514
arabidopsis_lateral_root_founder_atlas:S6h_ATCTTCACAGTGTATC,3649,endodermis,0.494257,endodermis,0.528654
arabidopsis_lateral_root_founder_atlas:S6h_CATCCACCACGATAGG,3650,endodermis,0.889881,endodermis,0.787747
arabidopsis_lateral_root_founder_atlas:S6h_CCACACTTCGCAACAT,3651,endodermis,0.917843,endodermis,0.852386
arabidopsis_lateral_root_founder_atlas:S6h_CCTATCGAGTTGAAGT,3652,stem cell niche,0.440389,stem cell niche,0.411628
arabidopsis_lateral_root_founder_atlas:S6h_CGAGAAGTCCATATGG,3653,proximal meristem,0.762446,proximal meristem,0.700341
arabidopsis_lateral_root_founder_atlas:S6h_CGTCAAACAACAACAA,3654,endodermis,0.864882,endodermis,0.813222
arabidopsis_lateral_root_founder_atlas:S6h_GATCACACAGAGGCAT,3655,endodermis,0.858941,endodermis,0.771616
arabidopsis_lateral_root_founder_atlas:S6h_GCTTTCGGTCCCTGAG,3656,endodermis,0.810696,endodermis,0.725585
arabidopsis_lateral_root_founder_atlas:S6h_TAACCAGTCGCGCTGA,3657,proximal meristem,0.472450,proximal meristem,0.464979
arabidopsis_lateral_root_founder_atlas:S6h_TCCGAAAGTTGGGATG,3658,endodermis,0.875466,endodermis,0.797909
arabidopsis_lateral_root_founder_atlas:S6h_TCCGATCCAGTTCCAA,3659,stem cell niche,0.547640,stem cell niche,0.524008
arabidopsis_lateral_root_founder_atlas:S6h_TCGCAGGGTCTGCAAT,3660,unannotated_root,0.784713,unannotated_root,0.781793
arabidopsis_lateral_root_founder_atlas:S6h_TGATGCATCAGCGTCG,3661,proximal meristem,0.726300,proximal meristem,0.693170
arabidopsis_lateral_root_founder_atlas:S6h_TGCTCCAGTGGGTCAA,3662,endodermis,0.749547,endodermis,0.644252
arabidopsis_lateral_root_founder_atlas:S3h_CTACGGGGTAGTGCGA,3663,proximal meristem,0.480053,proximal meristem,0.461418
arabidopsis_lateral_root_founder_atlas:S3h_GATCACAAGCTAAGTA,3664,stem cell niche,0.586163,stem cell niche,0.544159
arabidopsis_lateral_root_founder_atlas:S6h_CAGATCAAGACATGCG,3665,stem cell niche,0.473265,proximal meristem,0.483376
arabidopsis_lateral_root_founder_atlas:S6h_GGCAGTCTCCGCAAAT,3666,stem cell niche,0.695260,stem cell niche,0.630124
arabidopsis_lateral_root_founder_atlas:S3h_ACTCTCGTCTACTGCC,3667,proximal meristem,0.695918,proximal meristem,0.636108
arabidopsis_lateral_root_founder_atlas:S3h_ACTTTGTGTCACTCTC,3668,stem cell niche,0.757112,stem cell niche,0.723424
arabidopsis_lateral_root_founder_atlas:S3h_AGCATCACACGAGAAC,3669,stem cell niche,0.739030,stem cell niche,0.706657
arabidopsis_lateral_root_founder_atlas:S3h_AGGGTGATCCCATTCG,3670,stem cell niche,0.607090,stem cell niche,0.561057
arabidopsis_lateral_root_founder_atlas:S3h_CCAAGCGAGGAATTAC,3671,proximal meristem,0.763665,proximal meristem,0.665590
arabidopsis_lateral_root_founder_atlas:S3h_CCTCATGCAACCACGC,3672,stem cell niche,0.690732,stem cell niche,0.636854
arabidopsis_lateral_root_founder_atlas:S3h_GTCGAATCAGACCATT,3673,proximal meristem,0.675871,proximal meristem,0.621105
arabidopsis_lateral_root_founder_atlas:S3h_GTGTGATAGAGCAGCT,3674,stem cell niche,0.767421,stem cell niche,0.718939
arabidopsis_lateral_root_founder_atlas:S3h_TATTGCTGTACTAACC,3675,proximal meristem,0.756866,proximal meristem,0.666685
arabidopsis_lateral_root_founder_atlas:S3h_TTCTTCCTCTGCCCTA,3676,stem cell niche,0.716914,stem cell niche,0.674051
arabidopsis_lateral_root_founder_atlas:S6h_AAACGAAGTATTCCGA,3677,stem cell niche,0.605341,stem cell niche,0.569737
arabidopsis_lateral_root_founder_atlas:S6h_AAAGAACCATGTACGT,3678,proximal meristem,0.546878,proximal meristem,0.501942
arabidopsis_lateral_root_founder_atlas:S6h_ACTTCCGCAACACGAG,3679,stem cell niche,0.578829,stem cell niche,0.538005
arabidopsis_lateral_root_founder_atlas:S6h_AGGCATTGTGGCATCC,3680,stem cell niche,0.764269,stem cell niche,0.730435
arabidopsis_lateral_root_founder_atlas:S6h_AGGCTGCTCGGTCGGT,3681,proximal meristem,0.468391,proximal meristem,0.474233
arabidopsis_lateral_root_founder_atlas:S6h_ATCATTCCAGTGAGCA,3682,endodermis,0.468457,endodermis,0.488803
arabidopsis_lateral_root_founder_atlas:S6h_CAATTTCGTCGATTTG,3683,proximal meristem,0.735639,proximal meristem,0.685296
arabidopsis_lateral_root_founder_atlas:S6h_CCTCCTCTCTTTCGAT,3684,stem cell niche,0.779692,stem cell niche,0.787403
arabidopsis_lateral_root_founder_atlas:S6h_CTACAGAGTCACAGTT,3685,stem cell niche,0.616722,stem cell niche,0.579783
arabidopsis_lateral_root_founder_atlas:S6h_CTATCTACACAAGCTT,3686,stem cell niche,0.757271,stem cell niche,0.724276
arabidopsis_lateral_root_founder_atlas:S6h_CTGTAGATCGTGGAAG,3687,proximal meristem,0.472814,proximal meristem,0.475511
arabidopsis_lateral_root_founder_atlas:S6h_GCAACATCACAATGCT,3688,stem cell niche,0.694949,stem cell niche,0.629377
arabidopsis_lateral_root_founder_atlas:S6h_GCTGGGTGTAAGGCCA,3689,stem cell niche,0.720989,stem cell niche,0.665973
arabidopsis_lateral_root_founder_atlas:S6h_TACTTACTCTGATTCT,3690,endodermis,0.354200,proximal meristem,0.396887
arabidopsis_lateral_root_founder_atlas:S6h_TCAAGCACAGGAGGTT,3691,endodermis,0.858534,endodermis,0.854139
arabidopsis_lateral_root_founder_atlas:S6h_TCAGGTAGTTCAGGTT,3692,stem cell niche,0.717013,stem cell niche,0.723507
arabidopsis_lateral_root_founder_atlas:S6h_TCTCAGCTCTTACACT,3693,stem cell niche,0.764853,stem cell niche,0.783739
arabidopsis_lateral_root_founder_atlas:S6h_TGGATGTTCGACATTG,3694,stem cell niche,0.700246,stem cell niche,0.677440
arabidopsis_lateral_root_founder_atlas:S6h_TGTCCCACAAAGACGC,3695,stem cell niche,0.757999,stem cell niche,0.725203
arabidopsis_lateral_root_founder_atlas:S1h_TCAAGTGAGTGAACAT,3696,proximal meristem,0.760785,proximal meristem,0.736391
arabidopsis_lateral_root_founder_atlas:S3h_ATTGTTCAGTCTCCTC,3697,proximal meristem,0.677116,proximal meristem,0.585455
arabidopsis_lateral_root_founder_atlas:S3h_CTCACTGCAATAGGAT,3698,stem cell niche,0.522366,stem cell niche,0.489876
arabidopsis_lateral_root_founder_atlas:S3h_GCCGTGACAAACCGGA,3699,proximal meristem,0.567771,proximal meristem,0.629165
arabidopsis_lateral_root_founder_atlas:S3h_TACCCGTGTCGTTTCC,3700,stem cell niche,0.400934,proximal meristem,0.403693
arabidopsis_lateral_root_founder_atlas:S3h_TGCATGAGTTACCTTT,3701,proximal meristem,0.578735,proximal meristem,0.612705
arabidopsis_lateral_root_founder_atlas:S3h_TGTCCACGTGTATTGC,3702,proximal meristem,0.698643,proximal meristem,0.639499
arabidopsis_lateral_root_founder_atlas:S3h_GTTTACTTCTACCTTA,3703,stem cell niche,0.572480,stem cell niche,0.547321
arabidopsis_lateral_root_founder_atlas:S6h_AAAGGATGTCCTTGTC,3704,stem cell niche,0.568841,stem cell niche,0.520657
arabidopsis_lateral_root_founder_atlas:S6h_CCTACGTCATGACTCA,3705,stem cell niche,0.719406,stem cell niche,0.678633
arabidopsis_lateral_root_founder_atlas:S6h_GGAATGGGTTACGCCG,3706,stem cell niche,0.599753,stem cell niche,0.634074
arabidopsis_lateral_root_founder_atlas:S6h_GTAACCAGTCTGCCTT,3707,proximal meristem,0.513801,proximal meristem,0.532124
arabidopsis_callus_regeneration_scrna:GSM7453799_7DAC:AAAGTCCAGAGCTGAC-1,3708,unannotated,0.901470,unannotated,0.843176
arabidopsis_callus_regeneration_scrna:GSM7453799_7DAC:AAAGTGAGTCGAGCTC-1,3709,unannotated,0.861693,unannotated,0.840379
arabidopsis_callus_regeneration_scrna:GSM7453799_7DAC:AACAAAGTCCGCTGTT-1,3710,unannotated,0.955877,unannotated,0.934415
arabidopsis_callus_regeneration_scrna:GSM7453799_7DAC:AAGTCGTGTCATGGCC-1,3711,unannotated,0.949157,unannotated,0.906128
arabidopsis_callus_regeneration_scrna:GSM7453799_7DAC:AATGCCAGTTGGGAAC-1,3712,unannotated,0.941486,unannotated,0.895859
arabidopsis_callus_regeneration_scrna:GSM7453799_7DAC:ACAAAGAAGTCACGCC-1,3713,unannotated,0.950427,unannotated,0.934141
arabidopsis_callus_regeneration_scrna:GSM7453799_7DAC:ACCAACACACCGAATT-1,3714,unannotated,0.921449,unannotated,0.902493
arabidopsis_callus_regeneration_scrna:GSM7453799_7DAC:ACCAACACAGTCCGTG-1,3715,unannotated,0.932705,unannotated,0.897876
arabidopsis_callus_regeneration_scrna:GSM7453799_7DAC:ACCACAAAGACGAAGA-1,3716,unannotated,0.891925,unannotated,0.865807
arabidopsis_callus_regeneration_scrna:GSM7453799_7DAC:ACCATTTAGTCGAGGT-1,3717,unannotated,0.927473,unannotated,0.888475
arabidopsis_callus_regeneration_scrna:GSM7453799_7DAC:ACCTGTCTCGACATCA-1,3718,unannotated,0.946665,unannotated,0.928645
arabidopsis_callus_regeneration_scrna:GSM7453799_7DAC:ACGATGTGTATGCTAC-1,3719,unannotated,0.752783,unannotated,0.652533
arabidopsis_callus_regeneration_scrna:GSM7453799_7DAC:ACGTACATCATCGACA-1,3720,unannotated,0.842954,unannotated,0.819649
arabidopsis_callus_regeneration_scrna:GSM7453799_7DAC:ACGTTCCCATCCTATT-1,3721,unannotated,0.947708,unannotated,0.928295
arabidopsis_callus_regeneration_scrna:GSM7453799_7DAC:ACTACGATCCTCACCA-1,3722,unannotated,0.913403,unannotated,0.890811
arabidopsis_callus_regeneration_scrna:GSM7453799_7DAC:ACTGCAATCGCTGCGA-1,3723,unannotated,0.940284,unannotated,0.917663
arabidopsis_callus_regeneration_scrna:GSM7453799_7DAC:ACTGTGATCAATCTCT-1,3724,unannotated,0.951481,unannotated,0.941818
arabidopsis_callus_regeneration_scrna:GSM7453799_7DAC:ACTTAGGGTCCGAAGA-1,3725,unannotated,0.930694,unannotated,0.888874
arabidopsis_callus_regeneration_scrna:GSM7453799_7DAC:AGAAATGTCCATTGGA-1,3726,unannotated,0.903262,unannotated,0.841012
arabidopsis_callus_regeneration_scrna:GSM7453799_7DAC:AGAAGCGAGACGAAGA-1,3727,unannotated,0.959465,unannotated,0.942442
arabidopsis_callus_regeneration_scrna:GSM7453799_7DAC:AGACAGGCATTGCCTC-1,3728,unannotated,0.944298,unannotated,0.932494
arabidopsis_callus_regeneration_scrna:GSM7453799_7DAC:AGACCATGTCGGATTT-1,3729,unannotated,0.945411,unannotated,0.912030
arabidopsis_callus_regeneration_scrna:GSM7453799_7DAC:AGACCCGGTGAATGTA-1,3730,unannotated,0.962592,unannotated,0.943141
arabidopsis_callus_regeneration_scrna:GSM7453799_7DAC:AGACTCAGTCTCGGAC-1,3731,unannotated,0.924008,unannotated,0.865628
arabidopsis_callus_regeneration_scrna:GSM7453799_7DAC:AGATAGATCTTTCTAG-1,3732,unannotated,0.945002,unannotated,0.926618
arabidopsis_callus_regeneration_scrna:GSM7453799_7DAC:AGCATCAGTAACAGGC-1,3733,unannotated,0.894399,unannotated,0.873430
arabidopsis_callus_regeneration_scrna:GSM7453799_7DAC:AGCCACGCAACTTGGT-1,3734,unannotated,0.930559,unannotated,0.909548
arabidopsis_callus_regeneration_scrna:GSM7453799_7DAC:AGCGCTGTCAGCGCAC-1,3735,unannotated,0.943562,unannotated,0.909572
arabidopsis_callus_regeneration_scrna:GSM7453799_7DAC:AGCGTATAGACCATTC-1,3736,unannotated,0.952377,unannotated,0.929818
arabidopsis_callus_regeneration_scrna:GSM7453799_7DAC:AGGACTTAGCGATGAC-1,3737,unannotated,0.667389,unannotated,0.609393
arabidopsis_callus_regeneration_scrna:GSM7453799_7DAC:AGGAGGTTCTAATTCC-1,3738,unannotated,0.855895,unannotated,0.825930
arabidopsis_callus_regeneration_scrna:GSM7453799_7DAC:AGGGCCTCAAGAAATC-1,3739,unannotated,0.921851,unannotated,0.886188
arabidopsis_callus_regeneration_scrna:GSM7453799_7DAC:AGGTCATCACTGTGAT-1,3740,unannotated,0.697975,unannotated,0.700373
arabidopsis_callus_regeneration_scrna:GSM7453799_7DAC:AGGTGTTAGTGGTCAG-1,3741,unannotated,0.898906,unannotated,0.897683
arabidopsis_callus_regeneration_scrna:GSM7453799_7DAC:AGTCTCCGTAGTCTTG-1,3742,unannotated,0.954182,unannotated,0.935613
arabidopsis_callus_regeneration_scrna:GSM7453799_7DAC:AGTGTTGAGCACTAGG-1,3743,unannotated,0.952355,unannotated,0.916524
arabidopsis_callus_regeneration_scrna:GSM7453799_7DAC:ATAGGCTCACCTCTAC-1,3744,unannotated,0.939555,unannotated,0.926045
arabidopsis_callus_regeneration_scrna:GSM7453799_7DAC:ATCGGCGAGTATGAAC-1,3745,unannotated,0.957343,unannotated,0.942491
arabidopsis_callus_regeneration_scrna:GSM7453799_7DAC:ATCTCTATCTGTGTGA-1,3746,unannotated,0.953470,unannotated,0.935266
arabidopsis_callus_regeneration_scrna:GSM7453799_7DAC:ATCTTCACACGCTGTG-1,3747,unannotated,0.633623,unannotated,0.634342
arabidopsis_callus_regeneration_scrna:GSM7453799_7DAC:ATGGAGGGTAACTAAG-1,3748,unannotated,0.957142,unannotated,0.931670
arabidopsis_callus_regeneration_scrna:GSM7453799_7DAC:ATTACTCGTACAAGTA-1,3749,unannotated,0.840085,unannotated,0.789682
arabidopsis_callus_regeneration_scrna:GSM7453799_7DAC:ATTACTCTCACGGAGA-1,3750,unannotated,0.954225,unannotated,0.933410
arabidopsis_callus_regeneration_scrna:GSM7453799_7DAC:ATTGGGTAGGGAGAAT-1,3751,unannotated,0.908628,unannotated,0.864290
arabidopsis_callus_regeneration_scrna:GSM7453799_7DAC:ATTGGGTGTTCGCGTG-1,3752,unannotated,0.909677,unannotated,0.868674
arabidopsis_callus_regeneration_scrna:GSM7453799_7DAC:CAACAACAGAAGCTGC-1,3753,unannotated,0.932063,unannotated,0.913728
arabidopsis_callus_regeneration_scrna:GSM7453799_7DAC:CAACCTCTCGAGTCCG-1,3754,unannotated,0.944940,unannotated,0.919778
arabidopsis_callus_regeneration_scrna:GSM7453799_7DAC:CAACGGCGTATGAGAT-1,3755,unannotated,0.864619,unannotated,0.848995
arabidopsis_callus_regeneration_scrna:GSM7453799_7DAC:CAAGGGAGTAGTGCGA-1,3756,unannotated,0.872461,unannotated,0.845119
arabidopsis_callus_regeneration_scrna:GSM7453799_7DAC:CACAGGCGTGCGAACA-1,3757,unannotated,0.945556,unannotated,0.923981
arabidopsis_callus_regeneration_scrna:GSM7453799_7DAC:CACGGGTAGGAGCTGT-1,3758,unannotated,0.928957,unannotated,0.884322
arabidopsis_callus_regeneration_scrna:GSM7453799_7DAC:CACTGAACAATAGGAT-1,3759,unannotated,0.929344,unannotated,0.886736
arabidopsis_callus_regeneration_scrna:GSM7453799_7DAC:CAGATACAGGCGAACT-1,3760,unannotated,0.959321,unannotated,0.943656
arabidopsis_callus_regeneration_scrna:GSM7453799_7DAC:CAGCACGAGTGAGGTC-1,3761,unannotated,0.925270,unannotated,0.882478
arabidopsis_callus_regeneration_scrna:GSM7453799_7DAC:CAGTTAGAGTGCCAGA-1,3762,unannotated,0.811227,unannotated,0.788554
arabidopsis_callus_regeneration_scrna:GSM7453799_7DAC:CATAGACTCAGCGGAA-1,3763,unannotated,0.940106,unannotated,0.905249
arabidopsis_callus_regeneration_scrna:GSM7453799_7DAC:CATGCTCAGGAGGCAG-1,3764,unannotated,0.947444,unannotated,0.908095
arabidopsis_callus_regeneration_scrna:GSM7453799_7DAC:CATGGTAGTATGACAA-1,3765,unannotated,0.912824,unannotated,0.853461
arabidopsis_callus_regeneration_scrna:GSM7453799_7DAC:CCACGTTGTAGCTGTT-1,3766,unannotated,0.959644,unannotated,0.938561
arabidopsis_callus_regeneration_scrna:GSM7453799_7DAC:CCCTTAGAGATTAGCA-1,3767,unannotated,0.876203,unannotated,0.829724
arabidopsis_callus_regeneration_scrna:GSM7453799_7DAC:CCGATCTCAAACACCT-1,3768,unannotated,0.942266,unannotated,0.922121
arabidopsis_callus_regeneration_scrna:GSM7453799_7DAC:CCGTAGGAGCGGTAGT-1,3769,unannotated,0.952222,unannotated,0.923323
arabidopsis_callus_regeneration_scrna:GSM7453799_7DAC:CCGTAGGGTGCAACGA-1,3770,unannotated,0.938593,unannotated,0.922152
arabidopsis_callus_regeneration_scrna:GSM7453799_7DAC:CCTCAGTGTTGGGTAG-1,3771,unannotated,0.946912,unannotated,0.913170
arabidopsis_callus_regeneration_scrna:GSM7453799_7DAC:CCTCCTCAGGACAACC-1,3772,unannotated,0.919755,unannotated,0.902220
arabidopsis_callus_regeneration_scrna:GSM7453799_7DAC:CGAAGGAGTCCAAATC-1,3773,unannotated,0.939544,unannotated,0.931194
arabidopsis_callus_regeneration_scrna:GSM7453799_7DAC:CGAAGGATCTCGAGTA-1,3774,unannotated,0.910867,unannotated,0.866965
arabidopsis_callus_regeneration_scrna:GSM7453799_7DAC:CGAGTGCTCACTTATC-1,3775,unannotated,0.925670,unannotated,0.888159
arabidopsis_callus_regeneration_scrna:GSM7453799_7DAC:CGATCGGCATCCGAGC-1,3776,unannotated,0.825681,unannotated,0.797449
arabidopsis_callus_regeneration_scrna:GSM7453799_7DAC:CGGAATTAGTCATCCA-1,3777,unannotated,0.952267,unannotated,0.919720
arabidopsis_callus_regeneration_scrna:GSM7453799_7DAC:CGGCAGTTCTCGTGAA-1,3778,unannotated,0.934231,unannotated,0.896279
arabidopsis_callus_regeneration_scrna:GSM7453799_7DAC:CGGGTGTTCATAGCAC-1,3779,unannotated,0.941718,unannotated,0.923661
arabidopsis_callus_regeneration_scrna:GSM7453799_7DAC:CGTCAAATCGACATAC-1,3780,unannotated,0.945099,unannotated,0.917376
arabidopsis_callus_regeneration_scrna:GSM7453799_7DAC:CTACTATAGTCTTCCC-1,3781,unannotated,0.912963,unannotated,0.888021
arabidopsis_callus_regeneration_scrna:GSM7453799_7DAC:CTCAAGATCTCGGGAC-1,3782,unannotated,0.931836,unannotated,0.896529
arabidopsis_callus_regeneration_scrna:GSM7453799_7DAC:CTCTCAGCAATTGCTG-1,3783,unannotated,0.938182,unannotated,0.922850
arabidopsis_callus_regeneration_scrna:GSM7453799_7DAC:CTCTCAGGTGTCGATT-1,3784,unannotated,0.929169,unannotated,0.908132
arabidopsis_callus_regeneration_scrna:GSM7453799_7DAC:CTGCAGGGTGTTATCG-1,3785,unannotated,0.850615,unannotated,0.837614
arabidopsis_callus_regeneration_scrna:GSM7453799_7DAC:CTTAGGACAGTCGGAA-1,3786,unannotated,0.908764,unannotated,0.840089
arabidopsis_callus_regeneration_scrna:GSM7453799_7DAC:CTTTCAAGTACCAGAG-1,3787,unannotated,0.954161,unannotated,0.942224
arabidopsis_callus_regeneration_scrna:GSM7453799_7DAC:GAACGTTCAGTAGATA-1,3788,unannotated,0.914986,unannotated,0.886856
arabidopsis_callus_regeneration_scrna:GSM7453799_7DAC:GAAGCGATCTGTCTCG-1,3789,unannotated,0.963293,unannotated,0.950963
arabidopsis_callus_regeneration_scrna:GSM7453799_7DAC:GAAGTAAAGGCACTCC-1,3790,unannotated,0.868908,unannotated,0.853566
arabidopsis_callus_regeneration_scrna:GSM7453799_7DAC:GAAGTAACACACCGCA-1,3791,unannotated,0.785142,unannotated,0.767424
arabidopsis_callus_regeneration_scrna:GSM7453799_7DAC:GACATCAGTCGAACGA-1,3792,unannotated,0.922187,unannotated,0.895501
arabidopsis_callus_regeneration_scrna:GSM7453799_7DAC:GACCCTTCAACATCGT-1,3793,unannotated,0.914103,unannotated,0.885417
arabidopsis_callus_regeneration_scrna:GSM7453799_7DAC:GAGACTTCAGAAGTTA-1,3794,unannotated,0.952190,unannotated,0.933070
arabidopsis_callus_regeneration_scrna:GSM7453799_7DAC:GAGTTGTGTGGACCTC-1,3795,unannotated,0.890480,unannotated,0.885721
arabidopsis_callus_regeneration_scrna:GSM7453799_7DAC:GATAGAACACAAGCTT-1,3796,unannotated,0.947142,unannotated,0.913553
arabidopsis_callus_regeneration_scrna:GSM7453799_7DAC:GATAGAAGTAGCGCTC-1,3797,unannotated,0.950446,unannotated,0.921723
arabidopsis_callus_regeneration_scrna:GSM7453799_7DAC:GATCACATCATTGGTG-1,3798,unannotated,0.862880,unannotated,0.839318
arabidopsis_callus_regeneration_scrna:GSM7453799_7DAC:GCATTAGTCATACGAC-1,3799,unannotated,0.930381,unannotated,0.917014
arabidopsis_callus_regeneration_scrna:GSM7453799_7DAC:GCCCGAACAAGGCCTC-1,3800,unannotated,0.913688,unannotated,0.893310
arabidopsis_callus_regeneration_scrna:GSM7453799_7DAC:GCCGATGGTACGATGG-1,3801,unannotated,0.889666,unannotated,0.879174
arabidopsis_callus_regeneration_scrna:GSM7453799_7DAC:GCGGATCGTTTCACTT-1,3802,unannotated,0.898617,unannotated,0.836957
arabidopsis_callus_regeneration_scrna:GSM7453799_7DAC:GCGGATCTCCTCTAGC-1,3803,unannotated,0.913018,unannotated,0.893888
arabidopsis_callus_regeneration_scrna:GSM7453799_7DAC:GCTGAATTCTCGCAGG-1,3804,unannotated,0.947938,unannotated,0.928906
arabidopsis_callus_regeneration_scrna:GSM7453799_7DAC:GCTGGGTTCGTTGTTT-1,3805,unannotated,0.929282,unannotated,0.897466
arabidopsis_callus_regeneration_scrna:GSM7453799_7DAC:GCTTTCGGTAGTGATA-1,3806,unannotated,0.930597,unannotated,0.889717
arabidopsis_callus_regeneration_scrna:GSM7453799_7DAC:GGACGTCAGGCACTAG-1,3807,unannotated,0.941148,unannotated,0.907491
arabidopsis_callus_regeneration_scrna:GSM7453799_7DAC:GGAGAACAGTCGTTAC-1,3808,unannotated,0.927108,unannotated,0.889206
arabidopsis_callus_regeneration_scrna:GSM7453799_7DAC:GGAGATGGTATGAAGT-1,3809,unannotated,0.950767,unannotated,0.936865
arabidopsis_callus_regeneration_scrna:GSM7453799_7DAC:GGAGCAATCGGTGCAC-1,3810,unannotated,0.923091,unannotated,0.896154
arabidopsis_callus_regeneration_scrna:GSM7453799_7DAC:GGATCTACAATCAGCT-1,3811,unannotated,0.888849,unannotated,0.879668
arabidopsis_callus_regeneration_scrna:GSM7453799_7DAC:GGCAGTCCACAGAGAC-1,3812,unannotated,0.949457,unannotated,0.935007
arabidopsis_callus_regeneration_scrna:GSM7453799_7DAC:GGCAGTCTCACTCCGT-1,3813,unannotated,0.935994,unannotated,0.910147
arabidopsis_callus_regeneration_scrna:GSM7453799_7DAC:GGGAGATAGAGCCGAT-1,3814,unannotated,0.925925,unannotated,0.901035
arabidopsis_callus_regeneration_scrna:GSM7453799_7DAC:GGGAGATAGCTCCATA-1,3815,unannotated,0.798430,unannotated,0.775522
arabidopsis_callus_regeneration_scrna:GSM7453799_7DAC:GGGATCCCAACGTATC-1,3816,unannotated,0.943154,unannotated,0.919364
arabidopsis_callus_regeneration_scrna:GSM7453799_7DAC:GGGCCATTCCGTGGGT-1,3817,unannotated,0.917822,unannotated,0.888638
arabidopsis_callus_regeneration_scrna:GSM7453799_7DAC:GGTAGAGAGTAAGACT-1,3818,unannotated,0.945722,unannotated,0.931611
arabidopsis_callus_regeneration_scrna:GSM7453799_7DAC:GGTAGAGCACAGTACT-1,3819,unannotated,0.935083,unannotated,0.884441
arabidopsis_callus_regeneration_scrna:GSM7453799_7DAC:GGTGAAGGTTCCGTTC-1,3820,unannotated,0.874252,unannotated,0.823656
arabidopsis_callus_regeneration_scrna:GSM7453799_7DAC:GTCGTAATCTGTAACG-1,3821,unannotated,0.941897,unannotated,0.928901
arabidopsis_callus_regeneration_scrna:GSM7453799_7DAC:GTCTACCCACAAATAG-1,3822,unannotated,0.864992,unannotated,0.834887
arabidopsis_callus_regeneration_scrna:GSM7453799_7DAC:GTCTACCCATGCCATA-1,3823,unannotated,0.913088,unannotated,0.856518
arabidopsis_callus_regeneration_scrna:GSM7453799_7DAC:GTCTACCGTTCCCAAA-1,3824,unannotated,0.957134,unannotated,0.939909
arabidopsis_callus_regeneration_scrna:GSM7453799_7DAC:GTGATGTTCCCGTGAG-1,3825,unannotated,0.931173,unannotated,0.909976
arabidopsis_callus_regeneration_scrna:GSM7453799_7DAC:GTGTGGCAGCGACTAG-1,3826,unannotated,0.919683,unannotated,0.876069
arabidopsis_callus_regeneration_scrna:GSM7453799_7DAC:GTGTTAGAGTACAGCG-1,3827,unannotated,0.940536,unannotated,0.921523
arabidopsis_callus_regeneration_scrna:GSM7453799_7DAC:GTGTTCCCAAGAAACT-1,3828,unannotated,0.935275,unannotated,0.895949
arabidopsis_callus_regeneration_scrna:GSM7453799_7DAC:GTTACCCTCTCATGGA-1,3829,unannotated,0.939089,unannotated,0.898373
arabidopsis_callus_regeneration_scrna:GSM7453799_7DAC:GTTCCGTCATGAGATA-1,3830,unannotated,0.860017,unannotated,0.842920
arabidopsis_callus_regeneration_scrna:GSM7453799_7DAC:TAACGACTCGCAGTGC-1,3831,unannotated,0.937488,unannotated,0.913730
arabidopsis_callus_regeneration_scrna:GSM7453799_7DAC:TAAGCGTCAAGTGCTT-1,3832,unannotated,0.955775,unannotated,0.937245
arabidopsis_callus_regeneration_scrna:GSM7453799_7DAC:TACACCCAGGGCTGAT-1,3833,unannotated,0.943129,unannotated,0.912629
arabidopsis_callus_regeneration_scrna:GSM7453799_7DAC:TACATTCAGCACTGGA-1,3834,unannotated,0.915332,unannotated,0.881930
arabidopsis_callus_regeneration_scrna:GSM7453799_7DAC:TACGTCCCAACCGATT-1,3835,unannotated,0.904965,unannotated,0.888375
arabidopsis_callus_regeneration_scrna:GSM7453799_7DAC:TAGACTGTCGTTAGTG-1,3836,unannotated,0.944971,unannotated,0.931769
arabidopsis_callus_regeneration_scrna:GSM7453799_7DAC:TAGATCGAGAGGTGCT-1,3837,unannotated,0.883636,unannotated,0.846230
arabidopsis_callus_regeneration_scrna:GSM7453799_7DAC:TAGTGCAAGCAACCAG-1,3838,unannotated,0.945844,unannotated,0.925635
arabidopsis_callus_regeneration_scrna:GSM7453799_7DAC:TATCAGGTCGGTATGT-1,3839,unannotated,0.920024,unannotated,0.882335
arabidopsis_callus_regeneration_scrna:GSM7453799_7DAC:TATCTGTAGCCGGAAT-1,3840,unannotated,0.939309,unannotated,0.908096
arabidopsis_callus_regeneration_scrna:GSM7453799_7DAC:TATGTTCCATTGACCA-1,3841,unannotated,0.927428,unannotated,0.913327
arabidopsis_callus_regeneration_scrna:GSM7453799_7DAC:TCAAGTGCAGTCAGTT-1,3842,unannotated,0.943600,unannotated,0.909116
arabidopsis_callus_regeneration_scrna:GSM7453799_7DAC:TCAAGTGGTTGGAGGT-1,3843,unannotated,0.946410,unannotated,0.925887
arabidopsis_callus_regeneration_scrna:GSM7453799_7DAC:TCAGGGCAGTCCCTAA-1,3844,unannotated,0.922606,unannotated,0.893605
arabidopsis_callus_regeneration_scrna:GSM7453799_7DAC:TCATGAGGTGATTGGG-1,3845,unannotated,0.935961,unannotated,0.918521
arabidopsis_callus_regeneration_scrna:GSM7453799_7DAC:TCATGCCAGGTGCATG-1,3846,unannotated,0.919646,unannotated,0.869422
arabidopsis_callus_regeneration_scrna:GSM7453799_7DAC:TCCTCTTTCAAGAGGC-1,3847,unannotated,0.939776,unannotated,0.929120
arabidopsis_callus_regeneration_scrna:GSM7453799_7DAC:TCGCTCAGTAGGATAT-1,3848,unannotated,0.944586,unannotated,0.927543
arabidopsis_callus_regeneration_scrna:GSM7453799_7DAC:TCGGGTGAGCTCGAAG-1,3849,unannotated,0.946157,unannotated,0.934911
arabidopsis_callus_regeneration_scrna:GSM7453799_7DAC:TGAGCATGTTGTAGCT-1,3850,unannotated,0.935219,unannotated,0.914239
arabidopsis_callus_regeneration_scrna:GSM7453799_7DAC:TGATGGTCACCGTGGT-1,3851,unannotated,0.934534,unannotated,0.926053
arabidopsis_callus_regeneration_scrna:GSM7453799_7DAC:TGCACGGGTCAAAGCG-1,3852,unannotated,0.895533,unannotated,0.858144
arabidopsis_callus_regeneration_scrna:GSM7453799_7DAC:TGCATCCGTCATCAGT-1,3853,unannotated,0.927154,unannotated,0.905219
arabidopsis_callus_regeneration_scrna:GSM7453799_7DAC:TGGGAAGTCGTAACAC-1,3854,unannotated,0.933349,unannotated,0.917230
arabidopsis_callus_regeneration_scrna:GSM7453799_7DAC:TGGGAGAAGTATGAGT-1,3855,unannotated,0.948285,unannotated,0.926828
arabidopsis_callus_regeneration_scrna:GSM7453799_7DAC:TGGGAGATCTAGTTCT-1,3856,unannotated,0.947800,unannotated,0.916985
arabidopsis_callus_regeneration_scrna:GSM7453799_7DAC:TGGTACACACACAGAG-1,3857,unannotated,0.940869,unannotated,0.917691
arabidopsis_callus_regeneration_scrna:GSM7453799_7DAC:TGTCAGACATTCATCT-1,3858,unannotated,0.886024,unannotated,0.855449
arabidopsis_callus_regeneration_scrna:GSM7453799_7DAC:TTACCATCATCTGTTT-1,3859,unannotated,0.937700,unannotated,0.920893
arabidopsis_callus_regeneration_scrna:GSM7453799_7DAC:TTCCGGTGTACAATAG-1,3860,unannotated,0.942531,unannotated,0.909787
arabidopsis_callus_regeneration_scrna:GSM7453799_7DAC:TTCGCTGTCAGAACCT-1,3861,unannotated,0.956165,unannotated,0.939159
arabidopsis_callus_regeneration_scrna:GSM7453799_7DAC:TTGCGTCAGGTTCTTG-1,3862,unannotated,0.922176,unannotated,0.887083
arabidopsis_callus_regeneration_scrna:GSM7453799_7DAC:TTTACGTAGTCGCGAA-1,3863,unannotated,0.947980,unannotated,0.914241
arabidopsis_callus_regeneration_scrna:GSM7453799_7DAC:TTTATGCCACAGTACT-1,3864,unannotated,0.828782,unannotated,0.800427
arabidopsis_callus_regeneration_scrna:GSM7453799_7DAC:TTTCATGAGAAAGCGA-1,3865,unannotated,0.911115,unannotated,0.857279
arabidopsis_callus_regeneration_scrna:GSM7453799_7DAC:TTTCCTCTCAGGACAG-1,3866,unannotated,0.936167,unannotated,0.924342
arabidopsis_callus_regeneration_scrna:GSM7453799_7DAC:TTTGACTTCGAGAAAT-1,3867,unannotated,0.813035,unannotated,0.730565
arabidopsis_callus_regeneration_scrna:GSM7453800_12DAC:AAATGGAAGTCATCGT-1,3868,unannotated,0.815179,unannotated,0.788594
arabidopsis_callus_regeneration_scrna:GSM7453800_12DAC:AACCTTTCAATCTCTT-1,3869,unannotated,0.924316,unannotated,0.893455
arabidopsis_callus_regeneration_scrna:GSM7453800_12DAC:AAGATAGGTGAGCGAT-1,3870,unannotated,0.765134,unannotated,0.730740
arabidopsis_callus_regeneration_scrna:GSM7453800_12DAC:AAGCCATCAGAGTGTG-1,3871,unannotated,0.916121,unannotated,0.892837
arabidopsis_callus_regeneration_scrna:GSM7453800_12DAC:AAGGAATAGGAAAGGT-1,3872,unannotated,0.923862,unannotated,0.901944
arabidopsis_callus_regeneration_scrna:GSM7453800_12DAC:ACACAGTGTGTGGTCC-1,3873,unannotated,0.906935,unannotated,0.904600
arabidopsis_callus_regeneration_scrna:GSM7453800_12DAC:ACAGCCGGTCGTGTTA-1,3874,unannotated,0.866011,unannotated,0.838001
arabidopsis_callus_regeneration_scrna:GSM7453800_12DAC:ACGATCACACCGAATT-1,3875,unannotated,0.946538,unannotated,0.930653
arabidopsis_callus_regeneration_scrna:GSM7453800_12DAC:ACGCACGAGGGCAATC-1,3876,unannotated,0.888836,unannotated,0.852123
arabidopsis_callus_regeneration_scrna:GSM7453800_12DAC:ACGGAAGTCTAGTCAG-1,3877,unannotated,0.939783,unannotated,0.916835
arabidopsis_callus_regeneration_scrna:GSM7453800_12DAC:AGAAATGTCCACACCT-1,3878,unannotated,0.810137,unannotated,0.787447
arabidopsis_callus_regeneration_scrna:GSM7453800_12DAC:AGAGCAGAGTCTCGTA-1,3879,unannotated,0.950908,unannotated,0.934135
arabidopsis_callus_regeneration_scrna:GSM7453800_12DAC:ATATCCTAGAGAACCC-1,3880,unannotated,0.920421,unannotated,0.919848
arabidopsis_callus_regeneration_scrna:GSM7453800_12DAC:ATCACAGGTACCACGC-1,3881,unannotated,0.913918,unannotated,0.893348
arabidopsis_callus_regeneration_scrna:GSM7453800_12DAC:ATCCGTCTCCCGAGAC-1,3882,unannotated,0.882937,unannotated,0.840854
arabidopsis_callus_regeneration_scrna:GSM7453800_12DAC:ATCGGATTCGATAACC-1,3883,unannotated,0.964528,unannotated,0.948397
arabidopsis_callus_regeneration_scrna:GSM7453800_12DAC:ATCGGCGAGTAACCTC-1,3884,unannotated,0.907038,unannotated,0.879521
arabidopsis_callus_regeneration_scrna:GSM7453800_12DAC:ATCTCTAAGCTCTATG-1,3885,unannotated,0.951900,unannotated,0.927976
arabidopsis_callus_regeneration_scrna:GSM7453800_12DAC:ATCTCTAAGCTGCGAA-1,3886,unannotated,0.916195,unannotated,0.890827
arabidopsis_callus_regeneration_scrna:GSM7453800_12DAC:ATTACCTTCATAAGGA-1,3887,unannotated,0.932203,unannotated,0.910594
arabidopsis_callus_regeneration_scrna:GSM7453800_12DAC:ATTCATCAGGAAGTAG-1,3888,unannotated,0.936216,unannotated,0.912499
arabidopsis_callus_regeneration_scrna:GSM7453800_12DAC:ATTCGTTCAATAGAGT-1,3889,unannotated,0.899383,unannotated,0.879881
arabidopsis_callus_regeneration_scrna:GSM7453800_12DAC:ATTCGTTGTGACACAG-1,3890,unannotated,0.940392,unannotated,0.923315
arabidopsis_callus_regeneration_scrna:GSM7453800_12DAC:CACGTGGTCAAGTAAG-1,3891,unannotated,0.939280,unannotated,0.920396
arabidopsis_callus_regeneration_scrna:GSM7453800_12DAC:CACGTTCAGTGAATAC-1,3892,unannotated,0.910274,unannotated,0.873597
arabidopsis_callus_regeneration_scrna:GSM7453800_12DAC:CACTGAATCCTTCAGC-1,3893,unannotated,0.922658,unannotated,0.896458
arabidopsis_callus_regeneration_scrna:GSM7453800_12DAC:CAGGTATTCACCTTGC-1,3894,unannotated,0.936180,unannotated,0.915558
arabidopsis_callus_regeneration_scrna:GSM7453800_12DAC:CAGTTCCAGCTGAGCA-1,3895,unannotated,0.889266,unannotated,0.856361
arabidopsis_callus_regeneration_scrna:GSM7453800_12DAC:CATGGTACATCCAATG-1,3896,unannotated,0.903133,unannotated,0.876613
arabidopsis_callus_regeneration_scrna:GSM7453800_12DAC:CATTGAGAGGAAAGGT-1,3897,unannotated,0.950761,unannotated,0.931776
arabidopsis_callus_regeneration_scrna:GSM7453800_12DAC:CCAATGACATGGGAAC-1,3898,unannotated,0.952034,unannotated,0.933755
arabidopsis_callus_regeneration_scrna:GSM7453800_12DAC:CCCAACTTCATACAGC-1,3899,unannotated,0.925807,unannotated,0.889197
arabidopsis_callus_regeneration_scrna:GSM7453800_12DAC:CCCGAAGGTTCGGTAT-1,3900,unannotated,0.938395,unannotated,0.923882
arabidopsis_callus_regeneration_scrna:GSM7453800_12DAC:CCCTCTCTCCCATAAG-1,3901,unannotated,0.902452,unannotated,0.864994
arabidopsis_callus_regeneration_scrna:GSM7453800_12DAC:CCGAACGTCCTCACCA-1,3902,unannotated,0.937261,unannotated,0.919402
arabidopsis_callus_regeneration_scrna:GSM7453800_12DAC:CCGTTCATCGAAGAAT-1,3903,unannotated,0.903403,unannotated,0.871750
arabidopsis_callus_regeneration_scrna:GSM7453800_12DAC:CCTAAGACAGGCTATT-1,3904,unannotated,0.874046,unannotated,0.863440
arabidopsis_callus_regeneration_scrna:GSM7453800_12DAC:CGAAGTTAGGCAGCTA-1,3905,unannotated,0.934066,unannotated,0.901567
arabidopsis_callus_regeneration_scrna:GSM7453800_12DAC:CGTGTCTCACGGCGTT-1,3906,unannotated,0.956203,unannotated,0.938344
arabidopsis_callus_regeneration_scrna:GSM7453800_12DAC:CTACTATCAGCTGAGA-1,3907,unannotated,0.914964,unannotated,0.887058
arabidopsis_callus_regeneration_scrna:GSM7453800_12DAC:CTATCCGCAAGGTCGA-1,3908,unannotated,0.917719,unannotated,0.895444
arabidopsis_callus_regeneration_scrna:GSM7453800_12DAC:CTCAATTGTACCGCGT-1,3909,unannotated,0.932898,unannotated,0.914019
arabidopsis_callus_regeneration_scrna:GSM7453800_12DAC:CTCCCAATCCTCTGCA-1,3910,unannotated,0.940813,unannotated,0.913527
arabidopsis_callus_regeneration_scrna:GSM7453800_12DAC:CTGCCTAGTACCGCGT-1,3911,unannotated,0.919983,unannotated,0.897928
arabidopsis_callus_regeneration_scrna:GSM7453800_12DAC:CTTCCTTAGGTTCTAC-1,3912,unannotated,0.923817,unannotated,0.911483
arabidopsis_callus_regeneration_scrna:GSM7453800_12DAC:CTTTCGGAGCATCCTA-1,3913,unannotated,0.894375,unannotated,0.871322
arabidopsis_callus_regeneration_scrna:GSM7453800_12DAC:CTTTCGGGTGGATCAG-1,3914,unannotated,0.843544,unannotated,0.803076
arabidopsis_callus_regeneration_scrna:GSM7453800_12DAC:GAGCTGCGTTGCGAAG-1,3915,unannotated,0.946916,unannotated,0.923586
arabidopsis_callus_regeneration_scrna:GSM7453800_12DAC:GATGTTGGTCCCAAAT-1,3916,unannotated,0.709269,unannotated,0.682596
arabidopsis_callus_regeneration_scrna:GSM7453800_12DAC:GCAACATAGTCCCAAT-1,3917,unannotated,0.944358,unannotated,0.925034
arabidopsis_callus_regeneration_scrna:GSM7453800_12DAC:GCAACATCACGGAAGT-1,3918,unannotated,0.934224,unannotated,0.911038
arabidopsis_callus_regeneration_scrna:GSM7453800_12DAC:GCCATTCCAGTGTGGA-1,3919,unannotated,0.942505,unannotated,0.917884
arabidopsis_callus_regeneration_scrna:GSM7453800_12DAC:GCCCGAATCACCACAA-1,3920,unannotated,0.944681,unannotated,0.928917
arabidopsis_callus_regeneration_scrna:GSM7453800_12DAC:GCGATCGGTTAGAGAT-1,3921,unannotated,0.876181,unannotated,0.810184
arabidopsis_callus_regeneration_scrna:GSM7453800_12DAC:GGAGGTACACGGGCTT-1,3922,unannotated,0.907909,unannotated,0.881268
arabidopsis_callus_regeneration_scrna:GSM7453800_12DAC:GGCTTTCAGTCCTGTA-1,3923,unannotated,0.873557,unannotated,0.852483
arabidopsis_callus_regeneration_scrna:GSM7453800_12DAC:GGGAAGTGTCGCTTAA-1,3924,unannotated,0.959100,unannotated,0.943295
arabidopsis_callus_regeneration_scrna:GSM7453800_12DAC:GGTAACTTCGCCGAAC-1,3925,unannotated,0.923693,unannotated,0.902229
arabidopsis_callus_regeneration_scrna:GSM7453800_12DAC:GGTTAACCAGGGAGAG-1,3926,unannotated,0.958743,unannotated,0.936487
arabidopsis_callus_regeneration_scrna:GSM7453800_12DAC:GTGACGCAGGGTGAAA-1,3927,unannotated,0.810971,unannotated,0.768873
arabidopsis_callus_regeneration_scrna:GSM7453800_12DAC:GTGCTTCAGGGCTGAT-1,3928,unannotated,0.931493,unannotated,0.908563
arabidopsis_callus_regeneration_scrna:GSM7453800_12DAC:GTGTAACAGCAAGTCG-1,3929,unannotated,0.842172,unannotated,0.808350
arabidopsis_callus_regeneration_scrna:GSM7453800_12DAC:GTTGTCCCAAGTAGTA-1,3930,unannotated,0.917160,unannotated,0.897922
arabidopsis_callus_regeneration_scrna:GSM7453800_12DAC:TAACTTCGTCACAGAG-1,3931,unannotated,0.879256,unannotated,0.856262
arabidopsis_callus_regeneration_scrna:GSM7453800_12DAC:TACCGGGTCTATGTGG-1,3932,unannotated,0.926419,unannotated,0.906030
arabidopsis_callus_regeneration_scrna:GSM7453800_12DAC:TACTTACCAAGACCGA-1,3933,unannotated,0.905000,unannotated,0.880782
arabidopsis_callus_regeneration_scrna:GSM7453800_12DAC:TACTTCACACGCGCTA-1,3934,unannotated,0.895203,unannotated,0.882187
arabidopsis_callus_regeneration_scrna:GSM7453800_12DAC:TATTCCATCCGCTAGG-1,3935,unannotated,0.626721,unannotated,0.614092
arabidopsis_callus_regeneration_scrna:GSM7453800_12DAC:TCACACCAGGAACTAT-1,3936,unannotated,0.822692,unannotated,0.821312
arabidopsis_callus_regeneration_scrna:GSM7453800_12DAC:TCATCATTCGGAATGG-1,3937,unannotated,0.922547,unannotated,0.901377
arabidopsis_callus_regeneration_scrna:GSM7453800_12DAC:TCATTACTCCGAAATC-1,3938,unannotated,0.954834,unannotated,0.943214
arabidopsis_callus_regeneration_scrna:GSM7453800_12DAC:TCCATCGCAGCATTGT-1,3939,unannotated,0.898898,unannotated,0.879432
arabidopsis_callus_regeneration_scrna:GSM7453800_12DAC:TCCATGCTCTACGCAA-1,3940,unannotated,0.912820,unannotated,0.891331
arabidopsis_callus_regeneration_scrna:GSM7453800_12DAC:TCCGGGAAGCGGTATG-1,3941,unannotated,0.957663,unannotated,0.939605
arabidopsis_callus_regeneration_scrna:GSM7453800_12DAC:TCGTAGAGTACTCCCT-1,3942,unannotated,0.926480,unannotated,0.902970
arabidopsis_callus_regeneration_scrna:GSM7453800_12DAC:TCTCCGATCTTCGGAA-1,3943,unannotated,0.943838,unannotated,0.925574
arabidopsis_callus_regeneration_scrna:GSM7453800_12DAC:TGACAGTCATTACGGT-1,3944,unannotated,0.933210,unannotated,0.902513
arabidopsis_callus_regeneration_scrna:GSM7453800_12DAC:TGAGGGAAGAGCCGTA-1,3945,unannotated,0.955213,unannotated,0.931100
arabidopsis_callus_regeneration_scrna:GSM7453800_12DAC:TGAGTCAGTTTCTATC-1,3946,unannotated,0.906029,unannotated,0.871912
arabidopsis_callus_regeneration_scrna:GSM7453800_12DAC:TGATCAGAGGCGTTGA-1,3947,unannotated,0.947608,unannotated,0.928365
arabidopsis_callus_regeneration_scrna:GSM7453800_12DAC:TGATTCTAGAAAGCGA-1,3948,unannotated,0.946686,unannotated,0.932636
arabidopsis_callus_regeneration_scrna:GSM7453800_12DAC:TGCGATAGTTTGAAAG-1,3949,unannotated,0.884060,unannotated,0.873782
arabidopsis_callus_regeneration_scrna:GSM7453800_12DAC:TGCTTCGTCTACTGCC-1,3950,unannotated,0.950336,unannotated,0.933239
arabidopsis_callus_regeneration_scrna:GSM7453800_12DAC:TGGAGGAGTCGTGCCA-1,3951,unannotated,0.936239,unannotated,0.911399
arabidopsis_callus_regeneration_scrna:GSM7453800_12DAC:TGGGAAGCACCTGCGA-1,3952,unannotated,0.889834,unannotated,0.866948
arabidopsis_callus_regeneration_scrna:GSM7453800_12DAC:TGGGAAGTCAGTGTGT-1,3953,unannotated,0.951351,unannotated,0.936792
arabidopsis_callus_regeneration_scrna:GSM7453800_12DAC:TGTGATGTCACATCAG-1,3954,unannotated,0.895595,unannotated,0.876894
arabidopsis_callus_regeneration_scrna:GSM7453800_12DAC:TTACCATAGCATACTC-1,3955,unannotated,0.916689,unannotated,0.886284
arabidopsis_callus_regeneration_scrna:GSM7453800_12DAC:TTACGTTGTACTAACC-1,3956,unannotated,0.916924,unannotated,0.896797
arabidopsis_callus_regeneration_scrna:GSM7453800_12DAC:TTCTAGTCAATACAGA-1,3957,unannotated,0.938404,unannotated,0.913854
arabidopsis_callus_regeneration_scrna:GSM7453800_12DAC:TTCTCTCCATCCGATA-1,3958,unannotated,0.900251,unannotated,0.875328
arabidopsis_callus_regeneration_scrna:GSM7453800_12DAC:TTGAACGAGCGACATG-1,3959,unannotated,0.928790,unannotated,0.905599
arabidopsis_callus_regeneration_scrna:GSM7453800_12DAC:TTGACCCCACTGCACG-1,3960,unannotated,0.951786,unannotated,0.924767
arabidopsis_callus_regeneration_scrna:GSM7453800_12DAC:TTGCCTGAGTGGAAGA-1,3961,unannotated,0.824534,unannotated,0.790013
arabidopsis_callus_regeneration_scrna:GSM7453800_12DAC:TTGGGATTCGAGCCAC-1,3962,unannotated,0.928931,unannotated,0.899443
arabidopsis_callus_regeneration_scrna:GSM7453800_12DAC:TTGTTCACATGGCTAT-1,3963,unannotated,0.875746,unannotated,0.842502
