cell_id,species,organ,truth_label,strict_prediction,covered_by_train_labels,selected_candidate,decision
scplantdb_CRA002977_1:CRX125602@@_AAACCTGGTGCACTTA-1,Arabidopsis thaliana,leaf,Leaf pavement cell,Mesophyll,false,organ_context_prior,organ_context_prior
scplantdb_CRA002977_1:CRX125602@@_AAAGATGTCGCCATAA-1,Arabidopsis thaliana,leaf,Mesophyll,Mesophyll,true,organ_context_prior,organ_context_prior
scplantdb_CRA002977_1:CRX125602@@_AACCATGCACCAACCG-1,Arabidopsis thaliana,leaf,Phloem parenchyma,Mesophyll,true,organ_context_prior,organ_context_prior
scplantdb_CRA002977_1:CRX125602@@_AACCATGCACTTAAGC-1,Arabidopsis thaliana,leaf,Mesophyll,Mesophyll,true,organ_context_prior,organ_context_prior
scplantdb_CRA002977_1:CRX125602@@_AACCATGGTGTGCGTC-1,Arabidopsis thaliana,leaf,Mesophyll,Mesophyll,true,organ_context_prior,organ_context_prior
scplantdb_CRA002977_1:CRX125602@@_AACCATGTCCTTTCGG-1,Arabidopsis thaliana,leaf,Mesophyll,Mesophyll,true,organ_context_prior,organ_context_prior
scplantdb_CRA002977_1:CRX125602@@_AACCATGTCTCTGTCG-1,Arabidopsis thaliana,leaf,Xylem,Mesophyll,true,organ_context_prior,organ_context_prior
scplantdb_CRA002977_1:CRX125602@@_AACTCCCCACGGTAGA-1,Arabidopsis thaliana,leaf,Mesophyll,Mesophyll,true,organ_context_prior,organ_context_prior
scplantdb_CRA002977_1:CRX125602@@_AACTCTTTCGAACTGT-1,Arabidopsis thaliana,leaf,Leaf pavement cell,Mesophyll,false,organ_context_prior,organ_context_prior
scplantdb_CRA002977_1:CRX125602@@_AAGACCTGTCGAGTTT-1,Arabidopsis thaliana,leaf,Mesophyll,Mesophyll,true,organ_context_prior,organ_context_prior
scplantdb_CRA002977_1:CRX125602@@_ACATACGTCCTCTAGC-1,Arabidopsis thaliana,leaf,Mesophyll,Mesophyll,true,organ_context_prior,organ_context_prior
scplantdb_CRA002977_1:CRX125602@@_ACCGTAAAGCACGCCT-1,Arabidopsis thaliana,leaf,Mesophyll,Mesophyll,true,organ_context_prior,organ_context_prior
scplantdb_CRA002977_1:CRX125602@@_ACCTTTAGTGTGAATA-1,Arabidopsis thaliana,leaf,Leaf pavement cell,Mesophyll,false,organ_context_prior,organ_context_prior
scplantdb_CRA002977_1:CRX125602@@_ACGAGGATCTCTAAGG-1,Arabidopsis thaliana,leaf,Mesophyll,Mesophyll,true,organ_context_prior,organ_context_prior
scplantdb_CRA002977_1:CRX125602@@_ACGCAGCAGCGATCCC-1,Arabidopsis thaliana,leaf,Xylem,Mesophyll,true,organ_context_prior,organ_context_prior
scplantdb_CRA002977_1:CRX125602@@_ACGGAGAAGATGTAAC-1,Arabidopsis thaliana,leaf,Mesophyll,Mesophyll,true,organ_context_prior,organ_context_prior
scplantdb_CRA002977_1:CRX125602@@_ACGTCAAAGGAACTGC-1,Arabidopsis thaliana,leaf,Mesophyll,Mesophyll,true,organ_context_prior,organ_context_prior
scplantdb_CRA002977_1:CRX125602@@_ACTATCTGTAGAAAGG-1,Arabidopsis thaliana,leaf,Mesophyll,Mesophyll,true,organ_context_prior,organ_context_prior
scplantdb_CRA002977_1:CRX125602@@_ACTGCTCAGCTGGAAC-1,Arabidopsis thaliana,leaf,Xylem,Mesophyll,true,organ_context_prior,organ_context_prior
scplantdb_CRA002977_1:CRX125602@@_ACTTACTGTACCATCA-1,Arabidopsis thaliana,leaf,Xylem,Mesophyll,true,organ_context_prior,organ_context_prior
scplantdb_CRA002977_1:CRX125602@@_ACTTTCACACAAGCCC-1,Arabidopsis thaliana,leaf,Leaf guard cell,Mesophyll,true,organ_context_prior,organ_context_prior
scplantdb_CRA002977_1:CRX125602@@_AGACGTTAGATCTGAA-1,Arabidopsis thaliana,leaf,Mesophyll,Mesophyll,true,organ_context_prior,organ_context_prior
scplantdb_CRA002977_1:CRX125602@@_AGCCTAAGTACAAGTA-1,Arabidopsis thaliana,leaf,Xylem,Mesophyll,true,organ_context_prior,organ_context_prior
scplantdb_CRA002977_1:CRX125602@@_AGCCTAATCCCTTGTG-1,Arabidopsis thaliana,leaf,Mesophyll,Mesophyll,true,organ_context_prior,organ_context_prior
scplantdb_CRA002977_1:CRX125602@@_AGCTCCTAGTCAAGCG-1,Arabidopsis thaliana,leaf,Mesophyll,Mesophyll,true,organ_context_prior,organ_context_prior
scplantdb_CRA002977_1:CRX125602@@_AGCTCTCGTAGCGTCC-1,Arabidopsis thaliana,leaf,Leaf guard cell,Mesophyll,true,organ_context_prior,organ_context_prior
scplantdb_CRA002977_1:CRX125602@@_AGCTCTCGTTTGGGCC-1,Arabidopsis thaliana,leaf,Mesophyll,Mesophyll,true,organ_context_prior,organ_context_prior
scplantdb_CRA002977_1:CRX125602@@_AGCTCTCTCAAACAAG-1,Arabidopsis thaliana,leaf,Mesophyll,Mesophyll,true,organ_context_prior,organ_context_prior
scplantdb_CRA002977_1:CRX125602@@_AGGGAGTCATGAGCGA-1,Arabidopsis thaliana,leaf,Mesophyll,Mesophyll,true,organ_context_prior,organ_context_prior
scplantdb_CRA002977_1:CRX125602@@_AGGGAGTTCGCTGATA-1,Arabidopsis thaliana,leaf,Leaf pavement cell,Mesophyll,false,organ_context_prior,organ_context_prior
scplantdb_CRA002977_1:CRX125602@@_AGGGTGATCCAAACTG-1,Arabidopsis thaliana,leaf,Mesophyll,Mesophyll,true,organ_context_prior,organ_context_prior
scplantdb_CRA002977_1:CRX125602@@_AGTGGGAAGTCAATAG-1,Arabidopsis thaliana,leaf,Companion cell,Mesophyll,true,organ_context_prior,organ_context_prior
scplantdb_CRA002977_1:CRX125602@@_ATAAGAGGTGCCTGGT-1,Arabidopsis thaliana,leaf,Mesophyll,Mesophyll,true,organ_context_prior,organ_context_prior
scplantdb_CRA002977_1:CRX125602@@_ATCCACCGTTCCACTC-1,Arabidopsis thaliana,leaf,Mesophyll,Mesophyll,true,organ_context_prior,organ_context_prior
scplantdb_CRA002977_1:CRX125602@@_ATCGAGTTCCGAACGC-1,Arabidopsis thaliana,leaf,Xylem,Mesophyll,true,organ_context_prior,organ_context_prior
scplantdb_CRA002977_1:CRX125602@@_ATGAGGGAGCGATATA-1,Arabidopsis thaliana,leaf,Mesophyll,Mesophyll,true,organ_context_prior,organ_context_prior
scplantdb_CRA002977_1:CRX125602@@_ATGAGGGCACCGTTGG-1,Arabidopsis thaliana,leaf,Xylem,Mesophyll,true,organ_context_prior,organ_context_prior
scplantdb_CRA002977_1:CRX125602@@_ATGCGATAGTGAACGC-1,Arabidopsis thaliana,leaf,Mesophyll,Mesophyll,true,organ_context_prior,organ_context_prior
scplantdb_CRA002977_1:CRX125602@@_ATGTGTGAGAAGGGTA-1,Arabidopsis thaliana,leaf,Xylem,Mesophyll,true,organ_context_prior,organ_context_prior
scplantdb_CRA002977_1:CRX125602@@_ATTACTCGTTCGTTGA-1,Arabidopsis thaliana,leaf,Mesophyll,Mesophyll,true,organ_context_prior,organ_context_prior
scplantdb_CRA002977_1:CRX125602@@_ATTATCCTCTTGTATC-1,Arabidopsis thaliana,leaf,Mesophyll,Mesophyll,true,organ_context_prior,organ_context_prior
scplantdb_CRA002977_1:CRX125602@@_ATTTCTGGTCACAAGG-1,Arabidopsis thaliana,leaf,Xylem,Mesophyll,true,organ_context_prior,organ_context_prior
scplantdb_CRA002977_1:CRX125602@@_CAACCAAAGGAATGGA-1,Arabidopsis thaliana,leaf,Xylem,Mesophyll,true,organ_context_prior,organ_context_prior
scplantdb_CRA002977_1:CRX125602@@_CAACCTCAGCTGTTCA-1,Arabidopsis thaliana,leaf,Mesophyll,Mesophyll,true,organ_context_prior,organ_context_prior
scplantdb_CRA002977_1:CRX125602@@_CAACCTCGTGCACGAA-1,Arabidopsis thaliana,leaf,Leaf guard cell,Mesophyll,true,organ_context_prior,organ_context_prior
scplantdb_CRA002977_1:CRX125602@@_CAACCTCTCCCACTTG-1,Arabidopsis thaliana,leaf,Xylem,Mesophyll,true,organ_context_prior,organ_context_prior
scplantdb_CRA002977_1:CRX125602@@_CAAGAAAAGCCGGTAA-1,Arabidopsis thaliana,leaf,Xylem,Mesophyll,true,organ_context_prior,organ_context_prior
scplantdb_CRA002977_1:CRX125602@@_CAAGATCTCCATGAAC-1,Arabidopsis thaliana,leaf,Mesophyll,Mesophyll,true,organ_context_prior,organ_context_prior
scplantdb_CRA002977_1:CRX125602@@_CAAGTTGGTCGAGTTT-1,Arabidopsis thaliana,leaf,Xylem,Mesophyll,true,organ_context_prior,organ_context_prior
scplantdb_CRA002977_1:CRX125602@@_CACAAACAGCTGCGAA-1,Arabidopsis thaliana,leaf,Mesophyll,Mesophyll,true,organ_context_prior,organ_context_prior
scplantdb_CRA002977_1:CRX125602@@_CACAAACTCTACTTAC-1,Arabidopsis thaliana,leaf,Mesophyll,Mesophyll,true,organ_context_prior,organ_context_prior
scplantdb_CRA002977_1:CRX125602@@_CACACAATCAGAAATG-1,Arabidopsis thaliana,leaf,Leaf pavement cell,Mesophyll,false,organ_context_prior,organ_context_prior
scplantdb_CRA002977_1:CRX125602@@_CACACCTTCCTGCAGG-1,Arabidopsis thaliana,leaf,Leaf pavement cell,Mesophyll,false,organ_context_prior,organ_context_prior
scplantdb_CRA002977_1:CRX125602@@_CACACCTTCGTGGTCG-1,Arabidopsis thaliana,leaf,Leaf guard cell,Mesophyll,true,organ_context_prior,organ_context_prior
scplantdb_CRA002977_1:CRX125602@@_CACATTTGTCATTAGC-1,Arabidopsis thaliana,leaf,Leaf pavement cell,Mesophyll,false,organ_context_prior,organ_context_prior
scplantdb_CRA002977_1:CRX125602@@_CACATTTGTCGGCACT-1,Arabidopsis thaliana,leaf,Leaf pavement cell,Mesophyll,false,organ_context_prior,organ_context_prior
scplantdb_CRA002977_1:CRX125602@@_CACCACTAGGTAAACT-1,Arabidopsis thaliana,leaf,Companion cell,Mesophyll,true,organ_context_prior,organ_context_prior
scplantdb_CRA002977_1:CRX125602@@_CACCAGGCAACACCCG-1,Arabidopsis thaliana,leaf,Xylem,Mesophyll,true,organ_context_prior,organ_context_prior
scplantdb_CRA002977_1:CRX125602@@_CACCTTGCAACACCCG-1,Arabidopsis thaliana,leaf,Mesophyll,Mesophyll,true,organ_context_prior,organ_context_prior
scplantdb_CRA002977_1:CRX125602@@_CACTCCACAGATCCAT-1,Arabidopsis thaliana,leaf,Xylem,Mesophyll,true,organ_context_prior,organ_context_prior
scplantdb_CRA002977_1:CRX125602@@_CAGAATCAGCAATCTC-1,Arabidopsis thaliana,leaf,Companion cell,Mesophyll,true,organ_context_prior,organ_context_prior
scplantdb_CRA002977_1:CRX125602@@_CAGCAGCAGGAACTGC-1,Arabidopsis thaliana,leaf,Leaf pavement cell,Mesophyll,false,organ_context_prior,organ_context_prior
scplantdb_CRA002977_1:CRX125602@@_CAGCCGACAGCGATCC-1,Arabidopsis thaliana,leaf,Xylem,Mesophyll,true,organ_context_prior,organ_context_prior
scplantdb_CRA002977_1:CRX125602@@_CAGCCGACATGGTAGG-1,Arabidopsis thaliana,leaf,Mesophyll,Mesophyll,true,organ_context_prior,organ_context_prior
scplantdb_CRA002977_1:CRX125602@@_CAGCTGGCAAAGGAAG-1,Arabidopsis thaliana,leaf,Xylem,Mesophyll,true,organ_context_prior,organ_context_prior
scplantdb_CRA002977_1:CRX125602@@_CAGGTGCGTACCTACA-1,Arabidopsis thaliana,leaf,Mesophyll,Mesophyll,true,organ_context_prior,organ_context_prior
scplantdb_CRA002977_1:CRX125602@@_CAGGTGCGTACGACCC-1,Arabidopsis thaliana,leaf,Mesophyll,Mesophyll,true,organ_context_prior,organ_context_prior
scplantdb_CRA002977_1:CRX125602@@_CAGTCCTGTAGTAGTA-1,Arabidopsis thaliana,leaf,Mesophyll,Mesophyll,true,organ_context_prior,organ_context_prior
scplantdb_CRA002977_1:CRX125602@@_CATATGGCAATGGATA-1,Arabidopsis thaliana,leaf,Xylem,Mesophyll,true,organ_context_prior,organ_context_prior
scplantdb_CRA002977_1:CRX125602@@_CATATGGGTTTGGGCC-1,Arabidopsis thaliana,leaf,Mesophyll,Mesophyll,true,organ_context_prior,organ_context_prior
scplantdb_CRA002977_1:CRX125602@@_CATCCACGTCTACCTC-1,Arabidopsis thaliana,leaf,Mesophyll,Mesophyll,true,organ_context_prior,organ_context_prior
scplantdb_CRA002977_1:CRX125602@@_CATGCCTAGGTGCACA-1,Arabidopsis thaliana,leaf,Mesophyll,Mesophyll,true,organ_context_prior,organ_context_prior
scplantdb_CRA002977_1:CRX125602@@_CATTATCCAAATACAG-1,Arabidopsis thaliana,leaf,Mesophyll,Mesophyll,true,organ_context_prior,organ_context_prior
scplantdb_CRA002977_1:CRX125602@@_CATTATCCATGTCTCC-1,Arabidopsis thaliana,leaf,Leaf pavement cell,Mesophyll,false,organ_context_prior,organ_context_prior
scplantdb_CRA002977_1:CRX125602@@_CATTCGCAGACTTTCG-1,Arabidopsis thaliana,leaf,Mesophyll,Mesophyll,true,organ_context_prior,organ_context_prior
scplantdb_CRA002977_1:CRX125602@@_CCAATCCTCTCGATGA-1,Arabidopsis thaliana,leaf,Mesophyll,Mesophyll,true,organ_context_prior,organ_context_prior
scplantdb_CRA002977_1:CRX125602@@_CCATTCGTCGTACGGC-1,Arabidopsis thaliana,leaf,Phloem parenchyma,Mesophyll,true,organ_context_prior,organ_context_prior
scplantdb_CRA002977_1:CRX125602@@_CCCAATCCAGTTTACG-1,Arabidopsis thaliana,leaf,Mesophyll,Mesophyll,true,organ_context_prior,organ_context_prior
scplantdb_CRA002977_1:CRX125602@@_CCCAGTTAGGTTACCT-1,Arabidopsis thaliana,leaf,Mesophyll,Mesophyll,true,organ_context_prior,organ_context_prior
scplantdb_CRA002977_1:CRX125602@@_CCCATACCACCCAGTG-1,Arabidopsis thaliana,leaf,Mesophyll,Mesophyll,true,organ_context_prior,organ_context_prior
scplantdb_CRA002977_1:CRX125602@@_CCCTCCTGTTTGACTG-1,Arabidopsis thaliana,leaf,Mesophyll,Mesophyll,true,organ_context_prior,organ_context_prior
scplantdb_CRA002977_1:CRX125602@@_CCGTACTCATCACGAT-1,Arabidopsis thaliana,leaf,Mesophyll,Mesophyll,true,organ_context_prior,organ_context_prior
scplantdb_CRA002977_1:CRX125602@@_CCTAAAGGTCTAGCGC-1,Arabidopsis thaliana,leaf,Xylem,Mesophyll,true,organ_context_prior,organ_context_prior
scplantdb_CRA002977_1:CRX125602@@_CCTACACAGCCGCCTA-1,Arabidopsis thaliana,leaf,Mesophyll,Mesophyll,true,organ_context_prior,organ_context_prior
scplantdb_CRA002977_1:CRX125602@@_CCTAGCTCATTTGCCC-1,Arabidopsis thaliana,leaf,Mesophyll,Mesophyll,true,organ_context_prior,organ_context_prior
scplantdb_CRA002977_1:CRX125602@@_CCTCTGACAGGGCATA-1,Arabidopsis thaliana,leaf,Mesophyll,Mesophyll,true,organ_context_prior,organ_context_prior
scplantdb_CRA002977_1:CRX125602@@_CCTTCGACACCCTATC-1,Arabidopsis thaliana,leaf,Mesophyll,Mesophyll,true,organ_context_prior,organ_context_prior
scplantdb_CRA002977_1:CRX125602@@_CCTTCGATCTTCAACT-1,Arabidopsis thaliana,leaf,Xylem,Mesophyll,true,organ_context_prior,organ_context_prior
scplantdb_CRA002977_1:CRX125602@@_CGAATGTCAATGAAAC-1,Arabidopsis thaliana,leaf,Mesophyll,Mesophyll,true,organ_context_prior,organ_context_prior
scplantdb_CRA002977_1:CRX125602@@_CGATGGCAGATCCGAG-1,Arabidopsis thaliana,leaf,Mesophyll,Mesophyll,true,organ_context_prior,organ_context_prior
scplantdb_CRA002977_1:CRX125602@@_CGATGGCGTGTGACCC-1,Arabidopsis thaliana,leaf,Xylem,Mesophyll,true,organ_context_prior,organ_context_prior
scplantdb_CRA002977_1:CRX125602@@_CGATGTACACTATCTT-1,Arabidopsis thaliana,leaf,S phase,Mesophyll,false,organ_context_prior,organ_context_prior
scplantdb_CRA002977_1:CRX125602@@_CGCGGTACACATCCGG-1,Arabidopsis thaliana,leaf,Mesophyll,Mesophyll,true,organ_context_prior,organ_context_prior
scplantdb_CRA002977_1:CRX125602@@_CGCTTCAGTTGACGTT-1,Arabidopsis thaliana,leaf,Mesophyll,Mesophyll,true,organ_context_prior,organ_context_prior
scplantdb_CRA002977_1:CRX125602@@_CGGACTGTCGCTGATA-1,Arabidopsis thaliana,leaf,Xylem,Mesophyll,true,organ_context_prior,organ_context_prior
scplantdb_CRA002977_1:CRX125602@@_CGGGTCAAGTCATGCT-1,Arabidopsis thaliana,leaf,Mesophyll,Mesophyll,true,organ_context_prior,organ_context_prior
scplantdb_CRA002977_1:CRX125602@@_CGGGTCACAAGTCTAC-1,Arabidopsis thaliana,leaf,Xylem,Mesophyll,true,organ_context_prior,organ_context_prior
scplantdb_CRA002977_1:CRX125602@@_CGGGTCATCTGTCAAG-1,Arabidopsis thaliana,leaf,Leaf guard cell,Mesophyll,true,organ_context_prior,organ_context_prior
scplantdb_CRA002977_1:CRX125602@@_CGTAGCGAGAGTAATC-1,Arabidopsis thaliana,leaf,Leaf pavement cell,Mesophyll,false,organ_context_prior,organ_context_prior
scplantdb_CRA002977_1:CRX125602@@_CGTCACTGTAGTACCT-1,Arabidopsis thaliana,leaf,Mesophyll,Mesophyll,true,organ_context_prior,organ_context_prior
scplantdb_CRA002977_1:CRX125602@@_CGTCAGGTCTGATACG-1,Arabidopsis thaliana,leaf,Leaf pavement cell,Mesophyll,false,organ_context_prior,organ_context_prior
scplantdb_CRA002977_1:CRX125602@@_CGTCCATCACTGAAGG-1,Arabidopsis thaliana,leaf,Mesophyll,Mesophyll,true,organ_context_prior,organ_context_prior
scplantdb_CRA002977_1:CRX125602@@_CGTGTAATCGGAGCAA-1,Arabidopsis thaliana,leaf,Xylem,Mesophyll,true,organ_context_prior,organ_context_prior
scplantdb_CRA002977_1:CRX125602@@_CGTTAGAAGTGAACAT-1,Arabidopsis thaliana,leaf,Leaf pavement cell,Mesophyll,false,organ_context_prior,organ_context_prior
scplantdb_CRA002977_1:CRX125602@@_CGTTCTGGTTTGCATG-1,Arabidopsis thaliana,leaf,Leaf pavement cell,Mesophyll,false,organ_context_prior,organ_context_prior
scplantdb_CRA002977_1:CRX125602@@_CTAAGACTCTTCATGT-1,Arabidopsis thaliana,leaf,Mesophyll,Mesophyll,true,organ_context_prior,organ_context_prior
scplantdb_CRA002977_1:CRX125602@@_CTAATGGCACCTCGGA-1,Arabidopsis thaliana,leaf,Mesophyll,Mesophyll,true,organ_context_prior,organ_context_prior
scplantdb_CRA002977_1:CRX125602@@_CTACGTCTCAAGAAGT-1,Arabidopsis thaliana,leaf,Companion cell,Mesophyll,true,organ_context_prior,organ_context_prior
scplantdb_CRA002977_1:CRX125602@@_CTACGTCTCGCATGAT-1,Arabidopsis thaliana,leaf,Mesophyll,Mesophyll,true,organ_context_prior,organ_context_prior
scplantdb_CRA002977_1:CRX125602@@_CTACGTCTCGCTTAGA-1,Arabidopsis thaliana,leaf,Mesophyll,Mesophyll,true,organ_context_prior,organ_context_prior
scplantdb_CRA002977_1:CRX125602@@_CTCACACAGAACAATC-1,Arabidopsis thaliana,leaf,Mesophyll,Mesophyll,true,organ_context_prior,organ_context_prior
scplantdb_CRA002977_1:CRX125602@@_CTCGAAACAAGCCCAC-1,Arabidopsis thaliana,leaf,S phase,Mesophyll,false,organ_context_prior,organ_context_prior
scplantdb_CRA002977_1:CRX125602@@_CTCGAGGGTGTAATGA-1,Arabidopsis thaliana,leaf,S phase,Mesophyll,false,organ_context_prior,organ_context_prior
scplantdb_CRA002977_1:CRX125602@@_CTCGGAGCAGAGCCAA-1,Arabidopsis thaliana,leaf,Xylem,Mesophyll,true,organ_context_prior,organ_context_prior
scplantdb_CRA002977_1:CRX125602@@_CTCGTACAGGAATCGC-1,Arabidopsis thaliana,leaf,Xylem,Mesophyll,true,organ_context_prior,organ_context_prior
scplantdb_CRA002977_1:CRX125602@@_CTCTGGTTCGTCTGAA-1,Arabidopsis thaliana,leaf,Xylem,Mesophyll,true,organ_context_prior,organ_context_prior
scplantdb_CRA002977_1:CRX125602@@_CTGAAACTCGTAGGAG-1,Arabidopsis thaliana,leaf,Mesophyll,Mesophyll,true,organ_context_prior,organ_context_prior
scplantdb_CRA002977_1:CRX125602@@_CTGAAGTGTACAGTGG-1,Arabidopsis thaliana,leaf,Mesophyll,Mesophyll,true,organ_context_prior,organ_context_prior
scplantdb_CRA002977_1:CRX125602@@_CTGAAGTTCCTCAACC-1,Arabidopsis thaliana,leaf,Companion cell,Mesophyll,true,organ_context_prior,organ_context_prior
scplantdb_CRA002977_1:CRX125602@@_CTGATCCCACGGACAA-1,Arabidopsis thaliana,leaf,Leaf pavement cell,Mesophyll,false,organ_context_prior,organ_context_prior
scplantdb_CRA002977_1:CRX125602@@_CTGGTCTAGACAGACC-1,Arabidopsis thaliana,leaf,Mesophyll,Mesophyll,true,organ_context_prior,organ_context_prior
scplantdb_CRA002977_1:CRX125602@@_CTGGTCTCATGTCGAT-1,Arabidopsis thaliana,leaf,Mesophyll,Mesophyll,true,organ_context_prior,organ_context_prior
scplantdb_CRA002977_1:CRX125602@@_CTGTTTAAGCGTGTCC-1,Arabidopsis thaliana,leaf,Phloem parenchyma,Mesophyll,true,organ_context_prior,organ_context_prior
scplantdb_CRA002977_1:CRX125602@@_CTTAACTAGTACGCGA-1,Arabidopsis thaliana,leaf,Mesophyll,Mesophyll,true,organ_context_prior,organ_context_prior
scplantdb_CRA002977_1:CRX125602@@_CTTACCGTCAGAGACG-1,Arabidopsis thaliana,leaf,Leaf pavement cell,Mesophyll,false,organ_context_prior,organ_context_prior
scplantdb_CRA002977_1:CRX125602@@_CTTAGGATCACCAGGC-1,Arabidopsis thaliana,leaf,Xylem,Mesophyll,true,organ_context_prior,organ_context_prior
scplantdb_CRA002977_1:CRX125602@@_CTTCTCTTCGGCCGAT-1,Arabidopsis thaliana,leaf,Xylem,Mesophyll,true,organ_context_prior,organ_context_prior
scplantdb_CRA002977_1:CRX125602@@_GAATGAAAGTTAGGTA-1,Arabidopsis thaliana,leaf,Mesophyll,Mesophyll,true,organ_context_prior,organ_context_prior
scplantdb_CRA002977_1:CRX125602@@_GACACGCCAGCCTGTG-1,Arabidopsis thaliana,leaf,Mesophyll,Mesophyll,true,organ_context_prior,organ_context_prior
scplantdb_CRA002977_1:CRX125602@@_GACAGAGCATCCGCGA-1,Arabidopsis thaliana,leaf,Mesophyll,Mesophyll,true,organ_context_prior,organ_context_prior
scplantdb_CRA002977_1:CRX125602@@_GACCAATCAACTTGAC-1,Arabidopsis thaliana,leaf,Mesophyll,Mesophyll,true,organ_context_prior,organ_context_prior
scplantdb_CRA002977_1:CRX125602@@_GACGCGTGTTACTGAC-1,Arabidopsis thaliana,leaf,Mesophyll,Mesophyll,true,organ_context_prior,organ_context_prior
scplantdb_CRA002977_1:CRX125602@@_GACGTGCAGGTGCAAC-1,Arabidopsis thaliana,leaf,Mesophyll,Mesophyll,true,organ_context_prior,organ_context_prior
scplantdb_CRA002977_1:CRX125602@@_GACGTGCAGTTAGCGG-1,Arabidopsis thaliana,leaf,Leaf guard cell,Mesophyll,true,organ_context_prior,organ_context_prior
scplantdb_CRA002977_1:CRX125602@@_GACGTTATCGTACGGC-1,Arabidopsis thaliana,leaf,Companion cell,Mesophyll,true,organ_context_prior,organ_context_prior
scplantdb_CRA002977_1:CRX125602@@_GACTAACTCAAAGTAG-1,Arabidopsis thaliana,leaf,Mesophyll,Mesophyll,true,organ_context_prior,organ_context_prior
scplantdb_CRA002977_1:CRX125602@@_GACTACATCTGATTCT-1,Arabidopsis thaliana,leaf,Mesophyll,Mesophyll,true,organ_context_prior,organ_context_prior
scplantdb_CRA002977_1:CRX125602@@_GAGGTGAGTGAGTATA-1,Arabidopsis thaliana,leaf,Mesophyll,Mesophyll,true,organ_context_prior,organ_context_prior
scplantdb_CRA002977_1:CRX125602@@_GATCAGTGTCTGATTG-1,Arabidopsis thaliana,leaf,Companion cell,Mesophyll,true,organ_context_prior,organ_context_prior
scplantdb_CRA002977_1:CRX125602@@_GATCGCGAGTGTACCT-1,Arabidopsis thaliana,leaf,Xylem,Mesophyll,true,organ_context_prior,organ_context_prior
scplantdb_CRA002977_1:CRX125602@@_GATCGCGGTAGCGTCC-1,Arabidopsis thaliana,leaf,Mesophyll,Mesophyll,true,organ_context_prior,organ_context_prior
scplantdb_CRA002977_1:CRX125602@@_GATGAGGGTGACAAAT-1,Arabidopsis thaliana,leaf,Xylem,Mesophyll,true,organ_context_prior,organ_context_prior
scplantdb_CRA002977_1:CRX125602@@_GATGAGGTCAATAAGG-1,Arabidopsis thaliana,leaf,Mesophyll,Mesophyll,true,organ_context_prior,organ_context_prior
scplantdb_CRA002977_1:CRX125602@@_GATTCAGCAGCGTCCA-1,Arabidopsis thaliana,leaf,Xylem,Mesophyll,true,organ_context_prior,organ_context_prior
scplantdb_CRA002977_1:CRX125602@@_GATTCAGCAGTCGTGC-1,Arabidopsis thaliana,leaf,Xylem,Mesophyll,true,organ_context_prior,organ_context_prior
scplantdb_CRA002977_1:CRX125602@@_GCAAACTTCTTATCTG-1,Arabidopsis thaliana,leaf,Leaf pavement cell,Mesophyll,false,organ_context_prior,organ_context_prior
scplantdb_CRA002977_1:CRX125602@@_GCAGCCAAGTCTCCTC-1,Arabidopsis thaliana,leaf,S phase,Mesophyll,false,organ_context_prior,organ_context_prior
scplantdb_CRA002977_1:CRX125602@@_GCATACAAGACAGGCT-1,Arabidopsis thaliana,leaf,Xylem,Mesophyll,true,organ_context_prior,organ_context_prior
scplantdb_CRA002977_1:CRX125602@@_GCATACATCGCCTGTT-1,Arabidopsis thaliana,leaf,Mesophyll,Mesophyll,true,organ_context_prior,organ_context_prior
scplantdb_CRA002977_1:CRX125602@@_GCATGATTCTCGGACG-1,Arabidopsis thaliana,leaf,Mesophyll,Mesophyll,true,organ_context_prior,organ_context_prior
scplantdb_CRA002977_1:CRX125602@@_GCATGATTCTTTACGT-1,Arabidopsis thaliana,leaf,Xylem,Mesophyll,true,organ_context_prior,organ_context_prior
scplantdb_CRA002977_1:CRX125602@@_GCATGCGAGAGACGAA-1,Arabidopsis thaliana,leaf,Xylem,Mesophyll,true,organ_context_prior,organ_context_prior
scplantdb_CRA002977_1:CRX125602@@_GCATGCGCAATGGAAT-1,Arabidopsis thaliana,leaf,Mesophyll,Mesophyll,true,organ_context_prior,organ_context_prior
scplantdb_CRA002977_1:CRX125602@@_GCATGCGTCAGCTCGG-1,Arabidopsis thaliana,leaf,Xylem,Mesophyll,true,organ_context_prior,organ_context_prior
scplantdb_CRA002977_1:CRX125602@@_GCATGTATCACCGTAA-1,Arabidopsis thaliana,leaf,Mesophyll,Mesophyll,true,organ_context_prior,organ_context_prior
scplantdb_CRA002977_1:CRX125602@@_GCGACCAAGGAGTTGC-1,Arabidopsis thaliana,leaf,Mesophyll,Mesophyll,true,organ_context_prior,organ_context_prior
scplantdb_CRA002977_1:CRX125602@@_GCGCAACTCTCGTTTA-1,Arabidopsis thaliana,leaf,Phloem parenchyma,Mesophyll,true,organ_context_prior,organ_context_prior
scplantdb_CRA002977_1:CRX125602@@_GCGCAACTCTGAGGGA-1,Arabidopsis thaliana,leaf,Xylem,Mesophyll,true,organ_context_prior,organ_context_prior
scplantdb_CRA002977_1:CRX125602@@_GCGCCAAAGAAACGAG-1,Arabidopsis thaliana,leaf,Mesophyll,Mesophyll,true,organ_context_prior,organ_context_prior
scplantdb_CRA002977_1:CRX125602@@_GCGCCAAAGAACTCGG-1,Arabidopsis thaliana,leaf,Mesophyll,Mesophyll,true,organ_context_prior,organ_context_prior
scplantdb_CRA002977_1:CRX125602@@_GCTCCTAAGCCCTAAT-1,Arabidopsis thaliana,leaf,Xylem,Mesophyll,true,organ_context_prior,organ_context_prior
scplantdb_CRA002977_1:CRX125602@@_GCTGCTTCACTTCTGC-1,Arabidopsis thaliana,leaf,Mesophyll,Mesophyll,true,organ_context_prior,organ_context_prior
scplantdb_CRA002977_1:CRX125602@@_GCTGCTTGTATATGGA-1,Arabidopsis thaliana,leaf,Mesophyll,Mesophyll,true,organ_context_prior,organ_context_prior
scplantdb_CRA002977_1:CRX125602@@_GCTGGGTCAGCTATTG-1,Arabidopsis thaliana,leaf,Xylem,Mesophyll,true,organ_context_prior,organ_context_prior
scplantdb_CRA002977_1:CRX125602@@_GCTGGGTCATCGATTG-1,Arabidopsis thaliana,leaf,Mesophyll,Mesophyll,true,organ_context_prior,organ_context_prior
scplantdb_CRA002977_1:CRX125602@@_GCTTCCAGTAAATGTG-1,Arabidopsis thaliana,leaf,Companion cell,Mesophyll,true,organ_context_prior,organ_context_prior
scplantdb_CRA002977_1:CRX125602@@_GCTTGAAGTACGCTGC-1,Arabidopsis thaliana,leaf,Mesophyll,Mesophyll,true,organ_context_prior,organ_context_prior
scplantdb_CRA002977_1:CRX125602@@_GGAAAGCTCAAGGTAA-1,Arabidopsis thaliana,leaf,S phase,Mesophyll,false,organ_context_prior,organ_context_prior
scplantdb_CRA002977_1:CRX125602@@_GGAATAAAGCTGTTCA-1,Arabidopsis thaliana,leaf,Mesophyll,Mesophyll,true,organ_context_prior,organ_context_prior
scplantdb_CRA002977_1:CRX125602@@_GGAATAAGTCTCACCT-1,Arabidopsis thaliana,leaf,Mesophyll,Mesophyll,true,organ_context_prior,organ_context_prior
scplantdb_CRA002977_1:CRX125602@@_GGACAGACAGCTCGCA-1,Arabidopsis thaliana,leaf,Leaf pavement cell,Mesophyll,false,organ_context_prior,organ_context_prior
scplantdb_CRA002977_1:CRX125602@@_GGACAGATCAGAGGTG-1,Arabidopsis thaliana,leaf,Xylem,Mesophyll,true,organ_context_prior,organ_context_prior
scplantdb_CRA002977_1:CRX125602@@_GGACATTGTACAGACG-1,Arabidopsis thaliana,leaf,Mesophyll,Mesophyll,true,organ_context_prior,organ_context_prior
scplantdb_CRA002977_1:CRX125602@@_GGACGTCAGGCAATTA-1,Arabidopsis thaliana,leaf,Companion cell,Mesophyll,true,organ_context_prior,organ_context_prior
scplantdb_CRA002977_1:CRX125602@@_GGAGCAATCTGTACGA-1,Arabidopsis thaliana,leaf,Mesophyll,Mesophyll,true,organ_context_prior,organ_context_prior
scplantdb_CRA002977_1:CRX125602@@_GGATTACAGGGAAACA-1,Arabidopsis thaliana,leaf,Mesophyll,Mesophyll,true,organ_context_prior,organ_context_prior
scplantdb_CRA002977_1:CRX125602@@_GGATTACCAGTATCTG-1,Arabidopsis thaliana,leaf,Mesophyll,Mesophyll,true,organ_context_prior,organ_context_prior
scplantdb_CRA002977_1:CRX125602@@_GGCGTGTAGTCGAGTG-1,Arabidopsis thaliana,leaf,Leaf guard cell,Mesophyll,true,organ_context_prior,organ_context_prior
scplantdb_CRA002977_1:CRX125602@@_GGGACCTTCACAATGC-1,Arabidopsis thaliana,leaf,Mesophyll,Mesophyll,true,organ_context_prior,organ_context_prior
scplantdb_CRA002977_1:CRX125602@@_GGGCACTCAGGATTGG-1,Arabidopsis thaliana,leaf,Companion cell,Mesophyll,true,organ_context_prior,organ_context_prior
scplantdb_CRA002977_1:CRX125602@@_GGGCATCTCAAACCGT-1,Arabidopsis thaliana,leaf,Xylem,Mesophyll,true,organ_context_prior,organ_context_prior
scplantdb_CRA002977_1:CRX125602@@_GGGTCTGTCCCAGGTG-1,Arabidopsis thaliana,leaf,Mesophyll,Mesophyll,true,organ_context_prior,organ_context_prior
scplantdb_CRA002977_1:CRX125602@@_GGGTTGCGTTCACCTC-1,Arabidopsis thaliana,leaf,Leaf pavement cell,Mesophyll,false,organ_context_prior,organ_context_prior
scplantdb_CRA002977_1:CRX125602@@_GTAACGTTCACCTCGT-1,Arabidopsis thaliana,leaf,Xylem,Mesophyll,true,organ_context_prior,organ_context_prior
scplantdb_CRA002977_1:CRX125602@@_GTACGTAGTCCTCCAT-1,Arabidopsis thaliana,leaf,Mesophyll,Mesophyll,true,organ_context_prior,organ_context_prior
scplantdb_CRA002977_1:CRX125602@@_GTACGTATCTCTTATG-1,Arabidopsis thaliana,leaf,Mesophyll,Mesophyll,true,organ_context_prior,organ_context_prior
scplantdb_CRA002977_1:CRX125602@@_GTAGGCCCATGAGCGA-1,Arabidopsis thaliana,leaf,Xylem,Mesophyll,true,organ_context_prior,organ_context_prior
scplantdb_CRA002977_1:CRX125602@@_GTATTCTCATTCCTCG-1,Arabidopsis thaliana,leaf,Mesophyll,Mesophyll,true,organ_context_prior,organ_context_prior
scplantdb_CRA002977_1:CRX125602@@_GTCAAGTAGGCATTGG-1,Arabidopsis thaliana,leaf,Mesophyll,Mesophyll,true,organ_context_prior,organ_context_prior
scplantdb_CRA002977_1:CRX125602@@_GTCGGGTAGATCGATA-1,Arabidopsis thaliana,leaf,Mesophyll,Mesophyll,true,organ_context_prior,organ_context_prior
scplantdb_CRA002977_1:CRX125602@@_GTCGGGTCAGGAATGC-1,Arabidopsis thaliana,leaf,Mesophyll,Mesophyll,true,organ_context_prior,organ_context_prior
scplantdb_CRA002977_1:CRX125602@@_GTCGTAAGTCTAGAGG-1,Arabidopsis thaliana,leaf,Leaf guard cell,Mesophyll,true,organ_context_prior,organ_context_prior
scplantdb_CRA002977_1:CRX125602@@_GTCTCGTAGCTGCGAA-1,Arabidopsis thaliana,leaf,Mesophyll,Mesophyll,true,organ_context_prior,organ_context_prior
scplantdb_CRA002977_1:CRX125602@@_GTCTTCGCAAAGTCAA-1,Arabidopsis thaliana,leaf,Mesophyll,Mesophyll,true,organ_context_prior,organ_context_prior
scplantdb_CRA002977_1:CRX125602@@_GTGCATAGTCTGCGGT-1,Arabidopsis thaliana,leaf,Leaf guard cell,Mesophyll,true,organ_context_prior,organ_context_prior
scplantdb_CRA002977_1:CRX125602@@_GTGCGGTGTAGGGTAC-1,Arabidopsis thaliana,leaf,Mesophyll,Mesophyll,true,organ_context_prior,organ_context_prior
scplantdb_CRA002977_1:CRX125602@@_GTGCTTCAGCAGCGTA-1,Arabidopsis thaliana,leaf,Leaf guard cell,Mesophyll,true,organ_context_prior,organ_context_prior
scplantdb_CRA002977_1:CRX125602@@_GTGCTTCCATGTCGAT-1,Arabidopsis thaliana,leaf,Xylem,Mesophyll,true,organ_context_prior,organ_context_prior
scplantdb_CRA002977_1:CRX125602@@_GTGGGTCTCCTCAATT-1,Arabidopsis thaliana,leaf,Mesophyll,Mesophyll,true,organ_context_prior,organ_context_prior
scplantdb_CRA002977_1:CRX125602@@_GTTACAGGTCCGTCAG-1,Arabidopsis thaliana,leaf,Mesophyll,Mesophyll,true,organ_context_prior,organ_context_prior
scplantdb_CRA002977_1:CRX125602@@_GTTCGGGGTTCTCATT-1,Arabidopsis thaliana,leaf,Mesophyll,Mesophyll,true,organ_context_prior,organ_context_prior
scplantdb_CRA002977_1:CRX125602@@_TAAGCGTGTATCTGCA-1,Arabidopsis thaliana,leaf,Mesophyll,Mesophyll,true,organ_context_prior,organ_context_prior
scplantdb_CRA002977_1:CRX125602@@_TAAGTGCAGCGTCTAT-1,Arabidopsis thaliana,leaf,Phloem parenchyma,Mesophyll,true,organ_context_prior,organ_context_prior
scplantdb_CRA002977_1:CRX125602@@_TAAGTGCAGCTCTCGG-1,Arabidopsis thaliana,leaf,Mesophyll,Mesophyll,true,organ_context_prior,organ_context_prior
scplantdb_CRA002977_1:CRX125602@@_TACACGAAGGAGTCTG-1,Arabidopsis thaliana,leaf,Mesophyll,Mesophyll,true,organ_context_prior,organ_context_prior
scplantdb_CRA002977_1:CRX125602@@_TACAGTGCACCATCCT-1,Arabidopsis thaliana,leaf,Mesophyll,Mesophyll,true,organ_context_prior,organ_context_prior
scplantdb_CRA002977_1:CRX125602@@_TACGGATAGTGTTAGA-1,Arabidopsis thaliana,leaf,S phase,Mesophyll,false,organ_context_prior,organ_context_prior
scplantdb_CRA002977_1:CRX125602@@_TACGGTAGTGATGATA-1,Arabidopsis thaliana,leaf,Xylem,Mesophyll,true,organ_context_prior,organ_context_prior
scplantdb_CRA002977_1:CRX125602@@_TACGGTATCTGCTTGC-1,Arabidopsis thaliana,leaf,Mesophyll,Mesophyll,true,organ_context_prior,organ_context_prior
scplantdb_CRA002977_1:CRX125602@@_TACTCGCCAATAAGCA-1,Arabidopsis thaliana,leaf,Mesophyll,Mesophyll,true,organ_context_prior,organ_context_prior
scplantdb_CRA002977_1:CRX125602@@_TACTTACCATCAGTCA-1,Arabidopsis thaliana,leaf,Mesophyll,Mesophyll,true,organ_context_prior,organ_context_prior
scplantdb_CRA002977_1:CRX125602@@_TACTTACGTTCGCGAC-1,Arabidopsis thaliana,leaf,Mesophyll,Mesophyll,true,organ_context_prior,organ_context_prior
scplantdb_CRA002977_1:CRX125602@@_TACTTGTAGACAGACC-1,Arabidopsis thaliana,leaf,Mesophyll,Mesophyll,true,organ_context_prior,organ_context_prior
scplantdb_CRA002977_1:CRX125602@@_TAGTTGGAGGACGAAA-1,Arabidopsis thaliana,leaf,Xylem,Mesophyll,true,organ_context_prior,organ_context_prior
scplantdb_CRA002977_1:CRX125602@@_TAGTTGGCAGATCGGA-1,Arabidopsis thaliana,leaf,Mesophyll,Mesophyll,true,organ_context_prior,organ_context_prior
scplantdb_CRA002977_1:CRX125602@@_TATGCCCGTAGCGATG-1,Arabidopsis thaliana,leaf,Mesophyll,Mesophyll,true,organ_context_prior,organ_context_prior
scplantdb_CRA002977_1:CRX125602@@_TATTACCCAGGTCGTC-1,Arabidopsis thaliana,leaf,Xylem,Mesophyll,true,organ_context_prior,organ_context_prior
scplantdb_CRA002977_1:CRX125602@@_TATTACCCATACGCCG-1,Arabidopsis thaliana,leaf,Mesophyll,Mesophyll,true,organ_context_prior,organ_context_prior
scplantdb_CRA002977_1:CRX125602@@_TCAACGAAGCCCAATT-1,Arabidopsis thaliana,leaf,Leaf guard cell,Mesophyll,true,organ_context_prior,organ_context_prior
scplantdb_CRA002977_1:CRX125602@@_TCACAAGGTGGTACAG-1,Arabidopsis thaliana,leaf,Leaf guard cell,Mesophyll,true,organ_context_prior,organ_context_prior
scplantdb_CRA002977_1:CRX125602@@_TCAGATGAGCGTGAGT-1,Arabidopsis thaliana,leaf,Xylem,Mesophyll,true,organ_context_prior,organ_context_prior
scplantdb_CRA002977_1:CRX125602@@_TCAGCAACACTGTTAG-1,Arabidopsis thaliana,leaf,Mesophyll,Mesophyll,true,organ_context_prior,organ_context_prior
scplantdb_CRA002977_1:CRX125602@@_TCAGGATTCCGCGGTA-1,Arabidopsis thaliana,leaf,Mesophyll,Mesophyll,true,organ_context_prior,organ_context_prior
scplantdb_CRA002977_1:CRX125602@@_TCGCGTTAGAGGACGG-1,Arabidopsis thaliana,leaf,Leaf pavement cell,Mesophyll,false,organ_context_prior,organ_context_prior
scplantdb_CRA002977_1:CRX125602@@_TCGTACCTCGAATCCA-1,Arabidopsis thaliana,leaf,Mesophyll,Mesophyll,true,organ_context_prior,organ_context_prior
scplantdb_CRA002977_1:CRX125602@@_TCTATTGGTCAAAGAT-1,Arabidopsis thaliana,leaf,Mesophyll,Mesophyll,true,organ_context_prior,organ_context_prior
scplantdb_CRA002977_1:CRX125602@@_TCTGAGATCTTCTGGC-1,Arabidopsis thaliana,leaf,S phase,Mesophyll,false,organ_context_prior,organ_context_prior
scplantdb_CRA002977_1:CRX125602@@_TCTTCGGCAGATGGCA-1,Arabidopsis thaliana,leaf,Leaf pavement cell,Mesophyll,false,organ_context_prior,organ_context_prior
scplantdb_CRA002977_1:CRX125602@@_TCTTTCCAGTAAGTAC-1,Arabidopsis thaliana,leaf,Mesophyll,Mesophyll,true,organ_context_prior,organ_context_prior
scplantdb_CRA002977_1:CRX125602@@_TGACGGCTCACGCATA-1,Arabidopsis thaliana,leaf,Phloem parenchyma,Mesophyll,true,organ_context_prior,organ_context_prior
scplantdb_CRA002977_1:CRX125602@@_TGACTAGCACACGCTG-1,Arabidopsis thaliana,leaf,Mesophyll,Mesophyll,true,organ_context_prior,organ_context_prior
scplantdb_CRA002977_1:CRX125602@@_TGATTTCTCTCGATGA-1,Arabidopsis thaliana,leaf,Mesophyll,Mesophyll,true,organ_context_prior,organ_context_prior
scplantdb_CRA002977_1:CRX125602@@_TGCCCTACATAGAAAC-1,Arabidopsis thaliana,leaf,Mesophyll,Mesophyll,true,organ_context_prior,organ_context_prior
scplantdb_CRA002977_1:CRX125602@@_TGCGCAGGTTAGATGA-1,Arabidopsis thaliana,leaf,Xylem,Mesophyll,true,organ_context_prior,organ_context_prior
scplantdb_CRA002977_1:CRX125602@@_TGGCCAGGTGTGACCC-1,Arabidopsis thaliana,leaf,Mesophyll,Mesophyll,true,organ_context_prior,organ_context_prior
scplantdb_CRA002977_1:CRX125602@@_TGGCCAGTCGCAAGCC-1,Arabidopsis thaliana,leaf,Leaf pavement cell,Mesophyll,false,organ_context_prior,organ_context_prior
scplantdb_CRA002977_1:CRX125602@@_TGGCGCATCGCTGATA-1,Arabidopsis thaliana,leaf,Mesophyll,Mesophyll,true,organ_context_prior,organ_context_prior
scplantdb_CRA002977_1:CRX125602@@_TGGCTGGGTAGCGTCC-1,Arabidopsis thaliana,leaf,Mesophyll,Mesophyll,true,organ_context_prior,organ_context_prior
scplantdb_CRA002977_1:CRX125602@@_TGGTTAGTCTGTCTAT-1,Arabidopsis thaliana,leaf,Mesophyll,Mesophyll,true,organ_context_prior,organ_context_prior
scplantdb_CRA002977_1:CRX125602@@_TGGTTCCAGTCCCACG-1,Arabidopsis thaliana,leaf,Leaf guard cell,Mesophyll,true,organ_context_prior,organ_context_prior
scplantdb_CRA002977_1:CRX125602@@_TGGTTCCGTTATGCGT-1,Arabidopsis thaliana,leaf,Mesophyll,Mesophyll,true,organ_context_prior,organ_context_prior
scplantdb_CRA002977_1:CRX125602@@_TGTCCCAAGCGTTCCG-1,Arabidopsis thaliana,leaf,Mesophyll,Mesophyll,true,organ_context_prior,organ_context_prior
scplantdb_CRA002977_1:CRX125602@@_TGTCCCACAATGAAAC-1,Arabidopsis thaliana,leaf,Mesophyll,Mesophyll,true,organ_context_prior,organ_context_prior
scplantdb_CRA002977_1:CRX125602@@_TGTGGTAAGTAAGTAC-1,Arabidopsis thaliana,leaf,Companion cell,Mesophyll,true,organ_context_prior,organ_context_prior
scplantdb_CRA002977_1:CRX125602@@_TGTGTTTTCACCCGAG-1,Arabidopsis thaliana,leaf,Mesophyll,Mesophyll,true,organ_context_prior,organ_context_prior
scplantdb_CRA002977_1:CRX125602@@_TGTTCCGTCCGAATGT-1,Arabidopsis thaliana,leaf,Xylem,Mesophyll,true,organ_context_prior,organ_context_prior
scplantdb_CRA002977_1:CRX125602@@_TTAGGCATCCACGTGG-1,Arabidopsis thaliana,leaf,Mesophyll,Mesophyll,true,organ_context_prior,organ_context_prior
scplantdb_CRA002977_1:CRX125602@@_TTAGGCATCCTTAATC-1,Arabidopsis thaliana,leaf,Mesophyll,Mesophyll,true,organ_context_prior,organ_context_prior
scplantdb_CRA002977_1:CRX125602@@_TTCGAAGCACTAGTAC-1,Arabidopsis thaliana,leaf,Mesophyll,Mesophyll,true,organ_context_prior,organ_context_prior
scplantdb_CRA002977_1:CRX125602@@_TTCTCCTTCGCTTGTC-1,Arabidopsis thaliana,leaf,Leaf guard cell,Mesophyll,true,organ_context_prior,organ_context_prior
scplantdb_CRA002977_1:CRX125602@@_TTCTTAGAGTACGTTC-1,Arabidopsis thaliana,leaf,Mesophyll,Mesophyll,true,organ_context_prior,organ_context_prior
scplantdb_CRA002977_1:CRX125602@@_TTCTTAGTCTGTCTCG-1,Arabidopsis thaliana,leaf,Mesophyll,Mesophyll,true,organ_context_prior,organ_context_prior
scplantdb_CRA002977_1:CRX125602@@_TTGCCGTTCTCTAGGA-1,Arabidopsis thaliana,leaf,Mesophyll,Mesophyll,true,organ_context_prior,organ_context_prior
scplantdb_CRA002977_1:CRX125602@@_TTGGAACTCTATCCCG-1,Arabidopsis thaliana,leaf,Leaf guard cell,Mesophyll,true,organ_context_prior,organ_context_prior
scplantdb_CRA002977_1:CRX125602@@_TTTACTGCATGGATGG-1,Arabidopsis thaliana,leaf,Mesophyll,Mesophyll,true,organ_context_prior,organ_context_prior
scplantdb_CRA002977_1:CRX125602@@_TTTGTCAAGCTAACAA-1,Arabidopsis thaliana,leaf,Leaf guard cell,Mesophyll,true,organ_context_prior,organ_context_prior
scplantdb_CRA002977_2:CRX125603@@_AAAGCAAGTGAGGGTT-1,Arabidopsis thaliana,shoot_apex,Mesophyll,Mesophyll,true,organ_context_prior,organ_context_prior
scplantdb_CRA002977_2:CRX125603@@_AAATGCCAGTGATCGG-1,Arabidopsis thaliana,shoot_apex,Mesophyll,Mesophyll,true,organ_context_prior,organ_context_prior
scplantdb_CRA002977_2:CRX125603@@_AACCATGTCCGCGTTT-1,Arabidopsis thaliana,shoot_apex,Shoot system epidermis,Mesophyll,false,organ_context_prior,organ_context_prior
scplantdb_CRA002977_2:CRX125603@@_AACCGCGAGCTCCCAG-1,Arabidopsis thaliana,shoot_apex,Vascular tissue,Mesophyll,true,organ_context_prior,organ_context_prior
scplantdb_CRA002977_2:CRX125603@@_AACTGGTTCTTCATGT-1,Arabidopsis thaliana,shoot_apex,Shoot apical meristem,Mesophyll,false,organ_context_prior,organ_context_prior
scplantdb_CRA002977_2:CRX125603@@_AAGCCGCCACAAGCCC-1,Arabidopsis thaliana,shoot_apex,Shoot system epidermis,Mesophyll,false,organ_context_prior,organ_context_prior
scplantdb_CRA002977_2:CRX125603@@_AAGGAGCGTCCTCCAT-1,Arabidopsis thaliana,shoot_apex,Mesophyll,Mesophyll,true,organ_context_prior,organ_context_prior
scplantdb_CRA002977_2:CRX125603@@_AAGGTTCAGTGCGATG-1,Arabidopsis thaliana,shoot_apex,Shoot system epidermis,Mesophyll,false,organ_context_prior,organ_context_prior
scplantdb_CRA002977_2:CRX125603@@_ACACCGGTCTCCGGTT-1,Arabidopsis thaliana,shoot_apex,Vascular tissue,Mesophyll,true,organ_context_prior,organ_context_prior
scplantdb_CRA002977_2:CRX125603@@_ACGATGTTCTACCAGA-1,Arabidopsis thaliana,shoot_apex,Vascular tissue,Mesophyll,true,organ_context_prior,organ_context_prior
scplantdb_CRA002977_2:CRX125603@@_ACTGAGTAGTGTCTCA-1,Arabidopsis thaliana,shoot_apex,S phase,Mesophyll,false,organ_context_prior,organ_context_prior
scplantdb_CRA002977_2:CRX125603@@_ACTGAGTCATCGGTTA-1,Arabidopsis thaliana,shoot_apex,Mesophyll,Mesophyll,true,organ_context_prior,organ_context_prior
scplantdb_CRA002977_2:CRX125603@@_ACTGTCCAGGTGCTAG-1,Arabidopsis thaliana,shoot_apex,G2/M phase,Mesophyll,false,organ_context_prior,organ_context_prior
scplantdb_CRA002977_2:CRX125603@@_AGCTCCTGTCGACTAT-1,Arabidopsis thaliana,shoot_apex,Vascular tissue,Mesophyll,true,organ_context_prior,organ_context_prior
scplantdb_CRA002977_2:CRX125603@@_AGGCCGTCATGACATC-1,Arabidopsis thaliana,shoot_apex,Vascular tissue,Mesophyll,true,organ_context_prior,organ_context_prior
scplantdb_CRA002977_2:CRX125603@@_AGGGTGAGTCATACTG-1,Arabidopsis thaliana,shoot_apex,Shoot system epidermis,Mesophyll,false,organ_context_prior,organ_context_prior
scplantdb_CRA002977_2:CRX125603@@_ATCCGAATCAAACAAG-1,Arabidopsis thaliana,shoot_apex,Shoot system epidermis,Mesophyll,false,organ_context_prior,organ_context_prior
scplantdb_CRA002977_2:CRX125603@@_ATTATCCCACAGATTC-1,Arabidopsis thaliana,shoot_apex,Mesophyll,Mesophyll,true,organ_context_prior,organ_context_prior
scplantdb_CRA002977_2:CRX125603@@_CAGAGAGGTTTGGGCC-1,Arabidopsis thaliana,shoot_apex,Mesophyll,Mesophyll,true,organ_context_prior,organ_context_prior
scplantdb_CRA002977_2:CRX125603@@_CAGCATACAGTCGATT-1,Arabidopsis thaliana,shoot_apex,Shoot apical meristem,Mesophyll,false,organ_context_prior,organ_context_prior
scplantdb_CRA002977_2:CRX125603@@_CAGTAACAGGTGATTA-1,Arabidopsis thaliana,shoot_apex,Shoot system epidermis,Mesophyll,false,organ_context_prior,organ_context_prior
scplantdb_CRA002977_2:CRX125603@@_CATGGCGTCACTCTTA-1,Arabidopsis thaliana,shoot_apex,Vascular tissue,Mesophyll,true,organ_context_prior,organ_context_prior
scplantdb_CRA002977_2:CRX125603@@_CATTCGCAGCTCCCAG-1,Arabidopsis thaliana,shoot_apex,Mesophyll,Mesophyll,true,organ_context_prior,organ_context_prior
scplantdb_CRA002977_2:CRX125603@@_CCATGTCAGTGGGCTA-1,Arabidopsis thaliana,shoot_apex,Mesophyll,Mesophyll,true,organ_context_prior,organ_context_prior
scplantdb_CRA002977_2:CRX125603@@_CCCAGTTCAATCACAC-1,Arabidopsis thaliana,shoot_apex,G2/M phase,Mesophyll,false,organ_context_prior,organ_context_prior
scplantdb_CRA002977_2:CRX125603@@_CCTCTGAGTGGCCCTA-1,Arabidopsis thaliana,shoot_apex,G2/M phase,Mesophyll,false,organ_context_prior,organ_context_prior
scplantdb_CRA002977_2:CRX125603@@_CGAACATTCACTCCTG-1,Arabidopsis thaliana,shoot_apex,G2/M phase,Mesophyll,false,organ_context_prior,organ_context_prior
scplantdb_CRA002977_2:CRX125603@@_CGACCTTGTCCATGAT-1,Arabidopsis thaliana,shoot_apex,Mesophyll,Mesophyll,true,organ_context_prior,organ_context_prior
scplantdb_CRA002977_2:CRX125603@@_CGCGTTTCAAAGGAAG-1,Arabidopsis thaliana,shoot_apex,Mesophyll,Mesophyll,true,organ_context_prior,organ_context_prior
scplantdb_CRA002977_2:CRX125603@@_CGCGTTTTCGGAAATA-1,Arabidopsis thaliana,shoot_apex,Vascular tissue,Mesophyll,true,organ_context_prior,organ_context_prior
scplantdb_CRA002977_2:CRX125603@@_CGCTATCGTTGAGTTC-1,Arabidopsis thaliana,shoot_apex,Mesophyll,Mesophyll,true,organ_context_prior,organ_context_prior
scplantdb_CRA002977_2:CRX125603@@_CGGACTGCAATGTAAG-1,Arabidopsis thaliana,shoot_apex,Mesophyll,Mesophyll,true,organ_context_prior,organ_context_prior
scplantdb_CRA002977_2:CRX125603@@_CGGCTAGAGCAAATCA-1,Arabidopsis thaliana,shoot_apex,Vascular tissue,Mesophyll,true,organ_context_prior,organ_context_prior
scplantdb_CRA002977_2:CRX125603@@_CGTCTACCAAATTGCC-1,Arabidopsis thaliana,shoot_apex,Shoot system epidermis,Mesophyll,false,organ_context_prior,organ_context_prior
scplantdb_CRA002977_2:CRX125603@@_CGTTGGGTCATGCTCC-1,Arabidopsis thaliana,shoot_apex,Shoot system epidermis,Mesophyll,false,organ_context_prior,organ_context_prior
scplantdb_CRA002977_2:CRX125603@@_CTAGTGACACATGACT-1,Arabidopsis thaliana,shoot_apex,Mesophyll,Mesophyll,true,organ_context_prior,organ_context_prior
scplantdb_CRA002977_2:CRX125603@@_CTCGAGGCACGGCTAC-1,Arabidopsis thaliana,shoot_apex,Mesophyll,Mesophyll,true,organ_context_prior,organ_context_prior
scplantdb_CRA002977_2:CRX125603@@_CTTAGGAGTAATAGCA-1,Arabidopsis thaliana,shoot_apex,Shoot system epidermis,Mesophyll,false,organ_context_prior,organ_context_prior
scplantdb_CRA002977_2:CRX125603@@_GAAACTCAGCTAAACA-1,Arabidopsis thaliana,shoot_apex,Mesophyll,Mesophyll,true,organ_context_prior,organ_context_prior
scplantdb_CRA002977_2:CRX125603@@_GAAATGAAGAAACCTA-1,Arabidopsis thaliana,shoot_apex,Vascular tissue,Mesophyll,true,organ_context_prior,organ_context_prior
scplantdb_CRA002977_2:CRX125603@@_GAAGCAGAGCAGACTG-1,Arabidopsis thaliana,shoot_apex,Companion cell,Mesophyll,true,organ_context_prior,organ_context_prior
scplantdb_CRA002977_2:CRX125603@@_GAATAAGCAGTCCTTC-1,Arabidopsis thaliana,shoot_apex,G2/M phase,Mesophyll,false,organ_context_prior,organ_context_prior
scplantdb_CRA002977_2:CRX125603@@_GACCAATTCTATCCTA-1,Arabidopsis thaliana,shoot_apex,Shoot system epidermis,Mesophyll,false,organ_context_prior,organ_context_prior
scplantdb_CRA002977_2:CRX125603@@_GACGCGTTCTACTATC-1,Arabidopsis thaliana,shoot_apex,Mesophyll,Mesophyll,true,organ_context_prior,organ_context_prior
scplantdb_CRA002977_2:CRX125603@@_GAGCAGAGTGTGTGCC-1,Arabidopsis thaliana,shoot_apex,Mesophyll,Mesophyll,true,organ_context_prior,organ_context_prior
scplantdb_CRA002977_2:CRX125603@@_GATGCTAAGCCACGCT-1,Arabidopsis thaliana,shoot_apex,S phase,Mesophyll,false,organ_context_prior,organ_context_prior
scplantdb_CRA002977_2:CRX125603@@_GATTCAGGTATTCGTG-1,Arabidopsis thaliana,shoot_apex,S phase,Mesophyll,false,organ_context_prior,organ_context_prior
scplantdb_CRA002977_2:CRX125603@@_GCATGATCATGAACCT-1,Arabidopsis thaliana,shoot_apex,Shoot system epidermis,Mesophyll,false,organ_context_prior,organ_context_prior
scplantdb_CRA002977_2:CRX125603@@_GCTCCTATCCTCAATT-1,Arabidopsis thaliana,shoot_apex,Mesophyll,Mesophyll,true,organ_context_prior,organ_context_prior
scplantdb_CRA002977_2:CRX125603@@_GCTGCTTAGAAGGCCT-1,Arabidopsis thaliana,shoot_apex,Mesophyll,Mesophyll,true,organ_context_prior,organ_context_prior
scplantdb_CRA002977_2:CRX125603@@_GCTGGGTTCGACGGAA-1,Arabidopsis thaliana,shoot_apex,Shoot apical meristem,Mesophyll,false,organ_context_prior,organ_context_prior
scplantdb_CRA002977_2:CRX125603@@_GGACAGAGTATTCTCT-1,Arabidopsis thaliana,shoot_apex,Shoot system epidermis,Mesophyll,false,organ_context_prior,organ_context_prior
scplantdb_CRA002977_2:CRX125603@@_GGATGTTCATCCTTGC-1,Arabidopsis thaliana,shoot_apex,G2/M phase,Mesophyll,false,organ_context_prior,organ_context_prior
scplantdb_CRA002977_2:CRX125603@@_GGCTCGATCCCTCAGT-1,Arabidopsis thaliana,shoot_apex,Mesophyll,Mesophyll,true,organ_context_prior,organ_context_prior
scplantdb_CRA002977_2:CRX125603@@_GGGTTGCGTGCTTCTC-1,Arabidopsis thaliana,shoot_apex,Shoot apical meristem,Mesophyll,false,organ_context_prior,organ_context_prior
scplantdb_CRA002977_2:CRX125603@@_GGTATTGCAACGATGG-1,Arabidopsis thaliana,shoot_apex,Mesophyll,Mesophyll,true,organ_context_prior,organ_context_prior
scplantdb_CRA002977_2:CRX125603@@_GGTGAAGAGCGGCTTC-1,Arabidopsis thaliana,shoot_apex,Shoot system epidermis,Mesophyll,false,organ_context_prior,organ_context_prior
scplantdb_CRA002977_2:CRX125603@@_GTAGGCCTCAAGAAGT-1,Arabidopsis thaliana,shoot_apex,Companion cell,Mesophyll,true,organ_context_prior,organ_context_prior
scplantdb_CRA002977_2:CRX125603@@_GTCACGGGTGTCCTCT-1,Arabidopsis thaliana,shoot_apex,Mesophyll,Mesophyll,true,organ_context_prior,organ_context_prior
scplantdb_CRA002977_2:CRX125603@@_GTCTTCGTCCACGTTC-1,Arabidopsis thaliana,shoot_apex,S phase,Mesophyll,false,organ_context_prior,organ_context_prior
scplantdb_CRA002977_2:CRX125603@@_GTGGGTCGTACGAAAT-1,Arabidopsis thaliana,shoot_apex,Mesophyll,Mesophyll,true,organ_context_prior,organ_context_prior
scplantdb_CRA002977_2:CRX125603@@_GTGGGTCGTTTGTGTG-1,Arabidopsis thaliana,shoot_apex,Vascular tissue,Mesophyll,true,organ_context_prior,organ_context_prior
scplantdb_CRA002977_2:CRX125603@@_GTGTTAGCACCCATGG-1,Arabidopsis thaliana,shoot_apex,Mesophyll,Mesophyll,true,organ_context_prior,organ_context_prior
scplantdb_CRA002977_2:CRX125603@@_TACCTATTCACCACCT-1,Arabidopsis thaliana,shoot_apex,Mesophyll,Mesophyll,true,organ_context_prior,organ_context_prior
scplantdb_CRA002977_2:CRX125603@@_TACTCATAGCGACGTA-1,Arabidopsis thaliana,shoot_apex,G2/M phase,Mesophyll,false,organ_context_prior,organ_context_prior
scplantdb_CRA002977_2:CRX125603@@_TAGACCACAGCTTCGG-1,Arabidopsis thaliana,shoot_apex,Mesophyll,Mesophyll,true,organ_context_prior,organ_context_prior
scplantdb_CRA002977_2:CRX125603@@_TAGTGGTGTCGACTGC-1,Arabidopsis thaliana,shoot_apex,G2/M phase,Mesophyll,false,organ_context_prior,organ_context_prior
scplantdb_CRA002977_2:CRX125603@@_TATGCCCTCACTTATC-1,Arabidopsis thaliana,shoot_apex,S phase,Mesophyll,false,organ_context_prior,organ_context_prior
scplantdb_CRA002977_2:CRX125603@@_TATTACCCAGACGTAG-1,Arabidopsis thaliana,shoot_apex,Vascular tissue,Mesophyll,true,organ_context_prior,organ_context_prior
scplantdb_CRA002977_2:CRX125603@@_TCAGCTCAGCTTTGGT-1,Arabidopsis thaliana,shoot_apex,Mesophyll,Mesophyll,true,organ_context_prior,organ_context_prior
scplantdb_CRA002977_2:CRX125603@@_TCAGGTATCCGCATAA-1,Arabidopsis thaliana,shoot_apex,Vascular tissue,Mesophyll,true,organ_context_prior,organ_context_prior
scplantdb_CRA002977_2:CRX125603@@_TCGGGACCACGTCTCT-1,Arabidopsis thaliana,shoot_apex,Vascular tissue,Mesophyll,true,organ_context_prior,organ_context_prior
scplantdb_CRA002977_2:CRX125603@@_TCTCTAACAAGGTTTC-1,Arabidopsis thaliana,shoot_apex,Vascular tissue,Mesophyll,true,organ_context_prior,organ_context_prior
scplantdb_CRA002977_2:CRX125603@@_TGAGAGGGTATGGTTC-1,Arabidopsis thaliana,shoot_apex,Mesophyll,Mesophyll,true,organ_context_prior,organ_context_prior
scplantdb_CRA002977_2:CRX125603@@_TGCGCAGCATAGGATA-1,Arabidopsis thaliana,shoot_apex,Shoot system epidermis,Mesophyll,false,organ_context_prior,organ_context_prior
scplantdb_CRA002977_2:CRX125603@@_TGCTACCGTACGCTGC-1,Arabidopsis thaliana,shoot_apex,Mesophyll,Mesophyll,true,organ_context_prior,organ_context_prior
scplantdb_CRA002977_2:CRX125603@@_TGGACGCCAATGCCAT-1,Arabidopsis thaliana,shoot_apex,Shoot system epidermis,Mesophyll,false,organ_context_prior,organ_context_prior
scplantdb_CRA002977_2:CRX125603@@_TGGCCAGCACAGGAGT-1,Arabidopsis thaliana,shoot_apex,Mesophyll,Mesophyll,true,organ_context_prior,organ_context_prior
scplantdb_CRA002977_2:CRX125603@@_TGGCTGGGTGTCAATC-1,Arabidopsis thaliana,shoot_apex,Shoot apical meristem,Mesophyll,false,organ_context_prior,organ_context_prior
scplantdb_CRA002977_2:CRX125603@@_TTAGTTCTCTAACTCT-1,Arabidopsis thaliana,shoot_apex,G2/M phase,Mesophyll,false,organ_context_prior,organ_context_prior
scplantdb_CRA002977_2:CRX125603@@_TTATGCTTCAGCTCGG-1,Arabidopsis thaliana,shoot_apex,Shoot system epidermis,Mesophyll,false,organ_context_prior,organ_context_prior
scplantdb_CRA002977_2:CRX125603@@_TTATGCTTCGGTCCGA-1,Arabidopsis thaliana,shoot_apex,Shoot system epidermis,Mesophyll,false,organ_context_prior,organ_context_prior
scplantdb_CRA002977_2:CRX125603@@_TTGAACGAGATATGCA-1,Arabidopsis thaliana,shoot_apex,Mesophyll,Mesophyll,true,organ_context_prior,organ_context_prior
scplantdb_CRA002977_2:CRX125603@@_TTTATGCGTGAAAGAG-1,Arabidopsis thaliana,shoot_apex,Vascular tissue,Mesophyll,true,organ_context_prior,organ_context_prior
scplantdb_CRA002977_2:CRX125603@@_TTTCCTCAGAAACCTA-1,Arabidopsis thaliana,shoot_apex,G2/M phase,Mesophyll,false,organ_context_prior,organ_context_prior
scplantdb_CRA002977_2:CRX125603@@_TTTCCTCCAGCCTATA-1,Arabidopsis thaliana,shoot_apex,Mesophyll,Mesophyll,true,organ_context_prior,organ_context_prior
scplantdb_CRA002977_2:CRX125603@@_TTTCCTCTCTGTCTCG-1,Arabidopsis thaliana,shoot_apex,Shoot apical meristem,Mesophyll,false,organ_context_prior,organ_context_prior
scplantdb_CRA002977_2:CRX125603@@_TTTGTCAAGCTGAACG-1,Arabidopsis thaliana,shoot_apex,Shoot apical meristem,Mesophyll,false,organ_context_prior,organ_context_prior
scplantdb_CRA002977_2:CRX125604@@_AACCATGAGACCTTTG-1,Arabidopsis thaliana,shoot_apex,S phase,Mesophyll,false,organ_context_prior,organ_context_prior
scplantdb_CRA002977_2:CRX125604@@_AACGTTGCAGGTGCCT-1,Arabidopsis thaliana,shoot_apex,Mesophyll,Mesophyll,true,organ_context_prior,organ_context_prior
scplantdb_CRA002977_2:CRX125604@@_AACTTTCCAGTAACGG-1,Arabidopsis thaliana,shoot_apex,Vascular tissue,Mesophyll,true,organ_context_prior,organ_context_prior
scplantdb_CRA002977_2:CRX125604@@_ACCAGTACAGACGTAG-1,Arabidopsis thaliana,shoot_apex,Shoot system epidermis,Mesophyll,false,organ_context_prior,organ_context_prior
scplantdb_CRA002977_2:CRX125604@@_ACGAGGATCATCTGCC-1,Arabidopsis thaliana,shoot_apex,S phase,Mesophyll,false,organ_context_prior,organ_context_prior
scplantdb_CRA002977_2:CRX125604@@_ACGCAGCGTGTCTGAT-1,Arabidopsis thaliana,shoot_apex,Mesophyll,Mesophyll,true,organ_context_prior,organ_context_prior
scplantdb_CRA002977_2:CRX125604@@_ACTGAACGTTGCGTTA-1,Arabidopsis thaliana,shoot_apex,Mesophyll,Mesophyll,true,organ_context_prior,organ_context_prior
scplantdb_CRA002977_2:CRX125604@@_ACTGTCCGTTAAAGAC-1,Arabidopsis thaliana,shoot_apex,Shoot system epidermis,Mesophyll,false,organ_context_prior,organ_context_prior
scplantdb_CRA002977_2:CRX125604@@_AGAGCGAGTGATGATA-1,Arabidopsis thaliana,shoot_apex,S phase,Mesophyll,false,organ_context_prior,organ_context_prior
scplantdb_CRA002977_2:CRX125604@@_AGCGTATTCCAAACTG-1,Arabidopsis thaliana,shoot_apex,Mesophyll,Mesophyll,true,organ_context_prior,organ_context_prior
scplantdb_CRA002977_2:CRX125604@@_AGGGATGCATAGTAAG-1,Arabidopsis thaliana,shoot_apex,S phase,Mesophyll,false,organ_context_prior,organ_context_prior
scplantdb_CRA002977_2:CRX125604@@_AGTCTTTAGTCCGGTC-1,Arabidopsis thaliana,shoot_apex,Shoot system epidermis,Mesophyll,false,organ_context_prior,organ_context_prior
scplantdb_CRA002977_2:CRX125604@@_AGTGGGACAGGACCCT-1,Arabidopsis thaliana,shoot_apex,Mesophyll,Mesophyll,true,organ_context_prior,organ_context_prior
scplantdb_CRA002977_2:CRX125604@@_ATCTGCCAGAGCTGGT-1,Arabidopsis thaliana,shoot_apex,Mesophyll,Mesophyll,true,organ_context_prior,organ_context_prior
scplantdb_CRA002977_2:CRX125604@@_CAACTAGGTCACCCAG-1,Arabidopsis thaliana,shoot_apex,Vascular tissue,Mesophyll,true,organ_context_prior,organ_context_prior
scplantdb_CRA002977_2:CRX125604@@_CAAGAAAAGTGTCCCG-1,Arabidopsis thaliana,shoot_apex,Mesophyll,Mesophyll,true,organ_context_prior,organ_context_prior
scplantdb_CRA002977_2:CRX125604@@_CACATAGCAAGCGAGT-1,Arabidopsis thaliana,shoot_apex,Mesophyll,Mesophyll,true,organ_context_prior,organ_context_prior
scplantdb_CRA002977_2:CRX125604@@_CACATAGCACCGAATT-1,Arabidopsis thaliana,shoot_apex,G2/M phase,Mesophyll,false,organ_context_prior,organ_context_prior
scplantdb_CRA002977_2:CRX125604@@_CAGCTGGCATTCACTT-1,Arabidopsis thaliana,shoot_apex,Mesophyll,Mesophyll,true,organ_context_prior,organ_context_prior
scplantdb_CRA002977_2:CRX125604@@_CAGGTGCGTAGAGTGC-1,Arabidopsis thaliana,shoot_apex,Vascular tissue,Mesophyll,true,organ_context_prior,organ_context_prior
scplantdb_CRA002977_2:CRX125604@@_CAGTCCTTCAAACAAG-1,Arabidopsis thaliana,shoot_apex,Mesophyll,Mesophyll,true,organ_context_prior,organ_context_prior
scplantdb_CRA002977_2:CRX125604@@_CATCAAGAGTGGTCCC-1,Arabidopsis thaliana,shoot_apex,Mesophyll,Mesophyll,true,organ_context_prior,organ_context_prior
scplantdb_CRA002977_2:CRX125604@@_CATCGGGGTTGTTTGG-1,Arabidopsis thaliana,shoot_apex,S phase,Mesophyll,false,organ_context_prior,organ_context_prior
scplantdb_CRA002977_2:CRX125604@@_CATTCGCGTGGGTATG-1,Arabidopsis thaliana,shoot_apex,Mesophyll,Mesophyll,true,organ_context_prior,organ_context_prior
scplantdb_CRA002977_2:CRX125604@@_CCATTCGAGTGTGAAT-1,Arabidopsis thaliana,shoot_apex,S phase,Mesophyll,false,organ_context_prior,organ_context_prior
scplantdb_CRA002977_2:CRX125604@@_CCATTCGCAGCCTTTC-1,Arabidopsis thaliana,shoot_apex,Mesophyll,Mesophyll,true,organ_context_prior,organ_context_prior
scplantdb_CRA002977_2:CRX125604@@_CCCTCCTGTACGACCC-1,Arabidopsis thaliana,shoot_apex,Shoot system epidermis,Mesophyll,false,organ_context_prior,organ_context_prior
scplantdb_CRA002977_2:CRX125604@@_CGAATGTAGGTCGGAT-1,Arabidopsis thaliana,shoot_apex,S phase,Mesophyll,false,organ_context_prior,organ_context_prior
scplantdb_CRA002977_2:CRX125604@@_CGATGGCTCCAGATCA-1,Arabidopsis thaliana,shoot_apex,Mesophyll,Mesophyll,true,organ_context_prior,organ_context_prior
scplantdb_CRA002977_2:CRX125604@@_CGCTGGATCGTACCGG-1,Arabidopsis thaliana,shoot_apex,Vascular tissue,Mesophyll,true,organ_context_prior,organ_context_prior
scplantdb_CRA002977_2:CRX125604@@_CGCTTCACAAGTACCT-1,Arabidopsis thaliana,shoot_apex,S phase,Mesophyll,false,organ_context_prior,organ_context_prior
scplantdb_CRA002977_2:CRX125604@@_CTAGCCTAGTGGACGT-1,Arabidopsis thaliana,shoot_apex,S phase,Mesophyll,false,organ_context_prior,organ_context_prior
scplantdb_CRA002977_2:CRX125604@@_CTCACACAGTCGAGTG-1,Arabidopsis thaliana,shoot_apex,Shoot system epidermis,Mesophyll,false,organ_context_prior,organ_context_prior
scplantdb_CRA002977_2:CRX125604@@_CTCGTACCACATGACT-1,Arabidopsis thaliana,shoot_apex,Mesophyll,Mesophyll,true,organ_context_prior,organ_context_prior
scplantdb_CRA002977_2:CRX125604@@_CTCTACGGTTAGGGTG-1,Arabidopsis thaliana,shoot_apex,Mesophyll,Mesophyll,true,organ_context_prior,organ_context_prior
scplantdb_CRA002977_2:CRX125604@@_CTGATAGCAGCTGCAC-1,Arabidopsis thaliana,shoot_apex,G2/M phase,Mesophyll,false,organ_context_prior,organ_context_prior
scplantdb_CRA002977_2:CRX125604@@_CTGCGGAGTCGTTGTA-1,Arabidopsis thaliana,shoot_apex,Shoot apical meristem,Mesophyll,false,organ_context_prior,organ_context_prior
scplantdb_CRA002977_2:CRX125604@@_CTGCTGTAGGGCACTA-1,Arabidopsis thaliana,shoot_apex,Vascular tissue,Mesophyll,true,organ_context_prior,organ_context_prior
scplantdb_CRA002977_2:CRX125604@@_CTTACCGCAAGACGTG-1,Arabidopsis thaliana,shoot_apex,S phase,Mesophyll,false,organ_context_prior,organ_context_prior
scplantdb_CRA002977_2:CRX125604@@_CTTAGGATCACAATGC-1,Arabidopsis thaliana,shoot_apex,G2/M phase,Mesophyll,false,organ_context_prior,organ_context_prior
scplantdb_CRA002977_2:CRX125604@@_GAAGCAGGTCTGCAAT-1,Arabidopsis thaliana,shoot_apex,Shoot system epidermis,Mesophyll,false,organ_context_prior,organ_context_prior
scplantdb_CRA002977_2:CRX125604@@_GACACGCAGTGTCCAT-1,Arabidopsis thaliana,shoot_apex,Mesophyll,Mesophyll,true,organ_context_prior,organ_context_prior
scplantdb_CRA002977_2:CRX125604@@_GACGCGTCAGTATCTG-1,Arabidopsis thaliana,shoot_apex,Shoot system epidermis,Mesophyll,false,organ_context_prior,organ_context_prior
scplantdb_CRA002977_2:CRX125604@@_GAGGTGAAGCTGCGAA-1,Arabidopsis thaliana,shoot_apex,Shoot apical meristem,Mesophyll,false,organ_context_prior,organ_context_prior
scplantdb_CRA002977_2:CRX125604@@_GATGAAATCCACGAAT-1,Arabidopsis thaliana,shoot_apex,Guard cell,Mesophyll,false,organ_context_prior,organ_context_prior
scplantdb_CRA002977_2:CRX125604@@_GATGAGGTCAGCGACC-1,Arabidopsis thaliana,shoot_apex,Mesophyll,Mesophyll,true,organ_context_prior,organ_context_prior
scplantdb_CRA002977_2:CRX125604@@_GATGCTATCGTAGATC-1,Arabidopsis thaliana,shoot_apex,Shoot apical meristem,Mesophyll,false,organ_context_prior,organ_context_prior
scplantdb_CRA002977_2:CRX125604@@_GCACTCTGTGGCTCCA-1,Arabidopsis thaliana,shoot_apex,Shoot system epidermis,Mesophyll,false,organ_context_prior,organ_context_prior
scplantdb_CRA002977_2:CRX125604@@_GCGCCAAAGCGATTCT-1,Arabidopsis thaliana,shoot_apex,Mesophyll,Mesophyll,true,organ_context_prior,organ_context_prior
scplantdb_CRA002977_2:CRX125604@@_GGAAAGCCACTGCCAG-1,Arabidopsis thaliana,shoot_apex,Shoot system epidermis,Mesophyll,false,organ_context_prior,organ_context_prior
scplantdb_CRA002977_2:CRX125604@@_GGACAGACACGGCTAC-1,Arabidopsis thaliana,shoot_apex,Vascular tissue,Mesophyll,true,organ_context_prior,organ_context_prior
scplantdb_CRA002977_2:CRX125604@@_GGGCACTTCTGGTGTA-1,Arabidopsis thaliana,shoot_apex,Vascular tissue,Mesophyll,true,organ_context_prior,organ_context_prior
scplantdb_CRA002977_2:CRX125604@@_GGGCATCGTGTTGAGG-1,Arabidopsis thaliana,shoot_apex,Shoot system epidermis,Mesophyll,false,organ_context_prior,organ_context_prior
scplantdb_CRA002977_2:CRX125604@@_GGTATTGAGCGATCCC-1,Arabidopsis thaliana,shoot_apex,Shoot system epidermis,Mesophyll,false,organ_context_prior,organ_context_prior
scplantdb_CRA002977_2:CRX125604@@_GTACTTTCACCACCAG-1,Arabidopsis thaliana,shoot_apex,Shoot system epidermis,Mesophyll,false,organ_context_prior,organ_context_prior
scplantdb_CRA002977_2:CRX125604@@_GTAGGCCAGCAGCCTC-1,Arabidopsis thaliana,shoot_apex,Mesophyll,Mesophyll,true,organ_context_prior,organ_context_prior
scplantdb_CRA002977_2:CRX125604@@_GTATTCTAGAGATGAG-1,Arabidopsis thaliana,shoot_apex,Mesophyll,Mesophyll,true,organ_context_prior,organ_context_prior
scplantdb_CRA002977_2:CRX125604@@_GTCACAATCTCTAAGG-1,Arabidopsis thaliana,shoot_apex,Shoot system epidermis,Mesophyll,false,organ_context_prior,organ_context_prior
scplantdb_CRA002977_2:CRX125604@@_GTGAAGGTCCAGATCA-1,Arabidopsis thaliana,shoot_apex,S phase,Mesophyll,false,organ_context_prior,organ_context_prior
scplantdb_CRA002977_2:CRX125604@@_GTGCGGTGTTAGTGGG-1,Arabidopsis thaliana,shoot_apex,Shoot system epidermis,Mesophyll,false,organ_context_prior,organ_context_prior
scplantdb_CRA002977_2:CRX125604@@_TACGGTAGTCTTCTCG-1,Arabidopsis thaliana,shoot_apex,Mesophyll,Mesophyll,true,organ_context_prior,organ_context_prior
scplantdb_CRA002977_2:CRX125604@@_TACTCGCGTAGCGTAG-1,Arabidopsis thaliana,shoot_apex,Mesophyll,Mesophyll,true,organ_context_prior,organ_context_prior
scplantdb_CRA002977_2:CRX125604@@_TAGTGGTAGTTTGCGT-1,Arabidopsis thaliana,shoot_apex,Shoot apical meristem,Mesophyll,false,organ_context_prior,organ_context_prior
scplantdb_CRA002977_2:CRX125604@@_TCAATCTAGTCGCCGT-1,Arabidopsis thaliana,shoot_apex,Mesophyll,Mesophyll,true,organ_context_prior,organ_context_prior
scplantdb_CRA002977_2:CRX125604@@_TCAGGATGTACAGACG-1,Arabidopsis thaliana,shoot_apex,Mesophyll,Mesophyll,true,organ_context_prior,organ_context_prior
scplantdb_CRA002977_2:CRX125604@@_TCAGGATGTGCCTTGG-1,Arabidopsis thaliana,shoot_apex,Vascular tissue,Mesophyll,true,organ_context_prior,organ_context_prior
scplantdb_CRA002977_2:CRX125604@@_TCAGGATTCCAGAAGG-1,Arabidopsis thaliana,shoot_apex,Mesophyll,Mesophyll,true,organ_context_prior,organ_context_prior
scplantdb_CRA002977_2:CRX125604@@_TCAGGTACAATGACCT-1,Arabidopsis thaliana,shoot_apex,Vascular tissue,Mesophyll,true,organ_context_prior,organ_context_prior
scplantdb_CRA002977_2:CRX125604@@_TCAGGTACACATCCGG-1,Arabidopsis thaliana,shoot_apex,Mesophyll,Mesophyll,true,organ_context_prior,organ_context_prior
scplantdb_CRA002977_2:CRX125604@@_TCAGGTACATCCGGGT-1,Arabidopsis thaliana,shoot_apex,S phase,Mesophyll,false,organ_context_prior,organ_context_prior
scplantdb_CRA002977_2:CRX125604@@_TCGGTAAAGGAGTCTG-1,Arabidopsis thaliana,shoot_apex,Shoot system epidermis,Mesophyll,false,organ_context_prior,organ_context_prior
scplantdb_CRA002977_2:CRX125604@@_TCTATTGCAAGTAATG-1,Arabidopsis thaliana,shoot_apex,Mesophyll,Mesophyll,true,organ_context_prior,organ_context_prior
scplantdb_CRA002977_2:CRX125604@@_TCTCTAAGTCATTAGC-1,Arabidopsis thaliana,shoot_apex,Vascular tissue,Mesophyll,true,organ_context_prior,organ_context_prior
scplantdb_CRA002977_2:CRX125604@@_TCTTCGGCAGTCGTGC-1,Arabidopsis thaliana,shoot_apex,G2/M phase,Mesophyll,false,organ_context_prior,organ_context_prior
scplantdb_CRA002977_2:CRX125604@@_TGATTTCAGAACAACT-1,Arabidopsis thaliana,shoot_apex,G2/M phase,Mesophyll,false,organ_context_prior,organ_context_prior
scplantdb_CRA002977_2:CRX125604@@_TGATTTCTCTTATCTG-1,Arabidopsis thaliana,shoot_apex,Shoot apical meristem,Mesophyll,false,organ_context_prior,organ_context_prior
scplantdb_CRA002977_2:CRX125604@@_TTAGGACTCTCTGCTG-1,Arabidopsis thaliana,shoot_apex,Mesophyll,Mesophyll,true,organ_context_prior,organ_context_prior
scplantdb_CRA002977_2:CRX125604@@_TTCCCAGCATGACGGA-1,Arabidopsis thaliana,shoot_apex,Shoot system epidermis,Mesophyll,false,organ_context_prior,organ_context_prior
scplantdb_CRA002977_2:CRX125604@@_TTCTCCTCAATCGGTT-1,Arabidopsis thaliana,shoot_apex,Vascular tissue,Mesophyll,true,organ_context_prior,organ_context_prior
scplantdb_CRA002977_2:CRX125604@@_TTGAACGTCTTGACGA-1,Arabidopsis thaliana,shoot_apex,Shoot system epidermis,Mesophyll,false,organ_context_prior,organ_context_prior
scplantdb_CRA002977_2:CRX125604@@_TTGCCGTAGAGCTGCA-1,Arabidopsis thaliana,shoot_apex,Shoot system epidermis,Mesophyll,false,organ_context_prior,organ_context_prior
scplantdb_CRA002977_2:CRX125604@@_TTGGCAAAGGTAGCTG-1,Arabidopsis thaliana,shoot_apex,Shoot apical meristem,Mesophyll,false,organ_context_prior,organ_context_prior
scplantdb_CRA002977_2:CRX125605@@_AAACCCACATCGAAGG-1,Arabidopsis thaliana,shoot_apex,G2/M phase,Mesophyll,false,organ_context_prior,organ_context_prior
scplantdb_CRA002977_2:CRX125605@@_AAACCCATCCGTGGCA-1,Arabidopsis thaliana,shoot_apex,Vascular tissue,Mesophyll,true,organ_context_prior,organ_context_prior
scplantdb_CRA002977_2:CRX125605@@_AACAACCGTCCTACGG-1,Arabidopsis thaliana,shoot_apex,G2/M phase,Mesophyll,false,organ_context_prior,organ_context_prior
scplantdb_CRA002977_2:CRX125605@@_AACCATGCATTCTTCA-1,Arabidopsis thaliana,shoot_apex,Shoot system epidermis,Mesophyll,false,organ_context_prior,organ_context_prior
scplantdb_CRA002977_2:CRX125605@@_AACGTCAAGAGCCTGA-1,Arabidopsis thaliana,shoot_apex,Shoot system epidermis,Mesophyll,false,organ_context_prior,organ_context_prior
scplantdb_CRA002977_2:CRX125605@@_ACATCGAAGACAAGCC-1,Arabidopsis thaliana,shoot_apex,G2/M phase,Mesophyll,false,organ_context_prior,organ_context_prior
scplantdb_CRA002977_2:CRX125605@@_ACGTTCCGTCAAACGG-1,Arabidopsis thaliana,shoot_apex,Mesophyll,Mesophyll,true,organ_context_prior,organ_context_prior
scplantdb_CRA002977_2:CRX125605@@_ACTCTCGTCTTGGTGA-1,Arabidopsis thaliana,shoot_apex,Shoot apical meristem,Mesophyll,false,organ_context_prior,organ_context_prior
scplantdb_CRA002977_2:CRX125605@@_ACTTAGGTCCTCTCTT-1,Arabidopsis thaliana,shoot_apex,S phase,Mesophyll,false,organ_context_prior,organ_context_prior
scplantdb_CRA002977_2:CRX125605@@_AGACAAAAGCGTTAGG-1,Arabidopsis thaliana,shoot_apex,Vascular tissue,Mesophyll,true,organ_context_prior,organ_context_prior
scplantdb_CRA002977_2:CRX125605@@_AGACCCGGTGAGATAT-1,Arabidopsis thaliana,shoot_apex,Vascular tissue,Mesophyll,true,organ_context_prior,organ_context_prior
scplantdb_CRA002977_2:CRX125605@@_AGCGCTGAGGCTCAAG-1,Arabidopsis thaliana,shoot_apex,Vascular tissue,Mesophyll,true,organ_context_prior,organ_context_prior
scplantdb_CRA002977_2:CRX125605@@_AGGCCACCACTGTTCC-1,Arabidopsis thaliana,shoot_apex,G2/M phase,Mesophyll,false,organ_context_prior,organ_context_prior
scplantdb_CRA002977_2:CRX125605@@_AGTAACCAGCTTTCTT-1,Arabidopsis thaliana,shoot_apex,Shoot apical meristem,Mesophyll,false,organ_context_prior,organ_context_prior
scplantdb_CRA002977_2:CRX125605@@_AGTCATGCAGCACGAA-1,Arabidopsis thaliana,shoot_apex,Vascular tissue,Mesophyll,true,organ_context_prior,organ_context_prior
scplantdb_CRA002977_2:CRX125605@@_ATCACAGCAGGAATAT-1,Arabidopsis thaliana,shoot_apex,S phase,Mesophyll,false,organ_context_prior,organ_context_prior
scplantdb_CRA002977_2:CRX125605@@_ATCGTGATCGAGATGG-1,Arabidopsis thaliana,shoot_apex,Mesophyll,Mesophyll,true,organ_context_prior,organ_context_prior
scplantdb_CRA002977_2:CRX125605@@_ATTCCTAGTACCCGAC-1,Arabidopsis thaliana,shoot_apex,Shoot apical meristem,Mesophyll,false,organ_context_prior,organ_context_prior
scplantdb_CRA002977_2:CRX125605@@_ATTTCACCAGGTCCGT-1,Arabidopsis thaliana,shoot_apex,Guard cell,Mesophyll,false,organ_context_prior,organ_context_prior
scplantdb_CRA002977_2:CRX125605@@_CAAAGAACACCCGTAG-1,Arabidopsis thaliana,shoot_apex,Mesophyll,Mesophyll,true,organ_context_prior,organ_context_prior
scplantdb_CRA002977_2:CRX125605@@_CAATACGGTGTAGCAG-1,Arabidopsis thaliana,shoot_apex,S phase,Mesophyll,false,organ_context_prior,organ_context_prior
scplantdb_CRA002977_2:CRX125605@@_CACAGGCGTGCTAGCC-1,Arabidopsis thaliana,shoot_apex,Vascular tissue,Mesophyll,true,organ_context_prior,organ_context_prior
scplantdb_CRA002977_2:CRX125605@@_CACGAATTCTCGGGAC-1,Arabidopsis thaliana,shoot_apex,Shoot system epidermis,Mesophyll,false,organ_context_prior,organ_context_prior
scplantdb_CRA002977_2:CRX125605@@_CACTTCGCAGACACAG-1,Arabidopsis thaliana,shoot_apex,Shoot apical meristem,Mesophyll,false,organ_context_prior,organ_context_prior
scplantdb_CRA002977_2:CRX125605@@_CAGGGCTCATGGAAGC-1,Arabidopsis thaliana,shoot_apex,S phase,Mesophyll,false,organ_context_prior,organ_context_prior
scplantdb_CRA002977_2:CRX125605@@_CATACAGCATTGGCAT-1,Arabidopsis thaliana,shoot_apex,S phase,Mesophyll,false,organ_context_prior,organ_context_prior
scplantdb_CRA002977_2:CRX125605@@_CATGCCTCACAGTCGC-1,Arabidopsis thaliana,shoot_apex,S phase,Mesophyll,false,organ_context_prior,organ_context_prior
scplantdb_CRA002977_2:CRX125605@@_CATTGCCGTTGCCGCA-1,Arabidopsis thaliana,shoot_apex,Shoot apical meristem,Mesophyll,false,organ_context_prior,organ_context_prior
scplantdb_CRA002977_2:CRX125605@@_CCATAAGAGCAGCCCT-1,Arabidopsis thaliana,shoot_apex,G2/M phase,Mesophyll,false,organ_context_prior,organ_context_prior
scplantdb_CRA002977_2:CRX125605@@_CCCTAACGTCTACGAT-1,Arabidopsis thaliana,shoot_apex,Shoot system epidermis,Mesophyll,false,organ_context_prior,organ_context_prior
scplantdb_CRA002977_2:CRX125605@@_CCGCAAGCAAGAATAC-1,Arabidopsis thaliana,shoot_apex,G2/M phase,Mesophyll,false,organ_context_prior,organ_context_prior
scplantdb_CRA002977_2:CRX125605@@_CCGCAAGTCGGCACTG-1,Arabidopsis thaliana,shoot_apex,Shoot system epidermis,Mesophyll,false,organ_context_prior,organ_context_prior
scplantdb_CRA002977_2:CRX125605@@_CCTCAACGTCAGCTTA-1,Arabidopsis thaliana,shoot_apex,Shoot system epidermis,Mesophyll,false,organ_context_prior,organ_context_prior
scplantdb_CRA002977_2:CRX125605@@_CGGACACGTAACATCC-1,Arabidopsis thaliana,shoot_apex,Vascular tissue,Mesophyll,true,organ_context_prior,organ_context_prior
scplantdb_CRA002977_2:CRX125605@@_CTACCCAAGCTGCCAC-1,Arabidopsis thaliana,shoot_apex,Vascular tissue,Mesophyll,true,organ_context_prior,organ_context_prior
scplantdb_CRA002977_2:CRX125605@@_CTAGGTACAAACAGGC-1,Arabidopsis thaliana,shoot_apex,Shoot system epidermis,Mesophyll,false,organ_context_prior,organ_context_prior
scplantdb_CRA002977_2:CRX125605@@_CTCTCAGTCACAAGAA-1,Arabidopsis thaliana,shoot_apex,S phase,Mesophyll,false,organ_context_prior,organ_context_prior
scplantdb_CRA002977_2:CRX125605@@_CTGTATTGTAACACCT-1,Arabidopsis thaliana,shoot_apex,Shoot system epidermis,Mesophyll,false,organ_context_prior,organ_context_prior
scplantdb_CRA002977_2:CRX125605@@_GAAGCCCCAAACTCTG-1,Arabidopsis thaliana,shoot_apex,Guard cell,Mesophyll,false,organ_context_prior,organ_context_prior
scplantdb_CRA002977_2:CRX125605@@_GACTCTCTCCACTAGA-1,Arabidopsis thaliana,shoot_apex,S phase,Mesophyll,false,organ_context_prior,organ_context_prior
scplantdb_CRA002977_2:CRX125605@@_GAGCCTGGTCGTTTCC-1,Arabidopsis thaliana,shoot_apex,Shoot system epidermis,Mesophyll,false,organ_context_prior,organ_context_prior
scplantdb_CRA002977_2:CRX125605@@_GAGGCAACAGTCTACA-1,Arabidopsis thaliana,shoot_apex,Vascular tissue,Mesophyll,true,organ_context_prior,organ_context_prior
scplantdb_CRA002977_2:CRX125605@@_GAGTGAGCAGCACGAA-1,Arabidopsis thaliana,shoot_apex,Mesophyll,Mesophyll,true,organ_context_prior,organ_context_prior
scplantdb_CRA002977_2:CRX125605@@_GATTCGATCGAACCTA-1,Arabidopsis thaliana,shoot_apex,G2/M phase,Mesophyll,false,organ_context_prior,organ_context_prior
scplantdb_CRA002977_2:CRX125605@@_GCACGTGGTGCCGAAA-1,Arabidopsis thaliana,shoot_apex,Vascular tissue,Mesophyll,true,organ_context_prior,organ_context_prior
scplantdb_CRA002977_2:CRX125605@@_GCCTGTTTCGGTCGGT-1,Arabidopsis thaliana,shoot_apex,Guard cell,Mesophyll,false,organ_context_prior,organ_context_prior
scplantdb_CRA002977_2:CRX125605@@_GCGTTTCTCTGCACCT-1,Arabidopsis thaliana,shoot_apex,Shoot system epidermis,Mesophyll,false,organ_context_prior,organ_context_prior
scplantdb_CRA002977_2:CRX125605@@_GCTGCAGCACAGTATC-1,Arabidopsis thaliana,shoot_apex,Vascular tissue,Mesophyll,true,organ_context_prior,organ_context_prior
scplantdb_CRA002977_2:CRX125605@@_GGCTGTGGTAGAATGT-1,Arabidopsis thaliana,shoot_apex,Guard cell,Mesophyll,false,organ_context_prior,organ_context_prior
scplantdb_CRA002977_2:CRX125605@@_GGCTTGGTCAATGTCG-1,Arabidopsis thaliana,shoot_apex,Shoot apical meristem,Mesophyll,false,organ_context_prior,organ_context_prior
scplantdb_CRA002977_2:CRX125605@@_GGTGTCGAGCGAGTCA-1,Arabidopsis thaliana,shoot_apex,Vascular tissue,Mesophyll,true,organ_context_prior,organ_context_prior
scplantdb_CRA002977_2:CRX125605@@_GTAAGTCAGGTAGCAC-1,Arabidopsis thaliana,shoot_apex,Vascular tissue,Mesophyll,true,organ_context_prior,organ_context_prior
scplantdb_CRA002977_2:CRX125605@@_GTAGGAGAGAGTACCG-1,Arabidopsis thaliana,shoot_apex,Mesophyll,Mesophyll,true,organ_context_prior,organ_context_prior
scplantdb_CRA002977_2:CRX125605@@_GTGCAGCAGAGCCATG-1,Arabidopsis thaliana,shoot_apex,Shoot system epidermis,Mesophyll,false,organ_context_prior,organ_context_prior
scplantdb_CRA002977_2:CRX125605@@_GTGCGTGCATTCGATG-1,Arabidopsis thaliana,shoot_apex,Vascular tissue,Mesophyll,true,organ_context_prior,organ_context_prior
scplantdb_CRA002977_2:CRX125605@@_GTGGGAATCGTCACCT-1,Arabidopsis thaliana,shoot_apex,Shoot system epidermis,Mesophyll,false,organ_context_prior,organ_context_prior
scplantdb_CRA002977_2:CRX125605@@_GTGTTCCTCTATCCAT-1,Arabidopsis thaliana,shoot_apex,Guard cell,Mesophyll,false,organ_context_prior,organ_context_prior
scplantdb_CRA002977_2:CRX125605@@_GTTAGACCACAATCTG-1,Arabidopsis thaliana,shoot_apex,Shoot system epidermis,Mesophyll,false,organ_context_prior,organ_context_prior
scplantdb_CRA002977_2:CRX125605@@_GTTATGGGTAGGTAGC-1,Arabidopsis thaliana,shoot_apex,Vascular tissue,Mesophyll,true,organ_context_prior,organ_context_prior
scplantdb_CRA002977_2:CRX125605@@_TAAGTCGAGAGCGACT-1,Arabidopsis thaliana,shoot_apex,Vascular tissue,Mesophyll,true,organ_context_prior,organ_context_prior
scplantdb_CRA002977_2:CRX125605@@_TAATCTCTCTCACGAA-1,Arabidopsis thaliana,shoot_apex,Vascular tissue,Mesophyll,true,organ_context_prior,organ_context_prior
scplantdb_CRA002977_2:CRX125605@@_TAATTCCCACCCGTAG-1,Arabidopsis thaliana,shoot_apex,Vascular tissue,Mesophyll,true,organ_context_prior,organ_context_prior
scplantdb_CRA002977_2:CRX125605@@_TACAGGTCACGCCAGT-1,Arabidopsis thaliana,shoot_apex,S phase,Mesophyll,false,organ_context_prior,organ_context_prior
scplantdb_CRA002977_2:CRX125605@@_TAGGTACAGGATGCGT-1,Arabidopsis thaliana,shoot_apex,Mesophyll,Mesophyll,true,organ_context_prior,organ_context_prior
scplantdb_CRA002977_2:CRX125605@@_TCCGATCAGGACATCG-1,Arabidopsis thaliana,shoot_apex,Vascular tissue,Mesophyll,true,organ_context_prior,organ_context_prior
scplantdb_CRA002977_2:CRX125605@@_TCCTAATAGAGTGACC-1,Arabidopsis thaliana,shoot_apex,G2/M phase,Mesophyll,false,organ_context_prior,organ_context_prior
scplantdb_CRA002977_2:CRX125605@@_TCTAACTAGCCTATCA-1,Arabidopsis thaliana,shoot_apex,Vascular tissue,Mesophyll,true,organ_context_prior,organ_context_prior
scplantdb_CRA002977_2:CRX125605@@_TCTCTGGAGATTGCGG-1,Arabidopsis thaliana,shoot_apex,Mesophyll,Mesophyll,true,organ_context_prior,organ_context_prior
scplantdb_CRA002977_2:CRX125605@@_TGAACGTAGATAGTCA-1,Arabidopsis thaliana,shoot_apex,Mesophyll,Mesophyll,true,organ_context_prior,organ_context_prior
scplantdb_CRA002977_2:CRX125605@@_TGAGGAGTCTCGGCTT-1,Arabidopsis thaliana,shoot_apex,G2/M phase,Mesophyll,false,organ_context_prior,organ_context_prior
scplantdb_CRA002977_2:CRX125605@@_TGCGACGGTTTCGTAG-1,Arabidopsis thaliana,shoot_apex,Vascular tissue,Mesophyll,true,organ_context_prior,organ_context_prior
scplantdb_CRA002977_2:CRX125605@@_TGCGGCAAGCCGAATG-1,Arabidopsis thaliana,shoot_apex,Mesophyll,Mesophyll,true,organ_context_prior,organ_context_prior
scplantdb_CRA002977_2:CRX125605@@_TGGGTTAAGCACCGTC-1,Arabidopsis thaliana,shoot_apex,S phase,Mesophyll,false,organ_context_prior,organ_context_prior
scplantdb_CRA002977_2:CRX125605@@_TGGTTAGTCACCCTGT-1,Arabidopsis thaliana,shoot_apex,Vascular tissue,Mesophyll,true,organ_context_prior,organ_context_prior
scplantdb_CRA002977_2:CRX125605@@_TTACCATAGAGAGCGG-1,Arabidopsis thaliana,shoot_apex,Shoot apical meristem,Mesophyll,false,organ_context_prior,organ_context_prior
scplantdb_CRA002977_2:CRX125605@@_TTCCACGGTCGCATGC-1,Arabidopsis thaliana,shoot_apex,Shoot system epidermis,Mesophyll,false,organ_context_prior,organ_context_prior
scplantdb_CRA002977_2:CRX125605@@_TTGCTGCAGCCTAGGA-1,Arabidopsis thaliana,shoot_apex,Shoot apical meristem,Mesophyll,false,organ_context_prior,organ_context_prior
scplantdb_CRA002977_2:CRX125605@@_TTGGGTATCTAGCCTC-1,Arabidopsis thaliana,shoot_apex,Vascular tissue,Mesophyll,true,organ_context_prior,organ_context_prior
scplantdb_CRA002977_2:CRX125605@@_TTTCGATGTGATCGTT-1,Arabidopsis thaliana,shoot_apex,Mesophyll,Mesophyll,true,organ_context_prior,organ_context_prior
scplantdb_DRP009643:DRX382001@@_AAACCCAAGTGCAACG-1,Arabidopsis thaliana,leaf,Mesophyll,Mesophyll,true,organ_context_prior,organ_context_prior
scplantdb_DRP009643:DRX382001@@_AAACCCATCTGTCTCG-1,Arabidopsis thaliana,leaf,Mesophyll,Mesophyll,true,organ_context_prior,organ_context_prior
scplantdb_DRP009643:DRX382001@@_AAAGGATGTAACGGTG-1,Arabidopsis thaliana,leaf,Mesophyll,Mesophyll,true,organ_context_prior,organ_context_prior
scplantdb_DRP009643:DRX382001@@_AACAGGGGTAGCGTCC-1,Arabidopsis thaliana,leaf,Mesophyll,Mesophyll,true,organ_context_prior,organ_context_prior
scplantdb_DRP009643:DRX382001@@_AACCTTTCATACCAGT-1,Arabidopsis thaliana,leaf,Mesophyll,Mesophyll,true,organ_context_prior,organ_context_prior
scplantdb_DRP009643:DRX382001@@_AAGCGAGCAGGATGAC-1,Arabidopsis thaliana,leaf,Mesophyll,Mesophyll,true,organ_context_prior,organ_context_prior
scplantdb_DRP009643:DRX382001@@_AAGGTAATCCGTGTAA-1,Arabidopsis thaliana,leaf,Mesophyll,Mesophyll,true,organ_context_prior,organ_context_prior
scplantdb_DRP009643:DRX382001@@_AAGTACCGTTCTTGTT-1,Arabidopsis thaliana,leaf,Mesophyll,Mesophyll,true,organ_context_prior,organ_context_prior
scplantdb_DRP009643:DRX382001@@_AAGTCGTTCGGTTCAA-1,Arabidopsis thaliana,leaf,Mesophyll,Mesophyll,true,organ_context_prior,organ_context_prior
scplantdb_DRP009643:DRX382001@@_AAGTGAAGTTGTGTTG-1,Arabidopsis thaliana,leaf,Mesophyll,Mesophyll,true,organ_context_prior,organ_context_prior
scplantdb_DRP009643:DRX382001@@_AATGAAGTCTAGACCA-1,Arabidopsis thaliana,leaf,Mesophyll,Mesophyll,true,organ_context_prior,organ_context_prior
scplantdb_DRP009643:DRX382001@@_AATGACCAGACCAGAC-1,Arabidopsis thaliana,leaf,Mesophyll,Mesophyll,true,organ_context_prior,organ_context_prior
scplantdb_DRP009643:DRX382001@@_AATGGAACAGCACAAG-1,Arabidopsis thaliana,leaf,Mesophyll,Mesophyll,true,organ_context_prior,organ_context_prior
scplantdb_DRP009643:DRX382001@@_AATTCCTGTGGTCCCA-1,Arabidopsis thaliana,leaf,Mesophyll,Mesophyll,true,organ_context_prior,organ_context_prior
scplantdb_DRP009643:DRX382001@@_ACAACCACAACCTATG-1,Arabidopsis thaliana,leaf,Mesophyll,Mesophyll,true,organ_context_prior,organ_context_prior
scplantdb_DRP009643:DRX382001@@_ACATCGAAGATGAAGG-1,Arabidopsis thaliana,leaf,Mesophyll,Mesophyll,true,organ_context_prior,organ_context_prior
scplantdb_DRP009643:DRX382001@@_ACATCGAAGCTGTCCG-1,Arabidopsis thaliana,leaf,Mesophyll,Mesophyll,true,organ_context_prior,organ_context_prior
scplantdb_DRP009643:DRX382001@@_ACATGCACAGGAGGAG-1,Arabidopsis thaliana,leaf,Mesophyll,Mesophyll,true,organ_context_prior,organ_context_prior
scplantdb_DRP009643:DRX382001@@_ACATTTCCACGTAGAG-1,Arabidopsis thaliana,leaf,Mesophyll,Mesophyll,true,organ_context_prior,organ_context_prior
scplantdb_DRP009643:DRX382001@@_ACCGTTCCACACAGAG-1,Arabidopsis thaliana,leaf,Mesophyll,Mesophyll,true,organ_context_prior,organ_context_prior
scplantdb_DRP009643:DRX382001@@_ACGCACGGTCTCTCAC-1,Arabidopsis thaliana,leaf,Mesophyll,Mesophyll,true,organ_context_prior,organ_context_prior
scplantdb_DRP009643:DRX382001@@_ACGGAAGCATTGACCA-1,Arabidopsis thaliana,leaf,Mesophyll,Mesophyll,true,organ_context_prior,organ_context_prior
scplantdb_DRP009643:DRX382001@@_ACTCTCGTCTACCCAC-1,Arabidopsis thaliana,leaf,Mesophyll,Mesophyll,true,organ_context_prior,organ_context_prior
scplantdb_DRP009643:DRX382001@@_AGAAATGCAACACGTT-1,Arabidopsis thaliana,leaf,Mesophyll,Mesophyll,true,organ_context_prior,organ_context_prior
scplantdb_DRP009643:DRX382001@@_AGACCATGTAGCGTTT-1,Arabidopsis thaliana,leaf,Mesophyll,Mesophyll,true,organ_context_prior,organ_context_prior
scplantdb_DRP009643:DRX382001@@_AGAGAGCCACGGGCTT-1,Arabidopsis thaliana,leaf,Mesophyll,Mesophyll,true,organ_context_prior,organ_context_prior
scplantdb_DRP009643:DRX382001@@_AGCCAGCAGTTGGGAC-1,Arabidopsis thaliana,leaf,Mesophyll,Mesophyll,true,organ_context_prior,organ_context_prior
scplantdb_DRP009643:DRX382001@@_AGCGCCACATTGACTG-1,Arabidopsis thaliana,leaf,Mesophyll,Mesophyll,true,organ_context_prior,organ_context_prior
scplantdb_DRP009643:DRX382001@@_AGCGCTGGTTATCCAG-1,Arabidopsis thaliana,leaf,Mesophyll,Mesophyll,true,organ_context_prior,organ_context_prior
scplantdb_DRP009643:DRX382001@@_AGCTTCCCACCAATTG-1,Arabidopsis thaliana,leaf,Mesophyll,Mesophyll,true,organ_context_prior,organ_context_prior
scplantdb_DRP009643:DRX382001@@_AGGAATATCGACGACC-1,Arabidopsis thaliana,leaf,Mesophyll,Mesophyll,true,organ_context_prior,organ_context_prior
scplantdb_DRP009643:DRX382001@@_AGGATAACACTTGTGA-1,Arabidopsis thaliana,leaf,Mesophyll,Mesophyll,true,organ_context_prior,organ_context_prior
scplantdb_DRP009643:DRX382001@@_AGGCTGCGTTGTCTAG-1,Arabidopsis thaliana,leaf,Mesophyll,Mesophyll,true,organ_context_prior,organ_context_prior
scplantdb_DRP009643:DRX382001@@_AGGGTTTTCCTTCTTC-1,Arabidopsis thaliana,leaf,Mesophyll,Mesophyll,true,organ_context_prior,organ_context_prior
scplantdb_DRP009643:DRX382001@@_AGGTTACTCCGCAAAT-1,Arabidopsis thaliana,leaf,Mesophyll,Mesophyll,true,organ_context_prior,organ_context_prior
scplantdb_DRP009643:DRX382001@@_AGTAACCTCTAGTGTG-1,Arabidopsis thaliana,leaf,Mesophyll,Mesophyll,true,organ_context_prior,organ_context_prior
scplantdb_DRP009643:DRX382001@@_AGTCAACCACAAAGCG-1,Arabidopsis thaliana,leaf,Mesophyll,Mesophyll,true,organ_context_prior,organ_context_prior
scplantdb_DRP009643:DRX382001@@_AGTCACAAGATGTTAG-1,Arabidopsis thaliana,leaf,Mesophyll,Mesophyll,true,organ_context_prior,organ_context_prior
scplantdb_DRP009643:DRX382001@@_AGTCTCCAGAGGTGCT-1,Arabidopsis thaliana,leaf,Mesophyll,Mesophyll,true,organ_context_prior,organ_context_prior
scplantdb_DRP009643:DRX382001@@_AGTTCGAAGTGTGTTC-1,Arabidopsis thaliana,leaf,Companion cell,Mesophyll,true,organ_context_prior,organ_context_prior
scplantdb_DRP009643:DRX382001@@_ATACTTCTCGAAGCAG-1,Arabidopsis thaliana,leaf,Mesophyll,Mesophyll,true,organ_context_prior,organ_context_prior
scplantdb_DRP009643:DRX382001@@_ATAGACCAGGTGAGCT-1,Arabidopsis thaliana,leaf,Mesophyll,Mesophyll,true,organ_context_prior,organ_context_prior
scplantdb_DRP009643:DRX382001@@_ATATCCTCAGTCTACA-1,Arabidopsis thaliana,leaf,Mesophyll,Mesophyll,true,organ_context_prior,organ_context_prior
scplantdb_DRP009643:DRX382001@@_ATATCCTGTTACCTGA-1,Arabidopsis thaliana,leaf,Mesophyll,Mesophyll,true,organ_context_prior,organ_context_prior
scplantdb_DRP009643:DRX382001@@_ATCACAGTCGATACAC-1,Arabidopsis thaliana,leaf,Mesophyll,Mesophyll,true,organ_context_prior,organ_context_prior
scplantdb_DRP009643:DRX382001@@_ATCGCCTAGAACAGGA-1,Arabidopsis thaliana,leaf,Mesophyll,Mesophyll,true,organ_context_prior,organ_context_prior
scplantdb_DRP009643:DRX382001@@_ATCGTAGCATGTTCGA-1,Arabidopsis thaliana,leaf,Mesophyll,Mesophyll,true,organ_context_prior,organ_context_prior
scplantdb_DRP009643:DRX382001@@_ATCTTCAGTATAATGG-1,Arabidopsis thaliana,leaf,Vascular tissue,Mesophyll,true,organ_context_prior,organ_context_prior
scplantdb_DRP009643:DRX382001@@_ATGAGGGTCGCTTTAT-1,Arabidopsis thaliana,leaf,Mesophyll,Mesophyll,true,organ_context_prior,organ_context_prior
scplantdb_DRP009643:DRX382001@@_ATGCATGGTCAAGCGA-1,Arabidopsis thaliana,leaf,Mesophyll,Mesophyll,true,organ_context_prior,organ_context_prior
scplantdb_DRP009643:DRX382001@@_ATGGAGGCACATTCGA-1,Arabidopsis thaliana,leaf,Mesophyll,Mesophyll,true,organ_context_prior,organ_context_prior
scplantdb_DRP009643:DRX382001@@_ATGGAGGGTTGCGAAG-1,Arabidopsis thaliana,leaf,Mesophyll,Mesophyll,true,organ_context_prior,organ_context_prior
scplantdb_DRP009643:DRX382001@@_ATGGATCCATGTACGT-1,Arabidopsis thaliana,leaf,Mesophyll,Mesophyll,true,organ_context_prior,organ_context_prior
scplantdb_DRP009643:DRX382001@@_ATGGGAGGTGTACATC-1,Arabidopsis thaliana,leaf,Mesophyll,Mesophyll,true,organ_context_prior,organ_context_prior
scplantdb_DRP009643:DRX382001@@_ATGGGTTAGTCAACAA-1,Arabidopsis thaliana,leaf,Mesophyll,Mesophyll,true,organ_context_prior,organ_context_prior
scplantdb_DRP009643:DRX382001@@_ATTCACTGTAAGAACT-1,Arabidopsis thaliana,leaf,Mesophyll,Mesophyll,true,organ_context_prior,organ_context_prior
scplantdb_DRP009643:DRX382001@@_CAACGGCGTTGCCGCA-1,Arabidopsis thaliana,leaf,Mesophyll,Mesophyll,true,organ_context_prior,organ_context_prior
scplantdb_DRP009643:DRX382001@@_CACACAAAGTAACAGT-1,Arabidopsis thaliana,leaf,Mesophyll,Mesophyll,true,organ_context_prior,organ_context_prior
scplantdb_DRP009643:DRX382001@@_CACATGAAGTAGCATA-1,Arabidopsis thaliana,leaf,Mesophyll,Mesophyll,true,organ_context_prior,organ_context_prior
scplantdb_DRP009643:DRX382001@@_CACATGATCGAACCTA-1,Arabidopsis thaliana,leaf,Mesophyll,Mesophyll,true,organ_context_prior,organ_context_prior
scplantdb_DRP009643:DRX382001@@_CACGAATAGTGGACGT-1,Arabidopsis thaliana,leaf,Mesophyll,Mesophyll,true,organ_context_prior,organ_context_prior
scplantdb_DRP009643:DRX382001@@_CACGGGTGTTGCAACT-1,Arabidopsis thaliana,leaf,Mesophyll,Mesophyll,true,organ_context_prior,organ_context_prior
scplantdb_DRP009643:DRX382001@@_CACGTTCTCGGCTGGT-1,Arabidopsis thaliana,leaf,Mesophyll,Mesophyll,true,organ_context_prior,organ_context_prior
scplantdb_DRP009643:DRX382001@@_CACTGAATCTGATGGT-1,Arabidopsis thaliana,leaf,Vascular tissue,Mesophyll,true,organ_context_prior,organ_context_prior
scplantdb_DRP009643:DRX382001@@_CACTGGGAGTGCACCC-1,Arabidopsis thaliana,leaf,Mesophyll,Mesophyll,true,organ_context_prior,organ_context_prior
scplantdb_DRP009643:DRX382001@@_CACTGTCGTACCCAGC-1,Arabidopsis thaliana,leaf,Vascular tissue,Mesophyll,true,organ_context_prior,organ_context_prior
scplantdb_DRP009643:DRX382001@@_CAGATTGTCCATAGAC-1,Arabidopsis thaliana,leaf,Mesophyll,Mesophyll,true,organ_context_prior,organ_context_prior
scplantdb_DRP009643:DRX382001@@_CAGCAGCGTTCGCGTG-1,Arabidopsis thaliana,leaf,Vascular tissue,Mesophyll,true,organ_context_prior,organ_context_prior
scplantdb_DRP009643:DRX382001@@_CAGCGTGTCACTGGTA-1,Arabidopsis thaliana,leaf,Mesophyll,Mesophyll,true,organ_context_prior,organ_context_prior
scplantdb_DRP009643:DRX382001@@_CAGGGCTAGTCACTAC-1,Arabidopsis thaliana,leaf,Mesophyll,Mesophyll,true,organ_context_prior,organ_context_prior
scplantdb_DRP009643:DRX382001@@_CATAAGCAGTTTGAGA-1,Arabidopsis thaliana,leaf,Mesophyll,Mesophyll,true,organ_context_prior,organ_context_prior
scplantdb_DRP009643:DRX382001@@_CATGAGTAGAGGGTCT-1,Arabidopsis thaliana,leaf,Mesophyll,Mesophyll,true,organ_context_prior,organ_context_prior
scplantdb_DRP009643:DRX382001@@_CATGGTACACAGTCAT-1,Arabidopsis thaliana,leaf,Mesophyll,Mesophyll,true,organ_context_prior,organ_context_prior
scplantdb_DRP009643:DRX382001@@_CATTGAGCAGCTGTTA-1,Arabidopsis thaliana,leaf,Companion cell,Mesophyll,true,organ_context_prior,organ_context_prior
scplantdb_DRP009643:DRX382001@@_CCACGAGTCGTTAGTG-1,Arabidopsis thaliana,leaf,Mesophyll,Mesophyll,true,organ_context_prior,organ_context_prior
scplantdb_DRP009643:DRX382001@@_CCACTTGGTATACCTG-1,Arabidopsis thaliana,leaf,Mesophyll,Mesophyll,true,organ_context_prior,organ_context_prior
scplantdb_DRP009643:DRX382001@@_CCATCACAGAAACTAC-1,Arabidopsis thaliana,leaf,Mesophyll,Mesophyll,true,organ_context_prior,organ_context_prior
scplantdb_DRP009643:DRX382001@@_CCCTCTCTCGAACCTA-1,Arabidopsis thaliana,leaf,Mesophyll,Mesophyll,true,organ_context_prior,organ_context_prior
scplantdb_DRP009643:DRX382001@@_CCCTTAGAGGTAGCCA-1,Arabidopsis thaliana,leaf,Mesophyll,Mesophyll,true,organ_context_prior,organ_context_prior
scplantdb_DRP009643:DRX382001@@_CCCTTAGTCTCTCCGA-1,Arabidopsis thaliana,leaf,Mesophyll,Mesophyll,true,organ_context_prior,organ_context_prior
scplantdb_DRP009643:DRX382001@@_CCGAACGCAATCGCCG-1,Arabidopsis thaliana,leaf,Mesophyll,Mesophyll,true,organ_context_prior,organ_context_prior
scplantdb_DRP009643:DRX382001@@_CCGCAAGCAGTGCGCT-1,Arabidopsis thaliana,leaf,Mesophyll,Mesophyll,true,organ_context_prior,organ_context_prior
scplantdb_DRP009643:DRX382001@@_CCTCAACAGGGTCAAC-1,Arabidopsis thaliana,leaf,Mesophyll,Mesophyll,true,organ_context_prior,organ_context_prior
scplantdb_DRP009643:DRX382001@@_CCTCAACCATCGAACT-1,Arabidopsis thaliana,leaf,Mesophyll,Mesophyll,true,organ_context_prior,organ_context_prior
scplantdb_DRP009643:DRX382001@@_CCTCTAGGTACTAACC-1,Arabidopsis thaliana,leaf,Mesophyll,Mesophyll,true,organ_context_prior,organ_context_prior
scplantdb_DRP009643:DRX382001@@_CGAAGTTGTTCCGCGA-1,Arabidopsis thaliana,leaf,Leaf guard cell,Mesophyll,true,organ_context_prior,organ_context_prior
scplantdb_DRP009643:DRX382001@@_CGAGAAGAGTAAACAC-1,Arabidopsis thaliana,leaf,Mesophyll,Mesophyll,true,organ_context_prior,organ_context_prior
scplantdb_DRP009643:DRX382001@@_CGAGTTAGTCCCAAAT-1,Arabidopsis thaliana,leaf,Mesophyll,Mesophyll,true,organ_context_prior,organ_context_prior
scplantdb_DRP009643:DRX382001@@_CGCATAAAGAGTCCGA-1,Arabidopsis thaliana,leaf,Mesophyll,Mesophyll,true,organ_context_prior,organ_context_prior
scplantdb_DRP009643:DRX382001@@_CGCCATTGTTCTTGTT-1,Arabidopsis thaliana,leaf,Mesophyll,Mesophyll,true,organ_context_prior,organ_context_prior
scplantdb_DRP009643:DRX382001@@_CGCGTGATCACTGGTA-1,Arabidopsis thaliana,leaf,Mesophyll,Mesophyll,true,organ_context_prior,organ_context_prior
scplantdb_DRP009643:DRX382001@@_CGGAATTTCGAGAACG-1,Arabidopsis thaliana,leaf,Mesophyll,Mesophyll,true,organ_context_prior,organ_context_prior
scplantdb_DRP009643:DRX382001@@_CGGGTCAAGGTTGACG-1,Arabidopsis thaliana,leaf,Mesophyll,Mesophyll,true,organ_context_prior,organ_context_prior
scplantdb_DRP009643:DRX382001@@_CGTAGTAGTACACGTT-1,Arabidopsis thaliana,leaf,Mesophyll,Mesophyll,true,organ_context_prior,organ_context_prior
scplantdb_DRP009643:DRX382001@@_CGTGATAAGTGGCCTC-1,Arabidopsis thaliana,leaf,Mesophyll,Mesophyll,true,organ_context_prior,organ_context_prior
scplantdb_DRP009643:DRX382001@@_CTATCCGGTTGGGATG-1,Arabidopsis thaliana,leaf,Vascular tissue,Mesophyll,true,organ_context_prior,organ_context_prior
scplantdb_DRP009643:DRX382001@@_CTATCTAAGATTGATG-1,Arabidopsis thaliana,leaf,Mesophyll,Mesophyll,true,organ_context_prior,organ_context_prior
scplantdb_DRP009643:DRX382001@@_CTCAAGATCCACGAAT-1,Arabidopsis thaliana,leaf,Mesophyll,Mesophyll,true,organ_context_prior,organ_context_prior
scplantdb_DRP009643:DRX382001@@_CTCAATTAGGTTGCCC-1,Arabidopsis thaliana,leaf,Mesophyll,Mesophyll,true,organ_context_prior,organ_context_prior
scplantdb_DRP009643:DRX382001@@_CTCACTGTCTCACCCA-1,Arabidopsis thaliana,leaf,Mesophyll,Mesophyll,true,organ_context_prior,organ_context_prior
scplantdb_DRP009643:DRX382001@@_CTCATGCGTAGCGTTT-1,Arabidopsis thaliana,leaf,Mesophyll,Mesophyll,true,organ_context_prior,organ_context_prior
scplantdb_DRP009643:DRX382001@@_CTCATTATCAAGAGGC-1,Arabidopsis thaliana,leaf,Mesophyll,Mesophyll,true,organ_context_prior,organ_context_prior
scplantdb_DRP009643:DRX382001@@_CTCCAACTCACTCTTA-1,Arabidopsis thaliana,leaf,Mesophyll,Mesophyll,true,organ_context_prior,organ_context_prior
scplantdb_DRP009643:DRX382001@@_CTCCACAGTAGGTACG-1,Arabidopsis thaliana,leaf,Vascular tissue,Mesophyll,true,organ_context_prior,organ_context_prior
scplantdb_DRP009643:DRX382001@@_CTGAGCGGTGTTATCG-1,Arabidopsis thaliana,leaf,Mesophyll,Mesophyll,true,organ_context_prior,organ_context_prior
scplantdb_DRP009643:DRX382001@@_CTGCCTAAGCGACCCT-1,Arabidopsis thaliana,leaf,Mesophyll,Mesophyll,true,organ_context_prior,organ_context_prior
scplantdb_DRP009643:DRX382001@@_CTGTCGTAGTAAGGGA-1,Arabidopsis thaliana,leaf,Mesophyll,Mesophyll,true,organ_context_prior,organ_context_prior
scplantdb_DRP009643:DRX382001@@_CTGTGGGTCATTTGTC-1,Arabidopsis thaliana,leaf,Mesophyll,Mesophyll,true,organ_context_prior,organ_context_prior
scplantdb_DRP009643:DRX382001@@_CTTACCGGTCATCGCG-1,Arabidopsis thaliana,leaf,Mesophyll,Mesophyll,true,organ_context_prior,organ_context_prior
scplantdb_DRP009643:DRX382001@@_CTTCAATGTTGTACGT-1,Arabidopsis thaliana,leaf,Mesophyll,Mesophyll,true,organ_context_prior,organ_context_prior
scplantdb_DRP009643:DRX382001@@_CTTCAATTCAGTGTTG-1,Arabidopsis thaliana,leaf,Mesophyll,Mesophyll,true,organ_context_prior,organ_context_prior
scplantdb_DRP009643:DRX382001@@_CTTCTCTAGTCATACC-1,Arabidopsis thaliana,leaf,Mesophyll,Mesophyll,true,organ_context_prior,organ_context_prior
scplantdb_DRP009643:DRX382001@@_CTTTCAAGTAACCCGC-1,Arabidopsis thaliana,leaf,Mesophyll,Mesophyll,true,organ_context_prior,organ_context_prior
scplantdb_DRP009643:DRX382001@@_GAAACCTTCACATCAG-1,Arabidopsis thaliana,leaf,Mesophyll,Mesophyll,true,organ_context_prior,organ_context_prior
scplantdb_DRP009643:DRX382001@@_GAAATGACAGTAGTGG-1,Arabidopsis thaliana,leaf,Mesophyll,Mesophyll,true,organ_context_prior,organ_context_prior
scplantdb_DRP009643:DRX382001@@_GAAGCCCTCGCTACGG-1,Arabidopsis thaliana,leaf,Vascular tissue,Mesophyll,true,organ_context_prior,organ_context_prior
scplantdb_DRP009643:DRX382001@@_GAAGGACGTCGAAGCA-1,Arabidopsis thaliana,leaf,Mesophyll,Mesophyll,true,organ_context_prior,organ_context_prior
scplantdb_DRP009643:DRX382001@@_GAATAGAAGAATAACC-1,Arabidopsis thaliana,leaf,Mesophyll,Mesophyll,true,organ_context_prior,organ_context_prior
scplantdb_DRP009643:DRX382001@@_GACCCTTCACTGCTTC-1,Arabidopsis thaliana,leaf,Mesophyll,Mesophyll,true,organ_context_prior,organ_context_prior
scplantdb_DRP009643:DRX382001@@_GACGCTGCAAGCACCC-1,Arabidopsis thaliana,leaf,Mesophyll,Mesophyll,true,organ_context_prior,organ_context_prior
scplantdb_DRP009643:DRX382001@@_GACTATGAGGCGACAT-1,Arabidopsis thaliana,leaf,Companion cell,Mesophyll,true,organ_context_prior,organ_context_prior
scplantdb_DRP009643:DRX382001@@_GACTATGGTCGGTACC-1,Arabidopsis thaliana,leaf,Mesophyll,Mesophyll,true,organ_context_prior,organ_context_prior
scplantdb_DRP009643:DRX382001@@_GACTTCCCAGCGACAA-1,Arabidopsis thaliana,leaf,Mesophyll,Mesophyll,true,organ_context_prior,organ_context_prior
scplantdb_DRP009643:DRX382001@@_GAGAAATAGTTCTCTT-1,Arabidopsis thaliana,leaf,Mesophyll,Mesophyll,true,organ_context_prior,organ_context_prior
scplantdb_DRP009643:DRX382001@@_GAGACTTAGGTGGGTT-1,Arabidopsis thaliana,leaf,Mesophyll,Mesophyll,true,organ_context_prior,organ_context_prior
scplantdb_DRP009643:DRX382001@@_GAGCCTGAGTTAGAAC-1,Arabidopsis thaliana,leaf,Mesophyll,Mesophyll,true,organ_context_prior,organ_context_prior
scplantdb_DRP009643:DRX382001@@_GAGGCCTCAGGAATAT-1,Arabidopsis thaliana,leaf,Mesophyll,Mesophyll,true,organ_context_prior,organ_context_prior
scplantdb_DRP009643:DRX382001@@_GAGTGTTTCTAACACG-1,Arabidopsis thaliana,leaf,Mesophyll,Mesophyll,true,organ_context_prior,organ_context_prior
scplantdb_DRP009643:DRX382001@@_GATCACATCTTAAGGC-1,Arabidopsis thaliana,leaf,Mesophyll,Mesophyll,true,organ_context_prior,organ_context_prior
scplantdb_DRP009643:DRX382001@@_GATCGTAGTTCTCAGA-1,Arabidopsis thaliana,leaf,Mesophyll,Mesophyll,true,organ_context_prior,organ_context_prior
scplantdb_DRP009643:DRX382001@@_GATGATCTCACCATGA-1,Arabidopsis thaliana,leaf,Mesophyll,Mesophyll,true,organ_context_prior,organ_context_prior
scplantdb_DRP009643:DRX382001@@_GATGTTGTCTCATGGA-1,Arabidopsis thaliana,leaf,Mesophyll,Mesophyll,true,organ_context_prior,organ_context_prior
scplantdb_DRP009643:DRX382001@@_GCAACATGTCCATACA-1,Arabidopsis thaliana,leaf,Mesophyll,Mesophyll,true,organ_context_prior,organ_context_prior
scplantdb_DRP009643:DRX382001@@_GCACGGTAGTGCTCGC-1,Arabidopsis thaliana,leaf,Mesophyll,Mesophyll,true,organ_context_prior,organ_context_prior
scplantdb_DRP009643:DRX382001@@_GCATCTCTCCGATGTA-1,Arabidopsis thaliana,leaf,Mesophyll,Mesophyll,true,organ_context_prior,organ_context_prior
scplantdb_DRP009643:DRX382001@@_GCATGATAGTTAGTGA-1,Arabidopsis thaliana,leaf,Mesophyll,Mesophyll,true,organ_context_prior,organ_context_prior
scplantdb_DRP009643:DRX382001@@_GCATTAGTCCTAGAGT-1,Arabidopsis thaliana,leaf,Mesophyll,Mesophyll,true,organ_context_prior,organ_context_prior
scplantdb_DRP009643:DRX382001@@_GCCAACGGTCCTATAG-1,Arabidopsis thaliana,leaf,Mesophyll,Mesophyll,true,organ_context_prior,organ_context_prior
scplantdb_DRP009643:DRX382001@@_GCCAGGTCAAATCGTC-1,Arabidopsis thaliana,leaf,Mesophyll,Mesophyll,true,organ_context_prior,organ_context_prior
scplantdb_DRP009643:DRX382001@@_GCCGTGATCCTGCCAT-1,Arabidopsis thaliana,leaf,Mesophyll,Mesophyll,true,organ_context_prior,organ_context_prior
scplantdb_DRP009643:DRX382001@@_GCCTGTTCAAAGGAGA-1,Arabidopsis thaliana,leaf,Mesophyll,Mesophyll,true,organ_context_prior,organ_context_prior
scplantdb_DRP009643:DRX382001@@_GCGTGCAAGATGACAT-1,Arabidopsis thaliana,leaf,Mesophyll,Mesophyll,true,organ_context_prior,organ_context_prior
scplantdb_DRP009643:DRX382001@@_GCTACAAAGCACTCAT-1,Arabidopsis thaliana,leaf,Mesophyll,Mesophyll,true,organ_context_prior,organ_context_prior
scplantdb_DRP009643:DRX382001@@_GCTACAATCTACTGCC-1,Arabidopsis thaliana,leaf,Mesophyll,Mesophyll,true,organ_context_prior,organ_context_prior
scplantdb_DRP009643:DRX382001@@_GCTTGGGCACAGCTGC-1,Arabidopsis thaliana,leaf,Mesophyll,Mesophyll,true,organ_context_prior,organ_context_prior
scplantdb_DRP009643:DRX382001@@_GGAACCCCACGACAGA-1,Arabidopsis thaliana,leaf,Mesophyll,Mesophyll,true,organ_context_prior,organ_context_prior
scplantdb_DRP009643:DRX382001@@_GGAACCCGTCGGCACT-1,Arabidopsis thaliana,leaf,Mesophyll,Mesophyll,true,organ_context_prior,organ_context_prior
scplantdb_DRP009643:DRX382001@@_GGAACCCTCCGGCAGT-1,Arabidopsis thaliana,leaf,Mesophyll,Mesophyll,true,organ_context_prior,organ_context_prior
scplantdb_DRP009643:DRX382001@@_GGACGTCTCGCATTAG-1,Arabidopsis thaliana,leaf,Mesophyll,Mesophyll,true,organ_context_prior,organ_context_prior
scplantdb_DRP009643:DRX382001@@_GGAGCAACAGGGCTTC-1,Arabidopsis thaliana,leaf,Mesophyll,Mesophyll,true,organ_context_prior,organ_context_prior
scplantdb_DRP009643:DRX382001@@_GGAGCAACATTGAAAG-1,Arabidopsis thaliana,leaf,Mesophyll,Mesophyll,true,organ_context_prior,organ_context_prior
scplantdb_DRP009643:DRX382001@@_GGGACAACATCCTGTC-1,Arabidopsis thaliana,leaf,Mesophyll,Mesophyll,true,organ_context_prior,organ_context_prior
scplantdb_DRP009643:DRX382001@@_GGGCCATCAGAGATTA-1,Arabidopsis thaliana,leaf,Mesophyll,Mesophyll,true,organ_context_prior,organ_context_prior
scplantdb_DRP009643:DRX382001@@_GGGCTCAAGCGCCTTG-1,Arabidopsis thaliana,leaf,Mesophyll,Mesophyll,true,organ_context_prior,organ_context_prior
scplantdb_DRP009643:DRX382001@@_GGGTATTAGCAGGGAG-1,Arabidopsis thaliana,leaf,Mesophyll,Mesophyll,true,organ_context_prior,organ_context_prior
scplantdb_DRP009643:DRX382001@@_GTAAGTCCAATAGTAG-1,Arabidopsis thaliana,leaf,Mesophyll,Mesophyll,true,organ_context_prior,organ_context_prior
scplantdb_DRP009643:DRX382001@@_GTAAGTCCAGACGATG-1,Arabidopsis thaliana,leaf,Mesophyll,Mesophyll,true,organ_context_prior,organ_context_prior
scplantdb_DRP009643:DRX382001@@_GTACAACCACAACATC-1,Arabidopsis thaliana,leaf,Mesophyll,Mesophyll,true,organ_context_prior,organ_context_prior
scplantdb_DRP009643:DRX382001@@_GTACAGTTCACTTGTT-1,Arabidopsis thaliana,leaf,Mesophyll,Mesophyll,true,organ_context_prior,organ_context_prior
scplantdb_DRP009643:DRX382001@@_GTATTGGGTCCACATA-1,Arabidopsis thaliana,leaf,Mesophyll,Mesophyll,true,organ_context_prior,organ_context_prior
scplantdb_DRP009643:DRX382001@@_GTCAAACAGTTTCGAC-1,Arabidopsis thaliana,leaf,Mesophyll,Mesophyll,true,organ_context_prior,organ_context_prior
scplantdb_DRP009643:DRX382001@@_GTCCTCATCGGAGCAA-1,Arabidopsis thaliana,leaf,Mesophyll,Mesophyll,true,organ_context_prior,organ_context_prior
scplantdb_DRP009643:DRX382001@@_GTCTCACCAGCATCTA-1,Arabidopsis thaliana,leaf,Mesophyll,Mesophyll,true,organ_context_prior,organ_context_prior
scplantdb_DRP009643:DRX382001@@_GTGAGGAAGGTGATCG-1,Arabidopsis thaliana,leaf,Mesophyll,Mesophyll,true,organ_context_prior,organ_context_prior
scplantdb_DRP009643:DRX382001@@_GTGAGTTCAAGTTCCA-1,Arabidopsis thaliana,leaf,Mesophyll,Mesophyll,true,organ_context_prior,organ_context_prior
scplantdb_DRP009643:DRX382001@@_GTGGGAATCCAAGCAT-1,Arabidopsis thaliana,leaf,Mesophyll,Mesophyll,true,organ_context_prior,organ_context_prior
scplantdb_DRP009643:DRX382001@@_GTGGTTAAGAAACTGT-1,Arabidopsis thaliana,leaf,Mesophyll,Mesophyll,true,organ_context_prior,organ_context_prior
scplantdb_DRP009643:DRX382001@@_GTGGTTATCTGAGGCC-1,Arabidopsis thaliana,leaf,Mesophyll,Mesophyll,true,organ_context_prior,organ_context_prior
scplantdb_DRP009643:DRX382001@@_GTGTGATCAAGAATAC-1,Arabidopsis thaliana,leaf,Mesophyll,Mesophyll,true,organ_context_prior,organ_context_prior
scplantdb_DRP009643:DRX382001@@_GTGTGATGTAGGATAT-1,Arabidopsis thaliana,leaf,Mesophyll,Mesophyll,true,organ_context_prior,organ_context_prior
scplantdb_DRP009643:DRX382001@@_GTTACAGGTCAACCTA-1,Arabidopsis thaliana,leaf,Vascular tissue,Mesophyll,true,organ_context_prior,organ_context_prior
scplantdb_DRP009643:DRX382001@@_GTTACAGGTGCAGGAT-1,Arabidopsis thaliana,leaf,Mesophyll,Mesophyll,true,organ_context_prior,organ_context_prior
scplantdb_DRP009643:DRX382001@@_GTTATGGAGAAGCCAC-1,Arabidopsis thaliana,leaf,Mesophyll,Mesophyll,true,organ_context_prior,organ_context_prior
scplantdb_DRP009643:DRX382001@@_GTTCTATAGTACGTCT-1,Arabidopsis thaliana,leaf,Mesophyll,Mesophyll,true,organ_context_prior,organ_context_prior
scplantdb_DRP009643:DRX382001@@_GTTGAACGTTTACGAC-1,Arabidopsis thaliana,leaf,Mesophyll,Mesophyll,true,organ_context_prior,organ_context_prior
scplantdb_DRP009643:DRX382001@@_GTTGTAGTCGACACCG-1,Arabidopsis thaliana,leaf,Mesophyll,Mesophyll,true,organ_context_prior,organ_context_prior
scplantdb_DRP009643:DRX382001@@_GTTGTCCGTTGCATGT-1,Arabidopsis thaliana,leaf,Mesophyll,Mesophyll,true,organ_context_prior,organ_context_prior
scplantdb_DRP009643:DRX382001@@_GTTTGGAGTCGAGTGA-1,Arabidopsis thaliana,leaf,Mesophyll,Mesophyll,true,organ_context_prior,organ_context_prior
scplantdb_DRP009643:DRX382001@@_TAACACGAGCTCCGAC-1,Arabidopsis thaliana,leaf,Mesophyll,Mesophyll,true,organ_context_prior,organ_context_prior
scplantdb_DRP009643:DRX382001@@_TAACCAGAGAGCCGAT-1,Arabidopsis thaliana,leaf,Mesophyll,Mesophyll,true,organ_context_prior,organ_context_prior
scplantdb_DRP009643:DRX382001@@_TAAGCGTTCTCTGCTG-1,Arabidopsis thaliana,leaf,Mesophyll,Mesophyll,true,organ_context_prior,organ_context_prior
scplantdb_DRP009643:DRX382001@@_TAATCTCCACTGGCGT-1,Arabidopsis thaliana,leaf,Mesophyll,Mesophyll,true,organ_context_prior,organ_context_prior
scplantdb_DRP009643:DRX382001@@_TAATTCCAGTGACACG-1,Arabidopsis thaliana,leaf,Mesophyll,Mesophyll,true,organ_context_prior,organ_context_prior
scplantdb_DRP009643:DRX382001@@_TAATTCCAGTTTGAGA-1,Arabidopsis thaliana,leaf,Mesophyll,Mesophyll,true,organ_context_prior,organ_context_prior
scplantdb_DRP009643:DRX382001@@_TAATTCCGTTGCCTAA-1,Arabidopsis thaliana,leaf,Mesophyll,Mesophyll,true,organ_context_prior,organ_context_prior
scplantdb_DRP009643:DRX382001@@_TACCCGTTCCGCACGA-1,Arabidopsis thaliana,leaf,Mesophyll,Mesophyll,true,organ_context_prior,organ_context_prior
scplantdb_DRP009643:DRX382001@@_TACCCGTTCTGGACCG-1,Arabidopsis thaliana,leaf,Mesophyll,Mesophyll,true,organ_context_prior,organ_context_prior
scplantdb_DRP009643:DRX382001@@_TACGGGCTCAATGCAC-1,Arabidopsis thaliana,leaf,Mesophyll,Mesophyll,true,organ_context_prior,organ_context_prior
scplantdb_DRP009643:DRX382001@@_TACGTCCAGCATGCAG-1,Arabidopsis thaliana,leaf,Mesophyll,Mesophyll,true,organ_context_prior,organ_context_prior
scplantdb_DRP009643:DRX382001@@_TAGACCATCGGCTCTT-1,Arabidopsis thaliana,leaf,Mesophyll,Mesophyll,true,organ_context_prior,organ_context_prior
scplantdb_DRP009643:DRX382001@@_TAGGGTTTCTTCTGGC-1,Arabidopsis thaliana,leaf,Mesophyll,Mesophyll,true,organ_context_prior,organ_context_prior
scplantdb_DRP009643:DRX382001@@_TAGGTACTCCGCGATG-1,Arabidopsis thaliana,leaf,Vascular tissue,Mesophyll,true,organ_context_prior,organ_context_prior
scplantdb_DRP009643:DRX382001@@_TATATCCGTCGTGGTC-1,Arabidopsis thaliana,leaf,Mesophyll,Mesophyll,true,organ_context_prior,organ_context_prior
scplantdb_DRP009643:DRX382001@@_TATCGCCTCGAAGCCC-1,Arabidopsis thaliana,leaf,Vascular tissue,Mesophyll,true,organ_context_prior,organ_context_prior
scplantdb_DRP009643:DRX382001@@_TATCTGTGTCGTTTCC-1,Arabidopsis thaliana,leaf,Mesophyll,Mesophyll,true,organ_context_prior,organ_context_prior
scplantdb_DRP009643:DRX382001@@_TATTCCACAGCCGTTG-1,Arabidopsis thaliana,leaf,Mesophyll,Mesophyll,true,organ_context_prior,organ_context_prior
scplantdb_DRP009643:DRX382001@@_TATTCCATCGGCTATA-1,Arabidopsis thaliana,leaf,Mesophyll,Mesophyll,true,organ_context_prior,organ_context_prior
scplantdb_DRP009643:DRX382001@@_TATTGGGCACCAAATC-1,Arabidopsis thaliana,leaf,Mesophyll,Mesophyll,true,organ_context_prior,organ_context_prior
scplantdb_DRP009643:DRX382001@@_TATTGGGCAGTAGGAC-1,Arabidopsis thaliana,leaf,Mesophyll,Mesophyll,true,organ_context_prior,organ_context_prior
scplantdb_DRP009643:DRX382001@@_TATTTCGAGTACAACA-1,Arabidopsis thaliana,leaf,Mesophyll,Mesophyll,true,organ_context_prior,organ_context_prior
scplantdb_DRP009643:DRX382001@@_TCACACCGTGTTTGCA-1,Arabidopsis thaliana,leaf,Mesophyll,Mesophyll,true,organ_context_prior,organ_context_prior
scplantdb_DRP009643:DRX382001@@_TCACGGGAGACATATG-1,Arabidopsis thaliana,leaf,Mesophyll,Mesophyll,true,organ_context_prior,organ_context_prior
scplantdb_DRP009643:DRX382001@@_TCACGGGGTGTTTACG-1,Arabidopsis thaliana,leaf,Mesophyll,Mesophyll,true,organ_context_prior,organ_context_prior
scplantdb_DRP009643:DRX382001@@_TCAGCAATCTACTGCC-1,Arabidopsis thaliana,leaf,Mesophyll,Mesophyll,true,organ_context_prior,organ_context_prior
scplantdb_DRP009643:DRX382001@@_TCAGTTTAGGCGTTAG-1,Arabidopsis thaliana,leaf,Vascular tissue,Mesophyll,true,organ_context_prior,organ_context_prior
scplantdb_DRP009643:DRX382001@@_TCATACTTCCAAGCAT-1,Arabidopsis thaliana,leaf,Mesophyll,Mesophyll,true,organ_context_prior,organ_context_prior
scplantdb_DRP009643:DRX382001@@_TCATTACCAATACGAA-1,Arabidopsis thaliana,leaf,Mesophyll,Mesophyll,true,organ_context_prior,organ_context_prior
scplantdb_DRP009643:DRX382001@@_TCCAGAATCGTCCTTG-1,Arabidopsis thaliana,leaf,Mesophyll,Mesophyll,true,organ_context_prior,organ_context_prior
scplantdb_DRP009643:DRX382001@@_TCCCACATCCAATGCA-1,Arabidopsis thaliana,leaf,Mesophyll,Mesophyll,true,organ_context_prior,organ_context_prior
scplantdb_DRP009643:DRX382001@@_TCCCACATCTACTATC-1,Arabidopsis thaliana,leaf,Mesophyll,Mesophyll,true,organ_context_prior,organ_context_prior
scplantdb_DRP009643:DRX382001@@_TCCCAGTGTAATGATG-1,Arabidopsis thaliana,leaf,Mesophyll,Mesophyll,true,organ_context_prior,organ_context_prior
scplantdb_DRP009643:DRX382001@@_TCCTCTTTCTGGGCAC-1,Arabidopsis thaliana,leaf,Sieve element,Mesophyll,false,organ_context_prior,organ_context_prior
scplantdb_DRP009643:DRX382001@@_TCGACCTTCCGCACGA-1,Arabidopsis thaliana,leaf,Mesophyll,Mesophyll,true,organ_context_prior,organ_context_prior
scplantdb_DRP009643:DRX382001@@_TCGCACTGTTACCCTC-1,Arabidopsis thaliana,leaf,Mesophyll,Mesophyll,true,organ_context_prior,organ_context_prior
scplantdb_DRP009643:DRX382001@@_TCTAACTAGTAGGCCA-1,Arabidopsis thaliana,leaf,Mesophyll,Mesophyll,true,organ_context_prior,organ_context_prior
scplantdb_DRP009643:DRX382001@@_TCTATACCAGTTGCGC-1,Arabidopsis thaliana,leaf,Mesophyll,Mesophyll,true,organ_context_prior,organ_context_prior
scplantdb_DRP009643:DRX382001@@_TCTCACGCAGCATCTA-1,Arabidopsis thaliana,leaf,Mesophyll,Mesophyll,true,organ_context_prior,organ_context_prior
scplantdb_DRP009643:DRX382001@@_TGACTCCAGCAATAGT-1,Arabidopsis thaliana,leaf,Mesophyll,Mesophyll,true,organ_context_prior,organ_context_prior
scplantdb_DRP009643:DRX382001@@_TGAGGGAAGGGATGTC-1,Arabidopsis thaliana,leaf,Mesophyll,Mesophyll,true,organ_context_prior,organ_context_prior
scplantdb_DRP009643:DRX382001@@_TGATGCAAGGAAGTCC-1,Arabidopsis thaliana,leaf,Mesophyll,Mesophyll,true,organ_context_prior,organ_context_prior
scplantdb_DRP009643:DRX382001@@_TGATGCACAATACCTG-1,Arabidopsis thaliana,leaf,Mesophyll,Mesophyll,true,organ_context_prior,organ_context_prior
scplantdb_DRP009643:DRX382001@@_TGATGGTTCTAAGCGT-1,Arabidopsis thaliana,leaf,Vascular tissue,Mesophyll,true,organ_context_prior,organ_context_prior
scplantdb_DRP009643:DRX382001@@_TGCACGGAGTGCCCGT-1,Arabidopsis thaliana,leaf,Mesophyll,Mesophyll,true,organ_context_prior,organ_context_prior
scplantdb_DRP009643:DRX382001@@_TGCACGGTCTTCGTGC-1,Arabidopsis thaliana,leaf,Mesophyll,Mesophyll,true,organ_context_prior,organ_context_prior
scplantdb_DRP009643:DRX382001@@_TGCAGTACACTTTATC-1,Arabidopsis thaliana,leaf,Mesophyll,Mesophyll,true,organ_context_prior,organ_context_prior
scplantdb_DRP009643:DRX382001@@_TGCGACGAGATAGTGT-1,Arabidopsis thaliana,leaf,Vascular tissue,Mesophyll,true,organ_context_prior,organ_context_prior
scplantdb_DRP009643:DRX382001@@_TGGAACTCAAAGAACT-1,Arabidopsis thaliana,leaf,Mesophyll,Mesophyll,true,organ_context_prior,organ_context_prior
scplantdb_DRP009643:DRX382001@@_TGGAGGAGTTTGGAGG-1,Arabidopsis thaliana,leaf,Mesophyll,Mesophyll,true,organ_context_prior,organ_context_prior
scplantdb_DRP009643:DRX382001@@_TGGATCAAGAAGGCTC-1,Arabidopsis thaliana,leaf,Vascular tissue,Mesophyll,true,organ_context_prior,organ_context_prior
scplantdb_DRP009643:DRX382001@@_TGGGAGAGTAGCTTGT-1,Arabidopsis thaliana,leaf,Mesophyll,Mesophyll,true,organ_context_prior,organ_context_prior
scplantdb_DRP009643:DRX382001@@_TGGGAGATCTTTCAGT-1,Arabidopsis thaliana,leaf,Mesophyll,Mesophyll,true,organ_context_prior,organ_context_prior
scplantdb_DRP009643:DRX382001@@_TGGTTAGTCTGTAAGC-1,Arabidopsis thaliana,leaf,Mesophyll,Mesophyll,true,organ_context_prior,organ_context_prior
scplantdb_DRP009643:DRX382001@@_TGTCCTGCATTGAAGA-1,Arabidopsis thaliana,leaf,Mesophyll,Mesophyll,true,organ_context_prior,organ_context_prior
scplantdb_DRP009643:DRX382001@@_TGTGAGTAGCTGTGCC-1,Arabidopsis thaliana,leaf,Mesophyll,Mesophyll,true,organ_context_prior,organ_context_prior
scplantdb_DRP009643:DRX382001@@_TGTGATGTCATGCCGG-1,Arabidopsis thaliana,leaf,Leaf guard cell,Mesophyll,true,organ_context_prior,organ_context_prior
scplantdb_DRP009643:DRX382001@@_TGTTTGTTCTACGGGC-1,Arabidopsis thaliana,leaf,Mesophyll,Mesophyll,true,organ_context_prior,organ_context_prior
scplantdb_DRP009643:DRX382001@@_TTACGCCTCCCATAAG-1,Arabidopsis thaliana,leaf,Mesophyll,Mesophyll,true,organ_context_prior,organ_context_prior
scplantdb_DRP009643:DRX382001@@_TTACGTTTCATCGACA-1,Arabidopsis thaliana,leaf,Mesophyll,Mesophyll,true,organ_context_prior,organ_context_prior
scplantdb_DRP009643:DRX382001@@_TTAGGCATCGTTACCC-1,Arabidopsis thaliana,leaf,Mesophyll,Mesophyll,true,organ_context_prior,organ_context_prior
scplantdb_DRP009643:DRX382001@@_TTAGTCTAGCCACTCG-1,Arabidopsis thaliana,leaf,Mesophyll,Mesophyll,true,organ_context_prior,organ_context_prior
scplantdb_DRP009643:DRX382001@@_TTCATTGCAGGTCTCG-1,Arabidopsis thaliana,leaf,Mesophyll,Mesophyll,true,organ_context_prior,organ_context_prior
scplantdb_DRP009643:DRX382001@@_TTCCTAAAGCAACCAG-1,Arabidopsis thaliana,leaf,Mesophyll,Mesophyll,true,organ_context_prior,organ_context_prior
scplantdb_DRP009643:DRX382001@@_TTCCTTCCAGCCTTCT-1,Arabidopsis thaliana,leaf,Mesophyll,Mesophyll,true,organ_context_prior,organ_context_prior
scplantdb_DRP009643:DRX382001@@_TTCTAGTGTCCTGGGT-1,Arabidopsis thaliana,leaf,Mesophyll,Mesophyll,true,organ_context_prior,organ_context_prior
scplantdb_DRP009643:DRX382001@@_TTCTAGTTCTTTCAGT-1,Arabidopsis thaliana,leaf,Mesophyll,Mesophyll,true,organ_context_prior,organ_context_prior
scplantdb_DRP009643:DRX382001@@_TTCTGTATCTGCTCTG-1,Arabidopsis thaliana,leaf,Mesophyll,Mesophyll,true,organ_context_prior,organ_context_prior
scplantdb_DRP009643:DRX382001@@_TTCTTGATCATTTCGT-1,Arabidopsis thaliana,leaf,Mesophyll,Mesophyll,true,organ_context_prior,organ_context_prior
scplantdb_DRP009643:DRX382001@@_TTGCATTGTACCGGCT-1,Arabidopsis thaliana,leaf,Mesophyll,Mesophyll,true,organ_context_prior,organ_context_prior
scplantdb_DRP009643:DRX382001@@_TTGCATTGTCATCCGG-1,Arabidopsis thaliana,leaf,Mesophyll,Mesophyll,true,organ_context_prior,organ_context_prior
scplantdb_DRP009643:DRX382001@@_TTGCGTCTCGAACTCA-1,Arabidopsis thaliana,leaf,Mesophyll,Mesophyll,true,organ_context_prior,organ_context_prior
scplantdb_DRP009643:DRX382001@@_TTGCTGCAGGAGAATG-1,Arabidopsis thaliana,leaf,Mesophyll,Mesophyll,true,organ_context_prior,organ_context_prior
scplantdb_DRP009643:DRX382001@@_TTTAGTCTCTGCGATA-1,Arabidopsis thaliana,leaf,Mesophyll,Mesophyll,true,organ_context_prior,organ_context_prior
scplantdb_DRP009643:DRX382001@@_TTTCACAGTCTTAGTG-1,Arabidopsis thaliana,leaf,Mesophyll,Mesophyll,true,organ_context_prior,organ_context_prior
scplantdb_DRP009643:DRX382001@@_TTTCACATCTGTTCAT-1,Arabidopsis thaliana,leaf,Vascular tissue,Mesophyll,true,organ_context_prior,organ_context_prior
scplantdb_DRP009643:DRX382001@@_TTTCCTCAGGCACTCC-1,Arabidopsis thaliana,leaf,Mesophyll,Mesophyll,true,organ_context_prior,organ_context_prior
scplantdb_DRP009643:DRX382001@@_TTTGGAGGTTGTGCAT-1,Arabidopsis thaliana,leaf,Mesophyll,Mesophyll,true,organ_context_prior,organ_context_prior
scplantdb_SRP148288:SRX4098368@@_TAACCCGCGCTA,Arabidopsis thaliana,root,Root cortex,Mesophyll,false,organ_context_prior,organ_context_prior
scplantdb_SRP148288:SRX4098368@@_TGATTGATCTCC,Arabidopsis thaliana,root,Phloem,Mesophyll,true,organ_context_prior,organ_context_prior
scplantdb_SRP148288:SRX4098368@@_ACGCGCACGATC,Arabidopsis thaliana,root,Phloem,Mesophyll,true,organ_context_prior,organ_context_prior
scplantdb_SRP148288:SRX4098368@@_TGAGTTTAGCTA,Arabidopsis thaliana,root,Root cortex,Mesophyll,false,organ_context_prior,organ_context_prior
scplantdb_SRP148288:SRX4098368@@_CTTACTATCCGT,Arabidopsis thaliana,root,Non-hair,Mesophyll,false,organ_context_prior,organ_context_prior
scplantdb_SRP148288:SRX4098368@@_TCGGTTTTTCCG,Arabidopsis thaliana,root,Non-hair,Mesophyll,false,organ_context_prior,organ_context_prior
scplantdb_SRP148288:SRX4098368@@_ACAGTGGCTCGG,Arabidopsis thaliana,root,Root cap,Mesophyll,false,organ_context_prior,organ_context_prior
scplantdb_SRP148288:SRX4098368@@_TCTTGGCCGAGA,Arabidopsis thaliana,root,Root endodermis,Mesophyll,false,organ_context_prior,organ_context_prior
scplantdb_SRP148288:SRX4098368@@_TTGTTGTCATAT,Arabidopsis thaliana,root,Root cortex,Mesophyll,false,organ_context_prior,organ_context_prior
scplantdb_SRP148288:SRX4098368@@_GAGTCTGACTCC,Arabidopsis thaliana,root,Lateral root cap,Mesophyll,false,organ_context_prior,organ_context_prior
scplantdb_SRP148288:SRX4098368@@_TCTGGTGGCGTC,Arabidopsis thaliana,root,Lateral root cap,Mesophyll,false,organ_context_prior,organ_context_prior
scplantdb_SRP148288:SRX4098369@@_GATCTAGCGAGG,Arabidopsis thaliana,root,G2/M phase,Mesophyll,false,organ_context_prior,organ_context_prior
scplantdb_SRP148288:SRX4098369@@_TTTGTGCTTAAT,Arabidopsis thaliana,root,Root cortex,Mesophyll,false,organ_context_prior,organ_context_prior
scplantdb_SRP148288:SRX4098369@@_AGCTCGACCTTT,Arabidopsis thaliana,root,Root cap,Mesophyll,false,organ_context_prior,organ_context_prior
scplantdb_SRP148288:SRX4098369@@_GTTTTCTCGATA,Arabidopsis thaliana,root,Root cortex,Mesophyll,false,organ_context_prior,organ_context_prior
scplantdb_SRP148288:SRX4098369@@_ACGAAGTTCATA,Arabidopsis thaliana,root,S phase,Mesophyll,false,organ_context_prior,organ_context_prior
scplantdb_SRP148288:SRX4098369@@_GGCCGTTTCAGA,Arabidopsis thaliana,root,Root cortex,Mesophyll,false,organ_context_prior,organ_context_prior
scplantdb_SRP148288:SRX4098369@@_CATCAACGGTCC,Arabidopsis thaliana,root,S phase,Mesophyll,false,organ_context_prior,organ_context_prior
scplantdb_SRP148288:SRX4098369@@_GCCTGGAAGGAG,Arabidopsis thaliana,root,S phase,Mesophyll,false,organ_context_prior,organ_context_prior
scplantdb_SRP148288:SRX4098369@@_CAGAGGGTACAA,Arabidopsis thaliana,root,S phase,Mesophyll,false,organ_context_prior,organ_context_prior
scplantdb_SRP148288:SRX4098369@@_TTGTGCGAGCCG,Arabidopsis thaliana,root,Root cap,Mesophyll,false,organ_context_prior,organ_context_prior
scplantdb_SRP148288:SRX4098369@@_CACTAGGCCTCC,Arabidopsis thaliana,root,Root cortex,Mesophyll,false,organ_context_prior,organ_context_prior
scplantdb_SRP148288:SRX4098369@@_CGATCAACAGCC,Arabidopsis thaliana,root,Root cortex,Mesophyll,false,organ_context_prior,organ_context_prior
scplantdb_SRP148288:SRX4098369@@_ATTTGGAGACGC,Arabidopsis thaliana,root,Root cortex,Mesophyll,false,organ_context_prior,organ_context_prior
scplantdb_SRP148288:SRX4098369@@_CCATTAGGCTGA,Arabidopsis thaliana,root,Root cortex,Mesophyll,false,organ_context_prior,organ_context_prior
scplantdb_SRP148288:SRX4098369@@_GTGCTGTCGTTG,Arabidopsis thaliana,root,Root cap,Mesophyll,false,organ_context_prior,organ_context_prior
scplantdb_SRP148288:SRX4098369@@_CCCCGGTAGCTA,Arabidopsis thaliana,root,Root cortex,Mesophyll,false,organ_context_prior,organ_context_prior
scplantdb_SRP148288:SRX4098369@@_TTTGTTAAATCG,Arabidopsis thaliana,root,Phloem,Mesophyll,true,organ_context_prior,organ_context_prior
scplantdb_SRP148288:SRX4098369@@_TTCACTCGCATA,Arabidopsis thaliana,root,Root cortex,Mesophyll,false,organ_context_prior,organ_context_prior
scplantdb_SRP148288:SRX4098369@@_CCCAGAACTGGT,Arabidopsis thaliana,root,Root cortex,Mesophyll,false,organ_context_prior,organ_context_prior
scplantdb_SRP148288:SRX4098369@@_AGCTTATGCGTT,Arabidopsis thaliana,root,Root cap,Mesophyll,false,organ_context_prior,organ_context_prior
scplantdb_SRP148288:SRX4098369@@_GGTCATGGTCGC,Arabidopsis thaliana,root,Root cortex,Mesophyll,false,organ_context_prior,organ_context_prior
scplantdb_SRP148288:SRX4098369@@_AATTTCGTCGCC,Arabidopsis thaliana,root,G2/M phase,Mesophyll,false,organ_context_prior,organ_context_prior
scplantdb_SRP148288:SRX4098369@@_AGTTTGACCATA,Arabidopsis thaliana,root,G2/M phase,Mesophyll,false,organ_context_prior,organ_context_prior
scplantdb_SRP148288:SRX4098369@@_GGCTGGGCCTTA,Arabidopsis thaliana,root,Root cortex,Mesophyll,false,organ_context_prior,organ_context_prior
scplantdb_SRP148288:SRX4098369@@_TTCTCTACCACC,Arabidopsis thaliana,root,Root hair,Mesophyll,false,organ_context_prior,organ_context_prior
scplantdb_SRP148288:SRX4098369@@_CGACTGTTCCAG,Arabidopsis thaliana,root,Root cap,Mesophyll,false,organ_context_prior,organ_context_prior
scplantdb_SRP148288:SRX4098369@@_CAAAGCGACCCG,Arabidopsis thaliana,root,Root hair,Mesophyll,false,organ_context_prior,organ_context_prior
scplantdb_SRP148288:SRX4098369@@_GGCGCGAAGCCA,Arabidopsis thaliana,root,Root cortex,Mesophyll,false,organ_context_prior,organ_context_prior
scplantdb_SRP148288:SRX4098369@@_TTGATGGTTATG,Arabidopsis thaliana,root,Root cortex,Mesophyll,false,organ_context_prior,organ_context_prior
scplantdb_SRP148288:SRX4098369@@_ATCTAAGATGGG,Arabidopsis thaliana,root,Xylem,Mesophyll,true,organ_context_prior,organ_context_prior
scplantdb_SRP148288:SRX4098370@@_CCGGCTCTCCTG,Arabidopsis thaliana,root,G2/M phase,Mesophyll,false,organ_context_prior,organ_context_prior
scplantdb_SRP148288:SRX4098370@@_TTATTCTCTGGT,Arabidopsis thaliana,root,Lateral root cap,Mesophyll,false,organ_context_prior,organ_context_prior
scplantdb_SRP148288:SRX4098370@@_TAGCCTTCAAAG,Arabidopsis thaliana,root,S phase,Mesophyll,false,organ_context_prior,organ_context_prior
scplantdb_SRP148288:SRX4098370@@_CGCGCGGAACTG,Arabidopsis thaliana,root,Columella root cap,Mesophyll,false,organ_context_prior,organ_context_prior
scplantdb_SRP148288:SRX4098370@@_GCCGCTGCACAG,Arabidopsis thaliana,root,Root cortex,Mesophyll,false,organ_context_prior,organ_context_prior
scplantdb_SRP148288:SRX4098370@@_CAGATAAACAGG,Arabidopsis thaliana,root,G2/M phase,Mesophyll,false,organ_context_prior,organ_context_prior
scplantdb_SRP148288:SRX4098370@@_GGGACTCTTGTG,Arabidopsis thaliana,root,Non-hair,Mesophyll,false,organ_context_prior,organ_context_prior
scplantdb_SRP148288:SRX4098370@@_ATCCTATCCTCC,Arabidopsis thaliana,root,Root cortex,Mesophyll,false,organ_context_prior,organ_context_prior
scplantdb_SRP148288:SRX4098370@@_AGATTATAGTTA,Arabidopsis thaliana,root,Root cortex,Mesophyll,false,organ_context_prior,organ_context_prior
scplantdb_SRP148288:SRX4098370@@_CCCCACAACCTC,Arabidopsis thaliana,root,Root cap,Mesophyll,false,organ_context_prior,organ_context_prior
scplantdb_SRP148288:SRX4098370@@_GCCGCTACCCGA,Arabidopsis thaliana,root,S phase,Mesophyll,false,organ_context_prior,organ_context_prior
scplantdb_SRP148288:SRX4098370@@_AGCTTGCTGCAC,Arabidopsis thaliana,root,Root cortex,Mesophyll,false,organ_context_prior,organ_context_prior
scplantdb_SRP148288:SRX4098370@@_AGCTTGCTGCCG,Arabidopsis thaliana,root,Root cortex,Mesophyll,false,organ_context_prior,organ_context_prior
scplantdb_SRP148288:SRX4098370@@_CAAAGGAATCCT,Arabidopsis thaliana,root,Root cortex,Mesophyll,false,organ_context_prior,organ_context_prior
scplantdb_SRP148288:SRX4098370@@_TCAACTGTACAA,Arabidopsis thaliana,root,G2/M phase,Mesophyll,false,organ_context_prior,organ_context_prior
scplantdb_SRP148288:SRX4098370@@_CCTTTTGCCTGC,Arabidopsis thaliana,root,Root cortex,Mesophyll,false,organ_context_prior,organ_context_prior
scplantdb_SRP148288:SRX4098370@@_TCGGCCAACGCC,Arabidopsis thaliana,root,Root cortex,Mesophyll,false,organ_context_prior,organ_context_prior
scplantdb_SRP148288:SRX4098370@@_AAATGCTATAAC,Arabidopsis thaliana,root,Root cortex,Mesophyll,false,organ_context_prior,organ_context_prior
scplantdb_SRP148288:SRX4098370@@_GTGACAGAGAGC,Arabidopsis thaliana,root,G2/M phase,Mesophyll,false,organ_context_prior,organ_context_prior
scplantdb_SRP148288:SRX4098370@@_GAAGCGCATGTA,Arabidopsis thaliana,root,Root cap,Mesophyll,false,organ_context_prior,organ_context_prior
scplantdb_SRP148288:SRX4098370@@_ATATCATCTTGC,Arabidopsis thaliana,root,Root cortex,Mesophyll,false,organ_context_prior,organ_context_prior
scplantdb_SRP148288:SRX4098370@@_TATACAAAACAC,Arabidopsis thaliana,root,Root cap,Mesophyll,false,organ_context_prior,organ_context_prior
scplantdb_SRP148288:SRX4098370@@_GATACACCCGGG,Arabidopsis thaliana,root,G2/M phase,Mesophyll,false,organ_context_prior,organ_context_prior
scplantdb_SRP148288:SRX4098370@@_ATTTTGTCGCTG,Arabidopsis thaliana,root,G2/M phase,Mesophyll,false,organ_context_prior,organ_context_prior
scplantdb_SRP148288:SRX4098370@@_CGATAAAGCAAT,Arabidopsis thaliana,root,Columella root cap,Mesophyll,false,organ_context_prior,organ_context_prior
scplantdb_SRP148288:SRX4098370@@_CATTGCCACAGC,Arabidopsis thaliana,root,S phase,Mesophyll,false,organ_context_prior,organ_context_prior
scplantdb_SRP148288:SRX4098370@@_AAAGCCCGGCAC,Arabidopsis thaliana,root,Root cortex,Mesophyll,false,organ_context_prior,organ_context_prior
scplantdb_SRP148288:SRX4098370@@_GAATAGCCCTGG,Arabidopsis thaliana,root,Lateral root cap,Mesophyll,false,organ_context_prior,organ_context_prior
scplantdb_SRP148288:SRX4098370@@_CGCCCCAAAGCT,Arabidopsis thaliana,root,Root hair,Mesophyll,false,organ_context_prior,organ_context_prior
scplantdb_SRP148288:SRX4098370@@_AAAGCTCTGCCC,Arabidopsis thaliana,root,Root cortex,Mesophyll,false,organ_context_prior,organ_context_prior
scplantdb_SRP148288:SRX4098370@@_GTCAGTGCCCTC,Arabidopsis thaliana,root,G2/M phase,Mesophyll,false,organ_context_prior,organ_context_prior
scplantdb_SRP148288:SRX4098370@@_TTGCTCTGGGCA,Arabidopsis thaliana,root,G2/M phase,Mesophyll,false,organ_context_prior,organ_context_prior
scplantdb_SRP148288:SRX4098370@@_GTATGATATGAC,Arabidopsis thaliana,root,Root cortex,Mesophyll,false,organ_context_prior,organ_context_prior
scplantdb_SRP148288:SRX4098370@@_GTATGATATGAA,Arabidopsis thaliana,root,Root cortex,Mesophyll,false,organ_context_prior,organ_context_prior
scplantdb_SRP148288:SRX4098370@@_GCGCGGGTTTCT,Arabidopsis thaliana,root,Root cap,Mesophyll,false,organ_context_prior,organ_context_prior
scplantdb_SRP148288:SRX4098370@@_CTCCCTGCTTCT,Arabidopsis thaliana,root,Root cortex,Mesophyll,false,organ_context_prior,organ_context_prior
scplantdb_SRP148288:SRX4098370@@_CCATGGGATAGC,Arabidopsis thaliana,root,Root cortex,Mesophyll,false,organ_context_prior,organ_context_prior
scplantdb_SRP148288:SRX4098370@@_ACGGATTGCCGT,Arabidopsis thaliana,root,Root cap,Mesophyll,false,organ_context_prior,organ_context_prior
scplantdb_SRP148288:SRX4098370@@_CAAATTGATCGT,Arabidopsis thaliana,root,S phase,Mesophyll,false,organ_context_prior,organ_context_prior
scplantdb_SRP148288:SRX4098370@@_ATAGCCAGAATT,Arabidopsis thaliana,root,Root cortex,Mesophyll,false,organ_context_prior,organ_context_prior
scplantdb_SRP148288:SRX4098370@@_GATTGTCAAGCG,Arabidopsis thaliana,root,S phase,Mesophyll,false,organ_context_prior,organ_context_prior
scplantdb_SRP148288:SRX4098370@@_CCACACTTCGCG,Arabidopsis thaliana,root,Lateral root cap,Mesophyll,false,organ_context_prior,organ_context_prior
scplantdb_SRP148288:SRX4098370@@_CTTTCAATTTTG,Arabidopsis thaliana,root,G2/M phase,Mesophyll,false,organ_context_prior,organ_context_prior
scplantdb_SRP148288:SRX4098370@@_AAGGAGTGGGAC,Arabidopsis thaliana,root,G2/M phase,Mesophyll,false,organ_context_prior,organ_context_prior
scplantdb_SRP148288:SRX4098370@@_AAAACCTACGAC,Arabidopsis thaliana,root,Root cap,Mesophyll,false,organ_context_prior,organ_context_prior
scplantdb_SRP148288:SRX4098370@@_ATCGTTCCGGTC,Arabidopsis thaliana,root,Root cortex,Mesophyll,false,organ_context_prior,organ_context_prior
scplantdb_SRP148288:SRX4098370@@_TAGGAATTGTGA,Arabidopsis thaliana,root,Root cortex,Mesophyll,false,organ_context_prior,organ_context_prior
scplantdb_SRP148288:SRX4098370@@_TGCTCTCATTTG,Arabidopsis thaliana,root,Root cortex,Mesophyll,false,organ_context_prior,organ_context_prior
scplantdb_SRP148288:SRX4098370@@_GGGCTATGACGC,Arabidopsis thaliana,root,Root cortex,Mesophyll,false,organ_context_prior,organ_context_prior
scplantdb_SRP148288:SRX4098370@@_GGCCAAACATCT,Arabidopsis thaliana,root,Non-hair,Mesophyll,false,organ_context_prior,organ_context_prior
scplantdb_SRP148288:SRX4098370@@_AGGGCAATGATG,Arabidopsis thaliana,root,Root cortex,Mesophyll,false,organ_context_prior,organ_context_prior
scplantdb_SRP148288:SRX4098370@@_CTTGATAAACCC,Arabidopsis thaliana,root,Root cap,Mesophyll,false,organ_context_prior,organ_context_prior
scplantdb_SRP148288:SRX4098370@@_TCGGACCAAATA,Arabidopsis thaliana,root,Root cortex,Mesophyll,false,organ_context_prior,organ_context_prior
scplantdb_SRP148288:SRX4098370@@_ATTACCCGTAGC,Arabidopsis thaliana,root,Root cortex,Mesophyll,false,organ_context_prior,organ_context_prior
scplantdb_SRP148288:SRX4098370@@_CTGACATAAGCG,Arabidopsis thaliana,root,Root cap,Mesophyll,false,organ_context_prior,organ_context_prior
scplantdb_SRP148288:SRX4098370@@_TATGTCAAGTCC,Arabidopsis thaliana,root,Root cortex,Mesophyll,false,organ_context_prior,organ_context_prior
scplantdb_SRP148288:SRX4098370@@_AAAGGCAGCATG,Arabidopsis thaliana,root,Columella root cap,Mesophyll,false,organ_context_prior,organ_context_prior
scplantdb_SRP148288:SRX4098370@@_GCGACCTCCCGG,Arabidopsis thaliana,root,G2/M phase,Mesophyll,false,organ_context_prior,organ_context_prior
scplantdb_SRP148288:SRX4098370@@_CCGAGAGCCCCA,Arabidopsis thaliana,root,Root cortex,Mesophyll,false,organ_context_prior,organ_context_prior
scplantdb_SRP148288:SRX4098370@@_CTGCAGCCAGTT,Arabidopsis thaliana,root,S phase,Mesophyll,false,organ_context_prior,organ_context_prior
scplantdb_SRP148288:SRX4098370@@_CCCCAAAACGAC,Arabidopsis thaliana,root,Root cap,Mesophyll,false,organ_context_prior,organ_context_prior
scplantdb_SRP148288:SRX4098370@@_AAGACTCTGGGC,Arabidopsis thaliana,root,G2/M phase,Mesophyll,false,organ_context_prior,organ_context_prior
scplantdb_SRP148288:SRX4098370@@_GCCTATGCATAT,Arabidopsis thaliana,root,Root cap,Mesophyll,false,organ_context_prior,organ_context_prior
scplantdb_SRP148288:SRX4098370@@_TACCAATTTTTC,Arabidopsis thaliana,root,Root cortex,Mesophyll,false,organ_context_prior,organ_context_prior
scplantdb_SRP148288:SRX4098370@@_GGGCTCTGCCGC,Arabidopsis thaliana,root,Root cortex,Mesophyll,false,organ_context_prior,organ_context_prior
scplantdb_SRP148288:SRX4098370@@_ATGCCTCTGGGC,Arabidopsis thaliana,root,G2/M phase,Mesophyll,false,organ_context_prior,organ_context_prior
scplantdb_SRP148288:SRX4098370@@_TTGACCACCGTG,Arabidopsis thaliana,root,Root cap,Mesophyll,false,organ_context_prior,organ_context_prior
scplantdb_SRP148288:SRX4098371@@_ATTAAGACCGCC,Arabidopsis thaliana,root,G2/M phase,Mesophyll,false,organ_context_prior,organ_context_prior
scplantdb_SRP148288:SRX4098371@@_AGCCTTCACAAT,Arabidopsis thaliana,root,G2/M phase,Mesophyll,false,organ_context_prior,organ_context_prior
scplantdb_SRP148288:SRX4098371@@_CTTATTGGCAAC,Arabidopsis thaliana,root,Root hair,Mesophyll,false,organ_context_prior,organ_context_prior
scplantdb_SRP148288:SRX4098371@@_GCCTGACCTTCC,Arabidopsis thaliana,root,Root cortex,Mesophyll,false,organ_context_prior,organ_context_prior
scplantdb_SRP148288:SRX4098371@@_TTCATGTTCTCA,Arabidopsis thaliana,root,Root hair,Mesophyll,false,organ_context_prior,organ_context_prior
scplantdb_SRP148288:SRX4098371@@_TTTGTTATCTCC,Arabidopsis thaliana,root,G2/M phase,Mesophyll,false,organ_context_prior,organ_context_prior
scplantdb_SRP148288:SRX4098371@@_ACCGACCCTTGG,Arabidopsis thaliana,root,Root cap,Mesophyll,false,organ_context_prior,organ_context_prior
scplantdb_SRP148288:SRX4098371@@_ATTTGAATCAAT,Arabidopsis thaliana,root,G2/M phase,Mesophyll,false,organ_context_prior,organ_context_prior
scplantdb_SRP148288:SRX4098371@@_GCGCATGTCATA,Arabidopsis thaliana,root,S phase,Mesophyll,false,organ_context_prior,organ_context_prior
scplantdb_SRP148288:SRX4098371@@_AAGGAGAGTGTA,Arabidopsis thaliana,root,G2/M phase,Mesophyll,false,organ_context_prior,organ_context_prior
scplantdb_SRP148288:SRX4098371@@_CGATTAATACAA,Arabidopsis thaliana,root,Lateral root cap,Mesophyll,false,organ_context_prior,organ_context_prior
scplantdb_SRP148288:SRX4098371@@_AATTGTGGCCTA,Arabidopsis thaliana,root,G2/M phase,Mesophyll,false,organ_context_prior,organ_context_prior
scplantdb_SRP148288:SRX4098371@@_GAGCAGCCCGAA,Arabidopsis thaliana,root,Root cortex,Mesophyll,false,organ_context_prior,organ_context_prior
scplantdb_SRP148288:SRX4098371@@_TACATGTTGTCA,Arabidopsis thaliana,root,Root hair,Mesophyll,false,organ_context_prior,organ_context_prior
scplantdb_SRP148288:SRX4098371@@_TGCCGCACGAAT,Arabidopsis thaliana,root,G2/M phase,Mesophyll,false,organ_context_prior,organ_context_prior
scplantdb_SRP148288:SRX4098371@@_ACTCTAGACAAA,Arabidopsis thaliana,root,G2/M phase,Mesophyll,false,organ_context_prior,organ_context_prior
scplantdb_SRP148288:SRX4098371@@_TGATTTTAGGCA,Arabidopsis thaliana,root,G2/M phase,Mesophyll,false,organ_context_prior,organ_context_prior
scplantdb_SRP148288:SRX4098371@@_TTGAATCCATGT,Arabidopsis thaliana,root,Lateral root cap,Mesophyll,false,organ_context_prior,organ_context_prior
scplantdb_SRP148288:SRX4098371@@_TAGCAGCCCGCA,Arabidopsis thaliana,root,G2/M phase,Mesophyll,false,organ_context_prior,organ_context_prior
scplantdb_SRP148288:SRX4098371@@_GAGCCGCAATAT,Arabidopsis thaliana,root,G2/M phase,Mesophyll,false,organ_context_prior,organ_context_prior
scplantdb_SRP148288:SRX4098371@@_TTCCCTAACTCG,Arabidopsis thaliana,root,Root cortex,Mesophyll,false,organ_context_prior,organ_context_prior
scplantdb_SRP148288:SRX4098371@@_GACTTCGTGCAG,Arabidopsis thaliana,root,G2/M phase,Mesophyll,false,organ_context_prior,organ_context_prior
scplantdb_SRP148288:SRX4098371@@_CCAGGTGGTGCC,Arabidopsis thaliana,root,S phase,Mesophyll,false,organ_context_prior,organ_context_prior
scplantdb_SRP148288:SRX4098371@@_GGGGAGGCTATC,Arabidopsis thaliana,root,G2/M phase,Mesophyll,false,organ_context_prior,organ_context_prior
scplantdb_SRP148288:SRX4098371@@_GCGCTTACGTGC,Arabidopsis thaliana,root,G2/M phase,Mesophyll,false,organ_context_prior,organ_context_prior
scplantdb_SRP148288:SRX4098371@@_AAAGCTATCTCA,Arabidopsis thaliana,root,Root cap,Mesophyll,false,organ_context_prior,organ_context_prior
scplantdb_SRP148288:SRX4098371@@_ATGGCATCTTAT,Arabidopsis thaliana,root,G2/M phase,Mesophyll,false,organ_context_prior,organ_context_prior
scplantdb_SRP148288:SRX4098371@@_GATCTGACGTTC,Arabidopsis thaliana,root,S phase,Mesophyll,false,organ_context_prior,organ_context_prior
scplantdb_SRP148288:SRX4098371@@_AGAACTCAGACG,Arabidopsis thaliana,root,Root cortex,Mesophyll,false,organ_context_prior,organ_context_prior
scplantdb_SRP148288:SRX4098371@@_TTCGATCTACCA,Arabidopsis thaliana,root,G2/M phase,Mesophyll,false,organ_context_prior,organ_context_prior
scplantdb_SRP148288:SRX4098371@@_CTCCTCTCCAGA,Arabidopsis thaliana,root,Root cortex,Mesophyll,false,organ_context_prior,organ_context_prior
scplantdb_SRP148288:SRX4098371@@_AACTCGTTAATT,Arabidopsis thaliana,root,G2/M phase,Mesophyll,false,organ_context_prior,organ_context_prior
scplantdb_SRP148288:SRX4098371@@_CAGCAAAACTTG,Arabidopsis thaliana,root,G2/M phase,Mesophyll,false,organ_context_prior,organ_context_prior
scplantdb_SRP148288:SRX4098371@@_AGTCACAACGAA,Arabidopsis thaliana,root,Root cap,Mesophyll,false,organ_context_prior,organ_context_prior
scplantdb_SRP148288:SRX4098371@@_AGCGTACCCCGG,Arabidopsis thaliana,root,G2/M phase,Mesophyll,false,organ_context_prior,organ_context_prior
scplantdb_SRP148288:SRX4098371@@_ACCTAGGTTCCG,Arabidopsis thaliana,root,G2/M phase,Mesophyll,false,organ_context_prior,organ_context_prior
scplantdb_SRP148288:SRX4098371@@_TGAGGGTATTCT,Arabidopsis thaliana,root,S phase,Mesophyll,false,organ_context_prior,organ_context_prior
scplantdb_SRP148288:SRX4098371@@_TTTTATTTTTAA,Arabidopsis thaliana,root,G2/M phase,Mesophyll,false,organ_context_prior,organ_context_prior
scplantdb_SRP148288:SRX4098371@@_AAGCCGCGATAT,Arabidopsis thaliana,root,G2/M phase,Mesophyll,false,organ_context_prior,organ_context_prior
scplantdb_SRP148288:SRX4098371@@_CGCGAGAGGCGT,Arabidopsis thaliana,root,G2/M phase,Mesophyll,false,organ_context_prior,organ_context_prior
scplantdb_SRP148288:SRX4098371@@_TATCCAACCTCG,Arabidopsis thaliana,root,Root cortex,Mesophyll,false,organ_context_prior,organ_context_prior
scplantdb_SRP148288:SRX4098371@@_GTAGCTATTTCT,Arabidopsis thaliana,root,Root hair,Mesophyll,false,organ_context_prior,organ_context_prior
scplantdb_SRP148288:SRX4098371@@_ATCTCTGTTTGC,Arabidopsis thaliana,root,G2/M phase,Mesophyll,false,organ_context_prior,organ_context_prior
scplantdb_SRP148288:SRX4098371@@_GTCATGTTGTCA,Arabidopsis thaliana,root,Root hair,Mesophyll,false,organ_context_prior,organ_context_prior
scplantdb_SRP148288:SRX4098371@@_GCGTACGAGCTA,Arabidopsis thaliana,root,S phase,Mesophyll,false,organ_context_prior,organ_context_prior
scplantdb_SRP148288:SRX4098371@@_TAAACATTGTTA,Arabidopsis thaliana,root,S phase,Mesophyll,false,organ_context_prior,organ_context_prior
scplantdb_SRP148288:SRX4098371@@_TTACTTCCTTTA,Arabidopsis thaliana,root,S phase,Mesophyll,false,organ_context_prior,organ_context_prior
scplantdb_SRP148288:SRX4098371@@_GAAATGTCACGG,Arabidopsis thaliana,root,Root hair,Mesophyll,false,organ_context_prior,organ_context_prior
scplantdb_SRP148288:SRX4098372@@_GGTCGCTTGCGA,Arabidopsis thaliana,root,Root cap,Mesophyll,false,organ_context_prior,organ_context_prior
scplantdb_SRP148288:SRX4098372@@_CGGTATATGGAC,Arabidopsis thaliana,root,Root cap,Mesophyll,false,organ_context_prior,organ_context_prior
scplantdb_SRP148288:SRX4098372@@_CTTGCGGAGCGG,Arabidopsis thaliana,root,Root cap,Mesophyll,false,organ_context_prior,organ_context_prior
scplantdb_SRP148288:SRX4098372@@_ATATTTTTAGGA,Arabidopsis thaliana,root,Root cap,Mesophyll,false,organ_context_prior,organ_context_prior
scplantdb_SRP148288:SRX4098372@@_GTGTTCTGCCAC,Arabidopsis thaliana,root,Root cap,Mesophyll,false,organ_context_prior,organ_context_prior
scplantdb_SRP148288:SRX4098372@@_TCATATTCTTTA,Arabidopsis thaliana,root,Root cortex,Mesophyll,false,organ_context_prior,organ_context_prior
scplantdb_SRP148288:SRX4098372@@_TGACTATCCTGT,Arabidopsis thaliana,root,Root hair,Mesophyll,false,organ_context_prior,organ_context_prior
scplantdb_SRP148288:SRX4098372@@_CTCTCCAAGAAA,Arabidopsis thaliana,root,Non-hair,Mesophyll,false,organ_context_prior,organ_context_prior
scplantdb_SRP148288:SRX4098372@@_GGGCTCATAATT,Arabidopsis thaliana,root,G2/M phase,Mesophyll,false,organ_context_prior,organ_context_prior
scplantdb_SRP148288:SRX4098372@@_GACTGCGGAAAT,Arabidopsis thaliana,root,Columella root cap,Mesophyll,false,organ_context_prior,organ_context_prior
scplantdb_SRP148288:SRX4098372@@_TCGCATAATCAG,Arabidopsis thaliana,root,Lateral root cap,Mesophyll,false,organ_context_prior,organ_context_prior
scplantdb_SRP148288:SRX4098372@@_GGCTCGACTTCT,Arabidopsis thaliana,root,S phase,Mesophyll,false,organ_context_prior,organ_context_prior
scplantdb_SRP148288:SRX4098372@@_CGGCGCCGTCTG,Arabidopsis thaliana,root,Root hair,Mesophyll,false,organ_context_prior,organ_context_prior
scplantdb_SRP148288:SRX4098372@@_ATACAGAGAGTT,Arabidopsis thaliana,root,Root cap,Mesophyll,false,organ_context_prior,organ_context_prior
scplantdb_SRP148288:SRX4098372@@_CGCCATCACGCC,Arabidopsis thaliana,root,Lateral root cap,Mesophyll,false,organ_context_prior,organ_context_prior
scplantdb_SRP148288:SRX4098372@@_GGGGTATACATC,Arabidopsis thaliana,root,G2/M phase,Mesophyll,false,organ_context_prior,organ_context_prior
scplantdb_SRP148288:SRX4098372@@_TCTCACGCGGTG,Arabidopsis thaliana,root,Phloem,Mesophyll,true,organ_context_prior,organ_context_prior
scplantdb_SRP148288:SRX4098372@@_CACGTCGTGCCG,Arabidopsis thaliana,root,Phloem,Mesophyll,true,organ_context_prior,organ_context_prior
scplantdb_SRP148288:SRX4098372@@_GACACATTTGGG,Arabidopsis thaliana,root,Root cap,Mesophyll,false,organ_context_prior,organ_context_prior
scplantdb_SRP148288:SRX4098372@@_CGCCATCCTTTC,Arabidopsis thaliana,root,Xylem,Mesophyll,true,organ_context_prior,organ_context_prior
scplantdb_SRP148288:SRX4098372@@_TTTAGTCCCATT,Arabidopsis thaliana,root,Root cap,Mesophyll,false,organ_context_prior,organ_context_prior
scplantdb_SRP148288:SRX4098372@@_AGAAAGGAGGCA,Arabidopsis thaliana,root,S phase,Mesophyll,false,organ_context_prior,organ_context_prior
scplantdb_SRP148288:SRX4098372@@_CCCCCTAACGCA,Arabidopsis thaliana,root,Root cortex,Mesophyll,false,organ_context_prior,organ_context_prior
scplantdb_SRP148288:SRX4098372@@_CGGATCTCACCT,Arabidopsis thaliana,root,G2/M phase,Mesophyll,false,organ_context_prior,organ_context_prior
scplantdb_SRP148288:SRX4098372@@_CGGATCTCACCC,Arabidopsis thaliana,root,Columella root cap,Mesophyll,false,organ_context_prior,organ_context_prior
scplantdb_SRP148288:SRX4098372@@_CGCAAGTCGGCC,Arabidopsis thaliana,root,S phase,Mesophyll,false,organ_context_prior,organ_context_prior
scplantdb_SRP148288:SRX4098372@@_CGCAAGTCGGCG,Arabidopsis thaliana,root,Root cap,Mesophyll,false,organ_context_prior,organ_context_prior
scplantdb_SRP148288:SRX4098372@@_AAATTGAGAATC,Arabidopsis thaliana,root,Root cap,Mesophyll,false,organ_context_prior,organ_context_prior
scplantdb_SRP148288:SRX4098372@@_GAGTTTTTTAGG,Arabidopsis thaliana,root,Non-hair,Mesophyll,false,organ_context_prior,organ_context_prior
scplantdb_SRP148288:SRX4098372@@_CTTGTGCGCGCC,Arabidopsis thaliana,root,S phase,Mesophyll,false,organ_context_prior,organ_context_prior
scplantdb_SRP148288:SRX4098372@@_TTTACTTCTTGA,Arabidopsis thaliana,root,Root hair,Mesophyll,false,organ_context_prior,organ_context_prior
scplantdb_SRP148288:SRX4098372@@_GATGTACTGGAT,Arabidopsis thaliana,root,Columella root cap,Mesophyll,false,organ_context_prior,organ_context_prior
scplantdb_SRP148288:SRX4098372@@_TGACGATAATAA,Arabidopsis thaliana,root,G2/M phase,Mesophyll,false,organ_context_prior,organ_context_prior
scplantdb_SRP148288:SRX4098372@@_TTCAATAGCCGA,Arabidopsis thaliana,root,S phase,Mesophyll,false,organ_context_prior,organ_context_prior
scplantdb_SRP148288:SRX4098372@@_ACCCTCAAATCG,Arabidopsis thaliana,root,Root cap,Mesophyll,false,organ_context_prior,organ_context_prior
scplantdb_SRP148288:SRX4098372@@_ACCCGCGGACCA,Arabidopsis thaliana,root,S phase,Mesophyll,false,organ_context_prior,organ_context_prior
scplantdb_SRP148288:SRX4098372@@_CTGAGGTCAGAG,Arabidopsis thaliana,root,Root cap,Mesophyll,false,organ_context_prior,organ_context_prior
scplantdb_SRP148288:SRX4098372@@_ATTCACCAAAAA,Arabidopsis thaliana,root,G2/M phase,Mesophyll,false,organ_context_prior,organ_context_prior
scplantdb_SRP148288:SRX4098372@@_GCGGGCGGAAGG,Arabidopsis thaliana,root,G2/M phase,Mesophyll,false,organ_context_prior,organ_context_prior
scplantdb_SRP148288:SRX4098372@@_CCTAAATAAGCA,Arabidopsis thaliana,root,Root cortex,Mesophyll,false,organ_context_prior,organ_context_prior
scplantdb_SRP148288:SRX4098372@@_CACTACCTCTGT,Arabidopsis thaliana,root,Root hair,Mesophyll,false,organ_context_prior,organ_context_prior
scplantdb_SRP148288:SRX4098372@@_AGACTTGCGGCT,Arabidopsis thaliana,root,Phloem,Mesophyll,true,organ_context_prior,organ_context_prior
scplantdb_SRP148288:SRX4098372@@_AATATCCTGTGA,Arabidopsis thaliana,root,S phase,Mesophyll,false,organ_context_prior,organ_context_prior
scplantdb_SRP148288:SRX4098372@@_GATGAACTCTTT,Arabidopsis thaliana,root,Root hair,Mesophyll,false,organ_context_prior,organ_context_prior
scplantdb_SRP148288:SRX4098373@@_CTTGTCTGGCGC,Arabidopsis thaliana,root,S phase,Mesophyll,false,organ_context_prior,organ_context_prior
scplantdb_SRP148288:SRX4098373@@_GTGCGACCATCC,Arabidopsis thaliana,root,S phase,Mesophyll,false,organ_context_prior,organ_context_prior
scplantdb_SRP148288:SRX4098373@@_TAATTACTGAAG,Arabidopsis thaliana,root,Root hair,Mesophyll,false,organ_context_prior,organ_context_prior
scplantdb_SRP148288:SRX4098373@@_ACCGTGAACTTC,Arabidopsis thaliana,root,Root cap,Mesophyll,false,organ_context_prior,organ_context_prior
scplantdb_SRP148288:SRX4098373@@_ATAGTCAGTACT,Arabidopsis thaliana,root,Root cap,Mesophyll,false,organ_context_prior,organ_context_prior
scplantdb_SRP148288:SRX4098373@@_AATATTATTGTT,Arabidopsis thaliana,root,G2/M phase,Mesophyll,false,organ_context_prior,organ_context_prior
scplantdb_SRP148288:SRX4098373@@_AACTTGGGCGTC,Arabidopsis thaliana,root,Root cortex,Mesophyll,false,organ_context_prior,organ_context_prior
scplantdb_SRP148288:SRX4098373@@_ACACCTGTCCTG,Arabidopsis thaliana,root,Root cortex,Mesophyll,false,organ_context_prior,organ_context_prior
scplantdb_SRP148288:SRX4098373@@_CTTAAACCCATA,Arabidopsis thaliana,root,Non-hair,Mesophyll,false,organ_context_prior,organ_context_prior
scplantdb_SRP148288:SRX4098373@@_ATGCCAGCAAGA,Arabidopsis thaliana,root,Root cortex,Mesophyll,false,organ_context_prior,organ_context_prior
scplantdb_SRP148288:SRX4098373@@_TTAGCCACTCAC,Arabidopsis thaliana,root,S phase,Mesophyll,false,organ_context_prior,organ_context_prior
scplantdb_SRP148288:SRX4098373@@_GTCCATTGCCGA,Arabidopsis thaliana,root,Root cap,Mesophyll,false,organ_context_prior,organ_context_prior
scplantdb_SRP148288:SRX4098373@@_CGTCGAATTGCT,Arabidopsis thaliana,root,S phase,Mesophyll,false,organ_context_prior,organ_context_prior
scplantdb_SRP148288:SRX4098373@@_CCCTGGCTGTTT,Arabidopsis thaliana,root,Non-hair,Mesophyll,false,organ_context_prior,organ_context_prior
scplantdb_SRP148288:SRX4098373@@_GAACTGTACTGG,Arabidopsis thaliana,root,G2/M phase,Mesophyll,false,organ_context_prior,organ_context_prior
scplantdb_SRP148288:SRX4098373@@_CATCCCTACACA,Arabidopsis thaliana,root,Root cap,Mesophyll,false,organ_context_prior,organ_context_prior
scplantdb_SRP148288:SRX4098373@@_GTGTTCTCGTGT,Arabidopsis thaliana,root,S phase,Mesophyll,false,organ_context_prior,organ_context_prior
scplantdb_SRP148288:SRX4098373@@_ATCGTTGTGCTC,Arabidopsis thaliana,root,Columella root cap,Mesophyll,false,organ_context_prior,organ_context_prior
scplantdb_SRP148288:SRX4098373@@_AGTGACGTACTG,Arabidopsis thaliana,root,Root cap,Mesophyll,false,organ_context_prior,organ_context_prior
scplantdb_SRP148288:SRX4098373@@_TGTTAGTCCCTG,Arabidopsis thaliana,root,Root cortex,Mesophyll,false,organ_context_prior,organ_context_prior
scplantdb_SRP148288:SRX4098373@@_AACACTCTCTAA,Arabidopsis thaliana,root,S phase,Mesophyll,false,organ_context_prior,organ_context_prior
scplantdb_SRP148288:SRX4098373@@_GTGCCGAGGCCG,Arabidopsis thaliana,root,Root cap,Mesophyll,false,organ_context_prior,organ_context_prior
scplantdb_SRP148288:SRX4098373@@_CGTACGCCGGGA,Arabidopsis thaliana,root,G2/M phase,Mesophyll,false,organ_context_prior,organ_context_prior
scplantdb_SRP148288:SRX4098373@@_AGTACGCAGGGA,Arabidopsis thaliana,root,G2/M phase,Mesophyll,false,organ_context_prior,organ_context_prior
scplantdb_SRP148288:SRX4098373@@_CAGCTAAATCCC,Arabidopsis thaliana,root,Columella root cap,Mesophyll,false,organ_context_prior,organ_context_prior
scplantdb_SRP148288:SRX4098373@@_GGGCGCTGTACG,Arabidopsis thaliana,root,Lateral root cap,Mesophyll,false,organ_context_prior,organ_context_prior
scplantdb_SRP148288:SRX4098373@@_ATCCTGAGACGG,Arabidopsis thaliana,root,G2/M phase,Mesophyll,false,organ_context_prior,organ_context_prior
scplantdb_SRP148288:SRX4098373@@_CTCGTCGCAGCG,Arabidopsis thaliana,root,G2/M phase,Mesophyll,false,organ_context_prior,organ_context_prior
scplantdb_SRP148288:SRX4098373@@_GGCTTAACTTTT,Arabidopsis thaliana,root,S phase,Mesophyll,false,organ_context_prior,organ_context_prior
scplantdb_SRP148288:SRX4098373@@_CATGTGGAAATT,Arabidopsis thaliana,root,Columella root cap,Mesophyll,false,organ_context_prior,organ_context_prior
scplantdb_SRP148288:SRX4098373@@_TTGCGTAAGACC,Arabidopsis thaliana,root,Root cap,Mesophyll,false,organ_context_prior,organ_context_prior
scplantdb_SRP148288:SRX4098373@@_GTAATGTACTAG,Arabidopsis thaliana,root,G2/M phase,Mesophyll,false,organ_context_prior,organ_context_prior
scplantdb_SRP148288:SRX4098373@@_TACCATATAAGC,Arabidopsis thaliana,root,Root cap,Mesophyll,false,organ_context_prior,organ_context_prior
scplantdb_SRP169576:SRX5025979@@_GCGTAGGCCGAC,Arabidopsis thaliana,root,Non-hair,Mesophyll,false,organ_context_prior,organ_context_prior
scplantdb_SRP169576:SRX5025979@@_AAGGGACGTGCT,Arabidopsis thaliana,root,Non-hair,Mesophyll,false,organ_context_prior,organ_context_prior
scplantdb_SRP169576:SRX5025979@@_CTTTGGAACGCT,Arabidopsis thaliana,root,Root cortex,Mesophyll,false,organ_context_prior,organ_context_prior
scplantdb_SRP169576:SRX5025979@@_AACTGCCCCAGT,Arabidopsis thaliana,root,Lateral root cap,Mesophyll,false,organ_context_prior,organ_context_prior
scplantdb_SRP169576:SRX5025979@@_GACAGGGTACTC,Arabidopsis thaliana,root,Root endodermis,Mesophyll,false,organ_context_prior,organ_context_prior
scplantdb_SRP169576:SRX5025979@@_CAGTATTCGTTT,Arabidopsis thaliana,root,Root hair,Mesophyll,false,organ_context_prior,organ_context_prior
scplantdb_SRP169576:SRX5025979@@_GCCTGGTCGCGT,Arabidopsis thaliana,root,Root endodermis,Mesophyll,false,organ_context_prior,organ_context_prior
scplantdb_SRP169576:SRX5025979@@_ACACTCGACACA,Arabidopsis thaliana,root,Root endodermis,Mesophyll,false,organ_context_prior,organ_context_prior
scplantdb_SRP169576:SRX5025979@@_TTGACTCCGTCC,Arabidopsis thaliana,root,Non-hair,Mesophyll,false,organ_context_prior,organ_context_prior
scplantdb_SRP169576:SRX5025979@@_GAAATAGGGAAT,Arabidopsis thaliana,root,Root hair,Mesophyll,false,organ_context_prior,organ_context_prior
scplantdb_SRP169576:SRX5025979@@_GAAGCGTCATTC,Arabidopsis thaliana,root,Root stele,Mesophyll,false,organ_context_prior,organ_context_prior
scplantdb_SRP169576:SRX5025979@@_TAATCCCATGAA,Arabidopsis thaliana,root,Lateral root cap,Mesophyll,false,organ_context_prior,organ_context_prior
scplantdb_SRP169576:SRX5025979@@_AAGTCCCTGATC,Arabidopsis thaliana,root,Root endodermis,Mesophyll,false,organ_context_prior,organ_context_prior
scplantdb_SRP169576:SRX5025979@@_CCAAGAGGAACT,Arabidopsis thaliana,root,S phase,Mesophyll,false,organ_context_prior,organ_context_prior
scplantdb_SRP169576:SRX5025979@@_ATCATTACGCTG,Arabidopsis thaliana,root,Root endodermis,Mesophyll,false,organ_context_prior,organ_context_prior
scplantdb_SRP169576:SRX5025979@@_CAAGTACTACAA,Arabidopsis thaliana,root,Root cap,Mesophyll,false,organ_context_prior,organ_context_prior
scplantdb_SRP169576:SRX5025979@@_GCCGCTTTTGAG,Arabidopsis thaliana,root,Lateral root cap,Mesophyll,false,organ_context_prior,organ_context_prior
scplantdb_SRP169576:SRX5025979@@_ACATCTACTGAA,Arabidopsis thaliana,root,Lateral root cap,Mesophyll,false,organ_context_prior,organ_context_prior
scplantdb_SRP169576:SRX5025979@@_AGGGCGATTCAC,Arabidopsis thaliana,root,Root cap,Mesophyll,false,organ_context_prior,organ_context_prior
scplantdb_SRP169576:SRX5025979@@_TCGCCTCCGCGC,Arabidopsis thaliana,root,Root hair,Mesophyll,false,organ_context_prior,organ_context_prior
scplantdb_SRP169576:SRX5025979@@_AAGCATAGAAGA,Arabidopsis thaliana,root,Non-hair,Mesophyll,false,organ_context_prior,organ_context_prior
scplantdb_SRP169576:SRX5025979@@_GCGCAAAATCAT,Arabidopsis thaliana,root,Root endodermis,Mesophyll,false,organ_context_prior,organ_context_prior
scplantdb_SRP169576:SRX5025979@@_TCATAAGAGTTC,Arabidopsis thaliana,root,Root stele,Mesophyll,false,organ_context_prior,organ_context_prior
scplantdb_SRP169576:SRX5025979@@_ATAAAGGAGGAT,Arabidopsis thaliana,root,Root hair,Mesophyll,false,organ_context_prior,organ_context_prior
scplantdb_SRP169576:SRX5025980@@_GGTCGCTGTTGG,Arabidopsis thaliana,root,Root cortex,Mesophyll,false,organ_context_prior,organ_context_prior
scplantdb_SRP169576:SRX5025980@@_CGTCCAGGATTG,Arabidopsis thaliana,root,Root cap,Mesophyll,false,organ_context_prior,organ_context_prior
scplantdb_SRP169576:SRX5025980@@_ACGATCTCGTTG,Arabidopsis thaliana,root,Root hair,Mesophyll,false,organ_context_prior,organ_context_prior
scplantdb_SRP169576:SRX5025980@@_GCGTCCTGCTAG,Arabidopsis thaliana,root,Xylem,Mesophyll,true,organ_context_prior,organ_context_prior
scplantdb_SRP169576:SRX5025980@@_CATTCTGACTGC,Arabidopsis thaliana,root,Non-hair,Mesophyll,false,organ_context_prior,organ_context_prior
scplantdb_SRP169576:SRX5025980@@_GCACGCTGGCTG,Arabidopsis thaliana,root,Lateral root cap,Mesophyll,false,organ_context_prior,organ_context_prior
scplantdb_SRP169576:SRX5025980@@_TGATGAAGTCTG,Arabidopsis thaliana,root,Root hair,Mesophyll,false,organ_context_prior,organ_context_prior
scplantdb_SRP169576:SRX5025980@@_CTATCGTAAACG,Arabidopsis thaliana,root,Lateral root cap,Mesophyll,false,organ_context_prior,organ_context_prior
scplantdb_SRP169576:SRX5025980@@_CTAGCCAACTCC,Arabidopsis thaliana,root,Root hair,Mesophyll,false,organ_context_prior,organ_context_prior
scplantdb_SRP169576:SRX5025980@@_AAGCGGCCGTCA,Arabidopsis thaliana,root,Root cortex,Mesophyll,false,organ_context_prior,organ_context_prior
scplantdb_SRP169576:SRX5025980@@_GGCCGACTTCCC,Arabidopsis thaliana,root,Root endodermis,Mesophyll,false,organ_context_prior,organ_context_prior
scplantdb_SRP169576:SRX5025980@@_GTATCGGTAAGA,Arabidopsis thaliana,root,Non-hair,Mesophyll,false,organ_context_prior,organ_context_prior
scplantdb_SRP169576:SRX5025980@@_TGCCTCATGCAG,Arabidopsis thaliana,root,Root cortex,Mesophyll,false,organ_context_prior,organ_context_prior
scplantdb_SRP169576:SRX5025980@@_AGTGACGTTACG,Arabidopsis thaliana,root,Root endodermis,Mesophyll,false,organ_context_prior,organ_context_prior
scplantdb_SRP169576:SRX5025980@@_AACGTTACGCGA,Arabidopsis thaliana,root,Lateral root cap,Mesophyll,false,organ_context_prior,organ_context_prior
scplantdb_SRP169576:SRX5025980@@_TCGCTGTGGGAC,Arabidopsis thaliana,root,Root cap,Mesophyll,false,organ_context_prior,organ_context_prior
scplantdb_SRP169576:SRX5025980@@_GCGCATTAGTGT,Arabidopsis thaliana,root,Lateral root cap,Mesophyll,false,organ_context_prior,organ_context_prior
scplantdb_SRP169576:SRX5025980@@_CATCAAATAGAA,Arabidopsis thaliana,root,Root stele,Mesophyll,false,organ_context_prior,organ_context_prior
scplantdb_SRP169576:SRX5025980@@_AATATTTCGCGT,Arabidopsis thaliana,root,Non-hair,Mesophyll,false,organ_context_prior,organ_context_prior
scplantdb_SRP169576:SRX5025980@@_AAGTTCTAACGT,Arabidopsis thaliana,root,Lateral root cap,Mesophyll,false,organ_context_prior,organ_context_prior
scplantdb_SRP169576:SRX5025980@@_AGGACACCCACA,Arabidopsis thaliana,root,Root hair,Mesophyll,false,organ_context_prior,organ_context_prior
scplantdb_SRP169576:SRX5025980@@_TAATCATTCCAT,Arabidopsis thaliana,root,Root cortex,Mesophyll,false,organ_context_prior,organ_context_prior
scplantdb_SRP169576:SRX5025981@@_GTGGCTAAATGG,Arabidopsis thaliana,root,Root stele,Mesophyll,false,organ_context_prior,organ_context_prior
scplantdb_SRP169576:SRX5025981@@_GACCGTCAGCAG,Arabidopsis thaliana,root,Root cortex,Mesophyll,false,organ_context_prior,organ_context_prior
scplantdb_SRP169576:SRX5025981@@_ATATCTTACTCT,Arabidopsis thaliana,root,Root stele,Mesophyll,false,organ_context_prior,organ_context_prior
scplantdb_SRP169576:SRX5025981@@_CCGCACGCCTCG,Arabidopsis thaliana,root,Root hair,Mesophyll,false,organ_context_prior,organ_context_prior
scplantdb_SRP169576:SRX5025981@@_AGTATGCAGGTA,Arabidopsis thaliana,root,Root hair,Mesophyll,false,organ_context_prior,organ_context_prior
scplantdb_SRP169576:SRX5025981@@_TTCTGATGCACC,Arabidopsis thaliana,root,Root stele,Mesophyll,false,organ_context_prior,organ_context_prior
scplantdb_SRP169576:SRX5025981@@_GCGGGTCTAACC,Arabidopsis thaliana,root,Non-hair,Mesophyll,false,organ_context_prior,organ_context_prior
scplantdb_SRP169576:SRX5025981@@_CTCCGCATGATC,Arabidopsis thaliana,root,Root stele,Mesophyll,false,organ_context_prior,organ_context_prior
scplantdb_SRP169576:SRX5025981@@_CTCCGCATGAAC,Arabidopsis thaliana,root,Root stele,Mesophyll,false,organ_context_prior,organ_context_prior
scplantdb_SRP169576:SRX5025981@@_TGGGCCTACCCG,Arabidopsis thaliana,root,Root hair,Mesophyll,false,organ_context_prior,organ_context_prior
scplantdb_SRP169576:SRX5025981@@_TCAGAACGTGTC,Arabidopsis thaliana,root,Root hair,Mesophyll,false,organ_context_prior,organ_context_prior
scplantdb_SRP169576:SRX5025981@@_TGGGCCTACTAC,Arabidopsis thaliana,root,Root hair,Mesophyll,false,organ_context_prior,organ_context_prior
scplantdb_SRP169576:SRX5025981@@_GGAGAGAGCTCC,Arabidopsis thaliana,root,Lateral root cap,Mesophyll,false,organ_context_prior,organ_context_prior
scplantdb_SRP169576:SRX5025981@@_AACCTGACTCTG,Arabidopsis thaliana,root,Columella root cap,Mesophyll,false,organ_context_prior,organ_context_prior
scplantdb_SRP169576:SRX5025981@@_AGCGGAATCTAC,Arabidopsis thaliana,root,Root hair,Mesophyll,false,organ_context_prior,organ_context_prior
scplantdb_SRP169576:SRX5025981@@_CGTCTTATTAGG,Arabidopsis thaliana,root,Root hair,Mesophyll,false,organ_context_prior,organ_context_prior
scplantdb_SRP169576:SRX5025981@@_AGCGGAATCGCG,Arabidopsis thaliana,root,Root hair,Mesophyll,false,organ_context_prior,organ_context_prior
scplantdb_SRP169576:SRX5025981@@_CTCGGAATACAA,Arabidopsis thaliana,root,Root endodermis,Mesophyll,false,organ_context_prior,organ_context_prior
scplantdb_SRP169576:SRX5025981@@_CACTCGCACGTG,Arabidopsis thaliana,root,Root stele,Mesophyll,false,organ_context_prior,organ_context_prior
scplantdb_SRP169576:SRX5025981@@_ACGCACGATTGT,Arabidopsis thaliana,root,S phase,Mesophyll,false,organ_context_prior,organ_context_prior
scplantdb_SRP169576:SRX5025981@@_ACGTAAGTGGCG,Arabidopsis thaliana,root,Root cap,Mesophyll,false,organ_context_prior,organ_context_prior
scplantdb_SRP169576:SRX5025981@@_TGTAATATCGGA,Arabidopsis thaliana,root,Root hair,Mesophyll,false,organ_context_prior,organ_context_prior
scplantdb_SRP169576:SRX5025981@@_GGAGAGAGTCGC,Arabidopsis thaliana,root,Root hair,Mesophyll,false,organ_context_prior,organ_context_prior
scplantdb_SRP169576:SRX5025981@@_ATTGCAGGTAGG,Arabidopsis thaliana,root,Root hair,Mesophyll,false,organ_context_prior,organ_context_prior
scplantdb_SRP169576:SRX5025981@@_TCCCACTGGTTT,Arabidopsis thaliana,root,Root cortex,Mesophyll,false,organ_context_prior,organ_context_prior
scplantdb_SRP169576:SRX5025981@@_TCATACATGTTA,Arabidopsis thaliana,root,Lateral root cap,Mesophyll,false,organ_context_prior,organ_context_prior
scplantdb_SRP169576:SRX5025981@@_TTTATCTCCACT,Arabidopsis thaliana,root,Root cap,Mesophyll,false,organ_context_prior,organ_context_prior
scplantdb_SRP169576:SRX5025981@@_ATCCTCGGAGTT,Arabidopsis thaliana,root,Non-hair,Mesophyll,false,organ_context_prior,organ_context_prior
scplantdb_SRP169576:SRX5025981@@_AGGGAGATTATG,Arabidopsis thaliana,root,Root cortex,Mesophyll,false,organ_context_prior,organ_context_prior
scplantdb_SRP169576:SRX5025981@@_AAAGTAGCCTAG,Arabidopsis thaliana,root,Root hair,Mesophyll,false,organ_context_prior,organ_context_prior
scplantdb_SRP169576:SRX5025981@@_TGATACTTTTGC,Arabidopsis thaliana,root,G1/G0 phase,Mesophyll,false,organ_context_prior,organ_context_prior
scplantdb_SRP169576:SRX5025981@@_TCAGCTCGGATG,Arabidopsis thaliana,root,Root hair,Mesophyll,false,organ_context_prior,organ_context_prior
scplantdb_SRP169576:SRX5025981@@_TCTCCGTCTTGT,Arabidopsis thaliana,root,Root hair,Mesophyll,false,organ_context_prior,organ_context_prior
scplantdb_SRP169576:SRX5025981@@_TGAGGCCTACCT,Arabidopsis thaliana,root,Root hair,Mesophyll,false,organ_context_prior,organ_context_prior
scplantdb_SRP169576:SRX5025981@@_GTACTCAAATTC,Arabidopsis thaliana,root,Columella root cap,Mesophyll,false,organ_context_prior,organ_context_prior
scplantdb_SRP169576:SRX5025981@@_GGTAGGGTCGGG,Arabidopsis thaliana,root,Root stele,Mesophyll,false,organ_context_prior,organ_context_prior
scplantdb_SRP169576:SRX5025981@@_CGGCCCGCTCAT,Arabidopsis thaliana,root,Root hair,Mesophyll,false,organ_context_prior,organ_context_prior
scplantdb_SRP169576:SRX5025981@@_CGCGTTCTGGCA,Arabidopsis thaliana,root,Root hair,Mesophyll,false,organ_context_prior,organ_context_prior
scplantdb_SRP169576:SRX5025981@@_CATTTAGTTGCG,Arabidopsis thaliana,root,Root cortex,Mesophyll,false,organ_context_prior,organ_context_prior
scplantdb_SRP169576:SRX5025981@@_AGTTACAAGCCA,Arabidopsis thaliana,root,Root hair,Mesophyll,false,organ_context_prior,organ_context_prior
scplantdb_SRP169576:SRX5025981@@_AGTTACAAGCGC,Arabidopsis thaliana,root,Root hair,Mesophyll,false,organ_context_prior,organ_context_prior
scplantdb_SRP169576:SRX5025981@@_CCTGTTCAGGTT,Arabidopsis thaliana,root,Root cortex,Mesophyll,false,organ_context_prior,organ_context_prior
scplantdb_SRP169576:SRX5025981@@_ACGCAGGATCGT,Arabidopsis thaliana,root,S phase,Mesophyll,false,organ_context_prior,organ_context_prior
scplantdb_SRP169576:SRX5025981@@_CCGAGCCGACGG,Arabidopsis thaliana,root,Root endodermis,Mesophyll,false,organ_context_prior,organ_context_prior
scplantdb_SRP169576:SRX5025981@@_CCTTTAATCCAA,Arabidopsis thaliana,root,Non-hair,Mesophyll,false,organ_context_prior,organ_context_prior
scplantdb_SRP169576:SRX5025981@@_TACCTTACGTCA,Arabidopsis thaliana,root,Root hair,Mesophyll,false,organ_context_prior,organ_context_prior
scplantdb_SRP169576:SRX5025981@@_ATTGGCAGTTCC,Arabidopsis thaliana,root,Root cap,Mesophyll,false,organ_context_prior,organ_context_prior
scplantdb_SRP169576:SRX5025981@@_ATAGGCTCTTGT,Arabidopsis thaliana,root,Root stele,Mesophyll,false,organ_context_prior,organ_context_prior
scplantdb_SRP169576:SRX5025981@@_ACTGGCGGACAC,Arabidopsis thaliana,root,Root hair,Mesophyll,false,organ_context_prior,organ_context_prior
scplantdb_SRP169576:SRX5025981@@_ATAGTGCCTTAC,Arabidopsis thaliana,root,Root hair,Mesophyll,false,organ_context_prior,organ_context_prior
scplantdb_SRP169576:SRX5025981@@_CATATACATTCA,Arabidopsis thaliana,root,Root endodermis,Mesophyll,false,organ_context_prior,organ_context_prior
scplantdb_SRP169576:SRX5025981@@_CATATACATTAC,Arabidopsis thaliana,root,Root endodermis,Mesophyll,false,organ_context_prior,organ_context_prior
scplantdb_SRP169576:SRX5025981@@_TGAGGTGAGCTG,Arabidopsis thaliana,root,Root endodermis,Mesophyll,false,organ_context_prior,organ_context_prior
scplantdb_SRP169576:SRX5025981@@_TGAGGTGAGCGA,Arabidopsis thaliana,root,Root endodermis,Mesophyll,false,organ_context_prior,organ_context_prior
scplantdb_SRP169576:SRX5025981@@_CAAGCCCTCCTA,Arabidopsis thaliana,root,Root cortex,Mesophyll,false,organ_context_prior,organ_context_prior
scplantdb_SRP169576:SRX5025981@@_GTGGACTGGCCG,Arabidopsis thaliana,root,Non-hair,Mesophyll,false,organ_context_prior,organ_context_prior
scplantdb_SRP169576:SRX5025981@@_GTGGACTGGCCT,Arabidopsis thaliana,root,Non-hair,Mesophyll,false,organ_context_prior,organ_context_prior
scplantdb_SRP169576:SRX5025981@@_TTTAAACAGGGA,Arabidopsis thaliana,root,Root stele,Mesophyll,false,organ_context_prior,organ_context_prior
scplantdb_SRP169576:SRX5025981@@_CTCGTATCAGGA,Arabidopsis thaliana,root,Root endodermis,Mesophyll,false,organ_context_prior,organ_context_prior
scplantdb_SRP169576:SRX5025981@@_AACCGCGCCCCT,Arabidopsis thaliana,root,Root endodermis,Mesophyll,false,organ_context_prior,organ_context_prior
scplantdb_SRP169576:SRX5025981@@_CTTTTATAGACA,Arabidopsis thaliana,root,Root endodermis,Mesophyll,false,organ_context_prior,organ_context_prior
scplantdb_SRP169576:SRX5025981@@_ACGAGATTTACT,Arabidopsis thaliana,root,Root endodermis,Mesophyll,false,organ_context_prior,organ_context_prior
scplantdb_SRP169576:SRX5025981@@_TGTCGTACTAGC,Arabidopsis thaliana,root,Non-hair,Mesophyll,false,organ_context_prior,organ_context_prior
scplantdb_SRP169576:SRX5025981@@_GTTCAGCCGTTG,Arabidopsis thaliana,root,Root hair,Mesophyll,false,organ_context_prior,organ_context_prior
scplantdb_SRP169576:SRX5025981@@_GGCGCTTGACTT,Arabidopsis thaliana,root,Root endodermis,Mesophyll,false,organ_context_prior,organ_context_prior
scplantdb_SRP169576:SRX5025982@@_TGATTAATCCAC,Arabidopsis thaliana,root,Xylem,Mesophyll,true,organ_context_prior,organ_context_prior
scplantdb_SRP169576:SRX5025982@@_CTCGGTGCGCAA,Arabidopsis thaliana,root,Root stele,Mesophyll,false,organ_context_prior,organ_context_prior
scplantdb_SRP169576:SRX5025982@@_CACCATGAATGA,Arabidopsis thaliana,root,Root cap,Mesophyll,false,organ_context_prior,organ_context_prior
scplantdb_SRP169576:SRX5025982@@_ATGAGGAGCTCG,Arabidopsis thaliana,root,Root cap,Mesophyll,false,organ_context_prior,organ_context_prior
scplantdb_SRP169576:SRX5025982@@_TCGCGACTGGCG,Arabidopsis thaliana,root,Root stele,Mesophyll,false,organ_context_prior,organ_context_prior
scplantdb_SRP169576:SRX5025982@@_GATCACGCAGCT,Arabidopsis thaliana,root,Root stele,Mesophyll,false,organ_context_prior,organ_context_prior
scplantdb_SRP169576:SRX5025982@@_CATGACTCTAGT,Arabidopsis thaliana,root,Root stele,Mesophyll,false,organ_context_prior,organ_context_prior
scplantdb_SRP169576:SRX5025983@@_AATATCGTCTAC,Arabidopsis thaliana,root,Root stele,Mesophyll,false,organ_context_prior,organ_context_prior
scplantdb_SRP169576:SRX5025983@@_TGACGGGTAGCA,Arabidopsis thaliana,root,Root cortex,Mesophyll,false,organ_context_prior,organ_context_prior
scplantdb_SRP169576:SRX5025983@@_GGCTGCCGGGCA,Arabidopsis thaliana,root,S phase,Mesophyll,false,organ_context_prior,organ_context_prior
scplantdb_SRP169576:SRX5025983@@_CATGGTGGGACG,Arabidopsis thaliana,root,Root endodermis,Mesophyll,false,organ_context_prior,organ_context_prior
scplantdb_SRP169576:SRX5025984@@_TGAAGTCGTATT,Arabidopsis thaliana,root,Non-hair,Mesophyll,false,organ_context_prior,organ_context_prior
scplantdb_SRP169576:SRX5025984@@_GCCACAGGTGGA,Arabidopsis thaliana,root,S phase,Mesophyll,false,organ_context_prior,organ_context_prior
scplantdb_SRP169576:SRX5025984@@_TGCCATTTATGC,Arabidopsis thaliana,root,Lateral root cap,Mesophyll,false,organ_context_prior,organ_context_prior
scplantdb_SRP169576:SRX5025984@@_TGTCATCTGATT,Arabidopsis thaliana,root,Root cap,Mesophyll,false,organ_context_prior,organ_context_prior
scplantdb_SRP169576:SRX5025984@@_CGCCTTCGAACT,Arabidopsis thaliana,root,Root hair,Mesophyll,false,organ_context_prior,organ_context_prior
scplantdb_SRP169576:SRX5025984@@_GCATCCAACACC,Arabidopsis thaliana,root,Root stele,Mesophyll,false,organ_context_prior,organ_context_prior
scplantdb_SRP169576:SRX5025984@@_CGATCGACCTTC,Arabidopsis thaliana,root,Lateral root cap,Mesophyll,false,organ_context_prior,organ_context_prior
scplantdb_SRP169576:SRX5025984@@_AATGAAATAGGG,Arabidopsis thaliana,root,Lateral root cap,Mesophyll,false,organ_context_prior,organ_context_prior
scplantdb_SRP169576:SRX5025984@@_CCCTCTTAGCCG,Arabidopsis thaliana,root,Columella root cap,Mesophyll,false,organ_context_prior,organ_context_prior
scplantdb_SRP169576:SRX5025984@@_GGCCCGGCTCTG,Arabidopsis thaliana,root,Non-hair,Mesophyll,false,organ_context_prior,organ_context_prior
scplantdb_SRP169576:SRX5025985@@_GCGGTGGAAGGA,Arabidopsis thaliana,root,Root stele,Mesophyll,false,organ_context_prior,organ_context_prior
scplantdb_SRP169576:SRX5025985@@_GAATTCCGCCAT,Arabidopsis thaliana,root,Columella root cap,Mesophyll,false,organ_context_prior,organ_context_prior
scplantdb_SRP169576:SRX5025985@@_TGTCGGAGTATA,Arabidopsis thaliana,root,S phase,Mesophyll,false,organ_context_prior,organ_context_prior
scplantdb_SRP169576:SRX5025985@@_CATTAGTTTGGA,Arabidopsis thaliana,root,Root endodermis,Mesophyll,false,organ_context_prior,organ_context_prior
scplantdb_SRP169576:SRX5025985@@_GTCCGGGATCTC,Arabidopsis thaliana,root,Root stele,Mesophyll,false,organ_context_prior,organ_context_prior
scplantdb_SRP169576:SRX5025985@@_CCACTTTGATTA,Arabidopsis thaliana,root,Columella root cap,Mesophyll,false,organ_context_prior,organ_context_prior
scplantdb_SRP169576:SRX5025985@@_CTGATTGGAGAG,Arabidopsis thaliana,root,S phase,Mesophyll,false,organ_context_prior,organ_context_prior
scplantdb_SRP169576:SRX5025985@@_GTACGATCTTAG,Arabidopsis thaliana,root,Columella root cap,Mesophyll,false,organ_context_prior,organ_context_prior
scplantdb_SRP169576:SRX5025985@@_GGGCGGCGGAAA,Arabidopsis thaliana,root,S phase,Mesophyll,false,organ_context_prior,organ_context_prior
scplantdb_SRP169576:SRX5025985@@_AAGCCCGCATGA,Arabidopsis thaliana,root,Lateral root cap,Mesophyll,false,organ_context_prior,organ_context_prior
scplantdb_SRP169576:SRX5025985@@_TTACAATCGCGA,Arabidopsis thaliana,root,Columella root cap,Mesophyll,false,organ_context_prior,organ_context_prior
scplantdb_SRP169576:SRX5025985@@_CAAGAGAATGTG,Arabidopsis thaliana,root,Root cortex,Mesophyll,false,organ_context_prior,organ_context_prior
scplantdb_SRP169576:SRX5025985@@_CCCAAACCTTAG,Arabidopsis thaliana,root,Non-hair,Mesophyll,false,organ_context_prior,organ_context_prior
scplantdb_SRP169576:SRX5025986@@_GGCCGATTCGAG,Arabidopsis thaliana,root,Root cortex,Mesophyll,false,organ_context_prior,organ_context_prior
scplantdb_SRP169576:SRX5025986@@_GCCATTCGCCGC,Arabidopsis thaliana,root,Root endodermis,Mesophyll,false,organ_context_prior,organ_context_prior
scplantdb_SRP169576:SRX5025986@@_CGCGGATAGAGT,Arabidopsis thaliana,root,Non-hair,Mesophyll,false,organ_context_prior,organ_context_prior
scplantdb_SRP169576:SRX5025986@@_TATCGACATTAT,Arabidopsis thaliana,root,Phloem,Mesophyll,true,organ_context_prior,organ_context_prior
scplantdb_SRP169576:SRX5025986@@_TTTATGCCTGTA,Arabidopsis thaliana,root,S phase,Mesophyll,false,organ_context_prior,organ_context_prior
scplantdb_SRP169576:SRX5025987@@_GCTGAATCTCGA,Arabidopsis thaliana,root,Lateral root cap,Mesophyll,false,organ_context_prior,organ_context_prior
scplantdb_SRP169576:SRX5025987@@_CAAGCCGATCTA,Arabidopsis thaliana,root,Lateral root cap,Mesophyll,false,organ_context_prior,organ_context_prior
scplantdb_SRP169576:SRX5025987@@_GCGTGCCGGCAC,Arabidopsis thaliana,root,S phase,Mesophyll,false,organ_context_prior,organ_context_prior
scplantdb_SRP169576:SRX5025987@@_CAGCCTCTGCCG,Arabidopsis thaliana,root,Root endodermis,Mesophyll,false,organ_context_prior,organ_context_prior
scplantdb_SRP169576:SRX5025987@@_AGCACGTTTTAA,Arabidopsis thaliana,root,Root cortex,Mesophyll,false,organ_context_prior,organ_context_prior
scplantdb_SRP169576:SRX5025987@@_GTCAAACGGATC,Arabidopsis thaliana,root,Root stele,Mesophyll,false,organ_context_prior,organ_context_prior
scplantdb_SRP169576:SRX5025987@@_GCGCAGCGAGTG,Arabidopsis thaliana,root,Root cap,Mesophyll,false,organ_context_prior,organ_context_prior
scplantdb_SRP169576:SRX5025987@@_CTATTATATCAT,Arabidopsis thaliana,root,Root cap,Mesophyll,false,organ_context_prior,organ_context_prior
scplantdb_SRP169576:SRX5025987@@_AGTTGTACCCGG,Arabidopsis thaliana,root,Lateral root cap,Mesophyll,false,organ_context_prior,organ_context_prior
scplantdb_SRP169576:SRX5025987@@_CTAGTTTTGCGA,Arabidopsis thaliana,root,Phloem,Mesophyll,true,organ_context_prior,organ_context_prior
scplantdb_SRP169576:SRX5025987@@_CTACCTCGGTGG,Arabidopsis thaliana,root,Columella root cap,Mesophyll,false,organ_context_prior,organ_context_prior
scplantdb_SRP169576:SRX5025987@@_GCGCAACCTGCT,Arabidopsis thaliana,root,Columella root cap,Mesophyll,false,organ_context_prior,organ_context_prior
scplantdb_SRP169576:SRX5025987@@_AACGCAAGCTCA,Arabidopsis thaliana,root,Root cap,Mesophyll,false,organ_context_prior,organ_context_prior
scplantdb_SRP169576:SRX5025987@@_ATCGATAATGGT,Arabidopsis thaliana,root,Non-hair,Mesophyll,false,organ_context_prior,organ_context_prior
scplantdb_SRP169576:SRX5025987@@_AGCTACAGGTGG,Arabidopsis thaliana,root,Root cortex,Mesophyll,false,organ_context_prior,organ_context_prior
scplantdb_SRP169576:SRX5025987@@_TAGACTCCCTGT,Arabidopsis thaliana,root,Root cortex,Mesophyll,false,organ_context_prior,organ_context_prior
scplantdb_SRP169576:SRX5025987@@_AATGATTGGTCG,Arabidopsis thaliana,root,Root endodermis,Mesophyll,false,organ_context_prior,organ_context_prior
scplantdb_SRP169576:SRX5025987@@_CTTGGTTGCAAC,Arabidopsis thaliana,root,Xylem,Mesophyll,true,organ_context_prior,organ_context_prior
scplantdb_SRP169576:SRX5025987@@_AATGAGGCCGGG,Arabidopsis thaliana,root,Root cap,Mesophyll,false,organ_context_prior,organ_context_prior
scplantdb_SRP169576:SRX5025987@@_TTCCGTGTGGTA,Arabidopsis thaliana,root,S phase,Mesophyll,false,organ_context_prior,organ_context_prior
scplantdb_SRP169576:SRX5025988@@_TCAGGTTAGCGG,Arabidopsis thaliana,root,Root stele,Mesophyll,false,organ_context_prior,organ_context_prior
scplantdb_SRP169576:SRX5025988@@_AGGCGTCCACCC,Arabidopsis thaliana,root,Non-hair,Mesophyll,false,organ_context_prior,organ_context_prior
scplantdb_SRP169576:SRX5025988@@_TAGATCCTCCGC,Arabidopsis thaliana,root,Root endodermis,Mesophyll,false,organ_context_prior,organ_context_prior
scplantdb_SRP169576:SRX5025988@@_AAGAGTATAACC,Arabidopsis thaliana,root,Root endodermis,Mesophyll,false,organ_context_prior,organ_context_prior
scplantdb_SRP169576:SRX5025988@@_ATTCAGCCGCTT,Arabidopsis thaliana,root,S phase,Mesophyll,false,organ_context_prior,organ_context_prior
scplantdb_SRP169576:SRX5025988@@_TTGCGGACATAC,Arabidopsis thaliana,root,G1/G0 phase,Mesophyll,false,organ_context_prior,organ_context_prior
scplantdb_SRP169576:SRX5025988@@_GGCATAAGCCAT,Arabidopsis thaliana,root,Columella root cap,Mesophyll,false,organ_context_prior,organ_context_prior
scplantdb_SRP169576:SRX5025988@@_ACGTATCGTTCC,Arabidopsis thaliana,root,Columella root cap,Mesophyll,false,organ_context_prior,organ_context_prior
scplantdb_SRP169576:SRX5025988@@_AAGTTGACAAGA,Arabidopsis thaliana,root,Root cortex,Mesophyll,false,organ_context_prior,organ_context_prior
scplantdb_SRP169576:SRX5025988@@_ACCCCAGAATGC,Arabidopsis thaliana,root,Root hair,Mesophyll,false,organ_context_prior,organ_context_prior
scplantdb_SRP169576:SRX5025988@@_GGTCAGGAAGAT,Arabidopsis thaliana,root,S phase,Mesophyll,false,organ_context_prior,organ_context_prior
scplantdb_SRP169576:SRX5025988@@_GAGGGGCAGAAT,Arabidopsis thaliana,root,Root cortex,Mesophyll,false,organ_context_prior,organ_context_prior
scplantdb_SRP169576:SRX5025988@@_TTTTTGGCCTAA,Arabidopsis thaliana,root,Root cortex,Mesophyll,false,organ_context_prior,organ_context_prior
scplantdb_SRP169576:SRX5025988@@_ACCGATGCCAGT,Arabidopsis thaliana,root,Root endodermis,Mesophyll,false,organ_context_prior,organ_context_prior
scplantdb_SRP169576:SRX5025988@@_CGTATCCATATC,Arabidopsis thaliana,root,Root cap,Mesophyll,false,organ_context_prior,organ_context_prior
scplantdb_SRP169576:SRX5025988@@_CAATGCGACACA,Arabidopsis thaliana,root,Non-hair,Mesophyll,false,organ_context_prior,organ_context_prior
scplantdb_SRP169576:SRX5025988@@_TGCGCTAGGCGC,Arabidopsis thaliana,root,Root cap,Mesophyll,false,organ_context_prior,organ_context_prior
scplantdb_SRP169576:SRX5025988@@_TCCAATAATAAT,Arabidopsis thaliana,root,G1/G0 phase,Mesophyll,false,organ_context_prior,organ_context_prior
scplantdb_SRP169576:SRX5025988@@_TAGCGGGACGAA,Arabidopsis thaliana,root,Lateral root cap,Mesophyll,false,organ_context_prior,organ_context_prior
scplantdb_SRP169576:SRX5025988@@_GGTGCCTTCCGC,Arabidopsis thaliana,root,Columella root cap,Mesophyll,false,organ_context_prior,organ_context_prior
scplantdb_SRP169576:SRX5025988@@_ATGAGCCTCTTA,Arabidopsis thaliana,root,Root endodermis,Mesophyll,false,organ_context_prior,organ_context_prior
scplantdb_SRP169576:SRX5025988@@_AGCAAGAATGGT,Arabidopsis thaliana,root,S phase,Mesophyll,false,organ_context_prior,organ_context_prior
scplantdb_SRP169576:SRX5025988@@_TTTACTCCGGTC,Arabidopsis thaliana,root,Root cortex,Mesophyll,false,organ_context_prior,organ_context_prior
scplantdb_SRP169576:SRX5025988@@_TTAACTCAGAAG,Arabidopsis thaliana,root,Lateral root cap,Mesophyll,false,organ_context_prior,organ_context_prior
scplantdb_SRP169576:SRX5025988@@_GCAGGAGTCGCA,Arabidopsis thaliana,root,Non-hair,Mesophyll,false,organ_context_prior,organ_context_prior
scplantdb_SRP169576:SRX5025988@@_GCGTTGCATTCC,Arabidopsis thaliana,root,Lateral root cap,Mesophyll,false,organ_context_prior,organ_context_prior
scplantdb_SRP169576:SRX5025988@@_GGCCCGGGGTAG,Arabidopsis thaliana,root,Root cap,Mesophyll,false,organ_context_prior,organ_context_prior
arabidopsis_lateral_root_founder_atlas:S3h_AATGGAAAGGGCCTCT,Arabidopsis thaliana,root,proximal meristem,Mesophyll,false,organ_context_prior,organ_context_prior
arabidopsis_lateral_root_founder_atlas:S3h_CCACGTTAGTGAACAT,Arabidopsis thaliana,root,proximal meristem,Mesophyll,false,organ_context_prior,organ_context_prior
arabidopsis_lateral_root_founder_atlas:S3h_GTCTTTAGTCTCAGAT,Arabidopsis thaliana,root,proximal meristem,Mesophyll,false,organ_context_prior,organ_context_prior
arabidopsis_lateral_root_founder_atlas:S3h_TGTTCTAGTGAGACCA,Arabidopsis thaliana,root,proximal meristem,Mesophyll,false,organ_context_prior,organ_context_prior
arabidopsis_lateral_root_founder_atlas:S6h_AGCTACAGTAGGTTTC,Arabidopsis thaliana,root,proximal meristem,Mesophyll,false,organ_context_prior,organ_context_prior
arabidopsis_lateral_root_founder_atlas:S6h_CCAATTTAGACTACCT,Arabidopsis thaliana,root,proximal meristem,Mesophyll,false,organ_context_prior,organ_context_prior
arabidopsis_lateral_root_founder_atlas:S6h_CCTCCAAGTACCTAGT,Arabidopsis thaliana,root,proximal meristem,Mesophyll,false,organ_context_prior,organ_context_prior
arabidopsis_lateral_root_founder_atlas:S6h_GTGCTGGGTGCAATGG,Arabidopsis thaliana,root,proximal meristem,Mesophyll,false,organ_context_prior,organ_context_prior
arabidopsis_lateral_root_founder_atlas:S6h_TGCTGAAAGCGATTCT,Arabidopsis thaliana,root,proximal meristem,Mesophyll,false,organ_context_prior,organ_context_prior
arabidopsis_lateral_root_founder_atlas:S0h_ACCATTTGTACCTAAC,Arabidopsis thaliana,root,proximal meristem,Mesophyll,false,organ_context_prior,organ_context_prior
arabidopsis_lateral_root_founder_atlas:S0h_ACTGCAAGTGACCTGC,Arabidopsis thaliana,root,proximal meristem,Mesophyll,false,organ_context_prior,organ_context_prior
arabidopsis_lateral_root_founder_atlas:S0h_AGGAAATCACTAGTAC,Arabidopsis thaliana,root,proximal meristem,Mesophyll,false,organ_context_prior,organ_context_prior
arabidopsis_lateral_root_founder_atlas:S0h_AGGGTTTAGACATAGT,Arabidopsis thaliana,root,proximal meristem,Mesophyll,false,organ_context_prior,organ_context_prior
arabidopsis_lateral_root_founder_atlas:S0h_ATACTTCAGGGCAGGA,Arabidopsis thaliana,root,proximal meristem,Mesophyll,false,organ_context_prior,organ_context_prior
arabidopsis_lateral_root_founder_atlas:S0h_CGCAGGTAGCTTCTAG,Arabidopsis thaliana,root,proximal meristem,Mesophyll,false,organ_context_prior,organ_context_prior
arabidopsis_lateral_root_founder_atlas:S0h_CGTAAGTAGGAAGAAC,Arabidopsis thaliana,root,proximal meristem,Mesophyll,false,organ_context_prior,organ_context_prior
arabidopsis_lateral_root_founder_atlas:S0h_CGTTAGACACAAATAG,Arabidopsis thaliana,root,proximal meristem,Mesophyll,false,organ_context_prior,organ_context_prior
arabidopsis_lateral_root_founder_atlas:S0h_GAGTTTGAGCATCAAA,Arabidopsis thaliana,root,proximal meristem,Mesophyll,false,organ_context_prior,organ_context_prior
arabidopsis_lateral_root_founder_atlas:S0h_GATCACACATATGGCT,Arabidopsis thaliana,root,proximal meristem,Mesophyll,false,organ_context_prior,organ_context_prior
arabidopsis_lateral_root_founder_atlas:S0h_GCAACATCACCAGTAT,Arabidopsis thaliana,root,proximal meristem,Mesophyll,false,organ_context_prior,organ_context_prior
arabidopsis_lateral_root_founder_atlas:S0h_GGGTTTAGTCAGTTTG,Arabidopsis thaliana,root,proximal meristem,Mesophyll,false,organ_context_prior,organ_context_prior
arabidopsis_lateral_root_founder_atlas:S0h_GTTGTCCGTTTAGACC,Arabidopsis thaliana,root,proximal meristem,Mesophyll,false,organ_context_prior,organ_context_prior
arabidopsis_lateral_root_founder_atlas:S0h_TCGTGGGTCGCGCCAA,Arabidopsis thaliana,root,proximal meristem,Mesophyll,false,organ_context_prior,organ_context_prior
arabidopsis_lateral_root_founder_atlas:S0h_TTCAGGACATGGCGCT,Arabidopsis thaliana,root,proximal meristem,Mesophyll,false,organ_context_prior,organ_context_prior
arabidopsis_lateral_root_founder_atlas:S0h_TTCCACGAGTTTCTTC,Arabidopsis thaliana,root,proximal meristem,Mesophyll,false,organ_context_prior,organ_context_prior
arabidopsis_lateral_root_founder_atlas:S1h_AAACGCTGTCTTACTT,Arabidopsis thaliana,root,proximal meristem,Mesophyll,false,organ_context_prior,organ_context_prior
arabidopsis_lateral_root_founder_atlas:S1h_AATGCCAGTAGCCAGA,Arabidopsis thaliana,root,proximal meristem,Mesophyll,false,organ_context_prior,organ_context_prior
arabidopsis_lateral_root_founder_atlas:S1h_ACGGAAGTCATGACAC,Arabidopsis thaliana,root,proximal meristem,Mesophyll,false,organ_context_prior,organ_context_prior
arabidopsis_lateral_root_founder_atlas:S1h_AGATCCAAGAAATGGG,Arabidopsis thaliana,root,proximal meristem,Mesophyll,false,organ_context_prior,organ_context_prior
arabidopsis_lateral_root_founder_atlas:S1h_AGGACTTCAGCTGTAT,Arabidopsis thaliana,root,proximal meristem,Mesophyll,false,organ_context_prior,organ_context_prior
arabidopsis_lateral_root_founder_atlas:S1h_AGGATCTAGGTGCCAA,Arabidopsis thaliana,root,proximal meristem,Mesophyll,false,organ_context_prior,organ_context_prior
arabidopsis_lateral_root_founder_atlas:S1h_ATCATTCTCTCTGAGA,Arabidopsis thaliana,root,proximal meristem,Mesophyll,false,organ_context_prior,organ_context_prior
arabidopsis_lateral_root_founder_atlas:S1h_ATCGATGCAGCTGAAG,Arabidopsis thaliana,root,proximal meristem,Mesophyll,false,organ_context_prior,organ_context_prior
arabidopsis_lateral_root_founder_atlas:S1h_ATGGGAGTCGACGTCG,Arabidopsis thaliana,root,proximal meristem,Mesophyll,false,organ_context_prior,organ_context_prior
arabidopsis_lateral_root_founder_atlas:S1h_CATAGACGTTGCGGCT,Arabidopsis thaliana,root,proximal meristem,Mesophyll,false,organ_context_prior,organ_context_prior
arabidopsis_lateral_root_founder_atlas:S1h_CATGCAACATTCCTCG,Arabidopsis thaliana,root,proximal meristem,Mesophyll,false,organ_context_prior,organ_context_prior
arabidopsis_lateral_root_founder_atlas:S1h_CCGAACGTCCGATGTA,Arabidopsis thaliana,root,proximal meristem,Mesophyll,false,organ_context_prior,organ_context_prior
arabidopsis_lateral_root_founder_atlas:S1h_CGGAATTTCTCTCCGA,Arabidopsis thaliana,root,proximal meristem,Mesophyll,false,organ_context_prior,organ_context_prior
arabidopsis_lateral_root_founder_atlas:S1h_CTCCATGGTGGACTAG,Arabidopsis thaliana,root,proximal meristem,Mesophyll,false,organ_context_prior,organ_context_prior
arabidopsis_lateral_root_founder_atlas:S1h_GAGAGGTTCGTAGTCA,Arabidopsis thaliana,root,proximal meristem,Mesophyll,false,organ_context_prior,organ_context_prior
arabidopsis_lateral_root_founder_atlas:S1h_GATCACAGTTCTTGCC,Arabidopsis thaliana,root,proximal meristem,Mesophyll,false,organ_context_prior,organ_context_prior
arabidopsis_lateral_root_founder_atlas:S1h_GCCGATGCAGGTCCGT,Arabidopsis thaliana,root,proximal meristem,Mesophyll,false,organ_context_prior,organ_context_prior
arabidopsis_lateral_root_founder_atlas:S1h_GGGCTACGTCAGACTT,Arabidopsis thaliana,root,proximal meristem,Mesophyll,false,organ_context_prior,organ_context_prior
arabidopsis_lateral_root_founder_atlas:S1h_GGGTCTGGTGCAACGA,Arabidopsis thaliana,root,proximal meristem,Mesophyll,false,organ_context_prior,organ_context_prior
arabidopsis_lateral_root_founder_atlas:S1h_GTGCGTGGTGGAACCA,Arabidopsis thaliana,root,proximal meristem,Mesophyll,false,organ_context_prior,organ_context_prior
arabidopsis_lateral_root_founder_atlas:S1h_GTTACAGAGTAAACAC,Arabidopsis thaliana,root,proximal meristem,Mesophyll,false,organ_context_prior,organ_context_prior
arabidopsis_lateral_root_founder_atlas:S1h_GTTACCCAGACTGGGT,Arabidopsis thaliana,root,proximal meristem,Mesophyll,false,organ_context_prior,organ_context_prior
arabidopsis_lateral_root_founder_atlas:S1h_TAACCAGTCATTGCCC,Arabidopsis thaliana,root,proximal meristem,Mesophyll,false,organ_context_prior,organ_context_prior
arabidopsis_lateral_root_founder_atlas:S1h_TAGTGCATCTTTCAGT,Arabidopsis thaliana,root,proximal meristem,Mesophyll,false,organ_context_prior,organ_context_prior
arabidopsis_lateral_root_founder_atlas:S1h_TCAGCCTGTCAAAGTA,Arabidopsis thaliana,root,proximal meristem,Mesophyll,false,organ_context_prior,organ_context_prior
arabidopsis_lateral_root_founder_atlas:S1h_TCCGAAACAACACAAA,Arabidopsis thaliana,root,proximal meristem,Mesophyll,false,organ_context_prior,organ_context_prior
arabidopsis_lateral_root_founder_atlas:S1h_TCCGAAAGTTTCTTAC,Arabidopsis thaliana,root,proximal meristem,Mesophyll,false,organ_context_prior,organ_context_prior
arabidopsis_lateral_root_founder_atlas:S1h_TCGCAGGAGCTCGGCT,Arabidopsis thaliana,root,proximal meristem,Mesophyll,false,organ_context_prior,organ_context_prior
arabidopsis_lateral_root_founder_atlas:S1h_TCGCAGGGTGTATCCA,Arabidopsis thaliana,root,proximal meristem,Mesophyll,false,organ_context_prior,organ_context_prior
arabidopsis_lateral_root_founder_atlas:S1h_TCTACCGAGGGATCGT,Arabidopsis thaliana,root,proximal meristem,Mesophyll,false,organ_context_prior,organ_context_prior
arabidopsis_lateral_root_founder_atlas:S1h_TGACGCGGTAGGGTAC,Arabidopsis thaliana,root,proximal meristem,Mesophyll,false,organ_context_prior,organ_context_prior
arabidopsis_lateral_root_founder_atlas:S1h_TGGGCTGGTGATACCT,Arabidopsis thaliana,root,proximal meristem,Mesophyll,false,organ_context_prior,organ_context_prior
arabidopsis_lateral_root_founder_atlas:S1h_TGTTGAGAGGTGATCG,Arabidopsis thaliana,root,proximal meristem,Mesophyll,false,organ_context_prior,organ_context_prior
arabidopsis_lateral_root_founder_atlas:S1h_TTCCGTGGTGTTCCAA,Arabidopsis thaliana,root,proximal meristem,Mesophyll,false,organ_context_prior,organ_context_prior
arabidopsis_lateral_root_founder_atlas:S1h_TTCCTAAGTCGAACGA,Arabidopsis thaliana,root,proximal meristem,Mesophyll,false,organ_context_prior,organ_context_prior
arabidopsis_lateral_root_founder_atlas:S3h_AACAACCCATACTGAC,Arabidopsis thaliana,root,proximal meristem,Mesophyll,false,organ_context_prior,organ_context_prior
arabidopsis_lateral_root_founder_atlas:S3h_CATCGGGGTCATAGTC,Arabidopsis thaliana,root,proximal meristem,Mesophyll,false,organ_context_prior,organ_context_prior
arabidopsis_lateral_root_founder_atlas:S3h_CTCAACCTCGATCCAA,Arabidopsis thaliana,root,proximal meristem,Mesophyll,false,organ_context_prior,organ_context_prior
arabidopsis_lateral_root_founder_atlas:S3h_GGGAGTAAGATGAAGG,Arabidopsis thaliana,root,proximal meristem,Mesophyll,false,organ_context_prior,organ_context_prior
arabidopsis_lateral_root_founder_atlas:S3h_GGGTTATTCGCTAAAC,Arabidopsis thaliana,root,proximal meristem,Mesophyll,false,organ_context_prior,organ_context_prior
arabidopsis_lateral_root_founder_atlas:S3h_GTCATCCTCTTCGCTG,Arabidopsis thaliana,root,proximal meristem,Mesophyll,false,organ_context_prior,organ_context_prior
arabidopsis_lateral_root_founder_atlas:S3h_GTCGAATAGACGCAGT,Arabidopsis thaliana,root,proximal meristem,Mesophyll,false,organ_context_prior,organ_context_prior
arabidopsis_lateral_root_founder_atlas:S3h_GTTGTGATCTTACGGA,Arabidopsis thaliana,root,proximal meristem,Mesophyll,false,organ_context_prior,organ_context_prior
arabidopsis_lateral_root_founder_atlas:S3h_TATTGGGAGCCTAACT,Arabidopsis thaliana,root,proximal meristem,Mesophyll,false,organ_context_prior,organ_context_prior
arabidopsis_lateral_root_founder_atlas:S3h_TCGATTTAGGAAGTAG,Arabidopsis thaliana,root,proximal meristem,Mesophyll,false,organ_context_prior,organ_context_prior
arabidopsis_lateral_root_founder_atlas:S3h_TCGCTCATCAGTGTGT,Arabidopsis thaliana,root,proximal meristem,Mesophyll,false,organ_context_prior,organ_context_prior
arabidopsis_lateral_root_founder_atlas:S3h_TTTACCAGTCTCAAGT,Arabidopsis thaliana,root,proximal meristem,Mesophyll,false,organ_context_prior,organ_context_prior
arabidopsis_lateral_root_founder_atlas:S6h_ACGGGTCGTAAGTCAA,Arabidopsis thaliana,root,proximal meristem,Mesophyll,false,organ_context_prior,organ_context_prior
arabidopsis_lateral_root_founder_atlas:S6h_CGCAGGTAGGGTAGCT,Arabidopsis thaliana,root,proximal meristem,Mesophyll,false,organ_context_prior,organ_context_prior
arabidopsis_lateral_root_founder_atlas:S0h_AGTTAGCAGCCAAGCA,Arabidopsis thaliana,root,proximal meristem,Mesophyll,false,organ_context_prior,organ_context_prior
arabidopsis_lateral_root_founder_atlas:S0h_AGTTCCCGTCTTGAGT,Arabidopsis thaliana,root,proximal meristem,Mesophyll,false,organ_context_prior,organ_context_prior
arabidopsis_lateral_root_founder_atlas:S0h_GTATTTCTCAGACCTA,Arabidopsis thaliana,root,proximal meristem,Mesophyll,false,organ_context_prior,organ_context_prior
arabidopsis_lateral_root_founder_atlas:S0h_TCAGTCCGTTTAGAGA,Arabidopsis thaliana,root,proximal meristem,Mesophyll,false,organ_context_prior,organ_context_prior
arabidopsis_lateral_root_founder_atlas:S1h_AACGGGAGTTTGTGGT,Arabidopsis thaliana,root,proximal meristem,Mesophyll,false,organ_context_prior,organ_context_prior
arabidopsis_lateral_root_founder_atlas:S1h_ACAGAAATCGCAGTTA,Arabidopsis thaliana,root,proximal meristem,Mesophyll,false,organ_context_prior,organ_context_prior
arabidopsis_lateral_root_founder_atlas:S1h_ACAGGGAAGGTAAAGG,Arabidopsis thaliana,root,proximal meristem,Mesophyll,false,organ_context_prior,organ_context_prior
arabidopsis_lateral_root_founder_atlas:S1h_ACTGATGTCATACGAC,Arabidopsis thaliana,root,proximal meristem,Mesophyll,false,organ_context_prior,organ_context_prior
arabidopsis_lateral_root_founder_atlas:S1h_AGAAATGGTTGCGTAT,Arabidopsis thaliana,root,proximal meristem,Mesophyll,false,organ_context_prior,organ_context_prior
arabidopsis_lateral_root_founder_atlas:S1h_ATCGGATTCGGAGATG,Arabidopsis thaliana,root,proximal meristem,Mesophyll,false,organ_context_prior,organ_context_prior
arabidopsis_lateral_root_founder_atlas:S1h_ATGAGTCTCATACGGT,Arabidopsis thaliana,root,proximal meristem,Mesophyll,false,organ_context_prior,organ_context_prior
arabidopsis_lateral_root_founder_atlas:S1h_ATGCCTCGTACCGGAA,Arabidopsis thaliana,root,proximal meristem,Mesophyll,false,organ_context_prior,organ_context_prior
arabidopsis_lateral_root_founder_atlas:S1h_ATTCCCGGTAACACCT,Arabidopsis thaliana,root,proximal meristem,Mesophyll,false,organ_context_prior,organ_context_prior
arabidopsis_lateral_root_founder_atlas:S1h_CACACAAGTCACTCGG,Arabidopsis thaliana,root,proximal meristem,Mesophyll,false,organ_context_prior,organ_context_prior
arabidopsis_lateral_root_founder_atlas:S1h_CGGGTCAGTTGCCATA,Arabidopsis thaliana,root,proximal meristem,Mesophyll,false,organ_context_prior,organ_context_prior
arabidopsis_lateral_root_founder_atlas:S1h_CTAACTTAGACCGCCT,Arabidopsis thaliana,root,proximal meristem,Mesophyll,false,organ_context_prior,organ_context_prior
arabidopsis_lateral_root_founder_atlas:S1h_CTAAGTGGTATCGCTA,Arabidopsis thaliana,root,proximal meristem,Mesophyll,false,organ_context_prior,organ_context_prior
arabidopsis_lateral_root_founder_atlas:S1h_CTACATTCAGGAATCG,Arabidopsis thaliana,root,proximal meristem,Mesophyll,false,organ_context_prior,organ_context_prior
arabidopsis_lateral_root_founder_atlas:S1h_CTATAGGGTACTGCGC,Arabidopsis thaliana,root,proximal meristem,Mesophyll,false,organ_context_prior,organ_context_prior
arabidopsis_lateral_root_founder_atlas:S1h_GATCCCTGTCTTACAG,Arabidopsis thaliana,root,proximal meristem,Mesophyll,false,organ_context_prior,organ_context_prior
arabidopsis_lateral_root_founder_atlas:S1h_GCTACAATCGGTCAGC,Arabidopsis thaliana,root,proximal meristem,Mesophyll,false,organ_context_prior,organ_context_prior
arabidopsis_lateral_root_founder_atlas:S1h_GGAATGGTCCACGTAA,Arabidopsis thaliana,root,proximal meristem,Mesophyll,false,organ_context_prior,organ_context_prior
arabidopsis_lateral_root_founder_atlas:S1h_TATGTTCTCTGGCCTT,Arabidopsis thaliana,root,proximal meristem,Mesophyll,false,organ_context_prior,organ_context_prior
arabidopsis_lateral_root_founder_atlas:S1h_TCACAAGCAATACGAA,Arabidopsis thaliana,root,proximal meristem,Mesophyll,false,organ_context_prior,organ_context_prior
arabidopsis_lateral_root_founder_atlas:S1h_TCACGGGGTGTCCGGT,Arabidopsis thaliana,root,proximal meristem,Mesophyll,false,organ_context_prior,organ_context_prior
arabidopsis_lateral_root_founder_atlas:S1h_TTCACGCCACATGACT,Arabidopsis thaliana,root,proximal meristem,Mesophyll,false,organ_context_prior,organ_context_prior
arabidopsis_lateral_root_founder_atlas:S1h_TTGACCCTCGCTTACC,Arabidopsis thaliana,root,proximal meristem,Mesophyll,false,organ_context_prior,organ_context_prior
arabidopsis_lateral_root_founder_atlas:S3h_AACACACAGTGATAAC,Arabidopsis thaliana,root,proximal meristem,Mesophyll,false,organ_context_prior,organ_context_prior
arabidopsis_lateral_root_founder_atlas:S3h_ACCCTCATCGAACCTA,Arabidopsis thaliana,root,proximal meristem,Mesophyll,false,organ_context_prior,organ_context_prior
arabidopsis_lateral_root_founder_atlas:S3h_ACGTAGTCACCGTCGA,Arabidopsis thaliana,root,proximal meristem,Mesophyll,false,organ_context_prior,organ_context_prior
arabidopsis_lateral_root_founder_atlas:S3h_ACTTAGGAGGTGGCTA,Arabidopsis thaliana,root,proximal meristem,Mesophyll,false,organ_context_prior,organ_context_prior
arabidopsis_lateral_root_founder_atlas:S3h_AGTGTTGTCCTCATAT,Arabidopsis thaliana,root,proximal meristem,Mesophyll,false,organ_context_prior,organ_context_prior
arabidopsis_lateral_root_founder_atlas:S3h_CCTCTCCGTAGGGAGG,Arabidopsis thaliana,root,proximal meristem,Mesophyll,false,organ_context_prior,organ_context_prior
arabidopsis_lateral_root_founder_atlas:S3h_CTAGGTACAGAGTCAG,Arabidopsis thaliana,root,proximal meristem,Mesophyll,false,organ_context_prior,organ_context_prior
arabidopsis_lateral_root_founder_atlas:S3h_GAGACCCGTATGAGAT,Arabidopsis thaliana,root,proximal meristem,Mesophyll,false,organ_context_prior,organ_context_prior
arabidopsis_lateral_root_founder_atlas:S3h_TCCTCCCTCCAAGCCG,Arabidopsis thaliana,root,proximal meristem,Mesophyll,false,organ_context_prior,organ_context_prior
arabidopsis_lateral_root_founder_atlas:S3h_TCGCACTAGAGTCAGC,Arabidopsis thaliana,root,proximal meristem,Mesophyll,false,organ_context_prior,organ_context_prior
arabidopsis_lateral_root_founder_atlas:S6h_TACCCGTAGGTCGACA,Arabidopsis thaliana,root,proximal meristem,Mesophyll,false,organ_context_prior,organ_context_prior
arabidopsis_lateral_root_founder_atlas:S6h_TCGCAGGTCATGCCGG,Arabidopsis thaliana,root,proximal meristem,Mesophyll,false,organ_context_prior,organ_context_prior
arabidopsis_lateral_root_founder_atlas:S0h_CTAGACACAGTGGTGA,Arabidopsis thaliana,root,proximal meristem,Mesophyll,false,organ_context_prior,organ_context_prior
arabidopsis_lateral_root_founder_atlas:S0h_CTTCAATGTAAGGTCG,Arabidopsis thaliana,root,proximal meristem,Mesophyll,false,organ_context_prior,organ_context_prior
arabidopsis_lateral_root_founder_atlas:S0h_TACACCCGTGATTAGA,Arabidopsis thaliana,root,proximal meristem,Mesophyll,false,organ_context_prior,organ_context_prior
arabidopsis_lateral_root_founder_atlas:S0h_TGAATCGGTATGCGGA,Arabidopsis thaliana,root,proximal meristem,Mesophyll,false,organ_context_prior,organ_context_prior
arabidopsis_lateral_root_founder_atlas:S0h_TGAGGAGTCAGGCGAA,Arabidopsis thaliana,root,proximal meristem,Mesophyll,false,organ_context_prior,organ_context_prior
arabidopsis_lateral_root_founder_atlas:S1h_ATGAGTCCAGCACGAA,Arabidopsis thaliana,root,proximal meristem,Mesophyll,false,organ_context_prior,organ_context_prior
arabidopsis_lateral_root_founder_atlas:S1h_CCGAACGCACACCGCA,Arabidopsis thaliana,root,proximal meristem,Mesophyll,false,organ_context_prior,organ_context_prior
arabidopsis_lateral_root_founder_atlas:S1h_CCTTGTGAGCCTATCA,Arabidopsis thaliana,root,proximal meristem,Mesophyll,false,organ_context_prior,organ_context_prior
arabidopsis_lateral_root_founder_atlas:S1h_CTACCTGTCGCCTTTG,Arabidopsis thaliana,root,proximal meristem,Mesophyll,false,organ_context_prior,organ_context_prior
arabidopsis_lateral_root_founder_atlas:S1h_CTCACTGCAAGCGGAT,Arabidopsis thaliana,root,proximal meristem,Mesophyll,false,organ_context_prior,organ_context_prior
arabidopsis_lateral_root_founder_atlas:S1h_GGGTCACCATGACCCG,Arabidopsis thaliana,root,proximal meristem,Mesophyll,false,organ_context_prior,organ_context_prior
arabidopsis_lateral_root_founder_atlas:S1h_TGCTCGTAGGTCGAGT,Arabidopsis thaliana,root,proximal meristem,Mesophyll,false,organ_context_prior,organ_context_prior
arabidopsis_lateral_root_founder_atlas:S3h_GGGTCACCATAGGTTC,Arabidopsis thaliana,root,proximal meristem,Mesophyll,false,organ_context_prior,organ_context_prior
arabidopsis_lateral_root_founder_atlas:S3h_GTCTGTCTCTTGCAAG,Arabidopsis thaliana,root,proximal meristem,Mesophyll,false,organ_context_prior,organ_context_prior
arabidopsis_lateral_root_founder_atlas:S0h_AAGTTCGTCTTTGGAG,Arabidopsis thaliana,root,stem cell niche,Mesophyll,false,organ_context_prior,organ_context_prior
arabidopsis_lateral_root_founder_atlas:S0h_AGTTCGACATTGGATC,Arabidopsis thaliana,root,stem cell niche,Mesophyll,false,organ_context_prior,organ_context_prior
arabidopsis_lateral_root_founder_atlas:S0h_GAAGGACTCTAACGCA,Arabidopsis thaliana,root,stem cell niche,Mesophyll,false,organ_context_prior,organ_context_prior
arabidopsis_lateral_root_founder_atlas:S0h_TGAGGTTCAAGCCCAC,Arabidopsis thaliana,root,stem cell niche,Mesophyll,false,organ_context_prior,organ_context_prior
arabidopsis_lateral_root_founder_atlas:S1h_AACTTCTGTCGTTCAA,Arabidopsis thaliana,root,stem cell niche,Mesophyll,false,organ_context_prior,organ_context_prior
arabidopsis_lateral_root_founder_atlas:S1h_AGGCCACCAGACCCGT,Arabidopsis thaliana,root,stem cell niche,Mesophyll,false,organ_context_prior,organ_context_prior
arabidopsis_lateral_root_founder_atlas:S1h_ATGACCAGTGGCTAGA,Arabidopsis thaliana,root,stem cell niche,Mesophyll,false,organ_context_prior,organ_context_prior
arabidopsis_lateral_root_founder_atlas:S1h_ATTATCCCATCAGCTA,Arabidopsis thaliana,root,stem cell niche,Mesophyll,false,organ_context_prior,organ_context_prior
arabidopsis_lateral_root_founder_atlas:S1h_CAAAGAACAGGATCTT,Arabidopsis thaliana,root,stem cell niche,Mesophyll,false,organ_context_prior,organ_context_prior
arabidopsis_lateral_root_founder_atlas:S1h_CCCATTGTCCGCGAGT,Arabidopsis thaliana,root,stem cell niche,Mesophyll,false,organ_context_prior,organ_context_prior
arabidopsis_lateral_root_founder_atlas:S1h_CTTCTAAAGTGAGGTC,Arabidopsis thaliana,root,stem cell niche,Mesophyll,false,organ_context_prior,organ_context_prior
arabidopsis_lateral_root_founder_atlas:S1h_TCATATCCATCGCCTT,Arabidopsis thaliana,root,stem cell niche,Mesophyll,false,organ_context_prior,organ_context_prior
arabidopsis_lateral_root_founder_atlas:S1h_TCGGTCTTCTATTGTC,Arabidopsis thaliana,root,stem cell niche,Mesophyll,false,organ_context_prior,organ_context_prior
arabidopsis_lateral_root_founder_atlas:S1h_TTGTGGAAGATGCCGA,Arabidopsis thaliana,root,stem cell niche,Mesophyll,false,organ_context_prior,organ_context_prior
arabidopsis_lateral_root_founder_atlas:S1h_TTGTTCACAGTCCGTG,Arabidopsis thaliana,root,stem cell niche,Mesophyll,false,organ_context_prior,organ_context_prior
arabidopsis_lateral_root_founder_atlas:S3h_CAATTTCAGAGTGAAG,Arabidopsis thaliana,root,stem cell niche,Mesophyll,false,organ_context_prior,organ_context_prior
arabidopsis_lateral_root_founder_atlas:S3h_CACGGGTGTACTCGAT,Arabidopsis thaliana,root,stem cell niche,Mesophyll,false,organ_context_prior,organ_context_prior
arabidopsis_lateral_root_founder_atlas:S0h_GTAGGTTGTCTCCTGT,Arabidopsis thaliana,root,proximal meristem,Mesophyll,false,organ_context_prior,organ_context_prior
arabidopsis_lateral_root_founder_atlas:S0h_TCATTGTAGCAATAGT,Arabidopsis thaliana,root,proximal meristem,Mesophyll,false,organ_context_prior,organ_context_prior
arabidopsis_lateral_root_founder_atlas:S1h_ACACAGTTCACCATGA,Arabidopsis thaliana,root,proximal meristem,Mesophyll,false,organ_context_prior,organ_context_prior
arabidopsis_lateral_root_founder_atlas:S1h_ACTTATCCAGGAGGAG,Arabidopsis thaliana,root,proximal meristem,Mesophyll,false,organ_context_prior,organ_context_prior
arabidopsis_lateral_root_founder_atlas:S1h_AGAACAACACATCATG,Arabidopsis thaliana,root,proximal meristem,Mesophyll,false,organ_context_prior,organ_context_prior
arabidopsis_lateral_root_founder_atlas:S1h_AGAAGTATCGAGAACG,Arabidopsis thaliana,root,proximal meristem,Mesophyll,false,organ_context_prior,organ_context_prior
arabidopsis_lateral_root_founder_atlas:S1h_AGCATCAAGAGGTTTA,Arabidopsis thaliana,root,proximal meristem,Mesophyll,false,organ_context_prior,organ_context_prior
arabidopsis_lateral_root_founder_atlas:S1h_AGGCTGCTCACTTGTT,Arabidopsis thaliana,root,proximal meristem,Mesophyll,false,organ_context_prior,organ_context_prior
arabidopsis_lateral_root_founder_atlas:S1h_CAAGAGGTCCACAGCG,Arabidopsis thaliana,root,proximal meristem,Mesophyll,false,organ_context_prior,organ_context_prior
arabidopsis_lateral_root_founder_atlas:S1h_CAGCAATTCGGAATGG,Arabidopsis thaliana,root,proximal meristem,Mesophyll,false,organ_context_prior,organ_context_prior
arabidopsis_lateral_root_founder_atlas:S1h_CATCAAGAGTTTGAGA,Arabidopsis thaliana,root,proximal meristem,Mesophyll,false,organ_context_prior,organ_context_prior
arabidopsis_lateral_root_founder_atlas:S1h_CATGGTAGTTCCGGTG,Arabidopsis thaliana,root,proximal meristem,Mesophyll,false,organ_context_prior,organ_context_prior
arabidopsis_lateral_root_founder_atlas:S1h_CGTAATGTCTCTTAAC,Arabidopsis thaliana,root,proximal meristem,Mesophyll,false,organ_context_prior,organ_context_prior
arabidopsis_lateral_root_founder_atlas:S1h_CTAGACAGTTATAGCC,Arabidopsis thaliana,root,proximal meristem,Mesophyll,false,organ_context_prior,organ_context_prior
arabidopsis_lateral_root_founder_atlas:S1h_CTGTGGGTCCTTATGT,Arabidopsis thaliana,root,proximal meristem,Mesophyll,false,organ_context_prior,organ_context_prior
arabidopsis_lateral_root_founder_atlas:S1h_GTGATGTGTTTCGCTC,Arabidopsis thaliana,root,proximal meristem,Mesophyll,false,organ_context_prior,organ_context_prior
arabidopsis_lateral_root_founder_atlas:S1h_GTGGAGACAATCGTCA,Arabidopsis thaliana,root,proximal meristem,Mesophyll,false,organ_context_prior,organ_context_prior
arabidopsis_lateral_root_founder_atlas:S1h_TAAGCCACACCAAATC,Arabidopsis thaliana,root,proximal meristem,Mesophyll,false,organ_context_prior,organ_context_prior
arabidopsis_lateral_root_founder_atlas:S1h_TCAGTTTTCCACGGAC,Arabidopsis thaliana,root,proximal meristem,Mesophyll,false,organ_context_prior,organ_context_prior
arabidopsis_lateral_root_founder_atlas:S1h_TCATTACAGCGTTGTT,Arabidopsis thaliana,root,proximal meristem,Mesophyll,false,organ_context_prior,organ_context_prior
arabidopsis_lateral_root_founder_atlas:S1h_TCCTTTCAGTTTCGGT,Arabidopsis thaliana,root,proximal meristem,Mesophyll,false,organ_context_prior,organ_context_prior
arabidopsis_lateral_root_founder_atlas:S3h_AAACGCTGTCTACAAC,Arabidopsis thaliana,root,proximal meristem,Mesophyll,false,organ_context_prior,organ_context_prior
arabidopsis_lateral_root_founder_atlas:S3h_ACGATGTGTGATAGTA,Arabidopsis thaliana,root,proximal meristem,Mesophyll,false,organ_context_prior,organ_context_prior
arabidopsis_lateral_root_founder_atlas:S3h_AGCGCTGTCTCTTGCG,Arabidopsis thaliana,root,proximal meristem,Mesophyll,false,organ_context_prior,organ_context_prior
arabidopsis_lateral_root_founder_atlas:S3h_ATGAAAGGTACGATGG,Arabidopsis thaliana,root,proximal meristem,Mesophyll,false,organ_context_prior,organ_context_prior
arabidopsis_lateral_root_founder_atlas:S3h_CCCGAAGTCCGCGGAT,Arabidopsis thaliana,root,proximal meristem,Mesophyll,false,organ_context_prior,organ_context_prior
arabidopsis_lateral_root_founder_atlas:S3h_CGATGCGTCACCACAA,Arabidopsis thaliana,root,proximal meristem,Mesophyll,false,organ_context_prior,organ_context_prior
arabidopsis_lateral_root_founder_atlas:S3h_GAACTGTCACCGTCTT,Arabidopsis thaliana,root,proximal meristem,Mesophyll,false,organ_context_prior,organ_context_prior
arabidopsis_lateral_root_founder_atlas:S3h_GACCCAGTCAATGCAC,Arabidopsis thaliana,root,proximal meristem,Mesophyll,false,organ_context_prior,organ_context_prior
arabidopsis_lateral_root_founder_atlas:S3h_GACGCTGAGTATAGAC,Arabidopsis thaliana,root,proximal meristem,Mesophyll,false,organ_context_prior,organ_context_prior
arabidopsis_lateral_root_founder_atlas:S3h_GAGTGAGCACCCTGTT,Arabidopsis thaliana,root,proximal meristem,Mesophyll,false,organ_context_prior,organ_context_prior
arabidopsis_lateral_root_founder_atlas:S3h_GATCACATCAGTGCGC,Arabidopsis thaliana,root,proximal meristem,Mesophyll,false,organ_context_prior,organ_context_prior
arabidopsis_lateral_root_founder_atlas:S3h_GTCCTCATCATTGCCC,Arabidopsis thaliana,root,proximal meristem,Mesophyll,false,organ_context_prior,organ_context_prior
arabidopsis_lateral_root_founder_atlas:S3h_GTTTACTAGCAGAAAG,Arabidopsis thaliana,root,proximal meristem,Mesophyll,false,organ_context_prior,organ_context_prior
arabidopsis_lateral_root_founder_atlas:S3h_TCACTCGAGTTGGACG,Arabidopsis thaliana,root,proximal meristem,Mesophyll,false,organ_context_prior,organ_context_prior
arabidopsis_lateral_root_founder_atlas:S3h_TCAGTCCCATTCACAG,Arabidopsis thaliana,root,proximal meristem,Mesophyll,false,organ_context_prior,organ_context_prior
arabidopsis_lateral_root_founder_atlas:S3h_TTGCATTTCATTGAGC,Arabidopsis thaliana,root,proximal meristem,Mesophyll,false,organ_context_prior,organ_context_prior
arabidopsis_lateral_root_founder_atlas:S3h_TTGTGTTTCGTTCTGC,Arabidopsis thaliana,root,proximal meristem,Mesophyll,false,organ_context_prior,organ_context_prior
arabidopsis_lateral_root_founder_atlas:S6h_CACTAAGCATGTTCGA,Arabidopsis thaliana,root,proximal meristem,Mesophyll,false,organ_context_prior,organ_context_prior
arabidopsis_lateral_root_founder_atlas:S6h_TCCTCCCGTAGCGTAG,Arabidopsis thaliana,root,proximal meristem,Mesophyll,false,organ_context_prior,organ_context_prior
arabidopsis_lateral_root_founder_atlas:S6h_TGCATCCGTTGGCCTG,Arabidopsis thaliana,root,proximal meristem,Mesophyll,false,organ_context_prior,organ_context_prior
arabidopsis_lateral_root_founder_atlas:S0h_CTGTATTCACACCGCA,Arabidopsis thaliana,root,endodermis,Mesophyll,false,organ_context_prior,organ_context_prior
arabidopsis_lateral_root_founder_atlas:S0h_TAGGGTTGTGTTGATC,Arabidopsis thaliana,root,endodermis,Mesophyll,false,organ_context_prior,organ_context_prior
arabidopsis_lateral_root_founder_atlas:S1h_CAAGAGGGTATCCCTC,Arabidopsis thaliana,root,endodermis,Mesophyll,false,organ_context_prior,organ_context_prior
arabidopsis_lateral_root_founder_atlas:S1h_TTGGGCGGTGGGCTTC,Arabidopsis thaliana,root,endodermis,Mesophyll,false,organ_context_prior,organ_context_prior
arabidopsis_lateral_root_founder_atlas:S3h_ACTTTCAGTAGCGTTT,Arabidopsis thaliana,root,endodermis,Mesophyll,false,organ_context_prior,organ_context_prior
arabidopsis_lateral_root_founder_atlas:S3h_CGGGTGTAGTTAGTAG,Arabidopsis thaliana,root,endodermis,Mesophyll,false,organ_context_prior,organ_context_prior
arabidopsis_lateral_root_founder_atlas:S3h_GAGACCCTCGGAGTAG,Arabidopsis thaliana,root,endodermis,Mesophyll,false,organ_context_prior,organ_context_prior
arabidopsis_lateral_root_founder_atlas:S3h_GAGTTGTGTAGCACAG,Arabidopsis thaliana,root,endodermis,Mesophyll,false,organ_context_prior,organ_context_prior
arabidopsis_lateral_root_founder_atlas:S3h_GTGAGCCGTGAATTGA,Arabidopsis thaliana,root,endodermis,Mesophyll,false,organ_context_prior,organ_context_prior
arabidopsis_lateral_root_founder_atlas:S3h_TGGAGAGCATGTTCGA,Arabidopsis thaliana,root,endodermis,Mesophyll,false,organ_context_prior,organ_context_prior
arabidopsis_lateral_root_founder_atlas:S6h_AGTACTGAGTAAGCAT,Arabidopsis thaliana,root,endodermis,Mesophyll,false,organ_context_prior,organ_context_prior
arabidopsis_lateral_root_founder_atlas:S6h_ATCGTGAAGTAAACAC,Arabidopsis thaliana,root,endodermis,Mesophyll,false,organ_context_prior,organ_context_prior
arabidopsis_lateral_root_founder_atlas:S6h_ATCTTCACAGTGTATC,Arabidopsis thaliana,root,endodermis,Mesophyll,false,organ_context_prior,organ_context_prior
arabidopsis_lateral_root_founder_atlas:S6h_CATCCACCACGATAGG,Arabidopsis thaliana,root,endodermis,Mesophyll,false,organ_context_prior,organ_context_prior
arabidopsis_lateral_root_founder_atlas:S6h_CCACACTTCGCAACAT,Arabidopsis thaliana,root,endodermis,Mesophyll,false,organ_context_prior,organ_context_prior
arabidopsis_lateral_root_founder_atlas:S6h_CCTATCGAGTTGAAGT,Arabidopsis thaliana,root,endodermis,Mesophyll,false,organ_context_prior,organ_context_prior
arabidopsis_lateral_root_founder_atlas:S6h_CGAGAAGTCCATATGG,Arabidopsis thaliana,root,endodermis,Mesophyll,false,organ_context_prior,organ_context_prior
arabidopsis_lateral_root_founder_atlas:S6h_CGTCAAACAACAACAA,Arabidopsis thaliana,root,endodermis,Mesophyll,false,organ_context_prior,organ_context_prior
arabidopsis_lateral_root_founder_atlas:S6h_GATCACACAGAGGCAT,Arabidopsis thaliana,root,endodermis,Mesophyll,false,organ_context_prior,organ_context_prior
arabidopsis_lateral_root_founder_atlas:S6h_GCTTTCGGTCCCTGAG,Arabidopsis thaliana,root,endodermis,Mesophyll,false,organ_context_prior,organ_context_prior
arabidopsis_lateral_root_founder_atlas:S6h_TAACCAGTCGCGCTGA,Arabidopsis thaliana,root,endodermis,Mesophyll,false,organ_context_prior,organ_context_prior
arabidopsis_lateral_root_founder_atlas:S6h_TCCGAAAGTTGGGATG,Arabidopsis thaliana,root,endodermis,Mesophyll,false,organ_context_prior,organ_context_prior
arabidopsis_lateral_root_founder_atlas:S6h_TCCGATCCAGTTCCAA,Arabidopsis thaliana,root,endodermis,Mesophyll,false,organ_context_prior,organ_context_prior
arabidopsis_lateral_root_founder_atlas:S6h_TCGCAGGGTCTGCAAT,Arabidopsis thaliana,root,endodermis,Mesophyll,false,organ_context_prior,organ_context_prior
arabidopsis_lateral_root_founder_atlas:S6h_TGATGCATCAGCGTCG,Arabidopsis thaliana,root,endodermis,Mesophyll,false,organ_context_prior,organ_context_prior
arabidopsis_lateral_root_founder_atlas:S6h_TGCTCCAGTGGGTCAA,Arabidopsis thaliana,root,endodermis,Mesophyll,false,organ_context_prior,organ_context_prior
arabidopsis_lateral_root_founder_atlas:S3h_CTACGGGGTAGTGCGA,Arabidopsis thaliana,root,stem cell niche,Mesophyll,false,organ_context_prior,organ_context_prior
arabidopsis_lateral_root_founder_atlas:S3h_GATCACAAGCTAAGTA,Arabidopsis thaliana,root,stem cell niche,Mesophyll,false,organ_context_prior,organ_context_prior
arabidopsis_lateral_root_founder_atlas:S6h_CAGATCAAGACATGCG,Arabidopsis thaliana,root,stem cell niche,Mesophyll,false,organ_context_prior,organ_context_prior
arabidopsis_lateral_root_founder_atlas:S6h_GGCAGTCTCCGCAAAT,Arabidopsis thaliana,root,stem cell niche,Mesophyll,false,organ_context_prior,organ_context_prior
arabidopsis_lateral_root_founder_atlas:S3h_ACTCTCGTCTACTGCC,Arabidopsis thaliana,root,stem cell niche,Mesophyll,false,organ_context_prior,organ_context_prior
arabidopsis_lateral_root_founder_atlas:S3h_ACTTTGTGTCACTCTC,Arabidopsis thaliana,root,stem cell niche,Mesophyll,false,organ_context_prior,organ_context_prior
arabidopsis_lateral_root_founder_atlas:S3h_AGCATCACACGAGAAC,Arabidopsis thaliana,root,stem cell niche,Mesophyll,false,organ_context_prior,organ_context_prior
arabidopsis_lateral_root_founder_atlas:S3h_AGGGTGATCCCATTCG,Arabidopsis thaliana,root,stem cell niche,Mesophyll,false,organ_context_prior,organ_context_prior
arabidopsis_lateral_root_founder_atlas:S3h_CCAAGCGAGGAATTAC,Arabidopsis thaliana,root,stem cell niche,Mesophyll,false,organ_context_prior,organ_context_prior
arabidopsis_lateral_root_founder_atlas:S3h_CCTCATGCAACCACGC,Arabidopsis thaliana,root,stem cell niche,Mesophyll,false,organ_context_prior,organ_context_prior
arabidopsis_lateral_root_founder_atlas:S3h_GTCGAATCAGACCATT,Arabidopsis thaliana,root,stem cell niche,Mesophyll,false,organ_context_prior,organ_context_prior
arabidopsis_lateral_root_founder_atlas:S3h_GTGTGATAGAGCAGCT,Arabidopsis thaliana,root,stem cell niche,Mesophyll,false,organ_context_prior,organ_context_prior
arabidopsis_lateral_root_founder_atlas:S3h_TATTGCTGTACTAACC,Arabidopsis thaliana,root,stem cell niche,Mesophyll,false,organ_context_prior,organ_context_prior
arabidopsis_lateral_root_founder_atlas:S3h_TTCTTCCTCTGCCCTA,Arabidopsis thaliana,root,stem cell niche,Mesophyll,false,organ_context_prior,organ_context_prior
arabidopsis_lateral_root_founder_atlas:S6h_AAACGAAGTATTCCGA,Arabidopsis thaliana,root,stem cell niche,Mesophyll,false,organ_context_prior,organ_context_prior
arabidopsis_lateral_root_founder_atlas:S6h_AAAGAACCATGTACGT,Arabidopsis thaliana,root,stem cell niche,Mesophyll,false,organ_context_prior,organ_context_prior
arabidopsis_lateral_root_founder_atlas:S6h_ACTTCCGCAACACGAG,Arabidopsis thaliana,root,stem cell niche,Mesophyll,false,organ_context_prior,organ_context_prior
arabidopsis_lateral_root_founder_atlas:S6h_AGGCATTGTGGCATCC,Arabidopsis thaliana,root,stem cell niche,Mesophyll,false,organ_context_prior,organ_context_prior
arabidopsis_lateral_root_founder_atlas:S6h_AGGCTGCTCGGTCGGT,Arabidopsis thaliana,root,stem cell niche,Mesophyll,false,organ_context_prior,organ_context_prior
arabidopsis_lateral_root_founder_atlas:S6h_ATCATTCCAGTGAGCA,Arabidopsis thaliana,root,stem cell niche,Mesophyll,false,organ_context_prior,organ_context_prior
arabidopsis_lateral_root_founder_atlas:S6h_CAATTTCGTCGATTTG,Arabidopsis thaliana,root,stem cell niche,Mesophyll,false,organ_context_prior,organ_context_prior
arabidopsis_lateral_root_founder_atlas:S6h_CCTCCTCTCTTTCGAT,Arabidopsis thaliana,root,stem cell niche,Mesophyll,false,organ_context_prior,organ_context_prior
arabidopsis_lateral_root_founder_atlas:S6h_CTACAGAGTCACAGTT,Arabidopsis thaliana,root,stem cell niche,Mesophyll,false,organ_context_prior,organ_context_prior
arabidopsis_lateral_root_founder_atlas:S6h_CTATCTACACAAGCTT,Arabidopsis thaliana,root,stem cell niche,Mesophyll,false,organ_context_prior,organ_context_prior
arabidopsis_lateral_root_founder_atlas:S6h_CTGTAGATCGTGGAAG,Arabidopsis thaliana,root,stem cell niche,Mesophyll,false,organ_context_prior,organ_context_prior
arabidopsis_lateral_root_founder_atlas:S6h_GCAACATCACAATGCT,Arabidopsis thaliana,root,stem cell niche,Mesophyll,false,organ_context_prior,organ_context_prior
arabidopsis_lateral_root_founder_atlas:S6h_GCTGGGTGTAAGGCCA,Arabidopsis thaliana,root,stem cell niche,Mesophyll,false,organ_context_prior,organ_context_prior
arabidopsis_lateral_root_founder_atlas:S6h_TACTTACTCTGATTCT,Arabidopsis thaliana,root,stem cell niche,Mesophyll,false,organ_context_prior,organ_context_prior
arabidopsis_lateral_root_founder_atlas:S6h_TCAAGCACAGGAGGTT,Arabidopsis thaliana,root,stem cell niche,Mesophyll,false,organ_context_prior,organ_context_prior
arabidopsis_lateral_root_founder_atlas:S6h_TCAGGTAGTTCAGGTT,Arabidopsis thaliana,root,stem cell niche,Mesophyll,false,organ_context_prior,organ_context_prior
arabidopsis_lateral_root_founder_atlas:S6h_TCTCAGCTCTTACACT,Arabidopsis thaliana,root,stem cell niche,Mesophyll,false,organ_context_prior,organ_context_prior
arabidopsis_lateral_root_founder_atlas:S6h_TGGATGTTCGACATTG,Arabidopsis thaliana,root,stem cell niche,Mesophyll,false,organ_context_prior,organ_context_prior
arabidopsis_lateral_root_founder_atlas:S6h_TGTCCCACAAAGACGC,Arabidopsis thaliana,root,stem cell niche,Mesophyll,false,organ_context_prior,organ_context_prior
arabidopsis_lateral_root_founder_atlas:S1h_TCAAGTGAGTGAACAT,Arabidopsis thaliana,root,stem cell niche,Mesophyll,false,organ_context_prior,organ_context_prior
arabidopsis_lateral_root_founder_atlas:S3h_ATTGTTCAGTCTCCTC,Arabidopsis thaliana,root,stem cell niche,Mesophyll,false,organ_context_prior,organ_context_prior
arabidopsis_lateral_root_founder_atlas:S3h_CTCACTGCAATAGGAT,Arabidopsis thaliana,root,stem cell niche,Mesophyll,false,organ_context_prior,organ_context_prior
arabidopsis_lateral_root_founder_atlas:S3h_GCCGTGACAAACCGGA,Arabidopsis thaliana,root,stem cell niche,Mesophyll,false,organ_context_prior,organ_context_prior
arabidopsis_lateral_root_founder_atlas:S3h_TACCCGTGTCGTTTCC,Arabidopsis thaliana,root,stem cell niche,Mesophyll,false,organ_context_prior,organ_context_prior
arabidopsis_lateral_root_founder_atlas:S3h_TGCATGAGTTACCTTT,Arabidopsis thaliana,root,stem cell niche,Mesophyll,false,organ_context_prior,organ_context_prior
arabidopsis_lateral_root_founder_atlas:S3h_TGTCCACGTGTATTGC,Arabidopsis thaliana,root,stem cell niche,Mesophyll,false,organ_context_prior,organ_context_prior
arabidopsis_lateral_root_founder_atlas:S3h_GTTTACTTCTACCTTA,Arabidopsis thaliana,root,stem cell niche,Mesophyll,false,organ_context_prior,organ_context_prior
arabidopsis_lateral_root_founder_atlas:S6h_AAAGGATGTCCTTGTC,Arabidopsis thaliana,root,stem cell niche,Mesophyll,false,organ_context_prior,organ_context_prior
arabidopsis_lateral_root_founder_atlas:S6h_CCTACGTCATGACTCA,Arabidopsis thaliana,root,stem cell niche,Mesophyll,false,organ_context_prior,organ_context_prior
arabidopsis_lateral_root_founder_atlas:S6h_GGAATGGGTTACGCCG,Arabidopsis thaliana,root,stem cell niche,Mesophyll,false,organ_context_prior,organ_context_prior
arabidopsis_lateral_root_founder_atlas:S6h_GTAACCAGTCTGCCTT,Arabidopsis thaliana,root,stem cell niche,Mesophyll,false,organ_context_prior,organ_context_prior
scplantdb_CRA006988:CRX443755@@_AAGCCGCTCCGCGCAA-1,Brassica rapa,leaf,Vascular tissue,Mesophyll,true,organ_context_prior,organ_context_prior
scplantdb_CRA006988:CRX443755@@_ACATCAGGTAAGAGGA-1,Brassica rapa,leaf,Mesophyll,Mesophyll,true,organ_context_prior,organ_context_prior
scplantdb_CRA006988:CRX443755@@_ACCGTAAAGCCGGTAA-1,Brassica rapa,leaf,Mesophyll,Mesophyll,true,organ_context_prior,organ_context_prior
scplantdb_CRA006988:CRX443755@@_ACCGTAAGTTCGGCAC-1,Brassica rapa,leaf,Mesophyll,Mesophyll,true,organ_context_prior,organ_context_prior
scplantdb_CRA006988:CRX443755@@_ACCTTTATCTTGAGGT-1,Brassica rapa,leaf,Mesophyll,Mesophyll,true,organ_context_prior,organ_context_prior
scplantdb_CRA006988:CRX443755@@_ACGATGTCAAGCGCTC-1,Brassica rapa,leaf,Leaf epidermis,Mesophyll,true,organ_context_prior,organ_context_prior
scplantdb_CRA006988:CRX443755@@_ACGGCCATCCTGTAGA-1,Brassica rapa,leaf,Leaf epidermis,Mesophyll,true,organ_context_prior,organ_context_prior
scplantdb_CRA006988:CRX443755@@_ACGGGCTGTTAGTGGG-1,Brassica rapa,leaf,Leaf epidermis,Mesophyll,true,organ_context_prior,organ_context_prior
scplantdb_CRA006988:CRX443755@@_ACTGTCCGTAACGTTC-1,Brassica rapa,leaf,Mesophyll,Mesophyll,true,organ_context_prior,organ_context_prior
scplantdb_CRA006988:CRX443755@@_AGATTGCCACTAGTAC-1,Brassica rapa,leaf,Mesophyll,Mesophyll,true,organ_context_prior,organ_context_prior
scplantdb_CRA006988:CRX443755@@_AGCGTATAGCTGCAAG-1,Brassica rapa,leaf,Mesophyll,Mesophyll,true,organ_context_prior,organ_context_prior
scplantdb_CRA006988:CRX443755@@_AGCGTATGTACCATCA-1,Brassica rapa,leaf,Leaf epidermis,Mesophyll,true,organ_context_prior,organ_context_prior
scplantdb_CRA006988:CRX443755@@_CAAGGCCAGGAGTCTG-1,Brassica rapa,leaf,Leaf epidermis,Mesophyll,true,organ_context_prior,organ_context_prior
scplantdb_CRA006988:CRX443755@@_CACATAGCATTACCTT-1,Brassica rapa,leaf,Bundle sheath,Mesophyll,false,organ_context_prior,organ_context_prior
scplantdb_CRA006988:CRX443755@@_CACATTTGTTACGTCA-1,Brassica rapa,leaf,Mesophyll,Mesophyll,true,organ_context_prior,organ_context_prior
scplantdb_CRA006988:CRX443755@@_CACTCCATCTGTCAAG-1,Brassica rapa,leaf,Leaf epidermis,Mesophyll,true,organ_context_prior,organ_context_prior
scplantdb_CRA006988:CRX443755@@_CATCGGGAGATGAGAG-1,Brassica rapa,leaf,Leaf epidermis,Mesophyll,true,organ_context_prior,organ_context_prior
scplantdb_CRA006988:CRX443755@@_CCCAATCCAAGCCGCT-1,Brassica rapa,leaf,Leaf epidermis,Mesophyll,true,organ_context_prior,organ_context_prior
scplantdb_CRA006988:CRX443755@@_CCGGGATAGATGTGGC-1,Brassica rapa,leaf,Leaf epidermis,Mesophyll,true,organ_context_prior,organ_context_prior
scplantdb_CRA006988:CRX443755@@_CCTCAGTCATCTCCCA-1,Brassica rapa,leaf,Mesophyll,Mesophyll,true,organ_context_prior,organ_context_prior
scplantdb_CRA006988:CRX443755@@_CCTTACGGTTGGACCC-1,Brassica rapa,leaf,Mesophyll,Mesophyll,true,organ_context_prior,organ_context_prior
scplantdb_CRA006988:CRX443755@@_CGACCTTAGAAGAAGC-1,Brassica rapa,leaf,Bundle sheath,Mesophyll,false,organ_context_prior,organ_context_prior
scplantdb_CRA006988:CRX443755@@_CGGACTGCAAACTGTC-1,Brassica rapa,leaf,Vascular tissue,Mesophyll,true,organ_context_prior,organ_context_prior
scplantdb_CRA006988:CRX443755@@_CGTGTCTGTAGCTTGT-1,Brassica rapa,leaf,Meristematic cell,Mesophyll,true,organ_context_prior,organ_context_prior
scplantdb_CRA006988:CRX443755@@_CTCGGAGCAATAAGCA-1,Brassica rapa,leaf,Leaf epidermis,Mesophyll,true,organ_context_prior,organ_context_prior
scplantdb_CRA006988:CRX443755@@_CTCTGGTCACCCAGTG-1,Brassica rapa,leaf,Mesophyll,Mesophyll,true,organ_context_prior,organ_context_prior
scplantdb_CRA006988:CRX443755@@_CTGTGCTAGCGTGAAC-1,Brassica rapa,leaf,Bundle sheath,Mesophyll,false,organ_context_prior,organ_context_prior
scplantdb_CRA006988:CRX443755@@_CTTCTCTCACCGATAT-1,Brassica rapa,leaf,Leaf epidermis,Mesophyll,true,organ_context_prior,organ_context_prior
scplantdb_CRA006988:CRX443755@@_CTTGGCTGTTTGTTGG-1,Brassica rapa,leaf,Meristematic cell,Mesophyll,true,organ_context_prior,organ_context_prior
scplantdb_CRA006988:CRX443755@@_GAATAAGTCCCTCAGT-1,Brassica rapa,leaf,Mesophyll,Mesophyll,true,organ_context_prior,organ_context_prior
scplantdb_CRA006988:CRX443755@@_GACACGCTCCGTTGCT-1,Brassica rapa,leaf,Leaf epidermis,Mesophyll,true,organ_context_prior,organ_context_prior
scplantdb_CRA006988:CRX443755@@_GACTGCGCATTTCAGG-1,Brassica rapa,leaf,Leaf epidermis,Mesophyll,true,organ_context_prior,organ_context_prior
scplantdb_CRA006988:CRX443755@@_GATCGATCATGTCTCC-1,Brassica rapa,leaf,Leaf epidermis,Mesophyll,true,organ_context_prior,organ_context_prior
scplantdb_CRA006988:CRX443755@@_GATCGATGTAGCAAAT-1,Brassica rapa,leaf,Leaf epidermis,Mesophyll,true,organ_context_prior,organ_context_prior
scplantdb_CRA006988:CRX443755@@_GGAGCAACAGACGCAA-1,Brassica rapa,leaf,Leaf epidermis,Mesophyll,true,organ_context_prior,organ_context_prior
scplantdb_CRA006988:CRX443755@@_GGCGACTGTCTAGTCA-1,Brassica rapa,leaf,Mesophyll,Mesophyll,true,organ_context_prior,organ_context_prior
scplantdb_CRA006988:CRX443755@@_GGGAGATAGAGAGCTC-1,Brassica rapa,leaf,Mesophyll,Mesophyll,true,organ_context_prior,organ_context_prior
scplantdb_CRA006988:CRX443755@@_GGGTTGCAGAGTAATC-1,Brassica rapa,leaf,Mesophyll,Mesophyll,true,organ_context_prior,organ_context_prior
scplantdb_CRA006988:CRX443755@@_GTACGTAAGCGCTTAT-1,Brassica rapa,leaf,Mesophyll,Mesophyll,true,organ_context_prior,organ_context_prior
scplantdb_CRA006988:CRX443755@@_GTACGTACATCACGTA-1,Brassica rapa,leaf,Leaf epidermis,Mesophyll,true,organ_context_prior,organ_context_prior
scplantdb_CRA006988:CRX443755@@_GTCACGGCACGGCCAT-1,Brassica rapa,leaf,Bundle sheath,Mesophyll,false,organ_context_prior,organ_context_prior
scplantdb_CRA006988:CRX443755@@_GTCGGGTCACGAGGTA-1,Brassica rapa,leaf,Mesophyll,Mesophyll,true,organ_context_prior,organ_context_prior
scplantdb_CRA006988:CRX443755@@_TACCTTATCGGTTCGG-1,Brassica rapa,leaf,Bundle sheath,Mesophyll,false,organ_context_prior,organ_context_prior
scplantdb_CRA006988:CRX443755@@_TACGGATCAATGTAAG-1,Brassica rapa,leaf,Bundle sheath,Mesophyll,false,organ_context_prior,organ_context_prior
scplantdb_CRA006988:CRX443755@@_TACTCGCTCAGCTGGC-1,Brassica rapa,leaf,Mesophyll,Mesophyll,true,organ_context_prior,organ_context_prior
scplantdb_CRA006988:CRX443755@@_TACTTGTTCGGAAACG-1,Brassica rapa,leaf,Leaf epidermis,Mesophyll,true,organ_context_prior,organ_context_prior
scplantdb_CRA006988:CRX443755@@_TCACAAGGTTCCACTC-1,Brassica rapa,leaf,Leaf epidermis,Mesophyll,true,organ_context_prior,organ_context_prior
scplantdb_CRA006988:CRX443755@@_TCCACACTCTGGAGCC-1,Brassica rapa,leaf,Leaf epidermis,Mesophyll,true,organ_context_prior,organ_context_prior
scplantdb_CRA006988:CRX443755@@_TCGGGACAGATGGGTC-1,Brassica rapa,leaf,Mesophyll,Mesophyll,true,organ_context_prior,organ_context_prior
scplantdb_CRA006988:CRX443755@@_TGCGCAGAGTGATCGG-1,Brassica rapa,leaf,Mesophyll,Mesophyll,true,organ_context_prior,organ_context_prior
scplantdb_CRA006988:CRX443755@@_TGTATTCGTGCCTTGG-1,Brassica rapa,leaf,Mesophyll,Mesophyll,true,organ_context_prior,organ_context_prior
scplantdb_CRA006988:CRX443755@@_TGTTCCGCAGCTTCGG-1,Brassica rapa,leaf,Meristematic cell,Mesophyll,true,organ_context_prior,organ_context_prior
scplantdb_CRA006988:CRX443755@@_TGTTCCGTCCTTTCTC-1,Brassica rapa,leaf,Leaf epidermis,Mesophyll,true,organ_context_prior,organ_context_prior
scplantdb_CRA006988:CRX443755@@_TTGCGTCCATTGTGCA-1,Brassica rapa,leaf,Leaf epidermis,Mesophyll,true,organ_context_prior,organ_context_prior
scplantdb_CRA006988:CRX443756@@_AAAGTGAAGGTGCTGA-1,Brassica rapa,leaf,Mesophyll,Mesophyll,true,organ_context_prior,organ_context_prior
scplantdb_CRA006988:CRX443756@@_AAGGTAAGTTAGGAGC-1,Brassica rapa,leaf,Vascular tissue,Mesophyll,true,organ_context_prior,organ_context_prior
scplantdb_CRA006988:CRX443756@@_AATGACCTCCCAGGAC-1,Brassica rapa,leaf,Meristematic cell,Mesophyll,true,organ_context_prior,organ_context_prior
scplantdb_CRA006988:CRX443756@@_ACATTTCCACCTGATA-1,Brassica rapa,leaf,Mesophyll,Mesophyll,true,organ_context_prior,organ_context_prior
scplantdb_CRA006988:CRX443756@@_ACTCTCGTCTGGACTA-1,Brassica rapa,leaf,Meristematic cell,Mesophyll,true,organ_context_prior,organ_context_prior
scplantdb_CRA006988:CRX443756@@_ACTTATCCACGGGTAA-1,Brassica rapa,leaf,Bundle sheath,Mesophyll,false,organ_context_prior,organ_context_prior
scplantdb_CRA006988:CRX443756@@_AGAGCCCTCCGATAGT-1,Brassica rapa,leaf,Meristematic cell,Mesophyll,true,organ_context_prior,organ_context_prior
scplantdb_CRA006988:CRX443756@@_AGCTACACACCTGAAT-1,Brassica rapa,leaf,Vascular tissue,Mesophyll,true,organ_context_prior,organ_context_prior
scplantdb_CRA006988:CRX443756@@_AGGACTTCATTGGATC-1,Brassica rapa,leaf,Leaf epidermis,Mesophyll,true,organ_context_prior,organ_context_prior
scplantdb_CRA006988:CRX443756@@_ATCGATGTCCATCCGT-1,Brassica rapa,leaf,Phloem,Mesophyll,true,organ_context_prior,organ_context_prior
scplantdb_CRA006988:CRX443756@@_ATCTCTATCTACGCGG-1,Brassica rapa,leaf,Vascular tissue,Mesophyll,true,organ_context_prior,organ_context_prior
scplantdb_CRA006988:CRX443756@@_ATGCGATCAGGCCCTA-1,Brassica rapa,leaf,Mesophyll,Mesophyll,true,organ_context_prior,organ_context_prior
scplantdb_CRA006988:CRX443756@@_CAAGACTAGTACTGGG-1,Brassica rapa,leaf,Mesophyll,Mesophyll,true,organ_context_prior,organ_context_prior
scplantdb_CRA006988:CRX443756@@_CAGCCAGTCGTGGTAT-1,Brassica rapa,leaf,Mesophyll,Mesophyll,true,organ_context_prior,organ_context_prior
scplantdb_CRA006988:CRX443756@@_CCCTAACCAGAAGTTA-1,Brassica rapa,leaf,Mesophyll,Mesophyll,true,organ_context_prior,organ_context_prior
scplantdb_CRA006988:CRX443756@@_CCCTCTCGTCGTTGCG-1,Brassica rapa,leaf,Leaf epidermis,Mesophyll,true,organ_context_prior,organ_context_prior
scplantdb_CRA006988:CRX443756@@_CCTAAGAGTTTCCAAG-1,Brassica rapa,leaf,Vascular tissue,Mesophyll,true,organ_context_prior,organ_context_prior
scplantdb_CRA006988:CRX443756@@_CCTCTAGCATGAAGGC-1,Brassica rapa,leaf,Mesophyll,Mesophyll,true,organ_context_prior,organ_context_prior
scplantdb_CRA006988:CRX443756@@_CTCACTGTCCGTCACT-1,Brassica rapa,leaf,Vascular tissue,Mesophyll,true,organ_context_prior,organ_context_prior
scplantdb_CRA006988:CRX443756@@_CTCCACAGTTGTCAGT-1,Brassica rapa,leaf,Vascular tissue,Mesophyll,true,organ_context_prior,organ_context_prior
scplantdb_CRA006988:CRX443756@@_CTCCGATAGTTGCATC-1,Brassica rapa,leaf,Mesophyll,Mesophyll,true,organ_context_prior,organ_context_prior
scplantdb_CRA006988:CRX443756@@_CTCCTCCCAAGAATGT-1,Brassica rapa,leaf,Vascular tissue,Mesophyll,true,organ_context_prior,organ_context_prior
scplantdb_CRA006988:CRX443756@@_CTGCATCTCGGTAGAG-1,Brassica rapa,leaf,Meristematic cell,Mesophyll,true,organ_context_prior,organ_context_prior
scplantdb_CRA006988:CRX443756@@_CTGGACGGTCATCCGG-1,Brassica rapa,leaf,Leaf guard cell,Mesophyll,true,organ_context_prior,organ_context_prior
scplantdb_CRA006988:CRX443756@@_CTGGTCTGTCCAAATC-1,Brassica rapa,leaf,Mesophyll,Mesophyll,true,organ_context_prior,organ_context_prior
scplantdb_CRA006988:CRX443756@@_GACGTTAGTGTACATC-1,Brassica rapa,leaf,Vascular tissue,Mesophyll,true,organ_context_prior,organ_context_prior
scplantdb_CRA006988:CRX443756@@_GAGTGAGCAATGGGTG-1,Brassica rapa,leaf,Mesophyll,Mesophyll,true,organ_context_prior,organ_context_prior
scplantdb_CRA006988:CRX443756@@_GCCGTGAGTATGCAAA-1,Brassica rapa,leaf,Leaf epidermis,Mesophyll,true,organ_context_prior,organ_context_prior
scplantdb_CRA006988:CRX443756@@_GGGCGTTAGATTTGCC-1,Brassica rapa,leaf,Mesophyll,Mesophyll,true,organ_context_prior,organ_context_prior
scplantdb_CRA006988:CRX443756@@_GGGTCTGGTGGTTCTA-1,Brassica rapa,leaf,Mesophyll,Mesophyll,true,organ_context_prior,organ_context_prior
scplantdb_CRA006988:CRX443756@@_GGGTTTAGTCTCGGGT-1,Brassica rapa,leaf,Leaf epidermis,Mesophyll,true,organ_context_prior,organ_context_prior
scplantdb_CRA006988:CRX443756@@_GTGCGTGGTCGTGGTC-1,Brassica rapa,leaf,Mesophyll,Mesophyll,true,organ_context_prior,organ_context_prior
scplantdb_CRA006988:CRX443756@@_TAAGCACCAAAGTGTA-1,Brassica rapa,leaf,Meristematic cell,Mesophyll,true,organ_context_prior,organ_context_prior
scplantdb_CRA006988:CRX443756@@_TAGACTGAGGCATTTC-1,Brassica rapa,leaf,Meristematic cell,Mesophyll,true,organ_context_prior,organ_context_prior
scplantdb_CRA006988:CRX443756@@_TATCAGGAGGTCATAA-1,Brassica rapa,leaf,Bundle sheath,Mesophyll,false,organ_context_prior,organ_context_prior
scplantdb_CRA006988:CRX443756@@_TATTGCTCACTGGAAG-1,Brassica rapa,leaf,Leaf epidermis,Mesophyll,true,organ_context_prior,organ_context_prior
scplantdb_CRA006988:CRX443756@@_TCAAGACAGATAGGGA-1,Brassica rapa,leaf,Vascular tissue,Mesophyll,true,organ_context_prior,organ_context_prior
scplantdb_CRA006988:CRX443756@@_TCTCACGTCGAAATCC-1,Brassica rapa,leaf,Leaf epidermis,Mesophyll,true,organ_context_prior,organ_context_prior
scplantdb_CRA006988:CRX443756@@_TGCAGGCCATGGCCAC-1,Brassica rapa,leaf,Meristematic cell,Mesophyll,true,organ_context_prior,organ_context_prior
scplantdb_CRA006988:CRX443756@@_TGGAGAGCAATTTCGG-1,Brassica rapa,leaf,Bundle sheath,Mesophyll,false,organ_context_prior,organ_context_prior
scplantdb_CRA006988:CRX443756@@_TGGGATTGTCGGCTAC-1,Brassica rapa,leaf,Leaf epidermis,Mesophyll,true,organ_context_prior,organ_context_prior
scplantdb_CRA006988:CRX443756@@_TTAGGGTCAACCGACC-1,Brassica rapa,leaf,Leaf epidermis,Mesophyll,true,organ_context_prior,organ_context_prior
scplantdb_CRA006988:CRX443756@@_TTCAATCAGCTTCGTA-1,Brassica rapa,leaf,Leaf epidermis,Mesophyll,true,organ_context_prior,organ_context_prior
scplantdb_CRA006988:CRX443756@@_TTCACGCCACGGTGAA-1,Brassica rapa,leaf,Meristematic cell,Mesophyll,true,organ_context_prior,organ_context_prior
scplantdb_CRA006988:CRX443756@@_TTCCTCTGTCCAGGTC-1,Brassica rapa,leaf,Leaf epidermis,Mesophyll,true,organ_context_prior,organ_context_prior
scplantdb_CRA006988:CRX443756@@_TTGTTCATCGAACTCA-1,Brassica rapa,leaf,Leaf epidermis,Mesophyll,true,organ_context_prior,organ_context_prior
scplantdb_CRA006988:CRX443756@@_TTTGGAGGTCCCTCAT-1,Brassica rapa,leaf,Meristematic cell,Mesophyll,true,organ_context_prior,organ_context_prior
scplantdb_CRA006988:CRX443757@@_AACAACCGTAAGTAGT-1,Brassica rapa,leaf,Mesophyll,Mesophyll,true,organ_context_prior,organ_context_prior
scplantdb_CRA006988:CRX443757@@_AACCCAATCCATAGAC-1,Brassica rapa,leaf,Leaf epidermis,Mesophyll,true,organ_context_prior,organ_context_prior
scplantdb_CRA006988:CRX443757@@_ACAGGGAAGTGATTCC-1,Brassica rapa,leaf,Bundle sheath,Mesophyll,false,organ_context_prior,organ_context_prior
scplantdb_CRA006988:CRX443757@@_ACTGCAATCTCGGTAA-1,Brassica rapa,leaf,Vascular tissue,Mesophyll,true,organ_context_prior,organ_context_prior
scplantdb_CRA006988:CRX443757@@_AGAGCAGTCAATCAGC-1,Brassica rapa,leaf,Leaf epidermis,Mesophyll,true,organ_context_prior,organ_context_prior
scplantdb_CRA006988:CRX443757@@_AGGCTGCCATCCGTTC-1,Brassica rapa,leaf,Bundle sheath,Mesophyll,false,organ_context_prior,organ_context_prior
scplantdb_CRA006988:CRX443757@@_AGGGCTCGTTGATCGT-1,Brassica rapa,leaf,Bundle sheath,Mesophyll,false,organ_context_prior,organ_context_prior
scplantdb_CRA006988:CRX443757@@_AGTGACTCAAGCTGTT-1,Brassica rapa,leaf,Leaf epidermis,Mesophyll,true,organ_context_prior,organ_context_prior
scplantdb_CRA006988:CRX443757@@_AGTGATCTCCTCTCGA-1,Brassica rapa,leaf,Leaf epidermis,Mesophyll,true,organ_context_prior,organ_context_prior
scplantdb_CRA006988:CRX443757@@_AGTTCCCCATGATGCT-1,Brassica rapa,leaf,Meristematic cell,Mesophyll,true,organ_context_prior,organ_context_prior
scplantdb_CRA006988:CRX443757@@_ATTCAGGGTTCTCCCA-1,Brassica rapa,leaf,Mesophyll,Mesophyll,true,organ_context_prior,organ_context_prior
scplantdb_CRA006988:CRX443757@@_ATTCAGGTCATTTACC-1,Brassica rapa,leaf,Leaf epidermis,Mesophyll,true,organ_context_prior,organ_context_prior
scplantdb_CRA006988:CRX443757@@_ATTCCCGTCCTCTCGA-1,Brassica rapa,leaf,Leaf epidermis,Mesophyll,true,organ_context_prior,organ_context_prior
scplantdb_CRA006988:CRX443757@@_ATTCGTTTCTGTCTCG-1,Brassica rapa,leaf,Mesophyll,Mesophyll,true,organ_context_prior,organ_context_prior
scplantdb_CRA006988:CRX443757@@_CAACGATAGTAACCGG-1,Brassica rapa,leaf,Meristematic cell,Mesophyll,true,organ_context_prior,organ_context_prior
scplantdb_CRA006988:CRX443757@@_CAGAGCCTCAGTGTTG-1,Brassica rapa,leaf,Meristematic cell,Mesophyll,true,organ_context_prior,organ_context_prior
scplantdb_CRA006988:CRX443757@@_CATGCTCCACTAGTAC-1,Brassica rapa,leaf,Leaf epidermis,Mesophyll,true,organ_context_prior,organ_context_prior
scplantdb_CRA006988:CRX443757@@_CCATAAGAGTCATGAA-1,Brassica rapa,leaf,Leaf epidermis,Mesophyll,true,organ_context_prior,organ_context_prior
scplantdb_CRA006988:CRX443757@@_CCTCAACGTTGCAAGG-1,Brassica rapa,leaf,Mesophyll,Mesophyll,true,organ_context_prior,organ_context_prior
scplantdb_CRA006988:CRX443757@@_CCTCACAGTATGATCC-1,Brassica rapa,leaf,Meristematic cell,Mesophyll,true,organ_context_prior,organ_context_prior
scplantdb_CRA006988:CRX443757@@_CGTGTCTAGCTCACTA-1,Brassica rapa,leaf,Leaf epidermis,Mesophyll,true,organ_context_prior,organ_context_prior
scplantdb_CRA006988:CRX443757@@_CTACCCAGTTGAGGAC-1,Brassica rapa,leaf,Bundle sheath,Mesophyll,false,organ_context_prior,organ_context_prior
scplantdb_CRA006988:CRX443757@@_CTGCCATAGTGTGTTC-1,Brassica rapa,leaf,Bundle sheath,Mesophyll,false,organ_context_prior,organ_context_prior
scplantdb_CRA006988:CRX443757@@_CTGTAGAAGTCGTTAC-1,Brassica rapa,leaf,Mesophyll,Mesophyll,true,organ_context_prior,organ_context_prior
scplantdb_CRA006988:CRX443757@@_GACAGCCCAGTAGAAT-1,Brassica rapa,leaf,Meristematic cell,Mesophyll,true,organ_context_prior,organ_context_prior
scplantdb_CRA006988:CRX443757@@_GACTTCCAGTCCTGCG-1,Brassica rapa,leaf,Mesophyll,Mesophyll,true,organ_context_prior,organ_context_prior
scplantdb_CRA006988:CRX443757@@_GCCGATGGTGCAGTGA-1,Brassica rapa,leaf,Mesophyll,Mesophyll,true,organ_context_prior,organ_context_prior
scplantdb_CRA006988:CRX443757@@_GCGGATCTCGTTGTTT-1,Brassica rapa,leaf,Mesophyll,Mesophyll,true,organ_context_prior,organ_context_prior
scplantdb_CRA006988:CRX443757@@_GCGTTTCCAGCTATTG-1,Brassica rapa,leaf,Leaf epidermis,Mesophyll,true,organ_context_prior,organ_context_prior
scplantdb_CRA006988:CRX443757@@_GTTGCGGGTAGAGATT-1,Brassica rapa,leaf,Mesophyll,Mesophyll,true,organ_context_prior,organ_context_prior
scplantdb_CRA006988:CRX443757@@_TAATTCCGTTATGTGC-1,Brassica rapa,leaf,Bundle sheath,Mesophyll,false,organ_context_prior,organ_context_prior
scplantdb_CRA006988:CRX443757@@_TACGGTAAGGTCGAGT-1,Brassica rapa,leaf,Bundle sheath,Mesophyll,false,organ_context_prior,organ_context_prior
scplantdb_CRA006988:CRX443757@@_TATTGGGGTAACATAG-1,Brassica rapa,leaf,Vascular tissue,Mesophyll,true,organ_context_prior,organ_context_prior
scplantdb_CRA006988:CRX443757@@_TCATGCCAGAGCAGCT-1,Brassica rapa,leaf,Mesophyll,Mesophyll,true,organ_context_prior,organ_context_prior
scplantdb_CRA006988:CRX443757@@_TGGGAAGAGCTAAGTA-1,Brassica rapa,leaf,Mesophyll,Mesophyll,true,organ_context_prior,organ_context_prior
scplantdb_CRA006988:CRX443757@@_TTCTTGACATAACGGG-1,Brassica rapa,leaf,Leaf epidermis,Mesophyll,true,organ_context_prior,organ_context_prior
scplantdb_SRP335448:SRX12004740@@_AATGGAAAGACCTCAT-1,Catharanthus roseus,leaf,Mesophyll,Mesophyll,true,gate_leaf_support_64,organ_scope=leaf;same_family_support=0
scplantdb_SRP335448:SRX12004740@@_AGAGAATCAAGAGCTG-1,Catharanthus roseus,leaf,Mesophyll,Mesophyll,true,gate_leaf_support_64,organ_scope=leaf;same_family_support=0
scplantdb_SRP335448:SRX12004740@@_AGCGTCGAGGTTGGTG-1,Catharanthus roseus,leaf,Mesophyll,Mesophyll,true,gate_leaf_support_64,organ_scope=leaf;same_family_support=0
scplantdb_SRP335448:SRX12004740@@_AGCTCAACACTGATTG-1,Catharanthus roseus,leaf,Mesophyll,Mesophyll,true,gate_leaf_support_64,organ_scope=leaf;same_family_support=0
scplantdb_SRP335448:SRX12004740@@_ATACTTCGTTTGAAAG-1,Catharanthus roseus,leaf,Vascular tissue,Mesophyll,true,gate_leaf_support_64,organ_scope=leaf;same_family_support=0
scplantdb_SRP335448:SRX12004740@@_ATTCATCCATCCAACA-1,Catharanthus roseus,leaf,Mesophyll,Mesophyll,true,gate_leaf_support_64,organ_scope=leaf;same_family_support=0
scplantdb_SRP335448:SRX12004740@@_CACTGAACAATTTCGG-1,Catharanthus roseus,leaf,Leaf epidermis,Mesophyll,true,gate_leaf_support_64,organ_scope=leaf;same_family_support=0
scplantdb_SRP335448:SRX12004740@@_CAGAGCCCAACTTGGT-1,Catharanthus roseus,leaf,Idioblast cell,Mesophyll,false,gate_leaf_support_64,organ_scope=leaf;same_family_support=0
scplantdb_SRP335448:SRX12004740@@_CAGCCAGCAGATCCTA-1,Catharanthus roseus,leaf,Idioblast cell,Mesophyll,false,gate_leaf_support_64,organ_scope=leaf;same_family_support=0
scplantdb_SRP335448:SRX12004740@@_CAGGTATCAATGTCAC-1,Catharanthus roseus,leaf,Mesophyll,Mesophyll,true,gate_leaf_support_64,organ_scope=leaf;same_family_support=0
scplantdb_SRP335448:SRX12004740@@_CATGGATTCATAGCAC-1,Catharanthus roseus,leaf,Leaf epidermis,Mesophyll,true,gate_leaf_support_64,organ_scope=leaf;same_family_support=0
scplantdb_SRP335448:SRX12004740@@_CATTGTTCAGCTCTGG-1,Catharanthus roseus,leaf,Mesophyll,Mesophyll,true,gate_leaf_support_64,organ_scope=leaf;same_family_support=0
scplantdb_SRP335448:SRX12004740@@_CCTCAGTCAACCAACT-1,Catharanthus roseus,leaf,Leaf epidermis,Mesophyll,true,gate_leaf_support_64,organ_scope=leaf;same_family_support=0
scplantdb_SRP335448:SRX12004740@@_CGGTCAGTCAACCTCC-1,Catharanthus roseus,leaf,Mesophyll,Mesophyll,true,gate_leaf_support_64,organ_scope=leaf;same_family_support=0
scplantdb_SRP335448:SRX12004740@@_CGTCAAAGTAGGGAGG-1,Catharanthus roseus,leaf,Leaf epidermis,Mesophyll,true,gate_leaf_support_64,organ_scope=leaf;same_family_support=0
scplantdb_SRP335448:SRX12004740@@_CTCATCGAGTTTGGCT-1,Catharanthus roseus,leaf,Idioblast cell,Mesophyll,false,gate_leaf_support_64,organ_scope=leaf;same_family_support=0
scplantdb_SRP335448:SRX12004740@@_CTCATTAGTAGTCTGT-1,Catharanthus roseus,leaf,Mesophyll,Mesophyll,true,gate_leaf_support_64,organ_scope=leaf;same_family_support=0
scplantdb_SRP335448:SRX12004740@@_CTGCATCCACTGGATT-1,Catharanthus roseus,leaf,Leaf epidermis,Mesophyll,true,gate_leaf_support_64,organ_scope=leaf;same_family_support=0
scplantdb_SRP335448:SRX12004740@@_CTGGCAGAGCCATTTG-1,Catharanthus roseus,leaf,Mesophyll,Mesophyll,true,gate_leaf_support_64,organ_scope=leaf;same_family_support=0
scplantdb_SRP335448:SRX12004740@@_CTGTACCGTGGGTTGA-1,Catharanthus roseus,leaf,Mesophyll,Mesophyll,true,gate_leaf_support_64,organ_scope=leaf;same_family_support=0
scplantdb_SRP335448:SRX12004740@@_CTTACCGTCTACACAG-1,Catharanthus roseus,leaf,Idioblast cell,Mesophyll,false,gate_leaf_support_64,organ_scope=leaf;same_family_support=0
scplantdb_SRP335448:SRX12004740@@_CTTAGGACACGGCGTT-1,Catharanthus roseus,leaf,Mesophyll,Mesophyll,true,gate_leaf_support_64,organ_scope=leaf;same_family_support=0
scplantdb_SRP335448:SRX12004740@@_GACTATGTCCACGGAC-1,Catharanthus roseus,leaf,Mesophyll,Mesophyll,true,gate_leaf_support_64,organ_scope=leaf;same_family_support=0
scplantdb_SRP335448:SRX12004740@@_GAGATGGCAAGGTACG-1,Catharanthus roseus,leaf,Mesophyll,Mesophyll,true,gate_leaf_support_64,organ_scope=leaf;same_family_support=0
scplantdb_SRP335448:SRX12004740@@_GAGTTACAGCTCCCTT-1,Catharanthus roseus,leaf,Mesophyll,Mesophyll,true,gate_leaf_support_64,organ_scope=leaf;same_family_support=0
scplantdb_SRP335448:SRX12004740@@_GCATGATGTCGAGTTT-1,Catharanthus roseus,leaf,Mesophyll,Mesophyll,true,gate_leaf_support_64,organ_scope=leaf;same_family_support=0
scplantdb_SRP335448:SRX12004740@@_GCCAGGTTCAATCTTC-1,Catharanthus roseus,leaf,Idioblast cell,Mesophyll,false,gate_leaf_support_64,organ_scope=leaf;same_family_support=0
scplantdb_SRP335448:SRX12004740@@_GCCCGAACACCAGCGT-1,Catharanthus roseus,leaf,Mesophyll,Mesophyll,true,gate_leaf_support_64,organ_scope=leaf;same_family_support=0
scplantdb_SRP335448:SRX12004740@@_GCGTTTCAGTAGTGCG-1,Catharanthus roseus,leaf,Mesophyll,Mesophyll,true,gate_leaf_support_64,organ_scope=leaf;same_family_support=0
scplantdb_SRP335448:SRX12004740@@_GCTTGGGTCTCCAATT-1,Catharanthus roseus,leaf,Leaf epidermis,Mesophyll,true,gate_leaf_support_64,organ_scope=leaf;same_family_support=0
scplantdb_SRP335448:SRX12004740@@_GGCACGTTCACTCACC-1,Catharanthus roseus,leaf,Mesophyll,Mesophyll,true,gate_leaf_support_64,organ_scope=leaf;same_family_support=0
scplantdb_SRP335448:SRX12004740@@_GGGAGATTCATTCATC-1,Catharanthus roseus,leaf,Mesophyll,Mesophyll,true,gate_leaf_support_64,organ_scope=leaf;same_family_support=0
scplantdb_SRP335448:SRX12004740@@_GGGAGTATCCGTCAAA-1,Catharanthus roseus,leaf,Idioblast cell,Mesophyll,false,gate_leaf_support_64,organ_scope=leaf;same_family_support=0
scplantdb_SRP335448:SRX12004740@@_GTGAGTTGTGCCCGTA-1,Catharanthus roseus,leaf,Mesophyll,Mesophyll,true,gate_leaf_support_64,organ_scope=leaf;same_family_support=0
scplantdb_SRP335448:SRX12004740@@_GTTGAACCAAGAGCTG-1,Catharanthus roseus,leaf,Mesophyll,Mesophyll,true,gate_leaf_support_64,organ_scope=leaf;same_family_support=0
scplantdb_SRP335448:SRX12004740@@_GTTGCGGTCCTTCGAC-1,Catharanthus roseus,leaf,Mesophyll,Mesophyll,true,gate_leaf_support_64,organ_scope=leaf;same_family_support=0
scplantdb_SRP335448:SRX12004740@@_TACTTACCATGACGTT-1,Catharanthus roseus,leaf,Mesophyll,Mesophyll,true,gate_leaf_support_64,organ_scope=leaf;same_family_support=0
scplantdb_SRP335448:SRX12004740@@_TACTTGTCAGATAAAC-1,Catharanthus roseus,leaf,Mesophyll,Mesophyll,true,gate_leaf_support_64,organ_scope=leaf;same_family_support=0
scplantdb_SRP335448:SRX12004740@@_TAGGGTTTCTATTTCG-1,Catharanthus roseus,leaf,Leaf epidermis,Mesophyll,true,gate_leaf_support_64,organ_scope=leaf;same_family_support=0
scplantdb_SRP335448:SRX12004740@@_TCAAGCACAGATCCAT-1,Catharanthus roseus,leaf,Mesophyll,Mesophyll,true,gate_leaf_support_64,organ_scope=leaf;same_family_support=0
scplantdb_SRP335448:SRX12004740@@_TCCACGTAGGCACCAA-1,Catharanthus roseus,leaf,Mesophyll,Mesophyll,true,gate_leaf_support_64,organ_scope=leaf;same_family_support=0
scplantdb_SRP335448:SRX12004740@@_TCCAGAACATGAGATA-1,Catharanthus roseus,leaf,Mesophyll,Mesophyll,true,gate_leaf_support_64,organ_scope=leaf;same_family_support=0
scplantdb_SRP335448:SRX12004740@@_TCCCATGTCCGATCGG-1,Catharanthus roseus,leaf,Mesophyll,Mesophyll,true,gate_leaf_support_64,organ_scope=leaf;same_family_support=0
scplantdb_SRP335448:SRX12004740@@_TCCTCTTCAAGAGAGA-1,Catharanthus roseus,leaf,Mesophyll,Mesophyll,true,gate_leaf_support_64,organ_scope=leaf;same_family_support=0
scplantdb_SRP335448:SRX12004740@@_TCGATTTCATTGTAGC-1,Catharanthus roseus,leaf,Mesophyll,Mesophyll,true,gate_leaf_support_64,organ_scope=leaf;same_family_support=0
scplantdb_SRP335448:SRX12004740@@_TCGTCCAAGTTCTCTT-1,Catharanthus roseus,leaf,Mesophyll,Mesophyll,true,gate_leaf_support_64,organ_scope=leaf;same_family_support=0
scplantdb_SRP335448:SRX12004740@@_TGCACGGAGCTGCCAC-1,Catharanthus roseus,leaf,Mesophyll,Mesophyll,true,gate_leaf_support_64,organ_scope=leaf;same_family_support=0
scplantdb_SRP335448:SRX12004740@@_TGCTTGCTCCGATGCG-1,Catharanthus roseus,leaf,Mesophyll,Mesophyll,true,gate_leaf_support_64,organ_scope=leaf;same_family_support=0
scplantdb_SRP335448:SRX12004740@@_TGGGTTACAGCCGTCA-1,Catharanthus roseus,leaf,Mesophyll,Mesophyll,true,gate_leaf_support_64,organ_scope=leaf;same_family_support=0
scplantdb_SRP335448:SRX12004740@@_TTAGGCATCGGCTATA-1,Catharanthus roseus,leaf,Mesophyll,Mesophyll,true,gate_leaf_support_64,organ_scope=leaf;same_family_support=0
scplantdb_SRP335448:SRX12004740@@_TTCCTCTTCATGCAGT-1,Catharanthus roseus,leaf,Mesophyll,Mesophyll,true,gate_leaf_support_64,organ_scope=leaf;same_family_support=0
scplantdb_SRP335448:SRX12004740@@_TTCGCTGAGACCATTC-1,Catharanthus roseus,leaf,Mesophyll,Mesophyll,true,gate_leaf_support_64,organ_scope=leaf;same_family_support=0
scplantdb_SRP335448:SRX12004740@@_TTTGGTTCAAGGAGTC-1,Catharanthus roseus,leaf,Mesophyll,Mesophyll,true,gate_leaf_support_64,organ_scope=leaf;same_family_support=0
scplantdb_SRP335448:SRX15488576@@_AACAACCTCTATGTGG-1,Catharanthus roseus,leaf,Mesophyll,Mesophyll,true,gate_leaf_support_64,organ_scope=leaf;same_family_support=0
scplantdb_SRP335448:SRX15488576@@_AATGGAAGTACAGTTC-1,Catharanthus roseus,leaf,Leaf epidermis,Mesophyll,true,gate_leaf_support_64,organ_scope=leaf;same_family_support=0
scplantdb_SRP335448:SRX15488576@@_ACGATGTAGTGGAAAG-1,Catharanthus roseus,leaf,Mesophyll,Mesophyll,true,gate_leaf_support_64,organ_scope=leaf;same_family_support=0
scplantdb_SRP335448:SRX15488576@@_ACGTACAAGTTGAATG-1,Catharanthus roseus,leaf,Leaf epidermis,Mesophyll,true,gate_leaf_support_64,organ_scope=leaf;same_family_support=0
scplantdb_SRP335448:SRX15488576@@_ACTATCTCATCCTTGC-1,Catharanthus roseus,leaf,Leaf epidermis,Mesophyll,true,gate_leaf_support_64,organ_scope=leaf;same_family_support=0
scplantdb_SRP335448:SRX15488576@@_ACTTTGTCAGCATGCC-1,Catharanthus roseus,leaf,Idioblast cell,Mesophyll,false,gate_leaf_support_64,organ_scope=leaf;same_family_support=0
scplantdb_SRP335448:SRX15488576@@_AGACAGGCATAATGAG-1,Catharanthus roseus,leaf,Leaf epidermis,Mesophyll,true,gate_leaf_support_64,organ_scope=leaf;same_family_support=0
scplantdb_SRP335448:SRX15488576@@_AGACCCGTCACTGTCC-1,Catharanthus roseus,leaf,Leaf epidermis,Mesophyll,true,gate_leaf_support_64,organ_scope=leaf;same_family_support=0
scplantdb_SRP335448:SRX15488576@@_AGGGTTTCACTGCACG-1,Catharanthus roseus,leaf,Mesophyll,Mesophyll,true,gate_leaf_support_64,organ_scope=leaf;same_family_support=0
scplantdb_SRP335448:SRX15488576@@_AGGTGTTTCTCCAATT-1,Catharanthus roseus,leaf,Mesophyll,Mesophyll,true,gate_leaf_support_64,organ_scope=leaf;same_family_support=0
scplantdb_SRP335448:SRX15488576@@_AGGTTGTCAGTCTCTC-1,Catharanthus roseus,leaf,Mesophyll,Mesophyll,true,gate_leaf_support_64,organ_scope=leaf;same_family_support=0
scplantdb_SRP335448:SRX15488576@@_ATAGAGATCCTCTTTC-1,Catharanthus roseus,leaf,Mesophyll,Mesophyll,true,gate_leaf_support_64,organ_scope=leaf;same_family_support=0
scplantdb_SRP335448:SRX15488576@@_ATGGGTTTCCAACTAG-1,Catharanthus roseus,leaf,Mesophyll,Mesophyll,true,gate_leaf_support_64,organ_scope=leaf;same_family_support=0
scplantdb_SRP335448:SRX15488576@@_ATTACCTAGGAGGCAG-1,Catharanthus roseus,leaf,Mesophyll,Mesophyll,true,gate_leaf_support_64,organ_scope=leaf;same_family_support=0
scplantdb_SRP335448:SRX15488576@@_ATTCCTAAGTCGAGGT-1,Catharanthus roseus,leaf,Meristematic cell,Mesophyll,true,gate_leaf_support_64,organ_scope=leaf;same_family_support=0
scplantdb_SRP335448:SRX15488576@@_ATTCGTTAGGGATGTC-1,Catharanthus roseus,leaf,Mesophyll,Mesophyll,true,gate_leaf_support_64,organ_scope=leaf;same_family_support=0
scplantdb_SRP335448:SRX15488576@@_CAATGACTCATTCGGA-1,Catharanthus roseus,leaf,Mesophyll,Mesophyll,true,gate_leaf_support_64,organ_scope=leaf;same_family_support=0
scplantdb_SRP335448:SRX15488576@@_CACAGATGTTAAACAG-1,Catharanthus roseus,leaf,Idioblast cell,Mesophyll,false,gate_leaf_support_64,organ_scope=leaf;same_family_support=0
scplantdb_SRP335448:SRX15488576@@_CACAGATTCCATAAGC-1,Catharanthus roseus,leaf,Mesophyll,Mesophyll,true,gate_leaf_support_64,organ_scope=leaf;same_family_support=0
scplantdb_SRP335448:SRX15488576@@_CACTGAATCCAAGCCG-1,Catharanthus roseus,leaf,Meristematic cell,Mesophyll,true,gate_leaf_support_64,organ_scope=leaf;same_family_support=0
scplantdb_SRP335448:SRX15488576@@_CACTGTCCATCTTCGC-1,Catharanthus roseus,leaf,Mesophyll,Mesophyll,true,gate_leaf_support_64,organ_scope=leaf;same_family_support=0
scplantdb_SRP335448:SRX15488576@@_CAGCACGAGGTCGCCT-1,Catharanthus roseus,leaf,Mesophyll,Mesophyll,true,gate_leaf_support_64,organ_scope=leaf;same_family_support=0
scplantdb_SRP335448:SRX15488576@@_CATACTTAGACCCGCT-1,Catharanthus roseus,leaf,Mesophyll,Mesophyll,true,gate_leaf_support_64,organ_scope=leaf;same_family_support=0
scplantdb_SRP335448:SRX15488576@@_CATCCGTGTTGCATTG-1,Catharanthus roseus,leaf,Mesophyll,Mesophyll,true,gate_leaf_support_64,organ_scope=leaf;same_family_support=0
scplantdb_SRP335448:SRX15488576@@_CATGCCTGTCACCCTT-1,Catharanthus roseus,leaf,Mesophyll,Mesophyll,true,gate_leaf_support_64,organ_scope=leaf;same_family_support=0
scplantdb_SRP335448:SRX15488576@@_CATGGATCACGGTGCT-1,Catharanthus roseus,leaf,Mesophyll,Mesophyll,true,gate_leaf_support_64,organ_scope=leaf;same_family_support=0
scplantdb_SRP335448:SRX15488576@@_CATTGTTCAAACTGCT-1,Catharanthus roseus,leaf,Phloem parenchyma,Mesophyll,true,gate_leaf_support_64,organ_scope=leaf;same_family_support=0
scplantdb_SRP335448:SRX15488576@@_CCGCAAGCAAACTAAG-1,Catharanthus roseus,leaf,Mesophyll,Mesophyll,true,gate_leaf_support_64,organ_scope=leaf;same_family_support=0
scplantdb_SRP335448:SRX15488576@@_CCTCAGTCAGCCTTCT-1,Catharanthus roseus,leaf,Mesophyll,Mesophyll,true,gate_leaf_support_64,organ_scope=leaf;same_family_support=0
scplantdb_SRP335448:SRX15488576@@_CCTCCAATCTTGCAAG-1,Catharanthus roseus,leaf,Mesophyll,Mesophyll,true,gate_leaf_support_64,organ_scope=leaf;same_family_support=0
scplantdb_SRP335448:SRX15488576@@_CCTGCATAGTGTAGAT-1,Catharanthus roseus,leaf,Mesophyll,Mesophyll,true,gate_leaf_support_64,organ_scope=leaf;same_family_support=0
scplantdb_SRP335448:SRX15488576@@_CGAGGAAAGACTTAAG-1,Catharanthus roseus,leaf,Mesophyll,Mesophyll,true,gate_leaf_support_64,organ_scope=leaf;same_family_support=0
scplantdb_SRP335448:SRX15488576@@_CGAGGCTAGACGCCAA-1,Catharanthus roseus,leaf,Mesophyll,Mesophyll,true,gate_leaf_support_64,organ_scope=leaf;same_family_support=0
scplantdb_SRP335448:SRX15488576@@_CGCATGGTCACCCTCA-1,Catharanthus roseus,leaf,Mesophyll,Mesophyll,true,gate_leaf_support_64,organ_scope=leaf;same_family_support=0
scplantdb_SRP335448:SRX15488576@@_CGTAATGTCGTAGCTA-1,Catharanthus roseus,leaf,Mesophyll,Mesophyll,true,gate_leaf_support_64,organ_scope=leaf;same_family_support=0
scplantdb_SRP335448:SRX15488576@@_CGTTAGAAGAAGTGTT-1,Catharanthus roseus,leaf,Mesophyll,Mesophyll,true,gate_leaf_support_64,organ_scope=leaf;same_family_support=0
scplantdb_SRP335448:SRX15488576@@_CGTTGGGCAGTCAGCC-1,Catharanthus roseus,leaf,Leaf epidermis,Mesophyll,true,gate_leaf_support_64,organ_scope=leaf;same_family_support=0
scplantdb_SRP335448:SRX15488576@@_CGTTGGGTCCGACATA-1,Catharanthus roseus,leaf,Mesophyll,Mesophyll,true,gate_leaf_support_64,organ_scope=leaf;same_family_support=0
scplantdb_SRP335448:SRX15488576@@_CTAGGTAGTTTCAGAC-1,Catharanthus roseus,leaf,Mesophyll,Mesophyll,true,gate_leaf_support_64,organ_scope=leaf;same_family_support=0
scplantdb_SRP335448:SRX15488576@@_CTATCTATCGCCGAGT-1,Catharanthus roseus,leaf,Mesophyll,Mesophyll,true,gate_leaf_support_64,organ_scope=leaf;same_family_support=0
scplantdb_SRP335448:SRX15488576@@_CTCAATTGTACAGCGA-1,Catharanthus roseus,leaf,Leaf epidermis,Mesophyll,true,gate_leaf_support_64,organ_scope=leaf;same_family_support=0
scplantdb_SRP335448:SRX15488576@@_CTCACTGTCGACATAC-1,Catharanthus roseus,leaf,Mesophyll,Mesophyll,true,gate_leaf_support_64,organ_scope=leaf;same_family_support=0
scplantdb_SRP335448:SRX15488576@@_CTCATGCAGCTCCGAC-1,Catharanthus roseus,leaf,Mesophyll,Mesophyll,true,gate_leaf_support_64,organ_scope=leaf;same_family_support=0
scplantdb_SRP335448:SRX15488576@@_CTCCCTCTCGCTGCGA-1,Catharanthus roseus,leaf,Mesophyll,Mesophyll,true,gate_leaf_support_64,organ_scope=leaf;same_family_support=0
scplantdb_SRP335448:SRX15488576@@_CTCCGATAGCGATTCT-1,Catharanthus roseus,leaf,Mesophyll,Mesophyll,true,gate_leaf_support_64,organ_scope=leaf;same_family_support=0
scplantdb_SRP335448:SRX15488576@@_CTCTCAGTCCTTGACC-1,Catharanthus roseus,leaf,Mesophyll,Mesophyll,true,gate_leaf_support_64,organ_scope=leaf;same_family_support=0
scplantdb_SRP335448:SRX15488576@@_CTGCATCTCCTTCTTC-1,Catharanthus roseus,leaf,Mesophyll,Mesophyll,true,gate_leaf_support_64,organ_scope=leaf;same_family_support=0
scplantdb_SRP335448:SRX15488576@@_CTGTCGTCATTGGCAT-1,Catharanthus roseus,leaf,Vascular tissue,Mesophyll,true,gate_leaf_support_64,organ_scope=leaf;same_family_support=0
scplantdb_SRP335448:SRX15488576@@_CTGTGAATCGAACCAT-1,Catharanthus roseus,leaf,Mesophyll,Mesophyll,true,gate_leaf_support_64,organ_scope=leaf;same_family_support=0
scplantdb_SRP335448:SRX15488576@@_GAAGGACGTACGAGTG-1,Catharanthus roseus,leaf,Vascular tissue,Mesophyll,true,gate_leaf_support_64,organ_scope=leaf;same_family_support=0
scplantdb_SRP335448:SRX15488576@@_GACCGTGGTATCTTCT-1,Catharanthus roseus,leaf,Mesophyll,Mesophyll,true,gate_leaf_support_64,organ_scope=leaf;same_family_support=0
scplantdb_SRP335448:SRX15488576@@_GACGTTATCCCAGCGA-1,Catharanthus roseus,leaf,Mesophyll,Mesophyll,true,gate_leaf_support_64,organ_scope=leaf;same_family_support=0
scplantdb_SRP335448:SRX15488576@@_GAGAAATCATCCTAAG-1,Catharanthus roseus,leaf,Mesophyll,Mesophyll,true,gate_leaf_support_64,organ_scope=leaf;same_family_support=0
scplantdb_SRP335448:SRX15488576@@_GAGTCTACATAGACTC-1,Catharanthus roseus,leaf,Mesophyll,Mesophyll,true,gate_leaf_support_64,organ_scope=leaf;same_family_support=0
scplantdb_SRP335448:SRX15488576@@_GAGTTACTCGAAGGAC-1,Catharanthus roseus,leaf,Mesophyll,Mesophyll,true,gate_leaf_support_64,organ_scope=leaf;same_family_support=0
scplantdb_SRP335448:SRX15488576@@_GAGTTACTCTAGAACC-1,Catharanthus roseus,leaf,Mesophyll,Mesophyll,true,gate_leaf_support_64,organ_scope=leaf;same_family_support=0
scplantdb_SRP335448:SRX15488576@@_GATAGCTGTCCCAAAT-1,Catharanthus roseus,leaf,Leaf epidermis,Mesophyll,true,gate_leaf_support_64,organ_scope=leaf;same_family_support=0
scplantdb_SRP335448:SRX15488576@@_GATCGTACAGCATCTA-1,Catharanthus roseus,leaf,Mesophyll,Mesophyll,true,gate_leaf_support_64,organ_scope=leaf;same_family_support=0
scplantdb_SRP335448:SRX15488576@@_GATCGTAGTCGCAGTC-1,Catharanthus roseus,leaf,Mesophyll,Mesophyll,true,gate_leaf_support_64,organ_scope=leaf;same_family_support=0
scplantdb_SRP335448:SRX15488576@@_GCACATACATCGAACT-1,Catharanthus roseus,leaf,Mesophyll,Mesophyll,true,gate_leaf_support_64,organ_scope=leaf;same_family_support=0
scplantdb_SRP335448:SRX15488576@@_GCATCTCGTTGCATGT-1,Catharanthus roseus,leaf,Idioblast cell,Mesophyll,false,gate_leaf_support_64,organ_scope=leaf;same_family_support=0
scplantdb_SRP335448:SRX15488576@@_GCTACCTCAAATGAAC-1,Catharanthus roseus,leaf,Mesophyll,Mesophyll,true,gate_leaf_support_64,organ_scope=leaf;same_family_support=0
scplantdb_SRP335448:SRX15488576@@_GCTACCTTCACTTGGA-1,Catharanthus roseus,leaf,Meristematic cell,Mesophyll,true,gate_leaf_support_64,organ_scope=leaf;same_family_support=0
scplantdb_SRP335448:SRX15488576@@_GCTGGGTGTGTTCAGT-1,Catharanthus roseus,leaf,Leaf epidermis,Mesophyll,true,gate_leaf_support_64,organ_scope=leaf;same_family_support=0
scplantdb_SRP335448:SRX15488576@@_GGAAGTGCATCAGCAT-1,Catharanthus roseus,leaf,Mesophyll,Mesophyll,true,gate_leaf_support_64,organ_scope=leaf;same_family_support=0
scplantdb_SRP335448:SRX15488576@@_GGAATGGGTTACCCAA-1,Catharanthus roseus,leaf,Mesophyll,Mesophyll,true,gate_leaf_support_64,organ_scope=leaf;same_family_support=0
scplantdb_SRP335448:SRX15488576@@_GGAATGGGTTGTCATG-1,Catharanthus roseus,leaf,Mesophyll,Mesophyll,true,gate_leaf_support_64,organ_scope=leaf;same_family_support=0
scplantdb_SRP335448:SRX15488576@@_GGAGGTACACATGAAA-1,Catharanthus roseus,leaf,Mesophyll,Mesophyll,true,gate_leaf_support_64,organ_scope=leaf;same_family_support=0
scplantdb_SRP335448:SRX15488576@@_GGGCCATTCCTAAACG-1,Catharanthus roseus,leaf,Mesophyll,Mesophyll,true,gate_leaf_support_64,organ_scope=leaf;same_family_support=0
scplantdb_SRP335448:SRX15488576@@_GGGTGAACACGTAACT-1,Catharanthus roseus,leaf,Mesophyll,Mesophyll,true,gate_leaf_support_64,organ_scope=leaf;same_family_support=0
scplantdb_SRP335448:SRX15488576@@_GTAAGTCAGGCTGTAG-1,Catharanthus roseus,leaf,Mesophyll,Mesophyll,true,gate_leaf_support_64,organ_scope=leaf;same_family_support=0
scplantdb_SRP335448:SRX15488576@@_GTAGAGGAGGGCTGAT-1,Catharanthus roseus,leaf,Phloem parenchyma,Mesophyll,true,gate_leaf_support_64,organ_scope=leaf;same_family_support=0
scplantdb_SRP335448:SRX15488576@@_GTCTCACCAACTCCCT-1,Catharanthus roseus,leaf,Mesophyll,Mesophyll,true,gate_leaf_support_64,organ_scope=leaf;same_family_support=0
scplantdb_SRP335448:SRX15488576@@_GTCTTTACACTGTTCC-1,Catharanthus roseus,leaf,Mesophyll,Mesophyll,true,gate_leaf_support_64,organ_scope=leaf;same_family_support=0
scplantdb_SRP335448:SRX15488576@@_GTGCTTCGTAGATCGG-1,Catharanthus roseus,leaf,Mesophyll,Mesophyll,true,gate_leaf_support_64,organ_scope=leaf;same_family_support=0
scplantdb_SRP335448:SRX15488576@@_GTTCATTGTGTTCGAT-1,Catharanthus roseus,leaf,Mesophyll,Mesophyll,true,gate_leaf_support_64,organ_scope=leaf;same_family_support=0
scplantdb_SRP335448:SRX15488576@@_TAACCAGGTTACGTAC-1,Catharanthus roseus,leaf,Mesophyll,Mesophyll,true,gate_leaf_support_64,organ_scope=leaf;same_family_support=0
scplantdb_SRP335448:SRX15488576@@_TAACTTCCACTACTTT-1,Catharanthus roseus,leaf,Meristematic cell,Mesophyll,true,gate_leaf_support_64,organ_scope=leaf;same_family_support=0
scplantdb_SRP335448:SRX15488576@@_TACAGGTTCCGACATA-1,Catharanthus roseus,leaf,Mesophyll,Mesophyll,true,gate_leaf_support_64,organ_scope=leaf;same_family_support=0
scplantdb_SRP335448:SRX15488576@@_TACCCGTCAGGGATAC-1,Catharanthus roseus,leaf,Mesophyll,Mesophyll,true,gate_leaf_support_64,organ_scope=leaf;same_family_support=0
scplantdb_SRP335448:SRX15488576@@_TACGGTAAGCTGTGCC-1,Catharanthus roseus,leaf,Mesophyll,Mesophyll,true,gate_leaf_support_64,organ_scope=leaf;same_family_support=0
scplantdb_SRP335448:SRX15488576@@_TCAGGGCGTCCAACGC-1,Catharanthus roseus,leaf,Mesophyll,Mesophyll,true,gate_leaf_support_64,organ_scope=leaf;same_family_support=0
scplantdb_SRP335448:SRX15488576@@_TCAGGTATCTAGTCAG-1,Catharanthus roseus,leaf,Mesophyll,Mesophyll,true,gate_leaf_support_64,organ_scope=leaf;same_family_support=0
scplantdb_SRP335448:SRX15488576@@_TCATTACAGAGGGCGA-1,Catharanthus roseus,leaf,Mesophyll,Mesophyll,true,gate_leaf_support_64,organ_scope=leaf;same_family_support=0
scplantdb_SRP335448:SRX15488576@@_TCATTCATCTGACAGT-1,Catharanthus roseus,leaf,Leaf epidermis,Mesophyll,true,gate_leaf_support_64,organ_scope=leaf;same_family_support=0
scplantdb_SRP335448:SRX15488576@@_TCCGTGTGTCGTGCCA-1,Catharanthus roseus,leaf,Mesophyll,Mesophyll,true,gate_leaf_support_64,organ_scope=leaf;same_family_support=0
scplantdb_SRP335448:SRX15488576@@_TCCTTTCGTACCCGCA-1,Catharanthus roseus,leaf,Mesophyll,Mesophyll,true,gate_leaf_support_64,organ_scope=leaf;same_family_support=0
scplantdb_SRP335448:SRX15488576@@_TCGAAGTAGGCGCTCT-1,Catharanthus roseus,leaf,Meristematic cell,Mesophyll,true,gate_leaf_support_64,organ_scope=leaf;same_family_support=0
scplantdb_SRP335448:SRX15488576@@_TCGACCTGTACAGCGA-1,Catharanthus roseus,leaf,Mesophyll,Mesophyll,true,gate_leaf_support_64,organ_scope=leaf;same_family_support=0
scplantdb_SRP335448:SRX15488576@@_TCGGGACCATGCGGTC-1,Catharanthus roseus,leaf,Mesophyll,Mesophyll,true,gate_leaf_support_64,organ_scope=leaf;same_family_support=0
scplantdb_SRP335448:SRX15488576@@_TCGGGTGGTGAGTAGC-1,Catharanthus roseus,leaf,Mesophyll,Mesophyll,true,gate_leaf_support_64,organ_scope=leaf;same_family_support=0
scplantdb_SRP335448:SRX15488576@@_TCGTAGATCCTCTCGA-1,Catharanthus roseus,leaf,Mesophyll,Mesophyll,true,gate_leaf_support_64,organ_scope=leaf;same_family_support=0
scplantdb_SRP335448:SRX15488576@@_TCTATCACAAGTCGTT-1,Catharanthus roseus,leaf,Mesophyll,Mesophyll,true,gate_leaf_support_64,organ_scope=leaf;same_family_support=0
scplantdb_SRP335448:SRX15488576@@_TCTATCAGTAGATCCT-1,Catharanthus roseus,leaf,Mesophyll,Mesophyll,true,gate_leaf_support_64,organ_scope=leaf;same_family_support=0
scplantdb_SRP335448:SRX15488576@@_TCTGCCATCCCGTTCA-1,Catharanthus roseus,leaf,Mesophyll,Mesophyll,true,gate_leaf_support_64,organ_scope=leaf;same_family_support=0
scplantdb_SRP335448:SRX15488576@@_TCTTAGTGTTGACTAC-1,Catharanthus roseus,leaf,Leaf epidermis,Mesophyll,true,gate_leaf_support_64,organ_scope=leaf;same_family_support=0
scplantdb_SRP335448:SRX15488576@@_TGACGCGCACAACGCC-1,Catharanthus roseus,leaf,Mesophyll,Mesophyll,true,gate_leaf_support_64,organ_scope=leaf;same_family_support=0
scplantdb_SRP335448:SRX15488576@@_TGAGACTGTGCCTACG-1,Catharanthus roseus,leaf,Vascular tissue,Mesophyll,true,gate_leaf_support_64,organ_scope=leaf;same_family_support=0
scplantdb_SRP335448:SRX15488576@@_TGAGTCAAGATTGCGG-1,Catharanthus roseus,leaf,Vascular tissue,Mesophyll,true,gate_leaf_support_64,organ_scope=leaf;same_family_support=0
scplantdb_SRP335448:SRX15488576@@_TGCATCCTCCTGGCTT-1,Catharanthus roseus,leaf,Mesophyll,Mesophyll,true,gate_leaf_support_64,organ_scope=leaf;same_family_support=0
scplantdb_SRP335448:SRX15488576@@_TGTCCACGTGATCATC-1,Catharanthus roseus,leaf,Mesophyll,Mesophyll,true,gate_leaf_support_64,organ_scope=leaf;same_family_support=0
scplantdb_SRP335448:SRX15488576@@_TGTGATGTCCATTGTT-1,Catharanthus roseus,leaf,Mesophyll,Mesophyll,true,gate_leaf_support_64,organ_scope=leaf;same_family_support=0
scplantdb_SRP335448:SRX15488576@@_TGTGGCGCAAGTGCTT-1,Catharanthus roseus,leaf,Meristematic cell,Mesophyll,true,gate_leaf_support_64,organ_scope=leaf;same_family_support=0
scplantdb_SRP335448:SRX15488576@@_TGTGTGATCACGTAGT-1,Catharanthus roseus,leaf,Idioblast cell,Mesophyll,false,gate_leaf_support_64,organ_scope=leaf;same_family_support=0
scplantdb_SRP335448:SRX15488576@@_TGTTGGAGTTCGAGCC-1,Catharanthus roseus,leaf,Leaf epidermis,Mesophyll,true,gate_leaf_support_64,organ_scope=leaf;same_family_support=0
scplantdb_SRP335448:SRX15488576@@_TTACAGGCAGCTCATA-1,Catharanthus roseus,leaf,Mesophyll,Mesophyll,true,gate_leaf_support_64,organ_scope=leaf;same_family_support=0
scplantdb_SRP335448:SRX15488576@@_TTAGTCTAGCTGAAGC-1,Catharanthus roseus,leaf,Mesophyll,Mesophyll,true,gate_leaf_support_64,organ_scope=leaf;same_family_support=0
scplantdb_SRP335448:SRX15488576@@_TTAGTCTAGTCGCCAC-1,Catharanthus roseus,leaf,Vascular tissue,Mesophyll,true,gate_leaf_support_64,organ_scope=leaf;same_family_support=0
scplantdb_SRP335448:SRX15488576@@_TTCACGCGTCGAACAG-1,Catharanthus roseus,leaf,Mesophyll,Mesophyll,true,gate_leaf_support_64,organ_scope=leaf;same_family_support=0
scplantdb_SRP335448:SRX15488576@@_TTCATTGAGCCAAGGT-1,Catharanthus roseus,leaf,Leaf epidermis,Mesophyll,true,gate_leaf_support_64,organ_scope=leaf;same_family_support=0
scplantdb_SRP335448:SRX15488576@@_TTCCTTCTCTATACTC-1,Catharanthus roseus,leaf,Mesophyll,Mesophyll,true,gate_leaf_support_64,organ_scope=leaf;same_family_support=0
scplantdb_SRP335448:SRX15488576@@_TTCTTCCTCAATCTTC-1,Catharanthus roseus,leaf,Mesophyll,Mesophyll,true,gate_leaf_support_64,organ_scope=leaf;same_family_support=0
scplantdb_SRP335448:SRX15488576@@_TTGATGGGTGTTACTG-1,Catharanthus roseus,leaf,Mesophyll,Mesophyll,true,gate_leaf_support_64,organ_scope=leaf;same_family_support=0
scplantdb_SRP335448:SRX15488576@@_TTGCATTGTCCAAATC-1,Catharanthus roseus,leaf,Mesophyll,Mesophyll,true,gate_leaf_support_64,organ_scope=leaf;same_family_support=0
scplantdb_SRP335448:SRX15488576@@_TTGTGGACATCGGCCA-1,Catharanthus roseus,leaf,Mesophyll,Mesophyll,true,gate_leaf_support_64,organ_scope=leaf;same_family_support=0
scplantdb_SRP335448:SRX15488576@@_TTTACTGTCTGGAGAG-1,Catharanthus roseus,leaf,Mesophyll,Mesophyll,true,gate_leaf_support_64,organ_scope=leaf;same_family_support=0
scplantdb_SRP335448:SRX15488576@@_TTTCATGCATCCTGTC-1,Catharanthus roseus,leaf,Mesophyll,Mesophyll,true,gate_leaf_support_64,organ_scope=leaf;same_family_support=0
scplantdb_SRP335448:SRX15488577@@_AACGTCAGTCACCGAC-1,Catharanthus roseus,leaf,Mesophyll,Mesophyll,true,gate_leaf_support_64,organ_scope=leaf;same_family_support=0
scplantdb_SRP335448:SRX15488577@@_AAGTACCGTCTCTCCA-1,Catharanthus roseus,leaf,Idioblast cell,Mesophyll,false,gate_leaf_support_64,organ_scope=leaf;same_family_support=0
scplantdb_SRP335448:SRX15488577@@_ACGTTCCCATCCTCAC-1,Catharanthus roseus,leaf,Leaf epidermis,Mesophyll,true,gate_leaf_support_64,organ_scope=leaf;same_family_support=0
scplantdb_SRP335448:SRX15488577@@_ACTTCGCGTAAGGCCA-1,Catharanthus roseus,leaf,Mesophyll,Mesophyll,true,gate_leaf_support_64,organ_scope=leaf;same_family_support=0
scplantdb_SRP335448:SRX15488577@@_ACTTCGCGTATCGATC-1,Catharanthus roseus,leaf,Leaf epidermis,Mesophyll,true,gate_leaf_support_64,organ_scope=leaf;same_family_support=0
scplantdb_SRP335448:SRX15488577@@_AGATGAACACCCTAAA-1,Catharanthus roseus,leaf,Mesophyll,Mesophyll,true,gate_leaf_support_64,organ_scope=leaf;same_family_support=0
scplantdb_SRP335448:SRX15488577@@_AGGCATTGTTAGGCCC-1,Catharanthus roseus,leaf,Meristematic cell,Mesophyll,true,gate_leaf_support_64,organ_scope=leaf;same_family_support=0
scplantdb_SRP335448:SRX15488577@@_AGGTGTTAGAATCGAT-1,Catharanthus roseus,leaf,Mesophyll,Mesophyll,true,gate_leaf_support_64,organ_scope=leaf;same_family_support=0
scplantdb_SRP335448:SRX15488577@@_AGTGCCGGTCGTTTCC-1,Catharanthus roseus,leaf,Mesophyll,Mesophyll,true,gate_leaf_support_64,organ_scope=leaf;same_family_support=0
scplantdb_SRP335448:SRX15488577@@_ATACCGAAGACTGAGC-1,Catharanthus roseus,leaf,Mesophyll,Mesophyll,true,gate_leaf_support_64,organ_scope=leaf;same_family_support=0
scplantdb_SRP335448:SRX15488577@@_ATGCATGCATTCCTCG-1,Catharanthus roseus,leaf,Mesophyll,Mesophyll,true,gate_leaf_support_64,organ_scope=leaf;same_family_support=0
scplantdb_SRP335448:SRX15488577@@_ATGGGTTAGGCAGTCA-1,Catharanthus roseus,leaf,Vascular tissue,Mesophyll,true,gate_leaf_support_64,organ_scope=leaf;same_family_support=0
scplantdb_SRP335448:SRX15488577@@_ATGGTTGAGTCATGGG-1,Catharanthus roseus,leaf,Mesophyll,Mesophyll,true,gate_leaf_support_64,organ_scope=leaf;same_family_support=0
scplantdb_SRP335448:SRX15488577@@_ATTCGTTAGCTGCCTG-1,Catharanthus roseus,leaf,Vascular tissue,Mesophyll,true,gate_leaf_support_64,organ_scope=leaf;same_family_support=0
scplantdb_SRP335448:SRX15488577@@_CAAGAGGCAGAAACCG-1,Catharanthus roseus,leaf,Mesophyll,Mesophyll,true,gate_leaf_support_64,organ_scope=leaf;same_family_support=0
scplantdb_SRP335448:SRX15488577@@_CAATTTCCACAGCCTG-1,Catharanthus roseus,leaf,Leaf epidermis,Mesophyll,true,gate_leaf_support_64,organ_scope=leaf;same_family_support=0
scplantdb_SRP335448:SRX15488577@@_CACGGGTGTTACGTAC-1,Catharanthus roseus,leaf,Idioblast cell,Mesophyll,false,gate_leaf_support_64,organ_scope=leaf;same_family_support=0
scplantdb_SRP335448:SRX15488577@@_CACTAAGTCGTGGTAT-1,Catharanthus roseus,leaf,Mesophyll,Mesophyll,true,gate_leaf_support_64,organ_scope=leaf;same_family_support=0
scplantdb_SRP335448:SRX15488577@@_CACTTCGGTGTATACC-1,Catharanthus roseus,leaf,Leaf epidermis,Mesophyll,true,gate_leaf_support_64,organ_scope=leaf;same_family_support=0
scplantdb_SRP335448:SRX15488577@@_CAGTTAGAGTAACCTC-1,Catharanthus roseus,leaf,Idioblast cell,Mesophyll,false,gate_leaf_support_64,organ_scope=leaf;same_family_support=0
scplantdb_SRP335448:SRX15488577@@_CATGCCTAGCCTTCTC-1,Catharanthus roseus,leaf,Mesophyll,Mesophyll,true,gate_leaf_support_64,organ_scope=leaf;same_family_support=0
scplantdb_SRP335448:SRX15488577@@_CCAATTTGTGCCCAGT-1,Catharanthus roseus,leaf,Mesophyll,Mesophyll,true,gate_leaf_support_64,organ_scope=leaf;same_family_support=0
scplantdb_SRP335448:SRX15488577@@_CCCGAAGCAGAACGCA-1,Catharanthus roseus,leaf,Mesophyll,Mesophyll,true,gate_leaf_support_64,organ_scope=leaf;same_family_support=0
scplantdb_SRP335448:SRX15488577@@_CCGTAGGCAATCTCGA-1,Catharanthus roseus,leaf,Mesophyll,Mesophyll,true,gate_leaf_support_64,organ_scope=leaf;same_family_support=0
scplantdb_SRP335448:SRX15488577@@_CCGTGAGCAGCCCACA-1,Catharanthus roseus,leaf,Mesophyll,Mesophyll,true,gate_leaf_support_64,organ_scope=leaf;same_family_support=0
scplantdb_SRP335448:SRX15488577@@_CCTAACCCATACCGTA-1,Catharanthus roseus,leaf,Leaf epidermis,Mesophyll,true,gate_leaf_support_64,organ_scope=leaf;same_family_support=0
scplantdb_SRP335448:SRX15488577@@_CTAGGTATCTCCGAGG-1,Catharanthus roseus,leaf,Meristematic cell,Mesophyll,true,gate_leaf_support_64,organ_scope=leaf;same_family_support=0
scplantdb_SRP335448:SRX15488577@@_CTCCTTTAGGCGTTAG-1,Catharanthus roseus,leaf,Mesophyll,Mesophyll,true,gate_leaf_support_64,organ_scope=leaf;same_family_support=0
scplantdb_SRP335448:SRX15488577@@_CTGAGGCTCCGCACTT-1,Catharanthus roseus,leaf,Mesophyll,Mesophyll,true,gate_leaf_support_64,organ_scope=leaf;same_family_support=0
scplantdb_SRP335448:SRX15488577@@_CTGGACGAGTCCGCGT-1,Catharanthus roseus,leaf,Mesophyll,Mesophyll,true,gate_leaf_support_64,organ_scope=leaf;same_family_support=0
scplantdb_SRP335448:SRX15488577@@_CTGTCGTTCCATACAG-1,Catharanthus roseus,leaf,Mesophyll,Mesophyll,true,gate_leaf_support_64,organ_scope=leaf;same_family_support=0
scplantdb_SRP335448:SRX15488577@@_GAACTGTCAATATCCG-1,Catharanthus roseus,leaf,Mesophyll,Mesophyll,true,gate_leaf_support_64,organ_scope=leaf;same_family_support=0
scplantdb_SRP335448:SRX15488577@@_GAACTGTCAGTTCACA-1,Catharanthus roseus,leaf,Mesophyll,Mesophyll,true,gate_leaf_support_64,organ_scope=leaf;same_family_support=0
scplantdb_SRP335448:SRX15488577@@_GAAGCGACAACTAGAA-1,Catharanthus roseus,leaf,Mesophyll,Mesophyll,true,gate_leaf_support_64,organ_scope=leaf;same_family_support=0
scplantdb_SRP335448:SRX15488577@@_GAATCGTCACAGAGAC-1,Catharanthus roseus,leaf,Mesophyll,Mesophyll,true,gate_leaf_support_64,organ_scope=leaf;same_family_support=0
scplantdb_SRP335448:SRX15488577@@_GACGCTGGTTCTTGTT-1,Catharanthus roseus,leaf,Leaf epidermis,Mesophyll,true,gate_leaf_support_64,organ_scope=leaf;same_family_support=0
scplantdb_SRP335448:SRX15488577@@_GAGAAATAGCTTTCCC-1,Catharanthus roseus,leaf,Mesophyll,Mesophyll,true,gate_leaf_support_64,organ_scope=leaf;same_family_support=0
scplantdb_SRP335448:SRX15488577@@_GAGAGGTTCAATGTCG-1,Catharanthus roseus,leaf,Mesophyll,Mesophyll,true,gate_leaf_support_64,organ_scope=leaf;same_family_support=0
scplantdb_SRP335448:SRX15488577@@_GAGGCCTTCTCCTGCA-1,Catharanthus roseus,leaf,Mesophyll,Mesophyll,true,gate_leaf_support_64,organ_scope=leaf;same_family_support=0
scplantdb_SRP335448:SRX15488577@@_GAGTTTGAGTATTAGG-1,Catharanthus roseus,leaf,Mesophyll,Mesophyll,true,gate_leaf_support_64,organ_scope=leaf;same_family_support=0
scplantdb_SRP335448:SRX15488577@@_GATGGAGGTATCGCAT-1,Catharanthus roseus,leaf,Meristematic cell,Mesophyll,true,gate_leaf_support_64,organ_scope=leaf;same_family_support=0
scplantdb_SRP335448:SRX15488577@@_GATTCGACACTGGCGT-1,Catharanthus roseus,leaf,Mesophyll,Mesophyll,true,gate_leaf_support_64,organ_scope=leaf;same_family_support=0
scplantdb_SRP335448:SRX15488577@@_GCATCTCAGGATCACG-1,Catharanthus roseus,leaf,Mesophyll,Mesophyll,true,gate_leaf_support_64,organ_scope=leaf;same_family_support=0
scplantdb_SRP335448:SRX15488577@@_GCCAGCATCACTGAAC-1,Catharanthus roseus,leaf,Mesophyll,Mesophyll,true,gate_leaf_support_64,organ_scope=leaf;same_family_support=0
scplantdb_SRP335448:SRX15488577@@_GCCAGGTAGGGCTAAC-1,Catharanthus roseus,leaf,Mesophyll,Mesophyll,true,gate_leaf_support_64,organ_scope=leaf;same_family_support=0
scplantdb_SRP335448:SRX15488577@@_GCCAGGTCACTGGATT-1,Catharanthus roseus,leaf,Mesophyll,Mesophyll,true,gate_leaf_support_64,organ_scope=leaf;same_family_support=0
scplantdb_SRP335448:SRX15488577@@_GCGATCGAGGTTGACG-1,Catharanthus roseus,leaf,Mesophyll,Mesophyll,true,gate_leaf_support_64,organ_scope=leaf;same_family_support=0
scplantdb_SRP335448:SRX15488577@@_GCGTTTCAGCGCACAA-1,Catharanthus roseus,leaf,Mesophyll,Mesophyll,true,gate_leaf_support_64,organ_scope=leaf;same_family_support=0
scplantdb_SRP335448:SRX15488577@@_GGAATCTGTTAACCTG-1,Catharanthus roseus,leaf,Mesophyll,Mesophyll,true,gate_leaf_support_64,organ_scope=leaf;same_family_support=0
scplantdb_SRP335448:SRX15488577@@_GGGACTCAGCCTGAGA-1,Catharanthus roseus,leaf,Mesophyll,Mesophyll,true,gate_leaf_support_64,organ_scope=leaf;same_family_support=0
scplantdb_SRP335448:SRX15488577@@_GGGCTCAGTGCATACT-1,Catharanthus roseus,leaf,Mesophyll,Mesophyll,true,gate_leaf_support_64,organ_scope=leaf;same_family_support=0
scplantdb_SRP335448:SRX15488577@@_GGGCTCAGTTACTCAG-1,Catharanthus roseus,leaf,Phloem parenchyma,Mesophyll,true,gate_leaf_support_64,organ_scope=leaf;same_family_support=0
scplantdb_SRP335448:SRX15488577@@_GGTAATCGTGTCCTAA-1,Catharanthus roseus,leaf,Mesophyll,Mesophyll,true,gate_leaf_support_64,organ_scope=leaf;same_family_support=0
scplantdb_SRP335448:SRX15488577@@_GTATTTCGTATCATGC-1,Catharanthus roseus,leaf,Mesophyll,Mesophyll,true,gate_leaf_support_64,organ_scope=leaf;same_family_support=0
scplantdb_SRP335448:SRX15488577@@_GTCGTTCCACCAGGTC-1,Catharanthus roseus,leaf,Idioblast cell,Mesophyll,false,gate_leaf_support_64,organ_scope=leaf;same_family_support=0
scplantdb_SRP335448:SRX15488577@@_GTCTCACTCTCCGTGT-1,Catharanthus roseus,leaf,Mesophyll,Mesophyll,true,gate_leaf_support_64,organ_scope=leaf;same_family_support=0
scplantdb_SRP335448:SRX15488577@@_TAATCTCAGCGACTAG-1,Catharanthus roseus,leaf,Leaf epidermis,Mesophyll,true,gate_leaf_support_64,organ_scope=leaf;same_family_support=0
scplantdb_SRP335448:SRX15488577@@_TACGGTATCGGATACT-1,Catharanthus roseus,leaf,Mesophyll,Mesophyll,true,gate_leaf_support_64,organ_scope=leaf;same_family_support=0
scplantdb_SRP335448:SRX15488577@@_TACTTACAGGGAGGAC-1,Catharanthus roseus,leaf,Mesophyll,Mesophyll,true,gate_leaf_support_64,organ_scope=leaf;same_family_support=0
scplantdb_SRP335448:SRX15488577@@_TCATGCCCACGCTGCA-1,Catharanthus roseus,leaf,Mesophyll,Mesophyll,true,gate_leaf_support_64,organ_scope=leaf;same_family_support=0
scplantdb_SRP335448:SRX15488577@@_TCCGGGATCAAAGACA-1,Catharanthus roseus,leaf,Mesophyll,Mesophyll,true,gate_leaf_support_64,organ_scope=leaf;same_family_support=0
scplantdb_SRP335448:SRX15488577@@_TCTACCGCAGGCATGA-1,Catharanthus roseus,leaf,Mesophyll,Mesophyll,true,gate_leaf_support_64,organ_scope=leaf;same_family_support=0
scplantdb_SRP335448:SRX15488577@@_TGCAGATTCTCGGTAA-1,Catharanthus roseus,leaf,Leaf epidermis,Mesophyll,true,gate_leaf_support_64,organ_scope=leaf;same_family_support=0
scplantdb_SRP335448:SRX15488577@@_TGCAGGCGTAGTGCGA-1,Catharanthus roseus,leaf,Mesophyll,Mesophyll,true,gate_leaf_support_64,organ_scope=leaf;same_family_support=0
scplantdb_SRP335448:SRX15488577@@_TGCAGTACATTCCTCG-1,Catharanthus roseus,leaf,Mesophyll,Mesophyll,true,gate_leaf_support_64,organ_scope=leaf;same_family_support=0
scplantdb_SRP335448:SRX15488577@@_TGGAACTAGACCTCCG-1,Catharanthus roseus,leaf,Mesophyll,Mesophyll,true,gate_leaf_support_64,organ_scope=leaf;same_family_support=0
scplantdb_SRP335448:SRX15488577@@_TTCATTGTCCGCGGAT-1,Catharanthus roseus,leaf,Mesophyll,Mesophyll,true,gate_leaf_support_64,organ_scope=leaf;same_family_support=0
scplantdb_SRP335448:SRX15488577@@_TTCCTTCAGTAGCTCT-1,Catharanthus roseus,leaf,Mesophyll,Mesophyll,true,gate_leaf_support_64,organ_scope=leaf;same_family_support=0
scplantdb_SRP335448:SRX15488577@@_TTGAACGGTGTCTTGA-1,Catharanthus roseus,leaf,Vascular tissue,Mesophyll,true,gate_leaf_support_64,organ_scope=leaf;same_family_support=0
scplantdb_SRP335448:SRX15488577@@_TTGCATTAGGAGCAAA-1,Catharanthus roseus,leaf,Idioblast cell,Mesophyll,false,gate_leaf_support_64,organ_scope=leaf;same_family_support=0
scplantdb_SRP335448:SRX15488577@@_TTTCACAGTCTAACTG-1,Catharanthus roseus,leaf,Mesophyll,Mesophyll,true,gate_leaf_support_64,organ_scope=leaf;same_family_support=0
scplantdb_SRP335448:SRX15488577@@_TTTGATCCACCTGCAG-1,Catharanthus roseus,leaf,Leaf epidermis,Mesophyll,true,gate_leaf_support_64,organ_scope=leaf;same_family_support=0
scplantdb_SRP335448:SRX15488577@@_TTTGATCGTACAAGCG-1,Catharanthus roseus,leaf,Mesophyll,Mesophyll,true,gate_leaf_support_64,organ_scope=leaf;same_family_support=0
scplantdb_CRA004848:CRX270106@@_AAAGTCCTCTATCGTT-1,Fragaria vesca,leaf,Mesophyll,Mesophyll,true,gate_leaf_support_64,organ_scope=leaf;same_family_support=0
scplantdb_CRA004848:CRX270106@@_AAATGGACACGTCTCT-1,Fragaria vesca,leaf,Mesophyll,Mesophyll,true,gate_leaf_support_64,organ_scope=leaf;same_family_support=0
scplantdb_CRA004848:CRX270106@@_AACACACCAGACGATG-1,Fragaria vesca,leaf,Mesophyll,Mesophyll,true,gate_leaf_support_64,organ_scope=leaf;same_family_support=0
scplantdb_CRA004848:CRX270106@@_AAGATAGGTCGTGCCA-1,Fragaria vesca,leaf,Mesophyll,Mesophyll,true,gate_leaf_support_64,organ_scope=leaf;same_family_support=0
scplantdb_CRA004848:CRX270106@@_AAGTGAAAGCGGACAT-1,Fragaria vesca,leaf,Mesophyll,Mesophyll,true,gate_leaf_support_64,organ_scope=leaf;same_family_support=0
scplantdb_CRA004848:CRX270106@@_ACCGTTCGTGGATCGA-1,Fragaria vesca,leaf,Hydathodes,Mesophyll,false,gate_leaf_support_64,organ_scope=leaf;same_family_support=0
scplantdb_CRA004848:CRX270106@@_ACCTACCGTCGGCACT-1,Fragaria vesca,leaf,Mesophyll,Mesophyll,true,gate_leaf_support_64,organ_scope=leaf;same_family_support=0
scplantdb_CRA004848:CRX270106@@_ACGCACGGTATCTCGA-1,Fragaria vesca,leaf,Hydathodes,Mesophyll,false,gate_leaf_support_64,organ_scope=leaf;same_family_support=0
scplantdb_CRA004848:CRX270106@@_ACGGTTAAGCAAACAT-1,Fragaria vesca,leaf,Mesophyll,Mesophyll,true,gate_leaf_support_64,organ_scope=leaf;same_family_support=0
scplantdb_CRA004848:CRX270106@@_ACGTCCTCATTATGCG-1,Fragaria vesca,leaf,Xylem,Mesophyll,true,gate_leaf_support_64,organ_scope=leaf;same_family_support=0
scplantdb_CRA004848:CRX270106@@_ACTGCAACAATCGCAT-1,Fragaria vesca,leaf,Xylem parenchyma,Mesophyll,false,gate_leaf_support_64,organ_scope=leaf;same_family_support=0
scplantdb_CRA004848:CRX270106@@_ACTTAGGCACTACCGG-1,Fragaria vesca,leaf,Mesophyll,Mesophyll,true,gate_leaf_support_64,organ_scope=leaf;same_family_support=0
scplantdb_CRA004848:CRX270106@@_AGAGCCCTCTTGATTC-1,Fragaria vesca,leaf,Mesophyll,Mesophyll,true,gate_leaf_support_64,organ_scope=leaf;same_family_support=0
scplantdb_CRA004848:CRX270106@@_AGCCAGCCAAACACCT-1,Fragaria vesca,leaf,Mesophyll,Mesophyll,true,gate_leaf_support_64,organ_scope=leaf;same_family_support=0
scplantdb_CRA004848:CRX270106@@_AGCCAGCTCAAGTGTC-1,Fragaria vesca,leaf,Adaxial epidermis,Mesophyll,false,gate_leaf_support_64,organ_scope=leaf;same_family_support=0
scplantdb_CRA004848:CRX270106@@_AGCTACATCGATACGT-1,Fragaria vesca,leaf,Hydathodes,Mesophyll,false,gate_leaf_support_64,organ_scope=leaf;same_family_support=0
scplantdb_CRA004848:CRX270106@@_AGGGTGACACAGTCGC-1,Fragaria vesca,leaf,Hydathodes,Mesophyll,false,gate_leaf_support_64,organ_scope=leaf;same_family_support=0
scplantdb_CRA004848:CRX270106@@_AGGTTGTCAATTCTTC-1,Fragaria vesca,leaf,Mesophyll,Mesophyll,true,gate_leaf_support_64,organ_scope=leaf;same_family_support=0
scplantdb_CRA004848:CRX270106@@_AGTCAACAGTCCGTCG-1,Fragaria vesca,leaf,Mesophyll,Mesophyll,true,gate_leaf_support_64,organ_scope=leaf;same_family_support=0
scplantdb_CRA004848:CRX270106@@_ATCACGACACGAAAGC-1,Fragaria vesca,leaf,Mesophyll,Mesophyll,true,gate_leaf_support_64,organ_scope=leaf;same_family_support=0
scplantdb_CRA004848:CRX270106@@_ATGTCTTCATTGTCGA-1,Fragaria vesca,leaf,Mesophyll,Mesophyll,true,gate_leaf_support_64,organ_scope=leaf;same_family_support=0
scplantdb_CRA004848:CRX270106@@_ATTCCTATCGGTTAGT-1,Fragaria vesca,leaf,Mesophyll,Mesophyll,true,gate_leaf_support_64,organ_scope=leaf;same_family_support=0
scplantdb_CRA004848:CRX270106@@_CAACCAACAAATCAGA-1,Fragaria vesca,leaf,Mesophyll,Mesophyll,true,gate_leaf_support_64,organ_scope=leaf;same_family_support=0
scplantdb_CRA004848:CRX270106@@_CAAGACTGTTAGAGTA-1,Fragaria vesca,leaf,Mesophyll,Mesophyll,true,gate_leaf_support_64,organ_scope=leaf;same_family_support=0
scplantdb_CRA004848:CRX270106@@_CACATGACATTCAGCA-1,Fragaria vesca,leaf,Mesophyll,Mesophyll,true,gate_leaf_support_64,organ_scope=leaf;same_family_support=0
scplantdb_CRA004848:CRX270106@@_CATACAGGTATCCCAA-1,Fragaria vesca,leaf,Mesophyll,Mesophyll,true,gate_leaf_support_64,organ_scope=leaf;same_family_support=0
scplantdb_CRA004848:CRX270106@@_CATGAGTTCTCAGGCG-1,Fragaria vesca,leaf,Mesophyll,Mesophyll,true,gate_leaf_support_64,organ_scope=leaf;same_family_support=0
scplantdb_CRA004848:CRX270106@@_CCCTCAAGTTCACGAT-1,Fragaria vesca,leaf,Mesophyll,Mesophyll,true,gate_leaf_support_64,organ_scope=leaf;same_family_support=0
scplantdb_CRA004848:CRX270106@@_CGAGTGCCAAAGCAAT-1,Fragaria vesca,leaf,Hydathodes,Mesophyll,false,gate_leaf_support_64,organ_scope=leaf;same_family_support=0
scplantdb_CRA004848:CRX270106@@_CGAGTGCGTGCGTCGT-1,Fragaria vesca,leaf,Mesophyll,Mesophyll,true,gate_leaf_support_64,organ_scope=leaf;same_family_support=0
scplantdb_CRA004848:CRX270106@@_CGAGTTAGTGTTTCTT-1,Fragaria vesca,leaf,Mesophyll,Mesophyll,true,gate_leaf_support_64,organ_scope=leaf;same_family_support=0
scplantdb_CRA004848:CRX270106@@_CGGAACCAGAGCGACT-1,Fragaria vesca,leaf,Phloem,Mesophyll,true,gate_leaf_support_64,organ_scope=leaf;same_family_support=0
scplantdb_CRA004848:CRX270106@@_CGGACACCAATGGCAG-1,Fragaria vesca,leaf,Mesophyll,Mesophyll,true,gate_leaf_support_64,organ_scope=leaf;same_family_support=0
scplantdb_CRA004848:CRX270106@@_CGGCAGTAGCTCACTA-1,Fragaria vesca,leaf,Mesophyll,Mesophyll,true,gate_leaf_support_64,organ_scope=leaf;same_family_support=0
scplantdb_CRA004848:CRX270106@@_CTAACTTCAGCATGCC-1,Fragaria vesca,leaf,Mesophyll,Mesophyll,true,gate_leaf_support_64,organ_scope=leaf;same_family_support=0
scplantdb_CRA004848:CRX270106@@_CTACAGAGTTGCCATA-1,Fragaria vesca,leaf,Mesophyll,Mesophyll,true,gate_leaf_support_64,organ_scope=leaf;same_family_support=0
scplantdb_CRA004848:CRX270106@@_CTCATTAAGAGAGAAC-1,Fragaria vesca,leaf,Adaxial epidermis,Mesophyll,false,gate_leaf_support_64,organ_scope=leaf;same_family_support=0
scplantdb_CRA004848:CRX270106@@_CTCCGATAGGCTCTCG-1,Fragaria vesca,leaf,Hydathodes,Mesophyll,false,gate_leaf_support_64,organ_scope=leaf;same_family_support=0
scplantdb_CRA004848:CRX270106@@_CTTCAATGTACGTGTT-1,Fragaria vesca,leaf,Xylem,Mesophyll,true,gate_leaf_support_64,organ_scope=leaf;same_family_support=0
scplantdb_CRA004848:CRX270106@@_GACGTTAGTATTGGCT-1,Fragaria vesca,leaf,Adaxial epidermis,Mesophyll,false,gate_leaf_support_64,organ_scope=leaf;same_family_support=0
scplantdb_CRA004848:CRX270106@@_GAGGCCTCAGCAGTCC-1,Fragaria vesca,leaf,Mesophyll,Mesophyll,true,gate_leaf_support_64,organ_scope=leaf;same_family_support=0
scplantdb_CRA004848:CRX270106@@_GATCCCTGTCGACTTA-1,Fragaria vesca,leaf,Mesophyll,Mesophyll,true,gate_leaf_support_64,organ_scope=leaf;same_family_support=0
scplantdb_CRA004848:CRX270106@@_GGAATCTTCCTACCGT-1,Fragaria vesca,leaf,Xylem parenchyma,Mesophyll,false,gate_leaf_support_64,organ_scope=leaf;same_family_support=0
scplantdb_CRA004848:CRX270106@@_GGGCTACAGGTCACCC-1,Fragaria vesca,leaf,Mesophyll,Mesophyll,true,gate_leaf_support_64,organ_scope=leaf;same_family_support=0
scplantdb_CRA004848:CRX270106@@_GTGTTCCTCCGGGACT-1,Fragaria vesca,leaf,Mesophyll,Mesophyll,true,gate_leaf_support_64,organ_scope=leaf;same_family_support=0
scplantdb_CRA004848:CRX270106@@_GTTACCCCACCCGTAG-1,Fragaria vesca,leaf,Mesophyll,Mesophyll,true,gate_leaf_support_64,organ_scope=leaf;same_family_support=0
scplantdb_CRA004848:CRX270106@@_GTTAGTGGTGAGCGAT-1,Fragaria vesca,leaf,Mesophyll,Mesophyll,true,gate_leaf_support_64,organ_scope=leaf;same_family_support=0
scplantdb_CRA004848:CRX270106@@_GTTGAACAGCTCGCAC-1,Fragaria vesca,leaf,Mesophyll,Mesophyll,true,gate_leaf_support_64,organ_scope=leaf;same_family_support=0
scplantdb_CRA004848:CRX270106@@_TAACGACGTGTTCATG-1,Fragaria vesca,leaf,Mesophyll,Mesophyll,true,gate_leaf_support_64,organ_scope=leaf;same_family_support=0
scplantdb_CRA004848:CRX270106@@_TACCCGTCACTTCTCG-1,Fragaria vesca,leaf,Mesophyll,Mesophyll,true,gate_leaf_support_64,organ_scope=leaf;same_family_support=0
scplantdb_CRA004848:CRX270106@@_TACCCGTGTACGTAGG-1,Fragaria vesca,leaf,Mesophyll,Mesophyll,true,gate_leaf_support_64,organ_scope=leaf;same_family_support=0
scplantdb_CRA004848:CRX270106@@_TACGCTCAGCGCTTCG-1,Fragaria vesca,leaf,Mesophyll,Mesophyll,true,gate_leaf_support_64,organ_scope=leaf;same_family_support=0
scplantdb_CRA004848:CRX270106@@_TCATATCTCGCCGATG-1,Fragaria vesca,leaf,Hydathodes,Mesophyll,false,gate_leaf_support_64,organ_scope=leaf;same_family_support=0
scplantdb_CRA004848:CRX270106@@_TCATTTGAGATCGACG-1,Fragaria vesca,leaf,Mesophyll,Mesophyll,true,gate_leaf_support_64,organ_scope=leaf;same_family_support=0
scplantdb_CRA004848:CRX270106@@_TCGCTTGTCCGTATAG-1,Fragaria vesca,leaf,Mesophyll,Mesophyll,true,gate_leaf_support_64,organ_scope=leaf;same_family_support=0
scplantdb_CRA004848:CRX270106@@_TCGTAGAAGCAAATCA-1,Fragaria vesca,leaf,Adaxial epidermis,Mesophyll,false,gate_leaf_support_64,organ_scope=leaf;same_family_support=0
scplantdb_CRA004848:CRX270106@@_TCTACATCAGTAGGAC-1,Fragaria vesca,leaf,Hydathodes,Mesophyll,false,gate_leaf_support_64,organ_scope=leaf;same_family_support=0
scplantdb_CRA004848:CRX270106@@_TCTGGCTAGCCATCCG-1,Fragaria vesca,leaf,Mesophyll,Mesophyll,true,gate_leaf_support_64,organ_scope=leaf;same_family_support=0
scplantdb_CRA004848:CRX270106@@_TGAGGTTCAATTTCCT-1,Fragaria vesca,leaf,Xylem parenchyma,Mesophyll,false,gate_leaf_support_64,organ_scope=leaf;same_family_support=0
scplantdb_CRA004848:CRX270106@@_TGCTTCGCACTCTAGA-1,Fragaria vesca,leaf,Adaxial epidermis,Mesophyll,false,gate_leaf_support_64,organ_scope=leaf;same_family_support=0
scplantdb_CRA004848:CRX270106@@_TGGCGTGGTCGAACAG-1,Fragaria vesca,leaf,Mesophyll,Mesophyll,true,gate_leaf_support_64,organ_scope=leaf;same_family_support=0
scplantdb_CRA004848:CRX270106@@_TGTTCCGTCATTCATC-1,Fragaria vesca,leaf,Mesophyll,Mesophyll,true,gate_leaf_support_64,organ_scope=leaf;same_family_support=0
scplantdb_CRA004848:CRX270106@@_TTATTGCCACTGGATT-1,Fragaria vesca,leaf,Mesophyll,Mesophyll,true,gate_leaf_support_64,organ_scope=leaf;same_family_support=0
scplantdb_CRA004848:CRX270106@@_TTCCAATTCCAGCTCT-1,Fragaria vesca,leaf,Mesophyll,Mesophyll,true,gate_leaf_support_64,organ_scope=leaf;same_family_support=0
scplantdb_CRA004848:CRX270106@@_TTCCTCTAGCGAAACC-1,Fragaria vesca,leaf,Hydathodes,Mesophyll,false,gate_leaf_support_64,organ_scope=leaf;same_family_support=0
scplantdb_CRA004848:CRX270106@@_TTCGATTAGAGCTTTC-1,Fragaria vesca,leaf,Mesophyll,Mesophyll,true,gate_leaf_support_64,organ_scope=leaf;same_family_support=0
scplantdb_CRA004848:CRX270106@@_TTCTTCCAGAATCGCG-1,Fragaria vesca,leaf,Hydathodes,Mesophyll,false,gate_leaf_support_64,organ_scope=leaf;same_family_support=0
scplantdb_CRA004848:CRX270106@@_TTCTTCCCAAACCACT-1,Fragaria vesca,leaf,Mesophyll,Mesophyll,true,gate_leaf_support_64,organ_scope=leaf;same_family_support=0
scplantdb_CRA004848:CRX270106@@_TTCTTGATCATCTCTA-1,Fragaria vesca,leaf,Mesophyll,Mesophyll,true,gate_leaf_support_64,organ_scope=leaf;same_family_support=0
scplantdb_CRA004848:CRX270106@@_TTGGGCGCAGCAGGAT-1,Fragaria vesca,leaf,Mesophyll,Mesophyll,true,gate_leaf_support_64,organ_scope=leaf;same_family_support=0
scplantdb_CRA004848:CRX270106@@_TTTACGTGTATGACAA-1,Fragaria vesca,leaf,Mesophyll,Mesophyll,true,gate_leaf_support_64,organ_scope=leaf;same_family_support=0
scplantdb_CRA004848:CRX270106@@_TTTCATGTCAGCAGAG-1,Fragaria vesca,leaf,Xylem parenchyma,Mesophyll,false,gate_leaf_support_64,organ_scope=leaf;same_family_support=0
scplantdb_CRA004848:CRX270108@@_AAATGGAAGCGTCGAA-1,Fragaria vesca,leaf,Hydathodes,Mesophyll,false,gate_leaf_support_64,organ_scope=leaf;same_family_support=0
scplantdb_CRA004848:CRX270108@@_AACAAGAGTTAAGTCC-1,Fragaria vesca,leaf,Hydathodes,Mesophyll,false,gate_leaf_support_64,organ_scope=leaf;same_family_support=0
scplantdb_CRA004848:CRX270108@@_AACAGGGGTCCATACA-1,Fragaria vesca,leaf,Mesophyll,Mesophyll,true,gate_leaf_support_64,organ_scope=leaf;same_family_support=0
scplantdb_CRA004848:CRX270108@@_AACCCAAAGGCTCACC-1,Fragaria vesca,leaf,Mesophyll,Mesophyll,true,gate_leaf_support_64,organ_scope=leaf;same_family_support=0
scplantdb_CRA004848:CRX270108@@_AACGGGAGTAGCTGCC-1,Fragaria vesca,leaf,Mesophyll,Mesophyll,true,gate_leaf_support_64,organ_scope=leaf;same_family_support=0
scplantdb_CRA004848:CRX270108@@_AAGCGTTCAATATCCG-1,Fragaria vesca,leaf,Hydathodes,Mesophyll,false,gate_leaf_support_64,organ_scope=leaf;same_family_support=0
scplantdb_CRA004848:CRX270108@@_AAGTACCTCATTTCCA-1,Fragaria vesca,leaf,Mesophyll,Mesophyll,true,gate_leaf_support_64,organ_scope=leaf;same_family_support=0
scplantdb_CRA004848:CRX270108@@_ACAACCAAGGCATCAG-1,Fragaria vesca,leaf,Abaxial epidermis,Mesophyll,false,gate_leaf_support_64,organ_scope=leaf;same_family_support=0
scplantdb_CRA004848:CRX270108@@_ACACCAAGTAGACGGT-1,Fragaria vesca,leaf,Mesophyll,Mesophyll,true,gate_leaf_support_64,organ_scope=leaf;same_family_support=0
scplantdb_CRA004848:CRX270108@@_ACCAAACCACGGCTAC-1,Fragaria vesca,leaf,Mesophyll,Mesophyll,true,gate_leaf_support_64,organ_scope=leaf;same_family_support=0
scplantdb_CRA004848:CRX270108@@_ACGGTTACACGCTGAC-1,Fragaria vesca,leaf,Mesophyll,Mesophyll,true,gate_leaf_support_64,organ_scope=leaf;same_family_support=0
scplantdb_CRA004848:CRX270108@@_ACTGTGATCAAGGAGC-1,Fragaria vesca,leaf,Adaxial epidermis,Mesophyll,false,gate_leaf_support_64,organ_scope=leaf;same_family_support=0
scplantdb_CRA004848:CRX270108@@_AGGCATTAGCGCCTCA-1,Fragaria vesca,leaf,Mesophyll,Mesophyll,true,gate_leaf_support_64,organ_scope=leaf;same_family_support=0
scplantdb_CRA004848:CRX270108@@_AGGTTACGTTCGCGTG-1,Fragaria vesca,leaf,Xylem parenchyma,Mesophyll,false,gate_leaf_support_64,organ_scope=leaf;same_family_support=0
scplantdb_CRA004848:CRX270108@@_ATGCCTCTCCGTTTCG-1,Fragaria vesca,leaf,Mesophyll,Mesophyll,true,gate_leaf_support_64,organ_scope=leaf;same_family_support=0
scplantdb_CRA004848:CRX270108@@_ATGCGATTCCCGTGAG-1,Fragaria vesca,leaf,Mesophyll,Mesophyll,true,gate_leaf_support_64,organ_scope=leaf;same_family_support=0
scplantdb_CRA004848:CRX270108@@_ATGGGTTAGCACTCCG-1,Fragaria vesca,leaf,Adaxial epidermis,Mesophyll,false,gate_leaf_support_64,organ_scope=leaf;same_family_support=0
scplantdb_CRA004848:CRX270108@@_CAATGACTCCATCTAT-1,Fragaria vesca,leaf,Hydathodes,Mesophyll,false,gate_leaf_support_64,organ_scope=leaf;same_family_support=0
scplantdb_CRA004848:CRX270108@@_CACAACAGTCCTGTCT-1,Fragaria vesca,leaf,Adaxial epidermis,Mesophyll,false,gate_leaf_support_64,organ_scope=leaf;same_family_support=0
scplantdb_CRA004848:CRX270108@@_CACTGGGCATACCGTA-1,Fragaria vesca,leaf,Hydathodes,Mesophyll,false,gate_leaf_support_64,organ_scope=leaf;same_family_support=0
scplantdb_CRA004848:CRX270108@@_CAGAGCCCAGTAACCT-1,Fragaria vesca,leaf,Adaxial epidermis,Mesophyll,false,gate_leaf_support_64,organ_scope=leaf;same_family_support=0
scplantdb_CRA004848:CRX270108@@_CAGCAGCCAAGGTCGA-1,Fragaria vesca,leaf,Adaxial epidermis,Mesophyll,false,gate_leaf_support_64,organ_scope=leaf;same_family_support=0
scplantdb_CRA004848:CRX270108@@_CATCCCAAGGTAGCCA-1,Fragaria vesca,leaf,Hydathodes,Mesophyll,false,gate_leaf_support_64,organ_scope=leaf;same_family_support=0
scplantdb_CRA004848:CRX270108@@_CATCCCAGTGGCTCTG-1,Fragaria vesca,leaf,Mesophyll,Mesophyll,true,gate_leaf_support_64,organ_scope=leaf;same_family_support=0
scplantdb_CRA004848:CRX270108@@_CCAATGATCGGTTGTA-1,Fragaria vesca,leaf,Hydathodes,Mesophyll,false,gate_leaf_support_64,organ_scope=leaf;same_family_support=0
scplantdb_CRA004848:CRX270108@@_CCTAACCCAGTATGAA-1,Fragaria vesca,leaf,Hydathodes,Mesophyll,false,gate_leaf_support_64,organ_scope=leaf;same_family_support=0
scplantdb_CRA004848:CRX270108@@_CCTCACAGTTGTAGCT-1,Fragaria vesca,leaf,Mesophyll,Mesophyll,true,gate_leaf_support_64,organ_scope=leaf;same_family_support=0
scplantdb_CRA004848:CRX270108@@_CCTCCTCCATTCGGGC-1,Fragaria vesca,leaf,Mesophyll,Mesophyll,true,gate_leaf_support_64,organ_scope=leaf;same_family_support=0
scplantdb_CRA004848:CRX270108@@_CGATGCGTCCCATGGG-1,Fragaria vesca,leaf,Mesophyll,Mesophyll,true,gate_leaf_support_64,organ_scope=leaf;same_family_support=0
scplantdb_CRA004848:CRX270108@@_CGGAATTCACTTCAAG-1,Fragaria vesca,leaf,Xylem,Mesophyll,true,gate_leaf_support_64,organ_scope=leaf;same_family_support=0
scplantdb_CRA004848:CRX270108@@_CGTTGGGCAAGTTCCA-1,Fragaria vesca,leaf,Mesophyll,Mesophyll,true,gate_leaf_support_64,organ_scope=leaf;same_family_support=0
scplantdb_CRA004848:CRX270108@@_CTAGGTATCGTTCATT-1,Fragaria vesca,leaf,Adaxial epidermis,Mesophyll,false,gate_leaf_support_64,organ_scope=leaf;same_family_support=0
scplantdb_CRA004848:CRX270108@@_CTGAGCGCACGACTAT-1,Fragaria vesca,leaf,Abaxial epidermis,Mesophyll,false,gate_leaf_support_64,organ_scope=leaf;same_family_support=0
scplantdb_CRA004848:CRX270108@@_CTGAGCGCAGCAGTGA-1,Fragaria vesca,leaf,Hydathodes,Mesophyll,false,gate_leaf_support_64,organ_scope=leaf;same_family_support=0
scplantdb_CRA004848:CRX270108@@_CTTCCTTGTCATCCCT-1,Fragaria vesca,leaf,Mesophyll,Mesophyll,true,gate_leaf_support_64,organ_scope=leaf;same_family_support=0
scplantdb_CRA004848:CRX270108@@_GAAGTAACATCTATCT-1,Fragaria vesca,leaf,Phloem,Mesophyll,true,gate_leaf_support_64,organ_scope=leaf;same_family_support=0
scplantdb_CRA004848:CRX270108@@_GAATAGATCGGACGTC-1,Fragaria vesca,leaf,Phloem,Mesophyll,true,gate_leaf_support_64,organ_scope=leaf;same_family_support=0
scplantdb_CRA004848:CRX270108@@_GACAGCCCAAGTTTGC-1,Fragaria vesca,leaf,Hydathodes,Mesophyll,false,gate_leaf_support_64,organ_scope=leaf;same_family_support=0
scplantdb_CRA004848:CRX270108@@_GACATCAAGGCAGGGA-1,Fragaria vesca,leaf,Mesophyll,Mesophyll,true,gate_leaf_support_64,organ_scope=leaf;same_family_support=0
scplantdb_CRA004848:CRX270108@@_GAGGCCTGTCGTACAT-1,Fragaria vesca,leaf,Mesophyll,Mesophyll,true,gate_leaf_support_64,organ_scope=leaf;same_family_support=0
scplantdb_CRA004848:CRX270108@@_GCAACCGAGAAGCGCT-1,Fragaria vesca,leaf,Mesophyll,Mesophyll,true,gate_leaf_support_64,organ_scope=leaf;same_family_support=0
scplantdb_CRA004848:CRX270108@@_GGAACCCGTGGATCGA-1,Fragaria vesca,leaf,Hydathodes,Mesophyll,false,gate_leaf_support_64,organ_scope=leaf;same_family_support=0
scplantdb_CRA004848:CRX270108@@_GGGACAATCGATGCAT-1,Fragaria vesca,leaf,Mesophyll,Mesophyll,true,gate_leaf_support_64,organ_scope=leaf;same_family_support=0
scplantdb_CRA004848:CRX270108@@_GGGTGAACATCGCTAA-1,Fragaria vesca,leaf,Mesophyll,Mesophyll,true,gate_leaf_support_64,organ_scope=leaf;same_family_support=0
scplantdb_CRA004848:CRX270108@@_GTAATGCTCCGTACGG-1,Fragaria vesca,leaf,Hydathodes,Mesophyll,false,gate_leaf_support_64,organ_scope=leaf;same_family_support=0
scplantdb_CRA004848:CRX270108@@_GTAGAGGGTTGTTGCA-1,Fragaria vesca,leaf,Hydathodes,Mesophyll,false,gate_leaf_support_64,organ_scope=leaf;same_family_support=0
scplantdb_CRA004848:CRX270108@@_GTAGGAGGTGTGTCGC-1,Fragaria vesca,leaf,Mesophyll,Mesophyll,true,gate_leaf_support_64,organ_scope=leaf;same_family_support=0
scplantdb_CRA004848:CRX270108@@_GTCCACTAGGATGGCT-1,Fragaria vesca,leaf,Adaxial epidermis,Mesophyll,false,gate_leaf_support_64,organ_scope=leaf;same_family_support=0
scplantdb_CRA004848:CRX270108@@_GTCCACTGTTGACTGT-1,Fragaria vesca,leaf,Mesophyll,Mesophyll,true,gate_leaf_support_64,organ_scope=leaf;same_family_support=0
scplantdb_CRA004848:CRX270108@@_GTTACCCTCACCGGGT-1,Fragaria vesca,leaf,Hydathodes,Mesophyll,false,gate_leaf_support_64,organ_scope=leaf;same_family_support=0
scplantdb_CRA004848:CRX270108@@_GTTGTCCCATAAGATG-1,Fragaria vesca,leaf,Mesophyll,Mesophyll,true,gate_leaf_support_64,organ_scope=leaf;same_family_support=0
scplantdb_CRA004848:CRX270108@@_TAACACGGTAGTATAG-1,Fragaria vesca,leaf,Hydathodes,Mesophyll,false,gate_leaf_support_64,organ_scope=leaf;same_family_support=0
scplantdb_CRA004848:CRX270108@@_TAAGCACAGAGGACTC-1,Fragaria vesca,leaf,Hydathodes,Mesophyll,false,gate_leaf_support_64,organ_scope=leaf;same_family_support=0
scplantdb_CRA004848:CRX270108@@_TACCCGTGTGTTCGAT-1,Fragaria vesca,leaf,Hydathodes,Mesophyll,false,gate_leaf_support_64,organ_scope=leaf;same_family_support=0
scplantdb_CRA004848:CRX270108@@_TACCGGGGTTGGGTAG-1,Fragaria vesca,leaf,Mesophyll,Mesophyll,true,gate_leaf_support_64,organ_scope=leaf;same_family_support=0
scplantdb_CRA004848:CRX270108@@_TACCTGCCAGCACGAA-1,Fragaria vesca,leaf,Hydathodes,Mesophyll,false,gate_leaf_support_64,organ_scope=leaf;same_family_support=0
scplantdb_CRA004848:CRX270108@@_TACCTGCTCGCATTGA-1,Fragaria vesca,leaf,Abaxial epidermis,Mesophyll,false,gate_leaf_support_64,organ_scope=leaf;same_family_support=0
scplantdb_CRA004848:CRX270108@@_TACGCTCGTTGTAGCT-1,Fragaria vesca,leaf,Abaxial epidermis,Mesophyll,false,gate_leaf_support_64,organ_scope=leaf;same_family_support=0
scplantdb_CRA004848:CRX270108@@_TATCCTACAAGAGAGA-1,Fragaria vesca,leaf,Mesophyll,Mesophyll,true,gate_leaf_support_64,organ_scope=leaf;same_family_support=0
scplantdb_CRA004848:CRX270108@@_TATTGCTCATAGGCGA-1,Fragaria vesca,leaf,Mesophyll,Mesophyll,true,gate_leaf_support_64,organ_scope=leaf;same_family_support=0
scplantdb_CRA004848:CRX270108@@_TCAGGGCGTGCTGATT-1,Fragaria vesca,leaf,Mesophyll,Mesophyll,true,gate_leaf_support_64,organ_scope=leaf;same_family_support=0
scplantdb_CRA004848:CRX270108@@_TCATCATAGGATACGC-1,Fragaria vesca,leaf,Hydathodes,Mesophyll,false,gate_leaf_support_64,organ_scope=leaf;same_family_support=0
scplantdb_CRA004848:CRX270108@@_TCATGGAAGCTTCATG-1,Fragaria vesca,leaf,Xylem,Mesophyll,true,gate_leaf_support_64,organ_scope=leaf;same_family_support=0
scplantdb_CRA004848:CRX270108@@_TCCCAGTCAGCTCGGT-1,Fragaria vesca,leaf,Hydathodes,Mesophyll,false,gate_leaf_support_64,organ_scope=leaf;same_family_support=0
scplantdb_CRA004848:CRX270108@@_TCTCAGCCACGCCAGT-1,Fragaria vesca,leaf,Mesophyll,Mesophyll,true,gate_leaf_support_64,organ_scope=leaf;same_family_support=0
scplantdb_CRA004848:CRX270108@@_TCTGCCAAGTGTTCCA-1,Fragaria vesca,leaf,Hydathodes,Mesophyll,false,gate_leaf_support_64,organ_scope=leaf;same_family_support=0
scplantdb_CRA004848:CRX270108@@_TGAGTCATCACATTGG-1,Fragaria vesca,leaf,Hydathodes,Mesophyll,false,gate_leaf_support_64,organ_scope=leaf;same_family_support=0
scplantdb_CRA004848:CRX270108@@_TGATCTTAGATGCGAC-1,Fragaria vesca,leaf,Mesophyll,Mesophyll,true,gate_leaf_support_64,organ_scope=leaf;same_family_support=0
scplantdb_CRA004848:CRX270108@@_TGCGGGTGTACGGCAA-1,Fragaria vesca,leaf,Hydathodes,Mesophyll,false,gate_leaf_support_64,organ_scope=leaf;same_family_support=0
scplantdb_CRA004848:CRX270108@@_TGCTTCGCAGCTGGTC-1,Fragaria vesca,leaf,Hydathodes,Mesophyll,false,gate_leaf_support_64,organ_scope=leaf;same_family_support=0
scplantdb_CRA004848:CRX270108@@_TGGAGAGAGACCAAGC-1,Fragaria vesca,leaf,Mesophyll,Mesophyll,true,gate_leaf_support_64,organ_scope=leaf;same_family_support=0
scplantdb_CRA004848:CRX270108@@_TGTAACGAGGCTCCCA-1,Fragaria vesca,leaf,Mesophyll,Mesophyll,true,gate_leaf_support_64,organ_scope=leaf;same_family_support=0
scplantdb_CRA004848:CRX270108@@_TGTGTGATCTCAATCT-1,Fragaria vesca,leaf,Adaxial epidermis,Mesophyll,false,gate_leaf_support_64,organ_scope=leaf;same_family_support=0
scplantdb_CRA004848:CRX270108@@_TTAGGCACATAGATGA-1,Fragaria vesca,leaf,Xylem parenchyma,Mesophyll,false,gate_leaf_support_64,organ_scope=leaf;same_family_support=0
scplantdb_CRA004848:CRX270108@@_TTCAATCAGTGATGGC-1,Fragaria vesca,leaf,Mesophyll,Mesophyll,true,gate_leaf_support_64,organ_scope=leaf;same_family_support=0
scplantdb_CRA004848:CRX270108@@_TTCAGGAAGCGAGTCA-1,Fragaria vesca,leaf,Hydathodes,Mesophyll,false,gate_leaf_support_64,organ_scope=leaf;same_family_support=0
scplantdb_CRA004848:CRX270108@@_TTCATGTTCGCCGAGT-1,Fragaria vesca,leaf,Hydathodes,Mesophyll,false,gate_leaf_support_64,organ_scope=leaf;same_family_support=0
scplantdb_CRA004848:CRX270108@@_TTCCAATGTAAGGTCG-1,Fragaria vesca,leaf,Abaxial epidermis,Mesophyll,false,gate_leaf_support_64,organ_scope=leaf;same_family_support=0
scplantdb_CRA004848:CRX270108@@_TTCCGTGCATGTTTGG-1,Fragaria vesca,leaf,Hydathodes,Mesophyll,false,gate_leaf_support_64,organ_scope=leaf;same_family_support=0
scplantdb_CRA004848:CRX270108@@_TTGACCCAGTCCCAAT-1,Fragaria vesca,leaf,Mesophyll,Mesophyll,true,gate_leaf_support_64,organ_scope=leaf;same_family_support=0
scplantdb_CRA004848:CRX270108@@_TTGCTGCGTACCGTGC-1,Fragaria vesca,leaf,Mesophyll,Mesophyll,true,gate_leaf_support_64,organ_scope=leaf;same_family_support=0
scplantdb_CRA004848:CRX270108@@_TTGTGGAAGGCTTAGG-1,Fragaria vesca,leaf,Mesophyll,Mesophyll,true,gate_leaf_support_64,organ_scope=leaf;same_family_support=0
scplantdb_CRA004848:CRX270108@@_TTTCCTCAGTCGGCCT-1,Fragaria vesca,leaf,Abaxial epidermis,Mesophyll,false,gate_leaf_support_64,organ_scope=leaf;same_family_support=0
scplantdb_CRA004848:CRX270107@@_AACCCAAGTTAGAGAT-1,Fragaria vesca,leaf,Mesophyll,Mesophyll,true,gate_leaf_support_64,organ_scope=leaf;same_family_support=0
scplantdb_CRA004848:CRX270107@@_AAGACTCAGTGCAAAT-1,Fragaria vesca,leaf,Xylem parenchyma,Mesophyll,false,gate_leaf_support_64,organ_scope=leaf;same_family_support=0
scplantdb_CRA004848:CRX270107@@_AAGCATCGTACGGATG-1,Fragaria vesca,leaf,Abaxial epidermis,Mesophyll,false,gate_leaf_support_64,organ_scope=leaf;same_family_support=0
scplantdb_CRA004848:CRX270107@@_AAGGTAAAGTCGTTAC-1,Fragaria vesca,leaf,Mesophyll,Mesophyll,true,gate_leaf_support_64,organ_scope=leaf;same_family_support=0
scplantdb_CRA004848:CRX270107@@_AAGTTCGGTGACACAG-1,Fragaria vesca,leaf,Mesophyll,Mesophyll,true,gate_leaf_support_64,organ_scope=leaf;same_family_support=0
scplantdb_CRA004848:CRX270107@@_AATCGTGCAACAGCCC-1,Fragaria vesca,leaf,Adaxial epidermis,Mesophyll,false,gate_leaf_support_64,organ_scope=leaf;same_family_support=0
scplantdb_CRA004848:CRX270107@@_ACAGGGAGTTGGGATG-1,Fragaria vesca,leaf,Mesophyll,Mesophyll,true,gate_leaf_support_64,organ_scope=leaf;same_family_support=0
scplantdb_CRA004848:CRX270107@@_ACTTTGTAGCGTGAAC-1,Fragaria vesca,leaf,Mesophyll,Mesophyll,true,gate_leaf_support_64,organ_scope=leaf;same_family_support=0
scplantdb_CRA004848:CRX270107@@_AGGAAATTCTTTCTAG-1,Fragaria vesca,leaf,Mesophyll,Mesophyll,true,gate_leaf_support_64,organ_scope=leaf;same_family_support=0
scplantdb_CRA004848:CRX270107@@_AGGTCTAGTGTCTAAC-1,Fragaria vesca,leaf,Xylem parenchyma,Mesophyll,false,gate_leaf_support_64,organ_scope=leaf;same_family_support=0
scplantdb_CRA004848:CRX270107@@_AGGTTGTAGACCAACG-1,Fragaria vesca,leaf,Mesophyll,Mesophyll,true,gate_leaf_support_64,organ_scope=leaf;same_family_support=0
scplantdb_CRA004848:CRX270107@@_AGGTTGTGTAGGAGTC-1,Fragaria vesca,leaf,Mesophyll,Mesophyll,true,gate_leaf_support_64,organ_scope=leaf;same_family_support=0
scplantdb_CRA004848:CRX270107@@_AGGTTGTTCCCTTTGG-1,Fragaria vesca,leaf,Mesophyll,Mesophyll,true,gate_leaf_support_64,organ_scope=leaf;same_family_support=0
scplantdb_CRA004848:CRX270107@@_AGTCACAGTATTGACC-1,Fragaria vesca,leaf,Mesophyll,Mesophyll,true,gate_leaf_support_64,organ_scope=leaf;same_family_support=0
scplantdb_CRA004848:CRX270107@@_ATACCTTTCGCTAGCG-1,Fragaria vesca,leaf,Mesophyll,Mesophyll,true,gate_leaf_support_64,organ_scope=leaf;same_family_support=0
scplantdb_CRA004848:CRX270107@@_ATGAGGGCAGAGCGTA-1,Fragaria vesca,leaf,Hydathodes,Mesophyll,false,gate_leaf_support_64,organ_scope=leaf;same_family_support=0
scplantdb_CRA004848:CRX270107@@_CAATACGGTCGCACAC-1,Fragaria vesca,leaf,Mesophyll,Mesophyll,true,gate_leaf_support_64,organ_scope=leaf;same_family_support=0
scplantdb_CRA004848:CRX270107@@_CAGCACGTCATCTATC-1,Fragaria vesca,leaf,Hydathodes,Mesophyll,false,gate_leaf_support_64,organ_scope=leaf;same_family_support=0
scplantdb_CRA004848:CRX270107@@_CATACAGCACGGTAGA-1,Fragaria vesca,leaf,Adaxial epidermis,Mesophyll,false,gate_leaf_support_64,organ_scope=leaf;same_family_support=0
scplantdb_CRA004848:CRX270107@@_CATGCAATCTCTGCTG-1,Fragaria vesca,leaf,Mesophyll,Mesophyll,true,gate_leaf_support_64,organ_scope=leaf;same_family_support=0
scplantdb_CRA004848:CRX270107@@_CCACACTGTCTGTAGT-1,Fragaria vesca,leaf,Phloem,Mesophyll,true,gate_leaf_support_64,organ_scope=leaf;same_family_support=0
scplantdb_CRA004848:CRX270107@@_CCACGTTGTCCCTGTT-1,Fragaria vesca,leaf,Mesophyll,Mesophyll,true,gate_leaf_support_64,organ_scope=leaf;same_family_support=0
scplantdb_CRA004848:CRX270107@@_CCATAAGTCTCATGCC-1,Fragaria vesca,leaf,Mesophyll,Mesophyll,true,gate_leaf_support_64,organ_scope=leaf;same_family_support=0
scplantdb_CRA004848:CRX270107@@_CCTGCATCATAGCACT-1,Fragaria vesca,leaf,Mesophyll,Mesophyll,true,gate_leaf_support_64,organ_scope=leaf;same_family_support=0
scplantdb_CRA004848:CRX270107@@_CCTTCAGTCAAACGAA-1,Fragaria vesca,leaf,Mesophyll,Mesophyll,true,gate_leaf_support_64,organ_scope=leaf;same_family_support=0
scplantdb_CRA004848:CRX270107@@_CGAGTTAGTCTACACA-1,Fragaria vesca,leaf,Mesophyll,Mesophyll,true,gate_leaf_support_64,organ_scope=leaf;same_family_support=0
scplantdb_CRA004848:CRX270107@@_CGCCATTAGCAGGGAG-1,Fragaria vesca,leaf,Mesophyll,Mesophyll,true,gate_leaf_support_64,organ_scope=leaf;same_family_support=0
scplantdb_CRA004848:CRX270107@@_CGGAATTTCTGCATGA-1,Fragaria vesca,leaf,Mesophyll,Mesophyll,true,gate_leaf_support_64,organ_scope=leaf;same_family_support=0
scplantdb_CRA004848:CRX270107@@_CGTCAAAGTCCCTGTT-1,Fragaria vesca,leaf,Hydathodes,Mesophyll,false,gate_leaf_support_64,organ_scope=leaf;same_family_support=0
scplantdb_CRA004848:CRX270107@@_CGTCCATTCCGGCAAC-1,Fragaria vesca,leaf,Hydathodes,Mesophyll,false,gate_leaf_support_64,organ_scope=leaf;same_family_support=0
scplantdb_CRA004848:CRX270107@@_CGTGATAGTGTCTTCC-1,Fragaria vesca,leaf,Mesophyll,Mesophyll,true,gate_leaf_support_64,organ_scope=leaf;same_family_support=0
scplantdb_CRA004848:CRX270107@@_CTACCCAGTAGACGTG-1,Fragaria vesca,leaf,Xylem,Mesophyll,true,gate_leaf_support_64,organ_scope=leaf;same_family_support=0
scplantdb_CRA004848:CRX270107@@_CTCAGAACAGAAGTGC-1,Fragaria vesca,leaf,Hydathodes,Mesophyll,false,gate_leaf_support_64,organ_scope=leaf;same_family_support=0
scplantdb_CRA004848:CRX270107@@_CTCCATGAGAGAGCCT-1,Fragaria vesca,leaf,Hydathodes,Mesophyll,false,gate_leaf_support_64,organ_scope=leaf;same_family_support=0
scplantdb_CRA004848:CRX270107@@_CTGAGGCAGATGAACT-1,Fragaria vesca,leaf,Mesophyll,Mesophyll,true,gate_leaf_support_64,organ_scope=leaf;same_family_support=0
scplantdb_CRA004848:CRX270107@@_CTGAGGCCAGTAGAAT-1,Fragaria vesca,leaf,Mesophyll,Mesophyll,true,gate_leaf_support_64,organ_scope=leaf;same_family_support=0
scplantdb_CRA004848:CRX270107@@_CTGAGGCGTCTGTAGT-1,Fragaria vesca,leaf,Hydathodes,Mesophyll,false,gate_leaf_support_64,organ_scope=leaf;same_family_support=0
scplantdb_CRA004848:CRX270107@@_CTGCATCAGGCTCAAG-1,Fragaria vesca,leaf,Mesophyll,Mesophyll,true,gate_leaf_support_64,organ_scope=leaf;same_family_support=0
scplantdb_CRA004848:CRX270107@@_CTGCGAGCACCCAACG-1,Fragaria vesca,leaf,Hydathodes,Mesophyll,false,gate_leaf_support_64,organ_scope=leaf;same_family_support=0
scplantdb_CRA004848:CRX270107@@_CTGGACGTCCCTGGTT-1,Fragaria vesca,leaf,Hydathodes,Mesophyll,false,gate_leaf_support_64,organ_scope=leaf;same_family_support=0
scplantdb_CRA004848:CRX270107@@_CTGTATTTCGATAACC-1,Fragaria vesca,leaf,Mesophyll,Mesophyll,true,gate_leaf_support_64,organ_scope=leaf;same_family_support=0
scplantdb_CRA004848:CRX270107@@_CTGTGAATCCTTCACG-1,Fragaria vesca,leaf,Hydathodes,Mesophyll,false,gate_leaf_support_64,organ_scope=leaf;same_family_support=0
scplantdb_CRA004848:CRX270107@@_CTTCGGTAGGATACGC-1,Fragaria vesca,leaf,Hydathodes,Mesophyll,false,gate_leaf_support_64,organ_scope=leaf;same_family_support=0
scplantdb_CRA004848:CRX270107@@_GAACTGTTCGACATAC-1,Fragaria vesca,leaf,Mesophyll,Mesophyll,true,gate_leaf_support_64,organ_scope=leaf;same_family_support=0
scplantdb_CRA004848:CRX270107@@_GAAGCGATCTTTCCGG-1,Fragaria vesca,leaf,Mesophyll,Mesophyll,true,gate_leaf_support_64,organ_scope=leaf;same_family_support=0
scplantdb_CRA004848:CRX270107@@_GAAGGGTCAGCTTTGA-1,Fragaria vesca,leaf,Hydathodes,Mesophyll,false,gate_leaf_support_64,organ_scope=leaf;same_family_support=0
scplantdb_CRA004848:CRX270107@@_GAATCGTTCAAGTCTG-1,Fragaria vesca,leaf,Mesophyll,Mesophyll,true,gate_leaf_support_64,organ_scope=leaf;same_family_support=0
scplantdb_CRA004848:CRX270107@@_GACGCTGGTAAGTTGA-1,Fragaria vesca,leaf,Mesophyll,Mesophyll,true,gate_leaf_support_64,organ_scope=leaf;same_family_support=0
scplantdb_CRA004848:CRX270107@@_GAGCTGCAGACCTCCG-1,Fragaria vesca,leaf,Mesophyll,Mesophyll,true,gate_leaf_support_64,organ_scope=leaf;same_family_support=0
scplantdb_CRA004848:CRX270107@@_GCAACATGTAGCGAGT-1,Fragaria vesca,leaf,Adaxial epidermis,Mesophyll,false,gate_leaf_support_64,organ_scope=leaf;same_family_support=0
scplantdb_CRA004848:CRX270107@@_GCTTCACTCTTCGTAT-1,Fragaria vesca,leaf,Mesophyll,Mesophyll,true,gate_leaf_support_64,organ_scope=leaf;same_family_support=0
scplantdb_CRA004848:CRX270107@@_GCTTTCGAGACCAAAT-1,Fragaria vesca,leaf,Mesophyll,Mesophyll,true,gate_leaf_support_64,organ_scope=leaf;same_family_support=0
scplantdb_CRA004848:CRX270107@@_GGACGTCCAAAGACTA-1,Fragaria vesca,leaf,Mesophyll,Mesophyll,true,gate_leaf_support_64,organ_scope=leaf;same_family_support=0
scplantdb_CRA004848:CRX270107@@_GGAGGTAGTGAATTAG-1,Fragaria vesca,leaf,Abaxial epidermis,Mesophyll,false,gate_leaf_support_64,organ_scope=leaf;same_family_support=0
scplantdb_CRA004848:CRX270107@@_GGATCTAGTACGTACT-1,Fragaria vesca,leaf,Hydathodes,Mesophyll,false,gate_leaf_support_64,organ_scope=leaf;same_family_support=0
scplantdb_CRA004848:CRX270107@@_GGCGTCAAGGTCACCC-1,Fragaria vesca,leaf,Mesophyll,Mesophyll,true,gate_leaf_support_64,organ_scope=leaf;same_family_support=0
scplantdb_CRA004848:CRX270107@@_GGGTTATGTGCCCAGT-1,Fragaria vesca,leaf,Mesophyll,Mesophyll,true,gate_leaf_support_64,organ_scope=leaf;same_family_support=0
scplantdb_CRA004848:CRX270107@@_GTAGCTATCGCTGTCT-1,Fragaria vesca,leaf,Hydathodes,Mesophyll,false,gate_leaf_support_64,organ_scope=leaf;same_family_support=0
scplantdb_CRA004848:CRX270107@@_GTAGGTTTCGCTTAAG-1,Fragaria vesca,leaf,Hydathodes,Mesophyll,false,gate_leaf_support_64,organ_scope=leaf;same_family_support=0
scplantdb_CRA004848:CRX270107@@_GTCTCACAGCACGTCC-1,Fragaria vesca,leaf,Hydathodes,Mesophyll,false,gate_leaf_support_64,organ_scope=leaf;same_family_support=0
scplantdb_CRA004848:CRX270107@@_GTGAGCCAGGCCACTC-1,Fragaria vesca,leaf,Hydathodes,Mesophyll,false,gate_leaf_support_64,organ_scope=leaf;same_family_support=0
scplantdb_CRA004848:CRX270107@@_GTGTTAGAGCTACAAA-1,Fragaria vesca,leaf,Mesophyll,Mesophyll,true,gate_leaf_support_64,organ_scope=leaf;same_family_support=0
scplantdb_CRA004848:CRX270107@@_GTTACGAAGTCACAGG-1,Fragaria vesca,leaf,Hydathodes,Mesophyll,false,gate_leaf_support_64,organ_scope=leaf;same_family_support=0
scplantdb_CRA004848:CRX270107@@_GTTAGTGGTATGGAAT-1,Fragaria vesca,leaf,Mesophyll,Mesophyll,true,gate_leaf_support_64,organ_scope=leaf;same_family_support=0
scplantdb_CRA004848:CRX270107@@_GTTGAACCAATTGCGT-1,Fragaria vesca,leaf,Hydathodes,Mesophyll,false,gate_leaf_support_64,organ_scope=leaf;same_family_support=0
scplantdb_CRA004848:CRX270107@@_GTTTACTTCGCCTCTA-1,Fragaria vesca,leaf,Mesophyll,Mesophyll,true,gate_leaf_support_64,organ_scope=leaf;same_family_support=0
scplantdb_CRA004848:CRX270107@@_TAACGACAGATAGCAT-1,Fragaria vesca,leaf,Mesophyll,Mesophyll,true,gate_leaf_support_64,organ_scope=leaf;same_family_support=0
scplantdb_CRA004848:CRX270107@@_TAGAGTCGTTCTTCAT-1,Fragaria vesca,leaf,Mesophyll,Mesophyll,true,gate_leaf_support_64,organ_scope=leaf;same_family_support=0
scplantdb_CRA004848:CRX270107@@_TATATCCTCACACCCT-1,Fragaria vesca,leaf,Adaxial epidermis,Mesophyll,false,gate_leaf_support_64,organ_scope=leaf;same_family_support=0
scplantdb_CRA004848:CRX270107@@_TATCTGTGTTAGGACG-1,Fragaria vesca,leaf,Mesophyll,Mesophyll,true,gate_leaf_support_64,organ_scope=leaf;same_family_support=0
scplantdb_CRA004848:CRX270107@@_TATTCCAGTTCAAAGA-1,Fragaria vesca,leaf,Hydathodes,Mesophyll,false,gate_leaf_support_64,organ_scope=leaf;same_family_support=0
scplantdb_CRA004848:CRX270107@@_TATTCCATCCCGAGTG-1,Fragaria vesca,leaf,Mesophyll,Mesophyll,true,gate_leaf_support_64,organ_scope=leaf;same_family_support=0
scplantdb_CRA004848:CRX270107@@_TATTGGGCAGAACTCT-1,Fragaria vesca,leaf,Mesophyll,Mesophyll,true,gate_leaf_support_64,organ_scope=leaf;same_family_support=0
scplantdb_CRA004848:CRX270107@@_TCCGAAACATTGGGAG-1,Fragaria vesca,leaf,Hydathodes,Mesophyll,false,gate_leaf_support_64,organ_scope=leaf;same_family_support=0
scplantdb_CRA004848:CRX270107@@_TCCGGGAGTGCACAAG-1,Fragaria vesca,leaf,Mesophyll,Mesophyll,true,gate_leaf_support_64,organ_scope=leaf;same_family_support=0
scplantdb_CRA004848:CRX270107@@_TCGCTCAAGCGATGCA-1,Fragaria vesca,leaf,Mesophyll,Mesophyll,true,gate_leaf_support_64,organ_scope=leaf;same_family_support=0
scplantdb_CRA004848:CRX270107@@_TCTATCAAGCTGACTT-1,Fragaria vesca,leaf,Mesophyll,Mesophyll,true,gate_leaf_support_64,organ_scope=leaf;same_family_support=0
scplantdb_CRA004848:CRX270107@@_TCTATCACATAATGCC-1,Fragaria vesca,leaf,Adaxial epidermis,Mesophyll,false,gate_leaf_support_64,organ_scope=leaf;same_family_support=0
scplantdb_CRA004848:CRX270107@@_TCTGTCGCATACCACA-1,Fragaria vesca,leaf,Hydathodes,Mesophyll,false,gate_leaf_support_64,organ_scope=leaf;same_family_support=0
scplantdb_CRA004848:CRX270107@@_TCTTCCTCAGTTAGAA-1,Fragaria vesca,leaf,Mesophyll,Mesophyll,true,gate_leaf_support_64,organ_scope=leaf;same_family_support=0
scplantdb_CRA004848:CRX270107@@_TGAACGTCAGCCGTCA-1,Fragaria vesca,leaf,Abaxial epidermis,Mesophyll,false,gate_leaf_support_64,organ_scope=leaf;same_family_support=0
scplantdb_CRA004848:CRX270107@@_TGTTGGACAAGACGGT-1,Fragaria vesca,leaf,Mesophyll,Mesophyll,true,gate_leaf_support_64,organ_scope=leaf;same_family_support=0
scplantdb_CRA004848:CRX270107@@_TTCCGGTCAGCTAACT-1,Fragaria vesca,leaf,Mesophyll,Mesophyll,true,gate_leaf_support_64,organ_scope=leaf;same_family_support=0
scplantdb_CRA004848:CRX270107@@_TTGGATGTCGATTCCC-1,Fragaria vesca,leaf,Mesophyll,Mesophyll,true,gate_leaf_support_64,organ_scope=leaf;same_family_support=0
scplantdb_CRA004848:CRX270107@@_TTTGACTCACCCAACG-1,Fragaria vesca,leaf,Mesophyll,Mesophyll,true,gate_leaf_support_64,organ_scope=leaf;same_family_support=0
scplantdb_CRA004848:CRX270107@@_TTTGTTGAGGCTCTCG-1,Fragaria vesca,leaf,Hydathodes,Mesophyll,false,gate_leaf_support_64,organ_scope=leaf;same_family_support=0
scplantdb_SRP424189:SRX19292258@@_AAAGGATCACTTGTGA-1,Gossypium bickii,leaf,Mesophyll,Mesophyll,true,organ_context_prior,organ_context_prior
scplantdb_SRP424189:SRX19292258@@_AAAGGGCAGACATAAC-1,Gossypium bickii,leaf,Mesophyll,Mesophyll,true,organ_context_prior,organ_context_prior
scplantdb_SRP424189:SRX19292258@@_AAAGGTATCTATTCGT-1,Gossypium bickii,leaf,Procambium,Mesophyll,false,organ_context_prior,organ_context_prior
scplantdb_SRP424189:SRX19292258@@_AAAGTCCCACAGCTTA-1,Gossypium bickii,leaf,Mesophyll,Mesophyll,true,organ_context_prior,organ_context_prior
scplantdb_SRP424189:SRX19292258@@_AAAGTGATCAGCAATC-1,Gossypium bickii,leaf,Mesophyll,Mesophyll,true,organ_context_prior,organ_context_prior
scplantdb_SRP424189:SRX19292258@@_AACACACGTTATGTCG-1,Gossypium bickii,leaf,Mesophyll,Mesophyll,true,organ_context_prior,organ_context_prior
scplantdb_SRP424189:SRX19292258@@_AACCCAACAGCAGGAT-1,Gossypium bickii,leaf,Mesophyll,Mesophyll,true,organ_context_prior,organ_context_prior
scplantdb_SRP424189:SRX19292258@@_AACCCAATCGGTTCAA-1,Gossypium bickii,leaf,Mesophyll,Mesophyll,true,organ_context_prior,organ_context_prior
scplantdb_SRP424189:SRX19292258@@_AACCTGAAGAAGAACG-1,Gossypium bickii,leaf,Leaf epidermis,Mesophyll,true,organ_context_prior,organ_context_prior
scplantdb_SRP424189:SRX19292258@@_AAGACTCCAATTTCCT-1,Gossypium bickii,leaf,Leaf epidermis,Mesophyll,true,organ_context_prior,organ_context_prior
scplantdb_SRP424189:SRX19292258@@_AAGCGAGAGCGCTGCT-1,Gossypium bickii,leaf,Mesophyll,Mesophyll,true,organ_context_prior,organ_context_prior
scplantdb_SRP424189:SRX19292258@@_AAGGTAATCTTAGCAG-1,Gossypium bickii,leaf,Procambium,Mesophyll,false,organ_context_prior,organ_context_prior
scplantdb_SRP424189:SRX19292258@@_AAGTTCGAGCACAAAT-1,Gossypium bickii,leaf,Phloem parenchyma,Mesophyll,true,organ_context_prior,organ_context_prior
scplantdb_SRP424189:SRX19292258@@_AAGTTCGTCGATTCCC-1,Gossypium bickii,leaf,Mesophyll,Mesophyll,true,organ_context_prior,organ_context_prior
scplantdb_SRP424189:SRX19292258@@_AATCGACGTATCAAGA-1,Gossypium bickii,leaf,Mesophyll,Mesophyll,true,organ_context_prior,organ_context_prior
scplantdb_SRP424189:SRX19292258@@_AATCGTGCATCATTTC-1,Gossypium bickii,leaf,Mesophyll,Mesophyll,true,organ_context_prior,organ_context_prior
scplantdb_SRP424189:SRX19292258@@_AATGACCAGCAATTAG-1,Gossypium bickii,leaf,Pigment gland,Mesophyll,false,organ_context_prior,organ_context_prior
scplantdb_SRP424189:SRX19292258@@_AATGCCAGTGGTCAAG-1,Gossypium bickii,leaf,Mesophyll,Mesophyll,true,organ_context_prior,organ_context_prior
scplantdb_SRP424189:SRX19292258@@_AATGGAAAGTTGAAAC-1,Gossypium bickii,leaf,Leaf epidermis,Mesophyll,true,organ_context_prior,organ_context_prior
scplantdb_SRP424189:SRX19292258@@_AATTCCTTCAGGACGA-1,Gossypium bickii,leaf,Mesophyll,Mesophyll,true,organ_context_prior,organ_context_prior
scplantdb_SRP424189:SRX19292258@@_ACAACCACAGACCCGT-1,Gossypium bickii,leaf,Mesophyll,Mesophyll,true,organ_context_prior,organ_context_prior
scplantdb_SRP424189:SRX19292258@@_ACACCAAGTGGTAATA-1,Gossypium bickii,leaf,Mesophyll,Mesophyll,true,organ_context_prior,organ_context_prior
scplantdb_SRP424189:SRX19292258@@_ACAGCCGCAGAGATGC-1,Gossypium bickii,leaf,Mesophyll,Mesophyll,true,organ_context_prior,organ_context_prior
scplantdb_SRP424189:SRX19292258@@_ACCACAAGTAGAGACC-1,Gossypium bickii,leaf,Procambium,Mesophyll,false,organ_context_prior,organ_context_prior
scplantdb_SRP424189:SRX19292258@@_ACCCAAATCTCTCTTC-1,Gossypium bickii,leaf,Mesophyll,Mesophyll,true,organ_context_prior,organ_context_prior
scplantdb_SRP424189:SRX19292258@@_ACGATCACAGAGGCTA-1,Gossypium bickii,leaf,Mesophyll,Mesophyll,true,organ_context_prior,organ_context_prior
scplantdb_SRP424189:SRX19292258@@_ACGATCATCCTTCTAA-1,Gossypium bickii,leaf,Phloem parenchyma,Mesophyll,true,organ_context_prior,organ_context_prior
scplantdb_SRP424189:SRX19292258@@_ACGCACGGTACGCGTC-1,Gossypium bickii,leaf,Leaf epidermis,Mesophyll,true,organ_context_prior,organ_context_prior
scplantdb_SRP424189:SRX19292258@@_ACGGAAGCAATCCTTT-1,Gossypium bickii,leaf,Mesophyll,Mesophyll,true,organ_context_prior,organ_context_prior
scplantdb_SRP424189:SRX19292258@@_ACGGGTCCAGTAACAA-1,Gossypium bickii,leaf,Mesophyll,Mesophyll,true,organ_context_prior,organ_context_prior
scplantdb_SRP424189:SRX19292258@@_ACGGGTCGTAGAATGT-1,Gossypium bickii,leaf,Leaf epidermis,Mesophyll,true,organ_context_prior,organ_context_prior
scplantdb_SRP424189:SRX19292258@@_ACTATGGAGTCCCAAT-1,Gossypium bickii,leaf,Mesophyll,Mesophyll,true,organ_context_prior,organ_context_prior
scplantdb_SRP424189:SRX19292258@@_ACTTTGTGTCACTACA-1,Gossypium bickii,leaf,Xylem,Mesophyll,true,organ_context_prior,organ_context_prior
scplantdb_SRP424189:SRX19292258@@_AGAAGCGCACTGTCGG-1,Gossypium bickii,leaf,Leaf epidermis,Mesophyll,true,organ_context_prior,organ_context_prior
scplantdb_SRP424189:SRX19292258@@_AGAAGCGCAGCTCCTT-1,Gossypium bickii,leaf,Mesophyll,Mesophyll,true,organ_context_prior,organ_context_prior
scplantdb_SRP424189:SRX19292258@@_AGAGCAGAGGTATCTC-1,Gossypium bickii,leaf,Mesophyll,Mesophyll,true,organ_context_prior,organ_context_prior
scplantdb_SRP424189:SRX19292258@@_AGATCCATCTACCACC-1,Gossypium bickii,leaf,Mesophyll,Mesophyll,true,organ_context_prior,organ_context_prior
scplantdb_SRP424189:SRX19292258@@_AGATGCTCACTGTCCT-1,Gossypium bickii,leaf,Mesophyll,Mesophyll,true,organ_context_prior,organ_context_prior
scplantdb_SRP424189:SRX19292258@@_AGCATCAGTGTCCACG-1,Gossypium bickii,leaf,Phloem parenchyma,Mesophyll,true,organ_context_prior,organ_context_prior
scplantdb_SRP424189:SRX19292258@@_AGCCAATAGGTCTACT-1,Gossypium bickii,leaf,Leaf epidermis,Mesophyll,true,organ_context_prior,organ_context_prior
scplantdb_SRP424189:SRX19292258@@_AGCGATTGTCTCCTGT-1,Gossypium bickii,leaf,Procambium,Mesophyll,false,organ_context_prior,organ_context_prior
scplantdb_SRP424189:SRX19292258@@_AGCTACACACCCTATC-1,Gossypium bickii,leaf,Mesophyll,Mesophyll,true,organ_context_prior,organ_context_prior
scplantdb_SRP424189:SRX19292258@@_AGGCTGCTCTACGGTA-1,Gossypium bickii,leaf,Leaf epidermis,Mesophyll,true,organ_context_prior,organ_context_prior
scplantdb_SRP424189:SRX19292258@@_AGGGCTCTCAGATTGC-1,Gossypium bickii,leaf,Phloem parenchyma,Mesophyll,true,organ_context_prior,organ_context_prior
scplantdb_SRP424189:SRX19292258@@_AGGGTTTTCTCGCGTT-1,Gossypium bickii,leaf,Pigment gland,Mesophyll,false,organ_context_prior,organ_context_prior
scplantdb_SRP424189:SRX19292258@@_AGTAGCTCATTAAGCC-1,Gossypium bickii,leaf,Leaf epidermis,Mesophyll,true,organ_context_prior,organ_context_prior
scplantdb_SRP424189:SRX19292258@@_AGTGATCTCGGACAAG-1,Gossypium bickii,leaf,Leaf epidermis,Mesophyll,true,organ_context_prior,organ_context_prior
scplantdb_SRP424189:SRX19292258@@_AGTTAGCCAACGTAAA-1,Gossypium bickii,leaf,Mesophyll,Mesophyll,true,organ_context_prior,organ_context_prior
scplantdb_SRP424189:SRX19292258@@_AGTTAGCCATTGCTTT-1,Gossypium bickii,leaf,Leaf epidermis,Mesophyll,true,organ_context_prior,organ_context_prior
scplantdb_SRP424189:SRX19292258@@_ATACCTTTCACGATCA-1,Gossypium bickii,leaf,Mesophyll,Mesophyll,true,organ_context_prior,organ_context_prior
scplantdb_SRP424189:SRX19292258@@_ATAGACCCAGTGCGCT-1,Gossypium bickii,leaf,Leaf guard cell,Mesophyll,true,organ_context_prior,organ_context_prior
scplantdb_SRP424189:SRX19292258@@_ATCACTTGTGCTTCAA-1,Gossypium bickii,leaf,Companion cell,Mesophyll,true,organ_context_prior,organ_context_prior
scplantdb_SRP424189:SRX19292258@@_ATCCATTAGCTGAGTG-1,Gossypium bickii,leaf,Procambium,Mesophyll,false,organ_context_prior,organ_context_prior
scplantdb_SRP424189:SRX19292258@@_ATCGGCGTCTATTCGT-1,Gossypium bickii,leaf,Procambium,Mesophyll,false,organ_context_prior,organ_context_prior
scplantdb_SRP424189:SRX19292258@@_ATCGTCCCACTCAGAT-1,Gossypium bickii,leaf,Leaf epidermis,Mesophyll,true,organ_context_prior,organ_context_prior
scplantdb_SRP424189:SRX19292258@@_ATGCCTCCAACAGTGG-1,Gossypium bickii,leaf,Mesophyll,Mesophyll,true,organ_context_prior,organ_context_prior
scplantdb_SRP424189:SRX19292258@@_ATGCCTCGTACCCAGC-1,Gossypium bickii,leaf,Phloem parenchyma,Mesophyll,true,organ_context_prior,organ_context_prior
scplantdb_SRP424189:SRX19292258@@_ATGCGATCACTTTAGG-1,Gossypium bickii,leaf,Companion cell,Mesophyll,true,organ_context_prior,organ_context_prior
scplantdb_SRP424189:SRX19292258@@_ATGCGATCAGCCATTA-1,Gossypium bickii,leaf,Leaf epidermis,Mesophyll,true,organ_context_prior,organ_context_prior
scplantdb_SRP424189:SRX19292258@@_ATGGGTTTCTTACGTT-1,Gossypium bickii,leaf,Leaf guard cell,Mesophyll,true,organ_context_prior,organ_context_prior
scplantdb_SRP424189:SRX19292258@@_ATTCCCGCACAAATAG-1,Gossypium bickii,leaf,Mesophyll,Mesophyll,true,organ_context_prior,organ_context_prior
scplantdb_SRP424189:SRX19292258@@_ATTCCTACACGAAGAC-1,Gossypium bickii,leaf,Leaf epidermis,Mesophyll,true,organ_context_prior,organ_context_prior
scplantdb_SRP424189:SRX19292258@@_ATTCTTGCAGCGTATT-1,Gossypium bickii,leaf,Mesophyll,Mesophyll,true,organ_context_prior,organ_context_prior
scplantdb_SRP424189:SRX19292258@@_CAACAGTCAGCGATTT-1,Gossypium bickii,leaf,Mesophyll,Mesophyll,true,organ_context_prior,organ_context_prior
scplantdb_SRP424189:SRX19292258@@_CAACGATTCTAGCAAC-1,Gossypium bickii,leaf,Leaf epidermis,Mesophyll,true,organ_context_prior,organ_context_prior
scplantdb_SRP424189:SRX19292258@@_CAAGCTATCAGCAGAG-1,Gossypium bickii,leaf,Mesophyll,Mesophyll,true,organ_context_prior,organ_context_prior
scplantdb_SRP424189:SRX19292258@@_CAATCGACATGACTTG-1,Gossypium bickii,leaf,Leaf epidermis,Mesophyll,true,organ_context_prior,organ_context_prior
scplantdb_SRP424189:SRX19292258@@_CACAGGCTCCTTCTTC-1,Gossypium bickii,leaf,Mesophyll,Mesophyll,true,organ_context_prior,organ_context_prior
scplantdb_SRP424189:SRX19292258@@_CACATGAAGTCCGTCG-1,Gossypium bickii,leaf,Xylem,Mesophyll,true,organ_context_prior,organ_context_prior
scplantdb_SRP424189:SRX19292258@@_CACGAATAGAAATTCG-1,Gossypium bickii,leaf,Leaf epidermis,Mesophyll,true,organ_context_prior,organ_context_prior
scplantdb_SRP424189:SRX19292258@@_CACTAAGTCTTCGATT-1,Gossypium bickii,leaf,Leaf epidermis,Mesophyll,true,organ_context_prior,organ_context_prior
scplantdb_SRP424189:SRX19292258@@_CACTTCGCACAGTCAT-1,Gossypium bickii,leaf,Mesophyll,Mesophyll,true,organ_context_prior,organ_context_prior
scplantdb_SRP424189:SRX19292258@@_CAGAGCCTCCGTAGTA-1,Gossypium bickii,leaf,Leaf epidermis,Mesophyll,true,organ_context_prior,organ_context_prior
scplantdb_SRP424189:SRX19292258@@_CAGAGCCTCTGGTGGC-1,Gossypium bickii,leaf,Mesophyll,Mesophyll,true,organ_context_prior,organ_context_prior
scplantdb_SRP424189:SRX19292258@@_CAGCACGCAGATACTC-1,Gossypium bickii,leaf,Mesophyll,Mesophyll,true,organ_context_prior,organ_context_prior
scplantdb_SRP424189:SRX19292258@@_CAGGGCTCATGGCTAT-1,Gossypium bickii,leaf,Mesophyll,Mesophyll,true,organ_context_prior,organ_context_prior
scplantdb_SRP424189:SRX19292258@@_CATACAGAGGCACAAC-1,Gossypium bickii,leaf,Procambium,Mesophyll,false,organ_context_prior,organ_context_prior
scplantdb_SRP424189:SRX19292258@@_CATACAGCAGGAAGTC-1,Gossypium bickii,leaf,Mesophyll,Mesophyll,true,organ_context_prior,organ_context_prior
scplantdb_SRP424189:SRX19292258@@_CATCCGTTCCGCTGTT-1,Gossypium bickii,leaf,Mesophyll,Mesophyll,true,organ_context_prior,organ_context_prior
scplantdb_SRP424189:SRX19292258@@_CATCGGGTCTACCAGA-1,Gossypium bickii,leaf,Mesophyll,Mesophyll,true,organ_context_prior,organ_context_prior
scplantdb_SRP424189:SRX19292258@@_CATTCTAGTACACGTT-1,Gossypium bickii,leaf,Xylem,Mesophyll,true,organ_context_prior,organ_context_prior
scplantdb_SRP424189:SRX19292258@@_CATTGAGGTGGCTCTG-1,Gossypium bickii,leaf,Phloem parenchyma,Mesophyll,true,organ_context_prior,organ_context_prior
scplantdb_SRP424189:SRX19292258@@_CATTGCCAGGATACAT-1,Gossypium bickii,leaf,Companion cell,Mesophyll,true,organ_context_prior,organ_context_prior
scplantdb_SRP424189:SRX19292258@@_CCAAGCGAGTTTCGGT-1,Gossypium bickii,leaf,Mesophyll,Mesophyll,true,organ_context_prior,organ_context_prior
scplantdb_SRP424189:SRX19292258@@_CCAAGCGTCTATCCAT-1,Gossypium bickii,leaf,Procambium,Mesophyll,false,organ_context_prior,organ_context_prior
scplantdb_SRP424189:SRX19292258@@_CCACAAACAAGGGTCA-1,Gossypium bickii,leaf,Mesophyll,Mesophyll,true,organ_context_prior,organ_context_prior
scplantdb_SRP424189:SRX19292258@@_CCACGTTGTTTCGCTC-1,Gossypium bickii,leaf,Phloem parenchyma,Mesophyll,true,organ_context_prior,organ_context_prior
scplantdb_SRP424189:SRX19292258@@_CCCGGAAAGGTGATAT-1,Gossypium bickii,leaf,Leaf epidermis,Mesophyll,true,organ_context_prior,organ_context_prior
scplantdb_SRP424189:SRX19292258@@_CCCTAACGTTACCTTT-1,Gossypium bickii,leaf,Leaf epidermis,Mesophyll,true,organ_context_prior,organ_context_prior
scplantdb_SRP424189:SRX19292258@@_CCGATGGTCGCATGAT-1,Gossypium bickii,leaf,Leaf epidermis,Mesophyll,true,organ_context_prior,organ_context_prior
scplantdb_SRP424189:SRX19292258@@_CCGCAAGTCCACAGGC-1,Gossypium bickii,leaf,Mesophyll,Mesophyll,true,organ_context_prior,organ_context_prior
scplantdb_SRP424189:SRX19292258@@_CCGGTGAGTGGACCAA-1,Gossypium bickii,leaf,Mesophyll,Mesophyll,true,organ_context_prior,organ_context_prior
scplantdb_SRP424189:SRX19292258@@_CCGTAGGCATAGACTC-1,Gossypium bickii,leaf,Procambium,Mesophyll,false,organ_context_prior,organ_context_prior
scplantdb_SRP424189:SRX19292258@@_CCGTAGGGTGAATATG-1,Gossypium bickii,leaf,Companion cell,Mesophyll,true,organ_context_prior,organ_context_prior
scplantdb_SRP424189:SRX19292258@@_CCGTGAGCAGGACATG-1,Gossypium bickii,leaf,Phloem parenchyma,Mesophyll,true,organ_context_prior,organ_context_prior
scplantdb_SRP424189:SRX19292258@@_CCTATCGGTATGAGAT-1,Gossypium bickii,leaf,Leaf epidermis,Mesophyll,true,organ_context_prior,organ_context_prior
scplantdb_SRP424189:SRX19292258@@_CCTCACACACTGCACG-1,Gossypium bickii,leaf,Mesophyll,Mesophyll,true,organ_context_prior,organ_context_prior
scplantdb_SRP424189:SRX19292258@@_CCTCTAGAGAGTTGAT-1,Gossypium bickii,leaf,Leaf epidermis,Mesophyll,true,organ_context_prior,organ_context_prior
scplantdb_SRP424189:SRX19292258@@_CCTGTTGAGAGGGCGA-1,Gossypium bickii,leaf,Companion cell,Mesophyll,true,organ_context_prior,organ_context_prior
scplantdb_SRP424189:SRX19292258@@_CCTGTTGGTCATACCA-1,Gossypium bickii,leaf,Leaf epidermis,Mesophyll,true,organ_context_prior,organ_context_prior
scplantdb_SRP424189:SRX19292258@@_CCTGTTGTCATCCTGC-1,Gossypium bickii,leaf,Procambium,Mesophyll,false,organ_context_prior,organ_context_prior
scplantdb_SRP424189:SRX19292258@@_CGCATAACAGAGTTGG-1,Gossypium bickii,leaf,Leaf epidermis,Mesophyll,true,organ_context_prior,organ_context_prior
scplantdb_SRP424189:SRX19292258@@_CGCCATTGTACGGTTT-1,Gossypium bickii,leaf,Mesophyll,Mesophyll,true,organ_context_prior,organ_context_prior
scplantdb_SRP424189:SRX19292258@@_CGCGTGAGTGGTCTGC-1,Gossypium bickii,leaf,Companion cell,Mesophyll,true,organ_context_prior,organ_context_prior
scplantdb_SRP424189:SRX19292258@@_CGGACACGTATCGTAC-1,Gossypium bickii,leaf,Phloem parenchyma,Mesophyll,true,organ_context_prior,organ_context_prior
scplantdb_SRP424189:SRX19292258@@_CGTCAAAAGTCCCAGC-1,Gossypium bickii,leaf,Procambium,Mesophyll,false,organ_context_prior,organ_context_prior
scplantdb_SRP424189:SRX19292258@@_CTACAGAGTACTCCCT-1,Gossypium bickii,leaf,Procambium,Mesophyll,false,organ_context_prior,organ_context_prior
scplantdb_SRP424189:SRX19292258@@_CTACAGATCAGGAAGC-1,Gossypium bickii,leaf,Leaf guard cell,Mesophyll,true,organ_context_prior,organ_context_prior
scplantdb_SRP424189:SRX19292258@@_CTAGGTAAGTAGTCCT-1,Gossypium bickii,leaf,Leaf epidermis,Mesophyll,true,organ_context_prior,organ_context_prior
scplantdb_SRP424189:SRX19292258@@_CTCAATTTCGATCCAA-1,Gossypium bickii,leaf,Mesophyll,Mesophyll,true,organ_context_prior,organ_context_prior
scplantdb_SRP424189:SRX19292258@@_CTCAGGGTCATACGAC-1,Gossypium bickii,leaf,Xylem,Mesophyll,true,organ_context_prior,organ_context_prior
scplantdb_SRP424189:SRX19292258@@_CTCATCGCATCGTCCT-1,Gossypium bickii,leaf,Mesophyll,Mesophyll,true,organ_context_prior,organ_context_prior
scplantdb_SRP424189:SRX19292258@@_CTCATCGGTGTAGCAG-1,Gossypium bickii,leaf,Mesophyll,Mesophyll,true,organ_context_prior,organ_context_prior
scplantdb_SRP424189:SRX19292258@@_CTCATGCGTATCGAAA-1,Gossypium bickii,leaf,Pigment gland,Mesophyll,false,organ_context_prior,organ_context_prior
scplantdb_SRP424189:SRX19292258@@_CTCCTCCTCGTGGTAT-1,Gossypium bickii,leaf,Mesophyll,Mesophyll,true,organ_context_prior,organ_context_prior
scplantdb_SRP424189:SRX19292258@@_CTGAGCGGTATCGCTA-1,Gossypium bickii,leaf,Mesophyll,Mesophyll,true,organ_context_prior,organ_context_prior
scplantdb_SRP424189:SRX19292258@@_CTGCCTAAGTATGAAC-1,Gossypium bickii,leaf,Xylem,Mesophyll,true,organ_context_prior,organ_context_prior
scplantdb_SRP424189:SRX19292258@@_CTGCCTACAGCGACCT-1,Gossypium bickii,leaf,Mesophyll,Mesophyll,true,organ_context_prior,organ_context_prior
scplantdb_SRP424189:SRX19292258@@_CTGCGAGAGTTGCCCG-1,Gossypium bickii,leaf,Mesophyll,Mesophyll,true,organ_context_prior,organ_context_prior
scplantdb_SRP424189:SRX19292258@@_CTGGACGCATGAAAGT-1,Gossypium bickii,leaf,Mesophyll,Mesophyll,true,organ_context_prior,organ_context_prior
scplantdb_SRP424189:SRX19292258@@_CTTAGGAGTCACTACA-1,Gossypium bickii,leaf,Mesophyll,Mesophyll,true,organ_context_prior,organ_context_prior
scplantdb_SRP424189:SRX19292258@@_CTTCCTTTCCATTGCC-1,Gossypium bickii,leaf,Mesophyll,Mesophyll,true,organ_context_prior,organ_context_prior
scplantdb_SRP424189:SRX19292258@@_GAAATGAAGCCTTGAT-1,Gossypium bickii,leaf,Mesophyll,Mesophyll,true,organ_context_prior,organ_context_prior
scplantdb_SRP424189:SRX19292258@@_GAAGCGAGTGGCTCTG-1,Gossypium bickii,leaf,Mesophyll,Mesophyll,true,organ_context_prior,organ_context_prior
scplantdb_SRP424189:SRX19292258@@_GAAGTAATCGTTGTGA-1,Gossypium bickii,leaf,Phloem parenchyma,Mesophyll,true,organ_context_prior,organ_context_prior
scplantdb_SRP424189:SRX19292258@@_GAATCACGTCACCACG-1,Gossypium bickii,leaf,Mesophyll,Mesophyll,true,organ_context_prior,organ_context_prior
scplantdb_SRP424189:SRX19292258@@_GACCCAGGTATCCTCC-1,Gossypium bickii,leaf,Mesophyll,Mesophyll,true,organ_context_prior,organ_context_prior
scplantdb_SRP424189:SRX19292258@@_GACCTTCCAGATACTC-1,Gossypium bickii,leaf,Phloem parenchyma,Mesophyll,true,organ_context_prior,organ_context_prior
scplantdb_SRP424189:SRX19292258@@_GAGACCCTCCATAAGC-1,Gossypium bickii,leaf,Leaf epidermis,Mesophyll,true,organ_context_prior,organ_context_prior
scplantdb_SRP424189:SRX19292258@@_GAGACTTGTAAGCGGT-1,Gossypium bickii,leaf,Phloem parenchyma,Mesophyll,true,organ_context_prior,organ_context_prior
scplantdb_SRP424189:SRX19292258@@_GAGGGTAAGATGGTAT-1,Gossypium bickii,leaf,Mesophyll,Mesophyll,true,organ_context_prior,organ_context_prior
scplantdb_SRP424189:SRX19292258@@_GAGGGTAAGGGCAGTT-1,Gossypium bickii,leaf,Leaf epidermis,Mesophyll,true,organ_context_prior,organ_context_prior
scplantdb_SRP424189:SRX19292258@@_GAGGGTACAACGCCCA-1,Gossypium bickii,leaf,Mesophyll,Mesophyll,true,organ_context_prior,organ_context_prior
scplantdb_SRP424189:SRX19292258@@_GAGTCTAGTCACTAGT-1,Gossypium bickii,leaf,Mesophyll,Mesophyll,true,organ_context_prior,organ_context_prior
scplantdb_SRP424189:SRX19292258@@_GATAGCTAGATCGCTT-1,Gossypium bickii,leaf,Procambium,Mesophyll,false,organ_context_prior,organ_context_prior
scplantdb_SRP424189:SRX19292258@@_GATCAGTAGAGGACTC-1,Gossypium bickii,leaf,Mesophyll,Mesophyll,true,organ_context_prior,organ_context_prior
scplantdb_SRP424189:SRX19292258@@_GATGACTGTATGCAAA-1,Gossypium bickii,leaf,Mesophyll,Mesophyll,true,organ_context_prior,organ_context_prior
scplantdb_SRP424189:SRX19292258@@_GATGACTGTCGTATGT-1,Gossypium bickii,leaf,Mesophyll,Mesophyll,true,organ_context_prior,organ_context_prior
scplantdb_SRP424189:SRX19292258@@_GCAACCGAGAAGCCAC-1,Gossypium bickii,leaf,Pigment gland,Mesophyll,false,organ_context_prior,organ_context_prior
scplantdb_SRP424189:SRX19292258@@_GCATCTCCAACTCCAA-1,Gossypium bickii,leaf,Mesophyll,Mesophyll,true,organ_context_prior,organ_context_prior
scplantdb_SRP424189:SRX19292258@@_GCATCTCTCGACCATA-1,Gossypium bickii,leaf,Companion cell,Mesophyll,true,organ_context_prior,organ_context_prior
scplantdb_SRP424189:SRX19292258@@_GCCAGCAGTCTGTGAT-1,Gossypium bickii,leaf,Mesophyll,Mesophyll,true,organ_context_prior,organ_context_prior
scplantdb_SRP424189:SRX19292258@@_GCCATGGCAAGCCATT-1,Gossypium bickii,leaf,Mesophyll,Mesophyll,true,organ_context_prior,organ_context_prior
scplantdb_SRP424189:SRX19292258@@_GCCATTCCAGCGTTTA-1,Gossypium bickii,leaf,Mesophyll,Mesophyll,true,organ_context_prior,organ_context_prior
scplantdb_SRP424189:SRX19292258@@_GCCCGAATCATCTGTT-1,Gossypium bickii,leaf,Mesophyll,Mesophyll,true,organ_context_prior,organ_context_prior
scplantdb_SRP424189:SRX19292258@@_GCCGATGCACAATGCT-1,Gossypium bickii,leaf,Mesophyll,Mesophyll,true,organ_context_prior,organ_context_prior
scplantdb_SRP424189:SRX19292258@@_GCGAGAATCCACAAGT-1,Gossypium bickii,leaf,Companion cell,Mesophyll,true,organ_context_prior,organ_context_prior
scplantdb_SRP424189:SRX19292258@@_GCGTGCAGTCCGTTTC-1,Gossypium bickii,leaf,Mesophyll,Mesophyll,true,organ_context_prior,organ_context_prior
scplantdb_SRP424189:SRX19292258@@_GGAACCCGTGAGTCAG-1,Gossypium bickii,leaf,Mesophyll,Mesophyll,true,organ_context_prior,organ_context_prior
scplantdb_SRP424189:SRX19292258@@_GGACGTCCACTTTATC-1,Gossypium bickii,leaf,Mesophyll,Mesophyll,true,organ_context_prior,organ_context_prior
scplantdb_SRP424189:SRX19292258@@_GGAGATGCAACGATTC-1,Gossypium bickii,leaf,Phloem parenchyma,Mesophyll,true,organ_context_prior,organ_context_prior
scplantdb_SRP424189:SRX19292258@@_GGATGTTGTACCTAGT-1,Gossypium bickii,leaf,Xylem,Mesophyll,true,organ_context_prior,organ_context_prior
scplantdb_SRP424189:SRX19292258@@_GGCAGTCTCGGTTGTA-1,Gossypium bickii,leaf,Mesophyll,Mesophyll,true,organ_context_prior,organ_context_prior
scplantdb_SRP424189:SRX19292258@@_GGGAAGTTCCCAATAG-1,Gossypium bickii,leaf,Mesophyll,Mesophyll,true,organ_context_prior,organ_context_prior
scplantdb_SRP424189:SRX19292258@@_GGGACAATCCGTATGA-1,Gossypium bickii,leaf,Mesophyll,Mesophyll,true,organ_context_prior,organ_context_prior
scplantdb_SRP424189:SRX19292258@@_GGGAGTAAGGGTAGCT-1,Gossypium bickii,leaf,Mesophyll,Mesophyll,true,organ_context_prior,organ_context_prior
scplantdb_SRP424189:SRX19292258@@_GGGAGTAGTACGCTAT-1,Gossypium bickii,leaf,Leaf epidermis,Mesophyll,true,organ_context_prior,organ_context_prior
scplantdb_SRP424189:SRX19292258@@_GGGTCTGCAAGTGACG-1,Gossypium bickii,leaf,Procambium,Mesophyll,false,organ_context_prior,organ_context_prior
scplantdb_SRP424189:SRX19292258@@_GGGTGAACACTCTAGA-1,Gossypium bickii,leaf,Mesophyll,Mesophyll,true,organ_context_prior,organ_context_prior
scplantdb_SRP424189:SRX19292258@@_GGTTAACGTGTCTCCT-1,Gossypium bickii,leaf,Mesophyll,Mesophyll,true,organ_context_prior,organ_context_prior
scplantdb_SRP424189:SRX19292258@@_GGTTCTCAGATGGCAC-1,Gossypium bickii,leaf,Mesophyll,Mesophyll,true,organ_context_prior,organ_context_prior
scplantdb_SRP424189:SRX19292258@@_GTAACACGTAGGTCAG-1,Gossypium bickii,leaf,Mesophyll,Mesophyll,true,organ_context_prior,organ_context_prior
scplantdb_SRP424189:SRX19292258@@_GTCAAGTTCTCATTGT-1,Gossypium bickii,leaf,Leaf epidermis,Mesophyll,true,organ_context_prior,organ_context_prior
scplantdb_SRP424189:SRX19292258@@_GTCCACTCAATCGCGC-1,Gossypium bickii,leaf,Mesophyll,Mesophyll,true,organ_context_prior,organ_context_prior
scplantdb_SRP424189:SRX19292258@@_GTCCCATTCCCGATCT-1,Gossypium bickii,leaf,Mesophyll,Mesophyll,true,organ_context_prior,organ_context_prior
scplantdb_SRP424189:SRX19292258@@_GTCCTCACACTTGGCG-1,Gossypium bickii,leaf,Procambium,Mesophyll,false,organ_context_prior,organ_context_prior
scplantdb_SRP424189:SRX19292258@@_GTCGCGAAGTAGGTTA-1,Gossypium bickii,leaf,Mesophyll,Mesophyll,true,organ_context_prior,organ_context_prior
scplantdb_SRP424189:SRX19292258@@_GTGCACGGTGCCCAGT-1,Gossypium bickii,leaf,Mesophyll,Mesophyll,true,organ_context_prior,organ_context_prior
scplantdb_SRP424189:SRX19292258@@_GTGCGTGTCACTTTGT-1,Gossypium bickii,leaf,Leaf epidermis,Mesophyll,true,organ_context_prior,organ_context_prior
scplantdb_SRP424189:SRX19292258@@_GTGGAAGCACGCTGCA-1,Gossypium bickii,leaf,Procambium,Mesophyll,false,organ_context_prior,organ_context_prior
scplantdb_SRP424189:SRX19292258@@_GTGGAGACACGTTGGC-1,Gossypium bickii,leaf,Mesophyll,Mesophyll,true,organ_context_prior,organ_context_prior
scplantdb_SRP424189:SRX19292258@@_GTGGAGATCCTCTTTC-1,Gossypium bickii,leaf,Mesophyll,Mesophyll,true,organ_context_prior,organ_context_prior
scplantdb_SRP424189:SRX19292258@@_GTGGGAACAACCGTGC-1,Gossypium bickii,leaf,Mesophyll,Mesophyll,true,organ_context_prior,organ_context_prior
scplantdb_SRP424189:SRX19292258@@_GTGTAACTCCGCTGTT-1,Gossypium bickii,leaf,Mesophyll,Mesophyll,true,organ_context_prior,organ_context_prior
scplantdb_SRP424189:SRX19292258@@_GTGTGATAGCAGGCTA-1,Gossypium bickii,leaf,Mesophyll,Mesophyll,true,organ_context_prior,organ_context_prior
scplantdb_SRP424189:SRX19292258@@_GTTACGAGTAGCCAGA-1,Gossypium bickii,leaf,Procambium,Mesophyll,false,organ_context_prior,organ_context_prior
scplantdb_SRP424189:SRX19292258@@_GTTAGACAGGGATCTG-1,Gossypium bickii,leaf,Leaf epidermis,Mesophyll,true,organ_context_prior,organ_context_prior
scplantdb_SRP424189:SRX19292258@@_GTTAGTGGTATACCTG-1,Gossypium bickii,leaf,Leaf epidermis,Mesophyll,true,organ_context_prior,organ_context_prior
scplantdb_SRP424189:SRX19292258@@_GTTATGGCAAGACTGG-1,Gossypium bickii,leaf,Leaf epidermis,Mesophyll,true,organ_context_prior,organ_context_prior
scplantdb_SRP424189:SRX19292258@@_GTTCCGTTCTATCCAT-1,Gossypium bickii,leaf,Mesophyll,Mesophyll,true,organ_context_prior,organ_context_prior
scplantdb_SRP424189:SRX19292258@@_GTTCGCTGTAATGATG-1,Gossypium bickii,leaf,Leaf epidermis,Mesophyll,true,organ_context_prior,organ_context_prior
scplantdb_SRP424189:SRX19292258@@_GTTGCGGTCACCCTGT-1,Gossypium bickii,leaf,Mesophyll,Mesophyll,true,organ_context_prior,organ_context_prior
scplantdb_SRP424189:SRX19292258@@_GTTGTCCGTCACTTCC-1,Gossypium bickii,leaf,Phloem parenchyma,Mesophyll,true,organ_context_prior,organ_context_prior
scplantdb_SRP424189:SRX19292258@@_GTTTGGAAGACATACA-1,Gossypium bickii,leaf,Mesophyll,Mesophyll,true,organ_context_prior,organ_context_prior
scplantdb_SRP424189:SRX19292258@@_GTTTGGAGTCAGCTTA-1,Gossypium bickii,leaf,Mesophyll,Mesophyll,true,organ_context_prior,organ_context_prior
scplantdb_SRP424189:SRX19292258@@_TAACTTCCAGTCCGTG-1,Gossypium bickii,leaf,Mesophyll,Mesophyll,true,organ_context_prior,organ_context_prior
scplantdb_SRP424189:SRX19292258@@_TAATTCCAGAAGCGCT-1,Gossypium bickii,leaf,Pigment gland,Mesophyll,false,organ_context_prior,organ_context_prior
scplantdb_SRP424189:SRX19292258@@_TACATTCAGAGTTCGG-1,Gossypium bickii,leaf,Phloem parenchyma,Mesophyll,true,organ_context_prior,organ_context_prior
scplantdb_SRP424189:SRX19292258@@_TACATTCGTGTTAACC-1,Gossypium bickii,leaf,Mesophyll,Mesophyll,true,organ_context_prior,organ_context_prior
scplantdb_SRP424189:SRX19292258@@_TACCCACGTTAGAAGT-1,Gossypium bickii,leaf,Mesophyll,Mesophyll,true,organ_context_prior,organ_context_prior
scplantdb_SRP424189:SRX19292258@@_TAGACCAGTCGGTACC-1,Gossypium bickii,leaf,Leaf epidermis,Mesophyll,true,organ_context_prior,organ_context_prior
scplantdb_SRP424189:SRX19292258@@_TAGACCAGTTAGGGTG-1,Gossypium bickii,leaf,Mesophyll,Mesophyll,true,organ_context_prior,organ_context_prior
scplantdb_SRP424189:SRX19292258@@_TAGACTGGTCAGGAGT-1,Gossypium bickii,leaf,Xylem,Mesophyll,true,organ_context_prior,organ_context_prior
scplantdb_SRP424189:SRX19292258@@_TAGATCGAGTCGAAGC-1,Gossypium bickii,leaf,Mesophyll,Mesophyll,true,organ_context_prior,organ_context_prior
scplantdb_SRP424189:SRX19292258@@_TAGGGTTCACATGGTT-1,Gossypium bickii,leaf,Companion cell,Mesophyll,true,organ_context_prior,organ_context_prior
scplantdb_SRP424189:SRX19292258@@_TAGGTACTCAAAGAAC-1,Gossypium bickii,leaf,Companion cell,Mesophyll,true,organ_context_prior,organ_context_prior
scplantdb_SRP424189:SRX19292258@@_TATACCTTCGACGAGA-1,Gossypium bickii,leaf,Mesophyll,Mesophyll,true,organ_context_prior,organ_context_prior
scplantdb_SRP424189:SRX19292258@@_TATTCCACACTGCGTG-1,Gossypium bickii,leaf,Mesophyll,Mesophyll,true,organ_context_prior,organ_context_prior
scplantdb_SRP424189:SRX19292258@@_TCAAGTGTCTCCTGAC-1,Gossypium bickii,leaf,Mesophyll,Mesophyll,true,organ_context_prior,organ_context_prior
scplantdb_SRP424189:SRX19292258@@_TCAATCTAGGGAGATA-1,Gossypium bickii,leaf,Leaf epidermis,Mesophyll,true,organ_context_prior,organ_context_prior
scplantdb_SRP424189:SRX19292258@@_TCACAAGCAGTTCTAG-1,Gossypium bickii,leaf,Mesophyll,Mesophyll,true,organ_context_prior,organ_context_prior
scplantdb_SRP424189:SRX19292258@@_TCACACCAGGACAGTC-1,Gossypium bickii,leaf,Mesophyll,Mesophyll,true,organ_context_prior,organ_context_prior
scplantdb_SRP424189:SRX19292258@@_TCACATTGTCCGGTGT-1,Gossypium bickii,leaf,Mesophyll,Mesophyll,true,organ_context_prior,organ_context_prior
scplantdb_SRP424189:SRX19292258@@_TCACGGGTCCATCTCG-1,Gossypium bickii,leaf,Mesophyll,Mesophyll,true,organ_context_prior,organ_context_prior
scplantdb_SRP424189:SRX19292258@@_TCACTATTCACGTAGT-1,Gossypium bickii,leaf,Procambium,Mesophyll,false,organ_context_prior,organ_context_prior
scplantdb_SRP424189:SRX19292258@@_TCACTCGGTATCTCGA-1,Gossypium bickii,leaf,Mesophyll,Mesophyll,true,organ_context_prior,organ_context_prior
scplantdb_SRP424189:SRX19292258@@_TCAGTTTAGAGAACCC-1,Gossypium bickii,leaf,Mesophyll,Mesophyll,true,organ_context_prior,organ_context_prior
scplantdb_SRP424189:SRX19292258@@_TCAGTTTGTTGTGTTG-1,Gossypium bickii,leaf,Mesophyll,Mesophyll,true,organ_context_prior,organ_context_prior
scplantdb_SRP424189:SRX19292258@@_TCATTGTAGGGCAAGG-1,Gossypium bickii,leaf,Mesophyll,Mesophyll,true,organ_context_prior,organ_context_prior
scplantdb_SRP424189:SRX19292258@@_TCCACGTGTTCCCACT-1,Gossypium bickii,leaf,Leaf epidermis,Mesophyll,true,organ_context_prior,organ_context_prior
scplantdb_SRP424189:SRX19292258@@_TCCACGTTCGCTGATA-1,Gossypium bickii,leaf,Mesophyll,Mesophyll,true,organ_context_prior,organ_context_prior
scplantdb_SRP424189:SRX19292258@@_TCCAGAATCGTCGCTT-1,Gossypium bickii,leaf,Mesophyll,Mesophyll,true,organ_context_prior,organ_context_prior
scplantdb_SRP424189:SRX19292258@@_TCCATCGCAGGCCTGT-1,Gossypium bickii,leaf,Mesophyll,Mesophyll,true,organ_context_prior,organ_context_prior
scplantdb_SRP424189:SRX19292258@@_TCCATCGCAGTACTAC-1,Gossypium bickii,leaf,Mesophyll,Mesophyll,true,organ_context_prior,organ_context_prior
scplantdb_SRP424189:SRX19292258@@_TCCTCGACATTCACCC-1,Gossypium bickii,leaf,Leaf epidermis,Mesophyll,true,organ_context_prior,organ_context_prior
scplantdb_SRP424189:SRX19292258@@_TCGCAGGGTAACACCT-1,Gossypium bickii,leaf,Mesophyll,Mesophyll,true,organ_context_prior,organ_context_prior
scplantdb_SRP424189:SRX19292258@@_TCGCTTGAGTAGCTCT-1,Gossypium bickii,leaf,Leaf epidermis,Mesophyll,true,organ_context_prior,organ_context_prior
scplantdb_SRP424189:SRX19292258@@_TCGCTTGGTGCATTTG-1,Gossypium bickii,leaf,Leaf epidermis,Mesophyll,true,organ_context_prior,organ_context_prior
scplantdb_SRP424189:SRX19292258@@_TCGCTTGGTTTACGTG-1,Gossypium bickii,leaf,Mesophyll,Mesophyll,true,organ_context_prior,organ_context_prior
scplantdb_SRP424189:SRX19292258@@_TCGGATAAGATCACCT-1,Gossypium bickii,leaf,Xylem,Mesophyll,true,organ_context_prior,organ_context_prior
scplantdb_SRP424189:SRX19292258@@_TCGGGACCAATAGTGA-1,Gossypium bickii,leaf,Mesophyll,Mesophyll,true,organ_context_prior,organ_context_prior
scplantdb_SRP424189:SRX19292258@@_TCGTGCTTCAATCGGT-1,Gossypium bickii,leaf,Leaf guard cell,Mesophyll,true,organ_context_prior,organ_context_prior
scplantdb_SRP424189:SRX19292258@@_TCTCAGCGTCCGACGT-1,Gossypium bickii,leaf,Leaf epidermis,Mesophyll,true,organ_context_prior,organ_context_prior
scplantdb_SRP424189:SRX19292258@@_TCTCAGCTCCAGCTCT-1,Gossypium bickii,leaf,Mesophyll,Mesophyll,true,organ_context_prior,organ_context_prior
scplantdb_SRP424189:SRX19292258@@_TCTTGCGTCCTTATAC-1,Gossypium bickii,leaf,Leaf epidermis,Mesophyll,true,organ_context_prior,organ_context_prior
scplantdb_SRP424189:SRX19292258@@_TGACTCCAGCAAGTCG-1,Gossypium bickii,leaf,Xylem,Mesophyll,true,organ_context_prior,organ_context_prior
scplantdb_SRP424189:SRX19292258@@_TGACTCCGTGTCATTG-1,Gossypium bickii,leaf,Mesophyll,Mesophyll,true,organ_context_prior,organ_context_prior
scplantdb_SRP424189:SRX19292258@@_TGAGTCAAGTCGAATA-1,Gossypium bickii,leaf,Leaf epidermis,Mesophyll,true,organ_context_prior,organ_context_prior
scplantdb_SRP424189:SRX19292258@@_TGAGTCACAAACTAGA-1,Gossypium bickii,leaf,Mesophyll,Mesophyll,true,organ_context_prior,organ_context_prior
scplantdb_SRP424189:SRX19292258@@_TGAGTCAGTGTATACC-1,Gossypium bickii,leaf,Mesophyll,Mesophyll,true,organ_context_prior,organ_context_prior
scplantdb_SRP424189:SRX19292258@@_TGATCTTCAAACTGCT-1,Gossypium bickii,leaf,Mesophyll,Mesophyll,true,organ_context_prior,organ_context_prior
scplantdb_SRP424189:SRX19292258@@_TGCAGGCCAAGAATGT-1,Gossypium bickii,leaf,Mesophyll,Mesophyll,true,organ_context_prior,organ_context_prior
scplantdb_SRP424189:SRX19292258@@_TGCAGTACACTATGTG-1,Gossypium bickii,leaf,Phloem parenchyma,Mesophyll,true,organ_context_prior,organ_context_prior
scplantdb_SRP424189:SRX19292258@@_TGCATCCCAGTTCTAG-1,Gossypium bickii,leaf,Mesophyll,Mesophyll,true,organ_context_prior,organ_context_prior
scplantdb_SRP424189:SRX19292258@@_TGCCGAGAGCGGGTAT-1,Gossypium bickii,leaf,Leaf epidermis,Mesophyll,true,organ_context_prior,organ_context_prior
scplantdb_SRP424189:SRX19292258@@_TGCGACGGTATGTCTG-1,Gossypium bickii,leaf,Leaf epidermis,Mesophyll,true,organ_context_prior,organ_context_prior
scplantdb_SRP424189:SRX19292258@@_TGGGCTGCATCGAAGG-1,Gossypium bickii,leaf,Mesophyll,Mesophyll,true,organ_context_prior,organ_context_prior
scplantdb_SRP424189:SRX19292258@@_TGGTTAGTCGAACGGA-1,Gossypium bickii,leaf,Leaf epidermis,Mesophyll,true,organ_context_prior,organ_context_prior
scplantdb_SRP424189:SRX19292258@@_TGTAACGAGGGTTGCA-1,Gossypium bickii,leaf,Mesophyll,Mesophyll,true,organ_context_prior,organ_context_prior
scplantdb_SRP424189:SRX19292258@@_TGTCCACGTGTAAACA-1,Gossypium bickii,leaf,Companion cell,Mesophyll,true,organ_context_prior,organ_context_prior
scplantdb_SRP424189:SRX19292258@@_TGTGATGAGTGACACG-1,Gossypium bickii,leaf,Mesophyll,Mesophyll,true,organ_context_prior,organ_context_prior
scplantdb_SRP424189:SRX19292258@@_TGTGTGAGTATGAGCG-1,Gossypium bickii,leaf,Mesophyll,Mesophyll,true,organ_context_prior,organ_context_prior
scplantdb_SRP424189:SRX19292258@@_TTAATCCCATGGGTCC-1,Gossypium bickii,leaf,Xylem,Mesophyll,true,organ_context_prior,organ_context_prior
scplantdb_SRP424189:SRX19292258@@_TTACCATCAGGACTTT-1,Gossypium bickii,leaf,Phloem parenchyma,Mesophyll,true,organ_context_prior,organ_context_prior
scplantdb_SRP424189:SRX19292258@@_TTCCGGTTCGCGGTAC-1,Gossypium bickii,leaf,Mesophyll,Mesophyll,true,organ_context_prior,organ_context_prior
scplantdb_SRP424189:SRX19292258@@_TTCTAGTCAGCAGATG-1,Gossypium bickii,leaf,Mesophyll,Mesophyll,true,organ_context_prior,organ_context_prior
scplantdb_SRP424189:SRX19292258@@_TTCTTCCGTTTACGAC-1,Gossypium bickii,leaf,Mesophyll,Mesophyll,true,organ_context_prior,organ_context_prior
scplantdb_SRP424189:SRX19292258@@_TTGATGGAGCGACTAG-1,Gossypium bickii,leaf,Mesophyll,Mesophyll,true,organ_context_prior,organ_context_prior
scplantdb_SRP424189:SRX19292258@@_TTGCCTGTCGTTGTGA-1,Gossypium bickii,leaf,Xylem,Mesophyll,true,organ_context_prior,organ_context_prior
scplantdb_SRP424189:SRX19292258@@_TTGCTGCTCAGCGGAA-1,Gossypium bickii,leaf,Mesophyll,Mesophyll,true,organ_context_prior,organ_context_prior
scplantdb_SRP424189:SRX19292258@@_TTGGTTTAGGCTGGAT-1,Gossypium bickii,leaf,Mesophyll,Mesophyll,true,organ_context_prior,organ_context_prior
scplantdb_SRP424189:SRX19292258@@_TTGTTCAGTATGAGAT-1,Gossypium bickii,leaf,Phloem parenchyma,Mesophyll,true,organ_context_prior,organ_context_prior
scplantdb_SRP424189:SRX19292258@@_TTTACCAGTTCGTGCG-1,Gossypium bickii,leaf,Leaf epidermis,Mesophyll,true,organ_context_prior,organ_context_prior
scplantdb_SRP424189:SRX19292258@@_TTTACTGTCCTTATGT-1,Gossypium bickii,leaf,Mesophyll,Mesophyll,true,organ_context_prior,organ_context_prior
scplantdb_SRP424189:SRX19292258@@_TTTCAGTAGGTCGTCC-1,Gossypium bickii,leaf,Mesophyll,Mesophyll,true,organ_context_prior,organ_context_prior
scplantdb_SRP424189:SRX19292258@@_TTTGGAGGTTAGGACG-1,Gossypium bickii,leaf,Procambium,Mesophyll,false,organ_context_prior,organ_context_prior
