cell_id	species	organ	truth_label	strict_prediction	covered_by_train_labels	UMAP1	UMAP2
scplantdb_CRA002977_1:CRX125602@@_AAACCTGGTGCACTTA-1	Arabidopsis thaliana	leaf	Leaf pavement cell	Mesophyll	False	6.8384295	11.176104
scplantdb_CRA002977_1:CRX125602@@_AAAGATGTCGCCATAA-1	Arabidopsis thaliana	leaf	Mesophyll	Mesophyll	True	8.025004	12.005399
scplantdb_CRA002977_1:CRX125602@@_AACCATGCACCAACCG-1	Arabidopsis thaliana	leaf	Phloem parenchyma	Mesophyll	True	8.421058	9.285087
scplantdb_CRA002977_1:CRX125602@@_AACCATGCACTTAAGC-1	Arabidopsis thaliana	leaf	Mesophyll	Mesophyll	True	7.721681	13.820069
scplantdb_CRA002977_1:CRX125602@@_AACCATGGTGTGCGTC-1	Arabidopsis thaliana	leaf	Mesophyll	Mesophyll	True	7.7640243	11.474135
scplantdb_CRA002977_1:CRX125602@@_AACCATGTCCTTTCGG-1	Arabidopsis thaliana	leaf	Mesophyll	Mesophyll	True	7.6455445	11.592495
scplantdb_CRA002977_1:CRX125602@@_AACCATGTCTCTGTCG-1	Arabidopsis thaliana	leaf	Xylem	Mesophyll	True	8.34939	10.122215
scplantdb_CRA002977_1:CRX125602@@_AACTCCCCACGGTAGA-1	Arabidopsis thaliana	leaf	Mesophyll	Mesophyll	True	7.8899646	12.316236
scplantdb_CRA002977_1:CRX125602@@_AACTCTTTCGAACTGT-1	Arabidopsis thaliana	leaf	Leaf pavement cell	Mesophyll	False	6.788375	11.124294
scplantdb_CRA002977_1:CRX125602@@_AAGACCTGTCGAGTTT-1	Arabidopsis thaliana	leaf	Mesophyll	Mesophyll	True	7.6170197	11.249493
scplantdb_CRA002977_1:CRX125602@@_ACATACGTCCTCTAGC-1	Arabidopsis thaliana	leaf	Mesophyll	Mesophyll	True	7.072814	13.228681
scplantdb_CRA002977_1:CRX125602@@_ACCGTAAAGCACGCCT-1	Arabidopsis thaliana	leaf	Mesophyll	Mesophyll	True	7.641123	13.619634
scplantdb_CRA002977_1:CRX125602@@_ACCTTTAGTGTGAATA-1	Arabidopsis thaliana	leaf	Leaf pavement cell	Mesophyll	False	6.924712	11.237681
scplantdb_CRA002977_1:CRX125602@@_ACGAGGATCTCTAAGG-1	Arabidopsis thaliana	leaf	Mesophyll	Mesophyll	True	8.210889	12.9687395
scplantdb_CRA002977_1:CRX125602@@_ACGCAGCAGCGATCCC-1	Arabidopsis thaliana	leaf	Xylem	Mesophyll	True	7.4298816	11.403276
scplantdb_CRA002977_1:CRX125602@@_ACGGAGAAGATGTAAC-1	Arabidopsis thaliana	leaf	Mesophyll	Mesophyll	True	7.518388	13.097402
scplantdb_CRA002977_1:CRX125602@@_ACGTCAAAGGAACTGC-1	Arabidopsis thaliana	leaf	Mesophyll	Mesophyll	True	7.559161	11.740636
scplantdb_CRA002977_1:CRX125602@@_ACTATCTGTAGAAAGG-1	Arabidopsis thaliana	leaf	Mesophyll	Mesophyll	True	8.244499	9.927603
scplantdb_CRA002977_1:CRX125602@@_ACTGCTCAGCTGGAAC-1	Arabidopsis thaliana	leaf	Xylem	Mesophyll	True	8.408698	10.303877
scplantdb_CRA002977_1:CRX125602@@_ACTTACTGTACCATCA-1	Arabidopsis thaliana	leaf	Xylem	Mesophyll	True	8.305116	9.9289875
scplantdb_CRA002977_1:CRX125602@@_ACTTTCACACAAGCCC-1	Arabidopsis thaliana	leaf	Leaf guard cell	Mesophyll	True	8.176147	6.72935
scplantdb_CRA002977_1:CRX125602@@_AGACGTTAGATCTGAA-1	Arabidopsis thaliana	leaf	Mesophyll	Mesophyll	True	7.259413	13.242163
scplantdb_CRA002977_1:CRX125602@@_AGCCTAAGTACAAGTA-1	Arabidopsis thaliana	leaf	Xylem	Mesophyll	True	8.684357	11.226095
scplantdb_CRA002977_1:CRX125602@@_AGCCTAATCCCTTGTG-1	Arabidopsis thaliana	leaf	Mesophyll	Mesophyll	True	8.169686	12.962428
scplantdb_CRA002977_1:CRX125602@@_AGCTCCTAGTCAAGCG-1	Arabidopsis thaliana	leaf	Mesophyll	Mesophyll	True	8.047711	12.808842
scplantdb_CRA002977_1:CRX125602@@_AGCTCTCGTAGCGTCC-1	Arabidopsis thaliana	leaf	Leaf guard cell	Mesophyll	True	8.193943	6.7240376
scplantdb_CRA002977_1:CRX125602@@_AGCTCTCGTTTGGGCC-1	Arabidopsis thaliana	leaf	Mesophyll	Mesophyll	True	8.094894	13.107508
scplantdb_CRA002977_1:CRX125602@@_AGCTCTCTCAAACAAG-1	Arabidopsis thaliana	leaf	Mesophyll	Mesophyll	True	7.300219	13.250552
scplantdb_CRA002977_1:CRX125602@@_AGGGAGTCATGAGCGA-1	Arabidopsis thaliana	leaf	Mesophyll	Mesophyll	True	7.6615863	12.322917
scplantdb_CRA002977_1:CRX125602@@_AGGGAGTTCGCTGATA-1	Arabidopsis thaliana	leaf	Leaf pavement cell	Mesophyll	False	7.274854	11.523677
scplantdb_CRA002977_1:CRX125602@@_AGGGTGATCCAAACTG-1	Arabidopsis thaliana	leaf	Mesophyll	Mesophyll	True	7.634803	12.968586
scplantdb_CRA002977_1:CRX125602@@_AGTGGGAAGTCAATAG-1	Arabidopsis thaliana	leaf	Companion cell	Mesophyll	True	8.323545	10.208669
scplantdb_CRA002977_1:CRX125602@@_ATAAGAGGTGCCTGGT-1	Arabidopsis thaliana	leaf	Mesophyll	Mesophyll	True	8.245031	12.931973
scplantdb_CRA002977_1:CRX125602@@_ATCCACCGTTCCACTC-1	Arabidopsis thaliana	leaf	Mesophyll	Mesophyll	True	7.573972	11.23563
scplantdb_CRA002977_1:CRX125602@@_ATCGAGTTCCGAACGC-1	Arabidopsis thaliana	leaf	Xylem	Mesophyll	True	7.9570456	10.583025
scplantdb_CRA002977_1:CRX125602@@_ATGAGGGAGCGATATA-1	Arabidopsis thaliana	leaf	Mesophyll	Mesophyll	True	8.135896	10.622862
scplantdb_CRA002977_1:CRX125602@@_ATGAGGGCACCGTTGG-1	Arabidopsis thaliana	leaf	Xylem	Mesophyll	True	8.447863	10.271397
scplantdb_CRA002977_1:CRX125602@@_ATGCGATAGTGAACGC-1	Arabidopsis thaliana	leaf	Mesophyll	Mesophyll	True	7.3976793	13.181305
scplantdb_CRA002977_1:CRX125602@@_ATGTGTGAGAAGGGTA-1	Arabidopsis thaliana	leaf	Xylem	Mesophyll	True	8.330939	12.884375
scplantdb_CRA002977_1:CRX125602@@_ATTACTCGTTCGTTGA-1	Arabidopsis thaliana	leaf	Mesophyll	Mesophyll	True	8.720876	11.6718445
scplantdb_CRA002977_1:CRX125602@@_ATTATCCTCTTGTATC-1	Arabidopsis thaliana	leaf	Mesophyll	Mesophyll	True	8.562861	11.288613
scplantdb_CRA002977_1:CRX125602@@_ATTTCTGGTCACAAGG-1	Arabidopsis thaliana	leaf	Xylem	Mesophyll	True	8.713516	11.040536
scplantdb_CRA002977_1:CRX125602@@_CAACCAAAGGAATGGA-1	Arabidopsis thaliana	leaf	Xylem	Mesophyll	True	8.265815	10.381962
scplantdb_CRA002977_1:CRX125602@@_CAACCTCAGCTGTTCA-1	Arabidopsis thaliana	leaf	Mesophyll	Mesophyll	True	7.602167	13.746613
scplantdb_CRA002977_1:CRX125602@@_CAACCTCGTGCACGAA-1	Arabidopsis thaliana	leaf	Leaf guard cell	Mesophyll	True	8.191096	6.6831493
scplantdb_CRA002977_1:CRX125602@@_CAACCTCTCCCACTTG-1	Arabidopsis thaliana	leaf	Xylem	Mesophyll	True	8.281877	10.32255
scplantdb_CRA002977_1:CRX125602@@_CAAGAAAAGCCGGTAA-1	Arabidopsis thaliana	leaf	Xylem	Mesophyll	True	7.5378113	11.680662
scplantdb_CRA002977_1:CRX125602@@_CAAGATCTCCATGAAC-1	Arabidopsis thaliana	leaf	Mesophyll	Mesophyll	True	8.338421	9.247755
scplantdb_CRA002977_1:CRX125602@@_CAAGTTGGTCGAGTTT-1	Arabidopsis thaliana	leaf	Xylem	Mesophyll	True	8.76845	11.130913
scplantdb_CRA002977_1:CRX125602@@_CACAAACAGCTGCGAA-1	Arabidopsis thaliana	leaf	Mesophyll	Mesophyll	True	8.110404	10.27773
scplantdb_CRA002977_1:CRX125602@@_CACAAACTCTACTTAC-1	Arabidopsis thaliana	leaf	Mesophyll	Mesophyll	True	8.664505	11.262974
scplantdb_CRA002977_1:CRX125602@@_CACACAATCAGAAATG-1	Arabidopsis thaliana	leaf	Leaf pavement cell	Mesophyll	False	6.7671666	11.112025
scplantdb_CRA002977_1:CRX125602@@_CACACCTTCCTGCAGG-1	Arabidopsis thaliana	leaf	Leaf pavement cell	Mesophyll	False	6.7701225	11.117083
scplantdb_CRA002977_1:CRX125602@@_CACACCTTCGTGGTCG-1	Arabidopsis thaliana	leaf	Leaf guard cell	Mesophyll	True	8.211149	6.717967
scplantdb_CRA002977_1:CRX125602@@_CACATTTGTCATTAGC-1	Arabidopsis thaliana	leaf	Leaf pavement cell	Mesophyll	False	6.7907043	11.138301
scplantdb_CRA002977_1:CRX125602@@_CACATTTGTCGGCACT-1	Arabidopsis thaliana	leaf	Leaf pavement cell	Mesophyll	False	7.0347614	11.241361
scplantdb_CRA002977_1:CRX125602@@_CACCACTAGGTAAACT-1	Arabidopsis thaliana	leaf	Companion cell	Mesophyll	True	8.230002	8.972907
scplantdb_CRA002977_1:CRX125602@@_CACCAGGCAACACCCG-1	Arabidopsis thaliana	leaf	Xylem	Mesophyll	True	8.569513	10.558401
scplantdb_CRA002977_1:CRX125602@@_CACCTTGCAACACCCG-1	Arabidopsis thaliana	leaf	Mesophyll	Mesophyll	True	7.738813	11.26857
scplantdb_CRA002977_1:CRX125602@@_CACTCCACAGATCCAT-1	Arabidopsis thaliana	leaf	Xylem	Mesophyll	True	8.11866	10.466677
scplantdb_CRA002977_1:CRX125602@@_CAGAATCAGCAATCTC-1	Arabidopsis thaliana	leaf	Companion cell	Mesophyll	True	8.25781	9.040394
scplantdb_CRA002977_1:CRX125602@@_CAGCAGCAGGAACTGC-1	Arabidopsis thaliana	leaf	Leaf pavement cell	Mesophyll	False	6.9814706	11.292682
scplantdb_CRA002977_1:CRX125602@@_CAGCCGACAGCGATCC-1	Arabidopsis thaliana	leaf	Xylem	Mesophyll	True	8.37066	11.390828
scplantdb_CRA002977_1:CRX125602@@_CAGCCGACATGGTAGG-1	Arabidopsis thaliana	leaf	Mesophyll	Mesophyll	True	7.6328297	11.989125
scplantdb_CRA002977_1:CRX125602@@_CAGCTGGCAAAGGAAG-1	Arabidopsis thaliana	leaf	Xylem	Mesophyll	True	8.691883	11.70656
scplantdb_CRA002977_1:CRX125602@@_CAGGTGCGTACCTACA-1	Arabidopsis thaliana	leaf	Mesophyll	Mesophyll	True	7.243493	13.339053
scplantdb_CRA002977_1:CRX125602@@_CAGGTGCGTACGACCC-1	Arabidopsis thaliana	leaf	Mesophyll	Mesophyll	True	7.336602	13.576013
scplantdb_CRA002977_1:CRX125602@@_CAGTCCTGTAGTAGTA-1	Arabidopsis thaliana	leaf	Mesophyll	Mesophyll	True	7.3153095	13.378103
scplantdb_CRA002977_1:CRX125602@@_CATATGGCAATGGATA-1	Arabidopsis thaliana	leaf	Xylem	Mesophyll	True	7.0902586	11.479587
scplantdb_CRA002977_1:CRX125602@@_CATATGGGTTTGGGCC-1	Arabidopsis thaliana	leaf	Mesophyll	Mesophyll	True	7.161941	13.0969925
scplantdb_CRA002977_1:CRX125602@@_CATCCACGTCTACCTC-1	Arabidopsis thaliana	leaf	Mesophyll	Mesophyll	True	7.224106	13.430748
scplantdb_CRA002977_1:CRX125602@@_CATGCCTAGGTGCACA-1	Arabidopsis thaliana	leaf	Mesophyll	Mesophyll	True	7.566486	11.686782
scplantdb_CRA002977_1:CRX125602@@_CATTATCCAAATACAG-1	Arabidopsis thaliana	leaf	Mesophyll	Mesophyll	True	8.500003	11.793692
scplantdb_CRA002977_1:CRX125602@@_CATTATCCATGTCTCC-1	Arabidopsis thaliana	leaf	Leaf pavement cell	Mesophyll	False	6.751695	11.117749
scplantdb_CRA002977_1:CRX125602@@_CATTCGCAGACTTTCG-1	Arabidopsis thaliana	leaf	Mesophyll	Mesophyll	True	7.7327933	13.847738
scplantdb_CRA002977_1:CRX125602@@_CCAATCCTCTCGATGA-1	Arabidopsis thaliana	leaf	Mesophyll	Mesophyll	True	7.344362	13.063554
scplantdb_CRA002977_1:CRX125602@@_CCATTCGTCGTACGGC-1	Arabidopsis thaliana	leaf	Phloem parenchyma	Mesophyll	True	8.265596	8.955854
scplantdb_CRA002977_1:CRX125602@@_CCCAATCCAGTTTACG-1	Arabidopsis thaliana	leaf	Mesophyll	Mesophyll	True	7.7840805	13.668266
scplantdb_CRA002977_1:CRX125602@@_CCCAGTTAGGTTACCT-1	Arabidopsis thaliana	leaf	Mesophyll	Mesophyll	True	8.150408	13.097075
scplantdb_CRA002977_1:CRX125602@@_CCCATACCACCCAGTG-1	Arabidopsis thaliana	leaf	Mesophyll	Mesophyll	True	7.04104	13.290333
scplantdb_CRA002977_1:CRX125602@@_CCCTCCTGTTTGACTG-1	Arabidopsis thaliana	leaf	Mesophyll	Mesophyll	True	7.1930294	13.111443
scplantdb_CRA002977_1:CRX125602@@_CCGTACTCATCACGAT-1	Arabidopsis thaliana	leaf	Mesophyll	Mesophyll	True	7.479446	13.286729
scplantdb_CRA002977_1:CRX125602@@_CCTAAAGGTCTAGCGC-1	Arabidopsis thaliana	leaf	Xylem	Mesophyll	True	8.726124	11.40053
scplantdb_CRA002977_1:CRX125602@@_CCTACACAGCCGCCTA-1	Arabidopsis thaliana	leaf	Mesophyll	Mesophyll	True	8.183315	10.240616
scplantdb_CRA002977_1:CRX125602@@_CCTAGCTCATTTGCCC-1	Arabidopsis thaliana	leaf	Mesophyll	Mesophyll	True	7.6876173	11.115761
scplantdb_CRA002977_1:CRX125602@@_CCTCTGACAGGGCATA-1	Arabidopsis thaliana	leaf	Mesophyll	Mesophyll	True	7.8189187	13.39343
scplantdb_CRA002977_1:CRX125602@@_CCTTCGACACCCTATC-1	Arabidopsis thaliana	leaf	Mesophyll	Mesophyll	True	7.660429	13.786448
scplantdb_CRA002977_1:CRX125602@@_CCTTCGATCTTCAACT-1	Arabidopsis thaliana	leaf	Xylem	Mesophyll	True	8.429645	9.991552
scplantdb_CRA002977_1:CRX125602@@_CGAATGTCAATGAAAC-1	Arabidopsis thaliana	leaf	Mesophyll	Mesophyll	True	7.63871	11.879338
scplantdb_CRA002977_1:CRX125602@@_CGATGGCAGATCCGAG-1	Arabidopsis thaliana	leaf	Mesophyll	Mesophyll	True	7.706396	13.864219
scplantdb_CRA002977_1:CRX125602@@_CGATGGCGTGTGACCC-1	Arabidopsis thaliana	leaf	Xylem	Mesophyll	True	8.781944	10.97682
scplantdb_CRA002977_1:CRX125602@@_CGATGTACACTATCTT-1	Arabidopsis thaliana	leaf	S phase	Mesophyll	False	7.576786	12.0155325
scplantdb_CRA002977_1:CRX125602@@_CGCGGTACACATCCGG-1	Arabidopsis thaliana	leaf	Mesophyll	Mesophyll	True	8.690857	11.762473
scplantdb_CRA002977_1:CRX125602@@_CGCTTCAGTTGACGTT-1	Arabidopsis thaliana	leaf	Mesophyll	Mesophyll	True	7.443764	13.678629
scplantdb_CRA002977_1:CRX125602@@_CGGACTGTCGCTGATA-1	Arabidopsis thaliana	leaf	Xylem	Mesophyll	True	8.479739	11.8455
scplantdb_CRA002977_1:CRX125602@@_CGGGTCAAGTCATGCT-1	Arabidopsis thaliana	leaf	Mesophyll	Mesophyll	True	7.5452514	13.334367
scplantdb_CRA002977_1:CRX125602@@_CGGGTCACAAGTCTAC-1	Arabidopsis thaliana	leaf	Xylem	Mesophyll	True	8.612494	11.557373
scplantdb_CRA002977_1:CRX125602@@_CGGGTCATCTGTCAAG-1	Arabidopsis thaliana	leaf	Leaf guard cell	Mesophyll	True	8.168116	6.6870794
scplantdb_CRA002977_1:CRX125602@@_CGTAGCGAGAGTAATC-1	Arabidopsis thaliana	leaf	Leaf pavement cell	Mesophyll	False	6.8063607	11.139451
scplantdb_CRA002977_1:CRX125602@@_CGTCACTGTAGTACCT-1	Arabidopsis thaliana	leaf	Mesophyll	Mesophyll	True	8.134918	12.759179
scplantdb_CRA002977_1:CRX125602@@_CGTCAGGTCTGATACG-1	Arabidopsis thaliana	leaf	Leaf pavement cell	Mesophyll	False	6.75565	11.087645
scplantdb_CRA002977_1:CRX125602@@_CGTCCATCACTGAAGG-1	Arabidopsis thaliana	leaf	Mesophyll	Mesophyll	True	7.6447563	12.354944
scplantdb_CRA002977_1:CRX125602@@_CGTGTAATCGGAGCAA-1	Arabidopsis thaliana	leaf	Xylem	Mesophyll	True	8.662491	11.130357
scplantdb_CRA002977_1:CRX125602@@_CGTTAGAAGTGAACAT-1	Arabidopsis thaliana	leaf	Leaf pavement cell	Mesophyll	False	7.291995	11.521669
scplantdb_CRA002977_1:CRX125602@@_CGTTCTGGTTTGCATG-1	Arabidopsis thaliana	leaf	Leaf pavement cell	Mesophyll	False	6.7689614	11.126043
scplantdb_CRA002977_1:CRX125602@@_CTAAGACTCTTCATGT-1	Arabidopsis thaliana	leaf	Mesophyll	Mesophyll	True	8.092833	13.108477
scplantdb_CRA002977_1:CRX125602@@_CTAATGGCACCTCGGA-1	Arabidopsis thaliana	leaf	Mesophyll	Mesophyll	True	8.454086	11.909255
scplantdb_CRA002977_1:CRX125602@@_CTACGTCTCAAGAAGT-1	Arabidopsis thaliana	leaf	Companion cell	Mesophyll	True	8.1812725	9.103409
scplantdb_CRA002977_1:CRX125602@@_CTACGTCTCGCATGAT-1	Arabidopsis thaliana	leaf	Mesophyll	Mesophyll	True	8.66219	11.513505
scplantdb_CRA002977_1:CRX125602@@_CTACGTCTCGCTTAGA-1	Arabidopsis thaliana	leaf	Mesophyll	Mesophyll	True	7.468417	11.703031
scplantdb_CRA002977_1:CRX125602@@_CTCACACAGAACAATC-1	Arabidopsis thaliana	leaf	Mesophyll	Mesophyll	True	7.367565	13.176857
scplantdb_CRA002977_1:CRX125602@@_CTCGAAACAAGCCCAC-1	Arabidopsis thaliana	leaf	S phase	Mesophyll	False	7.712702	11.870967
scplantdb_CRA002977_1:CRX125602@@_CTCGAGGGTGTAATGA-1	Arabidopsis thaliana	leaf	S phase	Mesophyll	False	7.4952106	12.333243
scplantdb_CRA002977_1:CRX125602@@_CTCGGAGCAGAGCCAA-1	Arabidopsis thaliana	leaf	Xylem	Mesophyll	True	8.203503	11.477125
scplantdb_CRA002977_1:CRX125602@@_CTCGTACAGGAATCGC-1	Arabidopsis thaliana	leaf	Xylem	Mesophyll	True	8.757007	11.256034
scplantdb_CRA002977_1:CRX125602@@_CTCTGGTTCGTCTGAA-1	Arabidopsis thaliana	leaf	Xylem	Mesophyll	True	8.275616	10.28303
scplantdb_CRA002977_1:CRX125602@@_CTGAAACTCGTAGGAG-1	Arabidopsis thaliana	leaf	Mesophyll	Mesophyll	True	8.731929	11.666258
scplantdb_CRA002977_1:CRX125602@@_CTGAAGTGTACAGTGG-1	Arabidopsis thaliana	leaf	Mesophyll	Mesophyll	True	8.840791	11.165827
scplantdb_CRA002977_1:CRX125602@@_CTGAAGTTCCTCAACC-1	Arabidopsis thaliana	leaf	Companion cell	Mesophyll	True	9.413531	8.514731
scplantdb_CRA002977_1:CRX125602@@_CTGATCCCACGGACAA-1	Arabidopsis thaliana	leaf	Leaf pavement cell	Mesophyll	False	7.4340425	11.335732
scplantdb_CRA002977_1:CRX125602@@_CTGGTCTAGACAGACC-1	Arabidopsis thaliana	leaf	Mesophyll	Mesophyll	True	7.5588627	12.126906
scplantdb_CRA002977_1:CRX125602@@_CTGGTCTCATGTCGAT-1	Arabidopsis thaliana	leaf	Mesophyll	Mesophyll	True	7.636073	11.270442
scplantdb_CRA002977_1:CRX125602@@_CTGTTTAAGCGTGTCC-1	Arabidopsis thaliana	leaf	Phloem parenchyma	Mesophyll	True	8.358364	9.868713
scplantdb_CRA002977_1:CRX125602@@_CTTAACTAGTACGCGA-1	Arabidopsis thaliana	leaf	Mesophyll	Mesophyll	True	7.7972045	12.4032545
scplantdb_CRA002977_1:CRX125602@@_CTTACCGTCAGAGACG-1	Arabidopsis thaliana	leaf	Leaf pavement cell	Mesophyll	False	7.406581	13.333419
scplantdb_CRA002977_1:CRX125602@@_CTTAGGATCACCAGGC-1	Arabidopsis thaliana	leaf	Xylem	Mesophyll	True	8.383496	10.197069
scplantdb_CRA002977_1:CRX125602@@_CTTCTCTTCGGCCGAT-1	Arabidopsis thaliana	leaf	Xylem	Mesophyll	True	8.63815	11.08833
scplantdb_CRA002977_1:CRX125602@@_GAATGAAAGTTAGGTA-1	Arabidopsis thaliana	leaf	Mesophyll	Mesophyll	True	7.5618	12.073464
scplantdb_CRA002977_1:CRX125602@@_GACACGCCAGCCTGTG-1	Arabidopsis thaliana	leaf	Mesophyll	Mesophyll	True	7.301376	13.083424
scplantdb_CRA002977_1:CRX125602@@_GACAGAGCATCCGCGA-1	Arabidopsis thaliana	leaf	Mesophyll	Mesophyll	True	7.8539042	11.898319
scplantdb_CRA002977_1:CRX125602@@_GACCAATCAACTTGAC-1	Arabidopsis thaliana	leaf	Mesophyll	Mesophyll	True	8.209096	12.06475
scplantdb_CRA002977_1:CRX125602@@_GACGCGTGTTACTGAC-1	Arabidopsis thaliana	leaf	Mesophyll	Mesophyll	True	7.1093016	13.263773
scplantdb_CRA002977_1:CRX125602@@_GACGTGCAGGTGCAAC-1	Arabidopsis thaliana	leaf	Mesophyll	Mesophyll	True	7.961063	11.274188
scplantdb_CRA002977_1:CRX125602@@_GACGTGCAGTTAGCGG-1	Arabidopsis thaliana	leaf	Leaf guard cell	Mesophyll	True	8.143652	6.69596
scplantdb_CRA002977_1:CRX125602@@_GACGTTATCGTACGGC-1	Arabidopsis thaliana	leaf	Companion cell	Mesophyll	True	8.286426	9.043326
scplantdb_CRA002977_1:CRX125602@@_GACTAACTCAAAGTAG-1	Arabidopsis thaliana	leaf	Mesophyll	Mesophyll	True	8.110978	11.979794
scplantdb_CRA002977_1:CRX125602@@_GACTACATCTGATTCT-1	Arabidopsis thaliana	leaf	Mesophyll	Mesophyll	True	8.073691	13.002882
scplantdb_CRA002977_1:CRX125602@@_GAGGTGAGTGAGTATA-1	Arabidopsis thaliana	leaf	Mesophyll	Mesophyll	True	7.829632	11.072427
scplantdb_CRA002977_1:CRX125602@@_GATCAGTGTCTGATTG-1	Arabidopsis thaliana	leaf	Companion cell	Mesophyll	True	8.403271	9.903408
scplantdb_CRA002977_1:CRX125602@@_GATCGCGAGTGTACCT-1	Arabidopsis thaliana	leaf	Xylem	Mesophyll	True	7.1566205	11.09839
scplantdb_CRA002977_1:CRX125602@@_GATCGCGGTAGCGTCC-1	Arabidopsis thaliana	leaf	Mesophyll	Mesophyll	True	8.752462	11.447935
scplantdb_CRA002977_1:CRX125602@@_GATGAGGGTGACAAAT-1	Arabidopsis thaliana	leaf	Xylem	Mesophyll	True	8.464885	9.71347
scplantdb_CRA002977_1:CRX125602@@_GATGAGGTCAATAAGG-1	Arabidopsis thaliana	leaf	Mesophyll	Mesophyll	True	7.9722395	13.0292015
scplantdb_CRA002977_1:CRX125602@@_GATTCAGCAGCGTCCA-1	Arabidopsis thaliana	leaf	Xylem	Mesophyll	True	7.8811646	10.798748
scplantdb_CRA002977_1:CRX125602@@_GATTCAGCAGTCGTGC-1	Arabidopsis thaliana	leaf	Xylem	Mesophyll	True	8.306538	10.27912
scplantdb_CRA002977_1:CRX125602@@_GCAAACTTCTTATCTG-1	Arabidopsis thaliana	leaf	Leaf pavement cell	Mesophyll	False	6.7500043	11.106223
scplantdb_CRA002977_1:CRX125602@@_GCAGCCAAGTCTCCTC-1	Arabidopsis thaliana	leaf	S phase	Mesophyll	False	7.267413	12.933131
scplantdb_CRA002977_1:CRX125602@@_GCATACAAGACAGGCT-1	Arabidopsis thaliana	leaf	Xylem	Mesophyll	True	8.717165	11.057787
scplantdb_CRA002977_1:CRX125602@@_GCATACATCGCCTGTT-1	Arabidopsis thaliana	leaf	Mesophyll	Mesophyll	True	8.44605	11.9694195
scplantdb_CRA002977_1:CRX125602@@_GCATGATTCTCGGACG-1	Arabidopsis thaliana	leaf	Mesophyll	Mesophyll	True	7.386427	13.43508
scplantdb_CRA002977_1:CRX125602@@_GCATGATTCTTTACGT-1	Arabidopsis thaliana	leaf	Xylem	Mesophyll	True	8.774192	11.259163
scplantdb_CRA002977_1:CRX125602@@_GCATGCGAGAGACGAA-1	Arabidopsis thaliana	leaf	Xylem	Mesophyll	True	8.183784	10.44121
scplantdb_CRA002977_1:CRX125602@@_GCATGCGCAATGGAAT-1	Arabidopsis thaliana	leaf	Mesophyll	Mesophyll	True	7.060009	13.18993
scplantdb_CRA002977_1:CRX125602@@_GCATGCGTCAGCTCGG-1	Arabidopsis thaliana	leaf	Xylem	Mesophyll	True	8.572983	11.857224
scplantdb_CRA002977_1:CRX125602@@_GCATGTATCACCGTAA-1	Arabidopsis thaliana	leaf	Mesophyll	Mesophyll	True	7.4973736	13.5257
scplantdb_CRA002977_1:CRX125602@@_GCGACCAAGGAGTTGC-1	Arabidopsis thaliana	leaf	Mesophyll	Mesophyll	True	7.651446	13.863764
scplantdb_CRA002977_1:CRX125602@@_GCGCAACTCTCGTTTA-1	Arabidopsis thaliana	leaf	Phloem parenchyma	Mesophyll	True	8.441238	9.451094
scplantdb_CRA002977_1:CRX125602@@_GCGCAACTCTGAGGGA-1	Arabidopsis thaliana	leaf	Xylem	Mesophyll	True	7.280047	11.254985
scplantdb_CRA002977_1:CRX125602@@_GCGCCAAAGAAACGAG-1	Arabidopsis thaliana	leaf	Mesophyll	Mesophyll	True	7.5700293	12.468955
scplantdb_CRA002977_1:CRX125602@@_GCGCCAAAGAACTCGG-1	Arabidopsis thaliana	leaf	Mesophyll	Mesophyll	True	8.789364	10.947753
scplantdb_CRA002977_1:CRX125602@@_GCTCCTAAGCCCTAAT-1	Arabidopsis thaliana	leaf	Xylem	Mesophyll	True	8.484757	11.390585
scplantdb_CRA002977_1:CRX125602@@_GCTGCTTCACTTCTGC-1	Arabidopsis thaliana	leaf	Mesophyll	Mesophyll	True	7.97541	11.979755
scplantdb_CRA002977_1:CRX125602@@_GCTGCTTGTATATGGA-1	Arabidopsis thaliana	leaf	Mesophyll	Mesophyll	True	8.649971	11.916989
scplantdb_CRA002977_1:CRX125602@@_GCTGGGTCAGCTATTG-1	Arabidopsis thaliana	leaf	Xylem	Mesophyll	True	8.091163	10.768367
scplantdb_CRA002977_1:CRX125602@@_GCTGGGTCATCGATTG-1	Arabidopsis thaliana	leaf	Mesophyll	Mesophyll	True	8.503502	11.361692
scplantdb_CRA002977_1:CRX125602@@_GCTTCCAGTAAATGTG-1	Arabidopsis thaliana	leaf	Companion cell	Mesophyll	True	8.263556	9.025856
scplantdb_CRA002977_1:CRX125602@@_GCTTGAAGTACGCTGC-1	Arabidopsis thaliana	leaf	Mesophyll	Mesophyll	True	7.873203	12.075086
scplantdb_CRA002977_1:CRX125602@@_GGAAAGCTCAAGGTAA-1	Arabidopsis thaliana	leaf	S phase	Mesophyll	False	7.224026	13.001768
scplantdb_CRA002977_1:CRX125602@@_GGAATAAAGCTGTTCA-1	Arabidopsis thaliana	leaf	Mesophyll	Mesophyll	True	7.3936925	13.120348
scplantdb_CRA002977_1:CRX125602@@_GGAATAAGTCTCACCT-1	Arabidopsis thaliana	leaf	Mesophyll	Mesophyll	True	8.159235	12.778667
scplantdb_CRA002977_1:CRX125602@@_GGACAGACAGCTCGCA-1	Arabidopsis thaliana	leaf	Leaf pavement cell	Mesophyll	False	6.8521066	11.18408
scplantdb_CRA002977_1:CRX125602@@_GGACAGATCAGAGGTG-1	Arabidopsis thaliana	leaf	Xylem	Mesophyll	True	8.650304	10.7331
scplantdb_CRA002977_1:CRX125602@@_GGACATTGTACAGACG-1	Arabidopsis thaliana	leaf	Mesophyll	Mesophyll	True	8.129335	13.032332
scplantdb_CRA002977_1:CRX125602@@_GGACGTCAGGCAATTA-1	Arabidopsis thaliana	leaf	Companion cell	Mesophyll	True	8.638262	9.028308
scplantdb_CRA002977_1:CRX125602@@_GGAGCAATCTGTACGA-1	Arabidopsis thaliana	leaf	Mesophyll	Mesophyll	True	7.581964	13.104584
scplantdb_CRA002977_1:CRX125602@@_GGATTACAGGGAAACA-1	Arabidopsis thaliana	leaf	Mesophyll	Mesophyll	True	7.6879206	13.793029
scplantdb_CRA002977_1:CRX125602@@_GGATTACCAGTATCTG-1	Arabidopsis thaliana	leaf	Mesophyll	Mesophyll	True	8.20956	12.991152
scplantdb_CRA002977_1:CRX125602@@_GGCGTGTAGTCGAGTG-1	Arabidopsis thaliana	leaf	Leaf guard cell	Mesophyll	True	8.202985	6.7405915
scplantdb_CRA002977_1:CRX125602@@_GGGACCTTCACAATGC-1	Arabidopsis thaliana	leaf	Mesophyll	Mesophyll	True	8.241128	13.095944
scplantdb_CRA002977_1:CRX125602@@_GGGCACTCAGGATTGG-1	Arabidopsis thaliana	leaf	Companion cell	Mesophyll	True	8.268231	8.98475
scplantdb_CRA002977_1:CRX125602@@_GGGCATCTCAAACCGT-1	Arabidopsis thaliana	leaf	Xylem	Mesophyll	True	8.25908	10.461632
scplantdb_CRA002977_1:CRX125602@@_GGGTCTGTCCCAGGTG-1	Arabidopsis thaliana	leaf	Mesophyll	Mesophyll	True	7.5525503	13.573673
scplantdb_CRA002977_1:CRX125602@@_GGGTTGCGTTCACCTC-1	Arabidopsis thaliana	leaf	Leaf pavement cell	Mesophyll	False	6.8470683	11.124698
scplantdb_CRA002977_1:CRX125602@@_GTAACGTTCACCTCGT-1	Arabidopsis thaliana	leaf	Xylem	Mesophyll	True	8.650207	11.867458
scplantdb_CRA002977_1:CRX125602@@_GTACGTAGTCCTCCAT-1	Arabidopsis thaliana	leaf	Mesophyll	Mesophyll	True	7.288973	13.4362
scplantdb_CRA002977_1:CRX125602@@_GTACGTATCTCTTATG-1	Arabidopsis thaliana	leaf	Mesophyll	Mesophyll	True	7.7877855	13.799054
scplantdb_CRA002977_1:CRX125602@@_GTAGGCCCATGAGCGA-1	Arabidopsis thaliana	leaf	Xylem	Mesophyll	True	8.305329	10.272846
scplantdb_CRA002977_1:CRX125602@@_GTATTCTCATTCCTCG-1	Arabidopsis thaliana	leaf	Mesophyll	Mesophyll	True	8.633007	11.859097
scplantdb_CRA002977_1:CRX125602@@_GTCAAGTAGGCATTGG-1	Arabidopsis thaliana	leaf	Mesophyll	Mesophyll	True	7.5065427	11.316792
scplantdb_CRA002977_1:CRX125602@@_GTCGGGTAGATCGATA-1	Arabidopsis thaliana	leaf	Mesophyll	Mesophyll	True	8.707278	11.788514
scplantdb_CRA002977_1:CRX125602@@_GTCGGGTCAGGAATGC-1	Arabidopsis thaliana	leaf	Mesophyll	Mesophyll	True	8.16621	12.96073
scplantdb_CRA002977_1:CRX125602@@_GTCGTAAGTCTAGAGG-1	Arabidopsis thaliana	leaf	Leaf guard cell	Mesophyll	True	8.153062	6.686884
scplantdb_CRA002977_1:CRX125602@@_GTCTCGTAGCTGCGAA-1	Arabidopsis thaliana	leaf	Mesophyll	Mesophyll	True	7.623762	11.217072
scplantdb_CRA002977_1:CRX125602@@_GTCTTCGCAAAGTCAA-1	Arabidopsis thaliana	leaf	Mesophyll	Mesophyll	True	8.674395	11.664364
scplantdb_CRA002977_1:CRX125602@@_GTGCATAGTCTGCGGT-1	Arabidopsis thaliana	leaf	Leaf guard cell	Mesophyll	True	8.143095	6.681246
scplantdb_CRA002977_1:CRX125602@@_GTGCGGTGTAGGGTAC-1	Arabidopsis thaliana	leaf	Mesophyll	Mesophyll	True	8.085483	12.73738
scplantdb_CRA002977_1:CRX125602@@_GTGCTTCAGCAGCGTA-1	Arabidopsis thaliana	leaf	Leaf guard cell	Mesophyll	True	8.144306	6.7183757
scplantdb_CRA002977_1:CRX125602@@_GTGCTTCCATGTCGAT-1	Arabidopsis thaliana	leaf	Xylem	Mesophyll	True	8.374572	10.345124
scplantdb_CRA002977_1:CRX125602@@_GTGGGTCTCCTCAATT-1	Arabidopsis thaliana	leaf	Mesophyll	Mesophyll	True	8.84635	11.597089
scplantdb_CRA002977_1:CRX125602@@_GTTACAGGTCCGTCAG-1	Arabidopsis thaliana	leaf	Mesophyll	Mesophyll	True	8.101902	12.95791
scplantdb_CRA002977_1:CRX125602@@_GTTCGGGGTTCTCATT-1	Arabidopsis thaliana	leaf	Mesophyll	Mesophyll	True	8.124136	13.012996
scplantdb_CRA002977_1:CRX125602@@_TAAGCGTGTATCTGCA-1	Arabidopsis thaliana	leaf	Mesophyll	Mesophyll	True	7.330617	13.535686
scplantdb_CRA002977_1:CRX125602@@_TAAGTGCAGCGTCTAT-1	Arabidopsis thaliana	leaf	Phloem parenchyma	Mesophyll	True	8.328939	9.414357
scplantdb_CRA002977_1:CRX125602@@_TAAGTGCAGCTCTCGG-1	Arabidopsis thaliana	leaf	Mesophyll	Mesophyll	True	8.550419	11.866231
scplantdb_CRA002977_1:CRX125602@@_TACACGAAGGAGTCTG-1	Arabidopsis thaliana	leaf	Mesophyll	Mesophyll	True	7.95573	11.932724
scplantdb_CRA002977_1:CRX125602@@_TACAGTGCACCATCCT-1	Arabidopsis thaliana	leaf	Mesophyll	Mesophyll	True	8.281663	12.971021
scplantdb_CRA002977_1:CRX125602@@_TACGGATAGTGTTAGA-1	Arabidopsis thaliana	leaf	S phase	Mesophyll	False	7.8444905	11.727131
scplantdb_CRA002977_1:CRX125602@@_TACGGTAGTGATGATA-1	Arabidopsis thaliana	leaf	Xylem	Mesophyll	True	8.407767	10.197093
scplantdb_CRA002977_1:CRX125602@@_TACGGTATCTGCTTGC-1	Arabidopsis thaliana	leaf	Mesophyll	Mesophyll	True	8.276335	9.959341
scplantdb_CRA002977_1:CRX125602@@_TACTCGCCAATAAGCA-1	Arabidopsis thaliana	leaf	Mesophyll	Mesophyll	True	7.2272134	13.424057
scplantdb_CRA002977_1:CRX125602@@_TACTTACCATCAGTCA-1	Arabidopsis thaliana	leaf	Mesophyll	Mesophyll	True	7.420294	13.602783
scplantdb_CRA002977_1:CRX125602@@_TACTTACGTTCGCGAC-1	Arabidopsis thaliana	leaf	Mesophyll	Mesophyll	True	7.72901	11.29433
scplantdb_CRA002977_1:CRX125602@@_TACTTGTAGACAGACC-1	Arabidopsis thaliana	leaf	Mesophyll	Mesophyll	True	8.201684	12.659722
scplantdb_CRA002977_1:CRX125602@@_TAGTTGGAGGACGAAA-1	Arabidopsis thaliana	leaf	Xylem	Mesophyll	True	8.746281	11.259647
scplantdb_CRA002977_1:CRX125602@@_TAGTTGGCAGATCGGA-1	Arabidopsis thaliana	leaf	Mesophyll	Mesophyll	True	7.977	12.982474
scplantdb_CRA002977_1:CRX125602@@_TATGCCCGTAGCGATG-1	Arabidopsis thaliana	leaf	Mesophyll	Mesophyll	True	8.261236	11.8516445
scplantdb_CRA002977_1:CRX125602@@_TATTACCCAGGTCGTC-1	Arabidopsis thaliana	leaf	Xylem	Mesophyll	True	8.3856125	10.126539
scplantdb_CRA002977_1:CRX125602@@_TATTACCCATACGCCG-1	Arabidopsis thaliana	leaf	Mesophyll	Mesophyll	True	8.464181	11.919261
scplantdb_CRA002977_1:CRX125602@@_TCAACGAAGCCCAATT-1	Arabidopsis thaliana	leaf	Leaf guard cell	Mesophyll	True	8.178252	6.758164
scplantdb_CRA002977_1:CRX125602@@_TCACAAGGTGGTACAG-1	Arabidopsis thaliana	leaf	Leaf guard cell	Mesophyll	True	8.172029	6.6894603
scplantdb_CRA002977_1:CRX125602@@_TCAGATGAGCGTGAGT-1	Arabidopsis thaliana	leaf	Xylem	Mesophyll	True	8.678498	10.752359
scplantdb_CRA002977_1:CRX125602@@_TCAGCAACACTGTTAG-1	Arabidopsis thaliana	leaf	Mesophyll	Mesophyll	True	8.161319	13.020006
scplantdb_CRA002977_1:CRX125602@@_TCAGGATTCCGCGGTA-1	Arabidopsis thaliana	leaf	Mesophyll	Mesophyll	True	7.759342	13.703257
scplantdb_CRA002977_1:CRX125602@@_TCGCGTTAGAGGACGG-1	Arabidopsis thaliana	leaf	Leaf pavement cell	Mesophyll	False	6.756498	11.150575
scplantdb_CRA002977_1:CRX125602@@_TCGTACCTCGAATCCA-1	Arabidopsis thaliana	leaf	Mesophyll	Mesophyll	True	7.9639797	11.932631
scplantdb_CRA002977_1:CRX125602@@_TCTATTGGTCAAAGAT-1	Arabidopsis thaliana	leaf	Mesophyll	Mesophyll	True	7.3609843	12.982245
scplantdb_CRA002977_1:CRX125602@@_TCTGAGATCTTCTGGC-1	Arabidopsis thaliana	leaf	S phase	Mesophyll	False	7.414039	12.511776
scplantdb_CRA002977_1:CRX125602@@_TCTTCGGCAGATGGCA-1	Arabidopsis thaliana	leaf	Leaf pavement cell	Mesophyll	False	6.762603	11.102632
scplantdb_CRA002977_1:CRX125602@@_TCTTTCCAGTAAGTAC-1	Arabidopsis thaliana	leaf	Mesophyll	Mesophyll	True	7.0800605	13.24045
scplantdb_CRA002977_1:CRX125602@@_TGACGGCTCACGCATA-1	Arabidopsis thaliana	leaf	Phloem parenchyma	Mesophyll	True	8.354507	9.527338
scplantdb_CRA002977_1:CRX125602@@_TGACTAGCACACGCTG-1	Arabidopsis thaliana	leaf	Mesophyll	Mesophyll	True	7.9918404	13.263736
scplantdb_CRA002977_1:CRX125602@@_TGATTTCTCTCGATGA-1	Arabidopsis thaliana	leaf	Mesophyll	Mesophyll	True	8.283691	12.139478
scplantdb_CRA002977_1:CRX125602@@_TGCCCTACATAGAAAC-1	Arabidopsis thaliana	leaf	Mesophyll	Mesophyll	True	8.211793	12.516677
scplantdb_CRA002977_1:CRX125602@@_TGCGCAGGTTAGATGA-1	Arabidopsis thaliana	leaf	Xylem	Mesophyll	True	8.304201	9.0898905
scplantdb_CRA002977_1:CRX125602@@_TGGCCAGGTGTGACCC-1	Arabidopsis thaliana	leaf	Mesophyll	Mesophyll	True	8.2534075	12.586261
scplantdb_CRA002977_1:CRX125602@@_TGGCCAGTCGCAAGCC-1	Arabidopsis thaliana	leaf	Leaf pavement cell	Mesophyll	False	7.0910544	11.274286
scplantdb_CRA002977_1:CRX125602@@_TGGCGCATCGCTGATA-1	Arabidopsis thaliana	leaf	Mesophyll	Mesophyll	True	8.19589	13.062276
scplantdb_CRA002977_1:CRX125602@@_TGGCTGGGTAGCGTCC-1	Arabidopsis thaliana	leaf	Mesophyll	Mesophyll	True	8.353069	9.163205
scplantdb_CRA002977_1:CRX125602@@_TGGTTAGTCTGTCTAT-1	Arabidopsis thaliana	leaf	Mesophyll	Mesophyll	True	7.772277	13.71956
scplantdb_CRA002977_1:CRX125602@@_TGGTTCCAGTCCCACG-1	Arabidopsis thaliana	leaf	Leaf guard cell	Mesophyll	True	8.720397	11.402161
scplantdb_CRA002977_1:CRX125602@@_TGGTTCCGTTATGCGT-1	Arabidopsis thaliana	leaf	Mesophyll	Mesophyll	True	7.1918635	13.290579
scplantdb_CRA002977_1:CRX125602@@_TGTCCCAAGCGTTCCG-1	Arabidopsis thaliana	leaf	Mesophyll	Mesophyll	True	8.258452	12.030272
scplantdb_CRA002977_1:CRX125602@@_TGTCCCACAATGAAAC-1	Arabidopsis thaliana	leaf	Mesophyll	Mesophyll	True	7.1618676	13.3613405
scplantdb_CRA002977_1:CRX125602@@_TGTGGTAAGTAAGTAC-1	Arabidopsis thaliana	leaf	Companion cell	Mesophyll	True	8.19045	8.955722
scplantdb_CRA002977_1:CRX125602@@_TGTGTTTTCACCCGAG-1	Arabidopsis thaliana	leaf	Mesophyll	Mesophyll	True	7.826036	13.0995245
scplantdb_CRA002977_1:CRX125602@@_TGTTCCGTCCGAATGT-1	Arabidopsis thaliana	leaf	Xylem	Mesophyll	True	7.816279	11.052812
scplantdb_CRA002977_1:CRX125602@@_TTAGGCATCCACGTGG-1	Arabidopsis thaliana	leaf	Mesophyll	Mesophyll	True	8.043464	12.991505
scplantdb_CRA002977_1:CRX125602@@_TTAGGCATCCTTAATC-1	Arabidopsis thaliana	leaf	Mesophyll	Mesophyll	True	7.9455566	11.95073
scplantdb_CRA002977_1:CRX125602@@_TTCGAAGCACTAGTAC-1	Arabidopsis thaliana	leaf	Mesophyll	Mesophyll	True	8.408397	12.240196
scplantdb_CRA002977_1:CRX125602@@_TTCTCCTTCGCTTGTC-1	Arabidopsis thaliana	leaf	Leaf guard cell	Mesophyll	True	8.100872	6.7175446
scplantdb_CRA002977_1:CRX125602@@_TTCTTAGAGTACGTTC-1	Arabidopsis thaliana	leaf	Mesophyll	Mesophyll	True	7.1846685	13.214619
scplantdb_CRA002977_1:CRX125602@@_TTCTTAGTCTGTCTCG-1	Arabidopsis thaliana	leaf	Mesophyll	Mesophyll	True	8.054267	12.200617
scplantdb_CRA002977_1:CRX125602@@_TTGCCGTTCTCTAGGA-1	Arabidopsis thaliana	leaf	Mesophyll	Mesophyll	True	8.313334	12.598415
scplantdb_CRA002977_1:CRX125602@@_TTGGAACTCTATCCCG-1	Arabidopsis thaliana	leaf	Leaf guard cell	Mesophyll	True	8.781882	11.165417
scplantdb_CRA002977_1:CRX125602@@_TTTACTGCATGGATGG-1	Arabidopsis thaliana	leaf	Mesophyll	Mesophyll	True	7.275839	13.250782
scplantdb_CRA002977_1:CRX125602@@_TTTGTCAAGCTAACAA-1	Arabidopsis thaliana	leaf	Leaf guard cell	Mesophyll	True	8.130293	6.6386337
scplantdb_CRA002977_2:CRX125603@@_AAAGCAAGTGAGGGTT-1	Arabidopsis thaliana	shoot_apex	Mesophyll	Mesophyll	True	14.034885	-2.1089952
scplantdb_CRA002977_2:CRX125603@@_AAATGCCAGTGATCGG-1	Arabidopsis thaliana	shoot_apex	Mesophyll	Mesophyll	True	14.186357	-2.6170802
scplantdb_CRA002977_2:CRX125603@@_AACCATGTCCGCGTTT-1	Arabidopsis thaliana	shoot_apex	Shoot system epidermis	Mesophyll	False	14.32876	-6.4758935
scplantdb_CRA002977_2:CRX125603@@_AACCGCGAGACTTTCG-1	Arabidopsis thaliana	shoot_apex	Unknow	Mesophyll	True	12.556039	-2.5957036
scplantdb_CRA002977_2:CRX125603@@_AACCGCGAGCTCCCAG-1	Arabidopsis thaliana	shoot_apex	Vascular tissue	Mesophyll	True	15.396521	-4.7539463
scplantdb_CRA002977_2:CRX125603@@_AACTGGTTCTTCATGT-1	Arabidopsis thaliana	shoot_apex	Shoot apical meristem	Mesophyll	False	14.557651	-3.829439
scplantdb_CRA002977_2:CRX125603@@_AAGCCGCCACAAGCCC-1	Arabidopsis thaliana	shoot_apex	Shoot system epidermis	Mesophyll	False	14.205258	-6.2716923
scplantdb_CRA002977_2:CRX125603@@_AAGGAGCGTCCTCCAT-1	Arabidopsis thaliana	shoot_apex	Mesophyll	Mesophyll	True	14.369723	-2.9756505
scplantdb_CRA002977_2:CRX125603@@_AAGGTTCAGTGCGATG-1	Arabidopsis thaliana	shoot_apex	Shoot system epidermis	Mesophyll	False	13.511055	-4.138625
scplantdb_CRA002977_2:CRX125603@@_ACACCGGTCTCCGGTT-1	Arabidopsis thaliana	shoot_apex	Vascular tissue	Mesophyll	True	14.780808	-5.3896174
scplantdb_CRA002977_2:CRX125603@@_ACGATGTTCTACCAGA-1	Arabidopsis thaliana	shoot_apex	Vascular tissue	Mesophyll	True	15.589414	-4.799504
scplantdb_CRA002977_2:CRX125603@@_ACTGAGTAGTGTCTCA-1	Arabidopsis thaliana	shoot_apex	S phase	Mesophyll	False	13.2739	-4.239454
scplantdb_CRA002977_2:CRX125603@@_ACTGAGTCATCGGTTA-1	Arabidopsis thaliana	shoot_apex	Mesophyll	Mesophyll	True	14.189964	-2.6311803
scplantdb_CRA002977_2:CRX125603@@_ACTGTCCAGGTGCTAG-1	Arabidopsis thaliana	shoot_apex	G2/M phase	Mesophyll	False	14.189559	-2.460229
scplantdb_CRA002977_2:CRX125603@@_AGCTCCTGTCGACTAT-1	Arabidopsis thaliana	shoot_apex	Vascular tissue	Mesophyll	True	14.385809	-5.379301
scplantdb_CRA002977_2:CRX125603@@_AGGCCGTCATGACATC-1	Arabidopsis thaliana	shoot_apex	Vascular tissue	Mesophyll	True	14.810519	-5.2345953
scplantdb_CRA002977_2:CRX125603@@_AGGGTGAGTCATACTG-1	Arabidopsis thaliana	shoot_apex	Shoot system epidermis	Mesophyll	False	14.398602	-6.571792
scplantdb_CRA002977_2:CRX125603@@_ATCCGAATCAAACAAG-1	Arabidopsis thaliana	shoot_apex	Shoot system epidermis	Mesophyll	False	14.272932	-6.13705
scplantdb_CRA002977_2:CRX125603@@_ATTATCCCACAGATTC-1	Arabidopsis thaliana	shoot_apex	Mesophyll	Mesophyll	True	14.772934	-4.3540387
scplantdb_CRA002977_2:CRX125603@@_CAGAGAGGTTTGGGCC-1	Arabidopsis thaliana	shoot_apex	Mesophyll	Mesophyll	True	14.974167	-3.9876604
scplantdb_CRA002977_2:CRX125603@@_CAGCATACAGTCGATT-1	Arabidopsis thaliana	shoot_apex	Shoot apical meristem	Mesophyll	False	15.118293	-4.6327777
scplantdb_CRA002977_2:CRX125603@@_CAGTAACAGGTGATTA-1	Arabidopsis thaliana	shoot_apex	Shoot system epidermis	Mesophyll	False	14.225587	-6.1861873
scplantdb_CRA002977_2:CRX125603@@_CATGCCTAGGGTGTTG-1	Arabidopsis thaliana	shoot_apex	Unknow	Mesophyll	True	11.935651	-1.7449366
scplantdb_CRA002977_2:CRX125603@@_CATGGCGTCACTCTTA-1	Arabidopsis thaliana	shoot_apex	Vascular tissue	Mesophyll	True	14.938319	-4.327209
scplantdb_CRA002977_2:CRX125603@@_CATTCGCAGCTCCCAG-1	Arabidopsis thaliana	shoot_apex	Mesophyll	Mesophyll	True	14.026249	-2.2515934
scplantdb_CRA002977_2:CRX125603@@_CCACGGACACCAGATT-1	Arabidopsis thaliana	shoot_apex	Unknow	Mesophyll	True	11.794457	-1.8366717
scplantdb_CRA002977_2:CRX125603@@_CCATGTCAGTGGGCTA-1	Arabidopsis thaliana	shoot_apex	Mesophyll	Mesophyll	True	14.077126	-2.1606514
scplantdb_CRA002977_2:CRX125603@@_CCCAGTTCAATCACAC-1	Arabidopsis thaliana	shoot_apex	G2/M phase	Mesophyll	False	13.478708	-4.138403
scplantdb_CRA002977_2:CRX125603@@_CCTCTGAGTGGCCCTA-1	Arabidopsis thaliana	shoot_apex	G2/M phase	Mesophyll	False	14.016644	-3.2731817
scplantdb_CRA002977_2:CRX125603@@_CGAACATTCACTCCTG-1	Arabidopsis thaliana	shoot_apex	G2/M phase	Mesophyll	False	13.526526	-2.9914014
scplantdb_CRA002977_2:CRX125603@@_CGACCTTGTCCATGAT-1	Arabidopsis thaliana	shoot_apex	Mesophyll	Mesophyll	True	14.221881	-2.276024
scplantdb_CRA002977_2:CRX125603@@_CGCGTTTCAAAGGAAG-1	Arabidopsis thaliana	shoot_apex	Mesophyll	Mesophyll	True	14.036543	-2.2068887
scplantdb_CRA002977_2:CRX125603@@_CGCGTTTTCGGAAATA-1	Arabidopsis thaliana	shoot_apex	Vascular tissue	Mesophyll	True	14.337453	-5.877732
scplantdb_CRA002977_2:CRX125603@@_CGCTATCGTTGAGTTC-1	Arabidopsis thaliana	shoot_apex	Mesophyll	Mesophyll	True	14.346082	-3.9881272
scplantdb_CRA002977_2:CRX125603@@_CGGACTGCAATGTAAG-1	Arabidopsis thaliana	shoot_apex	Mesophyll	Mesophyll	True	13.714574	-2.2700884
scplantdb_CRA002977_2:CRX125603@@_CGGCTAGAGCAAATCA-1	Arabidopsis thaliana	shoot_apex	Vascular tissue	Mesophyll	True	15.499277	-4.5712957
scplantdb_CRA002977_2:CRX125603@@_CGTCTACCAAATTGCC-1	Arabidopsis thaliana	shoot_apex	Shoot system epidermis	Mesophyll	False	14.372788	-6.567459
scplantdb_CRA002977_2:CRX125603@@_CGTTGGGTCATGCTCC-1	Arabidopsis thaliana	shoot_apex	Shoot system epidermis	Mesophyll	False	14.323094	-6.5803995
scplantdb_CRA002977_2:CRX125603@@_CTAGTGACACATGACT-1	Arabidopsis thaliana	shoot_apex	Mesophyll	Mesophyll	True	14.018315	-3.4176786
scplantdb_CRA002977_2:CRX125603@@_CTCGAGGCACGGCTAC-1	Arabidopsis thaliana	shoot_apex	Mesophyll	Mesophyll	True	14.293788	-2.5727487
scplantdb_CRA002977_2:CRX125603@@_CTTAGGAGTAATAGCA-1	Arabidopsis thaliana	shoot_apex	Shoot system epidermis	Mesophyll	False	14.305141	-6.0334215
scplantdb_CRA002977_2:CRX125603@@_GAAACTCAGCTAAACA-1	Arabidopsis thaliana	shoot_apex	Mesophyll	Mesophyll	True	15.36589	-4.2519293
scplantdb_CRA002977_2:CRX125603@@_GAAATGAAGAAACCTA-1	Arabidopsis thaliana	shoot_apex	Vascular tissue	Mesophyll	True	14.651842	-3.9596665
scplantdb_CRA002977_2:CRX125603@@_GAAGCAGAGCAGACTG-1	Arabidopsis thaliana	shoot_apex	Companion cell	Mesophyll	True	8.221332	8.93886
scplantdb_CRA002977_2:CRX125603@@_GAATAAGCAGTCCTTC-1	Arabidopsis thaliana	shoot_apex	G2/M phase	Mesophyll	False	13.590284	-3.7371843
scplantdb_CRA002977_2:CRX125603@@_GACCAATTCTATCCTA-1	Arabidopsis thaliana	shoot_apex	Shoot system epidermis	Mesophyll	False	14.379769	-6.3868065
scplantdb_CRA002977_2:CRX125603@@_GACGCGTTCTACTATC-1	Arabidopsis thaliana	shoot_apex	Mesophyll	Mesophyll	True	14.253687	-2.339429
scplantdb_CRA002977_2:CRX125603@@_GAGCAGAGTGTGTGCC-1	Arabidopsis thaliana	shoot_apex	Mesophyll	Mesophyll	True	14.291946	-2.577951
scplantdb_CRA002977_2:CRX125603@@_GATGCTAAGCCACGCT-1	Arabidopsis thaliana	shoot_apex	S phase	Mesophyll	False	13.530579	-4.018904
scplantdb_CRA002977_2:CRX125603@@_GATTCAGGTATTCGTG-1	Arabidopsis thaliana	shoot_apex	S phase	Mesophyll	False	13.371709	-4.2037272
scplantdb_CRA002977_2:CRX125603@@_GCATGATCATGAACCT-1	Arabidopsis thaliana	shoot_apex	Shoot system epidermis	Mesophyll	False	14.323819	-5.8926296
scplantdb_CRA002977_2:CRX125603@@_GCTCCTATCCTCAATT-1	Arabidopsis thaliana	shoot_apex	Mesophyll	Mesophyll	True	13.495622	-3.2392006
scplantdb_CRA002977_2:CRX125603@@_GCTGCTTAGAAGGCCT-1	Arabidopsis thaliana	shoot_apex	Mesophyll	Mesophyll	True	14.077213	-2.0867686
scplantdb_CRA002977_2:CRX125603@@_GCTGGGTTCGACGGAA-1	Arabidopsis thaliana	shoot_apex	Shoot apical meristem	Mesophyll	False	15.174486	-4.0981307
scplantdb_CRA002977_2:CRX125603@@_GGACAGAGTATTCTCT-1	Arabidopsis thaliana	shoot_apex	Shoot system epidermis	Mesophyll	False	14.433784	-6.218231
scplantdb_CRA002977_2:CRX125603@@_GGATGTTCATCCTTGC-1	Arabidopsis thaliana	shoot_apex	G2/M phase	Mesophyll	False	13.350188	-3.147574
scplantdb_CRA002977_2:CRX125603@@_GGCTCGATCCCTCAGT-1	Arabidopsis thaliana	shoot_apex	Mesophyll	Mesophyll	True	14.227886	-2.1875677
scplantdb_CRA002977_2:CRX125603@@_GGGTTGCGTGCTTCTC-1	Arabidopsis thaliana	shoot_apex	Shoot apical meristem	Mesophyll	False	15.07596	-4.028327
scplantdb_CRA002977_2:CRX125603@@_GGTATTGCAACGATGG-1	Arabidopsis thaliana	shoot_apex	Mesophyll	Mesophyll	True	14.1635895	-2.0770802
scplantdb_CRA002977_2:CRX125603@@_GGTGAAGAGCGGCTTC-1	Arabidopsis thaliana	shoot_apex	Shoot system epidermis	Mesophyll	False	14.242339	-6.369277
scplantdb_CRA002977_2:CRX125603@@_GTAGGCCTCAAGAAGT-1	Arabidopsis thaliana	shoot_apex	Companion cell	Mesophyll	True	8.215904	8.920473
scplantdb_CRA002977_2:CRX125603@@_GTCACGGGTGTCCTCT-1	Arabidopsis thaliana	shoot_apex	Mesophyll	Mesophyll	True	14.034676	-3.9883535
scplantdb_CRA002977_2:CRX125603@@_GTCTTCGTCCACGTTC-1	Arabidopsis thaliana	shoot_apex	S phase	Mesophyll	False	13.272115	-4.2834234
scplantdb_CRA002977_2:CRX125603@@_GTGGGTCGTACGAAAT-1	Arabidopsis thaliana	shoot_apex	Mesophyll	Mesophyll	True	14.297369	-3.0804644
scplantdb_CRA002977_2:CRX125603@@_GTGGGTCGTTTGTGTG-1	Arabidopsis thaliana	shoot_apex	Vascular tissue	Mesophyll	True	15.704535	-4.725233
scplantdb_CRA002977_2:CRX125603@@_GTGTTAGCACCCATGG-1	Arabidopsis thaliana	shoot_apex	Mesophyll	Mesophyll	True	14.295974	-2.4234645
scplantdb_CRA002977_2:CRX125603@@_TACCTATTCACCACCT-1	Arabidopsis thaliana	shoot_apex	Mesophyll	Mesophyll	True	14.255524	-2.5004475
scplantdb_CRA002977_2:CRX125603@@_TACTCATAGCGACGTA-1	Arabidopsis thaliana	shoot_apex	G2/M phase	Mesophyll	False	14.172962	-2.5106673
scplantdb_CRA002977_2:CRX125603@@_TAGACCACAGCTTCGG-1	Arabidopsis thaliana	shoot_apex	Mesophyll	Mesophyll	True	14.1908865	-2.4275448
scplantdb_CRA002977_2:CRX125603@@_TAGTGGTGTCGACTGC-1	Arabidopsis thaliana	shoot_apex	G2/M phase	Mesophyll	False	13.409171	-3.1378736
scplantdb_CRA002977_2:CRX125603@@_TATGCCCTCACTTATC-1	Arabidopsis thaliana	shoot_apex	S phase	Mesophyll	False	13.357671	-4.1615124
scplantdb_CRA002977_2:CRX125603@@_TATTACCCAGACGTAG-1	Arabidopsis thaliana	shoot_apex	Vascular tissue	Mesophyll	True	15.362875	-4.5639386
scplantdb_CRA002977_2:CRX125603@@_TCAGCTCAGCTTTGGT-1	Arabidopsis thaliana	shoot_apex	Mesophyll	Mesophyll	True	14.338074	-2.9811218
scplantdb_CRA002977_2:CRX125603@@_TCAGGTATCCGCATAA-1	Arabidopsis thaliana	shoot_apex	Vascular tissue	Mesophyll	True	15.637502	-4.7873826
scplantdb_CRA002977_2:CRX125603@@_TCGGGACCACGTCTCT-1	Arabidopsis thaliana	shoot_apex	Vascular tissue	Mesophyll	True	14.43845	-5.1582727
scplantdb_CRA002977_2:CRX125603@@_TCGTAGAAGGCTAGAC-1	Arabidopsis thaliana	shoot_apex	Unknow	Mesophyll	True	13.888356	-2.0431278
scplantdb_CRA002977_2:CRX125603@@_TCTCTAACAAGGTTTC-1	Arabidopsis thaliana	shoot_apex	Vascular tissue	Mesophyll	True	14.502714	-5.436849
scplantdb_CRA002977_2:CRX125603@@_TGAGAGGGTATGGTTC-1	Arabidopsis thaliana	shoot_apex	Mesophyll	Mesophyll	True	14.140773	-2.3036826
scplantdb_CRA002977_2:CRX125603@@_TGCGCAGCATAGGATA-1	Arabidopsis thaliana	shoot_apex	Shoot system epidermis	Mesophyll	False	14.416883	-5.7037287
scplantdb_CRA002977_2:CRX125603@@_TGCTACCGTACGCTGC-1	Arabidopsis thaliana	shoot_apex	Mesophyll	Mesophyll	True	13.541735	-3.3563678
scplantdb_CRA002977_2:CRX125603@@_TGGACGCCAATGCCAT-1	Arabidopsis thaliana	shoot_apex	Shoot system epidermis	Mesophyll	False	14.226929	-6.38839
scplantdb_CRA002977_2:CRX125603@@_TGGCCAGCACAGGAGT-1	Arabidopsis thaliana	shoot_apex	Mesophyll	Mesophyll	True	14.4845915	-4.2985406
scplantdb_CRA002977_2:CRX125603@@_TGGCTGGGTGTCAATC-1	Arabidopsis thaliana	shoot_apex	Shoot apical meristem	Mesophyll	False	14.094914	-3.7728963
scplantdb_CRA002977_2:CRX125603@@_TTAGTTCTCTAACTCT-1	Arabidopsis thaliana	shoot_apex	G2/M phase	Mesophyll	False	13.435636	-3.458863
scplantdb_CRA002977_2:CRX125603@@_TTATGCTTCAGCTCGG-1	Arabidopsis thaliana	shoot_apex	Shoot system epidermis	Mesophyll	False	14.400577	-5.5215573
scplantdb_CRA002977_2:CRX125603@@_TTATGCTTCGGTCCGA-1	Arabidopsis thaliana	shoot_apex	Shoot system epidermis	Mesophyll	False	14.379693	-6.34746
scplantdb_CRA002977_2:CRX125603@@_TTGAACGAGATATGCA-1	Arabidopsis thaliana	shoot_apex	Mesophyll	Mesophyll	True	14.187743	-2.2018836
scplantdb_CRA002977_2:CRX125603@@_TTTATGCGTGAAAGAG-1	Arabidopsis thaliana	shoot_apex	Vascular tissue	Mesophyll	True	14.609749	-4.281641
scplantdb_CRA002977_2:CRX125603@@_TTTCCTCAGAAACCTA-1	Arabidopsis thaliana	shoot_apex	G2/M phase	Mesophyll	False	14.025157	-2.712415
scplantdb_CRA002977_2:CRX125603@@_TTTCCTCCAGCCTATA-1	Arabidopsis thaliana	shoot_apex	Mesophyll	Mesophyll	True	14.177145	-2.4682324
scplantdb_CRA002977_2:CRX125603@@_TTTCCTCTCTGTCTCG-1	Arabidopsis thaliana	shoot_apex	Shoot apical meristem	Mesophyll	False	15.254257	-4.3018947
scplantdb_CRA002977_2:CRX125603@@_TTTGTCAAGCTGAACG-1	Arabidopsis thaliana	shoot_apex	Shoot apical meristem	Mesophyll	False	14.584655	-4.031118
scplantdb_CRA002977_2:CRX125604@@_AACCATGAGACCTTTG-1	Arabidopsis thaliana	shoot_apex	S phase	Mesophyll	False	14.013525	-4.0656624
scplantdb_CRA002977_2:CRX125604@@_AACGTTGCAGGTGCCT-1	Arabidopsis thaliana	shoot_apex	Mesophyll	Mesophyll	True	14.273022	-2.8964636
scplantdb_CRA002977_2:CRX125604@@_AACTTTCCAGTAACGG-1	Arabidopsis thaliana	shoot_apex	Vascular tissue	Mesophyll	True	14.993183	-4.476796
scplantdb_CRA002977_2:CRX125604@@_ACCAGTACAGACGTAG-1	Arabidopsis thaliana	shoot_apex	Shoot system epidermis	Mesophyll	False	14.254993	-6.0574183
scplantdb_CRA002977_2:CRX125604@@_ACGAGGATCATCTGCC-1	Arabidopsis thaliana	shoot_apex	S phase	Mesophyll	False	14.34189	-5.995061
scplantdb_CRA002977_2:CRX125604@@_ACGCAGCGTGTCTGAT-1	Arabidopsis thaliana	shoot_apex	Mesophyll	Mesophyll	True	14.818596	-3.933021
scplantdb_CRA002977_2:CRX125604@@_ACTGAACGTTGCGTTA-1	Arabidopsis thaliana	shoot_apex	Mesophyll	Mesophyll	True	14.064657	-2.1437447
scplantdb_CRA002977_2:CRX125604@@_ACTGTCCGTTAAAGAC-1	Arabidopsis thaliana	shoot_apex	Shoot system epidermis	Mesophyll	False	14.384883	-6.5769267
scplantdb_CRA002977_2:CRX125604@@_AGAGCGAGTGATGATA-1	Arabidopsis thaliana	shoot_apex	S phase	Mesophyll	False	13.567692	-3.9111872
scplantdb_CRA002977_2:CRX125604@@_AGCGTATTCCAAACTG-1	Arabidopsis thaliana	shoot_apex	Mesophyll	Mesophyll	True	14.31109	-2.7737596
scplantdb_CRA002977_2:CRX125604@@_AGGGATGCATAGTAAG-1	Arabidopsis thaliana	shoot_apex	S phase	Mesophyll	False	13.319856	-4.2166796
scplantdb_CRA002977_2:CRX125604@@_AGTCTTTAGTCCGGTC-1	Arabidopsis thaliana	shoot_apex	Shoot system epidermis	Mesophyll	False	14.274061	-5.954743
scplantdb_CRA002977_2:CRX125604@@_AGTGGGACAGGACCCT-1	Arabidopsis thaliana	shoot_apex	Mesophyll	Mesophyll	True	14.163547	-2.1606455
scplantdb_CRA002977_2:CRX125604@@_ATCTGCCAGAGCTGGT-1	Arabidopsis thaliana	shoot_apex	Mesophyll	Mesophyll	True	14.599244	-3.7995944
scplantdb_CRA002977_2:CRX125604@@_CAACTAGGTCACCCAG-1	Arabidopsis thaliana	shoot_apex	Vascular tissue	Mesophyll	True	15.132543	-4.8455124
scplantdb_CRA002977_2:CRX125604@@_CAAGAAAAGTGTCCCG-1	Arabidopsis thaliana	shoot_apex	Mesophyll	Mesophyll	True	14.38663	-2.9112275
scplantdb_CRA002977_2:CRX125604@@_CACATAGCAAGCGAGT-1	Arabidopsis thaliana	shoot_apex	Mesophyll	Mesophyll	True	14.666123	-3.894554
scplantdb_CRA002977_2:CRX125604@@_CACATAGCACCGAATT-1	Arabidopsis thaliana	shoot_apex	G2/M phase	Mesophyll	False	13.307209	-3.1454542
scplantdb_CRA002977_2:CRX125604@@_CAGCTGGCATTCACTT-1	Arabidopsis thaliana	shoot_apex	Mesophyll	Mesophyll	True	14.081377	-2.8939373
scplantdb_CRA002977_2:CRX125604@@_CAGGTGCGTAGAGTGC-1	Arabidopsis thaliana	shoot_apex	Vascular tissue	Mesophyll	True	14.552759	-4.706816
scplantdb_CRA002977_2:CRX125604@@_CAGTCCTTCAAACAAG-1	Arabidopsis thaliana	shoot_apex	Mesophyll	Mesophyll	True	14.256222	-2.4285066
scplantdb_CRA002977_2:CRX125604@@_CATCAAGAGTGGTCCC-1	Arabidopsis thaliana	shoot_apex	Mesophyll	Mesophyll	True	14.043364	-2.1476402
scplantdb_CRA002977_2:CRX125604@@_CATCGGGGTTGTTTGG-1	Arabidopsis thaliana	shoot_apex	S phase	Mesophyll	False	13.292353	-4.232764
scplantdb_CRA002977_2:CRX125604@@_CATTCGCGTGGGTATG-1	Arabidopsis thaliana	shoot_apex	Mesophyll	Mesophyll	True	14.248402	-2.6961758
scplantdb_CRA002977_2:CRX125604@@_CCATTCGAGTGTGAAT-1	Arabidopsis thaliana	shoot_apex	S phase	Mesophyll	False	13.424047	-4.2059216
scplantdb_CRA002977_2:CRX125604@@_CCATTCGCAGCCTTTC-1	Arabidopsis thaliana	shoot_apex	Mesophyll	Mesophyll	True	14.736354	-3.8888998
scplantdb_CRA002977_2:CRX125604@@_CCCTCCTGTACGACCC-1	Arabidopsis thaliana	shoot_apex	Shoot system epidermis	Mesophyll	False	14.348703	-6.214593
scplantdb_CRA002977_2:CRX125604@@_CGAATGTAGGTCGGAT-1	Arabidopsis thaliana	shoot_apex	S phase	Mesophyll	False	13.538601	-4.0994425
scplantdb_CRA002977_2:CRX125604@@_CGATGGCTCCAGATCA-1	Arabidopsis thaliana	shoot_apex	Mesophyll	Mesophyll	True	14.152672	-2.5633318
scplantdb_CRA002977_2:CRX125604@@_CGCTGGATCGTACCGG-1	Arabidopsis thaliana	shoot_apex	Vascular tissue	Mesophyll	True	15.071143	-5.0645895
scplantdb_CRA002977_2:CRX125604@@_CGCTTCACAAGTACCT-1	Arabidopsis thaliana	shoot_apex	S phase	Mesophyll	False	13.424642	-4.17144
scplantdb_CRA002977_2:CRX125604@@_CTAGCCTAGTGGACGT-1	Arabidopsis thaliana	shoot_apex	S phase	Mesophyll	False	13.328424	-4.291288
scplantdb_CRA002977_2:CRX125604@@_CTCACACAGTCGAGTG-1	Arabidopsis thaliana	shoot_apex	Shoot system epidermis	Mesophyll	False	14.50341	-5.417162
scplantdb_CRA002977_2:CRX125604@@_CTCGTACCACATGACT-1	Arabidopsis thaliana	shoot_apex	Mesophyll	Mesophyll	True	14.167414	-2.3273787
scplantdb_CRA002977_2:CRX125604@@_CTCTACGGTTAGGGTG-1	Arabidopsis thaliana	shoot_apex	Mesophyll	Mesophyll	True	14.186675	-2.1702225
scplantdb_CRA002977_2:CRX125604@@_CTGATAGCAGCTGCAC-1	Arabidopsis thaliana	shoot_apex	G2/M phase	Mesophyll	False	13.407506	-3.1819055
scplantdb_CRA002977_2:CRX125604@@_CTGCGGAGTCGTTGTA-1	Arabidopsis thaliana	shoot_apex	Shoot apical meristem	Mesophyll	False	14.45663	-3.9297912
scplantdb_CRA002977_2:CRX125604@@_CTGCTGTAGGGCACTA-1	Arabidopsis thaliana	shoot_apex	Vascular tissue	Mesophyll	True	14.994657	-4.6398168
scplantdb_CRA002977_2:CRX125604@@_CTTACCGCAAGACGTG-1	Arabidopsis thaliana	shoot_apex	S phase	Mesophyll	False	13.393824	-4.1265073
scplantdb_CRA002977_2:CRX125604@@_CTTAGGATCACAATGC-1	Arabidopsis thaliana	shoot_apex	G2/M phase	Mesophyll	False	13.552075	-3.034393
scplantdb_CRA002977_2:CRX125604@@_GAAGCAGGTCTGCAAT-1	Arabidopsis thaliana	shoot_apex	Shoot system epidermis	Mesophyll	False	14.343837	-6.333628
scplantdb_CRA002977_2:CRX125604@@_GACACGCAGTGTCCAT-1	Arabidopsis thaliana	shoot_apex	Mesophyll	Mesophyll	True	13.979612	-3.7337523
scplantdb_CRA002977_2:CRX125604@@_GACGCGTCAGTATCTG-1	Arabidopsis thaliana	shoot_apex	Shoot system epidermis	Mesophyll	False	14.251537	-6.427834
scplantdb_CRA002977_2:CRX125604@@_GAGGTGAAGCTGCGAA-1	Arabidopsis thaliana	shoot_apex	Shoot apical meristem	Mesophyll	False	14.142487	-3.1939218
scplantdb_CRA002977_2:CRX125604@@_GATGAAATCCACGAAT-1	Arabidopsis thaliana	shoot_apex	Guard cell	Mesophyll	False	14.747297	-5.2646008
scplantdb_CRA002977_2:CRX125604@@_GATGAGGTCAGCGACC-1	Arabidopsis thaliana	shoot_apex	Mesophyll	Mesophyll	True	13.861672	-2.3998828
scplantdb_CRA002977_2:CRX125604@@_GATGCTATCGTAGATC-1	Arabidopsis thaliana	shoot_apex	Shoot apical meristem	Mesophyll	False	13.658655	-4.010209
scplantdb_CRA002977_2:CRX125604@@_GCACTCTGTGGCTCCA-1	Arabidopsis thaliana	shoot_apex	Shoot system epidermis	Mesophyll	False	14.339047	-6.3825307
scplantdb_CRA002977_2:CRX125604@@_GCGCCAAAGCGATTCT-1	Arabidopsis thaliana	shoot_apex	Mesophyll	Mesophyll	True	14.197078	-4.005614
scplantdb_CRA002977_2:CRX125604@@_GGAAAGCCACTGCCAG-1	Arabidopsis thaliana	shoot_apex	Shoot system epidermis	Mesophyll	False	14.330821	-5.28415
scplantdb_CRA002977_2:CRX125604@@_GGACAGACACGGCTAC-1	Arabidopsis thaliana	shoot_apex	Vascular tissue	Mesophyll	True	14.987522	-4.8440585
scplantdb_CRA002977_2:CRX125604@@_GGGCACTTCTGGTGTA-1	Arabidopsis thaliana	shoot_apex	Vascular tissue	Mesophyll	True	14.699338	-5.327548
scplantdb_CRA002977_2:CRX125604@@_GGGCATCGTGTTGAGG-1	Arabidopsis thaliana	shoot_apex	Shoot system epidermis	Mesophyll	False	14.411546	-5.836771
scplantdb_CRA002977_2:CRX125604@@_GGTATTGAGCGATCCC-1	Arabidopsis thaliana	shoot_apex	Shoot system epidermis	Mesophyll	False	14.352201	-5.9754353
scplantdb_CRA002977_2:CRX125604@@_GTACTTTCACCACCAG-1	Arabidopsis thaliana	shoot_apex	Shoot system epidermis	Mesophyll	False	14.344191	-6.559344
scplantdb_CRA002977_2:CRX125604@@_GTAGGCCAGCAGCCTC-1	Arabidopsis thaliana	shoot_apex	Mesophyll	Mesophyll	True	14.315243	-2.7217848
scplantdb_CRA002977_2:CRX125604@@_GTATTCTAGAGATGAG-1	Arabidopsis thaliana	shoot_apex	Mesophyll	Mesophyll	True	14.019764	-2.1724923
scplantdb_CRA002977_2:CRX125604@@_GTCACAATCTCTAAGG-1	Arabidopsis thaliana	shoot_apex	Shoot system epidermis	Mesophyll	False	14.3747015	-6.4210544
scplantdb_CRA002977_2:CRX125604@@_GTGAAGGTCCAGATCA-1	Arabidopsis thaliana	shoot_apex	S phase	Mesophyll	False	13.324962	-4.2072406
scplantdb_CRA002977_2:CRX125604@@_GTGCGGTGTTAGTGGG-1	Arabidopsis thaliana	shoot_apex	Shoot system epidermis	Mesophyll	False	14.335571	-6.439457
scplantdb_CRA002977_2:CRX125604@@_GTTACAGGTAGCCTAT-1	Arabidopsis thaliana	shoot_apex	Unknow	Mesophyll	True	13.481487	-3.2578635
scplantdb_CRA002977_2:CRX125604@@_TACGGTAGTCTTCTCG-1	Arabidopsis thaliana	shoot_apex	Mesophyll	Mesophyll	True	14.046388	-3.6404145
scplantdb_CRA002977_2:CRX125604@@_TACTCGCGTAGCGTAG-1	Arabidopsis thaliana	shoot_apex	Mesophyll	Mesophyll	True	14.10555	-2.3141282
scplantdb_CRA002977_2:CRX125604@@_TAGTGGTAGTTTGCGT-1	Arabidopsis thaliana	shoot_apex	Shoot apical meristem	Mesophyll	False	15.245399	-4.1672783
scplantdb_CRA002977_2:CRX125604@@_TCAATCTAGTCGCCGT-1	Arabidopsis thaliana	shoot_apex	Mesophyll	Mesophyll	True	14.136093	-2.0209448
scplantdb_CRA002977_2:CRX125604@@_TCAGGATGTACAGACG-1	Arabidopsis thaliana	shoot_apex	Mesophyll	Mesophyll	True	14.302228	-4.2441006
scplantdb_CRA002977_2:CRX125604@@_TCAGGATGTGCCTTGG-1	Arabidopsis thaliana	shoot_apex	Vascular tissue	Mesophyll	True	15.165084	-4.4324646
scplantdb_CRA002977_2:CRX125604@@_TCAGGATTCCAGAAGG-1	Arabidopsis thaliana	shoot_apex	Mesophyll	Mesophyll	True	14.870391	-3.9602613
scplantdb_CRA002977_2:CRX125604@@_TCAGGTACAATGACCT-1	Arabidopsis thaliana	shoot_apex	Vascular tissue	Mesophyll	True	15.601729	-4.7809935
scplantdb_CRA002977_2:CRX125604@@_TCAGGTACACATCCGG-1	Arabidopsis thaliana	shoot_apex	Mesophyll	Mesophyll	True	14.366982	-2.816296
scplantdb_CRA002977_2:CRX125604@@_TCAGGTACATCCGGGT-1	Arabidopsis thaliana	shoot_apex	S phase	Mesophyll	False	13.463516	-4.1697392
scplantdb_CRA002977_2:CRX125604@@_TCGGTAAAGGAGTCTG-1	Arabidopsis thaliana	shoot_apex	Shoot system epidermis	Mesophyll	False	14.311405	-6.3843517
scplantdb_CRA002977_2:CRX125604@@_TCTATTGCAAGTAATG-1	Arabidopsis thaliana	shoot_apex	Mesophyll	Mesophyll	True	14.213594	-2.161032
scplantdb_CRA002977_2:CRX125604@@_TCTCTAAGTCATTAGC-1	Arabidopsis thaliana	shoot_apex	Vascular tissue	Mesophyll	True	15.564752	-4.7720313
scplantdb_CRA002977_2:CRX125604@@_TCTTCGGCAGTCGTGC-1	Arabidopsis thaliana	shoot_apex	G2/M phase	Mesophyll	False	13.594359	-3.2207837
scplantdb_CRA002977_2:CRX125604@@_TGATTTCAGAACAACT-1	Arabidopsis thaliana	shoot_apex	G2/M phase	Mesophyll	False	13.437594	-3.077776
scplantdb_CRA002977_2:CRX125604@@_TGATTTCTCTTATCTG-1	Arabidopsis thaliana	shoot_apex	Shoot apical meristem	Mesophyll	False	15.231268	-4.2022023
scplantdb_CRA002977_2:CRX125604@@_TTAGGACTCTCTGCTG-1	Arabidopsis thaliana	shoot_apex	Mesophyll	Mesophyll	True	13.803777	-3.5989578
scplantdb_CRA002977_2:CRX125604@@_TTCCCAGCATGACGGA-1	Arabidopsis thaliana	shoot_apex	Shoot system epidermis	Mesophyll	False	14.13695	-6.1572804
scplantdb_CRA002977_2:CRX125604@@_TTCTCCTCAATCGGTT-1	Arabidopsis thaliana	shoot_apex	Vascular tissue	Mesophyll	True	15.499376	-4.715727
scplantdb_CRA002977_2:CRX125604@@_TTGAACGTCTTGACGA-1	Arabidopsis thaliana	shoot_apex	Shoot system epidermis	Mesophyll	False	14.449434	-5.5337334
scplantdb_CRA002977_2:CRX125604@@_TTGCCGTAGAGCTGCA-1	Arabidopsis thaliana	shoot_apex	Shoot system epidermis	Mesophyll	False	14.18174	-6.2638903
scplantdb_CRA002977_2:CRX125604@@_TTGGCAAAGGTAGCTG-1	Arabidopsis thaliana	shoot_apex	Shoot apical meristem	Mesophyll	False	15.154703	-4.1962276
scplantdb_CRA002977_2:CRX125605@@_AAACCCACATCGAAGG-1	Arabidopsis thaliana	shoot_apex	G2/M phase	Mesophyll	False	14.0674515	-4.256238
scplantdb_CRA002977_2:CRX125605@@_AAACCCATCCGTGGCA-1	Arabidopsis thaliana	shoot_apex	Vascular tissue	Mesophyll	True	15.606295	-4.727929
scplantdb_CRA002977_2:CRX125605@@_AACAACCGTCCTACGG-1	Arabidopsis thaliana	shoot_apex	G2/M phase	Mesophyll	False	13.382666	-3.396649
scplantdb_CRA002977_2:CRX125605@@_AACCATGCATTCTTCA-1	Arabidopsis thaliana	shoot_apex	Shoot system epidermis	Mesophyll	False	14.499818	-5.898817
scplantdb_CRA002977_2:CRX125605@@_AACGTCAAGAGCCTGA-1	Arabidopsis thaliana	shoot_apex	Shoot system epidermis	Mesophyll	False	14.186853	-6.123847
scplantdb_CRA002977_2:CRX125605@@_ACATCGAAGACAAGCC-1	Arabidopsis thaliana	shoot_apex	G2/M phase	Mesophyll	False	13.371185	-3.3599815
scplantdb_CRA002977_2:CRX125605@@_ACGTTCCGTCAAACGG-1	Arabidopsis thaliana	shoot_apex	Mesophyll	Mesophyll	True	14.444895	-3.746242
scplantdb_CRA002977_2:CRX125605@@_ACTCTCGTCTTGGTGA-1	Arabidopsis thaliana	shoot_apex	Shoot apical meristem	Mesophyll	False	15.009366	-3.998433
scplantdb_CRA002977_2:CRX125605@@_ACTTAGGTCCTCTCTT-1	Arabidopsis thaliana	shoot_apex	S phase	Mesophyll	False	14.535942	-5.5476155
scplantdb_CRA002977_2:CRX125605@@_AGACAAAAGCGTTAGG-1	Arabidopsis thaliana	shoot_apex	Vascular tissue	Mesophyll	True	15.577749	-4.7281885
scplantdb_CRA002977_2:CRX125605@@_AGACCCGGTGAGATAT-1	Arabidopsis thaliana	shoot_apex	Vascular tissue	Mesophyll	True	15.499149	-4.560951
scplantdb_CRA002977_2:CRX125605@@_AGCGCTGAGGCTCAAG-1	Arabidopsis thaliana	shoot_apex	Vascular tissue	Mesophyll	True	15.328864	-4.3082314
scplantdb_CRA002977_2:CRX125605@@_AGGCCACCACTGTTCC-1	Arabidopsis thaliana	shoot_apex	G2/M phase	Mesophyll	False	13.28346	-3.2029557
scplantdb_CRA002977_2:CRX125605@@_AGTAACCAGCTTTCTT-1	Arabidopsis thaliana	shoot_apex	Shoot apical meristem	Mesophyll	False	14.816156	-3.8789215
scplantdb_CRA002977_2:CRX125605@@_AGTAGCTAGGAGACCT-1	Arabidopsis thaliana	shoot_apex	Unknow	Mesophyll	True	13.911512	-2.2353473
scplantdb_CRA002977_2:CRX125605@@_AGTCATGCAGCACGAA-1	Arabidopsis thaliana	shoot_apex	Vascular tissue	Mesophyll	True	14.996259	-4.379577
scplantdb_CRA002977_2:CRX125605@@_ATCACAGCAGGAATAT-1	Arabidopsis thaliana	shoot_apex	S phase	Mesophyll	False	14.062435	-4.0855446
scplantdb_CRA002977_2:CRX125605@@_ATCGTGATCGAGATGG-1	Arabidopsis thaliana	shoot_apex	Mesophyll	Mesophyll	True	14.246202	-2.3093095
scplantdb_CRA002977_2:CRX125605@@_ATTCCTAGTACCCGAC-1	Arabidopsis thaliana	shoot_apex	Shoot apical meristem	Mesophyll	False	14.4971075	-4.6919584
scplantdb_CRA002977_2:CRX125605@@_ATTTCACCAGGTCCGT-1	Arabidopsis thaliana	shoot_apex	Guard cell	Mesophyll	False	14.779733	-5.4204926
scplantdb_CRA002977_2:CRX125605@@_CAAAGAACACCCGTAG-1	Arabidopsis thaliana	shoot_apex	Mesophyll	Mesophyll	True	14.714293	-3.6647651
scplantdb_CRA002977_2:CRX125605@@_CAATACGGTGTAGCAG-1	Arabidopsis thaliana	shoot_apex	S phase	Mesophyll	False	13.731295	-4.1213164
scplantdb_CRA002977_2:CRX125605@@_CACAGGCGTGCTAGCC-1	Arabidopsis thaliana	shoot_apex	Vascular tissue	Mesophyll	True	14.6470995	-5.2591014
scplantdb_CRA002977_2:CRX125605@@_CACGAATTCTCGGGAC-1	Arabidopsis thaliana	shoot_apex	Shoot system epidermis	Mesophyll	False	14.301333	-6.0856442
scplantdb_CRA002977_2:CRX125605@@_CACTTCGCAGACACAG-1	Arabidopsis thaliana	shoot_apex	Shoot apical meristem	Mesophyll	False	14.930201	-3.961305
scplantdb_CRA002977_2:CRX125605@@_CAGGGCTCATGGAAGC-1	Arabidopsis thaliana	shoot_apex	S phase	Mesophyll	False	13.341824	-4.177806
scplantdb_CRA002977_2:CRX125605@@_CATACAGCATTGGCAT-1	Arabidopsis thaliana	shoot_apex	S phase	Mesophyll	False	13.540322	-4.0905185
scplantdb_CRA002977_2:CRX125605@@_CATGCCTCACAGTCGC-1	Arabidopsis thaliana	shoot_apex	S phase	Mesophyll	False	13.418438	-4.1050787
scplantdb_CRA002977_2:CRX125605@@_CATTGCCGTTGCCGCA-1	Arabidopsis thaliana	shoot_apex	Shoot apical meristem	Mesophyll	False	15.148919	-4.1194572
scplantdb_CRA002977_2:CRX125605@@_CCATAAGAGCAGCCCT-1	Arabidopsis thaliana	shoot_apex	G2/M phase	Mesophyll	False	13.309704	-3.2411652
scplantdb_CRA002977_2:CRX125605@@_CCCTAACGTCTACGAT-1	Arabidopsis thaliana	shoot_apex	Shoot system epidermis	Mesophyll	False	14.246167	-5.9845114
scplantdb_CRA002977_2:CRX125605@@_CCGCAAGCAAGAATAC-1	Arabidopsis thaliana	shoot_apex	G2/M phase	Mesophyll	False	14.118112	-5.81296
scplantdb_CRA002977_2:CRX125605@@_CCGCAAGTCGGCACTG-1	Arabidopsis thaliana	shoot_apex	Shoot system epidermis	Mesophyll	False	14.231604	-6.386585
scplantdb_CRA002977_2:CRX125605@@_CCTCAACGTCAGCTTA-1	Arabidopsis thaliana	shoot_apex	Shoot system epidermis	Mesophyll	False	14.409236	-5.760679
scplantdb_CRA002977_2:CRX125605@@_CGGACACGTAACATCC-1	Arabidopsis thaliana	shoot_apex	Vascular tissue	Mesophyll	True	15.473608	-4.3660755
scplantdb_CRA002977_2:CRX125605@@_CTACCCAAGCTGCCAC-1	Arabidopsis thaliana	shoot_apex	Vascular tissue	Mesophyll	True	15.655293	-4.842962
scplantdb_CRA002977_2:CRX125605@@_CTAGGTACAAACAGGC-1	Arabidopsis thaliana	shoot_apex	Shoot system epidermis	Mesophyll	False	14.233897	-6.1156807
scplantdb_CRA002977_2:CRX125605@@_CTCTCAGTCACAAGAA-1	Arabidopsis thaliana	shoot_apex	S phase	Mesophyll	False	14.103717	-4.0662723
scplantdb_CRA002977_2:CRX125605@@_CTGTATTGTAACACCT-1	Arabidopsis thaliana	shoot_apex	Shoot system epidermis	Mesophyll	False	14.249001	-6.5337577
scplantdb_CRA002977_2:CRX125605@@_GAAGCCCCAAACTCTG-1	Arabidopsis thaliana	shoot_apex	Guard cell	Mesophyll	False	14.699152	-5.2694225
scplantdb_CRA002977_2:CRX125605@@_GACTCTCTCCACTAGA-1	Arabidopsis thaliana	shoot_apex	S phase	Mesophyll	False	13.64578	-4.1439033
scplantdb_CRA002977_2:CRX125605@@_GAGCCTGGTCGTTTCC-1	Arabidopsis thaliana	shoot_apex	Shoot system epidermis	Mesophyll	False	14.36434	-6.1386223
scplantdb_CRA002977_2:CRX125605@@_GAGGCAACAGTCTACA-1	Arabidopsis thaliana	shoot_apex	Vascular tissue	Mesophyll	True	14.8756	-5.253041
scplantdb_CRA002977_2:CRX125605@@_GAGTGAGCAGCACGAA-1	Arabidopsis thaliana	shoot_apex	Mesophyll	Mesophyll	True	14.174982	-2.9830616
scplantdb_CRA002977_2:CRX125605@@_GATTCGATCGAACCTA-1	Arabidopsis thaliana	shoot_apex	G2/M phase	Mesophyll	False	13.336752	-3.2846625
scplantdb_CRA002977_2:CRX125605@@_GCACGTGGTGCCGAAA-1	Arabidopsis thaliana	shoot_apex	Vascular tissue	Mesophyll	True	15.270415	-4.24165
scplantdb_CRA002977_2:CRX125605@@_GCCTGTTTCGGTCGGT-1	Arabidopsis thaliana	shoot_apex	Guard cell	Mesophyll	False	14.76535	-5.3350377
scplantdb_CRA002977_2:CRX125605@@_GCGTTTCTCTGCACCT-1	Arabidopsis thaliana	shoot_apex	Shoot system epidermis	Mesophyll	False	14.295712	-6.489887
scplantdb_CRA002977_2:CRX125605@@_GCTGCAGCACAGTATC-1	Arabidopsis thaliana	shoot_apex	Vascular tissue	Mesophyll	True	14.875905	-4.4635262
scplantdb_CRA002977_2:CRX125605@@_GGCTGTGGTAGAATGT-1	Arabidopsis thaliana	shoot_apex	Guard cell	Mesophyll	False	14.760199	-5.353351
scplantdb_CRA002977_2:CRX125605@@_GGCTTGGTCAATGTCG-1	Arabidopsis thaliana	shoot_apex	Shoot apical meristem	Mesophyll	False	15.0601635	-4.053018
scplantdb_CRA002977_2:CRX125605@@_GGTGTCGAGCGAGTCA-1	Arabidopsis thaliana	shoot_apex	Vascular tissue	Mesophyll	True	15.083763	-4.2993345
scplantdb_CRA002977_2:CRX125605@@_GTAAGTCAGGTAGCAC-1	Arabidopsis thaliana	shoot_apex	Vascular tissue	Mesophyll	True	14.0052595	-4.11689
scplantdb_CRA002977_2:CRX125605@@_GTAGGAGAGAGTACCG-1	Arabidopsis thaliana	shoot_apex	Mesophyll	Mesophyll	True	14.526466	-3.8309898
scplantdb_CRA002977_2:CRX125605@@_GTGCAGCAGAGCCATG-1	Arabidopsis thaliana	shoot_apex	Shoot system epidermis	Mesophyll	False	14.280197	-6.3589773
scplantdb_CRA002977_2:CRX125605@@_GTGCGTGCATTCGATG-1	Arabidopsis thaliana	shoot_apex	Vascular tissue	Mesophyll	True	15.394326	-4.380326
scplantdb_CRA002977_2:CRX125605@@_GTGGGAATCGTCACCT-1	Arabidopsis thaliana	shoot_apex	Shoot system epidermis	Mesophyll	False	14.261308	-6.3904953
scplantdb_CRA002977_2:CRX125605@@_GTGTTCCTCTATCCAT-1	Arabidopsis thaliana	shoot_apex	Guard cell	Mesophyll	False	14.697916	-5.5120873
scplantdb_CRA002977_2:CRX125605@@_GTTAGACCACAATCTG-1	Arabidopsis thaliana	shoot_apex	Shoot system epidermis	Mesophyll	False	14.370859	-6.5713654
scplantdb_CRA002977_2:CRX125605@@_GTTATGGGTAGGTAGC-1	Arabidopsis thaliana	shoot_apex	Vascular tissue	Mesophyll	True	15.664121	-4.750731
scplantdb_CRA002977_2:CRX125605@@_TAAGTCGAGAGCGACT-1	Arabidopsis thaliana	shoot_apex	Vascular tissue	Mesophyll	True	13.691157	-3.4931479
scplantdb_CRA002977_2:CRX125605@@_TAATCTCTCTCACGAA-1	Arabidopsis thaliana	shoot_apex	Vascular tissue	Mesophyll	True	14.472159	-4.1494737
scplantdb_CRA002977_2:CRX125605@@_TAATTCCCACCCGTAG-1	Arabidopsis thaliana	shoot_apex	Vascular tissue	Mesophyll	True	15.41532	-4.372496
scplantdb_CRA002977_2:CRX125605@@_TACAGGTCACGCCAGT-1	Arabidopsis thaliana	shoot_apex	S phase	Mesophyll	False	13.335399	-4.1522827
scplantdb_CRA002977_2:CRX125605@@_TAGGTACAGGATGCGT-1	Arabidopsis thaliana	shoot_apex	Mesophyll	Mesophyll	True	14.218208	-4.014218
scplantdb_CRA002977_2:CRX125605@@_TCCGATCAGGACATCG-1	Arabidopsis thaliana	shoot_apex	Vascular tissue	Mesophyll	True	15.569479	-4.8006573
scplantdb_CRA002977_2:CRX125605@@_TCCTAATAGAGTGACC-1	Arabidopsis thaliana	shoot_apex	G2/M phase	Mesophyll	False	13.29877	-3.2551248
scplantdb_CRA002977_2:CRX125605@@_TCTAACTAGCCTATCA-1	Arabidopsis thaliana	shoot_apex	Vascular tissue	Mesophyll	True	15.262835	-4.506829
scplantdb_CRA002977_2:CRX125605@@_TCTCTGGAGATTGCGG-1	Arabidopsis thaliana	shoot_apex	Mesophyll	Mesophyll	True	14.737521	-3.924363
scplantdb_CRA002977_2:CRX125605@@_TGAACGTAGATAGTCA-1	Arabidopsis thaliana	shoot_apex	Mesophyll	Mesophyll	True	14.15	-2.2650511
scplantdb_CRA002977_2:CRX125605@@_TGAGGAGTCTCGGCTT-1	Arabidopsis thaliana	shoot_apex	G2/M phase	Mesophyll	False	13.859645	-2.6781754
scplantdb_CRA002977_2:CRX125605@@_TGCGACGGTTTCGTAG-1	Arabidopsis thaliana	shoot_apex	Vascular tissue	Mesophyll	True	15.055199	-4.5674243
scplantdb_CRA002977_2:CRX125605@@_TGCGGCAAGCCGAATG-1	Arabidopsis thaliana	shoot_apex	Mesophyll	Mesophyll	True	14.532959	-3.8821318
scplantdb_CRA002977_2:CRX125605@@_TGGGTTAAGCACCGTC-1	Arabidopsis thaliana	shoot_apex	S phase	Mesophyll	False	13.647724	-3.9631338
scplantdb_CRA002977_2:CRX125605@@_TGGTTAGTCACCCTGT-1	Arabidopsis thaliana	shoot_apex	Vascular tissue	Mesophyll	True	15.185076	-4.3351445
scplantdb_CRA002977_2:CRX125605@@_TTACCATAGAGAGCGG-1	Arabidopsis thaliana	shoot_apex	Shoot apical meristem	Mesophyll	False	14.8991995	-4.373979
scplantdb_CRA002977_2:CRX125605@@_TTCCACGGTCGCATGC-1	Arabidopsis thaliana	shoot_apex	Shoot system epidermis	Mesophyll	False	14.212591	-6.506251
scplantdb_CRA002977_2:CRX125605@@_TTGAACGGTAACCCTA-1	Arabidopsis thaliana	shoot_apex	Unknow	Mesophyll	True	13.072986	-3.1021605
scplantdb_CRA002977_2:CRX125605@@_TTGCTGCAGCCTAGGA-1	Arabidopsis thaliana	shoot_apex	Shoot apical meristem	Mesophyll	False	15.253618	-4.113218
scplantdb_CRA002977_2:CRX125605@@_TTGGGTATCTAGCCTC-1	Arabidopsis thaliana	shoot_apex	Vascular tissue	Mesophyll	True	15.213148	-4.691616
scplantdb_CRA002977_2:CRX125605@@_TTTCGATGTGATCGTT-1	Arabidopsis thaliana	shoot_apex	Mesophyll	Mesophyll	True	14.586265	-3.874242
scplantdb_CRA004848:CRX270106@@_AAACGCTAGGTTGGTG-1	Fragaria vesca	leaf	Unknow	Mesophyll	True	19.236395	19.493023
scplantdb_CRA004848:CRX270106@@_AAAGTCCTCTATCGTT-1	Fragaria vesca	leaf	Mesophyll	Mesophyll	True	19.41728	18.780144
scplantdb_CRA004848:CRX270106@@_AAATGGACACGTCTCT-1	Fragaria vesca	leaf	Mesophyll	Mesophyll	True	20.046848	19.340681
scplantdb_CRA004848:CRX270106@@_AACACACCAGACGATG-1	Fragaria vesca	leaf	Mesophyll	Mesophyll	True	19.328043	19.778185
scplantdb_CRA004848:CRX270106@@_AAGATAGGTCGTGCCA-1	Fragaria vesca	leaf	Mesophyll	Mesophyll	True	20.146492	19.50275
scplantdb_CRA004848:CRX270106@@_AAGTGAAAGCGGACAT-1	Fragaria vesca	leaf	Mesophyll	Mesophyll	True	19.174171	20.103256
scplantdb_CRA004848:CRX270106@@_ACCGTTCGTGGATCGA-1	Fragaria vesca	leaf	Hydathodes	Mesophyll	False	18.992357	19.179375
scplantdb_CRA004848:CRX270106@@_ACCTACCGTCGGCACT-1	Fragaria vesca	leaf	Mesophyll	Mesophyll	True	19.217447	19.409197
scplantdb_CRA004848:CRX270106@@_ACGCACGGTATCTCGA-1	Fragaria vesca	leaf	Hydathodes	Mesophyll	False	18.035618	19.324257
scplantdb_CRA004848:CRX270106@@_ACGGTTAAGCAAACAT-1	Fragaria vesca	leaf	Mesophyll	Mesophyll	True	19.186548	19.449764
scplantdb_CRA004848:CRX270106@@_ACGTCCTCATTATGCG-1	Fragaria vesca	leaf	Xylem	Mesophyll	True	18.181528	18.266226
scplantdb_CRA004848:CRX270106@@_ACTGCAACAATCGCAT-1	Fragaria vesca	leaf	Xylem parenchyma	Mesophyll	False	18.787895	18.49116
scplantdb_CRA004848:CRX270106@@_ACTTAGGCACTACCGG-1	Fragaria vesca	leaf	Mesophyll	Mesophyll	True	19.838629	19.926594
scplantdb_CRA004848:CRX270106@@_AGAGCCCTCTTGATTC-1	Fragaria vesca	leaf	Mesophyll	Mesophyll	True	19.940077	19.121141
scplantdb_CRA004848:CRX270106@@_AGCCAGCCAAACACCT-1	Fragaria vesca	leaf	Mesophyll	Mesophyll	True	20.069748	19.584875
scplantdb_CRA004848:CRX270106@@_AGCCAGCTCAAGTGTC-1	Fragaria vesca	leaf	Adaxial epidermis	Mesophyll	False	18.113611	17.86324
scplantdb_CRA004848:CRX270106@@_AGCTACATCGATACGT-1	Fragaria vesca	leaf	Hydathodes	Mesophyll	False	18.447054	19.9571
scplantdb_CRA004848:CRX270106@@_AGGGTGACACAGTCGC-1	Fragaria vesca	leaf	Hydathodes	Mesophyll	False	19.758343	19.996138
scplantdb_CRA004848:CRX270106@@_AGGTTGTCAATTCTTC-1	Fragaria vesca	leaf	Mesophyll	Mesophyll	True	19.036617	19.703114
scplantdb_CRA004848:CRX270106@@_AGTCAACAGTCCGTCG-1	Fragaria vesca	leaf	Mesophyll	Mesophyll	True	19.647697	19.628593
scplantdb_CRA004848:CRX270106@@_ATCACGACACGAAAGC-1	Fragaria vesca	leaf	Mesophyll	Mesophyll	True	19.753378	19.28239
scplantdb_CRA004848:CRX270106@@_ATGTCTTCATTGTCGA-1	Fragaria vesca	leaf	Mesophyll	Mesophyll	True	19.74965	19.790083
scplantdb_CRA004848:CRX270106@@_ATTCCTATCGGTTAGT-1	Fragaria vesca	leaf	Mesophyll	Mesophyll	True	19.655441	20.010632
scplantdb_CRA004848:CRX270106@@_CAACCAACAAATCAGA-1	Fragaria vesca	leaf	Mesophyll	Mesophyll	True	19.519394	19.7544
scplantdb_CRA004848:CRX270106@@_CAAGACTGTTAGAGTA-1	Fragaria vesca	leaf	Mesophyll	Mesophyll	True	19.465458	19.943855
scplantdb_CRA004848:CRX270106@@_CACATGACATTCAGCA-1	Fragaria vesca	leaf	Mesophyll	Mesophyll	True	19.838207	19.13132
scplantdb_CRA004848:CRX270106@@_CATACAGGTATCCCAA-1	Fragaria vesca	leaf	Mesophyll	Mesophyll	True	19.839571	18.915768
scplantdb_CRA004848:CRX270106@@_CATGAGTTCTCAGGCG-1	Fragaria vesca	leaf	Mesophyll	Mesophyll	True	19.769148	19.727997
scplantdb_CRA004848:CRX270106@@_CCCTCAAGTTCACGAT-1	Fragaria vesca	leaf	Mesophyll	Mesophyll	True	19.597422	20.07037
scplantdb_CRA004848:CRX270106@@_CGAGTGCCAAAGCAAT-1	Fragaria vesca	leaf	Hydathodes	Mesophyll	False	19.052526	20.255592
scplantdb_CRA004848:CRX270106@@_CGAGTGCGTGCGTCGT-1	Fragaria vesca	leaf	Mesophyll	Mesophyll	True	19.446331	20.005423
scplantdb_CRA004848:CRX270106@@_CGAGTTAGTGTTTCTT-1	Fragaria vesca	leaf	Mesophyll	Mesophyll	True	19.390654	19.6941
scplantdb_CRA004848:CRX270106@@_CGGAACCAGAGCGACT-1	Fragaria vesca	leaf	Phloem	Mesophyll	True	21.738455	4.9710503
scplantdb_CRA004848:CRX270106@@_CGGACACCAATGGCAG-1	Fragaria vesca	leaf	Mesophyll	Mesophyll	True	19.881695	18.986517
scplantdb_CRA004848:CRX270106@@_CGGCAGTAGCTCACTA-1	Fragaria vesca	leaf	Mesophyll	Mesophyll	True	18.821068	18.567501
scplantdb_CRA004848:CRX270106@@_CGTAAGTTCGAGTGAG-1	Fragaria vesca	leaf	Unknow	Mesophyll	True	19.769396	18.95011
scplantdb_CRA004848:CRX270106@@_CTAACTTCAGCATGCC-1	Fragaria vesca	leaf	Mesophyll	Mesophyll	True	19.853462	18.94605
scplantdb_CRA004848:CRX270106@@_CTACAGAGTTGCCATA-1	Fragaria vesca	leaf	Mesophyll	Mesophyll	True	19.37203	20.214485
scplantdb_CRA004848:CRX270106@@_CTCATTAAGAGAGAAC-1	Fragaria vesca	leaf	Adaxial epidermis	Mesophyll	False	18.045979	17.90912
scplantdb_CRA004848:CRX270106@@_CTCCGATAGGCTCTCG-1	Fragaria vesca	leaf	Hydathodes	Mesophyll	False	17.650766	19.87676
scplantdb_CRA004848:CRX270106@@_CTTCAATGTACGTGTT-1	Fragaria vesca	leaf	Xylem	Mesophyll	True	21.769672	4.8358884
scplantdb_CRA004848:CRX270106@@_GACGTTAGTATTGGCT-1	Fragaria vesca	leaf	Adaxial epidermis	Mesophyll	False	18.074623	17.830267
scplantdb_CRA004848:CRX270106@@_GAGGCCTCAGCAGTCC-1	Fragaria vesca	leaf	Mesophyll	Mesophyll	True	19.92068	19.745083
scplantdb_CRA004848:CRX270106@@_GATCCCTGTCGACTTA-1	Fragaria vesca	leaf	Mesophyll	Mesophyll	True	19.900866	19.042534
scplantdb_CRA004848:CRX270106@@_GGAATCTTCCTACCGT-1	Fragaria vesca	leaf	Xylem parenchyma	Mesophyll	False	19.197964	18.726292
scplantdb_CRA004848:CRX270106@@_GGGCTACAGGTCACCC-1	Fragaria vesca	leaf	Mesophyll	Mesophyll	True	19.490112	19.796719
scplantdb_CRA004848:CRX270106@@_GTGTTCCTCCGGGACT-1	Fragaria vesca	leaf	Mesophyll	Mesophyll	True	19.734138	18.866644
scplantdb_CRA004848:CRX270106@@_GTTACCCCACCCGTAG-1	Fragaria vesca	leaf	Mesophyll	Mesophyll	True	19.743921	19.147339
scplantdb_CRA004848:CRX270106@@_GTTAGTGGTGAGCGAT-1	Fragaria vesca	leaf	Mesophyll	Mesophyll	True	19.602812	19.00616
scplantdb_CRA004848:CRX270106@@_GTTGAACAGCTCGCAC-1	Fragaria vesca	leaf	Mesophyll	Mesophyll	True	20.00898	19.213993
scplantdb_CRA004848:CRX270106@@_TAACGACGTGTTCATG-1	Fragaria vesca	leaf	Mesophyll	Mesophyll	True	19.562784	20.07919
scplantdb_CRA004848:CRX270106@@_TACCCGTCACTTCTCG-1	Fragaria vesca	leaf	Mesophyll	Mesophyll	True	19.638346	19.891945
scplantdb_CRA004848:CRX270106@@_TACCCGTGTACGTAGG-1	Fragaria vesca	leaf	Mesophyll	Mesophyll	True	20.032055	19.617138
scplantdb_CRA004848:CRX270106@@_TACGCTCAGCGCTTCG-1	Fragaria vesca	leaf	Mesophyll	Mesophyll	True	19.771212	20.005505
scplantdb_CRA004848:CRX270106@@_TCATATCTCGCCGATG-1	Fragaria vesca	leaf	Hydathodes	Mesophyll	False	19.276024	20.060827
scplantdb_CRA004848:CRX270106@@_TCATTTGAGATCGACG-1	Fragaria vesca	leaf	Mesophyll	Mesophyll	True	19.529703	20.178612
scplantdb_CRA004848:CRX270106@@_TCGCTTGTCCGTATAG-1	Fragaria vesca	leaf	Mesophyll	Mesophyll	True	18.985334	20.145166
scplantdb_CRA004848:CRX270106@@_TCGTAGAAGCAAATCA-1	Fragaria vesca	leaf	Adaxial epidermis	Mesophyll	False	18.109426	17.995626
scplantdb_CRA004848:CRX270106@@_TCTACATCAGTAGGAC-1	Fragaria vesca	leaf	Hydathodes	Mesophyll	False	18.334906	20.083988
scplantdb_CRA004848:CRX270106@@_TCTGGCTAGCCATCCG-1	Fragaria vesca	leaf	Mesophyll	Mesophyll	True	19.416393	18.807062
scplantdb_CRA004848:CRX270106@@_TGAGGTTCAATTTCCT-1	Fragaria vesca	leaf	Xylem parenchyma	Mesophyll	False	19.089136	18.81096
scplantdb_CRA004848:CRX270106@@_TGATTCTCAGTATGAA-1	Fragaria vesca	leaf	Unknow	Mesophyll	True	19.17892	19.159998
scplantdb_CRA004848:CRX270106@@_TGCTTCGCACTCTAGA-1	Fragaria vesca	leaf	Adaxial epidermis	Mesophyll	False	18.070383	17.853712
scplantdb_CRA004848:CRX270106@@_TGGCGTGGTCGAACAG-1	Fragaria vesca	leaf	Mesophyll	Mesophyll	True	19.96901	19.077885
scplantdb_CRA004848:CRX270106@@_TGTTCCGTCATTCATC-1	Fragaria vesca	leaf	Mesophyll	Mesophyll	True	20.155785	19.442564
scplantdb_CRA004848:CRX270106@@_TTATTGCCACTGGATT-1	Fragaria vesca	leaf	Mesophyll	Mesophyll	True	19.673594	19.904722
scplantdb_CRA004848:CRX270106@@_TTCCAATTCCAGCTCT-1	Fragaria vesca	leaf	Mesophyll	Mesophyll	True	20.158567	19.565865
scplantdb_CRA004848:CRX270106@@_TTCCTCTAGCGAAACC-1	Fragaria vesca	leaf	Hydathodes	Mesophyll	False	19.335987	20.147215
scplantdb_CRA004848:CRX270106@@_TTCGATTAGAGCTTTC-1	Fragaria vesca	leaf	Mesophyll	Mesophyll	True	18.997572	19.393913
scplantdb_CRA004848:CRX270106@@_TTCTTCCAGAATCGCG-1	Fragaria vesca	leaf	Hydathodes	Mesophyll	False	19.063597	20.161085
scplantdb_CRA004848:CRX270106@@_TTCTTCCCAAACCACT-1	Fragaria vesca	leaf	Mesophyll	Mesophyll	True	20.097082	19.544113
scplantdb_CRA004848:CRX270106@@_TTCTTGATCATCTCTA-1	Fragaria vesca	leaf	Mesophyll	Mesophyll	True	19.741398	18.992216
scplantdb_CRA004848:CRX270106@@_TTGGGCGCAGCAGGAT-1	Fragaria vesca	leaf	Mesophyll	Mesophyll	True	19.853966	19.873724
scplantdb_CRA004848:CRX270106@@_TTTACGTGTATGACAA-1	Fragaria vesca	leaf	Mesophyll	Mesophyll	True	20.126392	19.553299
scplantdb_CRA004848:CRX270106@@_TTTCATGTCAGCAGAG-1	Fragaria vesca	leaf	Xylem parenchyma	Mesophyll	False	18.850763	18.50727
scplantdb_CRA004848:CRX270108@@_AAATGGAAGCGTCGAA-1	Fragaria vesca	leaf	Hydathodes	Mesophyll	False	17.2904	19.072823
scplantdb_CRA004848:CRX270108@@_AACAAGAGTTAAGTCC-1	Fragaria vesca	leaf	Hydathodes	Mesophyll	False	17.465868	19.64909
scplantdb_CRA004848:CRX270108@@_AACAGGGGTCCATACA-1	Fragaria vesca	leaf	Mesophyll	Mesophyll	True	17.32011	19.161655
scplantdb_CRA004848:CRX270108@@_AACCCAAAGGCTCACC-1	Fragaria vesca	leaf	Mesophyll	Mesophyll	True	19.16583	19.357527
scplantdb_CRA004848:CRX270108@@_AACGGGAGTAGCTGCC-1	Fragaria vesca	leaf	Mesophyll	Mesophyll	True	17.480143	19.72814
scplantdb_CRA004848:CRX270108@@_AAGCGTTCAATATCCG-1	Fragaria vesca	leaf	Hydathodes	Mesophyll	False	17.262535	18.882719
scplantdb_CRA004848:CRX270108@@_AAGTACCTCATTTCCA-1	Fragaria vesca	leaf	Mesophyll	Mesophyll	True	19.031157	20.30162
scplantdb_CRA004848:CRX270108@@_AATGGAATCATTGGTG-1	Fragaria vesca	leaf	Unknow	Mesophyll	True	17.968246	20.137636
scplantdb_CRA004848:CRX270108@@_ACAACCAAGGCATCAG-1	Fragaria vesca	leaf	Abaxial epidermis	Mesophyll	False	18.179539	17.13368
scplantdb_CRA004848:CRX270108@@_ACACCAAGTAGACGGT-1	Fragaria vesca	leaf	Mesophyll	Mesophyll	True	19.268238	20.300125
scplantdb_CRA004848:CRX270108@@_ACCAAACCACGGCTAC-1	Fragaria vesca	leaf	Mesophyll	Mesophyll	True	17.819935	19.215425
scplantdb_CRA004848:CRX270108@@_ACGGTTACACGCTGAC-1	Fragaria vesca	leaf	Mesophyll	Mesophyll	True	18.928091	19.084944
scplantdb_CRA004848:CRX270108@@_ACTGTGATCAAGGAGC-1	Fragaria vesca	leaf	Adaxial epidermis	Mesophyll	False	18.133856	17.91029
scplantdb_CRA004848:CRX270108@@_AGGCATTAGCGCCTCA-1	Fragaria vesca	leaf	Mesophyll	Mesophyll	True	18.928093	19.069616
scplantdb_CRA004848:CRX270108@@_AGGTTACGTTCGCGTG-1	Fragaria vesca	leaf	Xylem parenchyma	Mesophyll	False	19.064201	18.741503
scplantdb_CRA004848:CRX270108@@_ATGCCTCTCCGTTTCG-1	Fragaria vesca	leaf	Mesophyll	Mesophyll	True	18.949516	20.255026
scplantdb_CRA004848:CRX270108@@_ATGCGATTCCCGTGAG-1	Fragaria vesca	leaf	Mesophyll	Mesophyll	True	17.690327	19.895004
scplantdb_CRA004848:CRX270108@@_ATGGGTTAGCACTCCG-1	Fragaria vesca	leaf	Adaxial epidermis	Mesophyll	False	18.053877	18.48127
scplantdb_CRA004848:CRX270108@@_CAATGACTCCATCTAT-1	Fragaria vesca	leaf	Hydathodes	Mesophyll	False	17.708675	18.934967
scplantdb_CRA004848:CRX270108@@_CACAACAGTCCTGTCT-1	Fragaria vesca	leaf	Adaxial epidermis	Mesophyll	False	18.04087	17.789541
scplantdb_CRA004848:CRX270108@@_CACTGGGCATACCGTA-1	Fragaria vesca	leaf	Hydathodes	Mesophyll	False	17.28509	19.357515
scplantdb_CRA004848:CRX270108@@_CAGAGCCCAGTAACCT-1	Fragaria vesca	leaf	Adaxial epidermis	Mesophyll	False	18.108953	18.374517
scplantdb_CRA004848:CRX270108@@_CAGCAGCCAAGGTCGA-1	Fragaria vesca	leaf	Adaxial epidermis	Mesophyll	False	18.0998	17.820751
scplantdb_CRA004848:CRX270108@@_CATCCCAAGGTAGCCA-1	Fragaria vesca	leaf	Hydathodes	Mesophyll	False	17.097544	18.85686
scplantdb_CRA004848:CRX270108@@_CATCCCAGTGGCTCTG-1	Fragaria vesca	leaf	Mesophyll	Mesophyll	True	17.635784	19.299799
scplantdb_CRA004848:CRX270108@@_CCAATGATCGGTTGTA-1	Fragaria vesca	leaf	Hydathodes	Mesophyll	False	17.180214	19.064186
scplantdb_CRA004848:CRX270108@@_CCTAACCCAGTATGAA-1	Fragaria vesca	leaf	Hydathodes	Mesophyll	False	18.158993	17.33415
scplantdb_CRA004848:CRX270108@@_CCTCACAGTTGTAGCT-1	Fragaria vesca	leaf	Mesophyll	Mesophyll	True	17.383636	18.956818
scplantdb_CRA004848:CRX270108@@_CCTCCTCCATTCGGGC-1	Fragaria vesca	leaf	Mesophyll	Mesophyll	True	18.653923	20.0098
scplantdb_CRA004848:CRX270108@@_CGATGCGTCCCATGGG-1	Fragaria vesca	leaf	Mesophyll	Mesophyll	True	17.862368	19.094738
scplantdb_CRA004848:CRX270108@@_CGGAATTCACTTCAAG-1	Fragaria vesca	leaf	Xylem	Mesophyll	True	18.816854	18.476305
scplantdb_CRA004848:CRX270108@@_CGTTGGGCAAGTTCCA-1	Fragaria vesca	leaf	Mesophyll	Mesophyll	True	17.347816	19.382473
scplantdb_CRA004848:CRX270108@@_CTAGGTATCGTTCATT-1	Fragaria vesca	leaf	Adaxial epidermis	Mesophyll	False	17.491247	18.746908
scplantdb_CRA004848:CRX270108@@_CTGAGCGCACGACTAT-1	Fragaria vesca	leaf	Abaxial epidermis	Mesophyll	False	18.184027	17.106672
scplantdb_CRA004848:CRX270108@@_CTGAGCGCAGCAGTGA-1	Fragaria vesca	leaf	Hydathodes	Mesophyll	False	17.11543	18.886497
scplantdb_CRA004848:CRX270108@@_CTTCCTTGTCATCCCT-1	Fragaria vesca	leaf	Mesophyll	Mesophyll	True	19.074455	19.163532
scplantdb_CRA004848:CRX270108@@_GAAGTAACATCTATCT-1	Fragaria vesca	leaf	Phloem	Mesophyll	True	21.740082	4.980103
scplantdb_CRA004848:CRX270108@@_GAATAGATCGGACGTC-1	Fragaria vesca	leaf	Phloem	Mesophyll	True	21.755516	5.006998
scplantdb_CRA004848:CRX270108@@_GACAGCCCAAGTTTGC-1	Fragaria vesca	leaf	Hydathodes	Mesophyll	False	17.144926	18.945068
scplantdb_CRA004848:CRX270108@@_GACATCAAGGCAGGGA-1	Fragaria vesca	leaf	Mesophyll	Mesophyll	True	18.71967	20.004114
scplantdb_CRA004848:CRX270108@@_GAGGCCTGTCGTACAT-1	Fragaria vesca	leaf	Mesophyll	Mesophyll	True	17.430866	19.683863
scplantdb_CRA004848:CRX270108@@_GCAACCGAGAAGCGCT-1	Fragaria vesca	leaf	Mesophyll	Mesophyll	True	18.388144	18.91218
scplantdb_CRA004848:CRX270108@@_GGAACCCGTGGATCGA-1	Fragaria vesca	leaf	Hydathodes	Mesophyll	False	17.17003	18.939796
scplantdb_CRA004848:CRX270108@@_GGGACAATCGATGCAT-1	Fragaria vesca	leaf	Mesophyll	Mesophyll	True	18.736048	20.02259
scplantdb_CRA004848:CRX270108@@_GGGTGAACATCGCTAA-1	Fragaria vesca	leaf	Mesophyll	Mesophyll	True	18.41034	19.409475
scplantdb_CRA004848:CRX270108@@_GTAATGCTCCGTACGG-1	Fragaria vesca	leaf	Hydathodes	Mesophyll	False	18.135727	19.612034
scplantdb_CRA004848:CRX270108@@_GTAGAGGGTTGTTGCA-1	Fragaria vesca	leaf	Hydathodes	Mesophyll	False	17.359339	19.258627
scplantdb_CRA004848:CRX270108@@_GTAGGAGGTGTGTCGC-1	Fragaria vesca	leaf	Mesophyll	Mesophyll	True	18.836628	18.619713
scplantdb_CRA004848:CRX270108@@_GTCCACTAGGATGGCT-1	Fragaria vesca	leaf	Adaxial epidermis	Mesophyll	False	18.187704	17.874275
scplantdb_CRA004848:CRX270108@@_GTCCACTGTTGACTGT-1	Fragaria vesca	leaf	Mesophyll	Mesophyll	True	18.685394	19.534235
scplantdb_CRA004848:CRX270108@@_GTTACCCTCACCGGGT-1	Fragaria vesca	leaf	Hydathodes	Mesophyll	False	18.35396	19.617653
scplantdb_CRA004848:CRX270108@@_GTTGTCCCATAAGATG-1	Fragaria vesca	leaf	Mesophyll	Mesophyll	True	17.551247	19.777702
scplantdb_CRA004848:CRX270108@@_TAACACGGTAGTATAG-1	Fragaria vesca	leaf	Hydathodes	Mesophyll	False	17.168116	19.11151
scplantdb_CRA004848:CRX270108@@_TAAGCACAGAGGACTC-1	Fragaria vesca	leaf	Hydathodes	Mesophyll	False	17.326263	19.09072
scplantdb_CRA004848:CRX270108@@_TACCCGTGTGTTCGAT-1	Fragaria vesca	leaf	Hydathodes	Mesophyll	False	17.241705	18.902876
scplantdb_CRA004848:CRX270108@@_TACCGGGGTTGGGTAG-1	Fragaria vesca	leaf	Mesophyll	Mesophyll	True	18.163067	19.887634
scplantdb_CRA004848:CRX270108@@_TACCTGCCAGCACGAA-1	Fragaria vesca	leaf	Hydathodes	Mesophyll	False	17.721882	19.9572
scplantdb_CRA004848:CRX270108@@_TACCTGCTCGCATTGA-1	Fragaria vesca	leaf	Abaxial epidermis	Mesophyll	False	18.177536	17.125023
scplantdb_CRA004848:CRX270108@@_TACGCTCGTTGTAGCT-1	Fragaria vesca	leaf	Abaxial epidermis	Mesophyll	False	18.167982	17.180325
scplantdb_CRA004848:CRX270108@@_TATCCTACAAGAGAGA-1	Fragaria vesca	leaf	Mesophyll	Mesophyll	True	17.77515	19.970871
scplantdb_CRA004848:CRX270108@@_TATTGCTCATAGGCGA-1	Fragaria vesca	leaf	Mesophyll	Mesophyll	True	18.238441	19.08996
scplantdb_CRA004848:CRX270108@@_TCAGGGCGTGCTGATT-1	Fragaria vesca	leaf	Mesophyll	Mesophyll	True	18.648735	19.142645
scplantdb_CRA004848:CRX270108@@_TCATCATAGGATACGC-1	Fragaria vesca	leaf	Hydathodes	Mesophyll	False	17.26017	18.969664
scplantdb_CRA004848:CRX270108@@_TCATGGAAGCTTCATG-1	Fragaria vesca	leaf	Xylem	Mesophyll	True	18.59723	18.319046
scplantdb_CRA004848:CRX270108@@_TCCCAGTCAGCTCGGT-1	Fragaria vesca	leaf	Hydathodes	Mesophyll	False	17.59485	18.958847
scplantdb_CRA004848:CRX270108@@_TCTCAGCCACGCCAGT-1	Fragaria vesca	leaf	Mesophyll	Mesophyll	True	18.90082	19.235836
scplantdb_CRA004848:CRX270108@@_TCTGCCAAGTGTTCCA-1	Fragaria vesca	leaf	Hydathodes	Mesophyll	False	18.319237	18.11867
scplantdb_CRA004848:CRX270108@@_TGAGTCATCACATTGG-1	Fragaria vesca	leaf	Hydathodes	Mesophyll	False	17.285671	18.851849
scplantdb_CRA004848:CRX270108@@_TGATCTTAGATGCGAC-1	Fragaria vesca	leaf	Mesophyll	Mesophyll	True	17.404455	19.702211
scplantdb_CRA004848:CRX270108@@_TGCATCCCATAATCGC-1	Fragaria vesca	leaf	Unknow	Mesophyll	True	18.63456	18.459557
scplantdb_CRA004848:CRX270108@@_TGCGGGTGTACGGCAA-1	Fragaria vesca	leaf	Hydathodes	Mesophyll	False	17.445988	19.654263
scplantdb_CRA004848:CRX270108@@_TGCTTCGCAGCTGGTC-1	Fragaria vesca	leaf	Hydathodes	Mesophyll	False	17.448488	19.106707
scplantdb_CRA004848:CRX270108@@_TGGAGAGAGACCAAGC-1	Fragaria vesca	leaf	Mesophyll	Mesophyll	True	19.039171	19.669739
scplantdb_CRA004848:CRX270108@@_TGTAACGAGGCTCCCA-1	Fragaria vesca	leaf	Mesophyll	Mesophyll	True	18.239904	19.381165
scplantdb_CRA004848:CRX270108@@_TGTGTGATCTCAATCT-1	Fragaria vesca	leaf	Adaxial epidermis	Mesophyll	False	18.055773	17.823448
scplantdb_CRA004848:CRX270108@@_TGTTGAGGTCGTGCCA-1	Fragaria vesca	leaf	Unknow	Mesophyll	True	18.87407	20.202806
scplantdb_CRA004848:CRX270108@@_TTAGGCACATAGATGA-1	Fragaria vesca	leaf	Xylem parenchyma	Mesophyll	False	18.831587	18.498175
scplantdb_CRA004848:CRX270108@@_TTCAATCAGTGATGGC-1	Fragaria vesca	leaf	Mesophyll	Mesophyll	True	17.328413	18.97794
scplantdb_CRA004848:CRX270108@@_TTCAGGAAGCGAGTCA-1	Fragaria vesca	leaf	Hydathodes	Mesophyll	False	17.312805	18.811787
scplantdb_CRA004848:CRX270108@@_TTCATGTTCGCCGAGT-1	Fragaria vesca	leaf	Hydathodes	Mesophyll	False	17.294895	19.330935
scplantdb_CRA004848:CRX270108@@_TTCCAATGTAAGGTCG-1	Fragaria vesca	leaf	Abaxial epidermis	Mesophyll	False	18.184563	17.114906
scplantdb_CRA004848:CRX270108@@_TTCCGTGCATGTTTGG-1	Fragaria vesca	leaf	Hydathodes	Mesophyll	False	17.152283	19.04094
scplantdb_CRA004848:CRX270108@@_TTGACCCAGTCCCAAT-1	Fragaria vesca	leaf	Mesophyll	Mesophyll	True	17.868546	19.943855
scplantdb_CRA004848:CRX270108@@_TTGCTGCGTACCGTGC-1	Fragaria vesca	leaf	Mesophyll	Mesophyll	True	18.566553	19.938305
scplantdb_CRA004848:CRX270108@@_TTGTGGAAGGCTTAGG-1	Fragaria vesca	leaf	Mesophyll	Mesophyll	True	18.787659	20.117994
scplantdb_CRA004848:CRX270108@@_TTTCCTCAGTCGGCCT-1	Fragaria vesca	leaf	Abaxial epidermis	Mesophyll	False	18.17869	17.097942
scplantdb_CRA004848:CRX270107@@_AACCCAAGTTAGAGAT-1	Fragaria vesca	leaf	Mesophyll	Mesophyll	True	18.258516	19.83861
scplantdb_CRA004848:CRX270107@@_AAGACTCAGTGCAAAT-1	Fragaria vesca	leaf	Xylem parenchyma	Mesophyll	False	18.714033	18.410128
scplantdb_CRA004848:CRX270107@@_AAGCATCGTACGGATG-1	Fragaria vesca	leaf	Abaxial epidermis	Mesophyll	False	18.179472	17.099604
scplantdb_CRA004848:CRX270107@@_AAGGTAAAGTCGTTAC-1	Fragaria vesca	leaf	Mesophyll	Mesophyll	True	17.800335	20.065168
scplantdb_CRA004848:CRX270107@@_AAGTTCGGTGACACAG-1	Fragaria vesca	leaf	Mesophyll	Mesophyll	True	20.075996	19.37072
scplantdb_CRA004848:CRX270107@@_AATCGTGCAACAGCCC-1	Fragaria vesca	leaf	Adaxial epidermis	Mesophyll	False	18.120356	17.957294
scplantdb_CRA004848:CRX270107@@_ACAGGGAGTTGGGATG-1	Fragaria vesca	leaf	Mesophyll	Mesophyll	True	18.245409	20.237402
scplantdb_CRA004848:CRX270107@@_ACTTTGTAGCGTGAAC-1	Fragaria vesca	leaf	Mesophyll	Mesophyll	True	18.414232	20.212471
scplantdb_CRA004848:CRX270107@@_AGCGCCAAGAGGATCC-1	Fragaria vesca	leaf	Unknow	Mesophyll	True	19.291866	18.93498
scplantdb_CRA004848:CRX270107@@_AGGAAATTCTTTCTAG-1	Fragaria vesca	leaf	Mesophyll	Mesophyll	True	18.80612	20.205765
scplantdb_CRA004848:CRX270107@@_AGGTCTAGTGTCTAAC-1	Fragaria vesca	leaf	Xylem parenchyma	Mesophyll	False	18.959272	18.622978
scplantdb_CRA004848:CRX270107@@_AGGTTGTAGACCAACG-1	Fragaria vesca	leaf	Mesophyll	Mesophyll	True	19.376293	19.985395
scplantdb_CRA004848:CRX270107@@_AGGTTGTGTAGGAGTC-1	Fragaria vesca	leaf	Mesophyll	Mesophyll	True	19.255234	20.086248
scplantdb_CRA004848:CRX270107@@_AGGTTGTTCCCTTTGG-1	Fragaria vesca	leaf	Mesophyll	Mesophyll	True	17.996075	19.868643
scplantdb_CRA004848:CRX270107@@_AGTCACAGTATTGACC-1	Fragaria vesca	leaf	Mesophyll	Mesophyll	True	19.223402	19.335197
scplantdb_CRA004848:CRX270107@@_ATACCTTTCGCTAGCG-1	Fragaria vesca	leaf	Mesophyll	Mesophyll	True	17.828949	20.047684
scplantdb_CRA004848:CRX270107@@_ATGAGGGCAGAGCGTA-1	Fragaria vesca	leaf	Hydathodes	Mesophyll	False	17.91693	19.494576
scplantdb_CRA004848:CRX270107@@_CAATACGGTCGCACAC-1	Fragaria vesca	leaf	Mesophyll	Mesophyll	True	19.558657	18.950956
scplantdb_CRA004848:CRX270107@@_CAGCACGTCATCTATC-1	Fragaria vesca	leaf	Hydathodes	Mesophyll	False	17.953558	19.588207
scplantdb_CRA004848:CRX270107@@_CATACAGCACGGTAGA-1	Fragaria vesca	leaf	Adaxial epidermis	Mesophyll	False	18.500187	18.427584
scplantdb_CRA004848:CRX270107@@_CATGCAATCTCTGCTG-1	Fragaria vesca	leaf	Mesophyll	Mesophyll	True	19.205923	19.969227
scplantdb_CRA004848:CRX270107@@_CCACACTGTCTGTAGT-1	Fragaria vesca	leaf	Phloem	Mesophyll	True	21.813187	4.7484217
scplantdb_CRA004848:CRX270107@@_CCACGTTGTCCCTGTT-1	Fragaria vesca	leaf	Mesophyll	Mesophyll	True	19.205444	19.901197
scplantdb_CRA004848:CRX270107@@_CCATAAGTCTCATGCC-1	Fragaria vesca	leaf	Mesophyll	Mesophyll	True	19.704687	20.070286
scplantdb_CRA004848:CRX270107@@_CCGCAAGTCGCACTCT-1	Fragaria vesca	leaf	Unknow	Mesophyll	True	18.366425	19.595884
scplantdb_CRA004848:CRX270107@@_CCTGCATCATAGCACT-1	Fragaria vesca	leaf	Mesophyll	Mesophyll	True	19.809767	19.914616
scplantdb_CRA004848:CRX270107@@_CCTTCAGTCAAACGAA-1	Fragaria vesca	leaf	Mesophyll	Mesophyll	True	19.429049	19.10269
scplantdb_CRA004848:CRX270107@@_CGAGTTAGTCTACACA-1	Fragaria vesca	leaf	Mesophyll	Mesophyll	True	19.860521	19.143202
scplantdb_CRA004848:CRX270107@@_CGCCATTAGCAGGGAG-1	Fragaria vesca	leaf	Mesophyll	Mesophyll	True	19.286573	20.240805
scplantdb_CRA004848:CRX270107@@_CGGAATTTCTGCATGA-1	Fragaria vesca	leaf	Mesophyll	Mesophyll	True	19.414751	19.66094
scplantdb_CRA004848:CRX270107@@_CGTCAAAGTCCCTGTT-1	Fragaria vesca	leaf	Hydathodes	Mesophyll	False	17.247705	18.840763
scplantdb_CRA004848:CRX270107@@_CGTCCATTCCGGCAAC-1	Fragaria vesca	leaf	Hydathodes	Mesophyll	False	17.447365	19.555178
scplantdb_CRA004848:CRX270107@@_CGTGATAGTGTCTTCC-1	Fragaria vesca	leaf	Mesophyll	Mesophyll	True	19.664326	19.668476
scplantdb_CRA004848:CRX270107@@_CTACCCAGTAGACGTG-1	Fragaria vesca	leaf	Xylem	Mesophyll	True	18.619553	18.301699
scplantdb_CRA004848:CRX270107@@_CTCAGAACAGAAGTGC-1	Fragaria vesca	leaf	Hydathodes	Mesophyll	False	17.450216	19.729351
scplantdb_CRA004848:CRX270107@@_CTCCATGAGAGAGCCT-1	Fragaria vesca	leaf	Hydathodes	Mesophyll	False	17.208723	19.316505
scplantdb_CRA004848:CRX270107@@_CTGAGGCAGATGAACT-1	Fragaria vesca	leaf	Mesophyll	Mesophyll	True	18.774824	20.122868
scplantdb_CRA004848:CRX270107@@_CTGAGGCCAGTAGAAT-1	Fragaria vesca	leaf	Mesophyll	Mesophyll	True	20.181091	19.520552
scplantdb_CRA004848:CRX270107@@_CTGAGGCGTCTGTAGT-1	Fragaria vesca	leaf	Hydathodes	Mesophyll	False	17.649797	20.017807
scplantdb_CRA004848:CRX270107@@_CTGCATCAGGCTCAAG-1	Fragaria vesca	leaf	Mesophyll	Mesophyll	True	19.612465	19.93959
scplantdb_CRA004848:CRX270107@@_CTGCGAGCACCCAACG-1	Fragaria vesca	leaf	Hydathodes	Mesophyll	False	17.843624	19.768642
scplantdb_CRA004848:CRX270107@@_CTGGACGTCCCTGGTT-1	Fragaria vesca	leaf	Hydathodes	Mesophyll	False	17.280762	18.852097
scplantdb_CRA004848:CRX270107@@_CTGTATTTCGATAACC-1	Fragaria vesca	leaf	Mesophyll	Mesophyll	True	19.41482	19.74532
scplantdb_CRA004848:CRX270107@@_CTGTGAATCCTTCACG-1	Fragaria vesca	leaf	Hydathodes	Mesophyll	False	17.538782	19.863104
scplantdb_CRA004848:CRX270107@@_CTTCAATGTGGAAGTC-1	Fragaria vesca	leaf	Unknow	Mesophyll	True	18.355017	18.9888
scplantdb_CRA004848:CRX270107@@_CTTCGGTAGGATACGC-1	Fragaria vesca	leaf	Hydathodes	Mesophyll	False	18.159088	19.11038
scplantdb_CRA004848:CRX270107@@_GAACTGTTCGACATAC-1	Fragaria vesca	leaf	Mesophyll	Mesophyll	True	17.922125	19.686155
scplantdb_CRA004848:CRX270107@@_GAAGCGATCTTTCCGG-1	Fragaria vesca	leaf	Mesophyll	Mesophyll	True	18.108688	20.188974
scplantdb_CRA004848:CRX270107@@_GAAGGGTCAGCTTTGA-1	Fragaria vesca	leaf	Hydathodes	Mesophyll	False	17.427734	18.85792
scplantdb_CRA004848:CRX270107@@_GAATCGTTCAAGTCTG-1	Fragaria vesca	leaf	Mesophyll	Mesophyll	True	19.79651	19.701862
scplantdb_CRA004848:CRX270107@@_GACGCTGGTAAGTTGA-1	Fragaria vesca	leaf	Mesophyll	Mesophyll	True	18.01328	20.116632
scplantdb_CRA004848:CRX270107@@_GAGCTGCAGACCTCCG-1	Fragaria vesca	leaf	Mesophyll	Mesophyll	True	19.430748	20.0178
scplantdb_CRA004848:CRX270107@@_GCAACATGTAGCGAGT-1	Fragaria vesca	leaf	Adaxial epidermis	Mesophyll	False	18.104435	17.881544
scplantdb_CRA004848:CRX270107@@_GCTTCACTCTTCGTAT-1	Fragaria vesca	leaf	Mesophyll	Mesophyll	True	18.591303	19.886667
scplantdb_CRA004848:CRX270107@@_GCTTTCGAGACCAAAT-1	Fragaria vesca	leaf	Mesophyll	Mesophyll	True	19.14655	20.09321
scplantdb_CRA004848:CRX270107@@_GGACGTCCAAAGACTA-1	Fragaria vesca	leaf	Mesophyll	Mesophyll	True	19.61605	19.556988
scplantdb_CRA004848:CRX270107@@_GGAGGTAGTGAATTAG-1	Fragaria vesca	leaf	Abaxial epidermis	Mesophyll	False	18.176048	17.10159
scplantdb_CRA004848:CRX270107@@_GGATCTAGTACGTACT-1	Fragaria vesca	leaf	Hydathodes	Mesophyll	False	17.381498	18.865059
scplantdb_CRA004848:CRX270107@@_GGCGTCAAGGTCACCC-1	Fragaria vesca	leaf	Mesophyll	Mesophyll	True	19.429754	19.504671
scplantdb_CRA004848:CRX270107@@_GGGCTACCACGGTGAA-1	Fragaria vesca	leaf	Unknow	Mesophyll	True	18.701727	19.7289
scplantdb_CRA004848:CRX270107@@_GGGTTATGTGCCCAGT-1	Fragaria vesca	leaf	Mesophyll	Mesophyll	True	19.113451	20.255878
scplantdb_CRA004848:CRX270107@@_GTAGCTATCGCTGTCT-1	Fragaria vesca	leaf	Hydathodes	Mesophyll	False	18.093922	19.418018
scplantdb_CRA004848:CRX270107@@_GTAGGTTTCGCTTAAG-1	Fragaria vesca	leaf	Hydathodes	Mesophyll	False	18.705154	20.226404
scplantdb_CRA004848:CRX270107@@_GTCTCACAGCACGTCC-1	Fragaria vesca	leaf	Hydathodes	Mesophyll	False	18.121635	20.037077
scplantdb_CRA004848:CRX270107@@_GTGAGCCAGGCCACTC-1	Fragaria vesca	leaf	Hydathodes	Mesophyll	False	18.0431	20.168253
scplantdb_CRA004848:CRX270107@@_GTGTTAGAGCTACAAA-1	Fragaria vesca	leaf	Mesophyll	Mesophyll	True	17.54554	19.850714
scplantdb_CRA004848:CRX270107@@_GTTACGAAGTCACAGG-1	Fragaria vesca	leaf	Hydathodes	Mesophyll	False	18.385492	19.890507
scplantdb_CRA004848:CRX270107@@_GTTAGTGGTATGGAAT-1	Fragaria vesca	leaf	Mesophyll	Mesophyll	True	17.687088	20.009539
scplantdb_CRA004848:CRX270107@@_GTTGAACCAATTGCGT-1	Fragaria vesca	leaf	Hydathodes	Mesophyll	False	18.168585	20.251892
scplantdb_CRA004848:CRX270107@@_GTTTACTTCGCCTCTA-1	Fragaria vesca	leaf	Mesophyll	Mesophyll	True	19.64407	18.983631
scplantdb_CRA004848:CRX270107@@_TAACGACAGATAGCAT-1	Fragaria vesca	leaf	Mesophyll	Mesophyll	True	18.69611	19.383738
scplantdb_CRA004848:CRX270107@@_TAGAGTCGTTCTTCAT-1	Fragaria vesca	leaf	Mesophyll	Mesophyll	True	18.284325	20.058527
scplantdb_CRA004848:CRX270107@@_TATATCCTCACACCCT-1	Fragaria vesca	leaf	Adaxial epidermis	Mesophyll	False	18.0853	17.867367
scplantdb_CRA004848:CRX270107@@_TATCTGTGTTAGGACG-1	Fragaria vesca	leaf	Mesophyll	Mesophyll	True	18.847485	19.994282
scplantdb_CRA004848:CRX270107@@_TATTCCAGTTCAAAGA-1	Fragaria vesca	leaf	Hydathodes	Mesophyll	False	19.022152	19.3052
scplantdb_CRA004848:CRX270107@@_TATTCCATCCCGAGTG-1	Fragaria vesca	leaf	Mesophyll	Mesophyll	True	19.25569	19.828047
scplantdb_CRA004848:CRX270107@@_TATTGGGCAGAACTCT-1	Fragaria vesca	leaf	Mesophyll	Mesophyll	True	19.859343	19.249594
scplantdb_CRA004848:CRX270107@@_TCCGAAACATTGGGAG-1	Fragaria vesca	leaf	Hydathodes	Mesophyll	False	17.41585	19.298748
scplantdb_CRA004848:CRX270107@@_TCCGGGAGTGCACAAG-1	Fragaria vesca	leaf	Mesophyll	Mesophyll	True	18.741499	19.464901
scplantdb_CRA004848:CRX270107@@_TCGCTCAAGCGATGCA-1	Fragaria vesca	leaf	Mesophyll	Mesophyll	True	17.95866	20.12018
scplantdb_CRA004848:CRX270107@@_TCTATCAAGCTGACTT-1	Fragaria vesca	leaf	Mesophyll	Mesophyll	True	18.697105	19.819464
scplantdb_CRA004848:CRX270107@@_TCTATCACATAATGCC-1	Fragaria vesca	leaf	Adaxial epidermis	Mesophyll	False	18.232107	18.000895
scplantdb_CRA004848:CRX270107@@_TCTGTCGCATACCACA-1	Fragaria vesca	leaf	Hydathodes	Mesophyll	False	18.89003	19.102608
scplantdb_CRA004848:CRX270107@@_TCTTCCTCAGTTAGAA-1	Fragaria vesca	leaf	Mesophyll	Mesophyll	True	18.923769	20.01958
scplantdb_CRA004848:CRX270107@@_TGAACGTCAGCCGTCA-1	Fragaria vesca	leaf	Abaxial epidermis	Mesophyll	False	18.21824	17.069792
scplantdb_CRA004848:CRX270107@@_TGGGAGAGTTACGTAC-1	Fragaria vesca	leaf	Unknow	Mesophyll	True	18.389078	18.708605
scplantdb_CRA004848:CRX270107@@_TGTACAGAGACGACTG-1	Fragaria vesca	leaf	Unknow	Mesophyll	True	18.453945	18.615118
scplantdb_CRA004848:CRX270107@@_TGTTGGACAAGACGGT-1	Fragaria vesca	leaf	Mesophyll	Mesophyll	True	18.245121	19.510138
scplantdb_CRA004848:CRX270107@@_TTACGCCAGGCCACTC-1	Fragaria vesca	leaf	Unknow	Mesophyll	True	18.912012	19.534115
scplantdb_CRA004848:CRX270107@@_TTCCGGTCAGCTAACT-1	Fragaria vesca	leaf	Mesophyll	Mesophyll	True	18.985306	20.205276
scplantdb_CRA004848:CRX270107@@_TTGCGTCTCAAGCCTA-1	Fragaria vesca	leaf	Unknow	Mesophyll	True	18.98567	19.017998
scplantdb_CRA004848:CRX270107@@_TTGGATGTCGATTCCC-1	Fragaria vesca	leaf	Mesophyll	Mesophyll	True	19.583847	19.221603
scplantdb_CRA004848:CRX270107@@_TTGGGTATCGATCCCT-1	Fragaria vesca	leaf	Unknow	Mesophyll	True	18.172333	19.22344
scplantdb_CRA004848:CRX270107@@_TTTGACTCACCCAACG-1	Fragaria vesca	leaf	Mesophyll	Mesophyll	True	18.006577	19.879877
scplantdb_CRA004848:CRX270107@@_TTTGTTGAGGCTCTCG-1	Fragaria vesca	leaf	Hydathodes	Mesophyll	False	17.287935	19.210133
scplantdb_CRA006988:CRX443755@@_AACACGTGTACAGTTC-1	Brassica rapa	leaf	Unknow	Mesophyll	True	11.043378	-0.50500613
scplantdb_CRA006988:CRX443755@@_AACTCAGCATACGCCG-1	Brassica rapa	leaf	Unknow	Mesophyll	True	11.494336	-1.5649563
scplantdb_CRA006988:CRX443755@@_AAGCCGCTCCGCGCAA-1	Brassica rapa	leaf	Vascular tissue	Mesophyll	True	9.60578	-0.32551944
scplantdb_CRA006988:CRX443755@@_AAGGTTCGTTGATTGC-1	Brassica rapa	leaf	Unknow	Mesophyll	True	10.956814	-0.5627533
scplantdb_CRA006988:CRX443755@@_ACATCAGAGGTGTTAA-1	Brassica rapa	leaf	Unknow	Mesophyll	True	11.145838	-2.1728063
scplantdb_CRA006988:CRX443755@@_ACATCAGGTAAGAGGA-1	Brassica rapa	leaf	Mesophyll	Mesophyll	True	10.8464155	-2.2886655
scplantdb_CRA006988:CRX443755@@_ACCGTAAAGCCGGTAA-1	Brassica rapa	leaf	Mesophyll	Mesophyll	True	10.583318	-2.3748314
scplantdb_CRA006988:CRX443755@@_ACCGTAAGTTCGGCAC-1	Brassica rapa	leaf	Mesophyll	Mesophyll	True	10.596902	-2.3900983
scplantdb_CRA006988:CRX443755@@_ACCTTTATCTTGAGGT-1	Brassica rapa	leaf	Mesophyll	Mesophyll	True	10.885781	-2.0841243
scplantdb_CRA006988:CRX443755@@_ACGAGCCGTCTAAACC-1	Brassica rapa	leaf	Unknow	Mesophyll	True	10.312768	-0.63153046
scplantdb_CRA006988:CRX443755@@_ACGAGGAAGTACGTAA-1	Brassica rapa	leaf	Unknow	Mesophyll	True	10.230275	-0.07554664
scplantdb_CRA006988:CRX443755@@_ACGATGTCAAGCGCTC-1	Brassica rapa	leaf	Leaf epidermis	Mesophyll	True	9.966497	0.9183824
scplantdb_CRA006988:CRX443755@@_ACGGCCATCCTGTAGA-1	Brassica rapa	leaf	Leaf epidermis	Mesophyll	True	10.204574	0.51541674
scplantdb_CRA006988:CRX443755@@_ACGGGCTGTTAGTGGG-1	Brassica rapa	leaf	Leaf epidermis	Mesophyll	True	9.882014	1.0203449
scplantdb_CRA006988:CRX443755@@_ACTGTCCGTAACGTTC-1	Brassica rapa	leaf	Mesophyll	Mesophyll	True	10.718214	-2.388926
scplantdb_CRA006988:CRX443755@@_ACTTACTAGTGGGATC-1	Brassica rapa	leaf	Unknow	Mesophyll	True	11.407974	-1.3114969
scplantdb_CRA006988:CRX443755@@_ACTTTCAAGATCTGCT-1	Brassica rapa	leaf	Unknow	Mesophyll	True	11.257822	-1.0889907
scplantdb_CRA006988:CRX443755@@_AGAATAGCATGCTAGT-1	Brassica rapa	leaf	Unknow	Mesophyll	True	11.407326	-1.6896662
scplantdb_CRA006988:CRX443755@@_AGATTGCCACTAGTAC-1	Brassica rapa	leaf	Mesophyll	Mesophyll	True	10.772053	-2.3557813
scplantdb_CRA006988:CRX443755@@_AGCCTAAGTCTGCAAT-1	Brassica rapa	leaf	Unknow	Mesophyll	True	9.846568	-0.3574679
scplantdb_CRA006988:CRX443755@@_AGCGGTCCACAACGCC-1	Brassica rapa	leaf	Unknow	Mesophyll	True	11.341432	-1.3835498
scplantdb_CRA006988:CRX443755@@_AGCGTATAGCTGCAAG-1	Brassica rapa	leaf	Mesophyll	Mesophyll	True	11.226597	-1.9786377
scplantdb_CRA006988:CRX443755@@_AGCGTATGTACCATCA-1	Brassica rapa	leaf	Leaf epidermis	Mesophyll	True	9.874303	1.0395269
scplantdb_CRA006988:CRX443755@@_AGCGTATTCTACTCAT-1	Brassica rapa	leaf	Unknow	Mesophyll	True	11.589368	-1.4745935
scplantdb_CRA006988:CRX443755@@_CAAGGCCAGGAGTCTG-1	Brassica rapa	leaf	Leaf epidermis	Mesophyll	True	9.845877	0.9603367
scplantdb_CRA006988:CRX443755@@_CACATAGCATTACCTT-1	Brassica rapa	leaf	Bundle sheath	Mesophyll	False	9.887677	-1.4824824
scplantdb_CRA006988:CRX443755@@_CACATTTGTTACGTCA-1	Brassica rapa	leaf	Mesophyll	Mesophyll	True	9.982502	-1.0016829
scplantdb_CRA006988:CRX443755@@_CACTCCATCTGTCAAG-1	Brassica rapa	leaf	Leaf epidermis	Mesophyll	True	10.161339	0.44810063
scplantdb_CRA006988:CRX443755@@_CAGAATCGTCATCGGC-1	Brassica rapa	leaf	Unknow	Mesophyll	True	11.56215	-1.3680507
scplantdb_CRA006988:CRX443755@@_CAGTCCTCAGGAACGT-1	Brassica rapa	leaf	Unknow	Mesophyll	True	9.636372	-1.2323925
scplantdb_CRA006988:CRX443755@@_CATCGGGAGATGAGAG-1	Brassica rapa	leaf	Leaf epidermis	Mesophyll	True	10.13083	0.29024586
scplantdb_CRA006988:CRX443755@@_CCCAATCCAAGCCGCT-1	Brassica rapa	leaf	Leaf epidermis	Mesophyll	True	9.957623	0.95216894
scplantdb_CRA006988:CRX443755@@_CCCAGTTCAATCTACG-1	Brassica rapa	leaf	Unknow	Mesophyll	True	11.547925	-1.5501975
scplantdb_CRA006988:CRX443755@@_CCGGGATAGATGTGGC-1	Brassica rapa	leaf	Leaf epidermis	Mesophyll	True	10.131446	0.1549497
scplantdb_CRA006988:CRX443755@@_CCGGTAGAGAAGAAGC-1	Brassica rapa	leaf	Unknow	Mesophyll	True	11.493564	-1.3053201
scplantdb_CRA006988:CRX443755@@_CCTCAGTCATCTCCCA-1	Brassica rapa	leaf	Mesophyll	Mesophyll	True	11.1814	-2.0926483
scplantdb_CRA006988:CRX443755@@_CCTTACGGTTGGACCC-1	Brassica rapa	leaf	Mesophyll	Mesophyll	True	10.130597	-2.2148588
scplantdb_CRA006988:CRX443755@@_CGAACATAGTCCAGGA-1	Brassica rapa	leaf	Unknow	Mesophyll	True	11.0369005	-2.2834651
scplantdb_CRA006988:CRX443755@@_CGACCTTAGAAGAAGC-1	Brassica rapa	leaf	Bundle sheath	Mesophyll	False	10.152351	-1.716773
scplantdb_CRA006988:CRX443755@@_CGATGTATCAGTTAGC-1	Brassica rapa	leaf	Unknow	Mesophyll	True	10.95067	-2.2208145
scplantdb_CRA006988:CRX443755@@_CGGACACGTAGGACAC-1	Brassica rapa	leaf	Unknow	Mesophyll	True	11.497399	-1.616606
scplantdb_CRA006988:CRX443755@@_CGGACGTTCGTAGGTT-1	Brassica rapa	leaf	Unknow	Mesophyll	True	10.697055	-1.7549518
scplantdb_CRA006988:CRX443755@@_CGGACTGAGCTGATAA-1	Brassica rapa	leaf	Unknow	Mesophyll	True	10.381663	-1.0618384
scplantdb_CRA006988:CRX443755@@_CGGACTGCAAACTGTC-1	Brassica rapa	leaf	Vascular tissue	Mesophyll	True	9.739017	0.33773327
scplantdb_CRA006988:CRX443755@@_CGTGTCTGTAGCTTGT-1	Brassica rapa	leaf	Meristematic cell	Mesophyll	True	9.079018	-0.05114135
scplantdb_CRA006988:CRX443755@@_CTAATGGGTTAAAGAC-1	Brassica rapa	leaf	Unknow	Mesophyll	True	11.506388	-1.1008353
scplantdb_CRA006988:CRX443755@@_CTACACCAGCATCATC-1	Brassica rapa	leaf	Unknow	Mesophyll	True	9.830668	0.047062863
scplantdb_CRA006988:CRX443755@@_CTAGTGATCACCAGGC-1	Brassica rapa	leaf	Unknow	Mesophyll	True	10.728524	-0.65785897
scplantdb_CRA006988:CRX443755@@_CTCGAAAAGAGTAATC-1	Brassica rapa	leaf	Unknow	Mesophyll	True	10.538665	-1.0573031
scplantdb_CRA006988:CRX443755@@_CTCGGAGCAATAAGCA-1	Brassica rapa	leaf	Leaf epidermis	Mesophyll	True	10.0976515	0.6780073
scplantdb_CRA006988:CRX443755@@_CTCTGGTCACCCAGTG-1	Brassica rapa	leaf	Mesophyll	Mesophyll	True	10.971748	-2.259403
scplantdb_CRA006988:CRX443755@@_CTGAAACTCTCCTATA-1	Brassica rapa	leaf	Unknow	Mesophyll	True	10.55327	-0.28797838
scplantdb_CRA006988:CRX443755@@_CTGTGCTAGCGTGAAC-1	Brassica rapa	leaf	Bundle sheath	Mesophyll	False	9.61851	-0.24325435
scplantdb_CRA006988:CRX443755@@_CTGTTTATCTGTGCAA-1	Brassica rapa	leaf	Unknow	Mesophyll	True	10.682279	-0.30460367
scplantdb_CRA006988:CRX443755@@_CTTCTCTCACCGATAT-1	Brassica rapa	leaf	Leaf epidermis	Mesophyll	True	9.838379	1.029324
scplantdb_CRA006988:CRX443755@@_CTTGGCTGTTTGTTGG-1	Brassica rapa	leaf	Meristematic cell	Mesophyll	True	9.073478	0.00663182
scplantdb_CRA006988:CRX443755@@_GAACATCCAATAGCGG-1	Brassica rapa	leaf	Unknow	Mesophyll	True	10.376159	-0.3001043
scplantdb_CRA006988:CRX443755@@_GAACCTAGTTACGACT-1	Brassica rapa	leaf	Unknow	Mesophyll	True	11.248423	-2.0203714
scplantdb_CRA006988:CRX443755@@_GAATAAGTCCCTCAGT-1	Brassica rapa	leaf	Mesophyll	Mesophyll	True	11.442103	-1.4999313
scplantdb_CRA006988:CRX443755@@_GAATGAACATAAGACA-1	Brassica rapa	leaf	Unknow	Mesophyll	True	11.164223	-1.8528408
scplantdb_CRA006988:CRX443755@@_GACACGCTCCGTTGCT-1	Brassica rapa	leaf	Leaf epidermis	Mesophyll	True	9.726146	0.019937806
scplantdb_CRA006988:CRX443755@@_GACGGCTTCAAGAAGT-1	Brassica rapa	leaf	Unknow	Mesophyll	True	10.732906	-0.18608896
scplantdb_CRA006988:CRX443755@@_GACTGCGCATTTCAGG-1	Brassica rapa	leaf	Leaf epidermis	Mesophyll	True	10.394107	0.3868723
scplantdb_CRA006988:CRX443755@@_GATCGATAGGGTCGAT-1	Brassica rapa	leaf	Unknow	Mesophyll	True	10.649773	-2.0921571
scplantdb_CRA006988:CRX443755@@_GATCGATCATGTCTCC-1	Brassica rapa	leaf	Leaf epidermis	Mesophyll	True	10.160207	0.6277783
scplantdb_CRA006988:CRX443755@@_GATCGATGTAGCAAAT-1	Brassica rapa	leaf	Leaf epidermis	Mesophyll	True	9.871802	1.0764906
scplantdb_CRA006988:CRX443755@@_GCGCCAACACGCGAAA-1	Brassica rapa	leaf	Unknow	Mesophyll	True	10.3781185	-0.62526315
scplantdb_CRA006988:CRX443755@@_GCGCCAAGTGCGCTTG-1	Brassica rapa	leaf	Unknow	Mesophyll	True	10.786577	-1.1791525
scplantdb_CRA006988:CRX443755@@_GCTGCAGAGTGAACGC-1	Brassica rapa	leaf	Unknow	Mesophyll	True	11.243444	-1.3974905
scplantdb_CRA006988:CRX443755@@_GCTGCGATCCCTAACC-1	Brassica rapa	leaf	Unknow	Mesophyll	True	11.063963	-0.4295438
scplantdb_CRA006988:CRX443755@@_GCTGGGTCACCGGAAA-1	Brassica rapa	leaf	Unknow	Mesophyll	True	10.200592	-1.823035
scplantdb_CRA006988:CRX443755@@_GGACAGACATCCTTGC-1	Brassica rapa	leaf	Unknow	Mesophyll	True	10.019429	-1.4889884
scplantdb_CRA006988:CRX443755@@_GGACATTCACTTACGA-1	Brassica rapa	leaf	Unknow	Mesophyll	True	11.394394	-1.6848571
scplantdb_CRA006988:CRX443755@@_GGAGCAACAGACGCAA-1	Brassica rapa	leaf	Leaf epidermis	Mesophyll	True	10.136619	0.5661443
scplantdb_CRA006988:CRX443755@@_GGATGTTAGAAACCTA-1	Brassica rapa	leaf	Unknow	Mesophyll	True	10.781102	-0.21402271
scplantdb_CRA006988:CRX443755@@_GGATGTTAGCTCTCGG-1	Brassica rapa	leaf	Unknow	Mesophyll	True	10.951652	-0.32853043
scplantdb_CRA006988:CRX443755@@_GGATTACCAGCTGCTG-1	Brassica rapa	leaf	Unknow	Mesophyll	True	10.288413	-1.8562821
scplantdb_CRA006988:CRX443755@@_GGCGACTGTCTAGTCA-1	Brassica rapa	leaf	Mesophyll	Mesophyll	True	10.569482	-2.4248805
scplantdb_CRA006988:CRX443755@@_GGCTGGTAGGCTCTTA-1	Brassica rapa	leaf	Unknow	Mesophyll	True	11.219942	-1.6478475
scplantdb_CRA006988:CRX443755@@_GGGAGATAGAGAGCTC-1	Brassica rapa	leaf	Mesophyll	Mesophyll	True	11.280009	-1.723968
scplantdb_CRA006988:CRX443755@@_GGGTCTGAGACAAGCC-1	Brassica rapa	leaf	Unknow	Mesophyll	True	10.469398	-0.69725144
scplantdb_CRA006988:CRX443755@@_GGGTTGCAGAGTAATC-1	Brassica rapa	leaf	Mesophyll	Mesophyll	True	10.464666	-2.4263456
scplantdb_CRA006988:CRX443755@@_GGGTTGCCATACTCTT-1	Brassica rapa	leaf	Unknow	Mesophyll	True	11.540194	-1.4076449
scplantdb_CRA006988:CRX443755@@_GGTGTTACACAGGAGT-1	Brassica rapa	leaf	Unknow	Mesophyll	True	10.208857	-0.54525965
scplantdb_CRA006988:CRX443755@@_GTACGTAAGCGCTTAT-1	Brassica rapa	leaf	Mesophyll	Mesophyll	True	10.905369	-2.130684
scplantdb_CRA006988:CRX443755@@_GTACGTACATCACGTA-1	Brassica rapa	leaf	Leaf epidermis	Mesophyll	True	10.150006	0.5671606
scplantdb_CRA006988:CRX443755@@_GTCACGGCACGGCCAT-1	Brassica rapa	leaf	Bundle sheath	Mesophyll	False	9.636073	-1.2243674
scplantdb_CRA006988:CRX443755@@_GTCGGGTCACGAGGTA-1	Brassica rapa	leaf	Mesophyll	Mesophyll	True	11.075001	-2.2084222
scplantdb_CRA006988:CRX443755@@_GTGGGTCTCTGAGTGT-1	Brassica rapa	leaf	Unknow	Mesophyll	True	10.8731	-0.49675173
scplantdb_CRA006988:CRX443755@@_GTTCTCGCACCTTGTC-1	Brassica rapa	leaf	Unknow	Mesophyll	True	11.060882	-0.47583103
scplantdb_CRA006988:CRX443755@@_TACCTTATCGGTTCGG-1	Brassica rapa	leaf	Bundle sheath	Mesophyll	False	10.195819	-1.774828
scplantdb_CRA006988:CRX443755@@_TACGGATCAATGTAAG-1	Brassica rapa	leaf	Bundle sheath	Mesophyll	False	9.70117	-1.1830636
scplantdb_CRA006988:CRX443755@@_TACGGATTCGAGAGCA-1	Brassica rapa	leaf	Unknow	Mesophyll	True	10.315067	-0.5479262
scplantdb_CRA006988:CRX443755@@_TACTCGCTCAGCTGGC-1	Brassica rapa	leaf	Mesophyll	Mesophyll	True	10.853891	-2.257882
scplantdb_CRA006988:CRX443755@@_TACTTGTTCGGAAACG-1	Brassica rapa	leaf	Leaf epidermis	Mesophyll	True	10.067701	-0.1770203
scplantdb_CRA006988:CRX443755@@_TCAACGATCTAGAGTC-1	Brassica rapa	leaf	Unknow	Mesophyll	True	11.521396	-1.2544131
scplantdb_CRA006988:CRX443755@@_TCACAAGGTTCCACTC-1	Brassica rapa	leaf	Leaf epidermis	Mesophyll	True	10.079509	0.6731522
scplantdb_CRA006988:CRX443755@@_TCAGATGAGCCTATGT-1	Brassica rapa	leaf	Unknow	Mesophyll	True	10.438289	-0.7176401
scplantdb_CRA006988:CRX443755@@_TCAGGTATCCTAGTGA-1	Brassica rapa	leaf	Unknow	Mesophyll	True	11.014112	-0.4940907
scplantdb_CRA006988:CRX443755@@_TCCACACAGTTTGCGT-1	Brassica rapa	leaf	Unknow	Mesophyll	True	10.4805975	-1.659007
scplantdb_CRA006988:CRX443755@@_TCCACACTCTGGAGCC-1	Brassica rapa	leaf	Leaf epidermis	Mesophyll	True	9.9033165	1.0200559
scplantdb_CRA006988:CRX443755@@_TCGGGACAGATGGGTC-1	Brassica rapa	leaf	Mesophyll	Mesophyll	True	10.850102	-0.7285615
scplantdb_CRA006988:CRX443755@@_TCTGGAAAGCCGGTAA-1	Brassica rapa	leaf	Unknow	Mesophyll	True	10.598904	-0.39377365
scplantdb_CRA006988:CRX443755@@_TGAGAGGAGCCTATGT-1	Brassica rapa	leaf	Unknow	Mesophyll	True	10.215276	-2.3254018
scplantdb_CRA006988:CRX443755@@_TGCGCAGAGTGATCGG-1	Brassica rapa	leaf	Mesophyll	Mesophyll	True	11.084599	-2.2501402
scplantdb_CRA006988:CRX443755@@_TGGGCGTTCTCTAAGG-1	Brassica rapa	leaf	Unknow	Mesophyll	True	10.231741	-0.44126064
scplantdb_CRA006988:CRX443755@@_TGGTTAGCAGTCGTGC-1	Brassica rapa	leaf	Unknow	Mesophyll	True	11.513036	-1.158365
scplantdb_CRA006988:CRX443755@@_TGTATTCGTGCCTTGG-1	Brassica rapa	leaf	Mesophyll	Mesophyll	True	10.955705	-2.2783616
scplantdb_CRA006988:CRX443755@@_TGTTCCGCAGCTTCGG-1	Brassica rapa	leaf	Meristematic cell	Mesophyll	True	9.2595415	-0.1489088
scplantdb_CRA006988:CRX443755@@_TGTTCCGTCCTTTCTC-1	Brassica rapa	leaf	Leaf epidermis	Mesophyll	True	10.577206	0.106427155
scplantdb_CRA006988:CRX443755@@_TTCGGTCTCGCCAGCA-1	Brassica rapa	leaf	Unknow	Mesophyll	True	11.117407	-1.0598423
scplantdb_CRA006988:CRX443755@@_TTGCGTCCATTGTGCA-1	Brassica rapa	leaf	Leaf epidermis	Mesophyll	True	10.165988	0.66488206
scplantdb_CRA006988:CRX443756@@_AAAGGATGTCGTTGCG-1	Brassica rapa	leaf	Unknow	Mesophyll	True	9.786003	-1.7294731
scplantdb_CRA006988:CRX443756@@_AAAGTGAAGGTGCTGA-1	Brassica rapa	leaf	Mesophyll	Mesophyll	True	10.033523	-2.2649183
scplantdb_CRA006988:CRX443756@@_AACAGGGGTGAATTAG-1	Brassica rapa	leaf	Unknow	Mesophyll	True	11.01513	-2.0679984
scplantdb_CRA006988:CRX443756@@_AAGGTAAGTTAGGAGC-1	Brassica rapa	leaf	Vascular tissue	Mesophyll	True	9.794327	-0.85156375
scplantdb_CRA006988:CRX443756@@_AATGACCTCCCAGGAC-1	Brassica rapa	leaf	Meristematic cell	Mesophyll	True	9.1402645	-0.003051258
scplantdb_CRA006988:CRX443756@@_ACATCGACATACTGAC-1	Brassica rapa	leaf	Unknow	Mesophyll	True	9.8859005	-1.6966832
scplantdb_CRA006988:CRX443756@@_ACATTTCCACCTGATA-1	Brassica rapa	leaf	Mesophyll	Mesophyll	True	10.275244	-1.7065284
scplantdb_CRA006988:CRX443756@@_ACTCTCGTCTGGACTA-1	Brassica rapa	leaf	Meristematic cell	Mesophyll	True	9.11328	-0.28762898
scplantdb_CRA006988:CRX443756@@_ACTGCAACATGGATCT-1	Brassica rapa	leaf	Unknow	Mesophyll	True	9.900743	-1.800884
scplantdb_CRA006988:CRX443756@@_ACTTATCCACGGGTAA-1	Brassica rapa	leaf	Bundle sheath	Mesophyll	False	9.707916	-1.048078
scplantdb_CRA006988:CRX443756@@_AGAGCCCTCCGATAGT-1	Brassica rapa	leaf	Meristematic cell	Mesophyll	True	9.155829	-0.16754545
scplantdb_CRA006988:CRX443756@@_AGCTACACACCTGAAT-1	Brassica rapa	leaf	Vascular tissue	Mesophyll	True	9.962685	-0.4500786
scplantdb_CRA006988:CRX443756@@_AGGACTTCATTGGATC-1	Brassica rapa	leaf	Leaf epidermis	Mesophyll	True	10.054458	0.82073843
scplantdb_CRA006988:CRX443756@@_AGGCCACGTTCCTACC-1	Brassica rapa	leaf	Unknow	Mesophyll	True	10.028706	-2.022582
scplantdb_CRA006988:CRX443756@@_ATCGATGTCCATCCGT-1	Brassica rapa	leaf	Phloem	Mesophyll	True	9.776292	0.5614279
scplantdb_CRA006988:CRX443756@@_ATCGCCTTCTTCCCGA-1	Brassica rapa	leaf	Unknow	Mesophyll	True	10.054262	-0.7041137
scplantdb_CRA006988:CRX443756@@_ATCTCTATCTACGCGG-1	Brassica rapa	leaf	Vascular tissue	Mesophyll	True	9.577009	-0.22576106
scplantdb_CRA006988:CRX443756@@_ATGCGATCAGGCCCTA-1	Brassica rapa	leaf	Mesophyll	Mesophyll	True	10.106394	-2.2134426
scplantdb_CRA006988:CRX443756@@_ATTTCTGCAAGTCCAT-1	Brassica rapa	leaf	Unknow	Mesophyll	True	10.009186	-1.5797851
scplantdb_CRA006988:CRX443756@@_CAAGACTAGTACTGGG-1	Brassica rapa	leaf	Mesophyll	Mesophyll	True	10.144858	-2.0309684
scplantdb_CRA006988:CRX443756@@_CAGCCAGTCGTGGTAT-1	Brassica rapa	leaf	Mesophyll	Mesophyll	True	10.297567	-2.3139157
scplantdb_CRA006988:CRX443756@@_CCCTAACCAGAAGTTA-1	Brassica rapa	leaf	Mesophyll	Mesophyll	True	9.629988	-0.9155405
scplantdb_CRA006988:CRX443756@@_CCCTCTCGTCGTTGCG-1	Brassica rapa	leaf	Leaf epidermis	Mesophyll	True	9.767009	0.95566183
scplantdb_CRA006988:CRX443756@@_CCTAAGAGTTTCCAAG-1	Brassica rapa	leaf	Vascular tissue	Mesophyll	True	9.46685	-0.73878044
scplantdb_CRA006988:CRX443756@@_CCTCTAGCATGAAGGC-1	Brassica rapa	leaf	Mesophyll	Mesophyll	True	10.11675	-1.918702
scplantdb_CRA006988:CRX443756@@_CTATCTAGTCTTGAGT-1	Brassica rapa	leaf	Unknow	Mesophyll	True	9.93211	-2.2054846
scplantdb_CRA006988:CRX443756@@_CTCACTGTCCGTCACT-1	Brassica rapa	leaf	Vascular tissue	Mesophyll	True	9.581598	-0.62440515
scplantdb_CRA006988:CRX443756@@_CTCCACAGTTGTCAGT-1	Brassica rapa	leaf	Vascular tissue	Mesophyll	True	9.667459	-0.20212698
scplantdb_CRA006988:CRX443756@@_CTCCCAAAGGAAAGTG-1	Brassica rapa	leaf	Unknow	Mesophyll	True	9.905339	-2.0761678
scplantdb_CRA006988:CRX443756@@_CTCCGATAGTTGCATC-1	Brassica rapa	leaf	Mesophyll	Mesophyll	True	10.875115	-0.8208882
scplantdb_CRA006988:CRX443756@@_CTCCTCCCAAGAATGT-1	Brassica rapa	leaf	Vascular tissue	Mesophyll	True	9.686059	-0.20382605
scplantdb_CRA006988:CRX443756@@_CTGCATCTCGGTAGAG-1	Brassica rapa	leaf	Meristematic cell	Mesophyll	True	9.017691	-0.114567205
scplantdb_CRA006988:CRX443756@@_CTGGACGGTCATCCGG-1	Brassica rapa	leaf	Leaf guard cell	Mesophyll	True	8.311749	6.698958
scplantdb_CRA006988:CRX443756@@_CTGGTCTGTCCAAATC-1	Brassica rapa	leaf	Mesophyll	Mesophyll	True	9.87336	-0.904784
scplantdb_CRA006988:CRX443756@@_CTGTGAACAGCTGTTA-1	Brassica rapa	leaf	Unknow	Mesophyll	True	10.311324	0.18154435
scplantdb_CRA006988:CRX443756@@_CTGTGAATCGGCTTCT-1	Brassica rapa	leaf	Unknow	Mesophyll	True	9.92613	-0.522802
scplantdb_CRA006988:CRX443756@@_GACCTTCGTTCTGACA-1	Brassica rapa	leaf	Unknow	Mesophyll	True	10.297343	-2.011534
scplantdb_CRA006988:CRX443756@@_GACGTTAGTGTACATC-1	Brassica rapa	leaf	Vascular tissue	Mesophyll	True	9.542052	-0.6616169
scplantdb_CRA006988:CRX443756@@_GAGTGAGCAATGGGTG-1	Brassica rapa	leaf	Mesophyll	Mesophyll	True	9.985733	-2.28348
scplantdb_CRA006988:CRX443756@@_GATTCGATCAGGAAAT-1	Brassica rapa	leaf	Unknow	Mesophyll	True	10.105969	-0.43898886
scplantdb_CRA006988:CRX443756@@_GCCGTGAGTATGCAAA-1	Brassica rapa	leaf	Leaf epidermis	Mesophyll	True	9.676226	0.34995538
scplantdb_CRA006988:CRX443756@@_GGCACGTTCACACGAT-1	Brassica rapa	leaf	Unknow	Mesophyll	True	9.705747	-1.4785368
scplantdb_CRA006988:CRX443756@@_GGGCGTTAGATTTGCC-1	Brassica rapa	leaf	Mesophyll	Mesophyll	True	10.141382	-2.341426
scplantdb_CRA006988:CRX443756@@_GGGTCTGGTGGTTCTA-1	Brassica rapa	leaf	Mesophyll	Mesophyll	True	9.734162	-1.4239936
scplantdb_CRA006988:CRX443756@@_GGGTTTAGTCTCGGGT-1	Brassica rapa	leaf	Leaf epidermis	Mesophyll	True	9.955765	0.79559296
scplantdb_CRA006988:CRX443756@@_GTGCGTGGTCGTGGTC-1	Brassica rapa	leaf	Mesophyll	Mesophyll	True	10.0759325	-2.3185828
scplantdb_CRA006988:CRX443756@@_TAAGCACCAAAGTGTA-1	Brassica rapa	leaf	Meristematic cell	Mesophyll	True	9.140403	-0.07592415
scplantdb_CRA006988:CRX443756@@_TAGACTGAGGCATTTC-1	Brassica rapa	leaf	Meristematic cell	Mesophyll	True	9.386815	-0.06839559
scplantdb_CRA006988:CRX443756@@_TATCAGGAGGTCATAA-1	Brassica rapa	leaf	Bundle sheath	Mesophyll	False	10.246991	-0.56370574
scplantdb_CRA006988:CRX443756@@_TATTGCTCACTGGAAG-1	Brassica rapa	leaf	Leaf epidermis	Mesophyll	True	9.88378	1.0029556
scplantdb_CRA006988:CRX443756@@_TCAAGACAGATAGGGA-1	Brassica rapa	leaf	Vascular tissue	Mesophyll	True	9.4489565	-0.4994047
scplantdb_CRA006988:CRX443756@@_TCAGTCCTCATCGTAG-1	Brassica rapa	leaf	Unknow	Mesophyll	True	11.368045	-0.9312136
scplantdb_CRA006988:CRX443756@@_TCGCTCATCTACACAG-1	Brassica rapa	leaf	Unknow	Mesophyll	True	9.725998	-1.6284604
scplantdb_CRA006988:CRX443756@@_TCTCACGTCGAAATCC-1	Brassica rapa	leaf	Leaf epidermis	Mesophyll	True	9.80651	0.9879379
scplantdb_CRA006988:CRX443756@@_TCTCCGAGTGTTGACT-1	Brassica rapa	leaf	Unknow	Mesophyll	True	10.772687	-0.0112867635
scplantdb_CRA006988:CRX443756@@_TGCAGGCCATGGCCAC-1	Brassica rapa	leaf	Meristematic cell	Mesophyll	True	9.203208	0.045125917
scplantdb_CRA006988:CRX443756@@_TGGAGAGCAATTTCGG-1	Brassica rapa	leaf	Bundle sheath	Mesophyll	False	9.645129	-1.4978172
scplantdb_CRA006988:CRX443756@@_TGGGAGACATGGAATA-1	Brassica rapa	leaf	Unknow	Mesophyll	True	10.767945	-0.23639148
scplantdb_CRA006988:CRX443756@@_TGGGATTGTCGGCTAC-1	Brassica rapa	leaf	Leaf epidermis	Mesophyll	True	9.858088	1.0458863
scplantdb_CRA006988:CRX443756@@_TGGTGATCAGGCCCTA-1	Brassica rapa	leaf	Unknow	Mesophyll	True	10.202593	-0.8494891
scplantdb_CRA006988:CRX443756@@_TTAGGGTCAACCGACC-1	Brassica rapa	leaf	Leaf epidermis	Mesophyll	True	9.810517	-0.3155873
scplantdb_CRA006988:CRX443756@@_TTCAATCAGCTTCGTA-1	Brassica rapa	leaf	Leaf epidermis	Mesophyll	True	9.76776	1.0891745
scplantdb_CRA006988:CRX443756@@_TTCACGCCACGGTGAA-1	Brassica rapa	leaf	Meristematic cell	Mesophyll	True	9.139486	-0.092836715
scplantdb_CRA006988:CRX443756@@_TTCCGGTCAGTGCGCT-1	Brassica rapa	leaf	Unknow	Mesophyll	True	11.019442	-1.2526975
scplantdb_CRA006988:CRX443756@@_TTCCTCTGTCCAGGTC-1	Brassica rapa	leaf	Leaf epidermis	Mesophyll	True	9.863381	0.9601176
scplantdb_CRA006988:CRX443756@@_TTGTTCATCGAACTCA-1	Brassica rapa	leaf	Leaf epidermis	Mesophyll	True	9.813219	1.0122346
scplantdb_CRA006988:CRX443756@@_TTTACCATCCGTAGGC-1	Brassica rapa	leaf	Unknow	Mesophyll	True	9.882028	-1.3538994
scplantdb_CRA006988:CRX443756@@_TTTGGAGGTCCCTCAT-1	Brassica rapa	leaf	Meristematic cell	Mesophyll	True	9.63676	-1.6634923
scplantdb_CRA006988:CRX443757@@_AACAACCGTAAGTAGT-1	Brassica rapa	leaf	Mesophyll	Mesophyll	True	10.122245	-1.1324339
scplantdb_CRA006988:CRX443757@@_AACAAGAGTCTACATG-1	Brassica rapa	leaf	Unknow	Mesophyll	True	11.277041	-1.5756396
scplantdb_CRA006988:CRX443757@@_AACCCAATCCATAGAC-1	Brassica rapa	leaf	Leaf epidermis	Mesophyll	True	9.705901	-0.0020781977
scplantdb_CRA006988:CRX443757@@_ACAGCCGCACAAAGCG-1	Brassica rapa	leaf	Unknow	Mesophyll	True	11.441536	-1.4579107
scplantdb_CRA006988:CRX443757@@_ACAGGGAAGTGATTCC-1	Brassica rapa	leaf	Bundle sheath	Mesophyll	False	9.940842	-1.494932
scplantdb_CRA006988:CRX443757@@_ACTGATGCAGGGTCTC-1	Brassica rapa	leaf	Unknow	Mesophyll	True	10.152485	-0.28183785
scplantdb_CRA006988:CRX443757@@_ACTGCAATCTCGGTAA-1	Brassica rapa	leaf	Vascular tissue	Mesophyll	True	9.951738	0.07759608
scplantdb_CRA006988:CRX443757@@_AGAGCAGTCAATCAGC-1	Brassica rapa	leaf	Leaf epidermis	Mesophyll	True	9.784918	1.0262372
scplantdb_CRA006988:CRX443757@@_AGGAAATCATAGGTAA-1	Brassica rapa	leaf	Unknow	Mesophyll	True	10.983845	-0.7046824
scplantdb_CRA006988:CRX443757@@_AGGAAATTCATGCTAG-1	Brassica rapa	leaf	Unknow	Mesophyll	True	10.3137455	-0.40833947
scplantdb_CRA006988:CRX443757@@_AGGCTGCCATCCGTTC-1	Brassica rapa	leaf	Bundle sheath	Mesophyll	False	9.8368	-1.4326072
scplantdb_CRA006988:CRX443757@@_AGGGCTCGTTGATCGT-1	Brassica rapa	leaf	Bundle sheath	Mesophyll	False	9.595644	-1.0303644
scplantdb_CRA006988:CRX443757@@_AGTGACTCAAGCTGTT-1	Brassica rapa	leaf	Leaf epidermis	Mesophyll	True	9.942957	0.8856851
scplantdb_CRA006988:CRX443757@@_AGTGATCTCCTCTCGA-1	Brassica rapa	leaf	Leaf epidermis	Mesophyll	True	9.947992	0.05788219
scplantdb_CRA006988:CRX443757@@_AGTTCCCCATGATGCT-1	Brassica rapa	leaf	Meristematic cell	Mesophyll	True	9.020179	-0.059090085
scplantdb_CRA006988:CRX443757@@_ATACTTCAGCCATATC-1	Brassica rapa	leaf	Unknow	Mesophyll	True	10.415842	-0.4896908
scplantdb_CRA006988:CRX443757@@_ATTCAGGGTTCTCCCA-1	Brassica rapa	leaf	Mesophyll	Mesophyll	True	10.104288	-1.089627
scplantdb_CRA006988:CRX443757@@_ATTCAGGTCATTTACC-1	Brassica rapa	leaf	Leaf epidermis	Mesophyll	True	10.049602	0.7927945
scplantdb_CRA006988:CRX443757@@_ATTCCCGTCCTCTCGA-1	Brassica rapa	leaf	Leaf epidermis	Mesophyll	True	9.889553	0.95843124
scplantdb_CRA006988:CRX443757@@_ATTCGTTTCTGTCTCG-1	Brassica rapa	leaf	Mesophyll	Mesophyll	True	9.862963	-0.91105956
scplantdb_CRA006988:CRX443757@@_CAACGATAGTAACCGG-1	Brassica rapa	leaf	Meristematic cell	Mesophyll	True	9.150253	-0.039608244
scplantdb_CRA006988:CRX443757@@_CAGAGCCTCAGTGTTG-1	Brassica rapa	leaf	Meristematic cell	Mesophyll	True	9.093663	-0.07747135
scplantdb_CRA006988:CRX443757@@_CAGCAATAGGCTATCT-1	Brassica rapa	leaf	Unknow	Mesophyll	True	10.51255	-0.81833404
scplantdb_CRA006988:CRX443757@@_CAGCAATGTACACGTT-1	Brassica rapa	leaf	Unknow	Mesophyll	True	10.231499	-1.0898794
scplantdb_CRA006988:CRX443757@@_CAGCACGCAAATGGTA-1	Brassica rapa	leaf	Unknow	Mesophyll	True	10.274423	-0.37991163
scplantdb_CRA006988:CRX443757@@_CATGCTCCACTAGTAC-1	Brassica rapa	leaf	Leaf epidermis	Mesophyll	True	10.0343075	0.74352133
scplantdb_CRA006988:CRX443757@@_CATGGATAGAGCAACC-1	Brassica rapa	leaf	Unknow	Mesophyll	True	11.130874	-0.510962
scplantdb_CRA006988:CRX443757@@_CATTGCCGTTGTCCCT-1	Brassica rapa	leaf	Unknow	Mesophyll	True	9.199913	-0.012110734
scplantdb_CRA006988:CRX443757@@_CATTGTTGTCCGGTGT-1	Brassica rapa	leaf	Unknow	Mesophyll	True	10.288338	0.11900503
scplantdb_CRA006988:CRX443757@@_CCACGTTAGGGCTAAC-1	Brassica rapa	leaf	Unknow	Mesophyll	True	11.413063	-1.1470919
scplantdb_CRA006988:CRX443757@@_CCATAAGAGTCATGAA-1	Brassica rapa	leaf	Leaf epidermis	Mesophyll	True	9.676082	0.55188644
scplantdb_CRA006988:CRX443757@@_CCCATTGGTTTGGAGG-1	Brassica rapa	leaf	Unknow	Mesophyll	True	11.091622	-0.7613339
scplantdb_CRA006988:CRX443757@@_CCCTCAATCTGATTCT-1	Brassica rapa	leaf	Unknow	Mesophyll	True	10.886341	-0.30222544
scplantdb_CRA006988:CRX443757@@_CCGGTGACATGCGGTC-1	Brassica rapa	leaf	Unknow	Mesophyll	True	10.535048	-0.23128262
scplantdb_CRA006988:CRX443757@@_CCTACGTGTGCTGCAC-1	Brassica rapa	leaf	Unknow	Mesophyll	True	11.067065	-0.94786257
scplantdb_CRA006988:CRX443757@@_CCTCAACGTTGCAAGG-1	Brassica rapa	leaf	Mesophyll	Mesophyll	True	10.023565	-2.3766687
scplantdb_CRA006988:CRX443757@@_CCTCACAGTATGATCC-1	Brassica rapa	leaf	Meristematic cell	Mesophyll	True	9.068055	0.008491159
scplantdb_CRA006988:CRX443757@@_CGGAATTAGAGTATAC-1	Brassica rapa	leaf	Unknow	Mesophyll	True	9.470041	-0.55753374
scplantdb_CRA006988:CRX443757@@_CGTAAGTTCTTCCCGA-1	Brassica rapa	leaf	Unknow	Mesophyll	True	10.752845	-0.4331633
scplantdb_CRA006988:CRX443757@@_CGTGTCTAGCTCACTA-1	Brassica rapa	leaf	Leaf epidermis	Mesophyll	True	9.718846	-0.07046915
scplantdb_CRA006988:CRX443757@@_CTACCCAGTTGAGGAC-1	Brassica rapa	leaf	Bundle sheath	Mesophyll	False	10.23152	-1.507308
scplantdb_CRA006988:CRX443757@@_CTCCAACTCGCTATTT-1	Brassica rapa	leaf	Unknow	Mesophyll	True	10.15573	-1.4418904
scplantdb_CRA006988:CRX443757@@_CTCTCGAAGGTCATCT-1	Brassica rapa	leaf	Unknow	Mesophyll	True	9.831499	-1.4824198
scplantdb_CRA006988:CRX443757@@_CTGAGCGCAACACAGG-1	Brassica rapa	leaf	Unknow	Mesophyll	True	11.492036	-1.3115072
scplantdb_CRA006988:CRX443757@@_CTGCCATAGTGTGTTC-1	Brassica rapa	leaf	Bundle sheath	Mesophyll	False	9.513001	-0.9959963
scplantdb_CRA006988:CRX443757@@_CTGTAGAAGTCGTTAC-1	Brassica rapa	leaf	Mesophyll	Mesophyll	True	9.7168455	-0.8328832
scplantdb_CRA006988:CRX443757@@_GAACGTTGTTGTCCCT-1	Brassica rapa	leaf	Unknow	Mesophyll	True	9.98666	-1.7516562
scplantdb_CRA006988:CRX443757@@_GAATCGTGTACAGTAA-1	Brassica rapa	leaf	Unknow	Mesophyll	True	10.581595	-0.060471892
scplantdb_CRA006988:CRX443757@@_GACAGCCCAGTAGAAT-1	Brassica rapa	leaf	Meristematic cell	Mesophyll	True	9.315581	-0.12484807
scplantdb_CRA006988:CRX443757@@_GACTTCCAGTCCTGCG-1	Brassica rapa	leaf	Mesophyll	Mesophyll	True	10.581542	-1.3477331
scplantdb_CRA006988:CRX443757@@_GAGCCTGCAGCACGAA-1	Brassica rapa	leaf	Unknow	Mesophyll	True	11.076207	-0.94558585
scplantdb_CRA006988:CRX443757@@_GAGTGAGAGTATGATG-1	Brassica rapa	leaf	Unknow	Mesophyll	True	10.174419	-0.39520082
scplantdb_CRA006988:CRX443757@@_GCCGATGGTGCAGTGA-1	Brassica rapa	leaf	Mesophyll	Mesophyll	True	9.99058	-2.1231453
scplantdb_CRA006988:CRX443757@@_GCGGATCTCGTTGTTT-1	Brassica rapa	leaf	Mesophyll	Mesophyll	True	9.927481	-1.9967815
scplantdb_CRA006988:CRX443757@@_GCGTTTCCAGCTATTG-1	Brassica rapa	leaf	Leaf epidermis	Mesophyll	True	10.095301	0.785727
scplantdb_CRA006988:CRX443757@@_GCTTGGGCATCATGAC-1	Brassica rapa	leaf	Unknow	Mesophyll	True	9.640864	-1.2380092
scplantdb_CRA006988:CRX443757@@_GGGAGATTCTCATGCC-1	Brassica rapa	leaf	Unknow	Mesophyll	True	10.403207	-0.75877064
scplantdb_CRA006988:CRX443757@@_GGTGTTATCCAAGCAT-1	Brassica rapa	leaf	Unknow	Mesophyll	True	10.252895	-0.36801526
scplantdb_CRA006988:CRX443757@@_GTACAACGTCTGTGGC-1	Brassica rapa	leaf	Unknow	Mesophyll	True	10.590168	-0.006986791
scplantdb_CRA006988:CRX443757@@_GTCATGAGTTTCAGAC-1	Brassica rapa	leaf	Unknow	Mesophyll	True	10.450526	-0.35935086
scplantdb_CRA006988:CRX443757@@_GTTGCGGGTAGAGATT-1	Brassica rapa	leaf	Mesophyll	Mesophyll	True	9.961672	-2.2876318
scplantdb_CRA006988:CRX443757@@_GTTTGGAGTTAAGAAC-1	Brassica rapa	leaf	Unknow	Mesophyll	True	10.420707	-0.18671064
scplantdb_CRA006988:CRX443757@@_TAATTCCGTTATGTGC-1	Brassica rapa	leaf	Bundle sheath	Mesophyll	False	9.560079	-1.0580931
scplantdb_CRA006988:CRX443757@@_TACGGTAAGGTCGAGT-1	Brassica rapa	leaf	Bundle sheath	Mesophyll	False	10.297734	-1.3850478
scplantdb_CRA006988:CRX443757@@_TATTGGGGTAACATAG-1	Brassica rapa	leaf	Vascular tissue	Mesophyll	True	9.589656	-0.7906002
scplantdb_CRA006988:CRX443757@@_TCATGCCAGAGCAGCT-1	Brassica rapa	leaf	Mesophyll	Mesophyll	True	10.003912	-1.8960298
scplantdb_CRA006988:CRX443757@@_TCCTGCACAACACGAG-1	Brassica rapa	leaf	Unknow	Mesophyll	True	10.371229	0.0637971
scplantdb_CRA006988:CRX443757@@_TCTATCAAGTGTTGTC-1	Brassica rapa	leaf	Unknow	Mesophyll	True	10.650624	-1.8060104
scplantdb_CRA006988:CRX443757@@_TGGGAAGAGCTAAGTA-1	Brassica rapa	leaf	Mesophyll	Mesophyll	True	10.134842	-2.3784544
scplantdb_CRA006988:CRX443757@@_TGGGAAGCAGGACTTT-1	Brassica rapa	leaf	Unknow	Mesophyll	True	9.743847	-0.016279671
scplantdb_CRA006988:CRX443757@@_TGGGAAGGTCGTGCCA-1	Brassica rapa	leaf	Unknow	Mesophyll	True	10.030686	-2.0308814
scplantdb_CRA006988:CRX443757@@_TGGGTTAGTGCGGATA-1	Brassica rapa	leaf	Unknow	Mesophyll	True	10.653549	-0.8216883
scplantdb_CRA006988:CRX443757@@_TTCATGTCAGTGGGTA-1	Brassica rapa	leaf	Unknow	Mesophyll	True	10.660673	-0.77538157
scplantdb_CRA006988:CRX443757@@_TTCTTGACATAACGGG-1	Brassica rapa	leaf	Leaf epidermis	Mesophyll	True	10.018408	0.8640682
scplantdb_CRA006988:CRX443757@@_TTGCGTCAGGTACAGC-1	Brassica rapa	leaf	Unknow	Mesophyll	True	11.419239	-0.82600147
scplantdb_CRA006988:CRX443757@@_TTGGGCGTCGCAGAGA-1	Brassica rapa	leaf	Unknow	Mesophyll	True	10.299883	-0.9311465
scplantdb_DRP009643:DRX382001@@_AAACCCAAGTGCAACG-1	Arabidopsis thaliana	leaf	Mesophyll	Mesophyll	True	6.2196608	6.2089133
scplantdb_DRP009643:DRX382001@@_AAACCCATCTGTCTCG-1	Arabidopsis thaliana	leaf	Mesophyll	Mesophyll	True	4.782365	5.3416123
scplantdb_DRP009643:DRX382001@@_AAAGGATGTAACGGTG-1	Arabidopsis thaliana	leaf	Mesophyll	Mesophyll	True	5.7066417	5.819084
scplantdb_DRP009643:DRX382001@@_AACAGGGGTAGCGTCC-1	Arabidopsis thaliana	leaf	Mesophyll	Mesophyll	True	6.043608	6.4245806
scplantdb_DRP009643:DRX382001@@_AACCTTTCATACCAGT-1	Arabidopsis thaliana	leaf	Mesophyll	Mesophyll	True	5.747233	6.1813407
scplantdb_DRP009643:DRX382001@@_AAGCGAGCAGGATGAC-1	Arabidopsis thaliana	leaf	Mesophyll	Mesophyll	True	3.870918	5.5248127
scplantdb_DRP009643:DRX382001@@_AAGGTAATCCGTGTAA-1	Arabidopsis thaliana	leaf	Mesophyll	Mesophyll	True	4.4818096	5.7284536
scplantdb_DRP009643:DRX382001@@_AAGTACCGTTCTTGTT-1	Arabidopsis thaliana	leaf	Mesophyll	Mesophyll	True	4.0744443	6.655451
scplantdb_DRP009643:DRX382001@@_AAGTCGTTCGGTTCAA-1	Arabidopsis thaliana	leaf	Mesophyll	Mesophyll	True	5.363369	6.895018
scplantdb_DRP009643:DRX382001@@_AAGTGAAGTTGTGTTG-1	Arabidopsis thaliana	leaf	Mesophyll	Mesophyll	True	4.910426	6.0629225
scplantdb_DRP009643:DRX382001@@_AATGAAGTCTAGACCA-1	Arabidopsis thaliana	leaf	Mesophyll	Mesophyll	True	4.96223	5.40755
scplantdb_DRP009643:DRX382001@@_AATGACCAGACCAGAC-1	Arabidopsis thaliana	leaf	Mesophyll	Mesophyll	True	5.1313634	5.539096
scplantdb_DRP009643:DRX382001@@_AATGGAACAGCACAAG-1	Arabidopsis thaliana	leaf	Mesophyll	Mesophyll	True	4.7260847	5.820435
scplantdb_DRP009643:DRX382001@@_AATTCCTGTGGTCCCA-1	Arabidopsis thaliana	leaf	Mesophyll	Mesophyll	True	4.787779	6.229095
scplantdb_DRP009643:DRX382001@@_ACAACCACAACCTATG-1	Arabidopsis thaliana	leaf	Mesophyll	Mesophyll	True	4.6621804	6.7810116
scplantdb_DRP009643:DRX382001@@_ACATCGAAGATGAAGG-1	Arabidopsis thaliana	leaf	Mesophyll	Mesophyll	True	5.0069876	6.379314
scplantdb_DRP009643:DRX382001@@_ACATCGAAGCTGTCCG-1	Arabidopsis thaliana	leaf	Mesophyll	Mesophyll	True	5.6943455	6.156801
scplantdb_DRP009643:DRX382001@@_ACATGCACAGGAGGAG-1	Arabidopsis thaliana	leaf	Mesophyll	Mesophyll	True	3.9881272	6.130479
scplantdb_DRP009643:DRX382001@@_ACATTTCCACGTAGAG-1	Arabidopsis thaliana	leaf	Mesophyll	Mesophyll	True	3.9025395	5.8949475
scplantdb_DRP009643:DRX382001@@_ACCGTTCCACACAGAG-1	Arabidopsis thaliana	leaf	Mesophyll	Mesophyll	True	4.025411	6.4785466
scplantdb_DRP009643:DRX382001@@_ACGCACGGTCTCTCAC-1	Arabidopsis thaliana	leaf	Mesophyll	Mesophyll	True	4.799481	6.9222903
scplantdb_DRP009643:DRX382001@@_ACGGAAGCATTGACCA-1	Arabidopsis thaliana	leaf	Mesophyll	Mesophyll	True	6.355492	6.1114984
scplantdb_DRP009643:DRX382001@@_ACTCTCGTCTACCCAC-1	Arabidopsis thaliana	leaf	Mesophyll	Mesophyll	True	4.2494493	6.5529475
scplantdb_DRP009643:DRX382001@@_AGAAATGCAACACGTT-1	Arabidopsis thaliana	leaf	Mesophyll	Mesophyll	True	4.8039556	5.9172516
scplantdb_DRP009643:DRX382001@@_AGACCATGTAGCGTTT-1	Arabidopsis thaliana	leaf	Mesophyll	Mesophyll	True	4.8056026	6.8109765
scplantdb_DRP009643:DRX382001@@_AGAGAGCCACGGGCTT-1	Arabidopsis thaliana	leaf	Mesophyll	Mesophyll	True	4.1224585	5.3964276
scplantdb_DRP009643:DRX382001@@_AGCCAGCAGTTGGGAC-1	Arabidopsis thaliana	leaf	Mesophyll	Mesophyll	True	5.999595	5.7888403
scplantdb_DRP009643:DRX382001@@_AGCGCCACATTGACTG-1	Arabidopsis thaliana	leaf	Mesophyll	Mesophyll	True	4.1248903	5.3694363
scplantdb_DRP009643:DRX382001@@_AGCGCTGGTTATCCAG-1	Arabidopsis thaliana	leaf	Mesophyll	Mesophyll	True	5.9085355	6.0420957
scplantdb_DRP009643:DRX382001@@_AGCTTCCCACCAATTG-1	Arabidopsis thaliana	leaf	Mesophyll	Mesophyll	True	4.0086803	5.46117
scplantdb_DRP009643:DRX382001@@_AGGAATATCGACGACC-1	Arabidopsis thaliana	leaf	Mesophyll	Mesophyll	True	4.862237	6.256182
scplantdb_DRP009643:DRX382001@@_AGGATAACACTTGTGA-1	Arabidopsis thaliana	leaf	Mesophyll	Mesophyll	True	5.9814906	5.886896
scplantdb_DRP009643:DRX382001@@_AGGCTGCGTTGTCTAG-1	Arabidopsis thaliana	leaf	Mesophyll	Mesophyll	True	4.2883058	6.5009336
scplantdb_DRP009643:DRX382001@@_AGGGTTTTCCTTCTTC-1	Arabidopsis thaliana	leaf	Mesophyll	Mesophyll	True	5.5629635	5.9253645
scplantdb_DRP009643:DRX382001@@_AGGTTACTCCGCAAAT-1	Arabidopsis thaliana	leaf	Mesophyll	Mesophyll	True	5.200245	5.647464
scplantdb_DRP009643:DRX382001@@_AGTAACCTCTAGTGTG-1	Arabidopsis thaliana	leaf	Mesophyll	Mesophyll	True	4.2179866	6.0362062
scplantdb_DRP009643:DRX382001@@_AGTCAACCACAAAGCG-1	Arabidopsis thaliana	leaf	Mesophyll	Mesophyll	True	4.614075	5.745492
scplantdb_DRP009643:DRX382001@@_AGTCACAAGATGTTAG-1	Arabidopsis thaliana	leaf	Mesophyll	Mesophyll	True	4.6209536	6.6246853
scplantdb_DRP009643:DRX382001@@_AGTCTCCAGAGGTGCT-1	Arabidopsis thaliana	leaf	Mesophyll	Mesophyll	True	3.9901888	6.4973845
scplantdb_DRP009643:DRX382001@@_AGTTCGAAGTGTGTTC-1	Arabidopsis thaliana	leaf	Companion cell	Mesophyll	True	8.081675	8.678521
scplantdb_DRP009643:DRX382001@@_ATACTTCTCGAAGCAG-1	Arabidopsis thaliana	leaf	Mesophyll	Mesophyll	True	4.858211	5.5478797
scplantdb_DRP009643:DRX382001@@_ATAGACCAGGTGAGCT-1	Arabidopsis thaliana	leaf	Mesophyll	Mesophyll	True	4.593544	6.476675
scplantdb_DRP009643:DRX382001@@_ATATCCTCAGTCTACA-1	Arabidopsis thaliana	leaf	Mesophyll	Mesophyll	True	3.98313	5.9921403
scplantdb_DRP009643:DRX382001@@_ATATCCTGTTACCTGA-1	Arabidopsis thaliana	leaf	Mesophyll	Mesophyll	True	5.0507073	5.550252
scplantdb_DRP009643:DRX382001@@_ATCACAGTCGATACAC-1	Arabidopsis thaliana	leaf	Mesophyll	Mesophyll	True	4.377994	5.587397
scplantdb_DRP009643:DRX382001@@_ATCGCCTAGAACAGGA-1	Arabidopsis thaliana	leaf	Mesophyll	Mesophyll	True	5.6384406	5.947199
scplantdb_DRP009643:DRX382001@@_ATCGTAGCATGTTCGA-1	Arabidopsis thaliana	leaf	Mesophyll	Mesophyll	True	5.315374	5.4264116
scplantdb_DRP009643:DRX382001@@_ATCTTCAGTATAATGG-1	Arabidopsis thaliana	leaf	Vascular tissue	Mesophyll	True	5.337442	5.4161515
scplantdb_DRP009643:DRX382001@@_ATGAGGGTCGCTTTAT-1	Arabidopsis thaliana	leaf	Mesophyll	Mesophyll	True	5.9872108	6.1270103
scplantdb_DRP009643:DRX382001@@_ATGCATGGTCAAGCGA-1	Arabidopsis thaliana	leaf	Mesophyll	Mesophyll	True	5.915994	5.9675756
scplantdb_DRP009643:DRX382001@@_ATGGAGGCACATTCGA-1	Arabidopsis thaliana	leaf	Mesophyll	Mesophyll	True	5.5980268	5.662716
scplantdb_DRP009643:DRX382001@@_ATGGAGGGTTGCGAAG-1	Arabidopsis thaliana	leaf	Mesophyll	Mesophyll	True	5.644313	5.70229
scplantdb_DRP009643:DRX382001@@_ATGGATCCATGTACGT-1	Arabidopsis thaliana	leaf	Mesophyll	Mesophyll	True	4.6689105	6.4353237
scplantdb_DRP009643:DRX382001@@_ATGGGAGGTGTACATC-1	Arabidopsis thaliana	leaf	Mesophyll	Mesophyll	True	4.0682826	5.5816135
scplantdb_DRP009643:DRX382001@@_ATGGGTTAGTCAACAA-1	Arabidopsis thaliana	leaf	Mesophyll	Mesophyll	True	5.101723	6.0147395
scplantdb_DRP009643:DRX382001@@_ATTCACTGTAAGAACT-1	Arabidopsis thaliana	leaf	Mesophyll	Mesophyll	True	4.4666824	5.7119484
scplantdb_DRP009643:DRX382001@@_CAACGGCGTTGCCGCA-1	Arabidopsis thaliana	leaf	Mesophyll	Mesophyll	True	6.2672567	6.175692
scplantdb_DRP009643:DRX382001@@_CACACAAAGTAACAGT-1	Arabidopsis thaliana	leaf	Mesophyll	Mesophyll	True	4.552727	5.459124
scplantdb_DRP009643:DRX382001@@_CACATGAAGTAGCATA-1	Arabidopsis thaliana	leaf	Mesophyll	Mesophyll	True	5.117813	6.6898828
scplantdb_DRP009643:DRX382001@@_CACATGATCGAACCTA-1	Arabidopsis thaliana	leaf	Mesophyll	Mesophyll	True	4.753604	5.4860907
scplantdb_DRP009643:DRX382001@@_CACGAATAGTGGACGT-1	Arabidopsis thaliana	leaf	Mesophyll	Mesophyll	True	4.9979095	5.6017723
scplantdb_DRP009643:DRX382001@@_CACGGGTGTTGCAACT-1	Arabidopsis thaliana	leaf	Mesophyll	Mesophyll	True	4.4714427	6.302022
scplantdb_DRP009643:DRX382001@@_CACGTTCTCGGCTGGT-1	Arabidopsis thaliana	leaf	Mesophyll	Mesophyll	True	3.9034224	6.2707515
scplantdb_DRP009643:DRX382001@@_CACTGAATCTGATGGT-1	Arabidopsis thaliana	leaf	Vascular tissue	Mesophyll	True	5.9415817	6.2470384
scplantdb_DRP009643:DRX382001@@_CACTGGGAGTGCACCC-1	Arabidopsis thaliana	leaf	Mesophyll	Mesophyll	True	4.0689464	6.2714815
scplantdb_DRP009643:DRX382001@@_CACTGTCGTACCCAGC-1	Arabidopsis thaliana	leaf	Vascular tissue	Mesophyll	True	4.7961416	5.5355387
scplantdb_DRP009643:DRX382001@@_CAGATTGTCCATAGAC-1	Arabidopsis thaliana	leaf	Mesophyll	Mesophyll	True	5.8947163	6.006337
scplantdb_DRP009643:DRX382001@@_CAGCAGCGTTCGCGTG-1	Arabidopsis thaliana	leaf	Vascular tissue	Mesophyll	True	4.4119177	6.057111
scplantdb_DRP009643:DRX382001@@_CAGCGTGTCACTGGTA-1	Arabidopsis thaliana	leaf	Mesophyll	Mesophyll	True	5.1418476	5.72381
scplantdb_DRP009643:DRX382001@@_CAGGGCTAGTCACTAC-1	Arabidopsis thaliana	leaf	Mesophyll	Mesophyll	True	3.9545321	5.794174
scplantdb_DRP009643:DRX382001@@_CATAAGCAGTTTGAGA-1	Arabidopsis thaliana	leaf	Mesophyll	Mesophyll	True	4.1739182	6.5147686
scplantdb_DRP009643:DRX382001@@_CATGAGTAGAGGGTCT-1	Arabidopsis thaliana	leaf	Mesophyll	Mesophyll	True	4.256806	6.5071664
scplantdb_DRP009643:DRX382001@@_CATGGTACACAGTCAT-1	Arabidopsis thaliana	leaf	Mesophyll	Mesophyll	True	4.005336	5.932107
scplantdb_DRP009643:DRX382001@@_CATTGAGCAGCTGTTA-1	Arabidopsis thaliana	leaf	Companion cell	Mesophyll	True	8.051055	8.6187935
scplantdb_DRP009643:DRX382001@@_CCACGAGTCGTTAGTG-1	Arabidopsis thaliana	leaf	Mesophyll	Mesophyll	True	5.15273	6.6322155
scplantdb_DRP009643:DRX382001@@_CCACTTGGTATACCTG-1	Arabidopsis thaliana	leaf	Mesophyll	Mesophyll	True	5.032434	6.53408
scplantdb_DRP009643:DRX382001@@_CCATCACAGAAACTAC-1	Arabidopsis thaliana	leaf	Mesophyll	Mesophyll	True	5.1574836	6.9456477
scplantdb_DRP009643:DRX382001@@_CCCTCTCTCGAACCTA-1	Arabidopsis thaliana	leaf	Mesophyll	Mesophyll	True	4.7959747	5.557978
scplantdb_DRP009643:DRX382001@@_CCCTTAGAGGTAGCCA-1	Arabidopsis thaliana	leaf	Mesophyll	Mesophyll	True	5.405643	5.6820745
scplantdb_DRP009643:DRX382001@@_CCCTTAGTCTCTCCGA-1	Arabidopsis thaliana	leaf	Mesophyll	Mesophyll	True	5.1915283	6.216534
scplantdb_DRP009643:DRX382001@@_CCGAACGCAATCGCCG-1	Arabidopsis thaliana	leaf	Mesophyll	Mesophyll	True	4.9289913	5.310242
scplantdb_DRP009643:DRX382001@@_CCGCAAGCAGTGCGCT-1	Arabidopsis thaliana	leaf	Mesophyll	Mesophyll	True	4.4205728	6.0029583
scplantdb_DRP009643:DRX382001@@_CCTCAACAGGGTCAAC-1	Arabidopsis thaliana	leaf	Mesophyll	Mesophyll	True	5.2261734	6.8323
scplantdb_DRP009643:DRX382001@@_CCTCAACCATCGAACT-1	Arabidopsis thaliana	leaf	Mesophyll	Mesophyll	True	6.327537	6.151087
scplantdb_DRP009643:DRX382001@@_CCTCTAGGTACTAACC-1	Arabidopsis thaliana	leaf	Mesophyll	Mesophyll	True	5.2916293	6.210885
scplantdb_DRP009643:DRX382001@@_CGAAGTTGTTCCGCGA-1	Arabidopsis thaliana	leaf	Leaf guard cell	Mesophyll	True	6.2163754	6.213318
scplantdb_DRP009643:DRX382001@@_CGAGAAGAGTAAACAC-1	Arabidopsis thaliana	leaf	Mesophyll	Mesophyll	True	4.681622	5.4785314
scplantdb_DRP009643:DRX382001@@_CGAGTTAGTCCCAAAT-1	Arabidopsis thaliana	leaf	Mesophyll	Mesophyll	True	4.9092617	5.4086633
scplantdb_DRP009643:DRX382001@@_CGCATAAAGAGTCCGA-1	Arabidopsis thaliana	leaf	Mesophyll	Mesophyll	True	5.0800014	5.738025
scplantdb_DRP009643:DRX382001@@_CGCCATTGTTCTTGTT-1	Arabidopsis thaliana	leaf	Mesophyll	Mesophyll	True	5.3750825	6.7093296
scplantdb_DRP009643:DRX382001@@_CGCGTGATCACTGGTA-1	Arabidopsis thaliana	leaf	Mesophyll	Mesophyll	True	5.762419	6.5723248
scplantdb_DRP009643:DRX382001@@_CGGAATTTCGAGAACG-1	Arabidopsis thaliana	leaf	Mesophyll	Mesophyll	True	5.387383	5.653871
scplantdb_DRP009643:DRX382001@@_CGGGTCAAGGTTGACG-1	Arabidopsis thaliana	leaf	Mesophyll	Mesophyll	True	5.4930468	5.454933
scplantdb_DRP009643:DRX382001@@_CGTAGTAGTACACGTT-1	Arabidopsis thaliana	leaf	Mesophyll	Mesophyll	True	4.994336	5.2566323
scplantdb_DRP009643:DRX382001@@_CGTGATAAGTGGCCTC-1	Arabidopsis thaliana	leaf	Mesophyll	Mesophyll	True	4.142674	5.717171
scplantdb_DRP009643:DRX382001@@_CTATCCGGTTGGGATG-1	Arabidopsis thaliana	leaf	Vascular tissue	Mesophyll	True	6.366003	6.6507897
scplantdb_DRP009643:DRX382001@@_CTATCTAAGATTGATG-1	Arabidopsis thaliana	leaf	Mesophyll	Mesophyll	True	3.7973287	5.6792755
scplantdb_DRP009643:DRX382001@@_CTCAAGATCCACGAAT-1	Arabidopsis thaliana	leaf	Mesophyll	Mesophyll	True	5.7809653	6.384094
scplantdb_DRP009643:DRX382001@@_CTCAATTAGGTTGCCC-1	Arabidopsis thaliana	leaf	Mesophyll	Mesophyll	True	4.2172847	6.4460545
scplantdb_DRP009643:DRX382001@@_CTCACTGTCTCACCCA-1	Arabidopsis thaliana	leaf	Mesophyll	Mesophyll	True	5.0604215	6.8637686
scplantdb_DRP009643:DRX382001@@_CTCATGCGTAGCGTTT-1	Arabidopsis thaliana	leaf	Mesophyll	Mesophyll	True	4.900319	6.1065583
scplantdb_DRP009643:DRX382001@@_CTCATTATCAAGAGGC-1	Arabidopsis thaliana	leaf	Mesophyll	Mesophyll	True	5.961836	5.8520365
scplantdb_DRP009643:DRX382001@@_CTCCAACTCACTCTTA-1	Arabidopsis thaliana	leaf	Mesophyll	Mesophyll	True	4.608978	5.7376866
scplantdb_DRP009643:DRX382001@@_CTCCACAGTAGGTACG-1	Arabidopsis thaliana	leaf	Vascular tissue	Mesophyll	True	5.1610913	5.785591
scplantdb_DRP009643:DRX382001@@_CTGAGCGGTGTTATCG-1	Arabidopsis thaliana	leaf	Mesophyll	Mesophyll	True	3.7523897	5.676747
scplantdb_DRP009643:DRX382001@@_CTGCCTAAGCGACCCT-1	Arabidopsis thaliana	leaf	Mesophyll	Mesophyll	True	5.1959677	5.3182983
scplantdb_DRP009643:DRX382001@@_CTGTCGTAGTAAGGGA-1	Arabidopsis thaliana	leaf	Mesophyll	Mesophyll	True	5.353225	5.818846
scplantdb_DRP009643:DRX382001@@_CTGTGGGTCATTTGTC-1	Arabidopsis thaliana	leaf	Mesophyll	Mesophyll	True	4.4771743	6.773396
scplantdb_DRP009643:DRX382001@@_CTTACCGGTCATCGCG-1	Arabidopsis thaliana	leaf	Mesophyll	Mesophyll	True	4.4074254	5.406394
scplantdb_DRP009643:DRX382001@@_CTTCAATGTTGTACGT-1	Arabidopsis thaliana	leaf	Mesophyll	Mesophyll	True	4.695055	5.642284
scplantdb_DRP009643:DRX382001@@_CTTCAATTCAGTGTTG-1	Arabidopsis thaliana	leaf	Mesophyll	Mesophyll	True	4.5470214	5.5698476
scplantdb_DRP009643:DRX382001@@_CTTCTCTAGTCATACC-1	Arabidopsis thaliana	leaf	Mesophyll	Mesophyll	True	5.1988106	5.9332166
scplantdb_DRP009643:DRX382001@@_CTTTCAAGTAACCCGC-1	Arabidopsis thaliana	leaf	Mesophyll	Mesophyll	True	4.301571	5.868601
scplantdb_DRP009643:DRX382001@@_GAAACCTTCACATCAG-1	Arabidopsis thaliana	leaf	Mesophyll	Mesophyll	True	4.7872014	7.0050683
scplantdb_DRP009643:DRX382001@@_GAAATGACAGTAGTGG-1	Arabidopsis thaliana	leaf	Mesophyll	Mesophyll	True	5.39273	5.633714
scplantdb_DRP009643:DRX382001@@_GAAGCCCTCGCTACGG-1	Arabidopsis thaliana	leaf	Vascular tissue	Mesophyll	True	4.9889174	6.760523
scplantdb_DRP009643:DRX382001@@_GAAGGACGTCGAAGCA-1	Arabidopsis thaliana	leaf	Mesophyll	Mesophyll	True	3.8298256	5.7472653
scplantdb_DRP009643:DRX382001@@_GAATAGAAGAATAACC-1	Arabidopsis thaliana	leaf	Mesophyll	Mesophyll	True	5.6090517	5.536502
scplantdb_DRP009643:DRX382001@@_GACCCTTCACTGCTTC-1	Arabidopsis thaliana	leaf	Mesophyll	Mesophyll	True	5.016912	5.483642
scplantdb_DRP009643:DRX382001@@_GACGCTGCAAGCACCC-1	Arabidopsis thaliana	leaf	Mesophyll	Mesophyll	True	3.9565928	5.7935815
scplantdb_DRP009643:DRX382001@@_GACTATGAGGCGACAT-1	Arabidopsis thaliana	leaf	Companion cell	Mesophyll	True	8.06969	8.647396
scplantdb_DRP009643:DRX382001@@_GACTATGGTCGGTACC-1	Arabidopsis thaliana	leaf	Mesophyll	Mesophyll	True	5.208223	6.6674876
scplantdb_DRP009643:DRX382001@@_GACTTCCCAGCGACAA-1	Arabidopsis thaliana	leaf	Mesophyll	Mesophyll	True	5.257507	6.9456606
scplantdb_DRP009643:DRX382001@@_GAGAAATAGTTCTCTT-1	Arabidopsis thaliana	leaf	Mesophyll	Mesophyll	True	4.7073126	6.12181
scplantdb_DRP009643:DRX382001@@_GAGACTTAGGTGGGTT-1	Arabidopsis thaliana	leaf	Mesophyll	Mesophyll	True	4.36704	5.805304
scplantdb_DRP009643:DRX382001@@_GAGCCTGAGTTAGAAC-1	Arabidopsis thaliana	leaf	Mesophyll	Mesophyll	True	5.871644	6.3502517
scplantdb_DRP009643:DRX382001@@_GAGGCCTCAGGAATAT-1	Arabidopsis thaliana	leaf	Mesophyll	Mesophyll	True	4.137153	5.797364
scplantdb_DRP009643:DRX382001@@_GAGTGTTTCTAACACG-1	Arabidopsis thaliana	leaf	Mesophyll	Mesophyll	True	4.2887373	5.6815066
scplantdb_DRP009643:DRX382001@@_GATCACATCTTAAGGC-1	Arabidopsis thaliana	leaf	Mesophyll	Mesophyll	True	4.356771	6.853824
scplantdb_DRP009643:DRX382001@@_GATCGTAGTTCTCAGA-1	Arabidopsis thaliana	leaf	Mesophyll	Mesophyll	True	5.5745616	5.7899323
scplantdb_DRP009643:DRX382001@@_GATGATCTCACCATGA-1	Arabidopsis thaliana	leaf	Mesophyll	Mesophyll	True	5.2574615	5.8499312
scplantdb_DRP009643:DRX382001@@_GATGTTGTCTCATGGA-1	Arabidopsis thaliana	leaf	Mesophyll	Mesophyll	True	5.632575	5.922661
scplantdb_DRP009643:DRX382001@@_GCAACATGTCCATACA-1	Arabidopsis thaliana	leaf	Mesophyll	Mesophyll	True	5.9447803	6.061707
scplantdb_DRP009643:DRX382001@@_GCACGGTAGTGCTCGC-1	Arabidopsis thaliana	leaf	Mesophyll	Mesophyll	True	5.8286514	6.3761716
scplantdb_DRP009643:DRX382001@@_GCATCTCTCCGATGTA-1	Arabidopsis thaliana	leaf	Mesophyll	Mesophyll	True	5.0745606	6.300335
scplantdb_DRP009643:DRX382001@@_GCATGATAGTTAGTGA-1	Arabidopsis thaliana	leaf	Mesophyll	Mesophyll	True	3.9528031	5.8499484
scplantdb_DRP009643:DRX382001@@_GCATTAGTCCTAGAGT-1	Arabidopsis thaliana	leaf	Mesophyll	Mesophyll	True	4.041613	5.8775225
scplantdb_DRP009643:DRX382001@@_GCCAACGGTCCTATAG-1	Arabidopsis thaliana	leaf	Mesophyll	Mesophyll	True	4.8942924	5.975224
scplantdb_DRP009643:DRX382001@@_GCCAGGTCAAATCGTC-1	Arabidopsis thaliana	leaf	Mesophyll	Mesophyll	True	4.2438188	5.6009507
scplantdb_DRP009643:DRX382001@@_GCCGTGATCCTGCCAT-1	Arabidopsis thaliana	leaf	Mesophyll	Mesophyll	True	5.519215	5.6164966
scplantdb_DRP009643:DRX382001@@_GCCTGTTCAAAGGAGA-1	Arabidopsis thaliana	leaf	Mesophyll	Mesophyll	True	4.211906	6.103871
scplantdb_DRP009643:DRX382001@@_GCGTGCAAGATGACAT-1	Arabidopsis thaliana	leaf	Mesophyll	Mesophyll	True	4.843745	5.3211045
scplantdb_DRP009643:DRX382001@@_GCTACAAAGCACTCAT-1	Arabidopsis thaliana	leaf	Mesophyll	Mesophyll	True	5.1023464	6.71512
scplantdb_DRP009643:DRX382001@@_GCTACAATCTACTGCC-1	Arabidopsis thaliana	leaf	Mesophyll	Mesophyll	True	5.2531295	5.760615
scplantdb_DRP009643:DRX382001@@_GCTTGGGCACAGCTGC-1	Arabidopsis thaliana	leaf	Mesophyll	Mesophyll	True	5.061494	5.2669954
scplantdb_DRP009643:DRX382001@@_GGAACCCCACGACAGA-1	Arabidopsis thaliana	leaf	Mesophyll	Mesophyll	True	4.29868	6.50946
scplantdb_DRP009643:DRX382001@@_GGAACCCGTCGGCACT-1	Arabidopsis thaliana	leaf	Mesophyll	Mesophyll	True	5.0328293	6.20669
scplantdb_DRP009643:DRX382001@@_GGAACCCTCCGGCAGT-1	Arabidopsis thaliana	leaf	Mesophyll	Mesophyll	True	4.803611	5.8659024
scplantdb_DRP009643:DRX382001@@_GGACGTCTCGCATTAG-1	Arabidopsis thaliana	leaf	Mesophyll	Mesophyll	True	5.9625072	5.9843946
scplantdb_DRP009643:DRX382001@@_GGAGCAACAGGGCTTC-1	Arabidopsis thaliana	leaf	Mesophyll	Mesophyll	True	4.0636525	6.4458537
scplantdb_DRP009643:DRX382001@@_GGAGCAACATTGAAAG-1	Arabidopsis thaliana	leaf	Mesophyll	Mesophyll	True	5.1364655	5.26849
scplantdb_DRP009643:DRX382001@@_GGGACAACATCCTGTC-1	Arabidopsis thaliana	leaf	Mesophyll	Mesophyll	True	4.0550127	5.6570354
scplantdb_DRP009643:DRX382001@@_GGGCCATCAGAGATTA-1	Arabidopsis thaliana	leaf	Mesophyll	Mesophyll	True	4.254424	6.2336087
scplantdb_DRP009643:DRX382001@@_GGGCTCAAGCGCCTTG-1	Arabidopsis thaliana	leaf	Mesophyll	Mesophyll	True	3.9739928	5.314544
scplantdb_DRP009643:DRX382001@@_GGGTATTAGCAGGGAG-1	Arabidopsis thaliana	leaf	Mesophyll	Mesophyll	True	4.2819133	5.6461473
scplantdb_DRP009643:DRX382001@@_GTAAGTCCAATAGTAG-1	Arabidopsis thaliana	leaf	Mesophyll	Mesophyll	True	4.638349	6.6184587
scplantdb_DRP009643:DRX382001@@_GTAAGTCCAGACGATG-1	Arabidopsis thaliana	leaf	Mesophyll	Mesophyll	True	5.3563437	6.8301697
scplantdb_DRP009643:DRX382001@@_GTACAACCACAACATC-1	Arabidopsis thaliana	leaf	Mesophyll	Mesophyll	True	5.255358	5.4346404
scplantdb_DRP009643:DRX382001@@_GTACAGTTCACTTGTT-1	Arabidopsis thaliana	leaf	Mesophyll	Mesophyll	True	5.831634	5.8888435
scplantdb_DRP009643:DRX382001@@_GTATTGGGTCCACATA-1	Arabidopsis thaliana	leaf	Mesophyll	Mesophyll	True	4.330177	5.559554
scplantdb_DRP009643:DRX382001@@_GTCAAACAGTTTCGAC-1	Arabidopsis thaliana	leaf	Mesophyll	Mesophyll	True	4.815615	6.2486396
scplantdb_DRP009643:DRX382001@@_GTCCTCATCGGAGCAA-1	Arabidopsis thaliana	leaf	Mesophyll	Mesophyll	True	4.9103527	5.3367777
scplantdb_DRP009643:DRX382001@@_GTCTCACCAGCATCTA-1	Arabidopsis thaliana	leaf	Mesophyll	Mesophyll	True	5.2965302	5.923481
scplantdb_DRP009643:DRX382001@@_GTGAGGAAGGTGATCG-1	Arabidopsis thaliana	leaf	Mesophyll	Mesophyll	True	5.554145	5.690805
scplantdb_DRP009643:DRX382001@@_GTGAGTTCAAGTTCCA-1	Arabidopsis thaliana	leaf	Mesophyll	Mesophyll	True	5.2190895	6.088123
scplantdb_DRP009643:DRX382001@@_GTGGGAATCCAAGCAT-1	Arabidopsis thaliana	leaf	Mesophyll	Mesophyll	True	4.0365653	6.580982
scplantdb_DRP009643:DRX382001@@_GTGGTTAAGAAACTGT-1	Arabidopsis thaliana	leaf	Mesophyll	Mesophyll	True	4.762969	6.3669524
scplantdb_DRP009643:DRX382001@@_GTGGTTATCTGAGGCC-1	Arabidopsis thaliana	leaf	Mesophyll	Mesophyll	True	4.7448187	5.5434937
scplantdb_DRP009643:DRX382001@@_GTGTGATCAAGAATAC-1	Arabidopsis thaliana	leaf	Mesophyll	Mesophyll	True	4.908351	6.80363
scplantdb_DRP009643:DRX382001@@_GTGTGATGTAGGATAT-1	Arabidopsis thaliana	leaf	Mesophyll	Mesophyll	True	4.285941	6.6719017
scplantdb_DRP009643:DRX382001@@_GTTACAGGTCAACCTA-1	Arabidopsis thaliana	leaf	Vascular tissue	Mesophyll	True	6.1559396	6.226212
scplantdb_DRP009643:DRX382001@@_GTTACAGGTGCAGGAT-1	Arabidopsis thaliana	leaf	Mesophyll	Mesophyll	True	5.973924	5.9578238
scplantdb_DRP009643:DRX382001@@_GTTATGGAGAAGCCAC-1	Arabidopsis thaliana	leaf	Mesophyll	Mesophyll	True	5.0016956	6.3345723
scplantdb_DRP009643:DRX382001@@_GTTCTATAGTACGTCT-1	Arabidopsis thaliana	leaf	Mesophyll	Mesophyll	True	5.693203	6.329806
scplantdb_DRP009643:DRX382001@@_GTTGAACGTTTACGAC-1	Arabidopsis thaliana	leaf	Mesophyll	Mesophyll	True	5.1200805	6.372175
scplantdb_DRP009643:DRX382001@@_GTTGTAGTCGACACCG-1	Arabidopsis thaliana	leaf	Mesophyll	Mesophyll	True	4.4533954	6.5166807
scplantdb_DRP009643:DRX382001@@_GTTGTCCGTTGCATGT-1	Arabidopsis thaliana	leaf	Mesophyll	Mesophyll	True	3.8951392	5.476269
scplantdb_DRP009643:DRX382001@@_GTTTGGAGTCGAGTGA-1	Arabidopsis thaliana	leaf	Mesophyll	Mesophyll	True	4.0719333	6.651684
scplantdb_DRP009643:DRX382001@@_TAACACGAGCTCCGAC-1	Arabidopsis thaliana	leaf	Mesophyll	Mesophyll	True	6.0675106	6.0170965
scplantdb_DRP009643:DRX382001@@_TAACCAGAGAGCCGAT-1	Arabidopsis thaliana	leaf	Mesophyll	Mesophyll	True	5.1281796	6.852659
scplantdb_DRP009643:DRX382001@@_TAAGCGTTCTCTGCTG-1	Arabidopsis thaliana	leaf	Mesophyll	Mesophyll	True	5.2813854	5.529945
scplantdb_DRP009643:DRX382001@@_TAATCTCCACTGGCGT-1	Arabidopsis thaliana	leaf	Mesophyll	Mesophyll	True	4.959185	5.42402
scplantdb_DRP009643:DRX382001@@_TAATTCCAGTGACACG-1	Arabidopsis thaliana	leaf	Mesophyll	Mesophyll	True	5.3025446	6.9174747
scplantdb_DRP009643:DRX382001@@_TAATTCCAGTTTGAGA-1	Arabidopsis thaliana	leaf	Mesophyll	Mesophyll	True	5.3458133	6.9029956
scplantdb_DRP009643:DRX382001@@_TAATTCCGTTGCCTAA-1	Arabidopsis thaliana	leaf	Mesophyll	Mesophyll	True	6.3293486	6.1581583
scplantdb_DRP009643:DRX382001@@_TACCCGTTCCGCACGA-1	Arabidopsis thaliana	leaf	Mesophyll	Mesophyll	True	4.0171003	5.4006224
scplantdb_DRP009643:DRX382001@@_TACCCGTTCTGGACCG-1	Arabidopsis thaliana	leaf	Mesophyll	Mesophyll	True	4.8266	6.8929443
scplantdb_DRP009643:DRX382001@@_TACGGGCTCAATGCAC-1	Arabidopsis thaliana	leaf	Mesophyll	Mesophyll	True	4.767423	6.9064326
scplantdb_DRP009643:DRX382001@@_TACGTCCAGCATGCAG-1	Arabidopsis thaliana	leaf	Mesophyll	Mesophyll	True	4.570664	6.4931602
scplantdb_DRP009643:DRX382001@@_TAGACCATCGGCTCTT-1	Arabidopsis thaliana	leaf	Mesophyll	Mesophyll	True	4.9574122	6.8163877
scplantdb_DRP009643:DRX382001@@_TAGGGTTTCTTCTGGC-1	Arabidopsis thaliana	leaf	Mesophyll	Mesophyll	True	5.678432	6.644614
scplantdb_DRP009643:DRX382001@@_TAGGTACTCCGCGATG-1	Arabidopsis thaliana	leaf	Vascular tissue	Mesophyll	True	4.767897	5.3641744
scplantdb_DRP009643:DRX382001@@_TATATCCGTCGTGGTC-1	Arabidopsis thaliana	leaf	Mesophyll	Mesophyll	True	5.511097	6.7959166
scplantdb_DRP009643:DRX382001@@_TATCGCCTCGAAGCCC-1	Arabidopsis thaliana	leaf	Vascular tissue	Mesophyll	True	5.7482014	6.4516196
scplantdb_DRP009643:DRX382001@@_TATCTGTGTCGTTTCC-1	Arabidopsis thaliana	leaf	Mesophyll	Mesophyll	True	5.3807836	6.3456545
scplantdb_DRP009643:DRX382001@@_TATTCCACAGCCGTTG-1	Arabidopsis thaliana	leaf	Mesophyll	Mesophyll	True	5.144386	6.1041937
scplantdb_DRP009643:DRX382001@@_TATTCCATCGGCTATA-1	Arabidopsis thaliana	leaf	Mesophyll	Mesophyll	True	4.5781627	6.9364133
scplantdb_DRP009643:DRX382001@@_TATTGGGCACCAAATC-1	Arabidopsis thaliana	leaf	Mesophyll	Mesophyll	True	4.301131	6.7591343
scplantdb_DRP009643:DRX382001@@_TATTGGGCAGTAGGAC-1	Arabidopsis thaliana	leaf	Mesophyll	Mesophyll	True	4.992156	5.305353
scplantdb_DRP009643:DRX382001@@_TATTTCGAGTACAACA-1	Arabidopsis thaliana	leaf	Mesophyll	Mesophyll	True	3.998765	6.519592
scplantdb_DRP009643:DRX382001@@_TCACACCGTGTTTGCA-1	Arabidopsis thaliana	leaf	Mesophyll	Mesophyll	True	4.756524	5.811027
scplantdb_DRP009643:DRX382001@@_TCACGGGAGACATATG-1	Arabidopsis thaliana	leaf	Mesophyll	Mesophyll	True	4.882293	5.543953
scplantdb_DRP009643:DRX382001@@_TCACGGGGTGTTTACG-1	Arabidopsis thaliana	leaf	Mesophyll	Mesophyll	True	5.797883	6.174868
scplantdb_DRP009643:DRX382001@@_TCAGCAATCTACTGCC-1	Arabidopsis thaliana	leaf	Mesophyll	Mesophyll	True	5.153287	6.063056
scplantdb_DRP009643:DRX382001@@_TCAGTTTAGGCGTTAG-1	Arabidopsis thaliana	leaf	Vascular tissue	Mesophyll	True	4.689818	6.527917
scplantdb_DRP009643:DRX382001@@_TCATACTTCCAAGCAT-1	Arabidopsis thaliana	leaf	Mesophyll	Mesophyll	True	6.0825543	6.55647
scplantdb_DRP009643:DRX382001@@_TCATTACCAATACGAA-1	Arabidopsis thaliana	leaf	Mesophyll	Mesophyll	True	4.0007615	6.4239535
scplantdb_DRP009643:DRX382001@@_TCCAGAATCGTCCTTG-1	Arabidopsis thaliana	leaf	Mesophyll	Mesophyll	True	4.6261063	6.654819
scplantdb_DRP009643:DRX382001@@_TCCCACATCCAATGCA-1	Arabidopsis thaliana	leaf	Mesophyll	Mesophyll	True	6.0525603	5.996952
scplantdb_DRP009643:DRX382001@@_TCCCACATCTACTATC-1	Arabidopsis thaliana	leaf	Mesophyll	Mesophyll	True	4.1464524	5.41209
scplantdb_DRP009643:DRX382001@@_TCCCAGTGTAATGATG-1	Arabidopsis thaliana	leaf	Mesophyll	Mesophyll	True	4.146932	5.6611786
scplantdb_DRP009643:DRX382001@@_TCCTCTTTCTGGGCAC-1	Arabidopsis thaliana	leaf	Sieve element	Mesophyll	False	5.508844	6.9032745
scplantdb_DRP009643:DRX382001@@_TCGACCTTCCGCACGA-1	Arabidopsis thaliana	leaf	Mesophyll	Mesophyll	True	5.8645625	6.245647
scplantdb_DRP009643:DRX382001@@_TCGCACTGTTACCCTC-1	Arabidopsis thaliana	leaf	Mesophyll	Mesophyll	True	6.161043	5.9328303
scplantdb_DRP009643:DRX382001@@_TCTAACTAGTAGGCCA-1	Arabidopsis thaliana	leaf	Mesophyll	Mesophyll	True	4.449817	6.8710833
scplantdb_DRP009643:DRX382001@@_TCTATACCAGTTGCGC-1	Arabidopsis thaliana	leaf	Mesophyll	Mesophyll	True	4.8132706	5.3617587
scplantdb_DRP009643:DRX382001@@_TCTCACGCAGCATCTA-1	Arabidopsis thaliana	leaf	Mesophyll	Mesophyll	True	3.8528342	5.892178
scplantdb_DRP009643:DRX382001@@_TGACTCCAGCAATAGT-1	Arabidopsis thaliana	leaf	Mesophyll	Mesophyll	True	6.266334	6.088764
scplantdb_DRP009643:DRX382001@@_TGAGGGAAGGGATGTC-1	Arabidopsis thaliana	leaf	Mesophyll	Mesophyll	True	4.9173493	5.442894
scplantdb_DRP009643:DRX382001@@_TGATGCAAGGAAGTCC-1	Arabidopsis thaliana	leaf	Mesophyll	Mesophyll	True	4.0529013	6.700825
scplantdb_DRP009643:DRX382001@@_TGATGCACAATACCTG-1	Arabidopsis thaliana	leaf	Mesophyll	Mesophyll	True	3.7735107	5.6633186
scplantdb_DRP009643:DRX382001@@_TGATGGTTCTAAGCGT-1	Arabidopsis thaliana	leaf	Vascular tissue	Mesophyll	True	3.985942	5.531773
scplantdb_DRP009643:DRX382001@@_TGCACGGAGTGCCCGT-1	Arabidopsis thaliana	leaf	Mesophyll	Mesophyll	True	4.0510545	6.580266
scplantdb_DRP009643:DRX382001@@_TGCACGGTCTTCGTGC-1	Arabidopsis thaliana	leaf	Mesophyll	Mesophyll	True	4.063851	5.562002
scplantdb_DRP009643:DRX382001@@_TGCAGTACACTTTATC-1	Arabidopsis thaliana	leaf	Mesophyll	Mesophyll	True	4.3042	6.817537
scplantdb_DRP009643:DRX382001@@_TGCGACGAGATAGTGT-1	Arabidopsis thaliana	leaf	Vascular tissue	Mesophyll	True	6.28234	5.9726086
scplantdb_DRP009643:DRX382001@@_TGGAACTCAAAGAACT-1	Arabidopsis thaliana	leaf	Mesophyll	Mesophyll	True	4.058041	6.5406775
scplantdb_DRP009643:DRX382001@@_TGGAGGAGTTTGGAGG-1	Arabidopsis thaliana	leaf	Mesophyll	Mesophyll	True	6.010002	6.2980146
scplantdb_DRP009643:DRX382001@@_TGGATCAAGAAGGCTC-1	Arabidopsis thaliana	leaf	Vascular tissue	Mesophyll	True	6.0906744	5.989166
scplantdb_DRP009643:DRX382001@@_TGGGAGAGTAGCTTGT-1	Arabidopsis thaliana	leaf	Mesophyll	Mesophyll	True	4.810107	5.9928117
scplantdb_DRP009643:DRX382001@@_TGGGAGATCTTTCAGT-1	Arabidopsis thaliana	leaf	Mesophyll	Mesophyll	True	4.7419615	6.800314
scplantdb_DRP009643:DRX382001@@_TGGTTAGTCTGTAAGC-1	Arabidopsis thaliana	leaf	Mesophyll	Mesophyll	True	4.9948153	5.232862
scplantdb_DRP009643:DRX382001@@_TGTCCTGCATTGAAGA-1	Arabidopsis thaliana	leaf	Mesophyll	Mesophyll	True	4.9037514	5.3986297
scplantdb_DRP009643:DRX382001@@_TGTGAGTAGCTGTGCC-1	Arabidopsis thaliana	leaf	Mesophyll	Mesophyll	True	5.5637226	5.6427937
scplantdb_DRP009643:DRX382001@@_TGTGATGTCATGCCGG-1	Arabidopsis thaliana	leaf	Leaf guard cell	Mesophyll	True	7.8016906	8.318122
scplantdb_DRP009643:DRX382001@@_TGTTTGTTCTACGGGC-1	Arabidopsis thaliana	leaf	Mesophyll	Mesophyll	True	3.9087355	5.808285
scplantdb_DRP009643:DRX382001@@_TTACGCCTCCCATAAG-1	Arabidopsis thaliana	leaf	Mesophyll	Mesophyll	True	5.575985	5.8394127
scplantdb_DRP009643:DRX382001@@_TTACGTTTCATCGACA-1	Arabidopsis thaliana	leaf	Mesophyll	Mesophyll	True	4.202447	5.6193795
scplantdb_DRP009643:DRX382001@@_TTAGGCATCGTTACCC-1	Arabidopsis thaliana	leaf	Mesophyll	Mesophyll	True	5.3421474	6.9161587
scplantdb_DRP009643:DRX382001@@_TTAGTCTAGCCACTCG-1	Arabidopsis thaliana	leaf	Mesophyll	Mesophyll	True	4.679652	6.0307927
scplantdb_DRP009643:DRX382001@@_TTCATTGCAGGTCTCG-1	Arabidopsis thaliana	leaf	Mesophyll	Mesophyll	True	5.4807663	5.780317
scplantdb_DRP009643:DRX382001@@_TTCCTAAAGCAACCAG-1	Arabidopsis thaliana	leaf	Mesophyll	Mesophyll	True	5.20494	5.7101784
scplantdb_DRP009643:DRX382001@@_TTCCTTCCAGCCTTCT-1	Arabidopsis thaliana	leaf	Mesophyll	Mesophyll	True	5.147645	5.572949
scplantdb_DRP009643:DRX382001@@_TTCTAGTGTCCTGGGT-1	Arabidopsis thaliana	leaf	Mesophyll	Mesophyll	True	4.8030915	6.5154047
scplantdb_DRP009643:DRX382001@@_TTCTAGTTCTTTCAGT-1	Arabidopsis thaliana	leaf	Mesophyll	Mesophyll	True	5.3606257	5.863349
scplantdb_DRP009643:DRX382001@@_TTCTGTATCTGCTCTG-1	Arabidopsis thaliana	leaf	Mesophyll	Mesophyll	True	5.9944186	5.995978
scplantdb_DRP009643:DRX382001@@_TTCTTGATCATTTCGT-1	Arabidopsis thaliana	leaf	Mesophyll	Mesophyll	True	5.2502112	6.7138023
scplantdb_DRP009643:DRX382001@@_TTGCATTGTACCGGCT-1	Arabidopsis thaliana	leaf	Mesophyll	Mesophyll	True	5.358957	6.887598
scplantdb_DRP009643:DRX382001@@_TTGCATTGTCATCCGG-1	Arabidopsis thaliana	leaf	Mesophyll	Mesophyll	True	5.8221297	6.6996865
scplantdb_DRP009643:DRX382001@@_TTGCGTCTCGAACTCA-1	Arabidopsis thaliana	leaf	Mesophyll	Mesophyll	True	6.3074207	6.048241
scplantdb_DRP009643:DRX382001@@_TTGCTGCAGGAGAATG-1	Arabidopsis thaliana	leaf	Mesophyll	Mesophyll	True	4.7375016	6.1467266
scplantdb_DRP009643:DRX382001@@_TTTAGTCTCTGCGATA-1	Arabidopsis thaliana	leaf	Mesophyll	Mesophyll	True	4.838238	6.172837
scplantdb_DRP009643:DRX382001@@_TTTCACAGTCTTAGTG-1	Arabidopsis thaliana	leaf	Mesophyll	Mesophyll	True	5.367421	6.223903
scplantdb_DRP009643:DRX382001@@_TTTCACATCTGTTCAT-1	Arabidopsis thaliana	leaf	Vascular tissue	Mesophyll	True	6.5180607	6.3509016
scplantdb_DRP009643:DRX382001@@_TTTCCTCAGGCACTCC-1	Arabidopsis thaliana	leaf	Mesophyll	Mesophyll	True	4.452463	6.6913667
scplantdb_DRP009643:DRX382001@@_TTTGGAGGTTGTGCAT-1	Arabidopsis thaliana	leaf	Mesophyll	Mesophyll	True	4.1316385	6.6713443
scplantdb_SRP148288:SRX4098368@@_TAACCCGCGCTA	Arabidopsis thaliana	root	Root cortex	unannotated root	False	20.868921	6.366393
scplantdb_SRP148288:SRX4098368@@_TGATTGATCTCC	Arabidopsis thaliana	root	Phloem	unannotated root	True	21.875305	4.4643083
scplantdb_SRP148288:SRX4098368@@_ACGCGCACGATC	Arabidopsis thaliana	root	Phloem	unannotated root	True	21.873638	4.4963346
scplantdb_SRP148288:SRX4098368@@_TGAGTTTAGCTA	Arabidopsis thaliana	root	Root cortex	unannotated root	False	21.444221	5.7102423
scplantdb_SRP148288:SRX4098368@@_CTTACTATCCGT	Arabidopsis thaliana	root	Non-hair	unannotated root	False	21.026907	5.652163
scplantdb_SRP148288:SRX4098368@@_TCGGTTTTTCCG	Arabidopsis thaliana	root	Non-hair	unannotated root	False	20.792006	5.5717006
scplantdb_SRP148288:SRX4098368@@_ACAGTGGCTCGG	Arabidopsis thaliana	root	Root cap	unannotated root	False	20.731394	6.6027493
scplantdb_SRP148288:SRX4098368@@_TCTTGGCCGAGA	Arabidopsis thaliana	root	Root endodermis	unannotated root	False	21.747225	5.4325256
scplantdb_SRP148288:SRX4098368@@_TTGTTGTCATAT	Arabidopsis thaliana	root	Root cortex	unannotated root	False	21.690628	5.363347
scplantdb_SRP148288:SRX4098368@@_GAGTCTGACTCC	Arabidopsis thaliana	root	Lateral root cap	unannotated root	False	20.706104	6.6852064
scplantdb_SRP148288:SRX4098368@@_TCTGGTGGCGTC	Arabidopsis thaliana	root	Lateral root cap	unannotated root	False	20.709892	6.739505
scplantdb_SRP148288:SRX4098369@@_GATCTAGCGAGG	Arabidopsis thaliana	root	G2/M phase	unannotated root	False	21.186071	5.600683
scplantdb_SRP148288:SRX4098369@@_TTTGTGCTTAAT	Arabidopsis thaliana	root	Root cortex	unannotated root	False	21.173882	5.569326
scplantdb_SRP148288:SRX4098369@@_AGCTCGACCTTT	Arabidopsis thaliana	root	Root cap	unannotated root	False	21.036255	5.6532207
scplantdb_SRP148288:SRX4098369@@_GTTTTCTCGATA	Arabidopsis thaliana	root	Root cortex	unannotated root	False	20.999794	6.0928054
scplantdb_SRP148288:SRX4098369@@_ACGAAGTTCATA	Arabidopsis thaliana	root	S phase	unannotated root	False	21.641773	5.2384763
scplantdb_SRP148288:SRX4098369@@_GGCCGTTTCAGA	Arabidopsis thaliana	root	Root cortex	unannotated root	False	21.320839	5.70697
scplantdb_SRP148288:SRX4098369@@_CATCAACGGTCC	Arabidopsis thaliana	root	S phase	unannotated root	False	21.374542	5.5733275
scplantdb_SRP148288:SRX4098369@@_GCCTGGAAGGAG	Arabidopsis thaliana	root	S phase	unannotated root	False	20.479784	3.3823104
scplantdb_SRP148288:SRX4098369@@_CAGAGGGTACAA	Arabidopsis thaliana	root	S phase	unannotated root	False	20.675966	5.851291
scplantdb_SRP148288:SRX4098369@@_TTGTGCGAGCCG	Arabidopsis thaliana	root	Root cap	unannotated root	False	21.434946	5.4589467
scplantdb_SRP148288:SRX4098369@@_CACTAGGCCTCC	Arabidopsis thaliana	root	Root cortex	unannotated root	False	20.832335	6.0793085
scplantdb_SRP148288:SRX4098369@@_CGATCAACAGCC	Arabidopsis thaliana	root	Root cortex	unannotated root	False	20.93412	5.71996
scplantdb_SRP148288:SRX4098369@@_ATTTGGAGACGC	Arabidopsis thaliana	root	Root cortex	unannotated root	False	21.716146	5.316292
scplantdb_SRP148288:SRX4098369@@_CCATTAGGCTGA	Arabidopsis thaliana	root	Root cortex	unannotated root	False	20.885141	6.105966
scplantdb_SRP148288:SRX4098369@@_GTGCTGTCGTTG	Arabidopsis thaliana	root	Root cap	unannotated root	False	20.806381	6.414258
scplantdb_SRP148288:SRX4098369@@_CCCCGGTAGCTA	Arabidopsis thaliana	root	Root cortex	unannotated root	False	21.507864	5.656529
scplantdb_SRP148288:SRX4098369@@_TTTGTTAAATCG	Arabidopsis thaliana	root	Phloem	unannotated root	True	21.75316	5.6569057
scplantdb_SRP148288:SRX4098369@@_TTCACTCGCATA	Arabidopsis thaliana	root	Root cortex	unannotated root	False	21.120632	5.68527
scplantdb_SRP148288:SRX4098369@@_CCCAGAACTGGT	Arabidopsis thaliana	root	Root cortex	unannotated root	False	20.955223	5.926171
scplantdb_SRP148288:SRX4098369@@_AGCTTATGCGTT	Arabidopsis thaliana	root	Root cap	unannotated root	False	21.553228	5.635611
scplantdb_SRP148288:SRX4098369@@_GGTCATGGTCGC	Arabidopsis thaliana	root	Root cortex	unannotated root	False	21.200489	5.702479
scplantdb_SRP148288:SRX4098369@@_AATTTCGTCGCC	Arabidopsis thaliana	root	G2/M phase	unannotated root	False	20.695986	5.519931
scplantdb_SRP148288:SRX4098369@@_AGTTTGACCATA	Arabidopsis thaliana	root	G2/M phase	unannotated root	False	20.593163	5.429966
scplantdb_SRP148288:SRX4098369@@_GGCTGGGCCTTA	Arabidopsis thaliana	root	Root cortex	unannotated root	False	21.551647	5.4406223
scplantdb_SRP148288:SRX4098369@@_TTCTCTACCACC	Arabidopsis thaliana	root	Root hair	unannotated root	False	21.560555	5.3456955
scplantdb_SRP148288:SRX4098369@@_CGACTGTTCCAG	Arabidopsis thaliana	root	Root cap	unannotated root	False	20.840551	6.497043
scplantdb_SRP148288:SRX4098369@@_CAAAGCGACCCG	Arabidopsis thaliana	root	Root hair	unannotated root	False	20.696224	5.6834817
scplantdb_SRP148288:SRX4098369@@_GGCGCGAAGCCA	Arabidopsis thaliana	root	Root cortex	unannotated root	False	21.622625	5.678369
scplantdb_SRP148288:SRX4098369@@_TTGATGGTTATG	Arabidopsis thaliana	root	Root cortex	unannotated root	False	21.146503	5.678215
scplantdb_SRP148288:SRX4098369@@_ATCTAAGATGGG	Arabidopsis thaliana	root	Xylem	unannotated root	True	20.975336	6.2711105
scplantdb_SRP148288:SRX4098370@@_CCGGCTCTCCTG	Arabidopsis thaliana	root	G2/M phase	unannotated root	False	20.38735	3.5572636
scplantdb_SRP148288:SRX4098370@@_AGCTCCGAAGAA	Arabidopsis thaliana	root	Unknow	unannotated root	True	20.14015	1.3071773
scplantdb_SRP148288:SRX4098370@@_TTATTCTCTGGT	Arabidopsis thaliana	root	Lateral root cap	unannotated root	False	20.605883	6.132807
scplantdb_SRP148288:SRX4098370@@_TAGCCTTCAAAG	Arabidopsis thaliana	root	S phase	unannotated root	False	20.21311	1.2872806
scplantdb_SRP148288:SRX4098370@@_CGCGCGGAACTG	Arabidopsis thaliana	root	Columella root cap	unannotated root	False	21.06094	1.9159268
scplantdb_SRP148288:SRX4098370@@_GCCGCTGCACAG	Arabidopsis thaliana	root	Root cortex	unannotated root	False	21.596176	5.611048
scplantdb_SRP148288:SRX4098370@@_CAGATAAACAGG	Arabidopsis thaliana	root	G2/M phase	unannotated root	False	20.409462	1.2807252
scplantdb_SRP148288:SRX4098370@@_GGGACTCTTGTG	Arabidopsis thaliana	root	Non-hair	unannotated root	False	20.322332	4.956086
scplantdb_SRP148288:SRX4098370@@_ATCCTATCCTCC	Arabidopsis thaliana	root	Root cortex	unannotated root	False	20.950722	5.783066
scplantdb_SRP148288:SRX4098370@@_AGATTATAGTTA	Arabidopsis thaliana	root	Root cortex	unannotated root	False	21.623806	5.2086167
scplantdb_SRP148288:SRX4098370@@_CCCCACAACCTC	Arabidopsis thaliana	root	Root cap	unannotated root	False	20.271154	3.5634787
scplantdb_SRP148288:SRX4098370@@_GCCGCTACCCGA	Arabidopsis thaliana	root	S phase	unannotated root	False	21.111177	1.1298234
scplantdb_SRP148288:SRX4098370@@_AGCTTGCTGCAC	Arabidopsis thaliana	root	Root cortex	unannotated root	False	21.4065	6.0330777
scplantdb_SRP148288:SRX4098370@@_AGCTTGCTGCCG	Arabidopsis thaliana	root	Root cortex	unannotated root	False	21.363897	5.8847284
scplantdb_SRP148288:SRX4098370@@_GAAGACCGTGAA	Arabidopsis thaliana	root	Unknow	unannotated root	True	20.59296	1.4832506
scplantdb_SRP148288:SRX4098370@@_CAAAGGAATCCT	Arabidopsis thaliana	root	Root cortex	unannotated root	False	21.777092	5.4428964
scplantdb_SRP148288:SRX4098370@@_TCAACTGTACAA	Arabidopsis thaliana	root	G2/M phase	unannotated root	False	20.342493	3.4956036
scplantdb_SRP148288:SRX4098370@@_CCTTTTGCCTGC	Arabidopsis thaliana	root	Root cortex	unannotated root	False	21.171114	5.328164
scplantdb_SRP148288:SRX4098370@@_TCGGCCAACGCC	Arabidopsis thaliana	root	Root cortex	unannotated root	False	21.383661	5.9333377
scplantdb_SRP148288:SRX4098370@@_AAATGCTATAAC	Arabidopsis thaliana	root	Root cortex	unannotated root	False	21.64117	5.528023
scplantdb_SRP148288:SRX4098370@@_GTGACAGAGAGC	Arabidopsis thaliana	root	G2/M phase	unannotated root	False	21.104345	1.3449063
scplantdb_SRP148288:SRX4098370@@_GAAGCGCATGTA	Arabidopsis thaliana	root	Root cap	unannotated root	False	20.475107	5.464715
scplantdb_SRP148288:SRX4098370@@_ATATCATCTTGC	Arabidopsis thaliana	root	Root cortex	unannotated root	False	21.454018	5.7464666
scplantdb_SRP148288:SRX4098370@@_TATACAAAACAC	Arabidopsis thaliana	root	Root cap	unannotated root	False	20.1367	4.505128
scplantdb_SRP148288:SRX4098370@@_GATACACCCGGG	Arabidopsis thaliana	root	G2/M phase	unannotated root	False	20.266932	1.2391807
scplantdb_SRP148288:SRX4098370@@_ACCAACCTTCGG	Arabidopsis thaliana	root	Unknow	unannotated root	True	20.227562	4.260748
scplantdb_SRP148288:SRX4098370@@_ATTTTGTCGCTG	Arabidopsis thaliana	root	G2/M phase	unannotated root	False	21.263247	1.3051432
scplantdb_SRP148288:SRX4098370@@_CGATAAAGCAAT	Arabidopsis thaliana	root	Columella root cap	unannotated root	False	20.390009	1.5631874
scplantdb_SRP148288:SRX4098370@@_CATTGCCACAGC	Arabidopsis thaliana	root	S phase	unannotated root	False	20.87116	1.1955823
scplantdb_SRP148288:SRX4098370@@_AAAGCCCGGCAC	Arabidopsis thaliana	root	Root cortex	unannotated root	False	21.550774	5.9075117
scplantdb_SRP148288:SRX4098370@@_GAATAGCCCTGG	Arabidopsis thaliana	root	Lateral root cap	unannotated root	False	20.716038	6.7090216
scplantdb_SRP148288:SRX4098370@@_CGCCCCAAAGCT	Arabidopsis thaliana	root	Root hair	unannotated root	False	20.302008	4.9930034
scplantdb_SRP148288:SRX4098370@@_AAAGCTCTGCCC	Arabidopsis thaliana	root	Root cortex	unannotated root	False	21.448004	5.624982
scplantdb_SRP148288:SRX4098370@@_GGACATGATCGC	Arabidopsis thaliana	root	Unknow	unannotated root	True	20.452967	1.2268716
scplantdb_SRP148288:SRX4098370@@_GTCAGTGCCCTC	Arabidopsis thaliana	root	G2/M phase	unannotated root	False	20.2101	1.3273689
scplantdb_SRP148288:SRX4098370@@_TTGCTCTGGGCA	Arabidopsis thaliana	root	G2/M phase	unannotated root	False	21.296394	1.3521028
scplantdb_SRP148288:SRX4098370@@_CAAGCCACTGGC	Arabidopsis thaliana	root	Unknow	unannotated root	True	20.576475	2.383718
scplantdb_SRP148288:SRX4098370@@_GTATGATATGAC	Arabidopsis thaliana	root	Root cortex	unannotated root	False	21.629677	5.870627
scplantdb_SRP148288:SRX4098370@@_GTATGATATGAA	Arabidopsis thaliana	root	Root cortex	unannotated root	False	21.475225	5.8975596
scplantdb_SRP148288:SRX4098370@@_GCGCGGGTTTCT	Arabidopsis thaliana	root	Root cap	unannotated root	False	20.60739	3.1329806
scplantdb_SRP148288:SRX4098370@@_CTCCCTGCTTCT	Arabidopsis thaliana	root	Root cortex	unannotated root	False	21.440943	5.403449
scplantdb_SRP148288:SRX4098370@@_CCATGGGATAGC	Arabidopsis thaliana	root	Root cortex	unannotated root	False	21.276628	5.6592755
scplantdb_SRP148288:SRX4098370@@_ACGGATTGCCGT	Arabidopsis thaliana	root	Root cap	unannotated root	False	20.810957	5.6244335
scplantdb_SRP148288:SRX4098370@@_AATAACTATTTC	Arabidopsis thaliana	root	Unknow	unannotated root	True	20.232088	4.7814355
scplantdb_SRP148288:SRX4098370@@_TTAATTGAGTTC	Arabidopsis thaliana	root	Unknow	unannotated root	True	20.738817	2.37253
scplantdb_SRP148288:SRX4098370@@_CAAATTGATCGT	Arabidopsis thaliana	root	S phase	unannotated root	False	21.167833	1.1674793
scplantdb_SRP148288:SRX4098370@@_ATAGCCAGAATT	Arabidopsis thaliana	root	Root cortex	unannotated root	False	21.574083	5.722616
scplantdb_SRP148288:SRX4098370@@_AATGCCGCCCGC	Arabidopsis thaliana	root	Unknow	unannotated root	True	20.29382	3.8180358
scplantdb_SRP148288:SRX4098370@@_GATTGTCAAGCG	Arabidopsis thaliana	root	S phase	unannotated root	False	20.421612	3.389585
scplantdb_SRP148288:SRX4098370@@_CCACACTTCGCG	Arabidopsis thaliana	root	Lateral root cap	unannotated root	False	20.70069	6.7110057
scplantdb_SRP148288:SRX4098370@@_CTTTCAATTTTG	Arabidopsis thaliana	root	G2/M phase	unannotated root	False	21.131504	1.0761276
scplantdb_SRP148288:SRX4098370@@_AAGGAGTGGGAC	Arabidopsis thaliana	root	G2/M phase	unannotated root	False	20.486502	1.2664433
scplantdb_SRP148288:SRX4098370@@_AAAACCTACGAC	Arabidopsis thaliana	root	Root cap	unannotated root	False	20.379932	5.4657335
scplantdb_SRP148288:SRX4098370@@_ATCGTTCCGGTC	Arabidopsis thaliana	root	Root cortex	unannotated root	False	21.396357	6.0112886
scplantdb_SRP148288:SRX4098370@@_CCTACAGCATCA	Arabidopsis thaliana	root	Unknow	unannotated root	True	20.55601	3.143408
scplantdb_SRP148288:SRX4098370@@_TAGGAATTGTGA	Arabidopsis thaliana	root	Root cortex	unannotated root	False	21.221432	5.6082983
scplantdb_SRP148288:SRX4098370@@_TGCTCTCATTTG	Arabidopsis thaliana	root	Root cortex	unannotated root	False	21.600399	5.716928
scplantdb_SRP148288:SRX4098370@@_GGGCTATGACGC	Arabidopsis thaliana	root	Root cortex	unannotated root	False	21.507895	5.9367666
scplantdb_SRP148288:SRX4098370@@_GGCCAAACATCT	Arabidopsis thaliana	root	Non-hair	unannotated root	False	20.349424	5.313355
scplantdb_SRP148288:SRX4098370@@_AGGGCAATGATG	Arabidopsis thaliana	root	Root cortex	unannotated root	False	21.353464	6.122871
scplantdb_SRP148288:SRX4098370@@_CTTGATAAACCC	Arabidopsis thaliana	root	Root cap	unannotated root	False	20.702349	6.355217
scplantdb_SRP148288:SRX4098370@@_ACATGTCCCGCC	Arabidopsis thaliana	root	Unknow	unannotated root	True	20.38226	3.8524933
scplantdb_SRP148288:SRX4098370@@_TCGGACCAAATA	Arabidopsis thaliana	root	Root cortex	unannotated root	False	21.609776	5.546634
scplantdb_SRP148288:SRX4098370@@_ATTACCCGTAGC	Arabidopsis thaliana	root	Root cortex	unannotated root	False	21.255625	5.764422
scplantdb_SRP148288:SRX4098370@@_CTGACATAAGCG	Arabidopsis thaliana	root	Root cap	unannotated root	False	20.586357	6.454332
scplantdb_SRP148288:SRX4098370@@_TATGTCAAGTCC	Arabidopsis thaliana	root	Root cortex	unannotated root	False	20.514889	4.872019
scplantdb_SRP148288:SRX4098370@@_AAAGGCAGCATG	Arabidopsis thaliana	root	Columella root cap	unannotated root	False	21.034512	1.3635515
scplantdb_SRP148288:SRX4098370@@_GCGACCTCCCGG	Arabidopsis thaliana	root	G2/M phase	unannotated root	False	21.00326	1.281033
scplantdb_SRP148288:SRX4098370@@_CCGAGAGCCCCA	Arabidopsis thaliana	root	Root cortex	unannotated root	False	21.37997	6.07389
scplantdb_SRP148288:SRX4098370@@_CTGCAGCCAGTT	Arabidopsis thaliana	root	S phase	unannotated root	False	20.447515	3.1429353
scplantdb_SRP148288:SRX4098370@@_CCCCAAAACGAC	Arabidopsis thaliana	root	Root cap	unannotated root	False	20.384966	5.371867
scplantdb_SRP148288:SRX4098370@@_AAGACTCTGGGC	Arabidopsis thaliana	root	G2/M phase	unannotated root	False	20.194187	1.2901777
scplantdb_SRP148288:SRX4098370@@_GCCTATGCATAT	Arabidopsis thaliana	root	Root cap	unannotated root	False	20.607464	5.9468417
scplantdb_SRP148288:SRX4098370@@_TACCAATTTTTC	Arabidopsis thaliana	root	Root cortex	unannotated root	False	21.05496	5.678551
scplantdb_SRP148288:SRX4098370@@_GGGCTCTGCCGC	Arabidopsis thaliana	root	Root cortex	unannotated root	False	21.526958	5.9303904
scplantdb_SRP148288:SRX4098370@@_ATGCCTCTGGGC	Arabidopsis thaliana	root	G2/M phase	unannotated root	False	20.17612	1.2811698
scplantdb_SRP148288:SRX4098370@@_TTGACCACCGTG	Arabidopsis thaliana	root	Root cap	unannotated root	False	20.205873	4.726535
scplantdb_SRP148288:SRX4098371@@_TCGGATTACTAT	Arabidopsis thaliana	root	Unknow	unannotated root	True	20.63581	1.3696121
scplantdb_SRP148288:SRX4098371@@_ATTAAGACCGCC	Arabidopsis thaliana	root	G2/M phase	unannotated root	False	21.113968	1.0657809
scplantdb_SRP148288:SRX4098371@@_AGCCTTCACAAT	Arabidopsis thaliana	root	G2/M phase	unannotated root	False	20.172714	1.3423463
scplantdb_SRP148288:SRX4098371@@_TGAGTCCCCCAT	Arabidopsis thaliana	root	Unknow	unannotated root	True	20.179024	4.357119
scplantdb_SRP148288:SRX4098371@@_CTTATTGGCAAC	Arabidopsis thaliana	root	Root hair	unannotated root	False	20.087095	4.444979
scplantdb_SRP148288:SRX4098371@@_GCCTGACCTTCC	Arabidopsis thaliana	root	Root cortex	unannotated root	False	21.214386	1.7954351
scplantdb_SRP148288:SRX4098371@@_TTCATGTTCTCA	Arabidopsis thaliana	root	Root hair	unannotated root	False	20.257565	4.4587665
scplantdb_SRP148288:SRX4098371@@_TTTGTTATCTCC	Arabidopsis thaliana	root	G2/M phase	unannotated root	False	20.100471	1.3182915
scplantdb_SRP148288:SRX4098371@@_TAATACCGGAAA	Arabidopsis thaliana	root	Unknow	unannotated root	True	20.571667	3.1697474
scplantdb_SRP148288:SRX4098371@@_ACCGACCCTTGG	Arabidopsis thaliana	root	Root cap	unannotated root	False	20.414328	5.318788
scplantdb_SRP148288:SRX4098371@@_GATTATATCCAG	Arabidopsis thaliana	root	Unknow	unannotated root	True	20.112438	4.229873
scplantdb_SRP148288:SRX4098371@@_ATTTGAATCAAT	Arabidopsis thaliana	root	G2/M phase	unannotated root	False	21.146786	1.0906217
scplantdb_SRP148288:SRX4098371@@_GCGCATGTCATA	Arabidopsis thaliana	root	S phase	unannotated root	False	21.189693	1.3583227
scplantdb_SRP148288:SRX4098371@@_AAGGAGAGTGTA	Arabidopsis thaliana	root	G2/M phase	unannotated root	False	21.007736	0.9730647
scplantdb_SRP148288:SRX4098371@@_CGATTAATACAA	Arabidopsis thaliana	root	Lateral root cap	unannotated root	False	20.690989	6.733456
scplantdb_SRP148288:SRX4098371@@_AATTGTGGCCTA	Arabidopsis thaliana	root	G2/M phase	unannotated root	False	21.14932	1.1766036
scplantdb_SRP148288:SRX4098371@@_GAGCAGCCCGAA	Arabidopsis thaliana	root	Root cortex	unannotated root	False	20.55789	1.1268591
scplantdb_SRP148288:SRX4098371@@_TACATGTTGTCA	Arabidopsis thaliana	root	Root hair	unannotated root	False	20.163818	4.160269
scplantdb_SRP148288:SRX4098371@@_TGCCGCACGAAT	Arabidopsis thaliana	root	G2/M phase	unannotated root	False	21.274239	1.215579
scplantdb_SRP148288:SRX4098371@@_ACTCTAGACAAA	Arabidopsis thaliana	root	G2/M phase	unannotated root	False	21.390387	1.4624785
scplantdb_SRP148288:SRX4098371@@_TGATTTTAGGCA	Arabidopsis thaliana	root	G2/M phase	unannotated root	False	20.455727	1.2354418
scplantdb_SRP148288:SRX4098371@@_TTGAATCCATGT	Arabidopsis thaliana	root	Lateral root cap	unannotated root	False	20.741392	6.5838795
scplantdb_SRP148288:SRX4098371@@_TAGCAGCCCGCA	Arabidopsis thaliana	root	G2/M phase	unannotated root	False	20.25387	1.2848305
scplantdb_SRP148288:SRX4098371@@_GAGCCGCAATAT	Arabidopsis thaliana	root	G2/M phase	unannotated root	False	20.944553	1.1926519
scplantdb_SRP148288:SRX4098371@@_TTCCCTAACTCG	Arabidopsis thaliana	root	Root cortex	unannotated root	False	21.197388	1.341099
scplantdb_SRP148288:SRX4098371@@_GACTTCGTGCAG	Arabidopsis thaliana	root	G2/M phase	unannotated root	False	21.297228	1.6693727
scplantdb_SRP148288:SRX4098371@@_CCAGGTGGTGCC	Arabidopsis thaliana	root	S phase	unannotated root	False	20.44976	3.1708868
scplantdb_SRP148288:SRX4098371@@_GGGGAGGCTATC	Arabidopsis thaliana	root	G2/M phase	unannotated root	False	21.010122	1.102225
scplantdb_SRP148288:SRX4098371@@_GCGCTTACGTGC	Arabidopsis thaliana	root	G2/M phase	unannotated root	False	20.437304	1.5941501
scplantdb_SRP148288:SRX4098371@@_AAAGCTATCTCA	Arabidopsis thaliana	root	Root cap	unannotated root	False	20.471926	3.3651283
scplantdb_SRP148288:SRX4098371@@_TGAAAAATTTTT	Arabidopsis thaliana	root	Unknow	unannotated root	True	20.228645	3.9125834
scplantdb_SRP148288:SRX4098371@@_ATGGCATCTTAT	Arabidopsis thaliana	root	G2/M phase	unannotated root	False	21.220556	1.2070144
scplantdb_SRP148288:SRX4098371@@_GATCTGACGTTC	Arabidopsis thaliana	root	S phase	unannotated root	False	20.805607	1.0647148
scplantdb_SRP148288:SRX4098371@@_AGAACTCAGACG	Arabidopsis thaliana	root	Root cortex	unannotated root	False	20.572546	3.167723
scplantdb_SRP148288:SRX4098371@@_TTCGATCTACCA	Arabidopsis thaliana	root	G2/M phase	unannotated root	False	21.260117	1.339077
scplantdb_SRP148288:SRX4098371@@_CTCCTCTCCAGA	Arabidopsis thaliana	root	Root cortex	unannotated root	False	21.350159	1.2876295
scplantdb_SRP148288:SRX4098371@@_GAGTCCGAGCTA	Arabidopsis thaliana	root	Unknow	unannotated root	True	20.705072	2.3353333
scplantdb_SRP148288:SRX4098371@@_AACTCGTTAATT	Arabidopsis thaliana	root	G2/M phase	unannotated root	False	20.28183	1.3612291
scplantdb_SRP148288:SRX4098371@@_CAGCAAAACTTG	Arabidopsis thaliana	root	G2/M phase	unannotated root	False	20.822552	0.96140575
scplantdb_SRP148288:SRX4098371@@_AGTCACAACGAA	Arabidopsis thaliana	root	Root cap	unannotated root	False	20.213505	4.212444
scplantdb_SRP148288:SRX4098371@@_AGCGTACCCCGG	Arabidopsis thaliana	root	G2/M phase	unannotated root	False	20.92402	1.0272514
scplantdb_SRP148288:SRX4098371@@_ACCTAGGTTCCG	Arabidopsis thaliana	root	G2/M phase	unannotated root	False	20.959625	1.0269719
scplantdb_SRP148288:SRX4098371@@_TGAGGGTATTCT	Arabidopsis thaliana	root	S phase	unannotated root	False	20.313314	1.4309926
scplantdb_SRP148288:SRX4098371@@_TTTTATTTTTAA	Arabidopsis thaliana	root	G2/M phase	unannotated root	False	20.128115	1.2522119
scplantdb_SRP148288:SRX4098371@@_AAGCCGCGATAT	Arabidopsis thaliana	root	G2/M phase	unannotated root	False	20.378096	1.24853
scplantdb_SRP148288:SRX4098371@@_CGCGAGAGGCGT	Arabidopsis thaliana	root	G2/M phase	unannotated root	False	21.025204	1.0535158
scplantdb_SRP148288:SRX4098371@@_TATCCAACCTCG	Arabidopsis thaliana	root	Root cortex	unannotated root	False	20.607977	2.838716
scplantdb_SRP148288:SRX4098371@@_GTAGCTATTTCT	Arabidopsis thaliana	root	Root hair	unannotated root	False	20.449236	3.4132226
scplantdb_SRP148288:SRX4098371@@_ATCTCTGTTTGC	Arabidopsis thaliana	root	G2/M phase	unannotated root	False	20.236973	1.2542392
scplantdb_SRP148288:SRX4098371@@_AGATTGCGCCTC	Arabidopsis thaliana	root	Unknow	unannotated root	True	20.57389	2.78021
scplantdb_SRP148288:SRX4098371@@_GTCATGTTGTCA	Arabidopsis thaliana	root	Root hair	unannotated root	False	20.19863	4.720782
scplantdb_SRP148288:SRX4098371@@_GCGTACGAGCTA	Arabidopsis thaliana	root	S phase	unannotated root	False	20.69634	1.3407332
scplantdb_SRP148288:SRX4098371@@_TAAACATTGTTA	Arabidopsis thaliana	root	S phase	unannotated root	False	20.593779	1.5417193
scplantdb_SRP148288:SRX4098371@@_TTACTTCCTTTA	Arabidopsis thaliana	root	S phase	unannotated root	False	20.332623	1.1661377
scplantdb_SRP148288:SRX4098371@@_GAAATGTCACGG	Arabidopsis thaliana	root	Root hair	unannotated root	False	20.504128	3.4255583
scplantdb_SRP148288:SRX4098372@@_GGTCGCTTGCGA	Arabidopsis thaliana	root	Root cap	unannotated root	False	20.671206	6.5319166
scplantdb_SRP148288:SRX4098372@@_CGGTATATGGAC	Arabidopsis thaliana	root	Root cap	unannotated root	False	20.278303	4.1862903
scplantdb_SRP148288:SRX4098372@@_CTTGCGGAGCGG	Arabidopsis thaliana	root	Root cap	unannotated root	False	20.195526	4.6712728
scplantdb_SRP148288:SRX4098372@@_ATATTTTTAGGA	Arabidopsis thaliana	root	Root cap	unannotated root	False	20.926592	2.6816897
scplantdb_SRP148288:SRX4098372@@_GTGTTCTGCCAC	Arabidopsis thaliana	root	Root cap	unannotated root	False	20.556606	3.7666352
scplantdb_SRP148288:SRX4098372@@_TCATATTCTTTA	Arabidopsis thaliana	root	Root cortex	unannotated root	False	20.322628	3.7263908
scplantdb_SRP148288:SRX4098372@@_TGACTATCCTGT	Arabidopsis thaliana	root	Root hair	unannotated root	False	20.227436	4.9960294
scplantdb_SRP148288:SRX4098372@@_CTCTCCAAGAAA	Arabidopsis thaliana	root	Non-hair	unannotated root	False	20.484203	5.519009
scplantdb_SRP148288:SRX4098372@@_GGGCTCATAATT	Arabidopsis thaliana	root	G2/M phase	unannotated root	False	20.17852	1.3752309
scplantdb_SRP148288:SRX4098372@@_GACTGCGGAAAT	Arabidopsis thaliana	root	Columella root cap	unannotated root	False	20.943907	1.378968
scplantdb_SRP148288:SRX4098372@@_TCGCATAATCAG	Arabidopsis thaliana	root	Lateral root cap	unannotated root	False	20.70349	6.646163
scplantdb_SRP148288:SRX4098372@@_GGCTCGACTTCT	Arabidopsis thaliana	root	S phase	unannotated root	False	21.226849	1.7277402
scplantdb_SRP148288:SRX4098372@@_CGGCGCCGTCTG	Arabidopsis thaliana	root	Root hair	unannotated root	False	20.117413	4.6100373
scplantdb_SRP148288:SRX4098372@@_ATACAGAGAGTT	Arabidopsis thaliana	root	Root cap	unannotated root	False	20.812082	2.1947157
scplantdb_SRP148288:SRX4098372@@_CGCCATCACGCC	Arabidopsis thaliana	root	Lateral root cap	unannotated root	False	20.764902	6.589437
scplantdb_SRP148288:SRX4098372@@_GGGGTATACATC	Arabidopsis thaliana	root	G2/M phase	unannotated root	False	20.093283	1.381739
scplantdb_SRP148288:SRX4098372@@_TCTCACGCGGTG	Arabidopsis thaliana	root	Phloem	unannotated root	True	21.958918	4.0401726
scplantdb_SRP148288:SRX4098372@@_CACGTCGTGCCG	Arabidopsis thaliana	root	Phloem	unannotated root	True	21.739513	4.891474
scplantdb_SRP148288:SRX4098372@@_AGGGACTGGTGA	Arabidopsis thaliana	root	Unknow	unannotated root	True	20.1863	4.562286
scplantdb_SRP148288:SRX4098372@@_GACACATTTGGG	Arabidopsis thaliana	root	Root cap	unannotated root	False	20.695833	6.2375946
scplantdb_SRP148288:SRX4098372@@_CGCCATCCTTTC	Arabidopsis thaliana	root	Xylem	unannotated root	True	20.299711	4.9735317
scplantdb_SRP148288:SRX4098372@@_TTTAGTCCCATT	Arabidopsis thaliana	root	Root cap	unannotated root	False	20.439335	5.576803
scplantdb_SRP148288:SRX4098372@@_AGAAAGGAGGCA	Arabidopsis thaliana	root	S phase	unannotated root	False	20.440449	1.1975824
scplantdb_SRP148288:SRX4098372@@_ATTGTGCGCCCC	Arabidopsis thaliana	root	Unknow	unannotated root	True	21.224297	1.529114
scplantdb_SRP148288:SRX4098372@@_CCCCCTAACGCA	Arabidopsis thaliana	root	Root cortex	unannotated root	False	20.210041	4.429527
scplantdb_SRP148288:SRX4098372@@_CGGATCTCACCT	Arabidopsis thaliana	root	G2/M phase	unannotated root	False	20.388494	3.5591893
scplantdb_SRP148288:SRX4098372@@_CGGATCTCACCC	Arabidopsis thaliana	root	Columella root cap	unannotated root	False	20.769257	1.2697755
scplantdb_SRP148288:SRX4098372@@_TGGTCAGTAGTC	Arabidopsis thaliana	root	Unknow	unannotated root	True	20.312027	3.653081
scplantdb_SRP148288:SRX4098372@@_CGCAAGTCGGCC	Arabidopsis thaliana	root	S phase	unannotated root	False	20.278273	4.2338953
scplantdb_SRP148288:SRX4098372@@_CGCAAGTCGGCG	Arabidopsis thaliana	root	Root cap	unannotated root	False	20.12153	4.2236757
scplantdb_SRP148288:SRX4098372@@_AAATTGAGAATC	Arabidopsis thaliana	root	Root cap	unannotated root	False	20.354937	4.900562
scplantdb_SRP148288:SRX4098372@@_GAGTTTTTTAGG	Arabidopsis thaliana	root	Non-hair	unannotated root	False	21.023577	5.516871
scplantdb_SRP148288:SRX4098372@@_CTTGTGCGCGCC	Arabidopsis thaliana	root	S phase	unannotated root	False	21.252022	1.2383084
scplantdb_SRP148288:SRX4098372@@_TTTACTTCTTGA	Arabidopsis thaliana	root	Root hair	unannotated root	False	20.22064	4.78899
scplantdb_SRP148288:SRX4098372@@_GATGTACTGGAT	Arabidopsis thaliana	root	Columella root cap	unannotated root	False	21.211931	2.6949668
scplantdb_SRP148288:SRX4098372@@_TGACGATAATAA	Arabidopsis thaliana	root	G2/M phase	unannotated root	False	21.176262	1.6293995
scplantdb_SRP148288:SRX4098372@@_TTCAATAGCCGA	Arabidopsis thaliana	root	S phase	unannotated root	False	20.396364	3.2144618
scplantdb_SRP148288:SRX4098372@@_ACCCTCAAATCG	Arabidopsis thaliana	root	Root cap	unannotated root	False	20.305105	4.445722
scplantdb_SRP148288:SRX4098372@@_TTACATTTTAAA	Arabidopsis thaliana	root	Unknow	unannotated root	True	20.15426	4.080133
scplantdb_SRP148288:SRX4098372@@_ACCCGCGGACCA	Arabidopsis thaliana	root	S phase	unannotated root	False	20.165548	4.579931
scplantdb_SRP148288:SRX4098372@@_CTGAGGTCAGAG	Arabidopsis thaliana	root	Root cap	unannotated root	False	20.739109	6.636329
scplantdb_SRP148288:SRX4098372@@_CCCGGAAATATA	Arabidopsis thaliana	root	Unknow	unannotated root	True	20.112703	4.4010415
scplantdb_SRP148288:SRX4098372@@_ATTCACCAAAAA	Arabidopsis thaliana	root	G2/M phase	unannotated root	False	20.93242	1.5133055
scplantdb_SRP148288:SRX4098372@@_GCGGGCGGAAGG	Arabidopsis thaliana	root	G2/M phase	unannotated root	False	20.18021	1.2911944
scplantdb_SRP148288:SRX4098372@@_CCTAAATAAGCA	Arabidopsis thaliana	root	Root cortex	unannotated root	False	21.20435	5.5488763
scplantdb_SRP148288:SRX4098372@@_CACTACCTCTGT	Arabidopsis thaliana	root	Root hair	unannotated root	False	20.231525	4.7732882
scplantdb_SRP148288:SRX4098372@@_AGACTTGCGGCT	Arabidopsis thaliana	root	Phloem	unannotated root	True	21.776995	4.9565477
scplantdb_SRP148288:SRX4098372@@_AATATCCTGTGA	Arabidopsis thaliana	root	S phase	unannotated root	False	20.449217	1.1874382
scplantdb_SRP148288:SRX4098372@@_GATGAACTCTTT	Arabidopsis thaliana	root	Root hair	unannotated root	False	20.158321	4.3343315
scplantdb_SRP148288:SRX4098373@@_CTTGTCTGGCGC	Arabidopsis thaliana	root	S phase	unannotated root	False	20.924503	1.0904208
scplantdb_SRP148288:SRX4098373@@_GTGCGACCATCC	Arabidopsis thaliana	root	S phase	unannotated root	False	20.402386	3.3006454
scplantdb_SRP148288:SRX4098373@@_TAATTACTGAAG	Arabidopsis thaliana	root	Root hair	unannotated root	False	20.282614	3.8659565
scplantdb_SRP148288:SRX4098373@@_ACCGTGAACTTC	Arabidopsis thaliana	root	Root cap	unannotated root	False	20.562622	5.762671
scplantdb_SRP148288:SRX4098373@@_ATAGTCAGTACT	Arabidopsis thaliana	root	Root cap	unannotated root	False	20.456375	5.51041
scplantdb_SRP148288:SRX4098373@@_AATATTATTGTT	Arabidopsis thaliana	root	G2/M phase	unannotated root	False	21.215292	1.8266407
scplantdb_SRP148288:SRX4098373@@_AACTTGGGCGTC	Arabidopsis thaliana	root	Root cortex	unannotated root	False	21.736462	5.400251
scplantdb_SRP148288:SRX4098373@@_ACACCTGTCCTG	Arabidopsis thaliana	root	Root cortex	unannotated root	False	20.583591	5.6606617
scplantdb_SRP148288:SRX4098373@@_CTTAAACCCATA	Arabidopsis thaliana	root	Non-hair	unannotated root	False	20.534138	5.690447
scplantdb_SRP148288:SRX4098373@@_AAACCTTATGTA	Arabidopsis thaliana	root	Unknow	unannotated root	True	20.231955	3.841176
scplantdb_SRP148288:SRX4098373@@_ATGCCAGCAAGA	Arabidopsis thaliana	root	Root cortex	unannotated root	False	20.290783	5.0802927
scplantdb_SRP148288:SRX4098373@@_TTAGCCACTCAC	Arabidopsis thaliana	root	S phase	unannotated root	False	20.344332	3.4236312
scplantdb_SRP148288:SRX4098373@@_GTCCATTGCCGA	Arabidopsis thaliana	root	Root cap	unannotated root	False	20.156443	4.712752
scplantdb_SRP148288:SRX4098373@@_CGTCGAATTGCT	Arabidopsis thaliana	root	S phase	unannotated root	False	20.159885	4.3561325
scplantdb_SRP148288:SRX4098373@@_CCCTGGCTGTTT	Arabidopsis thaliana	root	Non-hair	unannotated root	False	20.494867	5.5556455
scplantdb_SRP148288:SRX4098373@@_GAACTGTACTGG	Arabidopsis thaliana	root	G2/M phase	unannotated root	False	20.743462	1.9191841
scplantdb_SRP148288:SRX4098373@@_CATCCCTACACA	Arabidopsis thaliana	root	Root cap	unannotated root	False	20.3091	3.7369967
scplantdb_SRP148288:SRX4098373@@_GTGTTCTCGTGT	Arabidopsis thaliana	root	S phase	unannotated root	False	21.29503	1.2921304
scplantdb_SRP148288:SRX4098373@@_ATCGTTGTGCTC	Arabidopsis thaliana	root	Columella root cap	unannotated root	False	21.442595	3.1212523
scplantdb_SRP148288:SRX4098373@@_AGTGACGTACTG	Arabidopsis thaliana	root	Root cap	unannotated root	False	20.235003	4.6451645
scplantdb_SRP148288:SRX4098373@@_TGTTAGTCCCTG	Arabidopsis thaliana	root	Root cortex	unannotated root	False	20.610672	5.9863605
scplantdb_SRP148288:SRX4098373@@_AACACTCTCTAA	Arabidopsis thaliana	root	S phase	unannotated root	False	20.72933	2.5679874
scplantdb_SRP148288:SRX4098373@@_GTGCCGAGGCCG	Arabidopsis thaliana	root	Root cap	unannotated root	False	20.13777	4.44624
scplantdb_SRP148288:SRX4098373@@_CGTACGCCGGGA	Arabidopsis thaliana	root	G2/M phase	unannotated root	False	21.361683	1.3684721
scplantdb_SRP148288:SRX4098373@@_AGTACGCAGGGA	Arabidopsis thaliana	root	G2/M phase	unannotated root	False	20.741283	1.0722733
scplantdb_SRP148288:SRX4098373@@_CAGCTAAATCCC	Arabidopsis thaliana	root	Columella root cap	unannotated root	False	21.236094	1.9627951
scplantdb_SRP148288:SRX4098373@@_GGGCGCTGTACG	Arabidopsis thaliana	root	Lateral root cap	unannotated root	False	20.699722	6.285169
scplantdb_SRP148288:SRX4098373@@_ATCCTGAGACGG	Arabidopsis thaliana	root	G2/M phase	unannotated root	False	20.610678	1.0359104
scplantdb_SRP148288:SRX4098373@@_CTCGTCGCAGCG	Arabidopsis thaliana	root	G2/M phase	unannotated root	False	20.28649	1.171771
scplantdb_SRP148288:SRX4098373@@_GGCTTAACTTTT	Arabidopsis thaliana	root	S phase	unannotated root	False	20.445957	3.2467873
scplantdb_SRP148288:SRX4098373@@_CATGTGGAAATT	Arabidopsis thaliana	root	Columella root cap	unannotated root	False	20.408417	3.7006109
scplantdb_SRP148288:SRX4098373@@_TTGCGTAAGACC	Arabidopsis thaliana	root	Root cap	unannotated root	False	20.273256	5.0287614
scplantdb_SRP148288:SRX4098373@@_GTAATGTACTAG	Arabidopsis thaliana	root	G2/M phase	unannotated root	False	21.1963	1.3066366
scplantdb_SRP148288:SRX4098373@@_TACCATATAAGC	Arabidopsis thaliana	root	Root cap	unannotated root	False	20.613558	6.399934
scplantdb_SRP169576:SRX5025979@@_GCGTAGGCCGAC	Arabidopsis thaliana	root	Non-hair	unannotated root	False	24.267368	1.5856551
scplantdb_SRP169576:SRX5025979@@_AAGGGACGTGCT	Arabidopsis thaliana	root	Non-hair	unannotated root	False	24.29645	1.5427881
scplantdb_SRP169576:SRX5025979@@_CTTTGGAACGCT	Arabidopsis thaliana	root	Root cortex	unannotated root	False	24.481646	2.3452873
scplantdb_SRP169576:SRX5025979@@_AACTGCCCCAGT	Arabidopsis thaliana	root	Lateral root cap	unannotated root	False	19.350674	2.4207065
scplantdb_SRP169576:SRX5025979@@_GACAGGGTACTC	Arabidopsis thaliana	root	Root endodermis	unannotated root	False	24.208803	2.8745701
scplantdb_SRP169576:SRX5025979@@_CAGTATTCGTTT	Arabidopsis thaliana	root	Root hair	unannotated root	False	23.183397	0.9532492
scplantdb_SRP169576:SRX5025979@@_GCCTGGTCGCGT	Arabidopsis thaliana	root	Root endodermis	unannotated root	False	23.493002	2.3424551
scplantdb_SRP169576:SRX5025979@@_ACACTCGACACA	Arabidopsis thaliana	root	Root endodermis	unannotated root	False	24.19531	2.9126508
scplantdb_SRP169576:SRX5025979@@_TTGACTCCGTCC	Arabidopsis thaliana	root	Non-hair	unannotated root	False	24.434313	1.5420581
scplantdb_SRP169576:SRX5025979@@_GAAATAGGGAAT	Arabidopsis thaliana	root	Root hair	unannotated root	False	22.97275	0.9293387
scplantdb_SRP169576:SRX5025979@@_GAAGCGTCATTC	Arabidopsis thaliana	root	Root stele	unannotated root	False	22.098333	3.5996494
scplantdb_SRP169576:SRX5025979@@_TAATCCCATGAA	Arabidopsis thaliana	root	Lateral root cap	unannotated root	False	19.247534	2.4644768
scplantdb_SRP169576:SRX5025979@@_AAGTCCCTGATC	Arabidopsis thaliana	root	Root endodermis	unannotated root	False	24.20402	2.7849002
scplantdb_SRP169576:SRX5025979@@_AGCCCGACTAAT	Arabidopsis thaliana	root	Unknow	unannotated root	True	22.190495	1.7704124
scplantdb_SRP169576:SRX5025979@@_CCAAGAGGAACT	Arabidopsis thaliana	root	S phase	unannotated root	False	24.07903	2.8197157
scplantdb_SRP169576:SRX5025979@@_ATCATTACGCTG	Arabidopsis thaliana	root	Root endodermis	unannotated root	False	24.227556	2.8540988
scplantdb_SRP169576:SRX5025979@@_CAAGTACTACAA	Arabidopsis thaliana	root	Root cap	unannotated root	False	19.987154	2.4037902
scplantdb_SRP169576:SRX5025979@@_CATCAAGCAGTG	Arabidopsis thaliana	root	Unknow	unannotated root	True	23.548456	2.1198914
scplantdb_SRP169576:SRX5025979@@_GCCGCTTTTGAG	Arabidopsis thaliana	root	Lateral root cap	unannotated root	False	19.485565	2.4659
scplantdb_SRP169576:SRX5025979@@_ACATCTACTGAA	Arabidopsis thaliana	root	Lateral root cap	unannotated root	False	19.294582	2.3745866
scplantdb_SRP169576:SRX5025979@@_AGGGCGATTCAC	Arabidopsis thaliana	root	Root cap	unannotated root	False	20.073177	2.4953485
scplantdb_SRP169576:SRX5025979@@_TCGCCTCCGCGC	Arabidopsis thaliana	root	Root hair	unannotated root	False	22.971403	1.4214259
scplantdb_SRP169576:SRX5025979@@_AAGCATAGAAGA	Arabidopsis thaliana	root	Non-hair	unannotated root	False	24.259855	1.5719608
scplantdb_SRP169576:SRX5025979@@_GCGCAAAATCAT	Arabidopsis thaliana	root	Root endodermis	unannotated root	False	24.416271	2.54429
scplantdb_SRP169576:SRX5025979@@_TCATAAGAGTTC	Arabidopsis thaliana	root	Root stele	unannotated root	False	22.004875	3.6760924
scplantdb_SRP169576:SRX5025979@@_AACCGGAGCAGC	Arabidopsis thaliana	root	Unknow	unannotated root	True	24.05164	1.3865865
scplantdb_SRP169576:SRX5025979@@_ATAAAGGAGGAT	Arabidopsis thaliana	root	Root hair	unannotated root	False	23.158255	0.8794337
scplantdb_SRP169576:SRX5025979@@_CTCAAAATGTCA	Arabidopsis thaliana	root	Unknow	unannotated root	True	23.117636	1.8915313
scplantdb_SRP169576:SRX5025980@@_GGTCGCTGTTGG	Arabidopsis thaliana	root	Root cortex	unannotated root	False	23.644865	2.4003518
scplantdb_SRP169576:SRX5025980@@_CGTCCAGGATTG	Arabidopsis thaliana	root	Root cap	unannotated root	False	20.578236	2.5275705
scplantdb_SRP169576:SRX5025980@@_ACGATCTCGTTG	Arabidopsis thaliana	root	Root hair	unannotated root	False	23.041048	1.2489159
scplantdb_SRP169576:SRX5025980@@_GCGTCCTGCTAG	Arabidopsis thaliana	root	Xylem	unannotated root	True	21.815527	2.7480178
scplantdb_SRP169576:SRX5025980@@_CATTCTGACTGC	Arabidopsis thaliana	root	Non-hair	unannotated root	False	23.397345	1.4824483
scplantdb_SRP169576:SRX5025980@@_GCACGCTGGCTG	Arabidopsis thaliana	root	Lateral root cap	unannotated root	False	19.84459	2.4368756
scplantdb_SRP169576:SRX5025980@@_TGATGAAGTCTG	Arabidopsis thaliana	root	Root hair	unannotated root	False	23.282072	1.1369138
scplantdb_SRP169576:SRX5025980@@_CTATCGTAAACG	Arabidopsis thaliana	root	Lateral root cap	unannotated root	False	19.494495	2.4847572
scplantdb_SRP169576:SRX5025980@@_GACTTATACTCC	Arabidopsis thaliana	root	Unknow	unannotated root	True	22.290619	2.0670195
scplantdb_SRP169576:SRX5025980@@_CTAGCCAACTCC	Arabidopsis thaliana	root	Root hair	unannotated root	False	23.35302	1.3184669
scplantdb_SRP169576:SRX5025980@@_AAGCGGCCGTCA	Arabidopsis thaliana	root	Root cortex	unannotated root	False	24.321573	1.7578893
scplantdb_SRP169576:SRX5025980@@_GGCCGACTTCCC	Arabidopsis thaliana	root	Root endodermis	unannotated root	False	24.333775	2.7371063
scplantdb_SRP169576:SRX5025980@@_GTATCGGTAAGA	Arabidopsis thaliana	root	Non-hair	unannotated root	False	24.304253	1.6449103
scplantdb_SRP169576:SRX5025980@@_CCTGCTGGGCAA	Arabidopsis thaliana	root	Unknow	unannotated root	True	24.423462	2.3896542
scplantdb_SRP169576:SRX5025980@@_TGCCTCATGCAG	Arabidopsis thaliana	root	Root cortex	unannotated root	False	23.74375	1.8203341
scplantdb_SRP169576:SRX5025980@@_AGTGACGTTACG	Arabidopsis thaliana	root	Root endodermis	unannotated root	False	24.18874	2.924823
scplantdb_SRP169576:SRX5025980@@_AACGTTACGCGA	Arabidopsis thaliana	root	Lateral root cap	unannotated root	False	19.540808	2.4820104
scplantdb_SRP169576:SRX5025980@@_TCGCTGTGGGAC	Arabidopsis thaliana	root	Root cap	unannotated root	False	19.683767	2.4827065
scplantdb_SRP169576:SRX5025980@@_GCGCATTAGTGT	Arabidopsis thaliana	root	Lateral root cap	unannotated root	False	19.351482	2.4571142
scplantdb_SRP169576:SRX5025980@@_CCACAAAGCAGT	Arabidopsis thaliana	root	Unknow	unannotated root	True	23.21305	1.1360843
scplantdb_SRP169576:SRX5025980@@_CATCAAATAGAA	Arabidopsis thaliana	root	Root stele	unannotated root	False	22.053858	3.774371
scplantdb_SRP169576:SRX5025980@@_AATATTTCGCGT	Arabidopsis thaliana	root	Non-hair	unannotated root	False	24.248672	1.5621017
scplantdb_SRP169576:SRX5025980@@_AGAGCCCCCCAG	Arabidopsis thaliana	root	Unknow	unannotated root	True	23.818434	1.4210982
scplantdb_SRP169576:SRX5025980@@_AAGTTCTAACGT	Arabidopsis thaliana	root	Lateral root cap	unannotated root	False	19.322107	2.4143188
scplantdb_SRP169576:SRX5025980@@_AGGACACCCACA	Arabidopsis thaliana	root	Root hair	unannotated root	False	23.08841	0.8777919
scplantdb_SRP169576:SRX5025980@@_TAATCATTCCAT	Arabidopsis thaliana	root	Root cortex	unannotated root	False	24.503859	2.4188006
scplantdb_SRP169576:SRX5025981@@_GTGGCTAAATGG	Arabidopsis thaliana	root	Root stele	unannotated root	False	21.954792	3.2611241
scplantdb_SRP169576:SRX5025981@@_GACCGTCAGCAG	Arabidopsis thaliana	root	Root cortex	unannotated root	False	23.591248	2.3778834
scplantdb_SRP169576:SRX5025981@@_GACTCACTTCCT	Arabidopsis thaliana	root	Unknow	unannotated root	True	23.372787	1.8173436
scplantdb_SRP169576:SRX5025981@@_ACATGGTCAACC	Arabidopsis thaliana	root	Unknow	unannotated root	True	23.502613	1.513906
scplantdb_SRP169576:SRX5025981@@_CCATTCCCTACA	Arabidopsis thaliana	root	Unknow	unannotated root	True	23.31704	2.0513253
scplantdb_SRP169576:SRX5025981@@_ATATCTTACTCT	Arabidopsis thaliana	root	Root stele	unannotated root	False	22.028322	3.5966678
scplantdb_SRP169576:SRX5025981@@_CAGCCGGTAGCA	Arabidopsis thaliana	root	Unknow	unannotated root	True	21.649237	2.4817765
scplantdb_SRP169576:SRX5025981@@_CCGCACGCCTCG	Arabidopsis thaliana	root	Root hair	unannotated root	False	23.083895	1.167275
scplantdb_SRP169576:SRX5025981@@_GACTTCAACTGG	Arabidopsis thaliana	root	Unknow	unannotated root	True	23.599478	1.6339844
scplantdb_SRP169576:SRX5025981@@_TTCCAGTAACGC	Arabidopsis thaliana	root	Unknow	unannotated root	True	23.412447	2.1629753
scplantdb_SRP169576:SRX5025981@@_AGTATGCAGGTA	Arabidopsis thaliana	root	Root hair	unannotated root	False	22.985939	0.9786959
scplantdb_SRP169576:SRX5025981@@_TTCTGATGCACC	Arabidopsis thaliana	root	Root stele	unannotated root	False	21.958244	3.7979636
scplantdb_SRP169576:SRX5025981@@_GCGGGTCTAACC	Arabidopsis thaliana	root	Non-hair	unannotated root	False	24.01726	1.6849072
scplantdb_SRP169576:SRX5025981@@_ATCTTTCAGCGT	Arabidopsis thaliana	root	Unknow	unannotated root	True	23.214691	1.3638871
scplantdb_SRP169576:SRX5025981@@_CTCCGCATGATC	Arabidopsis thaliana	root	Root stele	unannotated root	False	22.080917	3.7152894
scplantdb_SRP169576:SRX5025981@@_CTCCGCATGAAC	Arabidopsis thaliana	root	Root stele	unannotated root	False	22.050714	3.643807
scplantdb_SRP169576:SRX5025981@@_TGGGCCTACCCG	Arabidopsis thaliana	root	Root hair	unannotated root	False	22.998009	1.1952672
scplantdb_SRP169576:SRX5025981@@_TCAGAACGTGTC	Arabidopsis thaliana	root	Root hair	unannotated root	False	23.242237	1.2174281
scplantdb_SRP169576:SRX5025981@@_TGGGCCTACTAC	Arabidopsis thaliana	root	Root hair	unannotated root	False	23.219702	1.2112786
scplantdb_SRP169576:SRX5025981@@_GCGCACGCATCA	Arabidopsis thaliana	root	Unknow	unannotated root	True	21.5074	2.4542806
scplantdb_SRP169576:SRX5025981@@_TATTTCGCTAGG	Arabidopsis thaliana	root	Unknow	unannotated root	True	22.318157	1.9101548
scplantdb_SRP169576:SRX5025981@@_GGAGAGAGCTCC	Arabidopsis thaliana	root	Lateral root cap	unannotated root	False	19.291145	2.4456828
scplantdb_SRP169576:SRX5025981@@_AACCTGACTCTG	Arabidopsis thaliana	root	Columella root cap	unannotated root	False	20.180956	2.5093834
scplantdb_SRP169576:SRX5025981@@_CCATTGCGCCTT	Arabidopsis thaliana	root	Unknow	unannotated root	True	22.984983	1.714943
scplantdb_SRP169576:SRX5025981@@_AGCGGAATCTAC	Arabidopsis thaliana	root	Root hair	unannotated root	False	23.453932	1.3397183
scplantdb_SRP169576:SRX5025981@@_CGTCTTATTAGG	Arabidopsis thaliana	root	Root hair	unannotated root	False	23.358812	1.2236006
scplantdb_SRP169576:SRX5025981@@_AGCGGAATCGCG	Arabidopsis thaliana	root	Root hair	unannotated root	False	23.092312	0.9864209
scplantdb_SRP169576:SRX5025981@@_CTCGGAATACAA	Arabidopsis thaliana	root	Root endodermis	unannotated root	False	24.242832	2.9364371
scplantdb_SRP169576:SRX5025981@@_CACTCGCACGTG	Arabidopsis thaliana	root	Root stele	unannotated root	False	22.061562	3.5383325
scplantdb_SRP169576:SRX5025981@@_ACGCACGATTGT	Arabidopsis thaliana	root	S phase	unannotated root	False	21.317568	2.0896862
scplantdb_SRP169576:SRX5025981@@_CAATAGTGAGAT	Arabidopsis thaliana	root	Unknow	unannotated root	True	22.809505	1.0705055
scplantdb_SRP169576:SRX5025981@@_ACATAATGATCA	Arabidopsis thaliana	root	Unknow	unannotated root	True	23.356361	1.9112504
scplantdb_SRP169576:SRX5025981@@_GCGTGTTGGTTC	Arabidopsis thaliana	root	Unknow	unannotated root	True	22.791609	1.6011218
scplantdb_SRP169576:SRX5025981@@_TTACCCGCTTTT	Arabidopsis thaliana	root	Unknow	unannotated root	True	22.49991	1.8402822
scplantdb_SRP169576:SRX5025981@@_ACGTAAGTGGCG	Arabidopsis thaliana	root	Root cap	unannotated root	False	21.641094	1.9775283
scplantdb_SRP169576:SRX5025981@@_GCTGTACACTCG	Arabidopsis thaliana	root	Unknow	unannotated root	True	23.367567	1.7912927
scplantdb_SRP169576:SRX5025981@@_TGTAATATCGGA	Arabidopsis thaliana	root	Root hair	unannotated root	False	23.014702	1.070091
scplantdb_SRP169576:SRX5025981@@_GGAGAGAGTCGC	Arabidopsis thaliana	root	Root hair	unannotated root	False	23.83816	1.4844153
scplantdb_SRP169576:SRX5025981@@_ATTGCAGGTAGG	Arabidopsis thaliana	root	Root hair	unannotated root	False	22.95761	0.9751985
scplantdb_SRP169576:SRX5025981@@_TCCCACTGGTTT	Arabidopsis thaliana	root	Root cortex	unannotated root	False	24.21676	2.2794425
scplantdb_SRP169576:SRX5025981@@_GTCGATCTTCAA	Arabidopsis thaliana	root	Unknow	unannotated root	True	22.78472	1.2126346
scplantdb_SRP169576:SRX5025981@@_ACCCCCCATCCC	Arabidopsis thaliana	root	Unknow	unannotated root	True	23.44431	1.7683914
scplantdb_SRP169576:SRX5025981@@_TCCGTCGAACCC	Arabidopsis thaliana	root	Unknow	unannotated root	True	23.096077	1.2952036
scplantdb_SRP169576:SRX5025981@@_GCTTTACTATAC	Arabidopsis thaliana	root	Unknow	unannotated root	True	22.95842	1.0969243
scplantdb_SRP169576:SRX5025981@@_TCATACATGTTA	Arabidopsis thaliana	root	Lateral root cap	unannotated root	False	19.393995	2.4175992
scplantdb_SRP169576:SRX5025981@@_TTTATCTCCACT	Arabidopsis thaliana	root	Root cap	unannotated root	False	20.765238	2.5926106
scplantdb_SRP169576:SRX5025981@@_ATCCTCGGAGTT	Arabidopsis thaliana	root	Non-hair	unannotated root	False	24.045996	1.7041293
scplantdb_SRP169576:SRX5025981@@_ATCCCAGGATGG	Arabidopsis thaliana	root	Unknow	unannotated root	True	22.929903	2.0923138
scplantdb_SRP169576:SRX5025981@@_AGGGAGATTATG	Arabidopsis thaliana	root	Root cortex	unannotated root	False	23.441677	2.1968856
scplantdb_SRP169576:SRX5025981@@_GAATGAACTCCT	Arabidopsis thaliana	root	Unknow	unannotated root	True	23.143919	1.5081279
scplantdb_SRP169576:SRX5025981@@_AAAGTAGCCTAG	Arabidopsis thaliana	root	Root hair	unannotated root	False	23.12346	1.1283895
scplantdb_SRP169576:SRX5025981@@_TGATACTTTTGC	Arabidopsis thaliana	root	G1/G0 phase	unannotated root	False	21.697876	2.925989
scplantdb_SRP169576:SRX5025981@@_TCAGCTCGGATG	Arabidopsis thaliana	root	Root hair	unannotated root	False	22.983505	1.3526466
scplantdb_SRP169576:SRX5025981@@_TCTCCGTCTTGT	Arabidopsis thaliana	root	Root hair	unannotated root	False	23.101473	1.0135609
scplantdb_SRP169576:SRX5025981@@_TGAGGCCTACCT	Arabidopsis thaliana	root	Root hair	unannotated root	False	22.765905	1.1998162
scplantdb_SRP169576:SRX5025981@@_GTACTCAAATTC	Arabidopsis thaliana	root	Columella root cap	unannotated root	False	20.398489	2.4883142
scplantdb_SRP169576:SRX5025981@@_CCCGGTTTACCA	Arabidopsis thaliana	root	Unknow	unannotated root	True	23.08114	1.3682263
scplantdb_SRP169576:SRX5025981@@_GGTAGGGTCGGG	Arabidopsis thaliana	root	Root stele	unannotated root	False	21.990759	3.4174006
scplantdb_SRP169576:SRX5025981@@_CGGCCCGCTCAT	Arabidopsis thaliana	root	Root hair	unannotated root	False	23.330122	1.1284511
scplantdb_SRP169576:SRX5025981@@_GCCGCAATGACA	Arabidopsis thaliana	root	Unknow	unannotated root	True	23.402967	1.8083481
scplantdb_SRP169576:SRX5025981@@_CGCGTTCTGGCA	Arabidopsis thaliana	root	Root hair	unannotated root	False	22.963009	1.3803271
scplantdb_SRP169576:SRX5025981@@_TTTTTCTTTTTG	Arabidopsis thaliana	root	Unknow	unannotated root	True	23.48306	2.0791738
scplantdb_SRP169576:SRX5025981@@_CATTTAGTTGCG	Arabidopsis thaliana	root	Root cortex	unannotated root	False	22.060844	3.041709
scplantdb_SRP169576:SRX5025981@@_AGTTACAAGCCA	Arabidopsis thaliana	root	Root hair	unannotated root	False	23.37809	1.1416974
scplantdb_SRP169576:SRX5025981@@_AGTTACAAGCGC	Arabidopsis thaliana	root	Root hair	unannotated root	False	23.047485	0.92573786
scplantdb_SRP169576:SRX5025981@@_ACTATGACAATG	Arabidopsis thaliana	root	Unknow	unannotated root	True	23.312521	1.55146
scplantdb_SRP169576:SRX5025981@@_CCTGTTCAGGTT	Arabidopsis thaliana	root	Root cortex	unannotated root	False	23.337236	1.9859582
scplantdb_SRP169576:SRX5025981@@_GCGCTATGTAGG	Arabidopsis thaliana	root	Unknow	unannotated root	True	21.999578	3.2916188
scplantdb_SRP169576:SRX5025981@@_ACGCAGGATCGT	Arabidopsis thaliana	root	S phase	unannotated root	False	21.33745	1.5395267
scplantdb_SRP169576:SRX5025981@@_CCGAGCCGACGG	Arabidopsis thaliana	root	Root endodermis	unannotated root	False	24.283113	2.981276
scplantdb_SRP169576:SRX5025981@@_CCTTTAATCCAA	Arabidopsis thaliana	root	Non-hair	unannotated root	False	23.378773	1.5004203
scplantdb_SRP169576:SRX5025981@@_GAATACCAGCAT	Arabidopsis thaliana	root	Unknow	unannotated root	True	23.177103	1.8029453
scplantdb_SRP169576:SRX5025981@@_TACCTTACGTCA	Arabidopsis thaliana	root	Root hair	unannotated root	False	23.11312	1.2262951
scplantdb_SRP169576:SRX5025981@@_ATTGGCAGTTCC	Arabidopsis thaliana	root	Root cap	unannotated root	False	20.10254	2.4931743
scplantdb_SRP169576:SRX5025981@@_GTCAGGAGCCTC	Arabidopsis thaliana	root	Unknow	unannotated root	True	23.93519	1.5728457
scplantdb_SRP169576:SRX5025981@@_ATAGGCTCTTGT	Arabidopsis thaliana	root	Root stele	unannotated root	False	22.127968	3.5980656
scplantdb_SRP169576:SRX5025981@@_TTTTTGTAGATA	Arabidopsis thaliana	root	Unknow	unannotated root	True	23.269648	1.3340269
scplantdb_SRP169576:SRX5025981@@_AACTTCTCTTCG	Arabidopsis thaliana	root	Unknow	unannotated root	True	22.515808	1.9283042
scplantdb_SRP169576:SRX5025981@@_TTCGAGTGAGTC	Arabidopsis thaliana	root	Unknow	unannotated root	True	23.354118	2.1071517
scplantdb_SRP169576:SRX5025981@@_ACTGGCGGACAC	Arabidopsis thaliana	root	Root hair	unannotated root	False	22.972017	1.2717837
scplantdb_SRP169576:SRX5025981@@_AAAGCGTTGTCG	Arabidopsis thaliana	root	Unknow	unannotated root	True	21.34773	2.2403076
scplantdb_SRP169576:SRX5025981@@_ATAGTGCCTTAC	Arabidopsis thaliana	root	Root hair	unannotated root	False	23.275726	1.0528262
scplantdb_SRP169576:SRX5025981@@_CATATACATTCA	Arabidopsis thaliana	root	Root endodermis	unannotated root	False	24.17232	2.854897
scplantdb_SRP169576:SRX5025981@@_CATATACATTAC	Arabidopsis thaliana	root	Root endodermis	unannotated root	False	24.184221	2.8921483
scplantdb_SRP169576:SRX5025981@@_GTCTTATGAACT	Arabidopsis thaliana	root	Unknow	unannotated root	True	23.606663	2.3891277
scplantdb_SRP169576:SRX5025981@@_ACCTGGACTGTG	Arabidopsis thaliana	root	Unknow	unannotated root	True	22.856182	1.5754797
scplantdb_SRP169576:SRX5025981@@_TGAGGTGAGCTG	Arabidopsis thaliana	root	Root endodermis	unannotated root	False	24.0908	2.8717563
scplantdb_SRP169576:SRX5025981@@_TGAGGTGAGCGA	Arabidopsis thaliana	root	Root endodermis	unannotated root	False	24.185268	2.8193324
scplantdb_SRP169576:SRX5025981@@_CAAGCCCTCCTA	Arabidopsis thaliana	root	Root cortex	unannotated root	False	24.26156	1.9651706
scplantdb_SRP169576:SRX5025981@@_TTCTATACCCCA	Arabidopsis thaliana	root	Unknow	unannotated root	True	23.510347	2.213289
scplantdb_SRP169576:SRX5025981@@_GTCTTGACCCTG	Arabidopsis thaliana	root	Unknow	unannotated root	True	23.306799	1.977795
scplantdb_SRP169576:SRX5025981@@_GCCCCGCCTCGA	Arabidopsis thaliana	root	Unknow	unannotated root	True	23.71729	1.7733947
scplantdb_SRP169576:SRX5025981@@_TAATCAAAAGAA	Arabidopsis thaliana	root	Unknow	unannotated root	True	23.456879	1.4209753
scplantdb_SRP169576:SRX5025981@@_GTGGACTGGCCG	Arabidopsis thaliana	root	Non-hair	unannotated root	False	24.14521	1.6302105
scplantdb_SRP169576:SRX5025981@@_GTGGACTGGCCT	Arabidopsis thaliana	root	Non-hair	unannotated root	False	23.36189	1.6016345
scplantdb_SRP169576:SRX5025981@@_AGAGTCCCTCTT	Arabidopsis thaliana	root	Unknow	unannotated root	True	23.943697	1.6426932
scplantdb_SRP169576:SRX5025981@@_TTTAAACAGGGA	Arabidopsis thaliana	root	Root stele	unannotated root	False	22.039852	3.4719672
scplantdb_SRP169576:SRX5025981@@_CTCGTATCAGGA	Arabidopsis thaliana	root	Root endodermis	unannotated root	False	19.738136	2.4539583
scplantdb_SRP169576:SRX5025981@@_AACCGCGCCCCT	Arabidopsis thaliana	root	Root endodermis	unannotated root	False	24.21558	2.9893
scplantdb_SRP169576:SRX5025981@@_CGAACACCCTTA	Arabidopsis thaliana	root	Unknow	unannotated root	True	21.99548	3.4860253
scplantdb_SRP169576:SRX5025981@@_CTTTTATAGACA	Arabidopsis thaliana	root	Root endodermis	unannotated root	False	21.187592	2.3945935
scplantdb_SRP169576:SRX5025981@@_ACGAGATTTACT	Arabidopsis thaliana	root	Root endodermis	unannotated root	False	24.156515	2.9227295
scplantdb_SRP169576:SRX5025981@@_TGTCGTACTAGC	Arabidopsis thaliana	root	Non-hair	unannotated root	False	24.257921	1.568039
scplantdb_SRP169576:SRX5025981@@_GACGCACATCTA	Arabidopsis thaliana	root	Unknow	unannotated root	True	22.913733	1.3318479
scplantdb_SRP169576:SRX5025981@@_GTTCAGCCGTTG	Arabidopsis thaliana	root	Root hair	unannotated root	False	23.152378	1.5686139
scplantdb_SRP169576:SRX5025981@@_GGCGCTTGACTT	Arabidopsis thaliana	root	Root endodermis	unannotated root	False	24.14335	2.8960414
scplantdb_SRP169576:SRX5025981@@_ATTTTTTTTTTT	Arabidopsis thaliana	root	Unknow	unannotated root	True	23.441544	1.5071597
scplantdb_SRP169576:SRX5025982@@_TGATTAATCCAC	Arabidopsis thaliana	root	Xylem	unannotated root	True	21.547873	3.1250396
scplantdb_SRP169576:SRX5025982@@_CTCGGTGCGCAA	Arabidopsis thaliana	root	Root stele	unannotated root	False	21.889038	3.709144
scplantdb_SRP169576:SRX5025982@@_CACCATGAATGA	Arabidopsis thaliana	root	Root cap	unannotated root	False	20.078009	2.5068836
scplantdb_SRP169576:SRX5025982@@_ATGAGGAGCTCG	Arabidopsis thaliana	root	Root cap	unannotated root	False	20.800568	2.5668488
scplantdb_SRP169576:SRX5025982@@_TCGCGACTGGCG	Arabidopsis thaliana	root	Root stele	unannotated root	False	21.991209	3.8365183
scplantdb_SRP169576:SRX5025982@@_GATCACGCAGCT	Arabidopsis thaliana	root	Root stele	unannotated root	False	21.98911	3.2841704
scplantdb_SRP169576:SRX5025982@@_CATGACTCTAGT	Arabidopsis thaliana	root	Root stele	unannotated root	False	22.153248	3.8627648
scplantdb_SRP169576:SRX5025983@@_ATCGCAGACACC	Arabidopsis thaliana	root	Unknow	unannotated root	True	23.36776	2.0996928
scplantdb_SRP169576:SRX5025983@@_AATATCGTCTAC	Arabidopsis thaliana	root	Root stele	unannotated root	False	21.952972	3.8413777
scplantdb_SRP169576:SRX5025983@@_TGACGGGTAGCA	Arabidopsis thaliana	root	Root cortex	unannotated root	False	23.362259	2.271879
scplantdb_SRP169576:SRX5025983@@_GGCTGCCGGGCA	Arabidopsis thaliana	root	S phase	unannotated root	False	21.53756	2.4770389
scplantdb_SRP169576:SRX5025983@@_TGATAACATGTT	Arabidopsis thaliana	root	Unknow	unannotated root	True	21.940872	3.030976
scplantdb_SRP169576:SRX5025983@@_CATGGTGGGACG	Arabidopsis thaliana	root	Root endodermis	unannotated root	False	24.438433	2.5627503
scplantdb_SRP169576:SRX5025984@@_TGAAGTCGTATT	Arabidopsis thaliana	root	Non-hair	unannotated root	False	21.338175	2.6342916
scplantdb_SRP169576:SRX5025984@@_GCCACAGGTGGA	Arabidopsis thaliana	root	S phase	unannotated root	False	21.237816	1.9756925
scplantdb_SRP169576:SRX5025984@@_TGCCATTTATGC	Arabidopsis thaliana	root	Lateral root cap	unannotated root	False	19.510105	2.4826803
scplantdb_SRP169576:SRX5025984@@_TGTCATCTGATT	Arabidopsis thaliana	root	Root cap	unannotated root	False	20.739693	2.5816562
scplantdb_SRP169576:SRX5025984@@_CGCCTTCGAACT	Arabidopsis thaliana	root	Root hair	unannotated root	False	23.063265	1.0347779
scplantdb_SRP169576:SRX5025984@@_GCATCCAACACC	Arabidopsis thaliana	root	Root stele	unannotated root	False	22.075623	3.731993
scplantdb_SRP169576:SRX5025984@@_CGATCGACCTTC	Arabidopsis thaliana	root	Lateral root cap	unannotated root	False	19.480597	2.481169
scplantdb_SRP169576:SRX5025984@@_AATGAAATAGGG	Arabidopsis thaliana	root	Lateral root cap	unannotated root	False	19.420958	2.4602299
scplantdb_SRP169576:SRX5025984@@_CCCTCTTAGCCG	Arabidopsis thaliana	root	Columella root cap	unannotated root	False	21.235771	2.5497873
scplantdb_SRP169576:SRX5025984@@_GGCCCGGCTCTG	Arabidopsis thaliana	root	Non-hair	unannotated root	False	23.64634	1.6663253
scplantdb_SRP169576:SRX5025985@@_GCGGTGGAAGGA	Arabidopsis thaliana	root	Root stele	unannotated root	False	21.94469	3.838151
scplantdb_SRP169576:SRX5025985@@_GAATTCCGCCAT	Arabidopsis thaliana	root	Columella root cap	unannotated root	False	21.097239	2.4479635
scplantdb_SRP169576:SRX5025985@@_TGTCGGAGTATA	Arabidopsis thaliana	root	S phase	unannotated root	False	21.826633	2.9362333
scplantdb_SRP169576:SRX5025985@@_CATTAGTTTGGA	Arabidopsis thaliana	root	Root endodermis	unannotated root	False	23.65702	2.543664
scplantdb_SRP169576:SRX5025985@@_GTCCGGGATCTC	Arabidopsis thaliana	root	Root stele	unannotated root	False	22.057693	3.4617097
scplantdb_SRP169576:SRX5025985@@_CCACTTTGATTA	Arabidopsis thaliana	root	Columella root cap	unannotated root	False	21.42623	2.4774358
scplantdb_SRP169576:SRX5025985@@_CTGATTGGAGAG	Arabidopsis thaliana	root	S phase	unannotated root	False	21.189243	2.3400395
scplantdb_SRP169576:SRX5025985@@_GTACGATCTTAG	Arabidopsis thaliana	root	Columella root cap	unannotated root	False	21.321932	2.6459746
scplantdb_SRP169576:SRX5025985@@_GGGCGGCGGAAA	Arabidopsis thaliana	root	S phase	unannotated root	False	20.971647	2.5575445
scplantdb_SRP169576:SRX5025985@@_AGCGCACTTGCT	Arabidopsis thaliana	root	Unknow	unannotated root	True	21.142693	2.3919845
scplantdb_SRP169576:SRX5025985@@_AAGCCCGCATGA	Arabidopsis thaliana	root	Lateral root cap	unannotated root	False	19.728888	2.4664388
scplantdb_SRP169576:SRX5025985@@_TTACAATCGCGA	Arabidopsis thaliana	root	Columella root cap	unannotated root	False	20.926336	2.5804462
scplantdb_SRP169576:SRX5025985@@_CAAGAGAATGTG	Arabidopsis thaliana	root	Root cortex	unannotated root	False	24.43445	2.0856214
scplantdb_SRP169576:SRX5025985@@_CCCAAACCTTAG	Arabidopsis thaliana	root	Non-hair	unannotated root	False	24.16622	1.665671
scplantdb_SRP169576:SRX5025986@@_TTTCCGCACGAT	Arabidopsis thaliana	root	Unknow	unannotated root	True	21.98076	3.2946205
scplantdb_SRP169576:SRX5025986@@_GGCCGATTCGAG	Arabidopsis thaliana	root	Root cortex	unannotated root	False	24.309465	2.611323
scplantdb_SRP169576:SRX5025986@@_GCCATTCGCCGC	Arabidopsis thaliana	root	Root endodermis	unannotated root	False	23.87683	2.7146423
scplantdb_SRP169576:SRX5025986@@_CGCGGATAGAGT	Arabidopsis thaliana	root	Non-hair	unannotated root	False	24.328382	1.596778
scplantdb_SRP169576:SRX5025986@@_GGTATTACTCTG	Arabidopsis thaliana	root	Unknow	unannotated root	True	21.944935	3.3097548
scplantdb_SRP169576:SRX5025986@@_TATCGACATTAT	Arabidopsis thaliana	root	Phloem	unannotated root	True	22.173958	3.6922812
scplantdb_SRP169576:SRX5025986@@_TTTATGCCTGTA	Arabidopsis thaliana	root	S phase	unannotated root	False	21.286955	2.26869
scplantdb_SRP169576:SRX5025987@@_TACAGATGTGAC	Arabidopsis thaliana	root	Unknow	unannotated root	True	24.1914	2.9607866
scplantdb_SRP169576:SRX5025987@@_GCTGAATCTCGA	Arabidopsis thaliana	root	Lateral root cap	unannotated root	False	19.311798	2.4566615
scplantdb_SRP169576:SRX5025987@@_CAAGCCGATCTA	Arabidopsis thaliana	root	Lateral root cap	unannotated root	False	19.277483	2.4640174
scplantdb_SRP169576:SRX5025987@@_GCGTGCCGGCAC	Arabidopsis thaliana	root	S phase	unannotated root	False	21.481424	2.6146283
scplantdb_SRP169576:SRX5025987@@_CAGCCTCTGCCG	Arabidopsis thaliana	root	Root endodermis	unannotated root	False	24.285007	2.9656787
scplantdb_SRP169576:SRX5025987@@_GCGGCGGTAATC	Arabidopsis thaliana	root	Unknow	unannotated root	True	21.953707	2.5745492
scplantdb_SRP169576:SRX5025987@@_AGCACGTTTTAA	Arabidopsis thaliana	root	Root cortex	unannotated root	False	23.925085	2.756265
scplantdb_SRP169576:SRX5025987@@_GTCAAACGGATC	Arabidopsis thaliana	root	Root stele	unannotated root	False	22.007998	3.7443624
scplantdb_SRP169576:SRX5025987@@_GCGCAGCGAGTG	Arabidopsis thaliana	root	Root cap	unannotated root	False	20.862226	2.5307658
scplantdb_SRP169576:SRX5025987@@_CTATTATATCAT	Arabidopsis thaliana	root	Root cap	unannotated root	False	19.939545	2.5100539
scplantdb_SRP169576:SRX5025987@@_AGTTGTACCCGG	Arabidopsis thaliana	root	Lateral root cap	unannotated root	False	19.2908	2.506938
scplantdb_SRP169576:SRX5025987@@_CTAGTTTTGCGA	Arabidopsis thaliana	root	Phloem	unannotated root	True	21.902237	3.6771102
scplantdb_SRP169576:SRX5025987@@_CTACCTCGGTGG	Arabidopsis thaliana	root	Columella root cap	unannotated root	False	21.183027	2.297431
scplantdb_SRP169576:SRX5025987@@_GGCAGCGGGTAG	Arabidopsis thaliana	root	Unknow	unannotated root	True	21.448845	2.2929742
scplantdb_SRP169576:SRX5025987@@_GCGCAACCTGCT	Arabidopsis thaliana	root	Columella root cap	unannotated root	False	21.22479	2.1244302
scplantdb_SRP169576:SRX5025987@@_AACGCAAGCTCA	Arabidopsis thaliana	root	Root cap	unannotated root	False	20.013165	2.5518227
scplantdb_SRP169576:SRX5025987@@_ATCGATAATGGT	Arabidopsis thaliana	root	Non-hair	unannotated root	False	24.081043	1.6862453
scplantdb_SRP169576:SRX5025987@@_AGCTACAGGTGG	Arabidopsis thaliana	root	Root cortex	unannotated root	False	22.915127	2.3284621
scplantdb_SRP169576:SRX5025987@@_TAGACTCCCTGT	Arabidopsis thaliana	root	Root cortex	unannotated root	False	24.407955	2.1367574
scplantdb_SRP169576:SRX5025987@@_AATGATTGGTCG	Arabidopsis thaliana	root	Root endodermis	unannotated root	False	24.133305	2.9020953
scplantdb_SRP169576:SRX5025987@@_CTTGGTTGCAAC	Arabidopsis thaliana	root	Xylem	unannotated root	True	22.001503	3.8516967
scplantdb_SRP169576:SRX5025987@@_AATGAGGCCGGG	Arabidopsis thaliana	root	Root cap	unannotated root	False	20.844805	2.506699
scplantdb_SRP169576:SRX5025987@@_TTCCGTGTGGTA	Arabidopsis thaliana	root	S phase	unannotated root	False	21.459242	2.5807695
scplantdb_SRP169576:SRX5025988@@_TCAGGTTAGCGG	Arabidopsis thaliana	root	Root stele	unannotated root	False	22.03571	3.8626578
scplantdb_SRP169576:SRX5025988@@_GGACGATTGCAG	Arabidopsis thaliana	root	Unknow	unannotated root	True	20.915041	2.5614755
scplantdb_SRP169576:SRX5025988@@_AGGCGTCCACCC	Arabidopsis thaliana	root	Non-hair	unannotated root	False	24.209063	1.5319463
scplantdb_SRP169576:SRX5025988@@_TAGATCCTCCGC	Arabidopsis thaliana	root	Root endodermis	unannotated root	False	24.46534	2.484775
scplantdb_SRP169576:SRX5025988@@_AAGAGTATAACC	Arabidopsis thaliana	root	Root endodermis	unannotated root	False	24.24937	2.9847043
scplantdb_SRP169576:SRX5025988@@_ATTCAGCCGCTT	Arabidopsis thaliana	root	S phase	unannotated root	False	21.349106	2.1294222
scplantdb_SRP169576:SRX5025988@@_TTGCGGACATAC	Arabidopsis thaliana	root	G1/G0 phase	unannotated root	False	21.542444	2.68379
scplantdb_SRP169576:SRX5025988@@_GGCATAAGCCAT	Arabidopsis thaliana	root	Columella root cap	unannotated root	False	21.280802	2.509237
scplantdb_SRP169576:SRX5025988@@_ACGTATCGTTCC	Arabidopsis thaliana	root	Columella root cap	unannotated root	False	20.88758	2.5399077
scplantdb_SRP169576:SRX5025988@@_AAGTTGACAAGA	Arabidopsis thaliana	root	Root cortex	unannotated root	False	24.47706	2.3533597
scplantdb_SRP169576:SRX5025988@@_ACCCCAGAATGC	Arabidopsis thaliana	root	Root hair	unannotated root	False	23.611252	1.295826
scplantdb_SRP169576:SRX5025988@@_GGTCAGGAAGAT	Arabidopsis thaliana	root	S phase	unannotated root	False	20.799833	2.6072242
scplantdb_SRP169576:SRX5025988@@_GAGGGGCAGAAT	Arabidopsis thaliana	root	Root cortex	unannotated root	False	24.459728	2.457403
scplantdb_SRP169576:SRX5025988@@_TTTTTGGCCTAA	Arabidopsis thaliana	root	Root cortex	unannotated root	False	24.45391	2.0816605
scplantdb_SRP169576:SRX5025988@@_ACCGATGCCAGT	Arabidopsis thaliana	root	Root endodermis	unannotated root	False	20.152903	2.4519649
scplantdb_SRP169576:SRX5025988@@_CGTATCCATATC	Arabidopsis thaliana	root	Root cap	unannotated root	False	20.839958	2.6568484
scplantdb_SRP169576:SRX5025988@@_CAATGCGACACA	Arabidopsis thaliana	root	Non-hair	unannotated root	False	24.31586	1.5758873
scplantdb_SRP169576:SRX5025988@@_TGCGCTAGGCGC	Arabidopsis thaliana	root	Root cap	unannotated root	False	20.826836	2.5301955
scplantdb_SRP169576:SRX5025988@@_TCCAATAATAAT	Arabidopsis thaliana	root	G1/G0 phase	unannotated root	False	21.777924	3.0918045
scplantdb_SRP169576:SRX5025988@@_TAGCGGGACGAA	Arabidopsis thaliana	root	Lateral root cap	unannotated root	False	19.263226	2.441165
scplantdb_SRP169576:SRX5025988@@_GGTGCCTTCCGC	Arabidopsis thaliana	root	Columella root cap	unannotated root	False	20.828426	2.564117
scplantdb_SRP169576:SRX5025988@@_ATGAGCCTCTTA	Arabidopsis thaliana	root	Root endodermis	unannotated root	False	23.745434	2.4977
scplantdb_SRP169576:SRX5025988@@_AGCAAGAATGGT	Arabidopsis thaliana	root	S phase	unannotated root	False	21.204218	2.24382
scplantdb_SRP169576:SRX5025988@@_TTTACTCCGGTC	Arabidopsis thaliana	root	Root cortex	unannotated root	False	24.423574	2.1892872
scplantdb_SRP169576:SRX5025988@@_TTAACTCAGAAG	Arabidopsis thaliana	root	Lateral root cap	unannotated root	False	19.673166	2.4764664
scplantdb_SRP169576:SRX5025988@@_GCAGGAGTCGCA	Arabidopsis thaliana	root	Non-hair	unannotated root	False	24.349157	1.547621
scplantdb_SRP169576:SRX5025988@@_GCGTTGCATTCC	Arabidopsis thaliana	root	Lateral root cap	unannotated root	False	19.444101	2.4321434
scplantdb_SRP169576:SRX5025988@@_GGCCCGGGGTAG	Arabidopsis thaliana	root	Root cap	unannotated root	False	20.003397	2.5129647
scplantdb_SRP335448:SRX12004740@@_AATGGAAAGACCTCAT-1	Catharanthus roseus	leaf	Mesophyll	Mesophyll	True	5.878071	20.24724
scplantdb_SRP335448:SRX12004740@@_AGAGAATCAAGAGCTG-1	Catharanthus roseus	leaf	Mesophyll	Mesophyll	True	3.9749613	19.905453
scplantdb_SRP335448:SRX12004740@@_AGCGTCGAGGTTGGTG-1	Catharanthus roseus	leaf	Mesophyll	Mesophyll	True	3.380741	21.485828
scplantdb_SRP335448:SRX12004740@@_AGCTCAACACTGATTG-1	Catharanthus roseus	leaf	Mesophyll	Mesophyll	True	5.925505	19.878439
scplantdb_SRP335448:SRX12004740@@_ATACTTCGTTTGAAAG-1	Catharanthus roseus	leaf	Vascular tissue	Mesophyll	True	3.1373405	20.724096
scplantdb_SRP335448:SRX12004740@@_ATTCATCCATCCAACA-1	Catharanthus roseus	leaf	Mesophyll	Mesophyll	True	3.5777597	20.101091
scplantdb_SRP335448:SRX12004740@@_CACTGAACAATTTCGG-1	Catharanthus roseus	leaf	Leaf epidermis	Mesophyll	True	3.7880173	20.339445
scplantdb_SRP335448:SRX12004740@@_CAGAGCCCAACTTGGT-1	Catharanthus roseus	leaf	Idioblast cell	Mesophyll	False	5.474785	20.965845
scplantdb_SRP335448:SRX12004740@@_CAGCCAGCAGATCCTA-1	Catharanthus roseus	leaf	Idioblast cell	Mesophyll	False	5.941495	21.722315
scplantdb_SRP335448:SRX12004740@@_CAGGTATCAATGTCAC-1	Catharanthus roseus	leaf	Mesophyll	Mesophyll	True	3.1021824	20.772516
scplantdb_SRP335448:SRX12004740@@_CATGGATTCATAGCAC-1	Catharanthus roseus	leaf	Leaf epidermis	Mesophyll	True	3.3535218	21.485907
scplantdb_SRP335448:SRX12004740@@_CATTGTTCAGCTCTGG-1	Catharanthus roseus	leaf	Mesophyll	Mesophyll	True	3.4643834	20.6858
scplantdb_SRP335448:SRX12004740@@_CCTCAGTCAACCAACT-1	Catharanthus roseus	leaf	Leaf epidermis	Mesophyll	True	5.2993264	20.574821
scplantdb_SRP335448:SRX12004740@@_CGGTCAGTCAACCTCC-1	Catharanthus roseus	leaf	Mesophyll	Mesophyll	True	3.030415	20.768967
scplantdb_SRP335448:SRX12004740@@_CGTCAAAGTAGGGAGG-1	Catharanthus roseus	leaf	Leaf epidermis	Mesophyll	True	3.4299223	21.45135
scplantdb_SRP335448:SRX12004740@@_CTCATCGAGTTTGGCT-1	Catharanthus roseus	leaf	Idioblast cell	Mesophyll	False	3.7287254	20.669775
scplantdb_SRP335448:SRX12004740@@_CTCATTAGTAGTCTGT-1	Catharanthus roseus	leaf	Mesophyll	Mesophyll	True	3.073337	20.764091
scplantdb_SRP335448:SRX12004740@@_CTGCATCCACTGGATT-1	Catharanthus roseus	leaf	Leaf epidermis	Mesophyll	True	5.9428124	20.75202
scplantdb_SRP335448:SRX12004740@@_CTGGCAGAGCCATTTG-1	Catharanthus roseus	leaf	Mesophyll	Mesophyll	True	3.439416	21.482262
scplantdb_SRP335448:SRX12004740@@_CTGTACCGTGGGTTGA-1	Catharanthus roseus	leaf	Mesophyll	Mesophyll	True	4.174742	19.783003
scplantdb_SRP335448:SRX12004740@@_CTTACCGTCTACACAG-1	Catharanthus roseus	leaf	Idioblast cell	Mesophyll	False	5.8981085	21.644646
scplantdb_SRP335448:SRX12004740@@_CTTAGGACACGGCGTT-1	Catharanthus roseus	leaf	Mesophyll	Mesophyll	True	3.3177323	21.347378
scplantdb_SRP335448:SRX12004740@@_GACTATGTCCACGGAC-1	Catharanthus roseus	leaf	Mesophyll	Mesophyll	True	3.2903507	20.13629
scplantdb_SRP335448:SRX12004740@@_GAGATGGCAAGGTACG-1	Catharanthus roseus	leaf	Mesophyll	Mesophyll	True	3.136631	20.68401
scplantdb_SRP335448:SRX12004740@@_GAGTTACAGCTCCCTT-1	Catharanthus roseus	leaf	Mesophyll	Mesophyll	True	3.0365067	20.754305
scplantdb_SRP335448:SRX12004740@@_GCATGATGTCGAGTTT-1	Catharanthus roseus	leaf	Mesophyll	Mesophyll	True	3.3723369	21.44058
scplantdb_SRP335448:SRX12004740@@_GCCAGGTTCAATCTTC-1	Catharanthus roseus	leaf	Idioblast cell	Mesophyll	False	3.9046032	20.719183
scplantdb_SRP335448:SRX12004740@@_GCCCGAACACCAGCGT-1	Catharanthus roseus	leaf	Mesophyll	Mesophyll	True	6.075874	20.98684
scplantdb_SRP335448:SRX12004740@@_GCGTTTCAGTAGTGCG-1	Catharanthus roseus	leaf	Mesophyll	Mesophyll	True	4.6879873	19.528482
scplantdb_SRP335448:SRX12004740@@_GCTTGGGTCTCCAATT-1	Catharanthus roseus	leaf	Leaf epidermis	Mesophyll	True	4.334812	20.114952
scplantdb_SRP335448:SRX12004740@@_GGCACGTTCACTCACC-1	Catharanthus roseus	leaf	Mesophyll	Mesophyll	True	3.0146196	20.77101
scplantdb_SRP335448:SRX12004740@@_GGGAGATTCATTCATC-1	Catharanthus roseus	leaf	Mesophyll	Mesophyll	True	3.3554065	20.579159
scplantdb_SRP335448:SRX12004740@@_GGGAGTATCCGTCAAA-1	Catharanthus roseus	leaf	Idioblast cell	Mesophyll	False	3.7989326	20.952667
scplantdb_SRP335448:SRX12004740@@_GTGAGTTGTGCCCGTA-1	Catharanthus roseus	leaf	Mesophyll	Mesophyll	True	4.6798544	19.54944
scplantdb_SRP335448:SRX12004740@@_GTTGAACCAAGAGCTG-1	Catharanthus roseus	leaf	Mesophyll	Mesophyll	True	4.985347	19.744568
scplantdb_SRP335448:SRX12004740@@_GTTGCGGTCCTTCGAC-1	Catharanthus roseus	leaf	Mesophyll	Mesophyll	True	3.6638095	20.554554
scplantdb_SRP335448:SRX12004740@@_TACTTACCATGACGTT-1	Catharanthus roseus	leaf	Mesophyll	Mesophyll	True	3.061993	20.795225
scplantdb_SRP335448:SRX12004740@@_TACTTGTCAGATAAAC-1	Catharanthus roseus	leaf	Mesophyll	Mesophyll	True	3.8784325	20.292946
scplantdb_SRP335448:SRX12004740@@_TAGGGTTTCTATTTCG-1	Catharanthus roseus	leaf	Leaf epidermis	Mesophyll	True	4.073833	20.18951
scplantdb_SRP335448:SRX12004740@@_TCAAGCACAGATCCAT-1	Catharanthus roseus	leaf	Mesophyll	Mesophyll	True	5.132788	19.628984
scplantdb_SRP335448:SRX12004740@@_TCCACGTAGGCACCAA-1	Catharanthus roseus	leaf	Mesophyll	Mesophyll	True	3.773037	19.893368
scplantdb_SRP335448:SRX12004740@@_TCCAGAACATGAGATA-1	Catharanthus roseus	leaf	Mesophyll	Mesophyll	True	5.3570623	19.710634
scplantdb_SRP335448:SRX12004740@@_TCCCATGTCCGATCGG-1	Catharanthus roseus	leaf	Mesophyll	Mesophyll	True	3.4360774	20.439192
scplantdb_SRP335448:SRX12004740@@_TCCTCTTCAAGAGAGA-1	Catharanthus roseus	leaf	Mesophyll	Mesophyll	True	3.8602862	19.925476
scplantdb_SRP335448:SRX12004740@@_TCGATTTCATTGTAGC-1	Catharanthus roseus	leaf	Mesophyll	Mesophyll	True	4.862141	19.616638
scplantdb_SRP335448:SRX12004740@@_TCGTCCAAGTTCTCTT-1	Catharanthus roseus	leaf	Mesophyll	Mesophyll	True	4.284642	19.641487
scplantdb_SRP335448:SRX12004740@@_TGCACGGAGCTGCCAC-1	Catharanthus roseus	leaf	Mesophyll	Mesophyll	True	3.43404	20.691317
scplantdb_SRP335448:SRX12004740@@_TGCTTGCTCCGATGCG-1	Catharanthus roseus	leaf	Mesophyll	Mesophyll	True	5.1692157	19.48101
scplantdb_SRP335448:SRX12004740@@_TGGGTTACAGCCGTCA-1	Catharanthus roseus	leaf	Mesophyll	Mesophyll	True	5.8611054	19.98003
scplantdb_SRP335448:SRX12004740@@_TTAGGCATCGGCTATA-1	Catharanthus roseus	leaf	Mesophyll	Mesophyll	True	3.419744	21.483206
scplantdb_SRP335448:SRX12004740@@_TTCCTCTTCATGCAGT-1	Catharanthus roseus	leaf	Mesophyll	Mesophyll	True	5.4985046	19.564896
scplantdb_SRP335448:SRX12004740@@_TTCGCTGAGACCATTC-1	Catharanthus roseus	leaf	Mesophyll	Mesophyll	True	5.929538	20.20064
scplantdb_SRP335448:SRX12004740@@_TTTGGTTCAAGGAGTC-1	Catharanthus roseus	leaf	Mesophyll	Mesophyll	True	5.9937496	19.971169
scplantdb_SRP335448:SRX15488576@@_AACAACCTCTATGTGG-1	Catharanthus roseus	leaf	Mesophyll	Mesophyll	True	6.1397514	20.73547
scplantdb_SRP335448:SRX15488576@@_AATGGAAGTACAGTTC-1	Catharanthus roseus	leaf	Leaf epidermis	Mesophyll	True	5.869964	21.327715
scplantdb_SRP335448:SRX15488576@@_ACGATGTAGTGGAAAG-1	Catharanthus roseus	leaf	Mesophyll	Mesophyll	True	6.3365364	20.512915
scplantdb_SRP335448:SRX15488576@@_ACGTACAAGTTGAATG-1	Catharanthus roseus	leaf	Leaf epidermis	Mesophyll	True	5.5805387	20.995571
scplantdb_SRP335448:SRX15488576@@_ACTATCTCATCCTTGC-1	Catharanthus roseus	leaf	Leaf epidermis	Mesophyll	True	5.3149333	20.656569
scplantdb_SRP335448:SRX15488576@@_ACTTTGTCAGCATGCC-1	Catharanthus roseus	leaf	Idioblast cell	Mesophyll	False	5.9097	21.775057
scplantdb_SRP335448:SRX15488576@@_AGACAGGCATAATGAG-1	Catharanthus roseus	leaf	Leaf epidermis	Mesophyll	True	5.434095	20.946383
scplantdb_SRP335448:SRX15488576@@_AGACCCGTCACTGTCC-1	Catharanthus roseus	leaf	Leaf epidermis	Mesophyll	True	5.384361	20.72575
scplantdb_SRP335448:SRX15488576@@_AGGGTTTCACTGCACG-1	Catharanthus roseus	leaf	Mesophyll	Mesophyll	True	3.4620335	20.625986
scplantdb_SRP335448:SRX15488576@@_AGGTGTTTCTCCAATT-1	Catharanthus roseus	leaf	Mesophyll	Mesophyll	True	6.2281127	20.191576
scplantdb_SRP335448:SRX15488576@@_AGGTTGTCAGTCTCTC-1	Catharanthus roseus	leaf	Mesophyll	Mesophyll	True	5.064244	19.50538
scplantdb_SRP335448:SRX15488576@@_ATAGAGATCCTCTTTC-1	Catharanthus roseus	leaf	Mesophyll	Mesophyll	True	5.6030536	20.194487
scplantdb_SRP335448:SRX15488576@@_ATGGGTTTCCAACTAG-1	Catharanthus roseus	leaf	Mesophyll	Mesophyll	True	6.076286	21.168161
scplantdb_SRP335448:SRX15488576@@_ATTACCTAGGAGGCAG-1	Catharanthus roseus	leaf	Mesophyll	Mesophyll	True	5.2982254	19.650537
scplantdb_SRP335448:SRX15488576@@_ATTCCTAAGTCGAGGT-1	Catharanthus roseus	leaf	Meristematic cell	Mesophyll	True	5.660276	20.688894
scplantdb_SRP335448:SRX15488576@@_ATTCGTTAGGGATGTC-1	Catharanthus roseus	leaf	Mesophyll	Mesophyll	True	3.377539	19.964449
scplantdb_SRP335448:SRX15488576@@_CAATGACTCATTCGGA-1	Catharanthus roseus	leaf	Mesophyll	Mesophyll	True	6.061	21.101202
scplantdb_SRP335448:SRX15488576@@_CACAGATGTTAAACAG-1	Catharanthus roseus	leaf	Idioblast cell	Mesophyll	False	5.814978	21.599352
scplantdb_SRP335448:SRX15488576@@_CACAGATTCCATAAGC-1	Catharanthus roseus	leaf	Mesophyll	Mesophyll	True	3.3554907	20.842775
scplantdb_SRP335448:SRX15488576@@_CACTGAATCCAAGCCG-1	Catharanthus roseus	leaf	Meristematic cell	Mesophyll	True	5.664131	20.549864
scplantdb_SRP335448:SRX15488576@@_CACTGTCCATCTTCGC-1	Catharanthus roseus	leaf	Mesophyll	Mesophyll	True	6.4066668	20.413738
scplantdb_SRP335448:SRX15488576@@_CAGCACGAGGTCGCCT-1	Catharanthus roseus	leaf	Mesophyll	Mesophyll	True	6.288128	20.718515
scplantdb_SRP335448:SRX15488576@@_CATACTTAGACCCGCT-1	Catharanthus roseus	leaf	Mesophyll	Mesophyll	True	3.1370645	20.614508
scplantdb_SRP335448:SRX15488576@@_CATCCGTGTTGCATTG-1	Catharanthus roseus	leaf	Mesophyll	Mesophyll	True	6.355192	20.998375
scplantdb_SRP335448:SRX15488576@@_CATGCCTGTCACCCTT-1	Catharanthus roseus	leaf	Mesophyll	Mesophyll	True	3.3611941	21.484776
scplantdb_SRP335448:SRX15488576@@_CATGGATCACGGTGCT-1	Catharanthus roseus	leaf	Mesophyll	Mesophyll	True	5.976767	21.646742
scplantdb_SRP335448:SRX15488576@@_CATTGTTCAAACTGCT-1	Catharanthus roseus	leaf	Phloem parenchyma	Mesophyll	True	3.5380356	19.980785
scplantdb_SRP335448:SRX15488576@@_CCGCAAGCAAACTAAG-1	Catharanthus roseus	leaf	Mesophyll	Mesophyll	True	4.227026	19.628738
scplantdb_SRP335448:SRX15488576@@_CCTCAGTCAGCCTTCT-1	Catharanthus roseus	leaf	Mesophyll	Mesophyll	True	5.975527	21.542519
scplantdb_SRP335448:SRX15488576@@_CCTCCAATCTTGCAAG-1	Catharanthus roseus	leaf	Mesophyll	Mesophyll	True	6.3400483	20.292114
scplantdb_SRP335448:SRX15488576@@_CCTGCATAGTGTAGAT-1	Catharanthus roseus	leaf	Mesophyll	Mesophyll	True	5.582896	20.364388
scplantdb_SRP335448:SRX15488576@@_CGAGGAAAGACTTAAG-1	Catharanthus roseus	leaf	Mesophyll	Mesophyll	True	6.319319	20.71353
scplantdb_SRP335448:SRX15488576@@_CGAGGCTAGACGCCAA-1	Catharanthus roseus	leaf	Mesophyll	Mesophyll	True	5.600218	19.630646
scplantdb_SRP335448:SRX15488576@@_CGCATGGTCACCCTCA-1	Catharanthus roseus	leaf	Mesophyll	Mesophyll	True	3.4338663	21.48618
scplantdb_SRP335448:SRX15488576@@_CGTAATGTCGTAGCTA-1	Catharanthus roseus	leaf	Mesophyll	Mesophyll	True	6.1842017	20.28777
scplantdb_SRP335448:SRX15488576@@_CGTTAGAAGAAGTGTT-1	Catharanthus roseus	leaf	Mesophyll	Mesophyll	True	4.464037	19.561104
scplantdb_SRP335448:SRX15488576@@_CGTTGGGCAGTCAGCC-1	Catharanthus roseus	leaf	Leaf epidermis	Mesophyll	True	3.9860103	20.669447
scplantdb_SRP335448:SRX15488576@@_CGTTGGGTCCGACATA-1	Catharanthus roseus	leaf	Mesophyll	Mesophyll	True	4.1573634	19.664923
scplantdb_SRP335448:SRX15488576@@_CTAGGTAGTTTCAGAC-1	Catharanthus roseus	leaf	Mesophyll	Mesophyll	True	6.18986	21.006443
scplantdb_SRP335448:SRX15488576@@_CTATCTATCGCCGAGT-1	Catharanthus roseus	leaf	Mesophyll	Mesophyll	True	4.3823605	19.582489
scplantdb_SRP335448:SRX15488576@@_CTCAATTGTACAGCGA-1	Catharanthus roseus	leaf	Leaf epidermis	Mesophyll	True	5.348647	20.854698
scplantdb_SRP335448:SRX15488576@@_CTCACTGTCGACATAC-1	Catharanthus roseus	leaf	Mesophyll	Mesophyll	True	3.26795	21.31036
scplantdb_SRP335448:SRX15488576@@_CTCATGCAGCTCCGAC-1	Catharanthus roseus	leaf	Mesophyll	Mesophyll	True	3.4763746	20.18572
scplantdb_SRP335448:SRX15488576@@_CTCCCTCTCGCTGCGA-1	Catharanthus roseus	leaf	Mesophyll	Mesophyll	True	6.341553	20.430847
scplantdb_SRP335448:SRX15488576@@_CTCCGATAGCGATTCT-1	Catharanthus roseus	leaf	Mesophyll	Mesophyll	True	4.7985544	19.494307
scplantdb_SRP335448:SRX15488576@@_CTCTCAGTCCTTGACC-1	Catharanthus roseus	leaf	Mesophyll	Mesophyll	True	3.4441762	20.174282
scplantdb_SRP335448:SRX15488576@@_CTGCATCTCCTTCTTC-1	Catharanthus roseus	leaf	Mesophyll	Mesophyll	True	4.712743	19.490278
scplantdb_SRP335448:SRX15488576@@_CTGTCGTCATTGGCAT-1	Catharanthus roseus	leaf	Vascular tissue	Mesophyll	True	4.724485	20.254827
scplantdb_SRP335448:SRX15488576@@_CTGTGAATCGAACCAT-1	Catharanthus roseus	leaf	Mesophyll	Mesophyll	True	6.413757	20.995127
scplantdb_SRP335448:SRX15488576@@_GAAGGACGTACGAGTG-1	Catharanthus roseus	leaf	Vascular tissue	Mesophyll	True	5.961591	21.535818
scplantdb_SRP335448:SRX15488576@@_GACCGTGGTATCTTCT-1	Catharanthus roseus	leaf	Mesophyll	Mesophyll	True	6.144757	21.022972
scplantdb_SRP335448:SRX15488576@@_GACGTTATCCCAGCGA-1	Catharanthus roseus	leaf	Mesophyll	Mesophyll	True	4.623431	19.463953
scplantdb_SRP335448:SRX15488576@@_GAGAAATCATCCTAAG-1	Catharanthus roseus	leaf	Mesophyll	Mesophyll	True	3.3251154	20.51402
scplantdb_SRP335448:SRX15488576@@_GAGTCTACATAGACTC-1	Catharanthus roseus	leaf	Mesophyll	Mesophyll	True	4.67742	19.499233
scplantdb_SRP335448:SRX15488576@@_GAGTTACTCGAAGGAC-1	Catharanthus roseus	leaf	Mesophyll	Mesophyll	True	3.215995	20.594486
scplantdb_SRP335448:SRX15488576@@_GAGTTACTCTAGAACC-1	Catharanthus roseus	leaf	Mesophyll	Mesophyll	True	3.4122002	20.768194
scplantdb_SRP335448:SRX15488576@@_GATAGCTGTCCCAAAT-1	Catharanthus roseus	leaf	Leaf epidermis	Mesophyll	True	5.010462	20.629856
scplantdb_SRP335448:SRX15488576@@_GATCGTACAGCATCTA-1	Catharanthus roseus	leaf	Mesophyll	Mesophyll	True	3.310176	20.746063
scplantdb_SRP335448:SRX15488576@@_GATCGTAGTCGCAGTC-1	Catharanthus roseus	leaf	Mesophyll	Mesophyll	True	3.0024202	20.81511
scplantdb_SRP335448:SRX15488576@@_GCACATACATCGAACT-1	Catharanthus roseus	leaf	Mesophyll	Mesophyll	True	6.0981293	20.103565
scplantdb_SRP335448:SRX15488576@@_GCATCTCGTTGCATGT-1	Catharanthus roseus	leaf	Idioblast cell	Mesophyll	False	5.009465	20.666548
scplantdb_SRP335448:SRX15488576@@_GCTACCTCAAATGAAC-1	Catharanthus roseus	leaf	Mesophyll	Mesophyll	True	5.9057918	19.79337
scplantdb_SRP335448:SRX15488576@@_GCTACCTTCACTTGGA-1	Catharanthus roseus	leaf	Meristematic cell	Mesophyll	True	5.3545785	20.723484
scplantdb_SRP335448:SRX15488576@@_GCTGGGTGTGTTCAGT-1	Catharanthus roseus	leaf	Leaf epidermis	Mesophyll	True	5.5886064	21.006151
scplantdb_SRP335448:SRX15488576@@_GGAAGTGCATCAGCAT-1	Catharanthus roseus	leaf	Mesophyll	Mesophyll	True	5.889682	20.380804
scplantdb_SRP335448:SRX15488576@@_GGAATGGGTTACCCAA-1	Catharanthus roseus	leaf	Mesophyll	Mesophyll	True	4.7205925	19.536764
scplantdb_SRP335448:SRX15488576@@_GGAATGGGTTGTCATG-1	Catharanthus roseus	leaf	Mesophyll	Mesophyll	True	5.7284307	20.919687
scplantdb_SRP335448:SRX15488576@@_GGAGGTACACATGAAA-1	Catharanthus roseus	leaf	Mesophyll	Mesophyll	True	5.4562993	19.755249
scplantdb_SRP335448:SRX15488576@@_GGGCCATTCCTAAACG-1	Catharanthus roseus	leaf	Mesophyll	Mesophyll	True	5.5074577	19.6332
scplantdb_SRP335448:SRX15488576@@_GGGTGAACACGTAACT-1	Catharanthus roseus	leaf	Mesophyll	Mesophyll	True	3.1935186	20.414713
scplantdb_SRP335448:SRX15488576@@_GTAAGTCAGGCTGTAG-1	Catharanthus roseus	leaf	Mesophyll	Mesophyll	True	5.580142	19.800543
scplantdb_SRP335448:SRX15488576@@_GTAGAGGAGGGCTGAT-1	Catharanthus roseus	leaf	Phloem parenchyma	Mesophyll	True	4.8883576	19.799528
scplantdb_SRP335448:SRX15488576@@_GTCTCACCAACTCCCT-1	Catharanthus roseus	leaf	Mesophyll	Mesophyll	True	6.369655	20.900873
scplantdb_SRP335448:SRX15488576@@_GTCTTTACACTGTTCC-1	Catharanthus roseus	leaf	Mesophyll	Mesophyll	True	4.7196307	19.54024
scplantdb_SRP335448:SRX15488576@@_GTGCTTCGTAGATCGG-1	Catharanthus roseus	leaf	Mesophyll	Mesophyll	True	4.2772555	19.591345
scplantdb_SRP335448:SRX15488576@@_GTTCATTGTGTTCGAT-1	Catharanthus roseus	leaf	Mesophyll	Mesophyll	True	5.5107327	19.624144
scplantdb_SRP335448:SRX15488576@@_TAACCAGGTTACGTAC-1	Catharanthus roseus	leaf	Mesophyll	Mesophyll	True	6.288814	20.58743
scplantdb_SRP335448:SRX15488576@@_TAACTTCCACTACTTT-1	Catharanthus roseus	leaf	Meristematic cell	Mesophyll	True	4.33381	19.796356
scplantdb_SRP335448:SRX15488576@@_TACAGGTTCCGACATA-1	Catharanthus roseus	leaf	Mesophyll	Mesophyll	True	5.1452603	19.516245
scplantdb_SRP335448:SRX15488576@@_TACCCGTCAGGGATAC-1	Catharanthus roseus	leaf	Mesophyll	Mesophyll	True	3.3823285	20.05355
scplantdb_SRP335448:SRX15488576@@_TACGGTAAGCTGTGCC-1	Catharanthus roseus	leaf	Mesophyll	Mesophyll	True	3.9986563	19.788551
scplantdb_SRP335448:SRX15488576@@_TCAGGGCGTCCAACGC-1	Catharanthus roseus	leaf	Mesophyll	Mesophyll	True	5.228547	19.537289
scplantdb_SRP335448:SRX15488576@@_TCAGGTATCTAGTCAG-1	Catharanthus roseus	leaf	Mesophyll	Mesophyll	True	6.26688	20.263395
scplantdb_SRP335448:SRX15488576@@_TCATTACAGAGGGCGA-1	Catharanthus roseus	leaf	Mesophyll	Mesophyll	True	6.4228153	20.225214
scplantdb_SRP335448:SRX15488576@@_TCATTCATCTGACAGT-1	Catharanthus roseus	leaf	Leaf epidermis	Mesophyll	True	6.0564284	21.438437
scplantdb_SRP335448:SRX15488576@@_TCCGTGTGTCGTGCCA-1	Catharanthus roseus	leaf	Mesophyll	Mesophyll	True	3.206756	20.669333
scplantdb_SRP335448:SRX15488576@@_TCCTTTCGTACCCGCA-1	Catharanthus roseus	leaf	Mesophyll	Mesophyll	True	3.215304	20.48901
scplantdb_SRP335448:SRX15488576@@_TCGAAGTAGGCGCTCT-1	Catharanthus roseus	leaf	Meristematic cell	Mesophyll	True	5.955607	21.672655
scplantdb_SRP335448:SRX15488576@@_TCGACCTGTACAGCGA-1	Catharanthus roseus	leaf	Mesophyll	Mesophyll	True	5.733484	19.74694
scplantdb_SRP335448:SRX15488576@@_TCGGGACCATGCGGTC-1	Catharanthus roseus	leaf	Mesophyll	Mesophyll	True	5.2048354	19.53688
scplantdb_SRP335448:SRX15488576@@_TCGGGTGGTGAGTAGC-1	Catharanthus roseus	leaf	Mesophyll	Mesophyll	True	5.805951	20.628506
scplantdb_SRP335448:SRX15488576@@_TCGTAGATCCTCTCGA-1	Catharanthus roseus	leaf	Mesophyll	Mesophyll	True	3.3821757	20.02835
scplantdb_SRP335448:SRX15488576@@_TCTATCACAAGTCGTT-1	Catharanthus roseus	leaf	Mesophyll	Mesophyll	True	3.3728535	20.158775
scplantdb_SRP335448:SRX15488576@@_TCTATCAGTAGATCCT-1	Catharanthus roseus	leaf	Mesophyll	Mesophyll	True	3.345623	20.075338
scplantdb_SRP335448:SRX15488576@@_TCTGCCATCCCGTTCA-1	Catharanthus roseus	leaf	Mesophyll	Mesophyll	True	6.0018835	19.864193
scplantdb_SRP335448:SRX15488576@@_TCTTAGTGTTGACTAC-1	Catharanthus roseus	leaf	Leaf epidermis	Mesophyll	True	5.342645	20.51683
scplantdb_SRP335448:SRX15488576@@_TGACGCGCACAACGCC-1	Catharanthus roseus	leaf	Mesophyll	Mesophyll	True	5.735204	20.023134
scplantdb_SRP335448:SRX15488576@@_TGACTCCTCTTCGATT-1	Catharanthus roseus	leaf	Unknow	Mesophyll	True	6.482667	20.18778
scplantdb_SRP335448:SRX15488576@@_TGAGACTGTGCCTACG-1	Catharanthus roseus	leaf	Vascular tissue	Mesophyll	True	5.4822683	20.420282
scplantdb_SRP335448:SRX15488576@@_TGAGTCAAGATTGCGG-1	Catharanthus roseus	leaf	Vascular tissue	Mesophyll	True	6.1190414	20.872055
scplantdb_SRP335448:SRX15488576@@_TGCATCCTCCTGGCTT-1	Catharanthus roseus	leaf	Mesophyll	Mesophyll	True	5.918915	19.796589
scplantdb_SRP335448:SRX15488576@@_TGTCCACGTGATCATC-1	Catharanthus roseus	leaf	Mesophyll	Mesophyll	True	5.0161796	19.552343
scplantdb_SRP335448:SRX15488576@@_TGTGATGTCCATTGTT-1	Catharanthus roseus	leaf	Mesophyll	Mesophyll	True	6.1930227	19.985388
scplantdb_SRP335448:SRX15488576@@_TGTGGCGCAAGTGCTT-1	Catharanthus roseus	leaf	Meristematic cell	Mesophyll	True	3.7048943	19.989128
scplantdb_SRP335448:SRX15488576@@_TGTGTGATCACGTAGT-1	Catharanthus roseus	leaf	Idioblast cell	Mesophyll	False	5.950022	21.731277
scplantdb_SRP335448:SRX15488576@@_TGTTGGAGTTCGAGCC-1	Catharanthus roseus	leaf	Leaf epidermis	Mesophyll	True	5.5448585	21.001383
scplantdb_SRP335448:SRX15488576@@_TTACAGGCAGCTCATA-1	Catharanthus roseus	leaf	Mesophyll	Mesophyll	True	4.6654468	19.469858
scplantdb_SRP335448:SRX15488576@@_TTAGTCTAGCTGAAGC-1	Catharanthus roseus	leaf	Mesophyll	Mesophyll	True	4.8544955	19.467398
scplantdb_SRP335448:SRX15488576@@_TTAGTCTAGTCGCCAC-1	Catharanthus roseus	leaf	Vascular tissue	Mesophyll	True	3.4723086	20.742256
scplantdb_SRP335448:SRX15488576@@_TTCACGCGTCGAACAG-1	Catharanthus roseus	leaf	Mesophyll	Mesophyll	True	3.3294888	20.02792
scplantdb_SRP335448:SRX15488576@@_TTCATTGAGCCAAGGT-1	Catharanthus roseus	leaf	Leaf epidermis	Mesophyll	True	4.1352015	19.842268
scplantdb_SRP335448:SRX15488576@@_TTCCTTCTCTATACTC-1	Catharanthus roseus	leaf	Mesophyll	Mesophyll	True	6.316618	20.060772
scplantdb_SRP335448:SRX15488576@@_TTCTTCCTCAATCTTC-1	Catharanthus roseus	leaf	Mesophyll	Mesophyll	True	5.710038	20.23187
scplantdb_SRP335448:SRX15488576@@_TTGATGGGTGTTACTG-1	Catharanthus roseus	leaf	Mesophyll	Mesophyll	True	4.9024897	19.505856
scplantdb_SRP335448:SRX15488576@@_TTGCATTGTCCAAATC-1	Catharanthus roseus	leaf	Mesophyll	Mesophyll	True	6.263787	20.700455
scplantdb_SRP335448:SRX15488576@@_TTGTGGACATCGGCCA-1	Catharanthus roseus	leaf	Mesophyll	Mesophyll	True	5.498836	19.82942
scplantdb_SRP335448:SRX15488576@@_TTTACTGTCTGGAGAG-1	Catharanthus roseus	leaf	Mesophyll	Mesophyll	True	3.14918	20.638065
scplantdb_SRP335448:SRX15488576@@_TTTCATGCATCCTGTC-1	Catharanthus roseus	leaf	Mesophyll	Mesophyll	True	5.429456	19.583395
scplantdb_SRP335448:SRX15488577@@_AACGTCAGTCACCGAC-1	Catharanthus roseus	leaf	Mesophyll	Mesophyll	True	4.870144	19.497828
scplantdb_SRP335448:SRX15488577@@_AAGTACCGTCTCTCCA-1	Catharanthus roseus	leaf	Idioblast cell	Mesophyll	False	5.4373946	20.998371
scplantdb_SRP335448:SRX15488577@@_ACGTTCCCATCCTCAC-1	Catharanthus roseus	leaf	Leaf epidermis	Mesophyll	True	3.55766	20.703178
scplantdb_SRP335448:SRX15488577@@_ACTTCGCGTAAGGCCA-1	Catharanthus roseus	leaf	Mesophyll	Mesophyll	True	5.069115	19.594496
scplantdb_SRP335448:SRX15488577@@_ACTTCGCGTATCGATC-1	Catharanthus roseus	leaf	Leaf epidermis	Mesophyll	True	3.0927813	20.758623
scplantdb_SRP335448:SRX15488577@@_AGATGAACACCCTAAA-1	Catharanthus roseus	leaf	Mesophyll	Mesophyll	True	6.3597245	20.730368
scplantdb_SRP335448:SRX15488577@@_AGGCATTGTTAGGCCC-1	Catharanthus roseus	leaf	Meristematic cell	Mesophyll	True	3.547266	21.383736
scplantdb_SRP335448:SRX15488577@@_AGGTGTTAGAATCGAT-1	Catharanthus roseus	leaf	Mesophyll	Mesophyll	True	4.3017955	19.624485
scplantdb_SRP335448:SRX15488577@@_AGTGCCGGTCGTTTCC-1	Catharanthus roseus	leaf	Mesophyll	Mesophyll	True	5.816102	20.269266
scplantdb_SRP335448:SRX15488577@@_ATACCGAAGACTGAGC-1	Catharanthus roseus	leaf	Mesophyll	Mesophyll	True	4.4970045	19.59946
scplantdb_SRP335448:SRX15488577@@_ATGCATGCATTCCTCG-1	Catharanthus roseus	leaf	Mesophyll	Mesophyll	True	5.0181684	19.6795
scplantdb_SRP335448:SRX15488577@@_ATGGGTTAGGCAGTCA-1	Catharanthus roseus	leaf	Vascular tissue	Mesophyll	True	5.4990063	20.56074
scplantdb_SRP335448:SRX15488577@@_ATGGTTGAGTCATGGG-1	Catharanthus roseus	leaf	Mesophyll	Mesophyll	True	6.46664	20.31524
scplantdb_SRP335448:SRX15488577@@_ATTCGTTAGCTGCCTG-1	Catharanthus roseus	leaf	Vascular tissue	Mesophyll	True	4.6180954	19.567375
scplantdb_SRP335448:SRX15488577@@_ATTGTTCTCCAAGGGA-1	Catharanthus roseus	leaf	Unknow	Mesophyll	True	4.486179	19.586264
scplantdb_SRP335448:SRX15488577@@_CAAGAGGCAGAAACCG-1	Catharanthus roseus	leaf	Mesophyll	Mesophyll	True	4.6253877	19.5866
scplantdb_SRP335448:SRX15488577@@_CAATTTCCACAGCCTG-1	Catharanthus roseus	leaf	Leaf epidermis	Mesophyll	True	6.000008	21.52441
scplantdb_SRP335448:SRX15488577@@_CACGGGTGTTACGTAC-1	Catharanthus roseus	leaf	Idioblast cell	Mesophyll	False	5.9288135	21.714884
scplantdb_SRP335448:SRX15488577@@_CACTAAGTCGTGGTAT-1	Catharanthus roseus	leaf	Mesophyll	Mesophyll	True	3.8697326	19.800665
scplantdb_SRP335448:SRX15488577@@_CACTTCGGTGTATACC-1	Catharanthus roseus	leaf	Leaf epidermis	Mesophyll	True	3.4518623	20.763361
scplantdb_SRP335448:SRX15488577@@_CAGATTGCATCATTTC-1	Catharanthus roseus	leaf	Unknow	Mesophyll	True	5.640143	19.922085
scplantdb_SRP335448:SRX15488577@@_CAGTTAGAGTAACCTC-1	Catharanthus roseus	leaf	Idioblast cell	Mesophyll	False	5.3848042	20.828358
scplantdb_SRP335448:SRX15488577@@_CATGCCTAGCCTTCTC-1	Catharanthus roseus	leaf	Mesophyll	Mesophyll	True	6.439819	20.303883
scplantdb_SRP335448:SRX15488577@@_CCAATTTGTGCCCAGT-1	Catharanthus roseus	leaf	Mesophyll	Mesophyll	True	3.2642775	20.448584
scplantdb_SRP335448:SRX15488577@@_CCCGAAGCAGAACGCA-1	Catharanthus roseus	leaf	Mesophyll	Mesophyll	True	5.7368274	19.600199
scplantdb_SRP335448:SRX15488577@@_CCGTAGGCAATCTCGA-1	Catharanthus roseus	leaf	Mesophyll	Mesophyll	True	3.1089785	20.69412
scplantdb_SRP335448:SRX15488577@@_CCGTGAGCAGCCCACA-1	Catharanthus roseus	leaf	Mesophyll	Mesophyll	True	4.80824	19.519007
scplantdb_SRP335448:SRX15488577@@_CCGTGAGGTCTCGACG-1	Catharanthus roseus	leaf	Unknow	Mesophyll	True	4.402923	19.707022
scplantdb_SRP335448:SRX15488577@@_CCTAACCCATACCGTA-1	Catharanthus roseus	leaf	Leaf epidermis	Mesophyll	True	5.532426	20.996342
scplantdb_SRP335448:SRX15488577@@_CTAGGTATCTCCGAGG-1	Catharanthus roseus	leaf	Meristematic cell	Mesophyll	True	5.993446	21.706554
scplantdb_SRP335448:SRX15488577@@_CTATCCGCATTGGATC-1	Catharanthus roseus	leaf	Unknow	Mesophyll	True	6.434001	20.19564
scplantdb_SRP335448:SRX15488577@@_CTCCTTTAGGCGTTAG-1	Catharanthus roseus	leaf	Mesophyll	Mesophyll	True	3.469996	20.679424
scplantdb_SRP335448:SRX15488577@@_CTGAGGCTCCGCACTT-1	Catharanthus roseus	leaf	Mesophyll	Mesophyll	True	3.1528797	20.578823
scplantdb_SRP335448:SRX15488577@@_CTGGACGAGTCCGCGT-1	Catharanthus roseus	leaf	Mesophyll	Mesophyll	True	3.3969452	20.70804
scplantdb_SRP335448:SRX15488577@@_CTGTCGTTCCATACAG-1	Catharanthus roseus	leaf	Mesophyll	Mesophyll	True	3.8900473	19.895271
scplantdb_SRP335448:SRX15488577@@_GAACTGTCAATATCCG-1	Catharanthus roseus	leaf	Mesophyll	Mesophyll	True	6.4112215	20.097122
scplantdb_SRP335448:SRX15488577@@_GAACTGTCAGTTCACA-1	Catharanthus roseus	leaf	Mesophyll	Mesophyll	True	6.429759	20.87546
scplantdb_SRP335448:SRX15488577@@_GAAGCGACAACTAGAA-1	Catharanthus roseus	leaf	Mesophyll	Mesophyll	True	5.689958	19.619886
scplantdb_SRP335448:SRX15488577@@_GAATCGTCACAGAGAC-1	Catharanthus roseus	leaf	Mesophyll	Mesophyll	True	3.733499	20.439077
scplantdb_SRP335448:SRX15488577@@_GACGCTGGTTCTTGTT-1	Catharanthus roseus	leaf	Leaf epidermis	Mesophyll	True	5.9873543	21.52476
scplantdb_SRP335448:SRX15488577@@_GACTTCCTCGCTATTT-1	Catharanthus roseus	leaf	Unknow	Mesophyll	True	6.497918	20.142931
scplantdb_SRP335448:SRX15488577@@_GAGAAATAGCTTTCCC-1	Catharanthus roseus	leaf	Mesophyll	Mesophyll	True	5.794059	19.911871
scplantdb_SRP335448:SRX15488577@@_GAGAGGTTCAATGTCG-1	Catharanthus roseus	leaf	Mesophyll	Mesophyll	True	3.9323826	19.94486
scplantdb_SRP335448:SRX15488577@@_GAGATGGTCTAATTCC-1	Catharanthus roseus	leaf	Unknow	Mesophyll	True	4.017232	19.731201
scplantdb_SRP335448:SRX15488577@@_GAGGCCTTCTCCTGCA-1	Catharanthus roseus	leaf	Mesophyll	Mesophyll	True	3.548692	20.728287
scplantdb_SRP335448:SRX15488577@@_GAGTTTGAGTATTAGG-1	Catharanthus roseus	leaf	Mesophyll	Mesophyll	True	4.5456977	19.511042
scplantdb_SRP335448:SRX15488577@@_GATGACTAGAGAGCGG-1	Catharanthus roseus	leaf	Unknow	Mesophyll	True	4.2694683	19.78676
scplantdb_SRP335448:SRX15488577@@_GATGGAGGTATCGCAT-1	Catharanthus roseus	leaf	Meristematic cell	Mesophyll	True	3.4346294	21.522894
scplantdb_SRP335448:SRX15488577@@_GATTCGACACTGGCGT-1	Catharanthus roseus	leaf	Mesophyll	Mesophyll	True	5.108093	19.45814
scplantdb_SRP335448:SRX15488577@@_GCATCTCAGGATCACG-1	Catharanthus roseus	leaf	Mesophyll	Mesophyll	True	6.502947	20.1082
scplantdb_SRP335448:SRX15488577@@_GCCAGCATCACTGAAC-1	Catharanthus roseus	leaf	Mesophyll	Mesophyll	True	6.0548363	19.994852
scplantdb_SRP335448:SRX15488577@@_GCCAGGTAGGGCTAAC-1	Catharanthus roseus	leaf	Mesophyll	Mesophyll	True	5.3875184	19.513754
scplantdb_SRP335448:SRX15488577@@_GCCAGGTCACTGGATT-1	Catharanthus roseus	leaf	Mesophyll	Mesophyll	True	3.330887	20.635971
scplantdb_SRP335448:SRX15488577@@_GCGATCGAGGTTGACG-1	Catharanthus roseus	leaf	Mesophyll	Mesophyll	True	6.457765	20.902931
scplantdb_SRP335448:SRX15488577@@_GCGTTTCAGCGCACAA-1	Catharanthus roseus	leaf	Mesophyll	Mesophyll	True	4.0763097	19.807667
scplantdb_SRP335448:SRX15488577@@_GGAATCTGTTAACCTG-1	Catharanthus roseus	leaf	Mesophyll	Mesophyll	True	6.321707	20.125088
scplantdb_SRP335448:SRX15488577@@_GGCTGTGAGGTGCTGA-1	Catharanthus roseus	leaf	Unknow	Mesophyll	True	4.066551	19.825747
scplantdb_SRP335448:SRX15488577@@_GGGACTCAGCCTGAGA-1	Catharanthus roseus	leaf	Mesophyll	Mesophyll	True	6.320601	20.087885
scplantdb_SRP335448:SRX15488577@@_GGGCTCAGTGCATACT-1	Catharanthus roseus	leaf	Mesophyll	Mesophyll	True	5.762534	20.012112
scplantdb_SRP335448:SRX15488577@@_GGGCTCAGTTACTCAG-1	Catharanthus roseus	leaf	Phloem parenchyma	Mesophyll	True	3.5462859	20.065186
scplantdb_SRP335448:SRX15488577@@_GGGTTTAGTCAGACTT-1	Catharanthus roseus	leaf	Unknow	Mesophyll	True	5.709079	19.811518
scplantdb_SRP335448:SRX15488577@@_GGTAATCGTGTCCTAA-1	Catharanthus roseus	leaf	Mesophyll	Mesophyll	True	6.022574	21.49948
scplantdb_SRP335448:SRX15488577@@_GTATTTCGTATCATGC-1	Catharanthus roseus	leaf	Mesophyll	Mesophyll	True	4.174946	19.570574
scplantdb_SRP335448:SRX15488577@@_GTCGTTCCACCAGGTC-1	Catharanthus roseus	leaf	Idioblast cell	Mesophyll	False	4.1606836	20.779501
scplantdb_SRP335448:SRX15488577@@_GTCTCACTCTCCGTGT-1	Catharanthus roseus	leaf	Mesophyll	Mesophyll	True	3.6203206	20.629543
scplantdb_SRP335448:SRX15488577@@_TAATCTCAGCGACTAG-1	Catharanthus roseus	leaf	Leaf epidermis	Mesophyll	True	5.7190185	21.076675
scplantdb_SRP335448:SRX15488577@@_TACGGTATCGGATACT-1	Catharanthus roseus	leaf	Mesophyll	Mesophyll	True	5.580937	19.709272
scplantdb_SRP335448:SRX15488577@@_TACTTACAGGGAGGAC-1	Catharanthus roseus	leaf	Mesophyll	Mesophyll	True	3.5098526	19.934687
scplantdb_SRP335448:SRX15488577@@_TCAGGTAGTGGGATTG-1	Catharanthus roseus	leaf	Unknow	Mesophyll	True	5.8097825	19.721554
scplantdb_SRP335448:SRX15488577@@_TCATGCCCACGCTGCA-1	Catharanthus roseus	leaf	Mesophyll	Mesophyll	True	6.4036965	20.090021
scplantdb_SRP335448:SRX15488577@@_TCCGGGATCAAAGACA-1	Catharanthus roseus	leaf	Mesophyll	Mesophyll	True	3.8027666	19.91365
scplantdb_SRP335448:SRX15488577@@_TCTACCGCAGGCATGA-1	Catharanthus roseus	leaf	Mesophyll	Mesophyll	True	6.393964	20.261091
scplantdb_SRP335448:SRX15488577@@_TGACCCTGTGCGAGTA-1	Catharanthus roseus	leaf	Unknow	Mesophyll	True	6.4835157	20.392633
scplantdb_SRP335448:SRX15488577@@_TGCAGATTCTCGGTAA-1	Catharanthus roseus	leaf	Leaf epidermis	Mesophyll	True	6.4232945	20.921383
scplantdb_SRP335448:SRX15488577@@_TGCAGGCGTAGTGCGA-1	Catharanthus roseus	leaf	Mesophyll	Mesophyll	True	6.318529	20.26381
scplantdb_SRP335448:SRX15488577@@_TGCAGTACATTCCTCG-1	Catharanthus roseus	leaf	Mesophyll	Mesophyll	True	3.980838	19.826235
scplantdb_SRP335448:SRX15488577@@_TGGAACTAGACCTCCG-1	Catharanthus roseus	leaf	Mesophyll	Mesophyll	True	5.662354	19.552914
scplantdb_SRP335448:SRX15488577@@_TTCATTGTCCGCGGAT-1	Catharanthus roseus	leaf	Mesophyll	Mesophyll	True	4.2347956	19.613811
scplantdb_SRP335448:SRX15488577@@_TTCCTTCAGTAGCTCT-1	Catharanthus roseus	leaf	Mesophyll	Mesophyll	True	5.321515	19.536547
scplantdb_SRP335448:SRX15488577@@_TTGAACGGTGTCTTGA-1	Catharanthus roseus	leaf	Vascular tissue	Mesophyll	True	5.513429	20.594553
scplantdb_SRP335448:SRX15488577@@_TTGCATTAGGAGCAAA-1	Catharanthus roseus	leaf	Idioblast cell	Mesophyll	False	5.953861	21.750944
scplantdb_SRP335448:SRX15488577@@_TTGGGATAGCGGGTAT-1	Catharanthus roseus	leaf	Unknow	Mesophyll	True	5.81447	19.795744
scplantdb_SRP335448:SRX15488577@@_TTTCACAGTCTAACTG-1	Catharanthus roseus	leaf	Mesophyll	Mesophyll	True	4.0635896	19.65654
scplantdb_SRP335448:SRX15488577@@_TTTGATCCACCTGCAG-1	Catharanthus roseus	leaf	Leaf epidermis	Mesophyll	True	5.4962707	20.971916
scplantdb_SRP335448:SRX15488577@@_TTTGATCGTACAAGCG-1	Catharanthus roseus	leaf	Mesophyll	Mesophyll	True	3.4717643	20.507685
scplantdb_SRP424189:SRX19292258@@_AAAGGATCACTTGTGA-1	Gossypium bickii	leaf	Mesophyll	Mesophyll	True	12.038107	7.7023993
scplantdb_SRP424189:SRX19292258@@_AAAGGGCAGACATAAC-1	Gossypium bickii	leaf	Mesophyll	Mesophyll	True	12.040316	7.4827805
scplantdb_SRP424189:SRX19292258@@_AAAGGTATCTATTCGT-1	Gossypium bickii	leaf	Procambium	Mesophyll	False	11.651145	8.883979
scplantdb_SRP424189:SRX19292258@@_AAAGTCCCACAGCTTA-1	Gossypium bickii	leaf	Mesophyll	Mesophyll	True	11.888884	7.0857873
scplantdb_SRP424189:SRX19292258@@_AAAGTGATCAGCAATC-1	Gossypium bickii	leaf	Mesophyll	Mesophyll	True	11.909044	6.843069
scplantdb_SRP424189:SRX19292258@@_AACACACGTTATGTCG-1	Gossypium bickii	leaf	Mesophyll	Mesophyll	True	11.385288	7.647162
scplantdb_SRP424189:SRX19292258@@_AACCCAACAGCAGGAT-1	Gossypium bickii	leaf	Mesophyll	Mesophyll	True	12.250067	8.020983
scplantdb_SRP424189:SRX19292258@@_AACCCAATCGGTTCAA-1	Gossypium bickii	leaf	Mesophyll	Mesophyll	True	11.793403	7.1626163
scplantdb_SRP424189:SRX19292258@@_AACCTGAAGAAGAACG-1	Gossypium bickii	leaf	Leaf epidermis	Mesophyll	True	10.70764	6.4852996
scplantdb_SRP424189:SRX19292258@@_AAGACTCCAATTTCCT-1	Gossypium bickii	leaf	Leaf epidermis	Mesophyll	True	10.8515835	6.6461644
scplantdb_SRP424189:SRX19292258@@_AAGCGAGAGCGCTGCT-1	Gossypium bickii	leaf	Mesophyll	Mesophyll	True	11.299356	7.34581
scplantdb_SRP424189:SRX19292258@@_AAGGTAATCTTAGCAG-1	Gossypium bickii	leaf	Procambium	Mesophyll	False	11.061144	7.5864897
scplantdb_SRP424189:SRX19292258@@_AAGTTCGAGCACAAAT-1	Gossypium bickii	leaf	Phloem parenchyma	Mesophyll	True	9.858391	7.9044924
scplantdb_SRP424189:SRX19292258@@_AAGTTCGTCGATTCCC-1	Gossypium bickii	leaf	Mesophyll	Mesophyll	True	11.62856	8.886263
scplantdb_SRP424189:SRX19292258@@_AATCGACGTATCAAGA-1	Gossypium bickii	leaf	Mesophyll	Mesophyll	True	11.924675	6.9102364
scplantdb_SRP424189:SRX19292258@@_AATCGTGCATCATTTC-1	Gossypium bickii	leaf	Mesophyll	Mesophyll	True	11.374393	7.5242543
scplantdb_SRP424189:SRX19292258@@_AATGACCAGCAATTAG-1	Gossypium bickii	leaf	Pigment gland	Mesophyll	False	12.755285	6.381577
scplantdb_SRP424189:SRX19292258@@_AATGCCAGTGGTCAAG-1	Gossypium bickii	leaf	Mesophyll	Mesophyll	True	11.487024	8.836195
scplantdb_SRP424189:SRX19292258@@_AATGGAAAGTTGAAAC-1	Gossypium bickii	leaf	Leaf epidermis	Mesophyll	True	10.601874	6.4216504
scplantdb_SRP424189:SRX19292258@@_AATTCCTTCAGGACGA-1	Gossypium bickii	leaf	Mesophyll	Mesophyll	True	12.020628	7.397854
scplantdb_SRP424189:SRX19292258@@_ACAACCACAGACCCGT-1	Gossypium bickii	leaf	Mesophyll	Mesophyll	True	10.876511	7.0077257
scplantdb_SRP424189:SRX19292258@@_ACACCAAGTGGTAATA-1	Gossypium bickii	leaf	Mesophyll	Mesophyll	True	11.2527685	7.793169
scplantdb_SRP424189:SRX19292258@@_ACAGCCGCAGAGATGC-1	Gossypium bickii	leaf	Mesophyll	Mesophyll	True	12.181516	7.7407966
scplantdb_SRP424189:SRX19292258@@_ACCACAAGTAGAGACC-1	Gossypium bickii	leaf	Procambium	Mesophyll	False	11.899602	8.125478
scplantdb_SRP424189:SRX19292258@@_ACCCAAATCTCTCTTC-1	Gossypium bickii	leaf	Mesophyll	Mesophyll	True	12.391107	6.523912
scplantdb_SRP424189:SRX19292258@@_ACGATCACAGAGGCTA-1	Gossypium bickii	leaf	Mesophyll	Mesophyll	True	10.790752	8.199765
scplantdb_SRP424189:SRX19292258@@_ACGATCATCCTTCTAA-1	Gossypium bickii	leaf	Phloem parenchyma	Mesophyll	True	9.854533	8.164025
scplantdb_SRP424189:SRX19292258@@_ACGCACGGTACGCGTC-1	Gossypium bickii	leaf	Leaf epidermis	Mesophyll	True	10.738552	6.3469715
scplantdb_SRP424189:SRX19292258@@_ACGGAAGCAATCCTTT-1	Gossypium bickii	leaf	Mesophyll	Mesophyll	True	12.086647	7.554059
scplantdb_SRP424189:SRX19292258@@_ACGGGTCCAGTAACAA-1	Gossypium bickii	leaf	Mesophyll	Mesophyll	True	12.6738615	6.5518746
scplantdb_SRP424189:SRX19292258@@_ACGGGTCGTAGAATGT-1	Gossypium bickii	leaf	Leaf epidermis	Mesophyll	True	11.853971	7.1662774
scplantdb_SRP424189:SRX19292258@@_ACTATGGAGTCCCAAT-1	Gossypium bickii	leaf	Mesophyll	Mesophyll	True	11.71182	7.8372054
scplantdb_SRP424189:SRX19292258@@_ACTTTGTGTCACTACA-1	Gossypium bickii	leaf	Xylem	Mesophyll	True	10.34749	7.4651575
scplantdb_SRP424189:SRX19292258@@_AGAAGCGCACTGTCGG-1	Gossypium bickii	leaf	Leaf epidermis	Mesophyll	True	11.199625	6.7646894
scplantdb_SRP424189:SRX19292258@@_AGAAGCGCAGCTCCTT-1	Gossypium bickii	leaf	Mesophyll	Mesophyll	True	11.390229	7.2185774
scplantdb_SRP424189:SRX19292258@@_AGAGCAGAGGTATCTC-1	Gossypium bickii	leaf	Mesophyll	Mesophyll	True	11.957805	7.935217
scplantdb_SRP424189:SRX19292258@@_AGATCCATCTACCACC-1	Gossypium bickii	leaf	Mesophyll	Mesophyll	True	12.066268	7.9695044
scplantdb_SRP424189:SRX19292258@@_AGATGCTCACTGTCCT-1	Gossypium bickii	leaf	Mesophyll	Mesophyll	True	11.090761	8.149048
scplantdb_SRP424189:SRX19292258@@_AGCATCAGTGTCCACG-1	Gossypium bickii	leaf	Phloem parenchyma	Mesophyll	True	9.888455	8.162627
scplantdb_SRP424189:SRX19292258@@_AGCCAATAGGTCTACT-1	Gossypium bickii	leaf	Leaf epidermis	Mesophyll	True	12.306863	6.4916153
scplantdb_SRP424189:SRX19292258@@_AGCGATTGTCTCCTGT-1	Gossypium bickii	leaf	Procambium	Mesophyll	False	11.702158	8.946322
scplantdb_SRP424189:SRX19292258@@_AGCTACACACCCTATC-1	Gossypium bickii	leaf	Mesophyll	Mesophyll	True	12.065573	8.273907
scplantdb_SRP424189:SRX19292258@@_AGGCTGCTCTACGGTA-1	Gossypium bickii	leaf	Leaf epidermis	Mesophyll	True	10.812988	6.5364347
scplantdb_SRP424189:SRX19292258@@_AGGGCTCTCAGATTGC-1	Gossypium bickii	leaf	Phloem parenchyma	Mesophyll	True	11.27181	7.195208
scplantdb_SRP424189:SRX19292258@@_AGGGTTTTCTCGCGTT-1	Gossypium bickii	leaf	Pigment gland	Mesophyll	False	12.736419	6.351275
scplantdb_SRP424189:SRX19292258@@_AGTAGCTCATTAAGCC-1	Gossypium bickii	leaf	Leaf epidermis	Mesophyll	True	10.518809	6.531608
scplantdb_SRP424189:SRX19292258@@_AGTGATCTCGGACAAG-1	Gossypium bickii	leaf	Leaf epidermis	Mesophyll	True	12.498962	6.62569
scplantdb_SRP424189:SRX19292258@@_AGTTAGCCAACGTAAA-1	Gossypium bickii	leaf	Mesophyll	Mesophyll	True	12.129563	7.963346
scplantdb_SRP424189:SRX19292258@@_AGTTAGCCATTGCTTT-1	Gossypium bickii	leaf	Leaf epidermis	Mesophyll	True	10.706105	6.3804955
scplantdb_SRP424189:SRX19292258@@_ATACCTTTCACGATCA-1	Gossypium bickii	leaf	Mesophyll	Mesophyll	True	11.48511	6.9006596
scplantdb_SRP424189:SRX19292258@@_ATAGACCCAGTGCGCT-1	Gossypium bickii	leaf	Leaf guard cell	Mesophyll	True	8.398331	6.8837395
scplantdb_SRP424189:SRX19292258@@_ATCACTTGTGCTTCAA-1	Gossypium bickii	leaf	Companion cell	Mesophyll	True	10.076807	7.882081
scplantdb_SRP424189:SRX19292258@@_ATCCATTAGCTGAGTG-1	Gossypium bickii	leaf	Procambium	Mesophyll	False	11.604183	8.850616
scplantdb_SRP424189:SRX19292258@@_ATCGGCGTCTATTCGT-1	Gossypium bickii	leaf	Procambium	Mesophyll	False	11.875387	7.8121586
scplantdb_SRP424189:SRX19292258@@_ATCGTCCCACTCAGAT-1	Gossypium bickii	leaf	Leaf epidermis	Mesophyll	True	11.97057	7.2305164
scplantdb_SRP424189:SRX19292258@@_ATGCCTCCAACAGTGG-1	Gossypium bickii	leaf	Mesophyll	Mesophyll	True	11.909819	7.968046
scplantdb_SRP424189:SRX19292258@@_ATGCCTCGTACCCAGC-1	Gossypium bickii	leaf	Phloem parenchyma	Mesophyll	True	10.427838	7.593414
scplantdb_SRP424189:SRX19292258@@_ATGCGATCACTTTAGG-1	Gossypium bickii	leaf	Companion cell	Mesophyll	True	9.77403	8.338071
scplantdb_SRP424189:SRX19292258@@_ATGCGATCAGCCATTA-1	Gossypium bickii	leaf	Leaf epidermis	Mesophyll	True	11.022861	6.3841934
scplantdb_SRP424189:SRX19292258@@_ATGGGTTTCTTACGTT-1	Gossypium bickii	leaf	Leaf guard cell	Mesophyll	True	9.696064	8.259996
scplantdb_SRP424189:SRX19292258@@_ATTCCCGCACAAATAG-1	Gossypium bickii	leaf	Mesophyll	Mesophyll	True	10.840235	7.968495
scplantdb_SRP424189:SRX19292258@@_ATTCCTACACGAAGAC-1	Gossypium bickii	leaf	Leaf epidermis	Mesophyll	True	10.205958	7.784222
scplantdb_SRP424189:SRX19292258@@_ATTCTTGCAGCGTATT-1	Gossypium bickii	leaf	Mesophyll	Mesophyll	True	12.742638	6.391765
scplantdb_SRP424189:SRX19292258@@_CAACAGTCAGCGATTT-1	Gossypium bickii	leaf	Mesophyll	Mesophyll	True	11.934647	7.0995746
scplantdb_SRP424189:SRX19292258@@_CAACGATTCTAGCAAC-1	Gossypium bickii	leaf	Leaf epidermis	Mesophyll	True	11.05997	7.693008
scplantdb_SRP424189:SRX19292258@@_CAAGCTATCAGCAGAG-1	Gossypium bickii	leaf	Mesophyll	Mesophyll	True	12.029281	7.313987
scplantdb_SRP424189:SRX19292258@@_CAATCGACATGACTTG-1	Gossypium bickii	leaf	Leaf epidermis	Mesophyll	True	10.74713	6.401842
scplantdb_SRP424189:SRX19292258@@_CACAGGCTCCTTCTTC-1	Gossypium bickii	leaf	Mesophyll	Mesophyll	True	11.076646	8.024077
scplantdb_SRP424189:SRX19292258@@_CACATGAAGTCCGTCG-1	Gossypium bickii	leaf	Xylem	Mesophyll	True	10.352525	7.634308
scplantdb_SRP424189:SRX19292258@@_CACGAATAGAAATTCG-1	Gossypium bickii	leaf	Leaf epidermis	Mesophyll	True	10.839214	6.414766
scplantdb_SRP424189:SRX19292258@@_CACTAAGTCTTCGATT-1	Gossypium bickii	leaf	Leaf epidermis	Mesophyll	True	10.673172	6.439005
scplantdb_SRP424189:SRX19292258@@_CACTTCGCACAGTCAT-1	Gossypium bickii	leaf	Mesophyll	Mesophyll	True	12.258138	8.065667
scplantdb_SRP424189:SRX19292258@@_CAGAGCCTCCGTAGTA-1	Gossypium bickii	leaf	Leaf epidermis	Mesophyll	True	11.004169	6.420174
scplantdb_SRP424189:SRX19292258@@_CAGAGCCTCTGGTGGC-1	Gossypium bickii	leaf	Mesophyll	Mesophyll	True	12.187986	7.2659836
scplantdb_SRP424189:SRX19292258@@_CAGCACGCAGATACTC-1	Gossypium bickii	leaf	Mesophyll	Mesophyll	True	11.767465	7.024774
scplantdb_SRP424189:SRX19292258@@_CAGGGCTCATGGCTAT-1	Gossypium bickii	leaf	Mesophyll	Mesophyll	True	11.834247	7.0228424
scplantdb_SRP424189:SRX19292258@@_CATACAGAGGCACAAC-1	Gossypium bickii	leaf	Procambium	Mesophyll	False	11.698425	8.976807
scplantdb_SRP424189:SRX19292258@@_CATACAGCAGGAAGTC-1	Gossypium bickii	leaf	Mesophyll	Mesophyll	True	12.509795	7.188019
scplantdb_SRP424189:SRX19292258@@_CATCCGTTCCGCTGTT-1	Gossypium bickii	leaf	Mesophyll	Mesophyll	True	12.290527	6.6286006
scplantdb_SRP424189:SRX19292258@@_CATCGGGTCTACCAGA-1	Gossypium bickii	leaf	Mesophyll	Mesophyll	True	10.906761	7.862283
scplantdb_SRP424189:SRX19292258@@_CATTCTAGTACACGTT-1	Gossypium bickii	leaf	Xylem	Mesophyll	True	10.941313	7.848282
scplantdb_SRP424189:SRX19292258@@_CATTGAGGTGGCTCTG-1	Gossypium bickii	leaf	Phloem parenchyma	Mesophyll	True	10.088477	7.9981027
scplantdb_SRP424189:SRX19292258@@_CATTGCCAGGATACAT-1	Gossypium bickii	leaf	Companion cell	Mesophyll	True	9.701375	8.276181
scplantdb_SRP424189:SRX19292258@@_CCAAGCGAGTTTCGGT-1	Gossypium bickii	leaf	Mesophyll	Mesophyll	True	10.95341	7.8988795
scplantdb_SRP424189:SRX19292258@@_CCAAGCGTCTATCCAT-1	Gossypium bickii	leaf	Procambium	Mesophyll	False	11.662747	8.953678
scplantdb_SRP424189:SRX19292258@@_CCACAAACAAGGGTCA-1	Gossypium bickii	leaf	Mesophyll	Mesophyll	True	11.580511	8.61444
scplantdb_SRP424189:SRX19292258@@_CCACGTTGTTTCGCTC-1	Gossypium bickii	leaf	Phloem parenchyma	Mesophyll	True	9.873621	8.241308
scplantdb_SRP424189:SRX19292258@@_CCCGGAAAGGTGATAT-1	Gossypium bickii	leaf	Leaf epidermis	Mesophyll	True	10.481104	6.5420957
scplantdb_SRP424189:SRX19292258@@_CCCTAACGTTACCTTT-1	Gossypium bickii	leaf	Leaf epidermis	Mesophyll	True	11.703126	6.918252
scplantdb_SRP424189:SRX19292258@@_CCGATGGTCGCATGAT-1	Gossypium bickii	leaf	Leaf epidermis	Mesophyll	True	11.329969	7.825353
scplantdb_SRP424189:SRX19292258@@_CCGCAAGTCCACAGGC-1	Gossypium bickii	leaf	Mesophyll	Mesophyll	True	12.05917	6.7366977
scplantdb_SRP424189:SRX19292258@@_CCGGTGAGTGGACCAA-1	Gossypium bickii	leaf	Mesophyll	Mesophyll	True	11.098886	7.9209743
scplantdb_SRP424189:SRX19292258@@_CCGTAGGCATAGACTC-1	Gossypium bickii	leaf	Procambium	Mesophyll	False	11.52127	8.736679
scplantdb_SRP424189:SRX19292258@@_CCGTAGGGTGAATATG-1	Gossypium bickii	leaf	Companion cell	Mesophyll	True	10.131703	8.216173
scplantdb_SRP424189:SRX19292258@@_CCGTGAGCAGGACATG-1	Gossypium bickii	leaf	Phloem parenchyma	Mesophyll	True	10.095291	7.7777863
scplantdb_SRP424189:SRX19292258@@_CCTATCGGTATGAGAT-1	Gossypium bickii	leaf	Leaf epidermis	Mesophyll	True	10.719543	6.603949
scplantdb_SRP424189:SRX19292258@@_CCTCACACACTGCACG-1	Gossypium bickii	leaf	Mesophyll	Mesophyll	True	12.20141	6.5961914
scplantdb_SRP424189:SRX19292258@@_CCTCTAGAGAGTTGAT-1	Gossypium bickii	leaf	Leaf epidermis	Mesophyll	True	10.144225	7.807301
scplantdb_SRP424189:SRX19292258@@_CCTGTTGAGAGGGCGA-1	Gossypium bickii	leaf	Companion cell	Mesophyll	True	9.684177	8.340431
scplantdb_SRP424189:SRX19292258@@_CCTGTTGGTCATACCA-1	Gossypium bickii	leaf	Leaf epidermis	Mesophyll	True	11.764317	7.1843076
scplantdb_SRP424189:SRX19292258@@_CCTGTTGTCATCCTGC-1	Gossypium bickii	leaf	Procambium	Mesophyll	False	11.489066	8.82561
scplantdb_SRP424189:SRX19292258@@_CGCATAACAGAGTTGG-1	Gossypium bickii	leaf	Leaf epidermis	Mesophyll	True	10.668085	6.498426
scplantdb_SRP424189:SRX19292258@@_CGCCATTGTACGGTTT-1	Gossypium bickii	leaf	Mesophyll	Mesophyll	True	12.204254	8.048148
scplantdb_SRP424189:SRX19292258@@_CGCGTGAGTGGTCTGC-1	Gossypium bickii	leaf	Companion cell	Mesophyll	True	9.735573	8.241961
scplantdb_SRP424189:SRX19292258@@_CGGACACGTATCGTAC-1	Gossypium bickii	leaf	Phloem parenchyma	Mesophyll	True	10.005924	8.055948
scplantdb_SRP424189:SRX19292258@@_CGTCAAAAGTCCCAGC-1	Gossypium bickii	leaf	Procambium	Mesophyll	False	11.637252	8.966745
scplantdb_SRP424189:SRX19292258@@_CTACAGAGTACTCCCT-1	Gossypium bickii	leaf	Procambium	Mesophyll	False	11.552386	8.870347
scplantdb_SRP424189:SRX19292258@@_CTACAGATCAGGAAGC-1	Gossypium bickii	leaf	Leaf guard cell	Mesophyll	True	9.926589	8.161811
scplantdb_SRP424189:SRX19292258@@_CTAGGTAAGTAGTCCT-1	Gossypium bickii	leaf	Leaf epidermis	Mesophyll	True	10.690311	6.3834376
scplantdb_SRP424189:SRX19292258@@_CTCAATTTCGATCCAA-1	Gossypium bickii	leaf	Mesophyll	Mesophyll	True	10.769424	8.077436
scplantdb_SRP424189:SRX19292258@@_CTCAGGGTCATACGAC-1	Gossypium bickii	leaf	Xylem	Mesophyll	True	10.855209	8.17346
scplantdb_SRP424189:SRX19292258@@_CTCATCGCATCGTCCT-1	Gossypium bickii	leaf	Mesophyll	Mesophyll	True	11.389957	7.5533695
scplantdb_SRP424189:SRX19292258@@_CTCATCGGTGTAGCAG-1	Gossypium bickii	leaf	Mesophyll	Mesophyll	True	11.933183	7.331317
scplantdb_SRP424189:SRX19292258@@_CTCATGCGTATCGAAA-1	Gossypium bickii	leaf	Pigment gland	Mesophyll	False	12.721904	6.3476276
scplantdb_SRP424189:SRX19292258@@_CTCCTCCTCGTGGTAT-1	Gossypium bickii	leaf	Mesophyll	Mesophyll	True	11.813491	7.0527225
scplantdb_SRP424189:SRX19292258@@_CTGAGCGGTATCGCTA-1	Gossypium bickii	leaf	Mesophyll	Mesophyll	True	12.392554	6.500803
scplantdb_SRP424189:SRX19292258@@_CTGCCTAAGTATGAAC-1	Gossypium bickii	leaf	Xylem	Mesophyll	True	11.11326	7.387263
scplantdb_SRP424189:SRX19292258@@_CTGCCTACAGCGACCT-1	Gossypium bickii	leaf	Mesophyll	Mesophyll	True	11.960194	7.064338
scplantdb_SRP424189:SRX19292258@@_CTGCGAGAGTTGCCCG-1	Gossypium bickii	leaf	Mesophyll	Mesophyll	True	12.076676	6.7007527
scplantdb_SRP424189:SRX19292258@@_CTGGACGCATGAAAGT-1	Gossypium bickii	leaf	Mesophyll	Mesophyll	True	12.055324	6.761383
scplantdb_SRP424189:SRX19292258@@_CTTAGGAGTCACTACA-1	Gossypium bickii	leaf	Mesophyll	Mesophyll	True	11.870664	7.904446
scplantdb_SRP424189:SRX19292258@@_CTTCCTTTCCATTGCC-1	Gossypium bickii	leaf	Mesophyll	Mesophyll	True	11.911256	6.9118357
scplantdb_SRP424189:SRX19292258@@_GAAATGAAGCCTTGAT-1	Gossypium bickii	leaf	Mesophyll	Mesophyll	True	12.094811	6.8680997
scplantdb_SRP424189:SRX19292258@@_GAAGCGAGTGGCTCTG-1	Gossypium bickii	leaf	Mesophyll	Mesophyll	True	12.23909	8.1122265
scplantdb_SRP424189:SRX19292258@@_GAAGTAATCGTTGTGA-1	Gossypium bickii	leaf	Phloem parenchyma	Mesophyll	True	9.741055	8.244226
scplantdb_SRP424189:SRX19292258@@_GAATCACGTCACCACG-1	Gossypium bickii	leaf	Mesophyll	Mesophyll	True	12.193137	7.6933007
scplantdb_SRP424189:SRX19292258@@_GACCCAGGTATCCTCC-1	Gossypium bickii	leaf	Mesophyll	Mesophyll	True	11.976061	7.613277
scplantdb_SRP424189:SRX19292258@@_GACCTTCCAGATACTC-1	Gossypium bickii	leaf	Phloem parenchyma	Mesophyll	True	9.737708	8.236842
scplantdb_SRP424189:SRX19292258@@_GAGACCCTCCATAAGC-1	Gossypium bickii	leaf	Leaf epidermis	Mesophyll	True	10.731437	6.4128714
scplantdb_SRP424189:SRX19292258@@_GAGACTTGTAAGCGGT-1	Gossypium bickii	leaf	Phloem parenchyma	Mesophyll	True	10.129606	7.7996125
scplantdb_SRP424189:SRX19292258@@_GAGGGTAAGATGGTAT-1	Gossypium bickii	leaf	Mesophyll	Mesophyll	True	11.888453	7.586927
scplantdb_SRP424189:SRX19292258@@_GAGGGTAAGGGCAGTT-1	Gossypium bickii	leaf	Leaf epidermis	Mesophyll	True	10.667787	6.485851
scplantdb_SRP424189:SRX19292258@@_GAGGGTACAACGCCCA-1	Gossypium bickii	leaf	Mesophyll	Mesophyll	True	11.475333	8.672841
scplantdb_SRP424189:SRX19292258@@_GAGTCTAGTCACTAGT-1	Gossypium bickii	leaf	Mesophyll	Mesophyll	True	11.288746	7.114421
scplantdb_SRP424189:SRX19292258@@_GATAGCTAGATCGCTT-1	Gossypium bickii	leaf	Procambium	Mesophyll	False	11.717472	8.910646
scplantdb_SRP424189:SRX19292258@@_GATCAGTAGAGGACTC-1	Gossypium bickii	leaf	Mesophyll	Mesophyll	True	11.294295	8.057303
scplantdb_SRP424189:SRX19292258@@_GATGACTGTATGCAAA-1	Gossypium bickii	leaf	Mesophyll	Mesophyll	True	11.881928	8.364897
scplantdb_SRP424189:SRX19292258@@_GATGACTGTCGTATGT-1	Gossypium bickii	leaf	Mesophyll	Mesophyll	True	11.937911	7.966342
scplantdb_SRP424189:SRX19292258@@_GCAACCGAGAAGCCAC-1	Gossypium bickii	leaf	Pigment gland	Mesophyll	False	12.691097	6.318995
scplantdb_SRP424189:SRX19292258@@_GCATCTCCAACTCCAA-1	Gossypium bickii	leaf	Mesophyll	Mesophyll	True	12.773153	6.409237
scplantdb_SRP424189:SRX19292258@@_GCATCTCTCGACCATA-1	Gossypium bickii	leaf	Companion cell	Mesophyll	True	9.973529	8.272901
scplantdb_SRP424189:SRX19292258@@_GCCAGCAGTCTGTGAT-1	Gossypium bickii	leaf	Mesophyll	Mesophyll	True	11.69177	8.222293
scplantdb_SRP424189:SRX19292258@@_GCCATGGCAAGCCATT-1	Gossypium bickii	leaf	Mesophyll	Mesophyll	True	12.276087	6.842835
scplantdb_SRP424189:SRX19292258@@_GCCATTCCAGCGTTTA-1	Gossypium bickii	leaf	Mesophyll	Mesophyll	True	12.086036	6.7595057
scplantdb_SRP424189:SRX19292258@@_GCCCGAATCATCTGTT-1	Gossypium bickii	leaf	Mesophyll	Mesophyll	True	11.653914	7.9766273
scplantdb_SRP424189:SRX19292258@@_GCCGATGCACAATGCT-1	Gossypium bickii	leaf	Mesophyll	Mesophyll	True	11.438967	7.6231256
scplantdb_SRP424189:SRX19292258@@_GCGAGAATCCACAAGT-1	Gossypium bickii	leaf	Companion cell	Mesophyll	True	9.820312	8.292
scplantdb_SRP424189:SRX19292258@@_GCGTGCAGTCCGTTTC-1	Gossypium bickii	leaf	Mesophyll	Mesophyll	True	12.064056	7.921956
scplantdb_SRP424189:SRX19292258@@_GGAACCCGTGAGTCAG-1	Gossypium bickii	leaf	Mesophyll	Mesophyll	True	11.813082	8.0768385
scplantdb_SRP424189:SRX19292258@@_GGACGTCCACTTTATC-1	Gossypium bickii	leaf	Mesophyll	Mesophyll	True	11.471147	7.1076574
scplantdb_SRP424189:SRX19292258@@_GGAGATGCAACGATTC-1	Gossypium bickii	leaf	Phloem parenchyma	Mesophyll	True	10.063228	8.185334
scplantdb_SRP424189:SRX19292258@@_GGATGTTGTACCTAGT-1	Gossypium bickii	leaf	Xylem	Mesophyll	True	11.75999	7.270822
scplantdb_SRP424189:SRX19292258@@_GGCAGTCTCGGTTGTA-1	Gossypium bickii	leaf	Mesophyll	Mesophyll	True	12.106899	6.876776
scplantdb_SRP424189:SRX19292258@@_GGGAAGTTCCCAATAG-1	Gossypium bickii	leaf	Mesophyll	Mesophyll	True	10.673205	6.657193
scplantdb_SRP424189:SRX19292258@@_GGGACAATCCGTATGA-1	Gossypium bickii	leaf	Mesophyll	Mesophyll	True	12.144222	8.004413
scplantdb_SRP424189:SRX19292258@@_GGGAGTAAGGGTAGCT-1	Gossypium bickii	leaf	Mesophyll	Mesophyll	True	12.683193	6.424591
scplantdb_SRP424189:SRX19292258@@_GGGAGTAGTACGCTAT-1	Gossypium bickii	leaf	Leaf epidermis	Mesophyll	True	10.47495	6.661752
scplantdb_SRP424189:SRX19292258@@_GGGTCTGCAAGTGACG-1	Gossypium bickii	leaf	Procambium	Mesophyll	False	11.855203	7.1901493
scplantdb_SRP424189:SRX19292258@@_GGGTGAACACTCTAGA-1	Gossypium bickii	leaf	Mesophyll	Mesophyll	True	11.751751	7.377744
scplantdb_SRP424189:SRX19292258@@_GGTTAACGTGTCTCCT-1	Gossypium bickii	leaf	Mesophyll	Mesophyll	True	12.297207	7.4683857
scplantdb_SRP424189:SRX19292258@@_GGTTCTCAGATGGCAC-1	Gossypium bickii	leaf	Mesophyll	Mesophyll	True	11.4046545	8.433074
scplantdb_SRP424189:SRX19292258@@_GTAACACGTAGGTCAG-1	Gossypium bickii	leaf	Mesophyll	Mesophyll	True	12.021639	8.223987
scplantdb_SRP424189:SRX19292258@@_GTCAAGTTCTCATTGT-1	Gossypium bickii	leaf	Leaf epidermis	Mesophyll	True	10.826571	6.362435
scplantdb_SRP424189:SRX19292258@@_GTCCACTCAATCGCGC-1	Gossypium bickii	leaf	Mesophyll	Mesophyll	True	12.215903	7.869617
scplantdb_SRP424189:SRX19292258@@_GTCCCATTCCCGATCT-1	Gossypium bickii	leaf	Mesophyll	Mesophyll	True	11.349522	7.8042355
scplantdb_SRP424189:SRX19292258@@_GTCCTCACACTTGGCG-1	Gossypium bickii	leaf	Procambium	Mesophyll	False	11.488443	8.858916
scplantdb_SRP424189:SRX19292258@@_GTCGCGAAGTAGGTTA-1	Gossypium bickii	leaf	Mesophyll	Mesophyll	True	11.458489	7.445566
scplantdb_SRP424189:SRX19292258@@_GTGCACGGTGCCCAGT-1	Gossypium bickii	leaf	Mesophyll	Mesophyll	True	9.973597	8.044625
scplantdb_SRP424189:SRX19292258@@_GTGCGTGTCACTTTGT-1	Gossypium bickii	leaf	Leaf epidermis	Mesophyll	True	11.329659	7.221152
scplantdb_SRP424189:SRX19292258@@_GTGGAAGCACGCTGCA-1	Gossypium bickii	leaf	Procambium	Mesophyll	False	11.622973	8.814377
scplantdb_SRP424189:SRX19292258@@_GTGGAGACACGTTGGC-1	Gossypium bickii	leaf	Mesophyll	Mesophyll	True	12.792439	6.306992
scplantdb_SRP424189:SRX19292258@@_GTGGAGATCCTCTTTC-1	Gossypium bickii	leaf	Mesophyll	Mesophyll	True	11.425714	8.656887
scplantdb_SRP424189:SRX19292258@@_GTGGGAACAACCGTGC-1	Gossypium bickii	leaf	Mesophyll	Mesophyll	True	12.335622	7.9397054
scplantdb_SRP424189:SRX19292258@@_GTGTAACTCCGCTGTT-1	Gossypium bickii	leaf	Mesophyll	Mesophyll	True	11.912543	7.635168
scplantdb_SRP424189:SRX19292258@@_GTGTGATAGCAGGCTA-1	Gossypium bickii	leaf	Mesophyll	Mesophyll	True	12.042911	7.953167
scplantdb_SRP424189:SRX19292258@@_GTTACGAGTAGCCAGA-1	Gossypium bickii	leaf	Procambium	Mesophyll	False	11.025836	8.077867
scplantdb_SRP424189:SRX19292258@@_GTTAGACAGGGATCTG-1	Gossypium bickii	leaf	Leaf epidermis	Mesophyll	True	11.83426	7.1947465
scplantdb_SRP424189:SRX19292258@@_GTTAGTGGTATACCTG-1	Gossypium bickii	leaf	Leaf epidermis	Mesophyll	True	10.669629	6.392497
scplantdb_SRP424189:SRX19292258@@_GTTATGGCAAGACTGG-1	Gossypium bickii	leaf	Leaf epidermis	Mesophyll	True	10.615272	6.384108
scplantdb_SRP424189:SRX19292258@@_GTTCCGTTCTATCCAT-1	Gossypium bickii	leaf	Mesophyll	Mesophyll	True	11.591162	7.988746
scplantdb_SRP424189:SRX19292258@@_GTTCGCTGTAATGATG-1	Gossypium bickii	leaf	Leaf epidermis	Mesophyll	True	10.662942	6.459971
scplantdb_SRP424189:SRX19292258@@_GTTGCGGTCACCCTGT-1	Gossypium bickii	leaf	Mesophyll	Mesophyll	True	11.481751	7.9312873
scplantdb_SRP424189:SRX19292258@@_GTTGTCCGTCACTTCC-1	Gossypium bickii	leaf	Phloem parenchyma	Mesophyll	True	10.142724	8.025269
scplantdb_SRP424189:SRX19292258@@_GTTTGGAAGACATACA-1	Gossypium bickii	leaf	Mesophyll	Mesophyll	True	11.364525	7.1582093
scplantdb_SRP424189:SRX19292258@@_GTTTGGAGTCAGCTTA-1	Gossypium bickii	leaf	Mesophyll	Mesophyll	True	12.52142	6.877618
scplantdb_SRP424189:SRX19292258@@_TAACTTCCAGTCCGTG-1	Gossypium bickii	leaf	Mesophyll	Mesophyll	True	11.510288	7.30314
scplantdb_SRP424189:SRX19292258@@_TAATTCCAGAAGCGCT-1	Gossypium bickii	leaf	Pigment gland	Mesophyll	False	12.583019	6.3333683
scplantdb_SRP424189:SRX19292258@@_TACATTCAGAGTTCGG-1	Gossypium bickii	leaf	Phloem parenchyma	Mesophyll	True	10.261664	7.595065
scplantdb_SRP424189:SRX19292258@@_TACATTCGTGTTAACC-1	Gossypium bickii	leaf	Mesophyll	Mesophyll	True	11.857675	7.559396
scplantdb_SRP424189:SRX19292258@@_TACCCACGTTAGAAGT-1	Gossypium bickii	leaf	Mesophyll	Mesophyll	True	12.130529	6.968478
scplantdb_SRP424189:SRX19292258@@_TAGACCAGTCGGTACC-1	Gossypium bickii	leaf	Leaf epidermis	Mesophyll	True	11.027486	6.703639
scplantdb_SRP424189:SRX19292258@@_TAGACCAGTTAGGGTG-1	Gossypium bickii	leaf	Mesophyll	Mesophyll	True	12.137642	7.5506597
scplantdb_SRP424189:SRX19292258@@_TAGACTGGTCAGGAGT-1	Gossypium bickii	leaf	Xylem	Mesophyll	True	10.179825	7.944554
scplantdb_SRP424189:SRX19292258@@_TAGATCGAGTCGAAGC-1	Gossypium bickii	leaf	Mesophyll	Mesophyll	True	12.503093	6.757224
scplantdb_SRP424189:SRX19292258@@_TAGGGTTCACATGGTT-1	Gossypium bickii	leaf	Companion cell	Mesophyll	True	10.134593	8.338441
scplantdb_SRP424189:SRX19292258@@_TAGGTACTCAAAGAAC-1	Gossypium bickii	leaf	Companion cell	Mesophyll	True	10.2321205	8.07945
scplantdb_SRP424189:SRX19292258@@_TATACCTTCGACGAGA-1	Gossypium bickii	leaf	Mesophyll	Mesophyll	True	11.495046	8.754499
scplantdb_SRP424189:SRX19292258@@_TATTCCACACTGCGTG-1	Gossypium bickii	leaf	Mesophyll	Mesophyll	True	12.240303	6.5976906
scplantdb_SRP424189:SRX19292258@@_TCAAGTGTCTCCTGAC-1	Gossypium bickii	leaf	Mesophyll	Mesophyll	True	12.622139	6.7954106
scplantdb_SRP424189:SRX19292258@@_TCAATCTAGGGAGATA-1	Gossypium bickii	leaf	Leaf epidermis	Mesophyll	True	10.959072	6.635444
scplantdb_SRP424189:SRX19292258@@_TCACAAGCAGTTCTAG-1	Gossypium bickii	leaf	Mesophyll	Mesophyll	True	11.901947	7.7498107
scplantdb_SRP424189:SRX19292258@@_TCACACCAGGACAGTC-1	Gossypium bickii	leaf	Mesophyll	Mesophyll	True	11.467734	8.069241
scplantdb_SRP424189:SRX19292258@@_TCACATTGTCCGGTGT-1	Gossypium bickii	leaf	Mesophyll	Mesophyll	True	11.614339	7.8865733
scplantdb_SRP424189:SRX19292258@@_TCACGGGTCCATCTCG-1	Gossypium bickii	leaf	Mesophyll	Mesophyll	True	12.43642	7.041394
scplantdb_SRP424189:SRX19292258@@_TCACTATTCACGTAGT-1	Gossypium bickii	leaf	Procambium	Mesophyll	False	11.471099	8.830269
scplantdb_SRP424189:SRX19292258@@_TCACTCGGTATCTCGA-1	Gossypium bickii	leaf	Mesophyll	Mesophyll	True	12.114907	6.7581205
scplantdb_SRP424189:SRX19292258@@_TCAGTTTAGAGAACCC-1	Gossypium bickii	leaf	Mesophyll	Mesophyll	True	11.738282	8.95157
scplantdb_SRP424189:SRX19292258@@_TCAGTTTGTTGTGTTG-1	Gossypium bickii	leaf	Mesophyll	Mesophyll	True	11.901173	7.433072
scplantdb_SRP424189:SRX19292258@@_TCATTGTAGGGCAAGG-1	Gossypium bickii	leaf	Mesophyll	Mesophyll	True	12.572347	6.555091
scplantdb_SRP424189:SRX19292258@@_TCCACGTGTTCCCACT-1	Gossypium bickii	leaf	Leaf epidermis	Mesophyll	True	10.959442	6.5854034
scplantdb_SRP424189:SRX19292258@@_TCCACGTTCGCTGATA-1	Gossypium bickii	leaf	Mesophyll	Mesophyll	True	12.12598	6.6910086
scplantdb_SRP424189:SRX19292258@@_TCCAGAATCGTCGCTT-1	Gossypium bickii	leaf	Mesophyll	Mesophyll	True	10.532282	7.457351
scplantdb_SRP424189:SRX19292258@@_TCCATCGCAGGCCTGT-1	Gossypium bickii	leaf	Mesophyll	Mesophyll	True	12.0055485	7.9738517
scplantdb_SRP424189:SRX19292258@@_TCCATCGCAGTACTAC-1	Gossypium bickii	leaf	Mesophyll	Mesophyll	True	11.727801	8.275766
scplantdb_SRP424189:SRX19292258@@_TCCTCGACATTCACCC-1	Gossypium bickii	leaf	Leaf epidermis	Mesophyll	True	12.147905	6.579386
scplantdb_SRP424189:SRX19292258@@_TCGCAGGGTAACACCT-1	Gossypium bickii	leaf	Mesophyll	Mesophyll	True	12.667313	6.4906926
scplantdb_SRP424189:SRX19292258@@_TCGCTTGAGTAGCTCT-1	Gossypium bickii	leaf	Leaf epidermis	Mesophyll	True	10.545348	6.4788337
scplantdb_SRP424189:SRX19292258@@_TCGCTTGGTGCATTTG-1	Gossypium bickii	leaf	Leaf epidermis	Mesophyll	True	10.79928	6.4930053
scplantdb_SRP424189:SRX19292258@@_TCGCTTGGTTTACGTG-1	Gossypium bickii	leaf	Mesophyll	Mesophyll	True	12.152998	6.819239
scplantdb_SRP424189:SRX19292258@@_TCGGATAAGATCACCT-1	Gossypium bickii	leaf	Xylem	Mesophyll	True	10.53425	6.385092
scplantdb_SRP424189:SRX19292258@@_TCGGGACCAATAGTGA-1	Gossypium bickii	leaf	Mesophyll	Mesophyll	True	12.062741	8.020286
scplantdb_SRP424189:SRX19292258@@_TCGTGCTTCAATCGGT-1	Gossypium bickii	leaf	Leaf guard cell	Mesophyll	True	9.858865	8.221776
scplantdb_SRP424189:SRX19292258@@_TCTCAGCGTCCGACGT-1	Gossypium bickii	leaf	Leaf epidermis	Mesophyll	True	10.895588	6.4582443
scplantdb_SRP424189:SRX19292258@@_TCTCAGCTCCAGCTCT-1	Gossypium bickii	leaf	Mesophyll	Mesophyll	True	12.131484	6.9888477
scplantdb_SRP424189:SRX19292258@@_TCTTGCGTCCTTATAC-1	Gossypium bickii	leaf	Leaf epidermis	Mesophyll	True	11.883116	7.351792
scplantdb_SRP424189:SRX19292258@@_TGACTCCAGCAAGTCG-1	Gossypium bickii	leaf	Xylem	Mesophyll	True	10.314236	7.60729
scplantdb_SRP424189:SRX19292258@@_TGACTCCGTGTCATTG-1	Gossypium bickii	leaf	Mesophyll	Mesophyll	True	11.64241	8.374651
scplantdb_SRP424189:SRX19292258@@_TGAGTCAAGTCGAATA-1	Gossypium bickii	leaf	Leaf epidermis	Mesophyll	True	10.7686825	6.789914
scplantdb_SRP424189:SRX19292258@@_TGAGTCACAAACTAGA-1	Gossypium bickii	leaf	Mesophyll	Mesophyll	True	12.238056	6.589384
scplantdb_SRP424189:SRX19292258@@_TGAGTCAGTGTATACC-1	Gossypium bickii	leaf	Mesophyll	Mesophyll	True	12.553373	6.7391086
scplantdb_SRP424189:SRX19292258@@_TGATCTTCAAACTGCT-1	Gossypium bickii	leaf	Mesophyll	Mesophyll	True	12.264722	6.890255
scplantdb_SRP424189:SRX19292258@@_TGCAGGCCAAGAATGT-1	Gossypium bickii	leaf	Mesophyll	Mesophyll	True	12.166367	7.8098316
scplantdb_SRP424189:SRX19292258@@_TGCAGTACACTATGTG-1	Gossypium bickii	leaf	Phloem parenchyma	Mesophyll	True	9.911668	8.087522
scplantdb_SRP424189:SRX19292258@@_TGCATCCCAGTTCTAG-1	Gossypium bickii	leaf	Mesophyll	Mesophyll	True	12.071263	7.1068096
scplantdb_SRP424189:SRX19292258@@_TGCCGAGAGCGGGTAT-1	Gossypium bickii	leaf	Leaf epidermis	Mesophyll	True	10.493825	7.0624413
scplantdb_SRP424189:SRX19292258@@_TGCGACGGTATGTCTG-1	Gossypium bickii	leaf	Leaf epidermis	Mesophyll	True	10.463927	6.5331445
scplantdb_SRP424189:SRX19292258@@_TGGGCTGCATCGAAGG-1	Gossypium bickii	leaf	Mesophyll	Mesophyll	True	12.392145	6.9403567
scplantdb_SRP424189:SRX19292258@@_TGGTTAGTCGAACGGA-1	Gossypium bickii	leaf	Leaf epidermis	Mesophyll	True	10.609458	8.184526
scplantdb_SRP424189:SRX19292258@@_TGTAACGAGGGTTGCA-1	Gossypium bickii	leaf	Mesophyll	Mesophyll	True	12.126199	7.7572417
scplantdb_SRP424189:SRX19292258@@_TGTCCACGTGTAAACA-1	Gossypium bickii	leaf	Companion cell	Mesophyll	True	9.778047	8.292125
scplantdb_SRP424189:SRX19292258@@_TGTGATGAGTGACACG-1	Gossypium bickii	leaf	Mesophyll	Mesophyll	True	12.015448	8.277368
scplantdb_SRP424189:SRX19292258@@_TGTGTGAGTATGAGCG-1	Gossypium bickii	leaf	Mesophyll	Mesophyll	True	12.126609	6.8260136
scplantdb_SRP424189:SRX19292258@@_TTAATCCCATGGGTCC-1	Gossypium bickii	leaf	Xylem	Mesophyll	True	11.984956	6.8971577
scplantdb_SRP424189:SRX19292258@@_TTACCATCAGGACTTT-1	Gossypium bickii	leaf	Phloem parenchyma	Mesophyll	True	9.822794	8.1735525
scplantdb_SRP424189:SRX19292258@@_TTCCGGTTCGCGGTAC-1	Gossypium bickii	leaf	Mesophyll	Mesophyll	True	12.296366	6.960321
scplantdb_SRP424189:SRX19292258@@_TTCTAGTCAGCAGATG-1	Gossypium bickii	leaf	Mesophyll	Mesophyll	True	11.752806	6.9137716
scplantdb_SRP424189:SRX19292258@@_TTCTTCCGTTTACGAC-1	Gossypium bickii	leaf	Mesophyll	Mesophyll	True	12.547562	6.825283
scplantdb_SRP424189:SRX19292258@@_TTGATGGAGCGACTAG-1	Gossypium bickii	leaf	Mesophyll	Mesophyll	True	11.903646	6.8021765
scplantdb_SRP424189:SRX19292258@@_TTGCCTGTCGTTGTGA-1	Gossypium bickii	leaf	Xylem	Mesophyll	True	11.765852	7.0578876
scplantdb_SRP424189:SRX19292258@@_TTGCTGCTCAGCGGAA-1	Gossypium bickii	leaf	Mesophyll	Mesophyll	True	11.92019	6.7453885
scplantdb_SRP424189:SRX19292258@@_TTGGTTTAGGCTGGAT-1	Gossypium bickii	leaf	Mesophyll	Mesophyll	True	11.696287	8.827088
scplantdb_SRP424189:SRX19292258@@_TTGTTCAGTATGAGAT-1	Gossypium bickii	leaf	Phloem parenchyma	Mesophyll	True	9.654119	8.330477
scplantdb_SRP424189:SRX19292258@@_TTTACCAGTTCGTGCG-1	Gossypium bickii	leaf	Leaf epidermis	Mesophyll	True	11.228635	6.761195
scplantdb_SRP424189:SRX19292258@@_TTTACTGTCCTTATGT-1	Gossypium bickii	leaf	Mesophyll	Mesophyll	True	10.733545	7.8716755
scplantdb_SRP424189:SRX19292258@@_TTTCAGTAGGTCGTCC-1	Gossypium bickii	leaf	Mesophyll	Mesophyll	True	12.320045	8.029784
scplantdb_SRP424189:SRX19292258@@_TTTGGAGGTTAGGACG-1	Gossypium bickii	leaf	Procambium	Mesophyll	False	11.666748	8.959361
arabidopsis_root_atlas:spliced_counts_filtered:AAAGGATCAATTGCTG	Arabidopsis thaliana	root	unannotated	unannotated root	False	-3.2688901	6.731582
arabidopsis_root_atlas:spliced_counts_filtered:AAAGTGACATGACAGG	Arabidopsis thaliana	root	unannotated	unannotated root	False	-4.972106	6.3661723
arabidopsis_root_atlas:spliced_counts_filtered:AACCAACCAACTACGT	Arabidopsis thaliana	root	unannotated	unannotated root	False	-4.4028425	5.9849586
arabidopsis_root_atlas:spliced_counts_filtered:AAGTCGTTCGGTTGTA	Arabidopsis thaliana	root	unannotated	unannotated root	False	-4.5989285	5.970859
arabidopsis_root_atlas:spliced_counts_filtered:AATTTCCGTGACTCGC	Arabidopsis thaliana	root	unannotated	unannotated root	False	-4.6533403	6.1337776
arabidopsis_root_atlas:spliced_counts_filtered:ACACGCGCAGAAATTG	Arabidopsis thaliana	root	unannotated	unannotated root	False	-4.554647	6.2299643
arabidopsis_root_atlas:spliced_counts_filtered:ACACGCGCAGCTGTGC	Arabidopsis thaliana	root	unannotated	unannotated root	False	-4.1946354	5.9854054
arabidopsis_root_atlas:spliced_counts_filtered:ACACTGAAGGGTCAAC	Arabidopsis thaliana	root	unannotated	unannotated root	False	-4.5413623	6.321105
arabidopsis_root_atlas:spliced_counts_filtered:ACAGCCGAGACATCAA	Arabidopsis thaliana	root	unannotated	unannotated root	False	-3.8786275	6.421332
arabidopsis_root_atlas:spliced_counts_filtered:ACATCCCCACGAAAGC	Arabidopsis thaliana	root	unannotated	unannotated root	False	-3.2771926	6.7269783
arabidopsis_root_atlas:spliced_counts_filtered:ACATGCATCGAACACT	Arabidopsis thaliana	root	unannotated	unannotated root	False	-5.254451	6.3328876
arabidopsis_root_atlas:spliced_counts_filtered:ACTTAGGCATCCTTGC	Arabidopsis thaliana	root	unannotated	unannotated root	False	-4.2289705	6.1715417
arabidopsis_root_atlas:spliced_counts_filtered:ACTTATCCAACTGGTT	Arabidopsis thaliana	root	unannotated	unannotated root	False	-4.3031573	6.016706
arabidopsis_root_atlas:spliced_counts_filtered:AGAACAAAGGTCGAGT	Arabidopsis thaliana	root	unannotated	unannotated root	False	-3.8810616	6.585093
arabidopsis_root_atlas:spliced_counts_filtered:AGACACTGTCGGTAAG	Arabidopsis thaliana	root	unannotated	unannotated root	False	-3.248146	6.695666
arabidopsis_root_atlas:spliced_counts_filtered:AGACCATAGGTCGTCC	Arabidopsis thaliana	root	unannotated	unannotated root	False	-4.7412214	6.5400157
arabidopsis_root_atlas:spliced_counts_filtered:AGATAGATCATTGCGA	Arabidopsis thaliana	root	unannotated	unannotated root	False	-3.7712436	6.75268
arabidopsis_root_atlas:spliced_counts_filtered:AGATGAATCTCCGAAA	Arabidopsis thaliana	root	unannotated	unannotated root	False	-5.77944	6.547612
arabidopsis_root_atlas:spliced_counts_filtered:AGCCAATGTCCTCCAT	Arabidopsis thaliana	root	unannotated	unannotated root	False	-4.5149627	5.974749
arabidopsis_root_atlas:spliced_counts_filtered:AGCTTCCGTTAAACCC	Arabidopsis thaliana	root	unannotated	unannotated root	False	-3.8538218	6.3317246
arabidopsis_root_atlas:spliced_counts_filtered:AGGATAAGTCTGTGCG	Arabidopsis thaliana	root	unannotated	unannotated root	False	-4.1391625	6.092285
arabidopsis_root_atlas:spliced_counts_filtered:AGGGTCCTCAAAGCCT	Arabidopsis thaliana	root	unannotated	unannotated root	False	-3.2949991	6.694039
arabidopsis_root_atlas:spliced_counts_filtered:AGTTAGCTCAGAGCAG	Arabidopsis thaliana	root	unannotated	unannotated root	False	-5.067585	6.2757235
arabidopsis_root_atlas:spliced_counts_filtered:AGTTAGCTCTTGGGCG	Arabidopsis thaliana	root	unannotated	unannotated root	False	-4.0014224	6.499718
arabidopsis_root_atlas:spliced_counts_filtered:ATCACTTCAGGCTTGC	Arabidopsis thaliana	root	unannotated	unannotated root	False	-5.0299597	6.1758313
arabidopsis_root_atlas:spliced_counts_filtered:ATCGCCTTCCTTGACC	Arabidopsis thaliana	root	unannotated	unannotated root	False	-4.7216578	6.226397
arabidopsis_root_atlas:spliced_counts_filtered:ATCGTGATCAACACCA	Arabidopsis thaliana	root	unannotated	unannotated root	False	-4.9464636	6.12407
arabidopsis_root_atlas:spliced_counts_filtered:ATGAGGGCAGCGTTGC	Arabidopsis thaliana	root	unannotated	unannotated root	False	-3.2800796	6.6715217
arabidopsis_root_atlas:spliced_counts_filtered:ATTCCATTCGCCATAA	Arabidopsis thaliana	root	unannotated	unannotated root	False	-3.2048185	6.6934533
arabidopsis_root_atlas:spliced_counts_filtered:ATTGTTCAGGGTACGT	Arabidopsis thaliana	root	unannotated	unannotated root	False	-4.621534	6.274756
arabidopsis_root_atlas:spliced_counts_filtered:ATTGTTCCACGGTGTC	Arabidopsis thaliana	root	unannotated	unannotated root	False	-4.420811	6.3360996
arabidopsis_root_atlas:spliced_counts_filtered:ATTGTTCTCATCACTT	Arabidopsis thaliana	root	unannotated	unannotated root	False	-5.053652	6.220858
arabidopsis_root_atlas:spliced_counts_filtered:CACCGTTGTCACCGAC	Arabidopsis thaliana	root	unannotated	unannotated root	False	-5.040846	6.2072277
arabidopsis_root_atlas:spliced_counts_filtered:CATCCCACAGACGATG	Arabidopsis thaliana	root	unannotated	unannotated root	False	-4.5532966	6.1150513
arabidopsis_root_atlas:spliced_counts_filtered:CATGCTCCAAGTTCCA	Arabidopsis thaliana	root	unannotated	unannotated root	False	-4.4467998	6.2940297
arabidopsis_root_atlas:spliced_counts_filtered:CATGGATCAGCACGAA	Arabidopsis thaliana	root	unannotated	unannotated root	False	-4.9960966	6.298756
arabidopsis_root_atlas:spliced_counts_filtered:CCAATGAGTGCCAAGA	Arabidopsis thaliana	root	unannotated	unannotated root	False	-4.361236	5.9374166
arabidopsis_root_atlas:spliced_counts_filtered:CCACACTTCTAGCCTC	Arabidopsis thaliana	root	unannotated	unannotated root	False	-4.599661	6.0370755
arabidopsis_root_atlas:spliced_counts_filtered:CCACCATTCGCTGTCT	Arabidopsis thaliana	root	unannotated	unannotated root	False	-4.2034993	6.2507453
arabidopsis_root_atlas:spliced_counts_filtered:CCATCACTCCTTATAC	Arabidopsis thaliana	root	unannotated	unannotated root	False	-4.4135714	6.3316917
arabidopsis_root_atlas:spliced_counts_filtered:CCGCAAGTCGGCACTG	Arabidopsis thaliana	root	unannotated	unannotated root	False	-3.8812482	6.2159595
arabidopsis_root_atlas:spliced_counts_filtered:CCGTGAGAGCTCGAAG	Arabidopsis thaliana	root	unannotated	unannotated root	False	-4.1909766	6.0465217
arabidopsis_root_atlas:spliced_counts_filtered:CCTCAGTTCTCGCAGG	Arabidopsis thaliana	root	unannotated	unannotated root	False	-4.474909	5.9784374
arabidopsis_root_atlas:spliced_counts_filtered:CCTTGTGAGACCAGCA	Arabidopsis thaliana	root	unannotated	unannotated root	False	-4.129726	6.5709105
arabidopsis_root_atlas:spliced_counts_filtered:CCTTGTGAGTGTGTTC	Arabidopsis thaliana	root	unannotated	unannotated root	False	-4.2529073	6.300217
arabidopsis_root_atlas:spliced_counts_filtered:CGGAACCTCGTGGTAT	Arabidopsis thaliana	root	unannotated	unannotated root	False	-4.665315	6.414616
arabidopsis_root_atlas:spliced_counts_filtered:CGGGTCAAGCTGGCTC	Arabidopsis thaliana	root	unannotated	unannotated root	False	-4.0578284	6.045647
arabidopsis_root_atlas:spliced_counts_filtered:CGTAGTAAGTATCTGC	Arabidopsis thaliana	root	unannotated	unannotated root	False	-3.3722148	6.648744
arabidopsis_root_atlas:spliced_counts_filtered:CGTCCATCATCGTGCG	Arabidopsis thaliana	root	unannotated	unannotated root	False	-3.2541053	6.7046175
arabidopsis_root_atlas:spliced_counts_filtered:CGTTAGATCGCTCTAC	Arabidopsis thaliana	root	unannotated	unannotated root	False	-3.367255	6.603884
arabidopsis_root_atlas:spliced_counts_filtered:CTAAGTGAGTCTCCTC	Arabidopsis thaliana	root	unannotated	unannotated root	False	-3.2903652	6.690674
arabidopsis_root_atlas:spliced_counts_filtered:CTAAGTGTCTGGGCAC	Arabidopsis thaliana	root	unannotated	unannotated root	False	-4.8471603	6.388296
arabidopsis_root_atlas:spliced_counts_filtered:CTACATTGTACGAGCA	Arabidopsis thaliana	root	unannotated	unannotated root	False	-4.8307242	6.1124086
arabidopsis_root_atlas:spliced_counts_filtered:CTACCCAAGGCAGTCA	Arabidopsis thaliana	root	unannotated	unannotated root	False	-4.3031774	6.6568384
arabidopsis_root_atlas:spliced_counts_filtered:CTACGGGAGGGCGAGA	Arabidopsis thaliana	root	unannotated	unannotated root	False	-4.2964034	6.6665826
arabidopsis_root_atlas:spliced_counts_filtered:CTATCTAGTGTGACCC	Arabidopsis thaliana	root	unannotated	unannotated root	False	-4.5820923	5.957316
arabidopsis_root_atlas:spliced_counts_filtered:CTCAGTCCATGACTAC	Arabidopsis thaliana	root	unannotated	unannotated root	False	-4.827844	5.990263
arabidopsis_root_atlas:spliced_counts_filtered:CTCATTAAGAGGTTTA	Arabidopsis thaliana	root	unannotated	unannotated root	False	-4.5039625	6.325096
arabidopsis_root_atlas:spliced_counts_filtered:CTCCAACGTTATTCCT	Arabidopsis thaliana	root	unannotated	unannotated root	False	-3.8899798	6.2919126
arabidopsis_root_atlas:spliced_counts_filtered:CTGAGGCGTGTCCGTG	Arabidopsis thaliana	root	unannotated	unannotated root	False	-4.3215427	6.0165524
arabidopsis_root_atlas:spliced_counts_filtered:CTGGCAGCATAGGTTC	Arabidopsis thaliana	root	unannotated	unannotated root	False	-4.1882014	6.760767
arabidopsis_root_atlas:spliced_counts_filtered:CTTCCTTGTTAGCGGA	Arabidopsis thaliana	root	unannotated	unannotated root	False	-4.358659	6.242054
arabidopsis_root_atlas:spliced_counts_filtered:CTTCTCTGTTCGGCTG	Arabidopsis thaliana	root	unannotated	unannotated root	False	-4.917655	6.4551606
arabidopsis_root_atlas:spliced_counts_filtered:GAAATGATCTCTGAGA	Arabidopsis thaliana	root	unannotated	unannotated root	False	-4.4102507	6.5216765
arabidopsis_root_atlas:spliced_counts_filtered:GAACGTTGTTGTTTGG	Arabidopsis thaliana	root	unannotated	unannotated root	False	-3.5278013	6.593601
arabidopsis_root_atlas:spliced_counts_filtered:GAACTGTAGCATGGGT	Arabidopsis thaliana	root	unannotated	unannotated root	False	-4.6454043	6.274465
arabidopsis_root_atlas:spliced_counts_filtered:GAAGGGTCACCACTGG	Arabidopsis thaliana	root	unannotated	unannotated root	False	-4.0040894	6.677047
arabidopsis_root_atlas:spliced_counts_filtered:GACCCTTTCACGTAGT	Arabidopsis thaliana	root	unannotated	unannotated root	False	-4.720817	6.214561
arabidopsis_root_atlas:spliced_counts_filtered:GACTATGAGACTACCT	Arabidopsis thaliana	root	unannotated	unannotated root	False	-4.574232	6.2902846
arabidopsis_root_atlas:spliced_counts_filtered:GAGCTGCAGCCTTCTC	Arabidopsis thaliana	root	unannotated	unannotated root	False	-4.2593217	6.104567
arabidopsis_root_atlas:spliced_counts_filtered:GAGTTACAGAAGCCTG	Arabidopsis thaliana	root	unannotated	unannotated root	False	-4.6762514	6.3300257
arabidopsis_root_atlas:spliced_counts_filtered:GAGTTACTCCTCCACA	Arabidopsis thaliana	root	unannotated	unannotated root	False	-4.811467	6.4194727
arabidopsis_root_atlas:spliced_counts_filtered:GATCATGGTCCAATCA	Arabidopsis thaliana	root	unannotated	unannotated root	False	-3.2991831	6.703821
arabidopsis_root_atlas:spliced_counts_filtered:GATTCGAAGGACACTG	Arabidopsis thaliana	root	unannotated	unannotated root	False	-4.4398975	5.9780593
arabidopsis_root_atlas:spliced_counts_filtered:GCACGTGGTCGCATCG	Arabidopsis thaliana	root	unannotated	unannotated root	False	-4.066797	6.7891293
arabidopsis_root_atlas:spliced_counts_filtered:GCCATTCGTGTTCGTA	Arabidopsis thaliana	root	unannotated	unannotated root	False	-4.8887143	6.0588613
arabidopsis_root_atlas:spliced_counts_filtered:GCCGATGCAATAAGGT	Arabidopsis thaliana	root	unannotated	unannotated root	False	-4.076567	6.6602874
arabidopsis_root_atlas:spliced_counts_filtered:GCCGATGTCTAACGCA	Arabidopsis thaliana	root	unannotated	unannotated root	False	-5.045384	6.4307184
arabidopsis_root_atlas:spliced_counts_filtered:GCGGAAACAAATGGCG	Arabidopsis thaliana	root	unannotated	unannotated root	False	-5.1443095	6.216689
arabidopsis_root_atlas:spliced_counts_filtered:GCGGAAACATCACAGT	Arabidopsis thaliana	root	unannotated	unannotated root	False	-4.2685094	6.5907197
arabidopsis_root_atlas:spliced_counts_filtered:GGAACCCAGTGAGTGC	Arabidopsis thaliana	root	unannotated	unannotated root	False	-3.83221	6.4129167
arabidopsis_root_atlas:spliced_counts_filtered:GGAAGTGTCACAGTGT	Arabidopsis thaliana	root	unannotated	unannotated root	False	-4.808599	6.1368012
arabidopsis_root_atlas:spliced_counts_filtered:GGACGTCAGGTTCATC	Arabidopsis thaliana	root	unannotated	unannotated root	False	-4.8927975	6.5709286
arabidopsis_root_atlas:spliced_counts_filtered:GGAGGATGTAAGTTGA	Arabidopsis thaliana	root	unannotated	unannotated root	False	-3.9174354	6.2677464
arabidopsis_root_atlas:spliced_counts_filtered:GGAGGATTCGTCAACA	Arabidopsis thaliana	root	unannotated	unannotated root	False	-4.7443724	6.338773
arabidopsis_root_atlas:spliced_counts_filtered:GGGCGTTTCGCTGCGA	Arabidopsis thaliana	root	unannotated	unannotated root	False	-4.591146	6.0904927
arabidopsis_root_atlas:spliced_counts_filtered:GGGCTCACAGCGTATT	Arabidopsis thaliana	root	unannotated	unannotated root	False	-4.939147	6.3101583
arabidopsis_root_atlas:spliced_counts_filtered:GGGTTTAAGTACTCGT	Arabidopsis thaliana	root	unannotated	unannotated root	False	-4.9129906	6.4025254
arabidopsis_root_atlas:spliced_counts_filtered:GGTGAAGTCATCACAG	Arabidopsis thaliana	root	unannotated	unannotated root	False	-4.2061386	6.5838475
arabidopsis_root_atlas:spliced_counts_filtered:GGTGATTGTTATAGAG	Arabidopsis thaliana	root	unannotated	unannotated root	False	-4.9076285	6.480186
arabidopsis_root_atlas:spliced_counts_filtered:GTAACACGTGTGTGTT	Arabidopsis thaliana	root	unannotated	unannotated root	False	-4.669037	5.95618
arabidopsis_root_atlas:spliced_counts_filtered:GTCAAGTTCGGTTGTA	Arabidopsis thaliana	root	unannotated	unannotated root	False	-5.17021	6.3395953
arabidopsis_root_atlas:spliced_counts_filtered:GTCACTCAGCACACCC	Arabidopsis thaliana	root	unannotated	unannotated root	False	-4.577063	6.2568784
arabidopsis_root_atlas:spliced_counts_filtered:GTCATCCCAGTTGTCA	Arabidopsis thaliana	root	unannotated	unannotated root	False	-4.01299	6.605373
arabidopsis_root_atlas:spliced_counts_filtered:GTCATGATCTCGACGG	Arabidopsis thaliana	root	unannotated	unannotated root	False	-3.3388	6.6678576
arabidopsis_root_atlas:spliced_counts_filtered:GTCATTTTCCTACGAA	Arabidopsis thaliana	root	unannotated	unannotated root	False	-4.177361	6.377493
arabidopsis_root_atlas:spliced_counts_filtered:GTCCCATCAGAGTCTT	Arabidopsis thaliana	root	unannotated	unannotated root	False	-4.5777783	6.075266
arabidopsis_root_atlas:spliced_counts_filtered:GTGTTCCTCGGTCACG	Arabidopsis thaliana	root	unannotated	unannotated root	False	-3.447418	6.6975427
arabidopsis_root_atlas:spliced_counts_filtered:GTTCATTGTTCTCTAT	Arabidopsis thaliana	root	unannotated	unannotated root	False	-4.00289	6.124552
arabidopsis_root_atlas:spliced_counts_filtered:TACCTGCTCTCATAGG	Arabidopsis thaliana	root	unannotated	unannotated root	False	-4.2205577	6.4522104
arabidopsis_root_atlas:spliced_counts_filtered:TACGGGCTCATTACGG	Arabidopsis thaliana	root	unannotated	unannotated root	False	-4.6685486	6.6121397
arabidopsis_root_atlas:spliced_counts_filtered:TACGTCCAGAGTTGAT	Arabidopsis thaliana	root	unannotated	unannotated root	False	-3.253648	6.733137
arabidopsis_root_atlas:spliced_counts_filtered:TAGTGCAGTATCGATC	Arabidopsis thaliana	root	unannotated	unannotated root	False	-3.825921	6.3561616
arabidopsis_root_atlas:spliced_counts_filtered:TATTCCATCGACCATA	Arabidopsis thaliana	root	unannotated	unannotated root	False	-4.3693495	5.9840302
arabidopsis_root_atlas:spliced_counts_filtered:TATTGCTTCTTCCACG	Arabidopsis thaliana	root	unannotated	unannotated root	False	-3.7791853	6.492217
arabidopsis_root_atlas:spliced_counts_filtered:TCAATTCCATCTTAGG	Arabidopsis thaliana	root	unannotated	unannotated root	False	-3.370302	6.6461625
arabidopsis_root_atlas:spliced_counts_filtered:TCACAAGTCCTCAGGG	Arabidopsis thaliana	root	unannotated	unannotated root	False	-3.9590132	6.5174155
arabidopsis_root_atlas:spliced_counts_filtered:TCACGCTGTCCTGGGT	Arabidopsis thaliana	root	unannotated	unannotated root	False	-4.8891044	6.3935785
arabidopsis_root_atlas:spliced_counts_filtered:TCAGCAATCTCCTGTG	Arabidopsis thaliana	root	unannotated	unannotated root	False	-4.2189054	6.219982
arabidopsis_root_atlas:spliced_counts_filtered:TCCCAGTTCCCATTTA	Arabidopsis thaliana	root	unannotated	unannotated root	False	-4.048754	6.08373
arabidopsis_root_atlas:spliced_counts_filtered:TCCGATCCAATCTCTT	Arabidopsis thaliana	root	unannotated	unannotated root	False	-4.9162307	6.3626623
arabidopsis_root_atlas:spliced_counts_filtered:TCGTAGATCTGTGCGG	Arabidopsis thaliana	root	unannotated	unannotated root	False	-5.095925	6.282213
arabidopsis_root_atlas:spliced_counts_filtered:TCTGCCAGTCGCATTA	Arabidopsis thaliana	root	unannotated	unannotated root	False	-4.8362036	6.050953
arabidopsis_root_atlas:spliced_counts_filtered:TCTGTCGAGTGGACTG	Arabidopsis thaliana	root	unannotated	unannotated root	False	-4.0636616	6.3094068
arabidopsis_root_atlas:spliced_counts_filtered:TCTGTCGGTGGAAATT	Arabidopsis thaliana	root	unannotated	unannotated root	False	-4.7710156	6.292178
arabidopsis_root_atlas:spliced_counts_filtered:TCTTAGTTCCTGCCAT	Arabidopsis thaliana	root	unannotated	unannotated root	False	-4.784161	6.2326274
arabidopsis_root_atlas:spliced_counts_filtered:TCTTCCTTCGCATAGT	Arabidopsis thaliana	root	unannotated	unannotated root	False	-4.8734603	6.261163
arabidopsis_root_atlas:spliced_counts_filtered:TGACTCCAGCCATTGT	Arabidopsis thaliana	root	unannotated	unannotated root	False	-3.679601	6.34176
arabidopsis_root_atlas:spliced_counts_filtered:TGAGACTTCTATTTCG	Arabidopsis thaliana	root	unannotated	unannotated root	False	-3.3010075	6.6338882
arabidopsis_root_atlas:spliced_counts_filtered:TGAGGTTAGAGCCTGA	Arabidopsis thaliana	root	unannotated	unannotated root	False	-4.126774	6.3471937
arabidopsis_root_atlas:spliced_counts_filtered:TGATGGTCATCTGCGG	Arabidopsis thaliana	root	unannotated	unannotated root	False	-3.7935898	6.4871254
arabidopsis_root_atlas:spliced_counts_filtered:TGCACGGGTACGAGCA	Arabidopsis thaliana	root	unannotated	unannotated root	False	-4.5393624	6.4107494
arabidopsis_root_atlas:spliced_counts_filtered:TGCAGGCTCTATTTCG	Arabidopsis thaliana	root	unannotated	unannotated root	False	-4.392565	6.1135592
arabidopsis_root_atlas:spliced_counts_filtered:TGCGGCATCGGTCAGC	Arabidopsis thaliana	root	unannotated	unannotated root	False	-3.7083564	6.572742
arabidopsis_root_atlas:spliced_counts_filtered:TGGATCAGTCCTGTCT	Arabidopsis thaliana	root	unannotated	unannotated root	False	-4.670534	5.9351487
arabidopsis_root_atlas:spliced_counts_filtered:TGTTCTACAAGTGACG	Arabidopsis thaliana	root	unannotated	unannotated root	False	-3.2821882	6.6789846
arabidopsis_root_atlas:spliced_counts_filtered:TTCAATCCACGGATCC	Arabidopsis thaliana	root	unannotated	unannotated root	False	-3.7526975	6.4708166
arabidopsis_root_atlas:spliced_counts_filtered:TTCGATTAGGTCATTC	Arabidopsis thaliana	root	unannotated	unannotated root	False	-4.382357	6.561715
arabidopsis_root_atlas:spliced_counts_filtered:TTCGGTCCAAAGGTTA	Arabidopsis thaliana	root	unannotated	unannotated root	False	-4.056265	6.4851246
arabidopsis_root_atlas:spliced_counts_filtered:TTCGGTCTCTCACCCA	Arabidopsis thaliana	root	unannotated	unannotated root	False	-4.6590624	6.3628993
arabidopsis_root_atlas:spliced_counts_filtered:TTCTAACCAAAGGGCT	Arabidopsis thaliana	root	unannotated	unannotated root	False	-4.633283	6.43962
arabidopsis_root_atlas:spliced_counts_filtered:TTCTTGAAGGGAGGTG	Arabidopsis thaliana	root	unannotated	unannotated root	False	-4.2962837	6.347969
arabidopsis_root_atlas:spliced_counts_filtered:TTCTTGACAGCTCCTT	Arabidopsis thaliana	root	unannotated	unannotated root	False	-4.6515474	6.288299
arabidopsis_root_atlas:spliced_counts_filtered:TTGGTTTTCTTCCTAA	Arabidopsis thaliana	root	unannotated	unannotated root	False	-4.0905094	6.737381
arabidopsis_root_atlas:unspliced_counts_filtered:AAAGGGCAGAGGTCAC	Arabidopsis thaliana	root	unannotated	unannotated root	False	-11.002745	7.443595
arabidopsis_root_atlas:unspliced_counts_filtered:AACAAGAAGAGAGCCT	Arabidopsis thaliana	root	unannotated	unannotated root	False	-7.610144	8.240864
arabidopsis_root_atlas:unspliced_counts_filtered:AAGCGAGGTTCCTAGA	Arabidopsis thaliana	root	unannotated	unannotated root	False	-10.57726	7.5937514
arabidopsis_root_atlas:unspliced_counts_filtered:AAGCGAGGTTCGTACA	Arabidopsis thaliana	root	unannotated	unannotated root	False	-9.328248	7.6187735
arabidopsis_root_atlas:unspliced_counts_filtered:AAGCGTTAGTATAGAC	Arabidopsis thaliana	root	unannotated	unannotated root	False	-8.533617	7.524951
arabidopsis_root_atlas:unspliced_counts_filtered:AAGTCGTCAACATACC	Arabidopsis thaliana	root	unannotated	unannotated root	False	-8.421415	7.495848
arabidopsis_root_atlas:unspliced_counts_filtered:ACAAGCTCACGTAGAG	Arabidopsis thaliana	root	unannotated	unannotated root	False	-10.987896	7.458359
arabidopsis_root_atlas:unspliced_counts_filtered:ACAGCCGAGTGGACGT	Arabidopsis thaliana	root	unannotated	unannotated root	False	-9.580605	7.718635
arabidopsis_root_atlas:unspliced_counts_filtered:ACATGCAAGAAATTCG	Arabidopsis thaliana	root	unannotated	unannotated root	False	-9.157399	7.6525593
arabidopsis_root_atlas:unspliced_counts_filtered:ACCTACCTCTCTTCAA	Arabidopsis thaliana	root	unannotated	unannotated root	False	-7.9486723	7.313239
arabidopsis_root_atlas:unspliced_counts_filtered:ACGTACACACGGTAGA	Arabidopsis thaliana	root	unannotated	unannotated root	False	-10.599699	7.477239
arabidopsis_root_atlas:unspliced_counts_filtered:ACGTCCTGTTCCACGG	Arabidopsis thaliana	root	unannotated	unannotated root	False	-9.397742	7.647249
arabidopsis_root_atlas:unspliced_counts_filtered:ACTCTCGTCTTGAGCA	Arabidopsis thaliana	root	unannotated	unannotated root	False	-9.098009	7.6220307
arabidopsis_root_atlas:unspliced_counts_filtered:ACTGATGAGTATAGGT	Arabidopsis thaliana	root	unannotated	unannotated root	False	-9.661927	7.7594085
arabidopsis_root_atlas:unspliced_counts_filtered:AGACACTCACAGAGCA	Arabidopsis thaliana	root	unannotated	unannotated root	False	-7.717073	8.142622
arabidopsis_root_atlas:unspliced_counts_filtered:AGAGAATAGTGGATTA	Arabidopsis thaliana	root	unannotated	unannotated root	False	-7.5814304	8.281282
arabidopsis_root_atlas:unspliced_counts_filtered:AGCCAGCAGAAGGCTC	Arabidopsis thaliana	root	unannotated	unannotated root	False	-9.821724	7.7477536
arabidopsis_root_atlas:unspliced_counts_filtered:AGGATAATCTGTGCGG	Arabidopsis thaliana	root	unannotated	unannotated root	False	-9.678109	7.6907396
arabidopsis_root_atlas:unspliced_counts_filtered:AGGCCACGTTTACGTG	Arabidopsis thaliana	root	unannotated	unannotated root	False	-10.73374	7.6863823
arabidopsis_root_atlas:unspliced_counts_filtered:AGGTTACTCTGAGCAT	Arabidopsis thaliana	root	unannotated	unannotated root	False	-9.295547	7.6522274
arabidopsis_root_atlas:unspliced_counts_filtered:AGTAGTCCAACAAAGT	Arabidopsis thaliana	root	unannotated	unannotated root	False	-7.603938	8.258567
arabidopsis_root_atlas:unspliced_counts_filtered:ATACCGATCGCCCAGA	Arabidopsis thaliana	root	unannotated	unannotated root	False	-9.549199	7.751056
arabidopsis_root_atlas:unspliced_counts_filtered:ATCCGTCCAACTGGTT	Arabidopsis thaliana	root	unannotated	unannotated root	False	-9.365828	7.7425804
arabidopsis_root_atlas:unspliced_counts_filtered:ATCCGTCTCGTGGAAG	Arabidopsis thaliana	root	unannotated	unannotated root	False	-9.377583	7.689047
arabidopsis_root_atlas:unspliced_counts_filtered:ATCGTCCCATAGCACT	Arabidopsis thaliana	root	unannotated	unannotated root	False	-11.033165	7.4543376
arabidopsis_root_atlas:unspliced_counts_filtered:ATGAAAGGTGGCTAGA	Arabidopsis thaliana	root	unannotated	unannotated root	False	-9.686477	7.7662544
arabidopsis_root_atlas:unspliced_counts_filtered:ATGCCTCTCAGCGCGT	Arabidopsis thaliana	root	unannotated	unannotated root	False	-10.940024	7.463433
arabidopsis_root_atlas:unspliced_counts_filtered:ATGGAGGCACGCAGTC	Arabidopsis thaliana	root	unannotated	unannotated root	False	-10.487358	7.658565
arabidopsis_root_atlas:unspliced_counts_filtered:ATGGTTGCACATAGCT	Arabidopsis thaliana	root	unannotated	unannotated root	False	-9.629466	7.7417254
arabidopsis_root_atlas:unspliced_counts_filtered:ATTCACTGTACCGGCT	Arabidopsis thaliana	root	unannotated	unannotated root	False	-8.049823	7.3896613
arabidopsis_root_atlas:unspliced_counts_filtered:ATTTCTGTCCGGCAAC	Arabidopsis thaliana	root	unannotated	unannotated root	False	-8.102432	7.409554
arabidopsis_root_atlas:unspliced_counts_filtered:CAACCTCGTATCGCGC	Arabidopsis thaliana	root	unannotated	unannotated root	False	-10.771841	7.741632
arabidopsis_root_atlas:unspliced_counts_filtered:CAACGGCGTCTAACTG	Arabidopsis thaliana	root	unannotated	unannotated root	False	-9.596323	7.82545
arabidopsis_root_atlas:unspliced_counts_filtered:CAAGGGACAGAATCGG	Arabidopsis thaliana	root	unannotated	unannotated root	False	-10.99917	7.4219575
arabidopsis_root_atlas:unspliced_counts_filtered:CACGTTCTCCGGACGT	Arabidopsis thaliana	root	unannotated	unannotated root	False	-10.654714	7.597129
arabidopsis_root_atlas:unspliced_counts_filtered:CAGAGCCTCATCTATC	Arabidopsis thaliana	root	unannotated	unannotated root	False	-9.548239	7.7598114
arabidopsis_root_atlas:unspliced_counts_filtered:CAGATCACAATTGCGT	Arabidopsis thaliana	root	unannotated	unannotated root	False	-10.651427	7.6325245
arabidopsis_root_atlas:unspliced_counts_filtered:CAGCAATTCCGTGCGA	Arabidopsis thaliana	root	unannotated	unannotated root	False	-11.036188	7.3985143
arabidopsis_root_atlas:unspliced_counts_filtered:CAGGTATAGCTAGAAT	Arabidopsis thaliana	root	unannotated	unannotated root	False	-10.535421	7.6331897
arabidopsis_root_atlas:unspliced_counts_filtered:CATAAGCTCGCTCTCA	Arabidopsis thaliana	root	unannotated	unannotated root	False	-10.982703	7.4404387
arabidopsis_root_atlas:unspliced_counts_filtered:CATAAGCTCTCAAAGC	Arabidopsis thaliana	root	unannotated	unannotated root	False	-7.7824316	8.0073595
arabidopsis_root_atlas:unspliced_counts_filtered:CATCAAGAGCACCGAA	Arabidopsis thaliana	root	unannotated	unannotated root	False	-8.257168	7.5490313
arabidopsis_root_atlas:unspliced_counts_filtered:CATCAAGCATAGATCC	Arabidopsis thaliana	root	unannotated	unannotated root	False	-7.5719266	8.303173
arabidopsis_root_atlas:unspliced_counts_filtered:CATGCAACAGATTCGT	Arabidopsis thaliana	root	unannotated	unannotated root	False	-8.177402	7.408683
arabidopsis_root_atlas:unspliced_counts_filtered:CCAATTTCACTGCTTC	Arabidopsis thaliana	root	unannotated	unannotated root	False	-8.042379	7.588778
arabidopsis_root_atlas:unspliced_counts_filtered:CCACACTCACGGGTAA	Arabidopsis thaliana	root	unannotated	unannotated root	False	-7.6175127	8.244616
arabidopsis_root_atlas:unspliced_counts_filtered:CCACTTGGTCCGGACT	Arabidopsis thaliana	root	unannotated	unannotated root	False	-7.6167407	8.24387
arabidopsis_root_atlas:unspliced_counts_filtered:CCCGAAGCATTGTAGC	Arabidopsis thaliana	root	unannotated	unannotated root	False	-7.709072	8.122638
arabidopsis_root_atlas:unspliced_counts_filtered:CCCTCTCTCTCATTTG	Arabidopsis thaliana	root	unannotated	unannotated root	False	-8.118184	7.368324
arabidopsis_root_atlas:unspliced_counts_filtered:CCGGGTACAAGGCCTC	Arabidopsis thaliana	root	unannotated	unannotated root	False	-8.12234	7.3583217
arabidopsis_root_atlas:unspliced_counts_filtered:CCTCATGCACAGAGAC	Arabidopsis thaliana	root	unannotated	unannotated root	False	-10.562394	7.565338
arabidopsis_root_atlas:unspliced_counts_filtered:CGGAATTGTGATTCAC	Arabidopsis thaliana	root	unannotated	unannotated root	False	-9.266315	7.6519613
arabidopsis_root_atlas:unspliced_counts_filtered:CGGGTGTCAGCTCGGT	Arabidopsis thaliana	root	unannotated	unannotated root	False	-7.6212525	8.245592
arabidopsis_root_atlas:unspliced_counts_filtered:CGGGTGTTCGACGTCG	Arabidopsis thaliana	root	unannotated	unannotated root	False	-10.6905775	7.6489573
arabidopsis_root_atlas:unspliced_counts_filtered:CGTAAGTTCCCTCGTA	Arabidopsis thaliana	root	unannotated	unannotated root	False	-7.819584	7.909859
arabidopsis_root_atlas:unspliced_counts_filtered:CTAACCCTCCGCGGAT	Arabidopsis thaliana	root	unannotated	unannotated root	False	-8.638981	7.534834
arabidopsis_root_atlas:unspliced_counts_filtered:CTAAGTGTCCATCTCG	Arabidopsis thaliana	root	unannotated	unannotated root	False	-8.276699	7.403877
arabidopsis_root_atlas:unspliced_counts_filtered:CTATCCGGTTGAGTCT	Arabidopsis thaliana	root	unannotated	unannotated root	False	-7.588264	8.275793
arabidopsis_root_atlas:unspliced_counts_filtered:CTCAATTAGACTACCT	Arabidopsis thaliana	root	unannotated	unannotated root	False	-8.093863	7.406876
arabidopsis_root_atlas:unspliced_counts_filtered:CTCATGCGTCGTCTCT	Arabidopsis thaliana	root	unannotated	unannotated root	False	-9.452127	7.695638
arabidopsis_root_atlas:unspliced_counts_filtered:CTCCATGGTGATACAA	Arabidopsis thaliana	root	unannotated	unannotated root	False	-8.037207	7.31214
arabidopsis_root_atlas:unspliced_counts_filtered:CTCTCGATCTTTGATC	Arabidopsis thaliana	root	unannotated	unannotated root	False	-9.312894	7.6563835
arabidopsis_root_atlas:unspliced_counts_filtered:CTGAGCGGTGGGACAT	Arabidopsis thaliana	root	unannotated	unannotated root	False	-9.492639	7.745441
arabidopsis_root_atlas:unspliced_counts_filtered:CTGCCATGTGGAGGTT	Arabidopsis thaliana	root	unannotated	unannotated root	False	-9.396197	7.6864705
arabidopsis_root_atlas:unspliced_counts_filtered:CTGGTCTGTACTGTTG	Arabidopsis thaliana	root	unannotated	unannotated root	False	-9.232168	7.626998
arabidopsis_root_atlas:unspliced_counts_filtered:CTGTGAAGTTACACAC	Arabidopsis thaliana	root	unannotated	unannotated root	False	-8.749198	7.548114
arabidopsis_root_atlas:unspliced_counts_filtered:CTTCAATTCGGAGCAA	Arabidopsis thaliana	root	unannotated	unannotated root	False	-10.757266	7.6777205
arabidopsis_root_atlas:unspliced_counts_filtered:CTTCTCTGTGTTTCTT	Arabidopsis thaliana	root	unannotated	unannotated root	False	-10.699928	7.654911
arabidopsis_root_atlas:unspliced_counts_filtered:CTTTCGGGTGTTCGTA	Arabidopsis thaliana	root	unannotated	unannotated root	False	-10.680992	7.615915
arabidopsis_root_atlas:unspliced_counts_filtered:CTTTCGGTCTCGCCTA	Arabidopsis thaliana	root	unannotated	unannotated root	False	-8.049155	7.4434032
arabidopsis_root_atlas:unspliced_counts_filtered:GAGACTTTCAAATGAG	Arabidopsis thaliana	root	unannotated	unannotated root	False	-7.6944804	8.134826
arabidopsis_root_atlas:unspliced_counts_filtered:GAGACTTTCGTGGACC	Arabidopsis thaliana	root	unannotated	unannotated root	False	-9.433623	7.698122
arabidopsis_root_atlas:unspliced_counts_filtered:GAGGCAACACTAAACC	Arabidopsis thaliana	root	unannotated	unannotated root	False	-7.6312656	8.231486
arabidopsis_root_atlas:unspliced_counts_filtered:GAGGCAATCTCTTCAA	Arabidopsis thaliana	root	unannotated	unannotated root	False	-8.049882	7.390614
arabidopsis_root_atlas:unspliced_counts_filtered:GAGGCCTTCGCAGTCG	Arabidopsis thaliana	root	unannotated	unannotated root	False	-9.334909	7.7622886
arabidopsis_root_atlas:unspliced_counts_filtered:GAGTGTTTCATTCACT	Arabidopsis thaliana	root	unannotated	unannotated root	False	-8.096102	7.376452
arabidopsis_root_atlas:unspliced_counts_filtered:GAGTTACCATACTGAC	Arabidopsis thaliana	root	unannotated	unannotated root	False	-10.609479	7.541778
arabidopsis_root_atlas:unspliced_counts_filtered:GATCAGTTCTCGCTCA	Arabidopsis thaliana	root	unannotated	unannotated root	False	-7.9615774	7.5483336
arabidopsis_root_atlas:unspliced_counts_filtered:GCCGTGAGTTTGTTGG	Arabidopsis thaliana	root	unannotated	unannotated root	False	-9.4643755	7.6779714
arabidopsis_root_atlas:unspliced_counts_filtered:GGAGGTAAGCGTACAG	Arabidopsis thaliana	root	unannotated	unannotated root	False	-9.724827	7.694318
arabidopsis_root_atlas:unspliced_counts_filtered:GGCTTGGGTTTCGGCG	Arabidopsis thaliana	root	unannotated	unannotated root	False	-9.520181	7.7770905
arabidopsis_root_atlas:unspliced_counts_filtered:GGTTAACAGGAAAGGT	Arabidopsis thaliana	root	unannotated	unannotated root	False	-9.312314	7.6920404
arabidopsis_root_atlas:unspliced_counts_filtered:GTCAAGTCAAACTAAG	Arabidopsis thaliana	root	unannotated	unannotated root	False	-10.959559	7.4639387
arabidopsis_root_atlas:unspliced_counts_filtered:GTCGTAATCAACCTTT	Arabidopsis thaliana	root	unannotated	unannotated root	False	-7.7168174	8.132855
arabidopsis_root_atlas:unspliced_counts_filtered:GTGATGTCACTTCATT	Arabidopsis thaliana	root	unannotated	unannotated root	False	-10.554059	7.586202
arabidopsis_root_atlas:unspliced_counts_filtered:GTTACGACACCCTATC	Arabidopsis thaliana	root	unannotated	unannotated root	False	-10.950316	7.4767685
arabidopsis_root_atlas:unspliced_counts_filtered:GTTCGCTGTCGCACGT	Arabidopsis thaliana	root	unannotated	unannotated root	False	-10.289317	7.653574
arabidopsis_root_atlas:unspliced_counts_filtered:GTTGTCCAGCGTCGAA	Arabidopsis thaliana	root	unannotated	unannotated root	False	-10.61768	7.6208906
arabidopsis_root_atlas:unspliced_counts_filtered:TAAGCACTCACATCAG	Arabidopsis thaliana	root	unannotated	unannotated root	False	-7.6314077	8.231865
arabidopsis_root_atlas:unspliced_counts_filtered:TAAGCGTTCTATTGTC	Arabidopsis thaliana	root	unannotated	unannotated root	False	-7.5433693	8.322167
arabidopsis_root_atlas:unspliced_counts_filtered:TACATTCTCGTAACAC	Arabidopsis thaliana	root	unannotated	unannotated root	False	-9.279097	7.6391125
arabidopsis_root_atlas:unspliced_counts_filtered:TACGGTAGTTTAAGGA	Arabidopsis thaliana	root	unannotated	unannotated root	False	-9.63087	7.725324
arabidopsis_root_atlas:unspliced_counts_filtered:TAGACCACACCACATA	Arabidopsis thaliana	root	unannotated	unannotated root	False	-9.43528	7.740978
arabidopsis_root_atlas:unspliced_counts_filtered:TAGACTGCAGCAGTGA	Arabidopsis thaliana	root	unannotated	unannotated root	False	-8.891135	7.558115
arabidopsis_root_atlas:unspliced_counts_filtered:TATACCTGTATGAAGT	Arabidopsis thaliana	root	unannotated	unannotated root	False	-9.573251	7.6766024
arabidopsis_root_atlas:unspliced_counts_filtered:TCACAAGCATGAGTAA	Arabidopsis thaliana	root	unannotated	unannotated root	False	-10.6750965	7.599401
arabidopsis_root_atlas:unspliced_counts_filtered:TCACAAGTCGATTTCT	Arabidopsis thaliana	root	unannotated	unannotated root	False	-10.765103	7.6634836
arabidopsis_root_atlas:unspliced_counts_filtered:TCACTCGGTCACCACG	Arabidopsis thaliana	root	unannotated	unannotated root	False	-8.11836	7.4719467
arabidopsis_root_atlas:unspliced_counts_filtered:TCAGTGAGTACAGAGC	Arabidopsis thaliana	root	unannotated	unannotated root	False	-9.147717	7.6406574
arabidopsis_root_atlas:unspliced_counts_filtered:TCGACGGGTTGTGCCG	Arabidopsis thaliana	root	unannotated	unannotated root	False	-10.599501	7.6386604
arabidopsis_root_atlas:unspliced_counts_filtered:TCGGGCAAGGCCTAGA	Arabidopsis thaliana	root	unannotated	unannotated root	False	-9.193472	7.6605124
arabidopsis_root_atlas:unspliced_counts_filtered:TCGGGCACACCGTGCA	Arabidopsis thaliana	root	unannotated	unannotated root	False	-9.876573	7.679324
arabidopsis_root_atlas:unspliced_counts_filtered:TCGGGTGCAGCGGATA	Arabidopsis thaliana	root	unannotated	unannotated root	False	-10.759253	7.6750174
arabidopsis_root_atlas:unspliced_counts_filtered:TCGGGTGGTTTCGGCG	Arabidopsis thaliana	root	unannotated	unannotated root	False	-9.011599	7.5861363
arabidopsis_root_atlas:unspliced_counts_filtered:TCTCAGCAGGGAGAAT	Arabidopsis thaliana	root	unannotated	unannotated root	False	-10.717535	7.603375
arabidopsis_root_atlas:unspliced_counts_filtered:TCTCTGGAGTAGTCTC	Arabidopsis thaliana	root	unannotated	unannotated root	False	-7.652561	8.206934
arabidopsis_root_atlas:unspliced_counts_filtered:TCTTAGTCAGGCGATA	Arabidopsis thaliana	root	unannotated	unannotated root	False	-9.560885	7.771051
arabidopsis_root_atlas:unspliced_counts_filtered:TGACAGTCAGGTCCCA	Arabidopsis thaliana	root	unannotated	unannotated root	False	-10.96726	7.445018
arabidopsis_root_atlas:unspliced_counts_filtered:TGAGCGCAGTGATAAC	Arabidopsis thaliana	root	unannotated	unannotated root	False	-7.8072815	8.079783
arabidopsis_root_atlas:unspliced_counts_filtered:TGAGTCAAGTCGCTAT	Arabidopsis thaliana	root	unannotated	unannotated root	False	-10.504419	7.5569844
arabidopsis_root_atlas:unspliced_counts_filtered:TGATGCAGTGCTGATT	Arabidopsis thaliana	root	unannotated	unannotated root	False	-7.6544476	8.201322
arabidopsis_root_atlas:unspliced_counts_filtered:TGGTGATTCCTCACGT	Arabidopsis thaliana	root	unannotated	unannotated root	False	-7.8116403	7.9844375
arabidopsis_root_atlas:unspliced_counts_filtered:TGTAACGCAGCGGATA	Arabidopsis thaliana	root	unannotated	unannotated root	False	-8.970211	7.5981493
arabidopsis_root_atlas:unspliced_counts_filtered:TGTAGACGTCGGAACA	Arabidopsis thaliana	root	unannotated	unannotated root	False	-10.494615	7.6130104
arabidopsis_root_atlas:unspliced_counts_filtered:TTCCACGTCTGCTGAA	Arabidopsis thaliana	root	unannotated	unannotated root	False	-8.278427	7.4767714
arabidopsis_root_atlas:unspliced_counts_filtered:TTCGATTAGAAGAGCA	Arabidopsis thaliana	root	unannotated	unannotated root	False	-10.733522	7.5574446
arabidopsis_root_atlas:unspliced_counts_filtered:TTCGGTCCAAAGGTTA	Arabidopsis thaliana	root	unannotated	unannotated root	False	-9.386241	7.7675505
arabidopsis_root_atlas:unspliced_counts_filtered:TTCTAACGTAGGTGCA	Arabidopsis thaliana	root	unannotated	unannotated root	False	-8.090436	7.36376
arabidopsis_root_atlas:unspliced_counts_filtered:TTGTGGATCGTAGAGG	Arabidopsis thaliana	root	unannotated	unannotated root	False	-9.570351	7.7771654
arabidopsis_root_atlas:unspliced_counts_filtered:TTTACCAAGCAGTCTT	Arabidopsis thaliana	root	unannotated	unannotated root	False	-9.220704	7.668694
arabidopsis_root_atlas:unspliced_counts_filtered:TTTACGTGTCAGTCTA	Arabidopsis thaliana	root	unannotated	unannotated root	False	-11.001114	7.440968
arabidopsis_root_atlas:unspliced_counts_filtered:TTTGACTAGTACTGGG	Arabidopsis thaliana	root	unannotated	unannotated root	False	-10.601543	7.6297784
cotton_glandular_terpenoid_atlas:GSM7785431_Rep1:AACCAACAGACACACG-1	Gossypium hirsutum	leaf	unannotated leaf glandular	Mesophyll	False	-2.5055478	13.342309
cotton_glandular_terpenoid_atlas:GSM7785431_Rep1:AATGGCTAGATGACAT-1	Gossypium hirsutum	leaf	unannotated leaf glandular	Mesophyll	False	-4.2391906	14.910608
cotton_glandular_terpenoid_atlas:GSM7785431_Rep1:ACAAGCTTCCGTGGTG-1	Gossypium hirsutum	leaf	unannotated leaf glandular	Mesophyll	False	-2.9626737	11.663478
cotton_glandular_terpenoid_atlas:GSM7785431_Rep1:ACATTTCCACCAAAGG-1	Gossypium hirsutum	leaf	unannotated leaf glandular	Mesophyll	False	-4.43684	14.876997
cotton_glandular_terpenoid_atlas:GSM7785431_Rep1:ACGGAAGGTTCAATCG-1	Gossypium hirsutum	leaf	unannotated leaf glandular	unannotated root	False	-2.0486295	13.779178
cotton_glandular_terpenoid_atlas:GSM7785431_Rep1:ACTATTCAGTGATGGC-1	Gossypium hirsutum	leaf	unannotated leaf glandular	Mesophyll	False	-2.7528422	12.117582
cotton_glandular_terpenoid_atlas:GSM7785431_Rep1:ACTCCCAGTAACTTCG-1	Gossypium hirsutum	leaf	unannotated leaf glandular	Mesophyll	False	-2.8028386	11.535062
cotton_glandular_terpenoid_atlas:GSM7785431_Rep1:AGAAGCGCATTCTTCA-1	Gossypium hirsutum	leaf	unannotated leaf glandular	Mesophyll	False	12.312469	18.608597
cotton_glandular_terpenoid_atlas:GSM7785431_Rep1:AGCGCTGGTGCCGTAC-1	Gossypium hirsutum	leaf	unannotated leaf glandular	unannotated root	False	-2.1479805	13.663248
cotton_glandular_terpenoid_atlas:GSM7785431_Rep1:AGGGTCCTCAACTGAC-1	Gossypium hirsutum	leaf	unannotated leaf glandular	Mesophyll	False	-4.219939	13.65107
cotton_glandular_terpenoid_atlas:GSM7785431_Rep1:AGGTAGGGTACCACGC-1	Gossypium hirsutum	leaf	unannotated leaf glandular	Mesophyll	False	-4.239669	14.52868
cotton_glandular_terpenoid_atlas:GSM7785431_Rep1:ATAGACCCAGTAACCT-1	Gossypium hirsutum	leaf	unannotated leaf glandular	Mesophyll	False	-4.4223323	14.228103
cotton_glandular_terpenoid_atlas:GSM7785431_Rep1:ATGAAAGAGTGCGACA-1	Gossypium hirsutum	leaf	unannotated leaf glandular	Mesophyll	False	-4.3693285	13.9763
cotton_glandular_terpenoid_atlas:GSM7785431_Rep1:ATGCATGGTAGTGCGA-1	Gossypium hirsutum	leaf	unannotated leaf glandular	Mesophyll	False	12.220776	17.912363
cotton_glandular_terpenoid_atlas:GSM7785431_Rep1:ATGCCTCAGGCACCAA-1	Gossypium hirsutum	leaf	unannotated leaf glandular	Mesophyll	False	12.160104	17.852114
cotton_glandular_terpenoid_atlas:GSM7785431_Rep1:ATGCGATAGCCTCCAG-1	Gossypium hirsutum	leaf	unannotated leaf glandular	Mesophyll	False	-4.2613096	13.566564
cotton_glandular_terpenoid_atlas:GSM7785431_Rep1:ATTTCTGGTCAACCTA-1	Gossypium hirsutum	leaf	unannotated leaf glandular	Mesophyll	False	-2.9667802	12.566036
cotton_glandular_terpenoid_atlas:GSM7785431_Rep1:CAACAGTAGATCGCCC-1	Gossypium hirsutum	leaf	unannotated leaf glandular	Mesophyll	False	-4.146831	13.530587
cotton_glandular_terpenoid_atlas:GSM7785431_Rep1:CAACCAAGTCAAAGTA-1	Gossypium hirsutum	leaf	unannotated leaf glandular	Mesophyll	False	-2.596935	13.207765
cotton_glandular_terpenoid_atlas:GSM7785431_Rep1:CAACCTCTCCAATCTT-1	Gossypium hirsutum	leaf	unannotated leaf glandular	Mesophyll	False	12.206304	18.513803
cotton_glandular_terpenoid_atlas:GSM7785431_Rep1:CAAGACTGTCATGGCC-1	Gossypium hirsutum	leaf	unannotated leaf glandular	Mesophyll	False	13.306342	18.476135
cotton_glandular_terpenoid_atlas:GSM7785431_Rep1:CAATCGAGTGCTTATG-1	Gossypium hirsutum	leaf	unannotated leaf glandular	Mesophyll	False	-2.9855058	12.248953
cotton_glandular_terpenoid_atlas:GSM7785431_Rep1:CACGAATTCGAGAAAT-1	Gossypium hirsutum	leaf	unannotated leaf glandular	Mesophyll	False	-2.9725869	12.43989
cotton_glandular_terpenoid_atlas:GSM7785431_Rep1:CACGTGGTCGCGTTTC-1	Gossypium hirsutum	leaf	unannotated leaf glandular	Mesophyll	False	12.711639	18.631866
cotton_glandular_terpenoid_atlas:GSM7785431_Rep1:CACTAAGGTAGGCTGA-1	Gossypium hirsutum	leaf	unannotated leaf glandular	unannotated root	False	-2.057068	13.762826
cotton_glandular_terpenoid_atlas:GSM7785431_Rep1:CATAGACCAGCTGTCG-1	Gossypium hirsutum	leaf	unannotated leaf glandular	Mesophyll	False	-4.5617623	14.756317
cotton_glandular_terpenoid_atlas:GSM7785431_Rep1:CATGCCTGTCGGTACC-1	Gossypium hirsutum	leaf	unannotated leaf glandular	Mesophyll	False	-2.2724602	13.543
cotton_glandular_terpenoid_atlas:GSM7785431_Rep1:CATTGAGAGGCCCGTT-1	Gossypium hirsutum	leaf	unannotated leaf glandular	Mesophyll	False	-4.352389	14.076355
cotton_glandular_terpenoid_atlas:GSM7785431_Rep1:CATTGTTAGATCGCTT-1	Gossypium hirsutum	leaf	unannotated leaf glandular	Mesophyll	False	-3.048402	12.205683
cotton_glandular_terpenoid_atlas:GSM7785431_Rep1:CCACGAGAGGCCCACT-1	Gossypium hirsutum	leaf	unannotated leaf glandular	Mesophyll	False	-4.20336	14.942817
cotton_glandular_terpenoid_atlas:GSM7785431_Rep1:CCGGTAGTCCAGCTCT-1	Gossypium hirsutum	leaf	unannotated leaf glandular	Mesophyll	False	-2.2075365	13.611598
cotton_glandular_terpenoid_atlas:GSM7785431_Rep1:CCTACGTCACGATTCA-1	Gossypium hirsutum	leaf	unannotated leaf glandular	Mesophyll	False	-2.5955768	12.10183
cotton_glandular_terpenoid_atlas:GSM7785431_Rep1:CCTGCATTCTTACACT-1	Gossypium hirsutum	leaf	unannotated leaf glandular	Mesophyll	False	-2.622423	12.081236
cotton_glandular_terpenoid_atlas:GSM7785431_Rep1:CGAAGGACACGACGCT-1	Gossypium hirsutum	leaf	unannotated leaf glandular	Mesophyll	False	-2.7245214	13.051586
cotton_glandular_terpenoid_atlas:GSM7785431_Rep1:CGAAGGATCAGACCTA-1	Gossypium hirsutum	leaf	unannotated leaf glandular	Mesophyll	False	-4.506598	14.147816
cotton_glandular_terpenoid_atlas:GSM7785431_Rep1:CGAAGTTCAGCATCTA-1	Gossypium hirsutum	leaf	unannotated leaf glandular	unannotated root	False	-2.0155563	13.799853
cotton_glandular_terpenoid_atlas:GSM7785431_Rep1:CGAGTTAAGAGAGGTA-1	Gossypium hirsutum	leaf	unannotated leaf glandular	Mesophyll	False	-4.3472204	14.723511
cotton_glandular_terpenoid_atlas:GSM7785431_Rep1:CGATGGCCATATCGGT-1	Gossypium hirsutum	leaf	unannotated leaf glandular	Mesophyll	False	-4.373342	14.005314
cotton_glandular_terpenoid_atlas:GSM7785431_Rep1:CGTGCTTTCCTACCGT-1	Gossypium hirsutum	leaf	unannotated leaf glandular	Mesophyll	False	-2.793044	11.479483
cotton_glandular_terpenoid_atlas:GSM7785431_Rep1:CTAGACAAGTCAATCC-1	Gossypium hirsutum	leaf	unannotated leaf glandular	Mesophyll	False	12.288506	17.99132
cotton_glandular_terpenoid_atlas:GSM7785431_Rep1:CTATCCGGTGACGCCT-1	Gossypium hirsutum	leaf	unannotated leaf glandular	Mesophyll	False	-4.394483	14.755886
cotton_glandular_terpenoid_atlas:GSM7785431_Rep1:CTCAATTCATTGGGAG-1	Gossypium hirsutum	leaf	unannotated leaf glandular	Mesophyll	False	12.277863	18.572662
cotton_glandular_terpenoid_atlas:GSM7785431_Rep1:CTCAGGGTCATTCTTG-1	Gossypium hirsutum	leaf	unannotated leaf glandular	Mesophyll	False	13.4023695	18.692019
cotton_glandular_terpenoid_atlas:GSM7785431_Rep1:CTCATTATCAGTGATC-1	Gossypium hirsutum	leaf	unannotated leaf glandular	Mesophyll	False	13.007197	18.186586
cotton_glandular_terpenoid_atlas:GSM7785431_Rep1:CTCCTCCGTGGTAACG-1	Gossypium hirsutum	leaf	unannotated leaf glandular	Mesophyll	False	-4.228404	14.903134
cotton_glandular_terpenoid_atlas:GSM7785431_Rep1:CTCTCGAAGTAACGAT-1	Gossypium hirsutum	leaf	unannotated leaf glandular	Mesophyll	False	-2.9707687	12.560462
cotton_glandular_terpenoid_atlas:GSM7785431_Rep1:CTGAATGGTCAGACGA-1	Gossypium hirsutum	leaf	unannotated leaf glandular	Mesophyll	False	-2.9008586	11.638228
cotton_glandular_terpenoid_atlas:GSM7785431_Rep1:CTGTAGATCACAGAGG-1	Gossypium hirsutum	leaf	unannotated leaf glandular	Mesophyll	False	12.264835	18.59438
cotton_glandular_terpenoid_atlas:GSM7785431_Rep1:CTTCTAAGTGGAACCA-1	Gossypium hirsutum	leaf	unannotated leaf glandular	Mesophyll	False	-4.330355	13.627613
cotton_glandular_terpenoid_atlas:GSM7785431_Rep1:GACTTCCTCTGAGAAA-1	Gossypium hirsutum	leaf	unannotated leaf glandular	Mesophyll	False	-4.5251446	14.146558
cotton_glandular_terpenoid_atlas:GSM7785431_Rep1:GAGGGTAGTAGCGAGT-1	Gossypium hirsutum	leaf	unannotated leaf glandular	Mesophyll	False	13.048983	18.256302
cotton_glandular_terpenoid_atlas:GSM7785431_Rep1:GATTCTTAGCACGGAT-1	Gossypium hirsutum	leaf	unannotated leaf glandular	Mesophyll	False	-2.7654023	11.532874
cotton_glandular_terpenoid_atlas:GSM7785431_Rep1:GCAACCGTCCAAGCTA-1	Gossypium hirsutum	leaf	unannotated leaf glandular	Mesophyll	False	-2.3212316	13.508034
cotton_glandular_terpenoid_atlas:GSM7785431_Rep1:GCAGGCTTCGACGCGT-1	Gossypium hirsutum	leaf	unannotated leaf glandular	Mesophyll	False	13.3017845	18.5696
cotton_glandular_terpenoid_atlas:GSM7785431_Rep1:GCCAACGTCCTAGAGT-1	Gossypium hirsutum	leaf	unannotated leaf glandular	Mesophyll	False	-4.394573	13.929107
cotton_glandular_terpenoid_atlas:GSM7785431_Rep1:GCCAGCAAGACCGTTT-1	Gossypium hirsutum	leaf	unannotated leaf glandular	Mesophyll	False	-2.6032248	12.040219
cotton_glandular_terpenoid_atlas:GSM7785431_Rep1:GCCCGAAGTACGTACT-1	Gossypium hirsutum	leaf	unannotated leaf glandular	Mesophyll	False	-2.6034036	11.470557
cotton_glandular_terpenoid_atlas:GSM7785431_Rep1:GCGGAAAAGGGCCTCT-1	Gossypium hirsutum	leaf	unannotated leaf glandular	unannotated root	False	-2.0501847	13.768906
cotton_glandular_terpenoid_atlas:GSM7785431_Rep1:GCTACAAAGTATTCCG-1	Gossypium hirsutum	leaf	unannotated leaf glandular	Mesophyll	False	12.090829	18.049635
cotton_glandular_terpenoid_atlas:GSM7785431_Rep1:GGAACCCGTAAGACCG-1	Gossypium hirsutum	leaf	unannotated leaf glandular	Mesophyll	False	-2.530812	11.744133
cotton_glandular_terpenoid_atlas:GSM7785431_Rep1:GGCTTGGCACCTCTGT-1	Gossypium hirsutum	leaf	unannotated leaf glandular	Mesophyll	False	-2.4419587	13.393961
cotton_glandular_terpenoid_atlas:GSM7785431_Rep1:GGGTCTGTCACCACAA-1	Gossypium hirsutum	leaf	unannotated leaf glandular	Mesophyll	False	12.121039	18.235758
cotton_glandular_terpenoid_atlas:GSM7785431_Rep1:GGTGAAGAGCAGGCTA-1	Gossypium hirsutum	leaf	unannotated leaf glandular	Mesophyll	False	-3.0405362	12.19081
cotton_glandular_terpenoid_atlas:GSM7785431_Rep1:GTCACTCTCATGGATC-1	Gossypium hirsutum	leaf	unannotated leaf glandular	Mesophyll	False	-4.4291515	13.852223
cotton_glandular_terpenoid_atlas:GSM7785431_Rep1:GTCAGCGGTATGGTAA-1	Gossypium hirsutum	leaf	unannotated leaf glandular	Mesophyll	False	-4.2616057	13.68614
cotton_glandular_terpenoid_atlas:GSM7785431_Rep1:GTCTCACAGACGACTG-1	Gossypium hirsutum	leaf	unannotated leaf glandular	Mesophyll	False	-2.7702785	11.588577
cotton_glandular_terpenoid_atlas:GSM7785431_Rep1:GTGACGCTCTTACGGA-1	Gossypium hirsutum	leaf	unannotated leaf glandular	Mesophyll	False	-4.190104	13.547801
cotton_glandular_terpenoid_atlas:GSM7785431_Rep1:GTGCTGGTCTGGGAGA-1	Gossypium hirsutum	leaf	unannotated leaf glandular	Mesophyll	False	12.758361	18.67921
cotton_glandular_terpenoid_atlas:GSM7785431_Rep1:GTGTGGCTCTTCGTGC-1	Gossypium hirsutum	leaf	unannotated leaf glandular	Mesophyll	False	12.130939	17.853361
cotton_glandular_terpenoid_atlas:GSM7785431_Rep1:GTTGAACTCATTCATC-1	Gossypium hirsutum	leaf	unannotated leaf glandular	Mesophyll	False	12.331273	17.970442
cotton_glandular_terpenoid_atlas:GSM7785431_Rep1:TACGTCCAGTCGAATA-1	Gossypium hirsutum	leaf	unannotated leaf glandular	Mesophyll	False	-2.8950558	12.389698
cotton_glandular_terpenoid_atlas:GSM7785431_Rep1:TAGGAGGGTTGAGAGC-1	Gossypium hirsutum	leaf	unannotated leaf glandular	Mesophyll	False	-4.1659083	13.751099
cotton_glandular_terpenoid_atlas:GSM7785431_Rep1:TAGGGTTAGTAATACG-1	Gossypium hirsutum	leaf	unannotated leaf glandular	Mesophyll	False	-2.6671126	12.179908
cotton_glandular_terpenoid_atlas:GSM7785431_Rep1:TATATCCCACTAAACC-1	Gossypium hirsutum	leaf	unannotated leaf glandular	Mesophyll	False	-3.838661	13.523805
cotton_glandular_terpenoid_atlas:GSM7785431_Rep1:TCACAAGCAACCAATC-1	Gossypium hirsutum	leaf	unannotated leaf glandular	Mesophyll	False	-4.1351476	14.906626
cotton_glandular_terpenoid_atlas:GSM7785431_Rep1:TCATATCGTGATACCT-1	Gossypium hirsutum	leaf	unannotated leaf glandular	Mesophyll	False	-2.8771791	11.858761
cotton_glandular_terpenoid_atlas:GSM7785431_Rep1:TCCTTCTCACAATGCT-1	Gossypium hirsutum	leaf	unannotated leaf glandular	Mesophyll	False	12.218168	18.451796
cotton_glandular_terpenoid_atlas:GSM7785431_Rep1:TCTATCAAGATGCGAC-1	Gossypium hirsutum	leaf	unannotated leaf glandular	Mesophyll	False	-4.2620773	14.846085
cotton_glandular_terpenoid_atlas:GSM7785431_Rep1:TCTCAGCTCACCCTCA-1	Gossypium hirsutum	leaf	unannotated leaf glandular	Mesophyll	False	-4.277326	13.644628
cotton_glandular_terpenoid_atlas:GSM7785431_Rep1:TGAACGTAGGATGTTA-1	Gossypium hirsutum	leaf	unannotated leaf glandular	Mesophyll	False	12.252893	17.909426
cotton_glandular_terpenoid_atlas:GSM7785431_Rep1:TGCAGATGTCTCGGAC-1	Gossypium hirsutum	leaf	unannotated leaf glandular	Mesophyll	False	13.380603	18.60408
cotton_glandular_terpenoid_atlas:GSM7785431_Rep1:TGTACAGTCGCGTGCA-1	Gossypium hirsutum	leaf	unannotated leaf glandular	Mesophyll	False	-2.096733	13.702163
cotton_glandular_terpenoid_atlas:GSM7785431_Rep1:TGTAGACTCTCCTGTG-1	Gossypium hirsutum	leaf	unannotated leaf glandular	Mesophyll	False	-4.676402	14.112697
cotton_glandular_terpenoid_atlas:GSM7785431_Rep1:TGTCCACCATCACCAA-1	Gossypium hirsutum	leaf	unannotated leaf glandular	Mesophyll	False	-2.8235965	12.298373
cotton_glandular_terpenoid_atlas:GSM7785431_Rep1:TTCTAGTAGAAGTCCG-1	Gossypium hirsutum	leaf	unannotated leaf glandular	Mesophyll	False	-4.3712926	14.083315
cotton_glandular_terpenoid_atlas:GSM7785431_Rep1:TTCTCTCTCCTTCAGC-1	Gossypium hirsutum	leaf	unannotated leaf glandular	Mesophyll	False	12.6420965	18.652674
cotton_glandular_terpenoid_atlas:GSM7785431_Rep1:TTCTTCCAGATGCGAC-1	Gossypium hirsutum	leaf	unannotated leaf glandular	Mesophyll	False	-2.7507298	11.970191
cotton_glandular_terpenoid_atlas:GSM7785431_Rep1:TTGCGTCCATAACCCA-1	Gossypium hirsutum	leaf	unannotated leaf glandular	Mesophyll	False	-4.417956	13.958571
cotton_glandular_terpenoid_atlas:GSM7785431_Rep1:TTTCAGTTCTTTGCAT-1	Gossypium hirsutum	leaf	unannotated leaf glandular	Mesophyll	False	-2.8009264	12.090012
cotton_glandular_terpenoid_atlas:GSM7785432_Rep2:AAAGAACAGGGATCAC-1	Gossypium hirsutum	leaf	unannotated leaf glandular	Mesophyll	False	-2.864124	12.252405
cotton_glandular_terpenoid_atlas:GSM7785432_Rep2:AAAGGATGTTATAGAG-1	Gossypium hirsutum	leaf	unannotated leaf glandular	Mesophyll	False	13.322144	18.647535
cotton_glandular_terpenoid_atlas:GSM7785432_Rep2:AAAGTCCCAGCACCCA-1	Gossypium hirsutum	leaf	unannotated leaf glandular	Mesophyll	False	13.1902485	18.39004
cotton_glandular_terpenoid_atlas:GSM7785432_Rep2:AAATGGACAGGTTACT-1	Gossypium hirsutum	leaf	unannotated leaf glandular	Mesophyll	False	12.581027	18.609995
cotton_glandular_terpenoid_atlas:GSM7785432_Rep2:AACGGGACAGTAACGG-1	Gossypium hirsutum	leaf	unannotated leaf glandular	unannotated root	False	-2.1343822	13.684461
cotton_glandular_terpenoid_atlas:GSM7785432_Rep2:ACATCGAAGCCATATC-1	Gossypium hirsutum	leaf	unannotated leaf glandular	Mesophyll	False	-2.4390032	13.423435
cotton_glandular_terpenoid_atlas:GSM7785432_Rep2:ACCATTTGTACGTGTT-1	Gossypium hirsutum	leaf	unannotated leaf glandular	Mesophyll	False	-4.0896635	13.642674
cotton_glandular_terpenoid_atlas:GSM7785432_Rep2:ACCCAAAAGTTACGGG-1	Gossypium hirsutum	leaf	unannotated leaf glandular	unannotated root	False	-2.1587713	13.655951
cotton_glandular_terpenoid_atlas:GSM7785432_Rep2:ACCGTTCCAAGTGTCT-1	Gossypium hirsutum	leaf	unannotated leaf glandular	Mesophyll	False	-4.4337497	14.89858
cotton_glandular_terpenoid_atlas:GSM7785432_Rep2:ACGATCATCGGTTCAA-1	Gossypium hirsutum	leaf	unannotated leaf glandular	Mesophyll	False	-4.277409	14.94201
cotton_glandular_terpenoid_atlas:GSM7785432_Rep2:ACGTAACAGTTCAACC-1	Gossypium hirsutum	leaf	unannotated leaf glandular	Mesophyll	False	-4.33096	13.6490345
cotton_glandular_terpenoid_atlas:GSM7785432_Rep2:ACGTTCCAGTACCCTA-1	Gossypium hirsutum	leaf	unannotated leaf glandular	Mesophyll	False	-2.269022	13.550903
cotton_glandular_terpenoid_atlas:GSM7785432_Rep2:ACTATCTAGAGCTGCA-1	Gossypium hirsutum	leaf	unannotated leaf glandular	Mesophyll	False	-4.511315	14.084503
cotton_glandular_terpenoid_atlas:GSM7785432_Rep2:ACTCCCAGTACTCGCG-1	Gossypium hirsutum	leaf	unannotated leaf glandular	Mesophyll	False	-4.118955	14.196533
cotton_glandular_terpenoid_atlas:GSM7785432_Rep2:ACTCCCATCTGTTGGA-1	Gossypium hirsutum	leaf	unannotated leaf glandular	Mesophyll	False	-2.6267252	12.007155
cotton_glandular_terpenoid_atlas:GSM7785432_Rep2:AGAGAATGTAACTAAG-1	Gossypium hirsutum	leaf	unannotated leaf glandular	Mesophyll	False	-4.275921	14.806783
cotton_glandular_terpenoid_atlas:GSM7785432_Rep2:AGCCACGAGTCATCGT-1	Gossypium hirsutum	leaf	unannotated leaf glandular	Mesophyll	False	13.055897	18.329405
cotton_glandular_terpenoid_atlas:GSM7785432_Rep2:AGCTCAACAGTAGTGG-1	Gossypium hirsutum	leaf	unannotated leaf glandular	Mesophyll	False	-4.5720534	14.34956
cotton_glandular_terpenoid_atlas:GSM7785432_Rep2:AGGACGAAGTGGATTA-1	Gossypium hirsutum	leaf	unannotated leaf glandular	Mesophyll	False	-2.8617375	11.608173
cotton_glandular_terpenoid_atlas:GSM7785432_Rep2:AGGGAGTCACATATGC-1	Gossypium hirsutum	leaf	unannotated leaf glandular	Mesophyll	False	-4.281923	13.783198
cotton_glandular_terpenoid_atlas:GSM7785432_Rep2:AGTACTGTCTTGGGCG-1	Gossypium hirsutum	leaf	unannotated leaf glandular	Mesophyll	False	-4.265361	14.250721
cotton_glandular_terpenoid_atlas:GSM7785432_Rep2:AGTCATGTCTGCGGCA-1	Gossypium hirsutum	leaf	unannotated leaf glandular	Mesophyll	False	-4.1883354	13.495299
cotton_glandular_terpenoid_atlas:GSM7785432_Rep2:ATCAGGTAGTTTAGGA-1	Gossypium hirsutum	leaf	unannotated leaf glandular	Mesophyll	False	-2.8205357	12.10946
cotton_glandular_terpenoid_atlas:GSM7785432_Rep2:ATCCACCAGTCATGGG-1	Gossypium hirsutum	leaf	unannotated leaf glandular	Mesophyll	False	-2.400531	13.442856
cotton_glandular_terpenoid_atlas:GSM7785432_Rep2:ATCCGTCCACATGACT-1	Gossypium hirsutum	leaf	unannotated leaf glandular	Mesophyll	False	-4.1334624	14.391172
cotton_glandular_terpenoid_atlas:GSM7785432_Rep2:ATTCATCAGTTCAACC-1	Gossypium hirsutum	leaf	unannotated leaf glandular	Mesophyll	False	-2.4053092	13.414621
cotton_glandular_terpenoid_atlas:GSM7785432_Rep2:ATTCGTTGTGCGGATA-1	Gossypium hirsutum	leaf	unannotated leaf glandular	Mesophyll	False	-4.36839	13.62594
cotton_glandular_terpenoid_atlas:GSM7785432_Rep2:CAACCTCTCAAGGTGG-1	Gossypium hirsutum	leaf	unannotated leaf glandular	Mesophyll	False	-4.558801	13.945338
cotton_glandular_terpenoid_atlas:GSM7785432_Rep2:CAGGGCTTCGCATTAG-1	Gossypium hirsutum	leaf	unannotated leaf glandular	Mesophyll	False	-2.9972596	12.413189
cotton_glandular_terpenoid_atlas:GSM7785432_Rep2:CATGAGTAGGCCTTCG-1	Gossypium hirsutum	leaf	unannotated leaf glandular	Mesophyll	False	-4.2535663	14.164956
cotton_glandular_terpenoid_atlas:GSM7785432_Rep2:CATGGATCATCTCATT-1	Gossypium hirsutum	leaf	unannotated leaf glandular	Mesophyll	False	13.182942	18.38702
cotton_glandular_terpenoid_atlas:GSM7785432_Rep2:CGGAATTAGTCCCGGT-1	Gossypium hirsutum	leaf	unannotated leaf glandular	Mesophyll	False	-4.1515346	14.621544
cotton_glandular_terpenoid_atlas:GSM7785432_Rep2:CGGAATTCACCCTGTT-1	Gossypium hirsutum	leaf	unannotated leaf glandular	Mesophyll	False	-2.5829215	13.421389
cotton_glandular_terpenoid_atlas:GSM7785432_Rep2:CGGGACTTCGTTATCT-1	Gossypium hirsutum	leaf	unannotated leaf glandular	Mesophyll	False	12.08712	17.794716
cotton_glandular_terpenoid_atlas:GSM7785432_Rep2:CTAGGTACACCTGAAT-1	Gossypium hirsutum	leaf	unannotated leaf glandular	Mesophyll	False	-2.3284962	13.503411
cotton_glandular_terpenoid_atlas:GSM7785432_Rep2:CTCAAGATCCACCTGT-1	Gossypium hirsutum	leaf	unannotated leaf glandular	Mesophyll	False	-4.2230206	14.691919
cotton_glandular_terpenoid_atlas:GSM7785432_Rep2:CTCCCTCTCTGGTGGC-1	Gossypium hirsutum	leaf	unannotated leaf glandular	Mesophyll	False	-4.222016	14.299343
cotton_glandular_terpenoid_atlas:GSM7785432_Rep2:CTGCATCGTGTTCGTA-1	Gossypium hirsutum	leaf	unannotated leaf glandular	Mesophyll	False	-2.7700167	11.478572
cotton_glandular_terpenoid_atlas:GSM7785432_Rep2:CTGCTCAAGAGTCAAT-1	Gossypium hirsutum	leaf	unannotated leaf glandular	Mesophyll	False	-4.272559	14.718762
cotton_glandular_terpenoid_atlas:GSM7785432_Rep2:CTGGACGTCATCTCTA-1	Gossypium hirsutum	leaf	unannotated leaf glandular	Mesophyll	False	-2.6340423	11.567379
cotton_glandular_terpenoid_atlas:GSM7785432_Rep2:GAATCGTTCAATCTCT-1	Gossypium hirsutum	leaf	unannotated leaf glandular	Mesophyll	False	-4.7001295	14.193307
cotton_glandular_terpenoid_atlas:GSM7785432_Rep2:GACGTTAAGCCAACCC-1	Gossypium hirsutum	leaf	unannotated leaf glandular	unannotated root	False	-2.0883625	13.72456
cotton_glandular_terpenoid_atlas:GSM7785432_Rep2:GAGCCTGCAGGTACGA-1	Gossypium hirsutum	leaf	unannotated leaf glandular	Mesophyll	False	12.21579	17.862467
cotton_glandular_terpenoid_atlas:GSM7785432_Rep2:GAGCCTGCATAATCCG-1	Gossypium hirsutum	leaf	unannotated leaf glandular	Mesophyll	False	-4.3431225	13.633585
cotton_glandular_terpenoid_atlas:GSM7785432_Rep2:GAGCTGCAGGGTGAAA-1	Gossypium hirsutum	leaf	unannotated leaf glandular	Mesophyll	False	-4.14075	13.766355
cotton_glandular_terpenoid_atlas:GSM7785432_Rep2:GAGGCCTCATGCGTGC-1	Gossypium hirsutum	leaf	unannotated leaf glandular	Mesophyll	False	12.20262	18.54208
cotton_glandular_terpenoid_atlas:GSM7785432_Rep2:GATTCGATCCTGGGTG-1	Gossypium hirsutum	leaf	unannotated leaf glandular	Mesophyll	False	-2.510063	11.729397
cotton_glandular_terpenoid_atlas:GSM7785432_Rep2:GATTTCTGTTTGTTCT-1	Gossypium hirsutum	leaf	unannotated leaf glandular	Mesophyll	False	-2.761721	11.78508
cotton_glandular_terpenoid_atlas:GSM7785432_Rep2:GCACTAAAGTATAGGT-1	Gossypium hirsutum	leaf	unannotated leaf glandular	Mesophyll	False	-2.5874853	11.645373
cotton_glandular_terpenoid_atlas:GSM7785432_Rep2:GCAGGCTTCAGCCTCT-1	Gossypium hirsutum	leaf	unannotated leaf glandular	Mesophyll	False	-4.1400642	14.31567
cotton_glandular_terpenoid_atlas:GSM7785432_Rep2:GCCATGGAGTCAACAA-1	Gossypium hirsutum	leaf	unannotated leaf glandular	Mesophyll	False	-2.6556888	13.231614
cotton_glandular_terpenoid_atlas:GSM7785432_Rep2:GGAACCCAGAATTGTG-1	Gossypium hirsutum	leaf	unannotated leaf glandular	Mesophyll	False	-4.2712893	14.882173
cotton_glandular_terpenoid_atlas:GSM7785432_Rep2:GGAATCTAGTTGGAGC-1	Gossypium hirsutum	leaf	unannotated leaf glandular	Mesophyll	False	-3.1582918	12.902373
cotton_glandular_terpenoid_atlas:GSM7785432_Rep2:GGAGGATCAAGCGAGT-1	Gossypium hirsutum	leaf	unannotated leaf glandular	Mesophyll	False	-2.3306277	13.493513
cotton_glandular_terpenoid_atlas:GSM7785432_Rep2:GGTAACTGTCCACTCT-1	Gossypium hirsutum	leaf	unannotated leaf glandular	Mesophyll	False	-4.4451046	14.938191
cotton_glandular_terpenoid_atlas:GSM7785432_Rep2:GTAAGTCTCGAGCTGC-1	Gossypium hirsutum	leaf	unannotated leaf glandular	Mesophyll	False	-4.2200947	14.162857
cotton_glandular_terpenoid_atlas:GSM7785432_Rep2:GTAATGCTCGGTTAGT-1	Gossypium hirsutum	leaf	unannotated leaf glandular	Mesophyll	False	12.9799385	18.276268
cotton_glandular_terpenoid_atlas:GSM7785432_Rep2:GTATTTCCACTAACCA-1	Gossypium hirsutum	leaf	unannotated leaf glandular	Mesophyll	False	-4.527301	14.171485
cotton_glandular_terpenoid_atlas:GSM7785432_Rep2:GTCCACTTCCTACGGG-1	Gossypium hirsutum	leaf	unannotated leaf glandular	Mesophyll	False	13.374002	18.621637
cotton_glandular_terpenoid_atlas:GSM7785432_Rep2:GTCCTCAGTGTATCCA-1	Gossypium hirsutum	leaf	unannotated leaf glandular	Mesophyll	False	-2.667385	13.062888
cotton_glandular_terpenoid_atlas:GSM7785432_Rep2:GTCGTAACAGAAGTTA-1	Gossypium hirsutum	leaf	unannotated leaf glandular	Mesophyll	False	-4.6261783	14.186404
cotton_glandular_terpenoid_atlas:GSM7785432_Rep2:GTCGTAATCAATGTCG-1	Gossypium hirsutum	leaf	unannotated leaf glandular	Mesophyll	False	12.16433	18.442436
cotton_glandular_terpenoid_atlas:GSM7785432_Rep2:GTCGTTCTCGAGAATA-1	Gossypium hirsutum	leaf	unannotated leaf glandular	Mesophyll	False	13.158274	18.450258
cotton_glandular_terpenoid_atlas:GSM7785432_Rep2:GTCTGTCAGGAACTCG-1	Gossypium hirsutum	leaf	unannotated leaf glandular	Mesophyll	False	-2.716396	11.971256
cotton_glandular_terpenoid_atlas:GSM7785432_Rep2:GTGAGTTGTTTAGAGA-1	Gossypium hirsutum	leaf	unannotated leaf glandular	Mesophyll	False	12.119417	18.424816
cotton_glandular_terpenoid_atlas:GSM7785432_Rep2:TAAGCACTCACATACG-1	Gossypium hirsutum	leaf	unannotated leaf glandular	Mesophyll	False	12.290233	18.03152
cotton_glandular_terpenoid_atlas:GSM7785432_Rep2:TACAACGGTGTCCACG-1	Gossypium hirsutum	leaf	unannotated leaf glandular	Mesophyll	False	-3.9971356	13.540716
cotton_glandular_terpenoid_atlas:GSM7785432_Rep2:TACGCTCCACACGGTC-1	Gossypium hirsutum	leaf	unannotated leaf glandular	Mesophyll	False	-4.3198934	13.672143
cotton_glandular_terpenoid_atlas:GSM7785432_Rep2:TACGGTACATGGGAAC-1	Gossypium hirsutum	leaf	unannotated leaf glandular	Mesophyll	False	12.140178	18.032875
cotton_glandular_terpenoid_atlas:GSM7785432_Rep2:TACGTCCGTCTTGGTA-1	Gossypium hirsutum	leaf	unannotated leaf glandular	Mesophyll	False	-2.4706829	13.3525715
cotton_glandular_terpenoid_atlas:GSM7785432_Rep2:TACTTACTCCCAGCGA-1	Gossypium hirsutum	leaf	unannotated leaf glandular	Mesophyll	False	-4.4951696	15.068593
cotton_glandular_terpenoid_atlas:GSM7785432_Rep2:TATCGCCCAGTCGCTG-1	Gossypium hirsutum	leaf	unannotated leaf glandular	Mesophyll	False	-2.7511616	11.441618
cotton_glandular_terpenoid_atlas:GSM7785432_Rep2:TATGTTCAGAATCTAG-1	Gossypium hirsutum	leaf	unannotated leaf glandular	Mesophyll	False	-4.507841	14.726072
cotton_glandular_terpenoid_atlas:GSM7785432_Rep2:TCACGCTCATCTATCT-1	Gossypium hirsutum	leaf	unannotated leaf glandular	Mesophyll	False	-2.9689882	12.640496
cotton_glandular_terpenoid_atlas:GSM7785432_Rep2:TCATGAGCATTGCCTC-1	Gossypium hirsutum	leaf	unannotated leaf glandular	unannotated root	False	-2.0604968	13.75407
cotton_glandular_terpenoid_atlas:GSM7785432_Rep2:TCGAACATCAAGGCTT-1	Gossypium hirsutum	leaf	unannotated leaf glandular	Mesophyll	False	-4.1294208	13.71744
cotton_glandular_terpenoid_atlas:GSM7785432_Rep2:TCGCTTGTCTGGGCAC-1	Gossypium hirsutum	leaf	unannotated leaf glandular	Mesophyll	False	-2.8568122	11.574995
cotton_glandular_terpenoid_atlas:GSM7785432_Rep2:TCGGGCAAGTCTAGCT-1	Gossypium hirsutum	leaf	unannotated leaf glandular	Mesophyll	False	-2.6209252	12.143884
cotton_glandular_terpenoid_atlas:GSM7785432_Rep2:TCGGGCATCGCTTACC-1	Gossypium hirsutum	leaf	unannotated leaf glandular	Mesophyll	False	12.645226	18.680725
cotton_glandular_terpenoid_atlas:GSM7785432_Rep2:TCGTGGGTCGTCTCAC-1	Gossypium hirsutum	leaf	unannotated leaf glandular	Mesophyll	False	13.205604	18.355066
cotton_glandular_terpenoid_atlas:GSM7785432_Rep2:TCTACATTCAGCACCG-1	Gossypium hirsutum	leaf	unannotated leaf glandular	Mesophyll	False	-4.4804134	14.873836
cotton_glandular_terpenoid_atlas:GSM7785432_Rep2:TCTCACGAGCTAATCC-1	Gossypium hirsutum	leaf	unannotated leaf glandular	Mesophyll	False	12.384342	18.521488
cotton_glandular_terpenoid_atlas:GSM7785432_Rep2:TGGAACTGTGATATAG-1	Gossypium hirsutum	leaf	unannotated leaf glandular	Mesophyll	False	-2.5136409	13.321975
cotton_glandular_terpenoid_atlas:GSM7785432_Rep2:TGTGGCGTCTGGGAGA-1	Gossypium hirsutum	leaf	unannotated leaf glandular	Mesophyll	False	-3.0034425	12.237127
cotton_glandular_terpenoid_atlas:GSM7785432_Rep2:TTACGTTTCCTTCGAC-1	Gossypium hirsutum	leaf	unannotated leaf glandular	Mesophyll	False	13.354758	18.620697
cotton_glandular_terpenoid_atlas:GSM7785432_Rep2:TTCCGGTAGAAACACT-1	Gossypium hirsutum	leaf	unannotated leaf glandular	Mesophyll	False	-2.791236	11.534706
cotton_glandular_terpenoid_atlas:GSM7785432_Rep2:TTCCGTGGTCGCGTTG-1	Gossypium hirsutum	leaf	unannotated leaf glandular	Mesophyll	False	13.3527155	18.61241
cotton_glandular_terpenoid_atlas:GSM7785432_Rep2:TTCTCTCTCCGCAAAT-1	Gossypium hirsutum	leaf	unannotated leaf glandular	Mesophyll	False	-4.3760037	13.8808
cotton_glandular_terpenoid_atlas:GSM7785432_Rep2:TTCTTGAAGATTCGCT-1	Gossypium hirsutum	leaf	unannotated leaf glandular	Mesophyll	False	12.092266	18.401323
cotton_glandular_terpenoid_atlas:GSM7785432_Rep2:TTGCCTGAGAGCATCG-1	Gossypium hirsutum	leaf	unannotated leaf glandular	Mesophyll	False	-4.2421846	14.929677
cotton_glandular_terpenoid_atlas:GSM7785432_Rep2:TTTCGATTCCCAGGAC-1	Gossypium hirsutum	leaf	unannotated leaf glandular	Mesophyll	False	-2.5588176	13.302322
cotton_glandular_terpenoid_atlas:GSM7785432_Rep2:TTTGGAGCACCCGTAG-1	Gossypium hirsutum	leaf	unannotated leaf glandular	Mesophyll	False	-2.8936138	11.954673
cotton_glandular_terpenoid_atlas:GSM7785432_Rep2:TTTGTTGAGTATGACA-1	Gossypium hirsutum	leaf	unannotated leaf glandular	Mesophyll	False	12.13058	17.846975
cotton_glandular_terpenoid_atlas:GSM7785433_Rep3:AACAACCCAGTAGTTC-1	Gossypium hirsutum	leaf	unannotated leaf glandular	Mesophyll	False	-4.543132	14.013529
cotton_glandular_terpenoid_atlas:GSM7785433_Rep3:AACGAAAGTGCTAGCC-1	Gossypium hirsutum	leaf	unannotated leaf glandular	Mesophyll	False	-2.994293	12.041044
cotton_glandular_terpenoid_atlas:GSM7785433_Rep3:AAGTACCGTGAGGAAA-1	Gossypium hirsutum	leaf	unannotated leaf glandular	Mesophyll	False	13.132037	18.417465
cotton_glandular_terpenoid_atlas:GSM7785433_Rep3:AATTCCTCACCATTCC-1	Gossypium hirsutum	leaf	unannotated leaf glandular	unannotated root	False	-2.1350143	13.680037
cotton_glandular_terpenoid_atlas:GSM7785433_Rep3:ACAGGGAGTGGCTGCT-1	Gossypium hirsutum	leaf	unannotated leaf glandular	Mesophyll	False	-3.0392823	12.509042
cotton_glandular_terpenoid_atlas:GSM7785433_Rep3:ACCAACAGTTGCGAAG-1	Gossypium hirsutum	leaf	unannotated leaf glandular	Mesophyll	False	-4.718635	14.178408
cotton_glandular_terpenoid_atlas:GSM7785433_Rep3:ACCTGTCAGTGAATAC-1	Gossypium hirsutum	leaf	unannotated leaf glandular	Mesophyll	False	-3.0713055	12.113068
cotton_glandular_terpenoid_atlas:GSM7785433_Rep3:AGAACAAGTGTAAATG-1	Gossypium hirsutum	leaf	unannotated leaf glandular	unannotated root	False	-1.9507389	13.870886
cotton_glandular_terpenoid_atlas:GSM7785433_Rep3:AGACAGGCACCTCAGG-1	Gossypium hirsutum	leaf	unannotated leaf glandular	Mesophyll	False	-4.413486	13.917626
cotton_glandular_terpenoid_atlas:GSM7785433_Rep3:AGATGAACATACCACA-1	Gossypium hirsutum	leaf	unannotated leaf glandular	Mesophyll	False	12.212569	18.497776
cotton_glandular_terpenoid_atlas:GSM7785433_Rep3:AGCGCTGAGACGGATC-1	Gossypium hirsutum	leaf	unannotated leaf glandular	Mesophyll	False	-4.5326347	14.231441
cotton_glandular_terpenoid_atlas:GSM7785433_Rep3:AGGGAGTTCCTAGCGG-1	Gossypium hirsutum	leaf	unannotated leaf glandular	Mesophyll	False	-2.9558005	11.836506
cotton_glandular_terpenoid_atlas:GSM7785433_Rep3:AGGGTTTCACCAGCGT-1	Gossypium hirsutum	leaf	unannotated leaf glandular	Mesophyll	False	13.251763	18.461882
cotton_glandular_terpenoid_atlas:GSM7785433_Rep3:AGGGTTTGTTGTGTTG-1	Gossypium hirsutum	leaf	unannotated leaf glandular	Mesophyll	False	-2.9754868	12.215825
cotton_glandular_terpenoid_atlas:GSM7785433_Rep3:AGTGACTGTAGCGATG-1	Gossypium hirsutum	leaf	unannotated leaf glandular	Mesophyll	False	-4.6500506	14.111739
cotton_glandular_terpenoid_atlas:GSM7785433_Rep3:ATACCGACAGGTCCGT-1	Gossypium hirsutum	leaf	unannotated leaf glandular	Mesophyll	False	-2.6102366	13.224829
cotton_glandular_terpenoid_atlas:GSM7785433_Rep3:ATGCATGAGCGAACTG-1	Gossypium hirsutum	leaf	unannotated leaf glandular	unannotated root	False	-2.0954754	13.723006
cotton_glandular_terpenoid_atlas:GSM7785433_Rep3:ATTACCTAGTCTGCAT-1	Gossypium hirsutum	leaf	unannotated leaf glandular	Mesophyll	False	-2.5515988	11.73338
cotton_glandular_terpenoid_atlas:GSM7785433_Rep3:ATTCACTCACGACTAT-1	Gossypium hirsutum	leaf	unannotated leaf glandular	Mesophyll	False	-2.5890863	12.060381
cotton_glandular_terpenoid_atlas:GSM7785433_Rep3:ATTCCATCACGGAAGT-1	Gossypium hirsutum	leaf	unannotated leaf glandular	Mesophyll	False	-2.990765	12.518706
cotton_glandular_terpenoid_atlas:GSM7785433_Rep3:ATTTCACGTATGTGTC-1	Gossypium hirsutum	leaf	unannotated leaf glandular	Mesophyll	False	13.07487	18.407417
cotton_glandular_terpenoid_atlas:GSM7785433_Rep3:CACGTGGAGTTGCGCC-1	Gossypium hirsutum	leaf	unannotated leaf glandular	Mesophyll	False	12.952966	18.257584
cotton_glandular_terpenoid_atlas:GSM7785433_Rep3:CACGTTCCACACACGC-1	Gossypium hirsutum	leaf	unannotated leaf glandular	Mesophyll	False	-2.8501318	11.456849
cotton_glandular_terpenoid_atlas:GSM7785433_Rep3:CAGAGCCGTTGCTCGG-1	Gossypium hirsutum	leaf	unannotated leaf glandular	Mesophyll	False	-2.6702201	11.429731
cotton_glandular_terpenoid_atlas:GSM7785433_Rep3:CATCGGGCAATTCACG-1	Gossypium hirsutum	leaf	unannotated leaf glandular	Mesophyll	False	-4.5474157	13.794045
cotton_glandular_terpenoid_atlas:GSM7785433_Rep3:CCAATTTTCACGGAGA-1	Gossypium hirsutum	leaf	unannotated leaf glandular	Mesophyll	False	-2.5016448	11.727829
cotton_glandular_terpenoid_atlas:GSM7785433_Rep3:CCACAAATCGACGCTG-1	Gossypium hirsutum	leaf	unannotated leaf glandular	Mesophyll	False	12.25494	18.555712
cotton_glandular_terpenoid_atlas:GSM7785433_Rep3:CCCTCAAGTACGATCT-1	Gossypium hirsutum	leaf	unannotated leaf glandular	Mesophyll	False	12.306892	18.61011
cotton_glandular_terpenoid_atlas:GSM7785433_Rep3:CCTAAGAAGACGGTTG-1	Gossypium hirsutum	leaf	unannotated leaf glandular	Mesophyll	False	-2.9466944	11.927845
cotton_glandular_terpenoid_atlas:GSM7785433_Rep3:CCTCATGAGCTTGTGT-1	Gossypium hirsutum	leaf	unannotated leaf glandular	Mesophyll	False	12.09055	17.767923
cotton_glandular_terpenoid_atlas:GSM7785433_Rep3:CGATGGCTCGCGGTAC-1	Gossypium hirsutum	leaf	unannotated leaf glandular	unannotated root	False	-2.0549421	13.759064
cotton_glandular_terpenoid_atlas:GSM7785433_Rep3:CGGGTCATCTATACTC-1	Gossypium hirsutum	leaf	unannotated leaf glandular	Mesophyll	False	-4.4397674	14.970501
cotton_glandular_terpenoid_atlas:GSM7785433_Rep3:CTATCCGGTGACGCCT-1	Gossypium hirsutum	leaf	unannotated leaf glandular	Mesophyll	False	13.168034	18.33856
cotton_glandular_terpenoid_atlas:GSM7785433_Rep3:CTGCGAGAGAGATGCC-1	Gossypium hirsutum	leaf	unannotated leaf glandular	Mesophyll	False	-3.9734647	13.793906
cotton_glandular_terpenoid_atlas:GSM7785433_Rep3:GAAACCTTCCCAGGCA-1	Gossypium hirsutum	leaf	unannotated leaf glandular	Mesophyll	False	-4.382648	13.693385
cotton_glandular_terpenoid_atlas:GSM7785433_Rep3:GAAATGAGTAGGTACG-1	Gossypium hirsutum	leaf	unannotated leaf glandular	Mesophyll	False	12.179089	18.409117
cotton_glandular_terpenoid_atlas:GSM7785433_Rep3:GAACTGTCAAGTTCGT-1	Gossypium hirsutum	leaf	unannotated leaf glandular	Mesophyll	False	-2.1727116	13.64357
cotton_glandular_terpenoid_atlas:GSM7785433_Rep3:GACCCTTAGGCCTAGA-1	Gossypium hirsutum	leaf	unannotated leaf glandular	Mesophyll	False	-2.6268823	12.180319
cotton_glandular_terpenoid_atlas:GSM7785433_Rep3:GATCCCTTCTTAATCC-1	Gossypium hirsutum	leaf	unannotated leaf glandular	Mesophyll	False	-4.3091836	14.229607
cotton_glandular_terpenoid_atlas:GSM7785433_Rep3:GCATGATAGGTAGACC-1	Gossypium hirsutum	leaf	unannotated leaf glandular	Mesophyll	False	12.169699	18.450819
cotton_glandular_terpenoid_atlas:GSM7785433_Rep3:GCATGATTCCTAGCTC-1	Gossypium hirsutum	leaf	unannotated leaf glandular	Mesophyll	False	-4.1023364	13.656344
cotton_glandular_terpenoid_atlas:GSM7785433_Rep3:GCCATGGAGGTAAACT-1	Gossypium hirsutum	leaf	unannotated leaf glandular	Mesophyll	False	-2.8455129	11.608919
cotton_glandular_terpenoid_atlas:GSM7785433_Rep3:GCCCGAACAGACTCTA-1	Gossypium hirsutum	leaf	unannotated leaf glandular	Mesophyll	False	13.040046	18.270063
cotton_glandular_terpenoid_atlas:GSM7785433_Rep3:GCTCAAATCAACGAGG-1	Gossypium hirsutum	leaf	unannotated leaf glandular	Mesophyll	False	-2.7991586	12.91181
cotton_glandular_terpenoid_atlas:GSM7785433_Rep3:GCTGAATGTCTCTCTG-1	Gossypium hirsutum	leaf	unannotated leaf glandular	Mesophyll	False	-4.2531147	14.3783045
cotton_glandular_terpenoid_atlas:GSM7785433_Rep3:GGCGTCATCCGGACTG-1	Gossypium hirsutum	leaf	unannotated leaf glandular	Mesophyll	False	13.135586	18.352825
cotton_glandular_terpenoid_atlas:GSM7785433_Rep3:GGCTGTGGTGACAGGT-1	Gossypium hirsutum	leaf	unannotated leaf glandular	Mesophyll	False	-4.195872	14.895968
cotton_glandular_terpenoid_atlas:GSM7785433_Rep3:GGCTTTCTCTACGGGC-1	Gossypium hirsutum	leaf	unannotated leaf glandular	Mesophyll	False	13.237782	18.322527
cotton_glandular_terpenoid_atlas:GSM7785433_Rep3:GGGTATTTCAGCCTCT-1	Gossypium hirsutum	leaf	unannotated leaf glandular	Mesophyll	False	12.687436	18.677212
cotton_glandular_terpenoid_atlas:GSM7785433_Rep3:GGTGGCTGTGAATTGA-1	Gossypium hirsutum	leaf	unannotated leaf glandular	Mesophyll	False	-2.9867177	12.552581
cotton_glandular_terpenoid_atlas:GSM7785433_Rep3:GTAACCAAGGGTGAGG-1	Gossypium hirsutum	leaf	unannotated leaf glandular	Mesophyll	False	12.78955	18.166174
cotton_glandular_terpenoid_atlas:GSM7785433_Rep3:GTACAGTGTTCTTGCC-1	Gossypium hirsutum	leaf	unannotated leaf glandular	Mesophyll	False	-4.2933207	14.849768
cotton_glandular_terpenoid_atlas:GSM7785433_Rep3:GTCGCGATCCCGTTCA-1	Gossypium hirsutum	leaf	unannotated leaf glandular	Mesophyll	False	-4.2144237	14.857122
cotton_glandular_terpenoid_atlas:GSM7785433_Rep3:GTGATGTTCGCAGAGA-1	Gossypium hirsutum	leaf	unannotated leaf glandular	Mesophyll	False	-2.4065495	13.43338
cotton_glandular_terpenoid_atlas:GSM7785433_Rep3:GTGCGTGTCGACGCTG-1	Gossypium hirsutum	leaf	unannotated leaf glandular	Mesophyll	False	-4.536708	14.460491
cotton_glandular_terpenoid_atlas:GSM7785433_Rep3:GTGTCCTTCGAGAGAC-1	Gossypium hirsutum	leaf	unannotated leaf glandular	Mesophyll	False	-4.2169685	14.987894
cotton_glandular_terpenoid_atlas:GSM7785433_Rep3:GTTGAACGTGGTAACG-1	Gossypium hirsutum	leaf	unannotated leaf glandular	Mesophyll	False	-2.8187444	13.25729
cotton_glandular_terpenoid_atlas:GSM7785433_Rep3:TAAGCACAGACAAGCC-1	Gossypium hirsutum	leaf	unannotated leaf glandular	Mesophyll	False	12.18548	17.869871
cotton_glandular_terpenoid_atlas:GSM7785433_Rep3:TAAGCCACATCGTGCG-1	Gossypium hirsutum	leaf	unannotated leaf glandular	Mesophyll	False	-2.99718	12.398866
cotton_glandular_terpenoid_atlas:GSM7785433_Rep3:TACACCCAGGATACAT-1	Gossypium hirsutum	leaf	unannotated leaf glandular	Mesophyll	False	-2.6344678	11.99675
cotton_glandular_terpenoid_atlas:GSM7785433_Rep3:TACATTCAGAAGCCTG-1	Gossypium hirsutum	leaf	unannotated leaf glandular	Mesophyll	False	-4.693127	14.085975
cotton_glandular_terpenoid_atlas:GSM7785433_Rep3:TACTGCCGTTTCTATC-1	Gossypium hirsutum	leaf	unannotated leaf glandular	Mesophyll	False	13.113987	18.328049
cotton_glandular_terpenoid_atlas:GSM7785433_Rep3:TAGACTGCATGTGGTT-1	Gossypium hirsutum	leaf	unannotated leaf glandular	Mesophyll	False	-4.1648574	14.992327
cotton_glandular_terpenoid_atlas:GSM7785433_Rep3:TAGATCGAGAACGTGC-1	Gossypium hirsutum	leaf	unannotated leaf glandular	Mesophyll	False	12.145897	17.822704
cotton_glandular_terpenoid_atlas:GSM7785433_Rep3:TCAGTGATCGAAGGAC-1	Gossypium hirsutum	leaf	unannotated leaf glandular	Mesophyll	False	-4.2581573	13.521772
cotton_glandular_terpenoid_atlas:GSM7785433_Rep3:TCATCATTCCAGCCTT-1	Gossypium hirsutum	leaf	unannotated leaf glandular	Mesophyll	False	13.281004	18.394913
cotton_glandular_terpenoid_atlas:GSM7785433_Rep3:TCGCAGGAGTTGCCTA-1	Gossypium hirsutum	leaf	unannotated leaf glandular	Mesophyll	False	-3.0504656	12.55927
cotton_glandular_terpenoid_atlas:GSM7785433_Rep3:TGAGTCAGTTCGTGCG-1	Gossypium hirsutum	leaf	unannotated leaf glandular	Mesophyll	False	-4.559558	13.85814
cotton_glandular_terpenoid_atlas:GSM7785433_Rep3:TTACGCCGTTGACTAC-1	Gossypium hirsutum	leaf	unannotated leaf glandular	Mesophyll	False	-2.8954575	12.482297
cotton_glandular_terpenoid_atlas:GSM7785433_Rep3:TTAGTCTGTACCACGC-1	Gossypium hirsutum	leaf	unannotated leaf glandular	Mesophyll	False	13.361307	18.614082
cotton_glandular_terpenoid_atlas:GSM7785433_Rep3:TTCCGTGAGGTCGTGA-1	Gossypium hirsutum	leaf	unannotated leaf glandular	Mesophyll	False	12.231276	18.006117
cotton_glandular_terpenoid_atlas:GSM7785433_Rep3:TTCGCTGTCACTACGA-1	Gossypium hirsutum	leaf	unannotated leaf glandular	Mesophyll	False	12.140869	18.383396
cotton_glandular_terpenoid_atlas:GSM7785433_Rep3:TTGTGGATCAAGCCTA-1	Gossypium hirsutum	leaf	unannotated leaf glandular	Mesophyll	False	12.286869	18.495356
cotton_glandular_terpenoid_atlas:GSM7785433_Rep3:TTGTTGTTCTGGCCAG-1	Gossypium hirsutum	leaf	unannotated leaf glandular	Mesophyll	False	-2.9447894	11.692549
arabidopsis_secondary_root_dev_atlas:GSM8335426_JWE03_filtered_feature_bc_matrix:AAACGCTCAGCTACCG-1	Arabidopsis thaliana	root	unannotated root	unannotated root	True	12.169417	-16.519873
arabidopsis_secondary_root_dev_atlas:GSM8335426_JWE03_filtered_feature_bc_matrix:AAAGGGCAGCAGGCAT-1	Arabidopsis thaliana	root	unannotated root	unannotated root	True	10.926922	-16.358847
arabidopsis_secondary_root_dev_atlas:GSM8335426_JWE03_filtered_feature_bc_matrix:AACAAGACATTCCTAT-1	Arabidopsis thaliana	root	unannotated root	unannotated root	True	12.200838	-16.738363
arabidopsis_secondary_root_dev_atlas:GSM8335426_JWE03_filtered_feature_bc_matrix:AACGTCACATTCAGCA-1	Arabidopsis thaliana	root	unannotated root	unannotated root	True	12.179752	-15.519851
arabidopsis_secondary_root_dev_atlas:GSM8335426_JWE03_filtered_feature_bc_matrix:AAGATAGAGATGCGAC-1	Arabidopsis thaliana	root	unannotated root	unannotated root	True	12.47876	-16.445353
arabidopsis_secondary_root_dev_atlas:GSM8335426_JWE03_filtered_feature_bc_matrix:AAGTACCCACAACGCC-1	Arabidopsis thaliana	root	unannotated root	unannotated root	True	11.400985	-15.047955
arabidopsis_secondary_root_dev_atlas:GSM8335426_JWE03_filtered_feature_bc_matrix:AATCACGGTGTTCGAT-1	Arabidopsis thaliana	root	unannotated root	unannotated root	True	11.593895	-15.210489
arabidopsis_secondary_root_dev_atlas:GSM8335426_JWE03_filtered_feature_bc_matrix:AATCGACCAACTCATG-1	Arabidopsis thaliana	root	unannotated root	unannotated root	True	12.340821	-16.067823
arabidopsis_secondary_root_dev_atlas:GSM8335426_JWE03_filtered_feature_bc_matrix:AATGAAGGTATCAAGA-1	Arabidopsis thaliana	root	unannotated root	unannotated root	True	9.992137	-15.058954
arabidopsis_secondary_root_dev_atlas:GSM8335426_JWE03_filtered_feature_bc_matrix:AATGGCTTCTCTCTAA-1	Arabidopsis thaliana	root	unannotated root	unannotated root	True	9.967868	-15.086612
arabidopsis_secondary_root_dev_atlas:GSM8335426_JWE03_filtered_feature_bc_matrix:ACACAGTTCCTGGTCT-1	Arabidopsis thaliana	root	unannotated root	unannotated root	True	12.1787195	-14.988102
arabidopsis_secondary_root_dev_atlas:GSM8335426_JWE03_filtered_feature_bc_matrix:ACACTGAAGACCGTTT-1	Arabidopsis thaliana	root	unannotated root	unannotated root	True	11.03822	-16.151976
arabidopsis_secondary_root_dev_atlas:GSM8335426_JWE03_filtered_feature_bc_matrix:ACAGCCGCAGTAGTGG-1	Arabidopsis thaliana	root	unannotated root	unannotated root	True	11.082588	-15.257768
arabidopsis_secondary_root_dev_atlas:GSM8335426_JWE03_filtered_feature_bc_matrix:ACAGCCGTCATTCACT-1	Arabidopsis thaliana	root	unannotated root	unannotated root	True	12.489937	-16.290762
arabidopsis_secondary_root_dev_atlas:GSM8335426_JWE03_filtered_feature_bc_matrix:ACAGGGAGTATCGATC-1	Arabidopsis thaliana	root	unannotated root	unannotated root	True	12.435962	-16.207598
arabidopsis_secondary_root_dev_atlas:GSM8335426_JWE03_filtered_feature_bc_matrix:ACATCGACACGGCGTT-1	Arabidopsis thaliana	root	unannotated root	unannotated root	True	12.34878	-15.178391
arabidopsis_secondary_root_dev_atlas:GSM8335426_JWE03_filtered_feature_bc_matrix:ACATGCATCCACGTCT-1	Arabidopsis thaliana	root	unannotated root	unannotated root	True	12.491411	-15.935838
arabidopsis_secondary_root_dev_atlas:GSM8335426_JWE03_filtered_feature_bc_matrix:ACCAACAAGGGTAGCT-1	Arabidopsis thaliana	root	unannotated root	unannotated root	True	11.096068	-15.911039
arabidopsis_secondary_root_dev_atlas:GSM8335426_JWE03_filtered_feature_bc_matrix:ACCACAACAGAGTTCT-1	Arabidopsis thaliana	root	unannotated root	unannotated root	True	12.39282	-14.990536
arabidopsis_secondary_root_dev_atlas:GSM8335426_JWE03_filtered_feature_bc_matrix:ACCATTTCAATACAGA-1	Arabidopsis thaliana	root	unannotated root	unannotated root	True	11.332733	-15.064484
arabidopsis_secondary_root_dev_atlas:GSM8335426_JWE03_filtered_feature_bc_matrix:ACCATTTTCAGTCTTT-1	Arabidopsis thaliana	root	unannotated root	unannotated root	True	11.406645	-14.920265
arabidopsis_secondary_root_dev_atlas:GSM8335426_JWE03_filtered_feature_bc_matrix:ACGATGTAGTATGATG-1	Arabidopsis thaliana	root	unannotated root	unannotated root	True	12.446722	-16.109686
arabidopsis_secondary_root_dev_atlas:GSM8335426_JWE03_filtered_feature_bc_matrix:ACGTAGTAGCAGCCCT-1	Arabidopsis thaliana	root	unannotated root	unannotated root	True	9.974017	-14.677629
arabidopsis_secondary_root_dev_atlas:GSM8335426_JWE03_filtered_feature_bc_matrix:ACGTCCTTCTGGCTGG-1	Arabidopsis thaliana	root	unannotated root	unannotated root	True	11.044428	-16.109966
arabidopsis_secondary_root_dev_atlas:GSM8335426_JWE03_filtered_feature_bc_matrix:ACGTTCCAGGCAGGGA-1	Arabidopsis thaliana	root	unannotated root	unannotated root	True	10.460226	-15.539618
arabidopsis_secondary_root_dev_atlas:GSM8335426_JWE03_filtered_feature_bc_matrix:ACTTAGGAGGCTAGCA-1	Arabidopsis thaliana	root	unannotated root	unannotated root	True	12.312551	-14.905399
arabidopsis_secondary_root_dev_atlas:GSM8335426_JWE03_filtered_feature_bc_matrix:ACTTTGTAGCCTCAAT-1	Arabidopsis thaliana	root	unannotated root	unannotated root	True	11.992654	-16.53456
arabidopsis_secondary_root_dev_atlas:GSM8335426_JWE03_filtered_feature_bc_matrix:AGAAGCGTCGGCATAT-1	Arabidopsis thaliana	root	unannotated root	unannotated root	True	9.777888	-15.065065
arabidopsis_secondary_root_dev_atlas:GSM8335426_JWE03_filtered_feature_bc_matrix:AGACAGGGTTCATCTT-1	Arabidopsis thaliana	root	unannotated root	unannotated root	True	11.178558	-16.110106
arabidopsis_secondary_root_dev_atlas:GSM8335426_JWE03_filtered_feature_bc_matrix:AGACCATAGAGCAAGA-1	Arabidopsis thaliana	root	unannotated root	unannotated root	True	11.105451	-15.142793
arabidopsis_secondary_root_dev_atlas:GSM8335426_JWE03_filtered_feature_bc_matrix:AGAGAATAGATTGTGA-1	Arabidopsis thaliana	root	unannotated root	unannotated root	True	11.244032	-16.04268
arabidopsis_secondary_root_dev_atlas:GSM8335426_JWE03_filtered_feature_bc_matrix:AGATAGACACCGAATT-1	Arabidopsis thaliana	root	unannotated root	unannotated root	True	11.200713	-16.206861
arabidopsis_secondary_root_dev_atlas:GSM8335426_JWE03_filtered_feature_bc_matrix:AGATCGTAGTAGACCG-1	Arabidopsis thaliana	root	unannotated root	unannotated root	True	9.8326235	-14.476692
arabidopsis_secondary_root_dev_atlas:GSM8335426_JWE03_filtered_feature_bc_matrix:AGCATCAGTGCTATTG-1	Arabidopsis thaliana	root	unannotated root	unannotated root	True	9.86803	-14.903344
arabidopsis_secondary_root_dev_atlas:GSM8335426_JWE03_filtered_feature_bc_matrix:AGCCACGTCCCAGGCA-1	Arabidopsis thaliana	root	unannotated root	unannotated root	True	11.804261	-16.546776
arabidopsis_secondary_root_dev_atlas:GSM8335426_JWE03_filtered_feature_bc_matrix:AGCGATTAGGAATTAC-1	Arabidopsis thaliana	root	unannotated root	unannotated root	True	11.295392	-15.191535
arabidopsis_secondary_root_dev_atlas:GSM8335426_JWE03_filtered_feature_bc_matrix:AGCGCCACAGAAGCTG-1	Arabidopsis thaliana	root	unannotated root	unannotated root	True	11.580628	-16.382153
arabidopsis_secondary_root_dev_atlas:GSM8335426_JWE03_filtered_feature_bc_matrix:AGCGTCGCAGCTTCCT-1	Arabidopsis thaliana	root	unannotated root	unannotated root	True	11.181586	-15.95072
arabidopsis_secondary_root_dev_atlas:GSM8335426_JWE03_filtered_feature_bc_matrix:AGCTTCCGTCACTCTC-1	Arabidopsis thaliana	root	unannotated root	unannotated root	True	11.380121	-15.58912
arabidopsis_secondary_root_dev_atlas:GSM8335426_JWE03_filtered_feature_bc_matrix:AGGGCCTGTCGCTTGG-1	Arabidopsis thaliana	root	unannotated root	unannotated root	True	11.051032	-16.505445
arabidopsis_secondary_root_dev_atlas:GSM8335426_JWE03_filtered_feature_bc_matrix:AGGGTGAAGATAACAC-1	Arabidopsis thaliana	root	unannotated root	unannotated root	True	12.171548	-15.980884
arabidopsis_secondary_root_dev_atlas:GSM8335426_JWE03_filtered_feature_bc_matrix:AGGGTGAGTCGCACGT-1	Arabidopsis thaliana	root	unannotated root	unannotated root	True	10.96838	-16.61701
arabidopsis_secondary_root_dev_atlas:GSM8335426_JWE03_filtered_feature_bc_matrix:AGGGTTTTCTCGCAGG-1	Arabidopsis thaliana	root	unannotated root	unannotated root	True	12.242923	-16.45722
arabidopsis_secondary_root_dev_atlas:GSM8335426_JWE03_filtered_feature_bc_matrix:AGGTCTAAGTAGCATA-1	Arabidopsis thaliana	root	unannotated root	unannotated root	True	9.690849	-14.556611
arabidopsis_secondary_root_dev_atlas:GSM8335426_JWE03_filtered_feature_bc_matrix:AGGTGTTAGCCAACCC-1	Arabidopsis thaliana	root	unannotated root	unannotated root	True	11.997415	-15.851963
arabidopsis_secondary_root_dev_atlas:GSM8335426_JWE03_filtered_feature_bc_matrix:AGGTTGTGTCGTTGGC-1	Arabidopsis thaliana	root	unannotated root	unannotated root	True	12.348938	-16.126343
arabidopsis_secondary_root_dev_atlas:GSM8335426_JWE03_filtered_feature_bc_matrix:AGTTCCCAGCCTTTGA-1	Arabidopsis thaliana	root	unannotated root	unannotated root	True	9.411894	-13.850696
arabidopsis_secondary_root_dev_atlas:GSM8335426_JWE03_filtered_feature_bc_matrix:AGTTCCCCAAAGGGTC-1	Arabidopsis thaliana	root	unannotated root	unannotated root	True	9.79102	-14.420884
arabidopsis_secondary_root_dev_atlas:GSM8335426_JWE03_filtered_feature_bc_matrix:ATACCGACAGCCTATA-1	Arabidopsis thaliana	root	unannotated root	unannotated root	True	11.260775	-16.003065
arabidopsis_secondary_root_dev_atlas:GSM8335426_JWE03_filtered_feature_bc_matrix:ATACCTTAGACTCATC-1	Arabidopsis thaliana	root	unannotated root	unannotated root	True	11.06814	-16.16452
arabidopsis_secondary_root_dev_atlas:GSM8335426_JWE03_filtered_feature_bc_matrix:ATATCCTTCAATCTTC-1	Arabidopsis thaliana	root	unannotated root	unannotated root	True	12.169723	-16.690657
arabidopsis_secondary_root_dev_atlas:GSM8335426_JWE03_filtered_feature_bc_matrix:ATCACAGAGCCAGACA-1	Arabidopsis thaliana	root	unannotated root	unannotated root	True	9.950575	-15.61861
arabidopsis_secondary_root_dev_atlas:GSM8335426_JWE03_filtered_feature_bc_matrix:ATCCGTCAGACTTAAG-1	Arabidopsis thaliana	root	unannotated root	unannotated root	True	11.874323	-16.15202
arabidopsis_secondary_root_dev_atlas:GSM8335426_JWE03_filtered_feature_bc_matrix:ATGAAAGAGCAGCGAT-1	Arabidopsis thaliana	root	unannotated root	unannotated root	True	9.555799	-14.425204
arabidopsis_secondary_root_dev_atlas:GSM8335426_JWE03_filtered_feature_bc_matrix:ATGAAAGGTGCGACAA-1	Arabidopsis thaliana	root	unannotated root	unannotated root	True	10.963009	-15.093492
arabidopsis_secondary_root_dev_atlas:GSM8335426_JWE03_filtered_feature_bc_matrix:ATGAGGGCAAGTATCC-1	Arabidopsis thaliana	root	unannotated root	unannotated root	True	9.942601	-15.275658
arabidopsis_secondary_root_dev_atlas:GSM8335426_JWE03_filtered_feature_bc_matrix:ATGATCGGTGATATAG-1	Arabidopsis thaliana	root	unannotated root	unannotated root	True	11.245237	-14.840217
arabidopsis_secondary_root_dev_atlas:GSM8335426_JWE03_filtered_feature_bc_matrix:ATTATCCCAGACCTGC-1	Arabidopsis thaliana	root	unannotated root	unannotated root	True	10.186152	-16.07937
arabidopsis_secondary_root_dev_atlas:GSM8335426_JWE03_filtered_feature_bc_matrix:ATTGGGTTCTCAACGA-1	Arabidopsis thaliana	root	unannotated root	unannotated root	True	12.305651	-15.917939
arabidopsis_secondary_root_dev_atlas:GSM8335426_JWE03_filtered_feature_bc_matrix:CAACAACCATCTATCT-1	Arabidopsis thaliana	root	unannotated root	unannotated root	True	9.492448	-14.316657
arabidopsis_secondary_root_dev_atlas:GSM8335426_JWE03_filtered_feature_bc_matrix:CACAACACAATGACCT-1	Arabidopsis thaliana	root	unannotated root	unannotated root	True	9.877215	-15.249847
arabidopsis_secondary_root_dev_atlas:GSM8335426_JWE03_filtered_feature_bc_matrix:CACACAACATGGAGAC-1	Arabidopsis thaliana	root	unannotated root	unannotated root	True	9.474272	-14.253033
arabidopsis_secondary_root_dev_atlas:GSM8335426_JWE03_filtered_feature_bc_matrix:CACCAAAAGCCTATTG-1	Arabidopsis thaliana	root	unannotated root	unannotated root	True	12.18115	-15.121244
arabidopsis_secondary_root_dev_atlas:GSM8335426_JWE03_filtered_feature_bc_matrix:CACGTGGGTTGGTAGG-1	Arabidopsis thaliana	root	unannotated root	unannotated root	True	9.792253	-15.086042
arabidopsis_secondary_root_dev_atlas:GSM8335426_JWE03_filtered_feature_bc_matrix:CAGAGCCCAACAACAA-1	Arabidopsis thaliana	root	unannotated root	unannotated root	True	12.4952755	-15.036279
arabidopsis_secondary_root_dev_atlas:GSM8335426_JWE03_filtered_feature_bc_matrix:CAGCAGCGTAGTCGTT-1	Arabidopsis thaliana	root	unannotated root	unannotated root	True	9.539844	-14.351653
arabidopsis_secondary_root_dev_atlas:GSM8335426_JWE03_filtered_feature_bc_matrix:CAGCGTGCAACACGTT-1	Arabidopsis thaliana	root	unannotated root	unannotated root	True	10.008837	-15.02434
arabidopsis_secondary_root_dev_atlas:GSM8335426_JWE03_filtered_feature_bc_matrix:CAGGGCTGTTCCAAAC-1	Arabidopsis thaliana	root	unannotated root	unannotated root	True	11.019875	-16.105902
arabidopsis_secondary_root_dev_atlas:GSM8335426_JWE03_filtered_feature_bc_matrix:CAGGTATTCCCATAAG-1	Arabidopsis thaliana	root	unannotated root	unannotated root	True	10.1224375	-15.021564
arabidopsis_secondary_root_dev_atlas:GSM8335426_JWE03_filtered_feature_bc_matrix:CAGTTCCCACGTAGTT-1	Arabidopsis thaliana	root	unannotated root	unannotated root	True	11.392625	-16.14217
arabidopsis_secondary_root_dev_atlas:GSM8335426_JWE03_filtered_feature_bc_matrix:CAGTTCCGTCTTACAG-1	Arabidopsis thaliana	root	unannotated root	unannotated root	True	10.84643	-15.643739
arabidopsis_secondary_root_dev_atlas:GSM8335426_JWE03_filtered_feature_bc_matrix:CATGCGGTCATGGAGG-1	Arabidopsis thaliana	root	unannotated root	unannotated root	True	10.976103	-16.6286
arabidopsis_secondary_root_dev_atlas:GSM8335426_JWE03_filtered_feature_bc_matrix:CATGCTCTCTCCACTG-1	Arabidopsis thaliana	root	unannotated root	unannotated root	True	11.416942	-15.914487
arabidopsis_secondary_root_dev_atlas:GSM8335426_JWE03_filtered_feature_bc_matrix:CATGGTATCGTGGCGT-1	Arabidopsis thaliana	root	unannotated root	unannotated root	True	11.986915	-15.865503
arabidopsis_secondary_root_dev_atlas:GSM8335426_JWE03_filtered_feature_bc_matrix:CATTCTAGTTTCTATC-1	Arabidopsis thaliana	root	unannotated root	unannotated root	True	9.826072	-14.641614
arabidopsis_secondary_root_dev_atlas:GSM8335426_JWE03_filtered_feature_bc_matrix:CATTGCCAGCTTACGT-1	Arabidopsis thaliana	root	unannotated root	unannotated root	True	12.514504	-16.290707
arabidopsis_secondary_root_dev_atlas:GSM8335426_JWE03_filtered_feature_bc_matrix:CATTGCCCAATACGCT-1	Arabidopsis thaliana	root	unannotated root	unannotated root	True	11.434059	-16.632261
arabidopsis_secondary_root_dev_atlas:GSM8335426_JWE03_filtered_feature_bc_matrix:CATTTCAAGCAACTCT-1	Arabidopsis thaliana	root	unannotated root	unannotated root	True	12.42485	-15.094637
arabidopsis_secondary_root_dev_atlas:GSM8335426_JWE03_filtered_feature_bc_matrix:CCACACTTCGCGTTTC-1	Arabidopsis thaliana	root	unannotated root	unannotated root	True	11.065605	-15.346375
arabidopsis_secondary_root_dev_atlas:GSM8335426_JWE03_filtered_feature_bc_matrix:CCACGAGAGCGTGTTT-1	Arabidopsis thaliana	root	unannotated root	unannotated root	True	12.323534	-14.982031
arabidopsis_secondary_root_dev_atlas:GSM8335426_JWE03_filtered_feature_bc_matrix:CCCGAAGGTGCCTAAT-1	Arabidopsis thaliana	root	unannotated root	unannotated root	True	11.886245	-16.236794
arabidopsis_secondary_root_dev_atlas:GSM8335426_JWE03_filtered_feature_bc_matrix:CCCGAAGTCCGGGACT-1	Arabidopsis thaliana	root	unannotated root	unannotated root	True	9.801554	-15.215051
arabidopsis_secondary_root_dev_atlas:GSM8335426_JWE03_filtered_feature_bc_matrix:CCCTCAAGTCGTTGGC-1	Arabidopsis thaliana	root	unannotated root	unannotated root	True	11.139243	-15.8164
arabidopsis_secondary_root_dev_atlas:GSM8335426_JWE03_filtered_feature_bc_matrix:CCGATGGGTGATAGAT-1	Arabidopsis thaliana	root	unannotated root	unannotated root	True	12.145515	-15.725782
arabidopsis_secondary_root_dev_atlas:GSM8335426_JWE03_filtered_feature_bc_matrix:CCGTAGGCATATCGGT-1	Arabidopsis thaliana	root	unannotated root	unannotated root	True	12.049477	-16.6796
arabidopsis_secondary_root_dev_atlas:GSM8335426_JWE03_filtered_feature_bc_matrix:CCGTGAGTCTGAATCG-1	Arabidopsis thaliana	root	unannotated root	unannotated root	True	12.311528	-16.746685
arabidopsis_secondary_root_dev_atlas:GSM8335426_JWE03_filtered_feature_bc_matrix:CCTAACCTCAACCTCC-1	Arabidopsis thaliana	root	unannotated root	unannotated root	True	12.330878	-15.4069195
arabidopsis_secondary_root_dev_atlas:GSM8335426_JWE03_filtered_feature_bc_matrix:CCTACGTCACATGGTT-1	Arabidopsis thaliana	root	unannotated root	unannotated root	True	10.863115	-14.899249
arabidopsis_secondary_root_dev_atlas:GSM8335426_JWE03_filtered_feature_bc_matrix:CCTCAACCACAACGCC-1	Arabidopsis thaliana	root	unannotated root	unannotated root	True	10.766492	-16.478174
arabidopsis_secondary_root_dev_atlas:GSM8335426_JWE03_filtered_feature_bc_matrix:CCTCACAAGAGGCGTT-1	Arabidopsis thaliana	root	unannotated root	unannotated root	True	11.193472	-16.111122
arabidopsis_secondary_root_dev_atlas:GSM8335426_JWE03_filtered_feature_bc_matrix:CGAAGGAGTTGACTGT-1	Arabidopsis thaliana	root	unannotated root	unannotated root	True	12.116701	-16.158703
arabidopsis_secondary_root_dev_atlas:GSM8335426_JWE03_filtered_feature_bc_matrix:CGAAGGATCCCGAGGT-1	Arabidopsis thaliana	root	unannotated root	unannotated root	True	10.133284	-15.9456215
arabidopsis_secondary_root_dev_atlas:GSM8335426_JWE03_filtered_feature_bc_matrix:CGAAGTTAGCAGGTCA-1	Arabidopsis thaliana	root	unannotated root	unannotated root	True	9.606687	-14.6255665
arabidopsis_secondary_root_dev_atlas:GSM8335426_JWE03_filtered_feature_bc_matrix:CGACAGCCATGTTCGA-1	Arabidopsis thaliana	root	unannotated root	unannotated root	True	11.165592	-15.185732
arabidopsis_secondary_root_dev_atlas:GSM8335426_JWE03_filtered_feature_bc_matrix:CGAGAAGAGCAGCACA-1	Arabidopsis thaliana	root	unannotated root	unannotated root	True	10.093233	-15.5256
arabidopsis_secondary_root_dev_atlas:GSM8335426_JWE03_filtered_feature_bc_matrix:CGCAGGTTCTGCTGAA-1	Arabidopsis thaliana	root	unannotated root	unannotated root	True	9.9823	-15.392011
arabidopsis_secondary_root_dev_atlas:GSM8335426_JWE03_filtered_feature_bc_matrix:CGCCATTCACATGACT-1	Arabidopsis thaliana	root	unannotated root	unannotated root	True	10.926134	-16.104946
arabidopsis_secondary_root_dev_atlas:GSM8335426_JWE03_filtered_feature_bc_matrix:CGGAATTAGATCGCTT-1	Arabidopsis thaliana	root	unannotated root	unannotated root	True	11.490493	-16.500072
arabidopsis_secondary_root_dev_atlas:GSM8335426_JWE03_filtered_feature_bc_matrix:CGGAGAATCCAACCAA-1	Arabidopsis thaliana	root	unannotated root	unannotated root	True	12.284081	-16.44464
arabidopsis_secondary_root_dev_atlas:GSM8335426_JWE03_filtered_feature_bc_matrix:CGTGAATAGGTGCTTT-1	Arabidopsis thaliana	root	unannotated root	unannotated root	True	11.956093	-16.366219
arabidopsis_secondary_root_dev_atlas:GSM8335426_JWE03_filtered_feature_bc_matrix:CGTTAGACATCGGAAG-1	Arabidopsis thaliana	root	unannotated root	unannotated root	True	11.652413	-15.549825
arabidopsis_secondary_root_dev_atlas:GSM8335426_JWE03_filtered_feature_bc_matrix:CTAACTTCACCTCTAC-1	Arabidopsis thaliana	root	unannotated root	unannotated root	True	10.784562	-14.909529
arabidopsis_secondary_root_dev_atlas:GSM8335426_JWE03_filtered_feature_bc_matrix:CTCAGGGCAGGACATG-1	Arabidopsis thaliana	root	unannotated root	unannotated root	True	10.057413	-15.288772
arabidopsis_secondary_root_dev_atlas:GSM8335426_JWE03_filtered_feature_bc_matrix:CTCATCGCACATAACC-1	Arabidopsis thaliana	root	unannotated root	unannotated root	True	12.228741	-16.276884
arabidopsis_secondary_root_dev_atlas:GSM8335426_JWE03_filtered_feature_bc_matrix:CTCATTACACTCTCGT-1	Arabidopsis thaliana	root	unannotated root	unannotated root	True	11.691606	-15.742695
arabidopsis_secondary_root_dev_atlas:GSM8335426_JWE03_filtered_feature_bc_matrix:CTCCAACTCAAGCCAT-1	Arabidopsis thaliana	root	unannotated root	unannotated root	True	12.38577	-14.948424
arabidopsis_secondary_root_dev_atlas:GSM8335426_JWE03_filtered_feature_bc_matrix:CTCCACATCAGGTGTT-1	Arabidopsis thaliana	root	unannotated root	unannotated root	True	10.720366	-16.39659
arabidopsis_secondary_root_dev_atlas:GSM8335426_JWE03_filtered_feature_bc_matrix:CTCCCAAGTCTGTCAA-1	Arabidopsis thaliana	root	unannotated root	unannotated root	True	12.450706	-16.61082
arabidopsis_secondary_root_dev_atlas:GSM8335426_JWE03_filtered_feature_bc_matrix:CTCCTTTGTGTTATCG-1	Arabidopsis thaliana	root	unannotated root	unannotated root	True	9.735568	-14.418308
arabidopsis_secondary_root_dev_atlas:GSM8335426_JWE03_filtered_feature_bc_matrix:CTGCAGGCACTCATAG-1	Arabidopsis thaliana	root	unannotated root	unannotated root	True	10.21625	-16.04779
arabidopsis_secondary_root_dev_atlas:GSM8335426_JWE03_filtered_feature_bc_matrix:CTGCCTACAGCAGACA-1	Arabidopsis thaliana	root	unannotated root	unannotated root	True	12.22299	-16.740122
arabidopsis_secondary_root_dev_atlas:GSM8335426_JWE03_filtered_feature_bc_matrix:CTGCGAGTCCTGTAAG-1	Arabidopsis thaliana	root	unannotated root	unannotated root	True	11.615281	-16.30762
arabidopsis_secondary_root_dev_atlas:GSM8335426_JWE03_filtered_feature_bc_matrix:CTGGTCTTCTTGCAAG-1	Arabidopsis thaliana	root	unannotated root	unannotated root	True	9.967687	-15.231439
arabidopsis_secondary_root_dev_atlas:GSM8335426_JWE03_filtered_feature_bc_matrix:CTGTGGGCATCCCGTT-1	Arabidopsis thaliana	root	unannotated root	unannotated root	True	11.538955	-16.031775
arabidopsis_secondary_root_dev_atlas:GSM8335426_JWE03_filtered_feature_bc_matrix:CTTAGGATCAGAGCAG-1	Arabidopsis thaliana	root	unannotated root	unannotated root	True	12.528103	-14.883572
arabidopsis_secondary_root_dev_atlas:GSM8335426_JWE03_filtered_feature_bc_matrix:CTTGAGAAGTTCATCG-1	Arabidopsis thaliana	root	unannotated root	unannotated root	True	11.95076	-15.926747
arabidopsis_secondary_root_dev_atlas:GSM8335426_JWE03_filtered_feature_bc_matrix:GAACTGTCAACAAAGT-1	Arabidopsis thaliana	root	unannotated root	unannotated root	True	9.888488	-15.485267
arabidopsis_secondary_root_dev_atlas:GSM8335426_JWE03_filtered_feature_bc_matrix:GAAGAATAGCGTGCCT-1	Arabidopsis thaliana	root	unannotated root	unannotated root	True	12.317805	-16.39303
arabidopsis_secondary_root_dev_atlas:GSM8335426_JWE03_filtered_feature_bc_matrix:GAAGAATCAACGTATC-1	Arabidopsis thaliana	root	unannotated root	unannotated root	True	11.407946	-14.872295
arabidopsis_secondary_root_dev_atlas:GSM8335426_JWE03_filtered_feature_bc_matrix:GAAGGGTGTGTTGACT-1	Arabidopsis thaliana	root	unannotated root	unannotated root	True	12.246593	-15.948364
arabidopsis_secondary_root_dev_atlas:GSM8335426_JWE03_filtered_feature_bc_matrix:GACCCTTTCGCAGTGC-1	Arabidopsis thaliana	root	unannotated root	unannotated root	True	11.3948965	-16.268831
arabidopsis_secondary_root_dev_atlas:GSM8335426_JWE03_filtered_feature_bc_matrix:GACTCTCCAGTTGAAA-1	Arabidopsis thaliana	root	unannotated root	unannotated root	True	11.491353	-16.168884
arabidopsis_secondary_root_dev_atlas:GSM8335426_JWE03_filtered_feature_bc_matrix:GACTTCCAGGCATGCA-1	Arabidopsis thaliana	root	unannotated root	unannotated root	True	12.419266	-14.941259
arabidopsis_secondary_root_dev_atlas:GSM8335426_JWE03_filtered_feature_bc_matrix:GAGAGGTAGTGAGGCT-1	Arabidopsis thaliana	root	unannotated root	unannotated root	True	9.358622	-13.832968
arabidopsis_secondary_root_dev_atlas:GSM8335426_JWE03_filtered_feature_bc_matrix:GAGCTGCGTATCATGC-1	Arabidopsis thaliana	root	unannotated root	unannotated root	True	10.429126	-15.3964615
arabidopsis_secondary_root_dev_atlas:GSM8335426_JWE03_filtered_feature_bc_matrix:GAGGGATCAAGGCAAC-1	Arabidopsis thaliana	root	unannotated root	unannotated root	True	12.169058	-15.007064
arabidopsis_secondary_root_dev_atlas:GSM8335426_JWE03_filtered_feature_bc_matrix:GAGGGTACAGACACCC-1	Arabidopsis thaliana	root	unannotated root	unannotated root	True	10.140411	-14.81542
arabidopsis_secondary_root_dev_atlas:GSM8335426_JWE03_filtered_feature_bc_matrix:GAGTGTTCAATGTTGC-1	Arabidopsis thaliana	root	unannotated root	unannotated root	True	11.124556	-15.631228
arabidopsis_secondary_root_dev_atlas:GSM8335426_JWE03_filtered_feature_bc_matrix:GAGTTTGTCCCTTCCC-1	Arabidopsis thaliana	root	unannotated root	unannotated root	True	12.072671	-15.647114
arabidopsis_secondary_root_dev_atlas:GSM8335426_JWE03_filtered_feature_bc_matrix:GATAGCTGTCCGGTCA-1	Arabidopsis thaliana	root	unannotated root	unannotated root	True	11.237056	-16.283922
arabidopsis_secondary_root_dev_atlas:GSM8335426_JWE03_filtered_feature_bc_matrix:GATCACAAGGGTGAAA-1	Arabidopsis thaliana	root	unannotated root	unannotated root	True	10.768284	-16.462826
arabidopsis_secondary_root_dev_atlas:GSM8335426_JWE03_filtered_feature_bc_matrix:GATCCCTCAAGAGCTG-1	Arabidopsis thaliana	root	unannotated root	unannotated root	True	9.367927	-13.852927
arabidopsis_secondary_root_dev_atlas:GSM8335426_JWE03_filtered_feature_bc_matrix:GATCGTATCTTACCAT-1	Arabidopsis thaliana	root	unannotated root	unannotated root	True	9.379966	-13.868664
arabidopsis_secondary_root_dev_atlas:GSM8335426_JWE03_filtered_feature_bc_matrix:GATTCGAGTGACGTCC-1	Arabidopsis thaliana	root	unannotated root	unannotated root	True	9.927794	-14.654892
arabidopsis_secondary_root_dev_atlas:GSM8335426_JWE03_filtered_feature_bc_matrix:GCACGGTCAAGCGAAC-1	Arabidopsis thaliana	root	unannotated root	unannotated root	True	12.200892	-16.330858
arabidopsis_secondary_root_dev_atlas:GSM8335426_JWE03_filtered_feature_bc_matrix:GCAGCTGCAGGTTCGC-1	Arabidopsis thaliana	root	unannotated root	unannotated root	True	10.039825	-15.607567
arabidopsis_secondary_root_dev_atlas:GSM8335426_JWE03_filtered_feature_bc_matrix:GCATGATAGTAGGATT-1	Arabidopsis thaliana	root	unannotated root	unannotated root	True	11.863939	-16.539606
arabidopsis_secondary_root_dev_atlas:GSM8335426_JWE03_filtered_feature_bc_matrix:GCCAACGAGGCGTTAG-1	Arabidopsis thaliana	root	unannotated root	unannotated root	True	10.748497	-15.874135
arabidopsis_secondary_root_dev_atlas:GSM8335426_JWE03_filtered_feature_bc_matrix:GCGTGCACACAACCGC-1	Arabidopsis thaliana	root	unannotated root	unannotated root	True	12.505138	-15.128361
arabidopsis_secondary_root_dev_atlas:GSM8335426_JWE03_filtered_feature_bc_matrix:GCGTTTCAGCGACCCT-1	Arabidopsis thaliana	root	unannotated root	unannotated root	True	11.277906	-16.21584
arabidopsis_secondary_root_dev_atlas:GSM8335426_JWE03_filtered_feature_bc_matrix:GCTACAAAGGTTGGTG-1	Arabidopsis thaliana	root	unannotated root	unannotated root	True	11.706717	-15.239514
arabidopsis_secondary_root_dev_atlas:GSM8335426_JWE03_filtered_feature_bc_matrix:GCTTTCGCATGCAGCC-1	Arabidopsis thaliana	root	unannotated root	unannotated root	True	12.463575	-15.967848
arabidopsis_secondary_root_dev_atlas:GSM8335426_JWE03_filtered_feature_bc_matrix:GGCACGTAGCTTCTAG-1	Arabidopsis thaliana	root	unannotated root	unannotated root	True	11.948497	-15.726455
arabidopsis_secondary_root_dev_atlas:GSM8335426_JWE03_filtered_feature_bc_matrix:GGCTTTCTCGCATGAT-1	Arabidopsis thaliana	root	unannotated root	unannotated root	True	12.376266	-16.656532
arabidopsis_secondary_root_dev_atlas:GSM8335426_JWE03_filtered_feature_bc_matrix:GGGACCTTCTCCACTG-1	Arabidopsis thaliana	root	unannotated root	unannotated root	True	12.320837	-15.009148
arabidopsis_secondary_root_dev_atlas:GSM8335426_JWE03_filtered_feature_bc_matrix:GGGATGACAAATCAGA-1	Arabidopsis thaliana	root	unannotated root	unannotated root	True	9.672965	-14.356529
arabidopsis_secondary_root_dev_atlas:GSM8335426_JWE03_filtered_feature_bc_matrix:GGGCTCAGTCGAGTTT-1	Arabidopsis thaliana	root	unannotated root	unannotated root	True	12.353038	-16.532637
arabidopsis_secondary_root_dev_atlas:GSM8335426_JWE03_filtered_feature_bc_matrix:GGGTCTGCACAGAGAC-1	Arabidopsis thaliana	root	unannotated root	unannotated root	True	12.481266	-16.553835
arabidopsis_secondary_root_dev_atlas:GSM8335426_JWE03_filtered_feature_bc_matrix:GGTCTGGGTGGATGAC-1	Arabidopsis thaliana	root	unannotated root	unannotated root	True	12.184876	-14.854624
arabidopsis_secondary_root_dev_atlas:GSM8335426_JWE03_filtered_feature_bc_matrix:GGTTAACGTCTCAAGT-1	Arabidopsis thaliana	root	unannotated root	unannotated root	True	12.261274	-15.060763
arabidopsis_secondary_root_dev_atlas:GSM8335426_JWE03_filtered_feature_bc_matrix:GTAAGTCAGGTGTGAC-1	Arabidopsis thaliana	root	unannotated root	unannotated root	True	12.274836	-15.61896
arabidopsis_secondary_root_dev_atlas:GSM8335426_JWE03_filtered_feature_bc_matrix:GTAGAGGCAGATCATC-1	Arabidopsis thaliana	root	unannotated root	unannotated root	True	9.635182	-14.485254
arabidopsis_secondary_root_dev_atlas:GSM8335426_JWE03_filtered_feature_bc_matrix:GTAGATCCAACGACTT-1	Arabidopsis thaliana	root	unannotated root	unannotated root	True	11.877639	-15.638647
arabidopsis_secondary_root_dev_atlas:GSM8335426_JWE03_filtered_feature_bc_matrix:GTAGGTTAGTAGGCCA-1	Arabidopsis thaliana	root	unannotated root	unannotated root	True	12.011642	-16.713987
arabidopsis_secondary_root_dev_atlas:GSM8335426_JWE03_filtered_feature_bc_matrix:GTAGGTTTCGCCAATA-1	Arabidopsis thaliana	root	unannotated root	unannotated root	True	11.114557	-15.443987
arabidopsis_secondary_root_dev_atlas:GSM8335426_JWE03_filtered_feature_bc_matrix:GTCACGGAGGACGGAG-1	Arabidopsis thaliana	root	unannotated root	unannotated root	True	12.284109	-15.022558
arabidopsis_secondary_root_dev_atlas:GSM8335426_JWE03_filtered_feature_bc_matrix:GTCACGGGTGTTTCTT-1	Arabidopsis thaliana	root	unannotated root	unannotated root	True	9.723051	-14.459092
arabidopsis_secondary_root_dev_atlas:GSM8335426_JWE03_filtered_feature_bc_matrix:GTCCTCACAGCGTGAA-1	Arabidopsis thaliana	root	unannotated root	unannotated root	True	11.99606	-15.803681
arabidopsis_secondary_root_dev_atlas:GSM8335426_JWE03_filtered_feature_bc_matrix:GTCTCACTCCGGCAGT-1	Arabidopsis thaliana	root	unannotated root	unannotated root	True	10.0464	-15.756179
arabidopsis_secondary_root_dev_atlas:GSM8335426_JWE03_filtered_feature_bc_matrix:GTGAGTTTCTCTAGGA-1	Arabidopsis thaliana	root	unannotated root	unannotated root	True	11.185577	-15.344672
arabidopsis_secondary_root_dev_atlas:GSM8335426_JWE03_filtered_feature_bc_matrix:GTGATGTCAGGAAGTC-1	Arabidopsis thaliana	root	unannotated root	unannotated root	True	9.521458	-14.35179
arabidopsis_secondary_root_dev_atlas:GSM8335426_JWE03_filtered_feature_bc_matrix:GTGCACGTCCATACAG-1	Arabidopsis thaliana	root	unannotated root	unannotated root	True	9.348349	-13.855767
arabidopsis_secondary_root_dev_atlas:GSM8335426_JWE03_filtered_feature_bc_matrix:GTGTGATTCACCTCAC-1	Arabidopsis thaliana	root	unannotated root	unannotated root	True	11.501186	-15.096795
arabidopsis_secondary_root_dev_atlas:GSM8335426_JWE03_filtered_feature_bc_matrix:GTTGCGGAGAAAGCGA-1	Arabidopsis thaliana	root	unannotated root	unannotated root	True	9.920005	-14.972598
arabidopsis_secondary_root_dev_atlas:GSM8335426_JWE03_filtered_feature_bc_matrix:GTTGTCCTCGCCATAA-1	Arabidopsis thaliana	root	unannotated root	unannotated root	True	11.416779	-15.406091
arabidopsis_secondary_root_dev_atlas:GSM8335426_JWE03_filtered_feature_bc_matrix:TAACGACTCTTACCGC-1	Arabidopsis thaliana	root	unannotated root	unannotated root	True	11.3696375	-14.9188795
arabidopsis_secondary_root_dev_atlas:GSM8335426_JWE03_filtered_feature_bc_matrix:TAATCTCAGCGACATG-1	Arabidopsis thaliana	root	unannotated root	unannotated root	True	10.549203	-15.967783
arabidopsis_secondary_root_dev_atlas:GSM8335426_JWE03_filtered_feature_bc_matrix:TAATCTCGTCTGTGTA-1	Arabidopsis thaliana	root	unannotated root	unannotated root	True	12.20597	-15.248852
arabidopsis_secondary_root_dev_atlas:GSM8335426_JWE03_filtered_feature_bc_matrix:TAATCTCTCGATAACC-1	Arabidopsis thaliana	root	unannotated root	unannotated root	True	10.570973	-16.192184
arabidopsis_secondary_root_dev_atlas:GSM8335426_JWE03_filtered_feature_bc_matrix:TAATTCCAGTAATCCC-1	Arabidopsis thaliana	root	unannotated root	unannotated root	True	12.217714	-15.7877445
arabidopsis_secondary_root_dev_atlas:GSM8335426_JWE03_filtered_feature_bc_matrix:TACAACGCAGCTGTGC-1	Arabidopsis thaliana	root	unannotated root	unannotated root	True	11.331305	-15.127452
arabidopsis_secondary_root_dev_atlas:GSM8335426_JWE03_filtered_feature_bc_matrix:TACAGGTAGTACCGGA-1	Arabidopsis thaliana	root	unannotated root	unannotated root	True	11.290148	-16.121595
arabidopsis_secondary_root_dev_atlas:GSM8335426_JWE03_filtered_feature_bc_matrix:TACATTCTCAGACCCG-1	Arabidopsis thaliana	root	unannotated root	unannotated root	True	9.477938	-14.088365
arabidopsis_secondary_root_dev_atlas:GSM8335426_JWE03_filtered_feature_bc_matrix:TACCCACCAACTTGGT-1	Arabidopsis thaliana	root	unannotated root	unannotated root	True	12.174201	-16.04289
arabidopsis_secondary_root_dev_atlas:GSM8335426_JWE03_filtered_feature_bc_matrix:TACCCACGTTGTCCCT-1	Arabidopsis thaliana	root	unannotated root	unannotated root	True	10.848036	-16.485445
arabidopsis_secondary_root_dev_atlas:GSM8335426_JWE03_filtered_feature_bc_matrix:TACCCGTTCAAACCTG-1	Arabidopsis thaliana	root	unannotated root	unannotated root	True	9.485225	-13.987156
arabidopsis_secondary_root_dev_atlas:GSM8335426_JWE03_filtered_feature_bc_matrix:TACCGGGTCAAGCCAT-1	Arabidopsis thaliana	root	unannotated root	unannotated root	True	11.337727	-14.846935
arabidopsis_secondary_root_dev_atlas:GSM8335426_JWE03_filtered_feature_bc_matrix:TAGAGTCTCCCGAATA-1	Arabidopsis thaliana	root	unannotated root	unannotated root	True	9.616133	-14.201295
arabidopsis_secondary_root_dev_atlas:GSM8335426_JWE03_filtered_feature_bc_matrix:TAGATCGGTCACGTGC-1	Arabidopsis thaliana	root	unannotated root	unannotated root	True	10.935294	-16.602718
arabidopsis_secondary_root_dev_atlas:GSM8335426_JWE03_filtered_feature_bc_matrix:TAGGAGGCATGCCATA-1	Arabidopsis thaliana	root	unannotated root	unannotated root	True	10.439616	-15.570795
arabidopsis_secondary_root_dev_atlas:GSM8335426_JWE03_filtered_feature_bc_matrix:TAGGAGGGTCCCGCAA-1	Arabidopsis thaliana	root	unannotated root	unannotated root	True	9.668061	-14.284423
arabidopsis_secondary_root_dev_atlas:GSM8335426_JWE03_filtered_feature_bc_matrix:TAGGTTGAGCACTTTG-1	Arabidopsis thaliana	root	unannotated root	unannotated root	True	9.700157	-14.491159
arabidopsis_secondary_root_dev_atlas:GSM8335426_JWE03_filtered_feature_bc_matrix:TAGGTTGAGGTCACCC-1	Arabidopsis thaliana	root	unannotated root	unannotated root	True	12.527949	-15.334897
arabidopsis_secondary_root_dev_atlas:GSM8335426_JWE03_filtered_feature_bc_matrix:TAGGTTGGTGGTCTCG-1	Arabidopsis thaliana	root	unannotated root	unannotated root	True	9.332841	-13.748729
arabidopsis_secondary_root_dev_atlas:GSM8335426_JWE03_filtered_feature_bc_matrix:TCAAGTGCAAAGGAGA-1	Arabidopsis thaliana	root	unannotated root	unannotated root	True	9.60359	-14.367948
arabidopsis_secondary_root_dev_atlas:GSM8335426_JWE03_filtered_feature_bc_matrix:TCAATCTTCGCTCATC-1	Arabidopsis thaliana	root	unannotated root	unannotated root	True	9.518246	-14.380349
arabidopsis_secondary_root_dev_atlas:GSM8335426_JWE03_filtered_feature_bc_matrix:TCACACCCAGCGTGCT-1	Arabidopsis thaliana	root	unannotated root	unannotated root	True	11.303804	-14.936159
arabidopsis_secondary_root_dev_atlas:GSM8335426_JWE03_filtered_feature_bc_matrix:TCACGCTGTATCGTTG-1	Arabidopsis thaliana	root	unannotated root	unannotated root	True	9.97369	-15.510134
arabidopsis_secondary_root_dev_atlas:GSM8335426_JWE03_filtered_feature_bc_matrix:TCACGGGGTCGTGATT-1	Arabidopsis thaliana	root	unannotated root	unannotated root	True	11.918972	-16.17494
arabidopsis_secondary_root_dev_atlas:GSM8335426_JWE03_filtered_feature_bc_matrix:TCAGCCTAGTGATTCC-1	Arabidopsis thaliana	root	unannotated root	unannotated root	True	10.318551	-16.179531
arabidopsis_secondary_root_dev_atlas:GSM8335426_JWE03_filtered_feature_bc_matrix:TCAGGGCAGGAACTCG-1	Arabidopsis thaliana	root	unannotated root	unannotated root	True	11.396334	-16.450869
arabidopsis_secondary_root_dev_atlas:GSM8335426_JWE03_filtered_feature_bc_matrix:TCATACTGTTAGCTAC-1	Arabidopsis thaliana	root	unannotated root	unannotated root	True	10.770244	-15.8071785
arabidopsis_secondary_root_dev_atlas:GSM8335426_JWE03_filtered_feature_bc_matrix:TCATCATCAAAGACGC-1	Arabidopsis thaliana	root	unannotated root	unannotated root	True	12.450179	-16.533106
arabidopsis_secondary_root_dev_atlas:GSM8335426_JWE03_filtered_feature_bc_matrix:TCATCCGGTTCCAGGC-1	Arabidopsis thaliana	root	unannotated root	unannotated root	True	11.92252	-16.706903
arabidopsis_secondary_root_dev_atlas:GSM8335426_JWE03_filtered_feature_bc_matrix:TCATGAGAGGAATCGC-1	Arabidopsis thaliana	root	unannotated root	unannotated root	True	11.551106	-16.101109
arabidopsis_secondary_root_dev_atlas:GSM8335426_JWE03_filtered_feature_bc_matrix:TCATTCACAAGTGGCA-1	Arabidopsis thaliana	root	unannotated root	unannotated root	True	11.090158	-14.91645
arabidopsis_secondary_root_dev_atlas:GSM8335426_JWE03_filtered_feature_bc_matrix:TCCCATGGTAGCTCGC-1	Arabidopsis thaliana	root	unannotated root	unannotated root	True	10.896845	-16.39819
arabidopsis_secondary_root_dev_atlas:GSM8335426_JWE03_filtered_feature_bc_matrix:TCCGATCAGCGCATCC-1	Arabidopsis thaliana	root	unannotated root	unannotated root	True	9.572558	-14.344382
arabidopsis_secondary_root_dev_atlas:GSM8335426_JWE03_filtered_feature_bc_matrix:TCCGATCTCTCCGCAT-1	Arabidopsis thaliana	root	unannotated root	unannotated root	True	10.240062	-15.448151
arabidopsis_secondary_root_dev_atlas:GSM8335426_JWE03_filtered_feature_bc_matrix:TCCTAATTCCTACACC-1	Arabidopsis thaliana	root	unannotated root	unannotated root	True	10.121823	-15.990802
arabidopsis_secondary_root_dev_atlas:GSM8335426_JWE03_filtered_feature_bc_matrix:TCCTCCCAGCACTCAT-1	Arabidopsis thaliana	root	unannotated root	unannotated root	True	12.3798	-14.847958
arabidopsis_secondary_root_dev_atlas:GSM8335426_JWE03_filtered_feature_bc_matrix:TCGCAGGCACAGCCAC-1	Arabidopsis thaliana	root	unannotated root	unannotated root	True	9.891707	-15.5623865
arabidopsis_secondary_root_dev_atlas:GSM8335426_JWE03_filtered_feature_bc_matrix:TCGCTTGAGTAAAGCT-1	Arabidopsis thaliana	root	unannotated root	unannotated root	True	11.968956	-15.706079
arabidopsis_secondary_root_dev_atlas:GSM8335426_JWE03_filtered_feature_bc_matrix:TCGCTTGTCGTTCCTG-1	Arabidopsis thaliana	root	unannotated root	unannotated root	True	11.207072	-15.391737
arabidopsis_secondary_root_dev_atlas:GSM8335426_JWE03_filtered_feature_bc_matrix:TCGGATACAAGGTTGG-1	Arabidopsis thaliana	root	unannotated root	unannotated root	True	10.894169	-16.504042
arabidopsis_secondary_root_dev_atlas:GSM8335426_JWE03_filtered_feature_bc_matrix:TCGGGACGTGCCTTTC-1	Arabidopsis thaliana	root	unannotated root	unannotated root	True	9.782566	-14.5734005
arabidopsis_secondary_root_dev_atlas:GSM8335426_JWE03_filtered_feature_bc_matrix:TCGTGCTAGGCTCTAT-1	Arabidopsis thaliana	root	unannotated root	unannotated root	True	10.981894	-15.736066
arabidopsis_secondary_root_dev_atlas:GSM8335426_JWE03_filtered_feature_bc_matrix:TCTACATCACTGCGAC-1	Arabidopsis thaliana	root	unannotated root	unannotated root	True	9.391551	-13.905032
arabidopsis_secondary_root_dev_atlas:GSM8335426_JWE03_filtered_feature_bc_matrix:TCTATCACACTAAACC-1	Arabidopsis thaliana	root	unannotated root	unannotated root	True	11.830704	-15.595971
arabidopsis_secondary_root_dev_atlas:GSM8335426_JWE03_filtered_feature_bc_matrix:TCTATCAGTATGCAAA-1	Arabidopsis thaliana	root	unannotated root	unannotated root	True	10.99496	-14.966719
arabidopsis_secondary_root_dev_atlas:GSM8335426_JWE03_filtered_feature_bc_matrix:TCTCACGGTAGCGTAG-1	Arabidopsis thaliana	root	unannotated root	unannotated root	True	12.101671	-16.464012
arabidopsis_secondary_root_dev_atlas:GSM8335426_JWE03_filtered_feature_bc_matrix:TCTTTGACATATGAAG-1	Arabidopsis thaliana	root	unannotated root	unannotated root	True	10.498447	-14.797817
arabidopsis_secondary_root_dev_atlas:GSM8335426_JWE03_filtered_feature_bc_matrix:TGAACGTAGTTGGCTT-1	Arabidopsis thaliana	root	unannotated root	unannotated root	True	11.329645	-16.698519
arabidopsis_secondary_root_dev_atlas:GSM8335426_JWE03_filtered_feature_bc_matrix:TGACAGTGTTTCCATT-1	Arabidopsis thaliana	root	unannotated root	unannotated root	True	9.418713	-13.886017
arabidopsis_secondary_root_dev_atlas:GSM8335426_JWE03_filtered_feature_bc_matrix:TGACCCTCATCGAAGG-1	Arabidopsis thaliana	root	unannotated root	unannotated root	True	12.391377	-14.907715
arabidopsis_secondary_root_dev_atlas:GSM8335426_JWE03_filtered_feature_bc_matrix:TGAGGGAAGATCGACG-1	Arabidopsis thaliana	root	unannotated root	unannotated root	True	11.870807	-15.596543
arabidopsis_secondary_root_dev_atlas:GSM8335426_JWE03_filtered_feature_bc_matrix:TGAGGTTGTGGATCGA-1	Arabidopsis thaliana	root	unannotated root	unannotated root	True	12.284359	-16.771042
arabidopsis_secondary_root_dev_atlas:GSM8335426_JWE03_filtered_feature_bc_matrix:TGCAGATCAGGTGGAT-1	Arabidopsis thaliana	root	unannotated root	unannotated root	True	9.752132	-14.444124
arabidopsis_secondary_root_dev_atlas:GSM8335426_JWE03_filtered_feature_bc_matrix:TGCAGGCCACTCTGCT-1	Arabidopsis thaliana	root	unannotated root	unannotated root	True	10.164581	-15.961304
arabidopsis_secondary_root_dev_atlas:GSM8335426_JWE03_filtered_feature_bc_matrix:TGCAGTAAGTGACACG-1	Arabidopsis thaliana	root	unannotated root	unannotated root	True	9.772341	-14.47944
arabidopsis_secondary_root_dev_atlas:GSM8335426_JWE03_filtered_feature_bc_matrix:TGCGATATCTTTACAC-1	Arabidopsis thaliana	root	unannotated root	unannotated root	True	10.525634	-15.787234
arabidopsis_secondary_root_dev_atlas:GSM8335426_JWE03_filtered_feature_bc_matrix:TGCGGCAAGGCATTTC-1	Arabidopsis thaliana	root	unannotated root	unannotated root	True	10.65462	-15.619945
arabidopsis_secondary_root_dev_atlas:GSM8335426_JWE03_filtered_feature_bc_matrix:TGCGGCAGTGCTAGCC-1	Arabidopsis thaliana	root	unannotated root	unannotated root	True	11.540098	-15.260974
arabidopsis_secondary_root_dev_atlas:GSM8335426_JWE03_filtered_feature_bc_matrix:TGGATCACAGGGCTTC-1	Arabidopsis thaliana	root	unannotated root	unannotated root	True	12.136163	-15.676076
arabidopsis_secondary_root_dev_atlas:GSM8335426_JWE03_filtered_feature_bc_matrix:TGTCAGATCGCTGTCT-1	Arabidopsis thaliana	root	unannotated root	unannotated root	True	12.16659	-16.609629
arabidopsis_secondary_root_dev_atlas:GSM8335426_JWE03_filtered_feature_bc_matrix:TGTCCTGGTAGGTCAG-1	Arabidopsis thaliana	root	unannotated root	unannotated root	True	10.10602	-15.908806
arabidopsis_secondary_root_dev_atlas:GSM8335426_JWE03_filtered_feature_bc_matrix:TGTGATGAGCACGATG-1	Arabidopsis thaliana	root	unannotated root	unannotated root	True	10.150214	-15.874797
arabidopsis_secondary_root_dev_atlas:GSM8335426_JWE03_filtered_feature_bc_matrix:TGTGATGCACAGGATG-1	Arabidopsis thaliana	root	unannotated root	unannotated root	True	10.10939	-15.337984
arabidopsis_secondary_root_dev_atlas:GSM8335426_JWE03_filtered_feature_bc_matrix:TGTGCGGAGGACAACC-1	Arabidopsis thaliana	root	unannotated root	unannotated root	True	9.418828	-13.898154
arabidopsis_secondary_root_dev_atlas:GSM8335426_JWE03_filtered_feature_bc_matrix:TGTGTGATCCGAGAAG-1	Arabidopsis thaliana	root	unannotated root	unannotated root	True	9.352811	-13.79222
arabidopsis_secondary_root_dev_atlas:GSM8335426_JWE03_filtered_feature_bc_matrix:TGTTCCGAGTGCTAGG-1	Arabidopsis thaliana	root	unannotated root	unannotated root	True	9.987878	-14.606491
arabidopsis_secondary_root_dev_atlas:GSM8335426_JWE03_filtered_feature_bc_matrix:TGTTCTAGTCATATGC-1	Arabidopsis thaliana	root	unannotated root	unannotated root	True	9.912406	-15.371365
arabidopsis_secondary_root_dev_atlas:GSM8335426_JWE03_filtered_feature_bc_matrix:TGTTGGATCCGCATAA-1	Arabidopsis thaliana	root	unannotated root	unannotated root	True	9.403027	-13.855349
arabidopsis_secondary_root_dev_atlas:GSM8335426_JWE03_filtered_feature_bc_matrix:TTAATCCAGTGTTGAA-1	Arabidopsis thaliana	root	unannotated root	unannotated root	True	10.3844185	-16.201206
arabidopsis_secondary_root_dev_atlas:GSM8335426_JWE03_filtered_feature_bc_matrix:TTAGGCATCGGACGTC-1	Arabidopsis thaliana	root	unannotated root	unannotated root	True	9.82836	-14.691801
arabidopsis_secondary_root_dev_atlas:GSM8335426_JWE03_filtered_feature_bc_matrix:TTATTGCCAGAGCTAG-1	Arabidopsis thaliana	root	unannotated root	unannotated root	True	12.086598	-15.075438
arabidopsis_secondary_root_dev_atlas:GSM8335426_JWE03_filtered_feature_bc_matrix:TTCAATCGTCAGGCAA-1	Arabidopsis thaliana	root	unannotated root	unannotated root	True	9.947884	-15.646928
arabidopsis_secondary_root_dev_atlas:GSM8335426_JWE03_filtered_feature_bc_matrix:TTCAATCGTCCCGCAA-1	Arabidopsis thaliana	root	unannotated root	unannotated root	True	11.335276	-15.321286
arabidopsis_secondary_root_dev_atlas:GSM8335426_JWE03_filtered_feature_bc_matrix:TTCACCGAGAACGCGT-1	Arabidopsis thaliana	root	unannotated root	unannotated root	True	10.13126	-15.403404
arabidopsis_secondary_root_dev_atlas:GSM8335426_JWE03_filtered_feature_bc_matrix:TTCCAATAGAGTTGTA-1	Arabidopsis thaliana	root	unannotated root	unannotated root	True	9.9101515	-15.273032
arabidopsis_secondary_root_dev_atlas:GSM8335426_JWE03_filtered_feature_bc_matrix:TTCCTAACACGCTTAA-1	Arabidopsis thaliana	root	unannotated root	unannotated root	True	10.265468	-15.468779
arabidopsis_secondary_root_dev_atlas:GSM8335426_JWE03_filtered_feature_bc_matrix:TTCCTTCCAACTGCTA-1	Arabidopsis thaliana	root	unannotated root	unannotated root	True	10.078821	-15.76611
arabidopsis_secondary_root_dev_atlas:GSM8335426_JWE03_filtered_feature_bc_matrix:TTGACCCTCAAACTGC-1	Arabidopsis thaliana	root	unannotated root	unannotated root	True	11.733344	-15.4485855
arabidopsis_secondary_root_dev_atlas:GSM8335426_JWE03_filtered_feature_bc_matrix:TTGCCTGTCCTAAACG-1	Arabidopsis thaliana	root	unannotated root	unannotated root	True	11.089393	-16.644018
arabidopsis_secondary_root_dev_atlas:GSM8335426_JWE03_filtered_feature_bc_matrix:TTGGGATTCTTTCCAA-1	Arabidopsis thaliana	root	unannotated root	unannotated root	True	10.905557	-15.002225
arabidopsis_secondary_root_dev_atlas:GSM8335426_JWE03_filtered_feature_bc_matrix:TTGGTTTGTCTTGCGG-1	Arabidopsis thaliana	root	unannotated root	unannotated root	True	9.834633	-15.447818
arabidopsis_secondary_root_dev_atlas:GSM8335426_JWE03_filtered_feature_bc_matrix:TTGTGTTGTTCATCGA-1	Arabidopsis thaliana	root	unannotated root	unannotated root	True	12.150845	-15.054031
arabidopsis_secondary_root_dev_atlas:GSM8335426_JWE03_filtered_feature_bc_matrix:TTGTTCATCGCATAGT-1	Arabidopsis thaliana	root	unannotated root	unannotated root	True	12.3359165	-15.086752
arabidopsis_secondary_root_dev_atlas:GSM8335426_JWE03_filtered_feature_bc_matrix:TTGTTTGCAGAGTCAG-1	Arabidopsis thaliana	root	unannotated root	unannotated root	True	10.684494	-15.800355
arabidopsis_secondary_root_dev_atlas:GSM8335426_JWE03_filtered_feature_bc_matrix:TTGTTTGTCCCGAGTG-1	Arabidopsis thaliana	root	unannotated root	unannotated root	True	12.521991	-14.898685
arabidopsis_secondary_root_dev_atlas:GSM8335426_JWE03_filtered_feature_bc_matrix:TTTAGTCAGTCATAGA-1	Arabidopsis thaliana	root	unannotated root	unannotated root	True	12.430304	-16.195786
arabidopsis_secondary_root_dev_atlas:GSM8335426_JWE03_filtered_feature_bc_matrix:TTTAGTCGTACCTAGT-1	Arabidopsis thaliana	root	unannotated root	unannotated root	True	9.868692	-14.757437
arabidopsis_secondary_root_dev_atlas:GSM8335426_JWE03_filtered_feature_bc_matrix:TTTCACACAGACAATA-1	Arabidopsis thaliana	root	unannotated root	unannotated root	True	9.5103	-13.878676
arabidopsis_secondary_root_dev_atlas:GSM8335426_JWE03_filtered_feature_bc_matrix:TTTCATGGTGACTAAA-1	Arabidopsis thaliana	root	unannotated root	unannotated root	True	10.261482	-15.359803
arabidopsis_secondary_root_dev_atlas:GSM8335426_JWE03_filtered_feature_bc_matrix:TTTCGATAGGTAGTAT-1	Arabidopsis thaliana	root	unannotated root	unannotated root	True	12.560304	-15.783087
arabidopsis_secondary_root_dev_atlas:GSM8335426_JWE03_filtered_feature_bc_matrix:TTTGACTAGAGGTGCT-1	Arabidopsis thaliana	root	unannotated root	unannotated root	True	12.595084	-15.019634
wheat_soil_root_atlas:GSM8339904_rep1_filtered_feature_bc_matrix:AAACGCTGTCCGTTTC-1	Triticum aestivum	root	unannotated root	unannotated root	True	-0.017618336	-0.54066694
wheat_soil_root_atlas:GSM8339904_rep1_filtered_feature_bc_matrix:AACACACGTCCTGTTC-1	Triticum aestivum	root	unannotated root	unannotated root	True	0.43798822	-1.6060538
wheat_soil_root_atlas:GSM8339904_rep1_filtered_feature_bc_matrix:AACAGGGCATCGCTAA-1	Triticum aestivum	root	unannotated root	unannotated root	True	0.39387494	-2.052971
wheat_soil_root_atlas:GSM8339904_rep1_filtered_feature_bc_matrix:AACCACAGTGTCCGTG-1	Triticum aestivum	root	unannotated root	unannotated root	True	0.34455064	-0.049019676
wheat_soil_root_atlas:GSM8339904_rep1_filtered_feature_bc_matrix:AACCTGAAGGGATCAC-1	Triticum aestivum	root	unannotated root	unannotated root	True	0.8066824	-1.71205
wheat_soil_root_atlas:GSM8339904_rep1_filtered_feature_bc_matrix:AAGAACAAGGACGCTA-1	Triticum aestivum	root	unannotated root	unannotated root	True	0.31984517	-1.421019
wheat_soil_root_atlas:GSM8339904_rep1_filtered_feature_bc_matrix:AAGACTCCAAATGATG-1	Triticum aestivum	root	unannotated root	unannotated root	True	0.083532065	0.462568
wheat_soil_root_atlas:GSM8339904_rep1_filtered_feature_bc_matrix:AAGCGAGAGTGATCGG-1	Triticum aestivum	root	unannotated root	unannotated root	True	-0.0955923	-0.49842727
wheat_soil_root_atlas:GSM8339904_rep1_filtered_feature_bc_matrix:AAGCGTTCATTGCTGA-1	Triticum aestivum	root	unannotated root	unannotated root	True	2.0274525	-3.6603463
wheat_soil_root_atlas:GSM8339904_rep1_filtered_feature_bc_matrix:AAGTGAAGTACCTATG-1	Triticum aestivum	root	unannotated root	unannotated root	True	2.243196	-3.4674137
wheat_soil_root_atlas:GSM8339904_rep1_filtered_feature_bc_matrix:AATAGAGTCGACATCA-1	Triticum aestivum	root	unannotated root	unannotated root	True	0.73214424	-1.3109887
wheat_soil_root_atlas:GSM8339904_rep1_filtered_feature_bc_matrix:AATGCCAAGCTACTGT-1	Triticum aestivum	root	unannotated root	unannotated root	True	-0.021157019	-1.5879654
wheat_soil_root_atlas:GSM8339904_rep1_filtered_feature_bc_matrix:AATTCCTTCTCATTAC-1	Triticum aestivum	root	unannotated root	unannotated root	True	0.32763615	-0.54691803
wheat_soil_root_atlas:GSM8339904_rep1_filtered_feature_bc_matrix:ACACCAACAGGATGAC-1	Triticum aestivum	root	unannotated root	unannotated root	True	0.08934509	-1.0676144
wheat_soil_root_atlas:GSM8339904_rep1_filtered_feature_bc_matrix:ACCATTTAGCTGTTAC-1	Triticum aestivum	root	unannotated root	unannotated root	True	0.047984883	1.2613906
wheat_soil_root_atlas:GSM8339904_rep1_filtered_feature_bc_matrix:ACCATTTCATCGTGGC-1	Triticum aestivum	root	unannotated root	unannotated root	True	0.36525527	-1.8296059
wheat_soil_root_atlas:GSM8339904_rep1_filtered_feature_bc_matrix:ACCCAAATCGGATAAA-1	Triticum aestivum	root	unannotated root	unannotated root	True	0.6556429	-2.389056
wheat_soil_root_atlas:GSM8339904_rep1_filtered_feature_bc_matrix:ACCCTCATCTAGGAAA-1	Triticum aestivum	root	unannotated root	unannotated root	True	2.0282266	-3.6937296
wheat_soil_root_atlas:GSM8339904_rep1_filtered_feature_bc_matrix:ACCGTTCCACAACGTT-1	Triticum aestivum	root	unannotated root	unannotated root	True	0.7947594	-1.618795
wheat_soil_root_atlas:GSM8339904_rep1_filtered_feature_bc_matrix:ACCGTTCGTCGAGTTT-1	Triticum aestivum	root	unannotated root	unannotated root	True	0.18264116	-0.63615906
wheat_soil_root_atlas:GSM8339904_rep1_filtered_feature_bc_matrix:ACCTGAATCTCAGAAC-1	Triticum aestivum	root	unannotated root	unannotated root	True	0.8276528	-1.8527129
wheat_soil_root_atlas:GSM8339904_rep1_filtered_feature_bc_matrix:ACTATCTTCATTGAGC-1	Triticum aestivum	root	unannotated root	unannotated root	True	0.20318237	-0.08794392
wheat_soil_root_atlas:GSM8339904_rep1_filtered_feature_bc_matrix:ACTATTCTCGTACCTC-1	Triticum aestivum	root	unannotated root	unannotated root	True	0.28098935	-1.3667718
wheat_soil_root_atlas:GSM8339904_rep1_filtered_feature_bc_matrix:ACTCCCACACAACCGC-1	Triticum aestivum	root	unannotated root	unannotated root	True	0.849778	-1.9337432
wheat_soil_root_atlas:GSM8339904_rep1_filtered_feature_bc_matrix:ACTGATGGTAGTGTGG-1	Triticum aestivum	root	unannotated root	unannotated root	True	0.44075164	-0.1619333
wheat_soil_root_atlas:GSM8339904_rep1_filtered_feature_bc_matrix:ACTGCAAGTACAAACA-1	Triticum aestivum	root	unannotated root	unannotated root	True	2.058525	-3.5691416
wheat_soil_root_atlas:GSM8339904_rep1_filtered_feature_bc_matrix:AGAGAATAGGTAAGTT-1	Triticum aestivum	root	unannotated root	unannotated root	True	0.57745844	-2.17546
wheat_soil_root_atlas:GSM8339904_rep1_filtered_feature_bc_matrix:AGAGAATCACGCCAGT-1	Triticum aestivum	root	unannotated root	unannotated root	True	0.34705773	-0.14792243
wheat_soil_root_atlas:GSM8339904_rep1_filtered_feature_bc_matrix:AGCCAGCCAGGCGTTC-1	Triticum aestivum	root	unannotated root	unannotated root	True	0.37387076	-0.78723145
wheat_soil_root_atlas:GSM8339904_rep1_filtered_feature_bc_matrix:AGCGTATGTACGGATG-1	Triticum aestivum	root	unannotated root	unannotated root	True	0.5518352	-1.8786782
wheat_soil_root_atlas:GSM8339904_rep1_filtered_feature_bc_matrix:AGCTACACACCCGTAG-1	Triticum aestivum	root	unannotated root	unannotated root	True	0.61332005	-2.034684
wheat_soil_root_atlas:GSM8339904_rep1_filtered_feature_bc_matrix:AGCTACATCGTAACAC-1	Triticum aestivum	root	unannotated root	unannotated root	True	0.47688946	-1.4156021
wheat_soil_root_atlas:GSM8339904_rep1_filtered_feature_bc_matrix:AGGACGAAGTCAAGCG-1	Triticum aestivum	root	unannotated root	unannotated root	True	0.68018705	-2.4456704
wheat_soil_root_atlas:GSM8339904_rep1_filtered_feature_bc_matrix:AGGATAAAGAACTGAT-1	Triticum aestivum	root	unannotated root	unannotated root	True	0.17700955	-1.2796751
wheat_soil_root_atlas:GSM8339904_rep1_filtered_feature_bc_matrix:AGGATCTTCACATTGG-1	Triticum aestivum	root	unannotated root	unannotated root	True	2.1338894	-3.5394528
wheat_soil_root_atlas:GSM8339904_rep1_filtered_feature_bc_matrix:AGGGCTCCATGACACT-1	Triticum aestivum	root	unannotated root	unannotated root	True	0.7782744	-2.2039742
wheat_soil_root_atlas:GSM8339904_rep1_filtered_feature_bc_matrix:AGGGCTCTCTACACAG-1	Triticum aestivum	root	unannotated root	unannotated root	True	0.46328142	-0.13003834
wheat_soil_root_atlas:GSM8339904_rep1_filtered_feature_bc_matrix:AGGGTGAAGGTGCTAG-1	Triticum aestivum	root	unannotated root	unannotated root	True	0.17939669	-1.880731
wheat_soil_root_atlas:GSM8339904_rep1_filtered_feature_bc_matrix:AGGGTGAGTACCAGAG-1	Triticum aestivum	root	unannotated root	unannotated root	True	0.34502134	-1.2945496
wheat_soil_root_atlas:GSM8339904_rep1_filtered_feature_bc_matrix:AGGTCTATCTCACGAA-1	Triticum aestivum	root	unannotated root	unannotated root	True	2.2715483	-3.4445932
wheat_soil_root_atlas:GSM8339904_rep1_filtered_feature_bc_matrix:AGGTTGTAGGTTCCAT-1	Triticum aestivum	root	unannotated root	unannotated root	True	2.1126926	-3.5921378
wheat_soil_root_atlas:GSM8339904_rep1_filtered_feature_bc_matrix:AGGTTGTGTCTGTCCT-1	Triticum aestivum	root	unannotated root	unannotated root	True	0.16728555	-0.9803826
wheat_soil_root_atlas:GSM8339904_rep1_filtered_feature_bc_matrix:AGTAGTCCAACGCCCA-1	Triticum aestivum	root	unannotated root	unannotated root	True	0.03573991	1.3013278
wheat_soil_root_atlas:GSM8339904_rep1_filtered_feature_bc_matrix:AGTCTCCAGAAGGCTC-1	Triticum aestivum	root	unannotated root	unannotated root	True	0.5497448	-2.197034
wheat_soil_root_atlas:GSM8339904_rep1_filtered_feature_bc_matrix:AGTGCCGAGAAAGTCT-1	Triticum aestivum	root	unannotated root	unannotated root	True	0.4940751	-1.5693806
wheat_soil_root_atlas:GSM8339904_rep1_filtered_feature_bc_matrix:ATACCGACACGCGTCA-1	Triticum aestivum	root	unannotated root	unannotated root	True	0.61037225	-2.309043
wheat_soil_root_atlas:GSM8339904_rep1_filtered_feature_bc_matrix:ATACCTTAGTTACGAA-1	Triticum aestivum	root	unannotated root	unannotated root	True	2.098958	-3.7143164
wheat_soil_root_atlas:GSM8339904_rep1_filtered_feature_bc_matrix:ATAGGCTCAATTCTTC-1	Triticum aestivum	root	unannotated root	unannotated root	True	0.15773326	-1.8704538
wheat_soil_root_atlas:GSM8339904_rep1_filtered_feature_bc_matrix:ATCATTCTCGCTCATC-1	Triticum aestivum	root	unannotated root	unannotated root	True	2.0771358	-3.6369395
wheat_soil_root_atlas:GSM8339904_rep1_filtered_feature_bc_matrix:ATCGGATCATACAGAA-1	Triticum aestivum	root	unannotated root	unannotated root	True	0.08129251	0.017129507
wheat_soil_root_atlas:GSM8339904_rep1_filtered_feature_bc_matrix:ATGAAAGCAAGGGTCA-1	Triticum aestivum	root	unannotated root	unannotated root	True	1.2857533	-3.071137
wheat_soil_root_atlas:GSM8339904_rep1_filtered_feature_bc_matrix:ATGAGTCTCTTGGTCC-1	Triticum aestivum	root	unannotated root	unannotated root	True	2.1353571	-3.5703416
wheat_soil_root_atlas:GSM8339904_rep1_filtered_feature_bc_matrix:ATGATCGAGGTTACCT-1	Triticum aestivum	root	unannotated root	unannotated root	True	0.53973037	-1.6127808
wheat_soil_root_atlas:GSM8339904_rep1_filtered_feature_bc_matrix:ATGGATCCAACTTGCA-1	Triticum aestivum	root	unannotated root	unannotated root	True	2.0662563	-3.4875162
wheat_soil_root_atlas:GSM8339904_rep1_filtered_feature_bc_matrix:ATGGGTTCACATTGTG-1	Triticum aestivum	root	unannotated root	unannotated root	True	1.1598027	-2.9765735
wheat_soil_root_atlas:GSM8339904_rep1_filtered_feature_bc_matrix:ATGGGTTGTTCGTTCC-1	Triticum aestivum	root	unannotated root	unannotated root	True	0.1398751	-0.79168195
wheat_soil_root_atlas:GSM8339904_rep1_filtered_feature_bc_matrix:ATTACCTTCCCAGTGG-1	Triticum aestivum	root	unannotated root	unannotated root	True	0.8979799	-1.9301498
wheat_soil_root_atlas:GSM8339904_rep1_filtered_feature_bc_matrix:ATTATCCAGACGCCAA-1	Triticum aestivum	root	unannotated root	unannotated root	True	0.023544716	-1.1444787
wheat_soil_root_atlas:GSM8339904_rep1_filtered_feature_bc_matrix:ATTCATCTCATACGGT-1	Triticum aestivum	root	unannotated root	unannotated root	True	0.34492788	-0.6624375
wheat_soil_root_atlas:GSM8339904_rep1_filtered_feature_bc_matrix:CAAAGAAAGTTCACTG-1	Triticum aestivum	root	unannotated root	unannotated root	True	0.23331597	-1.7285866
wheat_soil_root_atlas:GSM8339904_rep1_filtered_feature_bc_matrix:CAACAACTCGCGAAGA-1	Triticum aestivum	root	unannotated root	unannotated root	True	-0.21769594	-0.9748161
wheat_soil_root_atlas:GSM8339904_rep1_filtered_feature_bc_matrix:CAAGGGACACTGCATA-1	Triticum aestivum	root	unannotated root	unannotated root	True	0.083821155	1.0893683
wheat_soil_root_atlas:GSM8339904_rep1_filtered_feature_bc_matrix:CACATGAAGTATAACG-1	Triticum aestivum	root	unannotated root	unannotated root	True	-0.040303	-0.04550963
wheat_soil_root_atlas:GSM8339904_rep1_filtered_feature_bc_matrix:CACCAAAAGACTTCAC-1	Triticum aestivum	root	unannotated root	unannotated root	True	1.934694	-3.8201067
wheat_soil_root_atlas:GSM8339904_rep1_filtered_feature_bc_matrix:CACCGTTGTTCAGCTA-1	Triticum aestivum	root	unannotated root	unannotated root	True	1.197191	-3.0092597
wheat_soil_root_atlas:GSM8339904_rep1_filtered_feature_bc_matrix:CACGAATTCAGCACCG-1	Triticum aestivum	root	unannotated root	unannotated root	True	0.50504845	-1.4003062
wheat_soil_root_atlas:GSM8339904_rep1_filtered_feature_bc_matrix:CACTAAGAGTATCCTG-1	Triticum aestivum	root	unannotated root	unannotated root	True	-0.15710075	-0.8480579
wheat_soil_root_atlas:GSM8339904_rep1_filtered_feature_bc_matrix:CACTGAAAGGACGCTA-1	Triticum aestivum	root	unannotated root	unannotated root	True	0.32656533	0.75783926
wheat_soil_root_atlas:GSM8339904_rep1_filtered_feature_bc_matrix:CACTGTCAGCCTATCA-1	Triticum aestivum	root	unannotated root	unannotated root	True	2.1125655	-3.6990426
wheat_soil_root_atlas:GSM8339904_rep1_filtered_feature_bc_matrix:CACTTCGGTCACGCTG-1	Triticum aestivum	root	unannotated root	unannotated root	True	0.25050583	1.163151
wheat_soil_root_atlas:GSM8339904_rep1_filtered_feature_bc_matrix:CAGCAATAGTATCCTG-1	Triticum aestivum	root	unannotated root	unannotated root	True	0.046707653	-0.8371071
wheat_soil_root_atlas:GSM8339904_rep1_filtered_feature_bc_matrix:CATCCACAGAGGGTCT-1	Triticum aestivum	root	unannotated root	unannotated root	True	0.08502225	-1.0535818
wheat_soil_root_atlas:GSM8339904_rep1_filtered_feature_bc_matrix:CATCCCACAAATCCCA-1	Triticum aestivum	root	unannotated root	unannotated root	True	0.03218711	1.2319065
wheat_soil_root_atlas:GSM8339904_rep1_filtered_feature_bc_matrix:CATCGCTGTGGATGAC-1	Triticum aestivum	root	unannotated root	unannotated root	True	0.55951774	-1.9777693
wheat_soil_root_atlas:GSM8339904_rep1_filtered_feature_bc_matrix:CATCGGGTCCTGGGAC-1	Triticum aestivum	root	unannotated root	unannotated root	True	1.4600645	-2.942167
wheat_soil_root_atlas:GSM8339904_rep1_filtered_feature_bc_matrix:CATGGATTCCCATTTA-1	Triticum aestivum	root	unannotated root	unannotated root	True	0.14381424	0.30010745
wheat_soil_root_atlas:GSM8339904_rep1_filtered_feature_bc_matrix:CATTCTATCGTAATGC-1	Triticum aestivum	root	unannotated root	unannotated root	True	0.040827725	0.37646297
wheat_soil_root_atlas:GSM8339904_rep1_filtered_feature_bc_matrix:CCACACTCACAGCTTA-1	Triticum aestivum	root	unannotated root	unannotated root	True	0.095285915	-1.6620919
wheat_soil_root_atlas:GSM8339904_rep1_filtered_feature_bc_matrix:CCACCATAGCGTCAGA-1	Triticum aestivum	root	unannotated root	unannotated root	True	2.009751	-3.736182
wheat_soil_root_atlas:GSM8339904_rep1_filtered_feature_bc_matrix:CCACGTTCACGTTGGC-1	Triticum aestivum	root	unannotated root	unannotated root	True	0.50079894	-0.6860909
wheat_soil_root_atlas:GSM8339904_rep1_filtered_feature_bc_matrix:CCATCACCACTACCCT-1	Triticum aestivum	root	unannotated root	unannotated root	True	2.2576494	-3.4488063
wheat_soil_root_atlas:GSM8339904_rep1_filtered_feature_bc_matrix:CCCAACTTCAGGGATG-1	Triticum aestivum	root	unannotated root	unannotated root	True	0.41101962	-0.9471449
wheat_soil_root_atlas:GSM8339904_rep1_filtered_feature_bc_matrix:CCCTCTCTCTTGCAAG-1	Triticum aestivum	root	unannotated root	unannotated root	True	0.29919228	-1.2019211
wheat_soil_root_atlas:GSM8339904_rep1_filtered_feature_bc_matrix:CCCTGATCATCGCCTT-1	Triticum aestivum	root	unannotated root	unannotated root	True	0.12298088	0.013620935
wheat_soil_root_atlas:GSM8339904_rep1_filtered_feature_bc_matrix:CCGCAAGAGCCTTTCC-1	Triticum aestivum	root	unannotated root	unannotated root	True	-0.04590014	0.44897893
wheat_soil_root_atlas:GSM8339904_rep1_filtered_feature_bc_matrix:CCGGTAGGTTCGGGTC-1	Triticum aestivum	root	unannotated root	unannotated root	True	0.23015195	-1.1483488
wheat_soil_root_atlas:GSM8339904_rep1_filtered_feature_bc_matrix:CCGGTGATCATGCAGT-1	Triticum aestivum	root	unannotated root	unannotated root	True	0.40559834	-1.8769192
wheat_soil_root_atlas:GSM8339904_rep1_filtered_feature_bc_matrix:CCGTGAGCACATTCTT-1	Triticum aestivum	root	unannotated root	unannotated root	True	2.034104	-3.6432574
wheat_soil_root_atlas:GSM8339904_rep1_filtered_feature_bc_matrix:CCTAACCAGCAACAAT-1	Triticum aestivum	root	unannotated root	unannotated root	True	2.1463351	-3.5813034
wheat_soil_root_atlas:GSM8339904_rep1_filtered_feature_bc_matrix:CCTAACCGTGAGTGAC-1	Triticum aestivum	root	unannotated root	unannotated root	True	1.9499173	-3.5358934
wheat_soil_root_atlas:GSM8339904_rep1_filtered_feature_bc_matrix:CCTCCAAAGAGCAAGA-1	Triticum aestivum	root	unannotated root	unannotated root	True	0.399412	-0.361619
wheat_soil_root_atlas:GSM8339904_rep1_filtered_feature_bc_matrix:CGAAGGACACAGAGCA-1	Triticum aestivum	root	unannotated root	unannotated root	True	0.04837773	1.1894544
wheat_soil_root_atlas:GSM8339904_rep1_filtered_feature_bc_matrix:CGATGGCCACGTAACT-1	Triticum aestivum	root	unannotated root	unannotated root	True	0.08917914	1.2486427
wheat_soil_root_atlas:GSM8339904_rep1_filtered_feature_bc_matrix:CGCATAACACTTGTGA-1	Triticum aestivum	root	unannotated root	unannotated root	True	0.83909863	-1.981829
wheat_soil_root_atlas:GSM8339904_rep1_filtered_feature_bc_matrix:CGCCAGACAACAAGAT-1	Triticum aestivum	root	unannotated root	unannotated root	True	0.22103289	0.69613355
wheat_soil_root_atlas:GSM8339904_rep1_filtered_feature_bc_matrix:CGGCAGTCAGGTGTGA-1	Triticum aestivum	root	unannotated root	unannotated root	True	0.18471386	0.37805396
wheat_soil_root_atlas:GSM8339904_rep1_filtered_feature_bc_matrix:CGTAAGTGTTATGGTC-1	Triticum aestivum	root	unannotated root	unannotated root	True	-0.047925223	0.6762787
wheat_soil_root_atlas:GSM8339904_rep1_filtered_feature_bc_matrix:CTACAGAAGAAGGTAG-1	Triticum aestivum	root	unannotated root	unannotated root	True	0.11277149	-1.7146884
wheat_soil_root_atlas:GSM8339904_rep1_filtered_feature_bc_matrix:CTACATTTCTCGGGAC-1	Triticum aestivum	root	unannotated root	unannotated root	True	2.1670108	-3.4926026
wheat_soil_root_atlas:GSM8339904_rep1_filtered_feature_bc_matrix:CTACCCATCCACGTGG-1	Triticum aestivum	root	unannotated root	unannotated root	True	0.30467206	0.7401656
wheat_soil_root_atlas:GSM8339904_rep1_filtered_feature_bc_matrix:CTACGGGTCGTGGCTG-1	Triticum aestivum	root	unannotated root	unannotated root	True	0.06125946	-0.39750394
wheat_soil_root_atlas:GSM8339904_rep1_filtered_feature_bc_matrix:CTAGGTACATGGAACG-1	Triticum aestivum	root	unannotated root	unannotated root	True	-0.035848804	0.5943074
wheat_soil_root_atlas:GSM8339904_rep1_filtered_feature_bc_matrix:CTCACTGTCCTTATCA-1	Triticum aestivum	root	unannotated root	unannotated root	True	0.09400944	0.7552108
wheat_soil_root_atlas:GSM8339904_rep1_filtered_feature_bc_matrix:CTCAGAAGTCTGTCCT-1	Triticum aestivum	root	unannotated root	unannotated root	True	1.0922102	-2.9143755
wheat_soil_root_atlas:GSM8339904_rep1_filtered_feature_bc_matrix:CTCATTAGTGTCTCCT-1	Triticum aestivum	root	unannotated root	unannotated root	True	0.19700855	-0.65917057
wheat_soil_root_atlas:GSM8339904_rep1_filtered_feature_bc_matrix:CTCCATGCACACTGGC-1	Triticum aestivum	root	unannotated root	unannotated root	True	-0.069527864	0.98881024
wheat_soil_root_atlas:GSM8339904_rep1_filtered_feature_bc_matrix:CTCCCAACAATGGCCC-1	Triticum aestivum	root	unannotated root	unannotated root	True	0.3532342	0.04932828
wheat_soil_root_atlas:GSM8339904_rep1_filtered_feature_bc_matrix:CTCCGATCACACACTA-1	Triticum aestivum	root	unannotated root	unannotated root	True	-0.033762686	0.8322068
wheat_soil_root_atlas:GSM8339904_rep1_filtered_feature_bc_matrix:CTCCTCCCAAATAGCA-1	Triticum aestivum	root	unannotated root	unannotated root	True	0.32508537	-0.08208602
wheat_soil_root_atlas:GSM8339904_rep1_filtered_feature_bc_matrix:CTGAATGAGTGCCTCG-1	Triticum aestivum	root	unannotated root	unannotated root	True	0.61579007	-0.39274713
wheat_soil_root_atlas:GSM8339904_rep1_filtered_feature_bc_matrix:CTGAATGTCGAGCACC-1	Triticum aestivum	root	unannotated root	unannotated root	True	0.27626306	-1.974222
wheat_soil_root_atlas:GSM8339904_rep1_filtered_feature_bc_matrix:CTGAGCGTCACACGAT-1	Triticum aestivum	root	unannotated root	unannotated root	True	0.47312304	-0.14162505
wheat_soil_root_atlas:GSM8339904_rep1_filtered_feature_bc_matrix:CTGCAGGCACAAATAG-1	Triticum aestivum	root	unannotated root	unannotated root	True	0.5978648	-2.396445
wheat_soil_root_atlas:GSM8339904_rep1_filtered_feature_bc_matrix:CTGCAGGGTGGGAGAG-1	Triticum aestivum	root	unannotated root	unannotated root	True	1.7561814	-3.364433
wheat_soil_root_atlas:GSM8339904_rep1_filtered_feature_bc_matrix:CTGCCATCAGTACTAC-1	Triticum aestivum	root	unannotated root	unannotated root	True	-0.08335879	-1.2459428
wheat_soil_root_atlas:GSM8339904_rep1_filtered_feature_bc_matrix:CTGCTCACAGTAGTGG-1	Triticum aestivum	root	unannotated root	unannotated root	True	-0.03841191	1.0310415
wheat_soil_root_atlas:GSM8339904_rep1_filtered_feature_bc_matrix:CTGTACCGTACAAAGT-1	Triticum aestivum	root	unannotated root	unannotated root	True	0.44013253	-1.8218387
wheat_soil_root_atlas:GSM8339904_rep1_filtered_feature_bc_matrix:CTGTGGGGTCGTACAT-1	Triticum aestivum	root	unannotated root	unannotated root	True	0.26403698	1.066232
wheat_soil_root_atlas:GSM8339904_rep1_filtered_feature_bc_matrix:CTTGATTGTAGCGAGT-1	Triticum aestivum	root	unannotated root	unannotated root	True	0.19529739	0.91630805
wheat_soil_root_atlas:GSM8339904_rep1_filtered_feature_bc_matrix:GAAATGATCAACACCA-1	Triticum aestivum	root	unannotated root	unannotated root	True	1.094521	-2.9122963
wheat_soil_root_atlas:GSM8339904_rep1_filtered_feature_bc_matrix:GAAATGATCGGAAGGT-1	Triticum aestivum	root	unannotated root	unannotated root	True	-0.19600995	-1.0852128
wheat_soil_root_atlas:GSM8339904_rep1_filtered_feature_bc_matrix:GAACACTCAGTCGAGA-1	Triticum aestivum	root	unannotated root	unannotated root	True	-0.045188952	0.82251626
wheat_soil_root_atlas:GSM8339904_rep1_filtered_feature_bc_matrix:GAAGCCCTCTATGTGG-1	Triticum aestivum	root	unannotated root	unannotated root	True	0.20835707	-0.63632166
wheat_soil_root_atlas:GSM8339904_rep1_filtered_feature_bc_matrix:GAAGCGAAGGCTATCT-1	Triticum aestivum	root	unannotated root	unannotated root	True	0.9582301	-2.0332859
wheat_soil_root_atlas:GSM8339904_rep1_filtered_feature_bc_matrix:GACCCAGCACGACGTC-1	Triticum aestivum	root	unannotated root	unannotated root	True	0.99806786	-2.2243884
wheat_soil_root_atlas:GSM8339904_rep1_filtered_feature_bc_matrix:GACGCTGGTGTGTGTT-1	Triticum aestivum	root	unannotated root	unannotated root	True	-0.067260735	0.5650297
wheat_soil_root_atlas:GSM8339904_rep1_filtered_feature_bc_matrix:GACTCTCGTGGCGCTT-1	Triticum aestivum	root	unannotated root	unannotated root	True	0.2510288	0.25359496
wheat_soil_root_atlas:GSM8339904_rep1_filtered_feature_bc_matrix:GACTCTCTCTCGCAGG-1	Triticum aestivum	root	unannotated root	unannotated root	True	0.07615353	-0.44505936
wheat_soil_root_atlas:GSM8339904_rep1_filtered_feature_bc_matrix:GACTGATCATCCTGTC-1	Triticum aestivum	root	unannotated root	unannotated root	True	0.08364032	1.2501451
wheat_soil_root_atlas:GSM8339904_rep1_filtered_feature_bc_matrix:GAGATGGTCCCGGTAG-1	Triticum aestivum	root	unannotated root	unannotated root	True	0.40871173	-1.4203796
wheat_soil_root_atlas:GSM8339904_rep1_filtered_feature_bc_matrix:GAGGCAATCAGCGGAA-1	Triticum aestivum	root	unannotated root	unannotated root	True	0.15666026	-0.99290013
wheat_soil_root_atlas:GSM8339904_rep1_filtered_feature_bc_matrix:GAGTTACCATCCTCAC-1	Triticum aestivum	root	unannotated root	unannotated root	True	-0.12295239	-0.8718949
wheat_soil_root_atlas:GSM8339904_rep1_filtered_feature_bc_matrix:GATAGAAAGCGAAACC-1	Triticum aestivum	root	unannotated root	unannotated root	True	0.18670087	1.0120682
wheat_soil_root_atlas:GSM8339904_rep1_filtered_feature_bc_matrix:GATAGAATCAAGCGTT-1	Triticum aestivum	root	unannotated root	unannotated root	True	1.3302642	-3.045031
wheat_soil_root_atlas:GSM8339904_rep1_filtered_feature_bc_matrix:GATAGCTAGCCTCACG-1	Triticum aestivum	root	unannotated root	unannotated root	True	0.46805972	-1.3683403
wheat_soil_root_atlas:GSM8339904_rep1_filtered_feature_bc_matrix:GATCAGTCAAGCGCTC-1	Triticum aestivum	root	unannotated root	unannotated root	True	0.5770584	-2.1407306
wheat_soil_root_atlas:GSM8339904_rep1_filtered_feature_bc_matrix:GATGCTAGTGGCTGAA-1	Triticum aestivum	root	unannotated root	unannotated root	True	1.1164857	-2.9210625
wheat_soil_root_atlas:GSM8339904_rep1_filtered_feature_bc_matrix:GATTTCTAGAGCAAGA-1	Triticum aestivum	root	unannotated root	unannotated root	True	0.2798674	0.7094052
wheat_soil_root_atlas:GSM8339904_rep1_filtered_feature_bc_matrix:GCACATAAGCGACCCT-1	Triticum aestivum	root	unannotated root	unannotated root	True	0.25493428	0.13171476
wheat_soil_root_atlas:GSM8339904_rep1_filtered_feature_bc_matrix:GCAGCTGGTGTCATGT-1	Triticum aestivum	root	unannotated root	unannotated root	True	-0.16559823	-0.8831016
wheat_soil_root_atlas:GSM8339904_rep1_filtered_feature_bc_matrix:GCAGTTAGTCGACGCT-1	Triticum aestivum	root	unannotated root	unannotated root	True	0.8981201	-1.8206083
wheat_soil_root_atlas:GSM8339904_rep1_filtered_feature_bc_matrix:GCATCGGAGTTCACTG-1	Triticum aestivum	root	unannotated root	unannotated root	True	2.0150762	-3.6582801
wheat_soil_root_atlas:GSM8339904_rep1_filtered_feature_bc_matrix:GCATCTCCACTACCGG-1	Triticum aestivum	root	unannotated root	unannotated root	True	2.1093202	-3.6493719
wheat_soil_root_atlas:GSM8339904_rep1_filtered_feature_bc_matrix:GCATGATTCCTGTTAT-1	Triticum aestivum	root	unannotated root	unannotated root	True	0.11215735	0.21644579
wheat_soil_root_atlas:GSM8339904_rep1_filtered_feature_bc_matrix:GCATTAGAGCTTAGTC-1	Triticum aestivum	root	unannotated root	unannotated root	True	0.024487274	1.2925043
wheat_soil_root_atlas:GSM8339904_rep1_filtered_feature_bc_matrix:GCCAGTGCACACTTAG-1	Triticum aestivum	root	unannotated root	unannotated root	True	0.39512825	0.6541821
wheat_soil_root_atlas:GSM8339904_rep1_filtered_feature_bc_matrix:GCCCGAAGTGGATGAC-1	Triticum aestivum	root	unannotated root	unannotated root	True	0.2595108	-1.0860105
wheat_soil_root_atlas:GSM8339904_rep1_filtered_feature_bc_matrix:GCCTGTTAGCGGGTAT-1	Triticum aestivum	root	unannotated root	unannotated root	True	0.23404346	-1.9815474
wheat_soil_root_atlas:GSM8339904_rep1_filtered_feature_bc_matrix:GCCTGTTTCCCTCATG-1	Triticum aestivum	root	unannotated root	unannotated root	True	0.9033453	-1.818111
wheat_soil_root_atlas:GSM8339904_rep1_filtered_feature_bc_matrix:GCGAGAATCACACGAT-1	Triticum aestivum	root	unannotated root	unannotated root	True	1.1392074	-2.9664483
wheat_soil_root_atlas:GSM8339904_rep1_filtered_feature_bc_matrix:GCTACAAGTGAACCGA-1	Triticum aestivum	root	unannotated root	unannotated root	True	2.056297	-3.7498703
wheat_soil_root_atlas:GSM8339904_rep1_filtered_feature_bc_matrix:GCTACAATCAATCGGT-1	Triticum aestivum	root	unannotated root	unannotated root	True	0.49527788	-1.8108776
wheat_soil_root_atlas:GSM8339904_rep1_filtered_feature_bc_matrix:GGAACCCGTGGAATGC-1	Triticum aestivum	root	unannotated root	unannotated root	True	-0.08569139	0.9642308
wheat_soil_root_atlas:GSM8339904_rep1_filtered_feature_bc_matrix:GGAAGTGTCCCATGGG-1	Triticum aestivum	root	unannotated root	unannotated root	True	0.049704656	-1.3109326
wheat_soil_root_atlas:GSM8339904_rep1_filtered_feature_bc_matrix:GGAGATGGTTGAGAGC-1	Triticum aestivum	root	unannotated root	unannotated root	True	0.39209083	-1.837901
wheat_soil_root_atlas:GSM8339904_rep1_filtered_feature_bc_matrix:GGCTGTGTCCGTAGTA-1	Triticum aestivum	root	unannotated root	unannotated root	True	-0.15931532	0.98935866
wheat_soil_root_atlas:GSM8339904_rep1_filtered_feature_bc_matrix:GGGAAGTCAAGAGCTG-1	Triticum aestivum	root	unannotated root	unannotated root	True	0.29132643	-0.19624682
wheat_soil_root_atlas:GSM8339904_rep1_filtered_feature_bc_matrix:GGGACTCGTACAGTAA-1	Triticum aestivum	root	unannotated root	unannotated root	True	0.097313516	-0.9852472
wheat_soil_root_atlas:GSM8339904_rep1_filtered_feature_bc_matrix:GGGAGATCAGATGCGA-1	Triticum aestivum	root	unannotated root	unannotated root	True	0.4201854	-0.19939506
wheat_soil_root_atlas:GSM8339904_rep1_filtered_feature_bc_matrix:GGGCCATAGGTACATA-1	Triticum aestivum	root	unannotated root	unannotated root	True	0.1319564	-0.9645451
wheat_soil_root_atlas:GSM8339904_rep1_filtered_feature_bc_matrix:GGGCTACAGCTACAAA-1	Triticum aestivum	root	unannotated root	unannotated root	True	0.1021214	-1.7841591
wheat_soil_root_atlas:GSM8339904_rep1_filtered_feature_bc_matrix:GGGTCTGAGGCCTTGC-1	Triticum aestivum	root	unannotated root	unannotated root	True	0.31987345	0.7323299
wheat_soil_root_atlas:GSM8339904_rep1_filtered_feature_bc_matrix:GGGTGTCCACGGAAGT-1	Triticum aestivum	root	unannotated root	unannotated root	True	0.15275523	-0.7111293
wheat_soil_root_atlas:GSM8339904_rep1_filtered_feature_bc_matrix:GGGTTATCAATGAAAC-1	Triticum aestivum	root	unannotated root	unannotated root	True	-0.013482594	-1.3390152
wheat_soil_root_atlas:GSM8339904_rep1_filtered_feature_bc_matrix:GGTAATCAGTTCATCG-1	Triticum aestivum	root	unannotated root	unannotated root	True	0.64120674	-1.0019996
wheat_soil_root_atlas:GSM8339904_rep1_filtered_feature_bc_matrix:GGTCACGGTTCGATTG-1	Triticum aestivum	root	unannotated root	unannotated root	True	1.2280247	-3.0257134
wheat_soil_root_atlas:GSM8339904_rep1_filtered_feature_bc_matrix:GTAACACCAAAGTGTA-1	Triticum aestivum	root	unannotated root	unannotated root	True	2.0982308	-3.718792
wheat_soil_root_atlas:GSM8339904_rep1_filtered_feature_bc_matrix:GTAACACTCATGAAAG-1	Triticum aestivum	root	unannotated root	unannotated root	True	-0.100818105	-0.701655
wheat_soil_root_atlas:GSM8339904_rep1_filtered_feature_bc_matrix:GTAACCAAGTAATACG-1	Triticum aestivum	root	unannotated root	unannotated root	True	0.59276885	-2.1161292
wheat_soil_root_atlas:GSM8339904_rep1_filtered_feature_bc_matrix:GTAATCGCAGGTTCGC-1	Triticum aestivum	root	unannotated root	unannotated root	True	0.27397746	-0.012408491
wheat_soil_root_atlas:GSM8339904_rep1_filtered_feature_bc_matrix:GTCACGGAGCTCACTA-1	Triticum aestivum	root	unannotated root	unannotated root	True	0.29807642	-1.2232542
wheat_soil_root_atlas:GSM8339904_rep1_filtered_feature_bc_matrix:GTCATGACAGACCTAT-1	Triticum aestivum	root	unannotated root	unannotated root	True	-0.18220529	0.8860198
wheat_soil_root_atlas:GSM8339904_rep1_filtered_feature_bc_matrix:GTCCCATAGATAACGT-1	Triticum aestivum	root	unannotated root	unannotated root	True	0.2436854	-0.25194573
wheat_soil_root_atlas:GSM8339904_rep1_filtered_feature_bc_matrix:GTCGAATAGTAGGATT-1	Triticum aestivum	root	unannotated root	unannotated root	True	0.10331398	1.2336574
wheat_soil_root_atlas:GSM8339904_rep1_filtered_feature_bc_matrix:GTCGAATGTTTCGTTT-1	Triticum aestivum	root	unannotated root	unannotated root	True	0.104693696	0.70502186
wheat_soil_root_atlas:GSM8339904_rep1_filtered_feature_bc_matrix:GTCTAGAGTTTCGATG-1	Triticum aestivum	root	unannotated root	unannotated root	True	1.7977021	-3.4243133
wheat_soil_root_atlas:GSM8339904_rep1_filtered_feature_bc_matrix:GTGAGGACAGAAATCA-1	Triticum aestivum	root	unannotated root	unannotated root	True	0.0107317185	0.2108699
wheat_soil_root_atlas:GSM8339904_rep1_filtered_feature_bc_matrix:GTGGCGTTCTTACCGC-1	Triticum aestivum	root	unannotated root	unannotated root	True	0.20704553	-0.10988434
wheat_soil_root_atlas:GSM8339904_rep1_filtered_feature_bc_matrix:GTGTAACTCACCCTCA-1	Triticum aestivum	root	unannotated root	unannotated root	True	0.16939208	0.90586936
wheat_soil_root_atlas:GSM8339904_rep1_filtered_feature_bc_matrix:GTGTTCCGTACTGCGC-1	Triticum aestivum	root	unannotated root	unannotated root	True	0.5318587	-0.50604314
wheat_soil_root_atlas:GSM8339904_rep1_filtered_feature_bc_matrix:GTTACGACAGTCACGC-1	Triticum aestivum	root	unannotated root	unannotated root	True	0.3339617	-2.096524
wheat_soil_root_atlas:GSM8339904_rep1_filtered_feature_bc_matrix:GTTAGTGGTGTTACAC-1	Triticum aestivum	root	unannotated root	unannotated root	True	0.47681487	-1.7984363
wheat_soil_root_atlas:GSM8339904_rep1_filtered_feature_bc_matrix:GTTATGGCACATTACG-1	Triticum aestivum	root	unannotated root	unannotated root	True	0.46030623	-1.4151087
wheat_soil_root_atlas:GSM8339904_rep1_filtered_feature_bc_matrix:GTTATGGTCTAGCCTC-1	Triticum aestivum	root	unannotated root	unannotated root	True	-0.01291986	0.63458896
wheat_soil_root_atlas:GSM8339904_rep1_filtered_feature_bc_matrix:GTTCCGTGTATAGGAT-1	Triticum aestivum	root	unannotated root	unannotated root	True	0.7222173	-1.3506389
wheat_soil_root_atlas:GSM8339904_rep1_filtered_feature_bc_matrix:GTTGTAGTCAGAGCGA-1	Triticum aestivum	root	unannotated root	unannotated root	True	0.570365	-2.2689652
wheat_soil_root_atlas:GSM8339904_rep1_filtered_feature_bc_matrix:GTTGTGATCCGATAAC-1	Triticum aestivum	root	unannotated root	unannotated root	True	-0.07411304	-0.8565276
wheat_soil_root_atlas:GSM8339904_rep1_filtered_feature_bc_matrix:TAACCAGTCACTCACC-1	Triticum aestivum	root	unannotated root	unannotated root	True	0.12775029	-0.98774976
wheat_soil_root_atlas:GSM8339904_rep1_filtered_feature_bc_matrix:TAAGCGTGTGGTCCGT-1	Triticum aestivum	root	unannotated root	unannotated root	True	0.922043	-1.7904494
wheat_soil_root_atlas:GSM8339904_rep1_filtered_feature_bc_matrix:TAATCTCCAAGTCGTT-1	Triticum aestivum	root	unannotated root	unannotated root	True	0.3725998	-1.714643
wheat_soil_root_atlas:GSM8339904_rep1_filtered_feature_bc_matrix:TAATCTCTCGAGTTGT-1	Triticum aestivum	root	unannotated root	unannotated root	True	2.2374613	-3.4813151
wheat_soil_root_atlas:GSM8339904_rep1_filtered_feature_bc_matrix:TACCGAAAGATCGACG-1	Triticum aestivum	root	unannotated root	unannotated root	True	2.1446571	-3.4782934
wheat_soil_root_atlas:GSM8339904_rep1_filtered_feature_bc_matrix:TACCGGGTCCGTCACT-1	Triticum aestivum	root	unannotated root	unannotated root	True	0.33910176	-0.14781444
wheat_soil_root_atlas:GSM8339904_rep1_filtered_feature_bc_matrix:TACCTGCTCGAACTCA-1	Triticum aestivum	root	unannotated root	unannotated root	True	0.10560516	1.1205051
wheat_soil_root_atlas:GSM8339904_rep1_filtered_feature_bc_matrix:TAGGTACTCAAGCCAT-1	Triticum aestivum	root	unannotated root	unannotated root	True	-0.08235261	0.80903894
wheat_soil_root_atlas:GSM8339904_rep1_filtered_feature_bc_matrix:TATCTTGAGTCAACAA-1	Triticum aestivum	root	unannotated root	unannotated root	True	2.1008499	-3.607656
wheat_soil_root_atlas:GSM8339904_rep1_filtered_feature_bc_matrix:TATGTTCGTTACACTG-1	Triticum aestivum	root	unannotated root	unannotated root	True	-0.10326081	-0.5083253
wheat_soil_root_atlas:GSM8339904_rep1_filtered_feature_bc_matrix:TATTTCGTCTCTATAC-1	Triticum aestivum	root	unannotated root	unannotated root	True	-0.03100912	-0.86835736
wheat_soil_root_atlas:GSM8339904_rep1_filtered_feature_bc_matrix:TCAAGCAAGCATGCGA-1	Triticum aestivum	root	unannotated root	unannotated root	True	1.9882084	-3.6900392
wheat_soil_root_atlas:GSM8339904_rep1_filtered_feature_bc_matrix:TCAAGTGAGACCTCAT-1	Triticum aestivum	root	unannotated root	unannotated root	True	1.122995	-2.9564297
wheat_soil_root_atlas:GSM8339904_rep1_filtered_feature_bc_matrix:TCAATCTGTAGCGCCT-1	Triticum aestivum	root	unannotated root	unannotated root	True	0.11855965	0.21031432
wheat_soil_root_atlas:GSM8339904_rep1_filtered_feature_bc_matrix:TCACAAGCATCCAACA-1	Triticum aestivum	root	unannotated root	unannotated root	True	0.44413662	0.08866644
wheat_soil_root_atlas:GSM8339904_rep1_filtered_feature_bc_matrix:TCACATTTCACGGGCT-1	Triticum aestivum	root	unannotated root	unannotated root	True	0.6183453	-1.4167517
wheat_soil_root_atlas:GSM8339904_rep1_filtered_feature_bc_matrix:TCAGCAAAGCCTGACC-1	Triticum aestivum	root	unannotated root	unannotated root	True	0.10120806	-1.1134033
wheat_soil_root_atlas:GSM8339904_rep1_filtered_feature_bc_matrix:TCAGCCTCAGCGTGCT-1	Triticum aestivum	root	unannotated root	unannotated root	True	0.02727547	1.301816
wheat_soil_root_atlas:GSM8339904_rep1_filtered_feature_bc_matrix:TCAGTCCTCACCTACC-1	Triticum aestivum	root	unannotated root	unannotated root	True	0.48677525	-1.6862155
wheat_soil_root_atlas:GSM8339904_rep1_filtered_feature_bc_matrix:TCATATCTCACCATCC-1	Triticum aestivum	root	unannotated root	unannotated root	True	0.48979348	-2.1230903
wheat_soil_root_atlas:GSM8339904_rep1_filtered_feature_bc_matrix:TCATTTGAGGGCCAAT-1	Triticum aestivum	root	unannotated root	unannotated root	True	2.1346083	-3.6999831
wheat_soil_root_atlas:GSM8339904_rep1_filtered_feature_bc_matrix:TCCACGTGTCCGGCAT-1	Triticum aestivum	root	unannotated root	unannotated root	True	0.44493347	-1.2320336
wheat_soil_root_atlas:GSM8339904_rep1_filtered_feature_bc_matrix:TCCCACATCGATTGAC-1	Triticum aestivum	root	unannotated root	unannotated root	True	0.024169387	1.2985122
wheat_soil_root_atlas:GSM8339904_rep1_filtered_feature_bc_matrix:TCCGAAACACGACAGA-1	Triticum aestivum	root	unannotated root	unannotated root	True	0.6948759	-1.4569925
wheat_soil_root_atlas:GSM8339904_rep1_filtered_feature_bc_matrix:TCCGGGAAGACTACGG-1	Triticum aestivum	root	unannotated root	unannotated root	True	0.23835213	0.9855849
wheat_soil_root_atlas:GSM8339904_rep1_filtered_feature_bc_matrix:TCCTCGACACTTGTGA-1	Triticum aestivum	root	unannotated root	unannotated root	True	2.0197673	-3.7208626
wheat_soil_root_atlas:GSM8339904_rep1_filtered_feature_bc_matrix:TCCTGCAAGTAGACCG-1	Triticum aestivum	root	unannotated root	unannotated root	True	0.50422543	-1.2284747
wheat_soil_root_atlas:GSM8339904_rep1_filtered_feature_bc_matrix:TCGACCTCAGCTATTG-1	Triticum aestivum	root	unannotated root	unannotated root	True	0.008128073	1.117612
wheat_soil_root_atlas:GSM8339904_rep1_filtered_feature_bc_matrix:TCGGATAGTACCCGCA-1	Triticum aestivum	root	unannotated root	unannotated root	True	-0.02955398	0.9690652
wheat_soil_root_atlas:GSM8339904_rep1_filtered_feature_bc_matrix:TCGGGACAGGAGGTTC-1	Triticum aestivum	root	unannotated root	unannotated root	True	0.25729173	-0.1668685
wheat_soil_root_atlas:GSM8339904_rep1_filtered_feature_bc_matrix:TCGTAGACAGTGTGGA-1	Triticum aestivum	root	unannotated root	unannotated root	True	-0.08030359	-0.5820659
wheat_soil_root_atlas:GSM8339904_rep1_filtered_feature_bc_matrix:TCGTAGATCTCGTGGG-1	Triticum aestivum	root	unannotated root	unannotated root	True	0.6301515	-1.4710491
wheat_soil_root_atlas:GSM8339904_rep1_filtered_feature_bc_matrix:TCTATCAGTGGTCTGC-1	Triticum aestivum	root	unannotated root	unannotated root	True	0.31960124	-2.0283153
wheat_soil_root_atlas:GSM8339904_rep1_filtered_feature_bc_matrix:TCTCACGTCAGCTCTC-1	Triticum aestivum	root	unannotated root	unannotated root	True	0.36213955	-0.9539714
wheat_soil_root_atlas:GSM8339904_rep1_filtered_feature_bc_matrix:TCTCACGTCCATTGGA-1	Triticum aestivum	root	unannotated root	unannotated root	True	-0.14549637	-1.1750224
wheat_soil_root_atlas:GSM8339904_rep1_filtered_feature_bc_matrix:TCTCCGAAGACGTCCC-1	Triticum aestivum	root	unannotated root	unannotated root	True	-0.06850743	-1.2121044
wheat_soil_root_atlas:GSM8339904_rep1_filtered_feature_bc_matrix:TCTCCGAGTCAATCTG-1	Triticum aestivum	root	unannotated root	unannotated root	True	2.030371	-3.6438367
wheat_soil_root_atlas:GSM8339904_rep1_filtered_feature_bc_matrix:TCTCTGGGTCACTACA-1	Triticum aestivum	root	unannotated root	unannotated root	True	0.18654315	0.21405488
wheat_soil_root_atlas:GSM8339904_rep1_filtered_feature_bc_matrix:TCTTAGTCAACACAAA-1	Triticum aestivum	root	unannotated root	unannotated root	True	2.2022398	-3.516545
wheat_soil_root_atlas:GSM8339904_rep1_filtered_feature_bc_matrix:TCTTAGTCAACGGCCT-1	Triticum aestivum	root	unannotated root	unannotated root	True	-0.06991551	0.115614384
wheat_soil_root_atlas:GSM8339904_rep1_filtered_feature_bc_matrix:TGAGGAGTCCAAGCTA-1	Triticum aestivum	root	unannotated root	unannotated root	True	0.03975633	0.24721928
wheat_soil_root_atlas:GSM8339904_rep1_filtered_feature_bc_matrix:TGAGGTTAGGATCACG-1	Triticum aestivum	root	unannotated root	unannotated root	True	0.01521863	0.28079087
wheat_soil_root_atlas:GSM8339904_rep1_filtered_feature_bc_matrix:TGATCTTCACGCTGAC-1	Triticum aestivum	root	unannotated root	unannotated root	True	1.1032332	-2.9090042
wheat_soil_root_atlas:GSM8339904_rep1_filtered_feature_bc_matrix:TGATTTCGTCTGTAAC-1	Triticum aestivum	root	unannotated root	unannotated root	True	2.0358498	-3.6823516
wheat_soil_root_atlas:GSM8339904_rep1_filtered_feature_bc_matrix:TGCAGATAGACCAGCA-1	Triticum aestivum	root	unannotated root	unannotated root	True	2.2500994	-3.422353
wheat_soil_root_atlas:GSM8339904_rep1_filtered_feature_bc_matrix:TGCAGTAGTCCACTTC-1	Triticum aestivum	root	unannotated root	unannotated root	True	2.1911612	-3.5154512
wheat_soil_root_atlas:GSM8339904_rep1_filtered_feature_bc_matrix:TGCTTCGAGCGGCTCT-1	Triticum aestivum	root	unannotated root	unannotated root	True	2.2078242	-3.4853926
wheat_soil_root_atlas:GSM8339904_rep1_filtered_feature_bc_matrix:TGGAACTTCGCGGACT-1	Triticum aestivum	root	unannotated root	unannotated root	True	-0.1093683	1.0280482
wheat_soil_root_atlas:GSM8339904_rep1_filtered_feature_bc_matrix:TGGGTTAAGACTGAGC-1	Triticum aestivum	root	unannotated root	unannotated root	True	0.14168957	-1.1066697
wheat_soil_root_atlas:GSM8339904_rep1_filtered_feature_bc_matrix:TGGTACAAGCCACCGT-1	Triticum aestivum	root	unannotated root	unannotated root	True	2.2521818	-3.4789104
wheat_soil_root_atlas:GSM8339904_rep1_filtered_feature_bc_matrix:TGGTACATCTTCGTAT-1	Triticum aestivum	root	unannotated root	unannotated root	True	0.30081517	-0.5813754
wheat_soil_root_atlas:GSM8339904_rep1_filtered_feature_bc_matrix:TGGTAGTCAGAAATCA-1	Triticum aestivum	root	unannotated root	unannotated root	True	0.3780322	-1.203745
wheat_soil_root_atlas:GSM8339904_rep1_filtered_feature_bc_matrix:TGGTAGTTCAGCGCGT-1	Triticum aestivum	root	unannotated root	unannotated root	True	0.44099414	-2.0069752
wheat_soil_root_atlas:GSM8339904_rep1_filtered_feature_bc_matrix:TGGTTAGTCGACGCTG-1	Triticum aestivum	root	unannotated root	unannotated root	True	0.9609151	-1.8487217
wheat_soil_root_atlas:GSM8339904_rep1_filtered_feature_bc_matrix:TGTGATGAGTCACGAG-1	Triticum aestivum	root	unannotated root	unannotated root	True	-0.14621244	-0.8717215
wheat_soil_root_atlas:GSM8339904_rep1_filtered_feature_bc_matrix:TGTGGCGAGACGCTCC-1	Triticum aestivum	root	unannotated root	unannotated root	True	1.9892497	-3.6010897
wheat_soil_root_atlas:GSM8339904_rep1_filtered_feature_bc_matrix:TGTGGCGAGAGGGTAA-1	Triticum aestivum	root	unannotated root	unannotated root	True	0.98716354	-2.772452
wheat_soil_root_atlas:GSM8339904_rep1_filtered_feature_bc_matrix:TTACAGGCACCACATA-1	Triticum aestivum	root	unannotated root	unannotated root	True	0.38657555	-1.1533681
wheat_soil_root_atlas:GSM8339904_rep1_filtered_feature_bc_matrix:TTAGGGTAGAGGCCAT-1	Triticum aestivum	root	unannotated root	unannotated root	True	2.0695076	-3.671034
wheat_soil_root_atlas:GSM8339904_rep1_filtered_feature_bc_matrix:TTATTGCAGATTTGCC-1	Triticum aestivum	root	unannotated root	unannotated root	True	-0.036132444	-1.3819923
wheat_soil_root_atlas:GSM8339904_rep1_filtered_feature_bc_matrix:TTCCTAATCATAGGCT-1	Triticum aestivum	root	unannotated root	unannotated root	True	2.0353398	-3.7182724
wheat_soil_root_atlas:GSM8339904_rep1_filtered_feature_bc_matrix:TTCTAGTTCGCCGATG-1	Triticum aestivum	root	unannotated root	unannotated root	True	0.1892931	-1.1321727
wheat_soil_root_atlas:GSM8339904_rep1_filtered_feature_bc_matrix:TTGAACGCACCCTGAG-1	Triticum aestivum	root	unannotated root	unannotated root	True	0.16803089	-1.9958539
wheat_soil_root_atlas:GSM8339904_rep1_filtered_feature_bc_matrix:TTGAACGCATCTAACG-1	Triticum aestivum	root	unannotated root	unannotated root	True	0.51191556	-0.27190453
wheat_soil_root_atlas:GSM8339904_rep1_filtered_feature_bc_matrix:TTGGGATCAGTGTGGA-1	Triticum aestivum	root	unannotated root	unannotated root	True	0.22487515	0.20447873
wheat_soil_root_atlas:GSM8339904_rep1_filtered_feature_bc_matrix:TTGTGTTTCGCTAGCG-1	Triticum aestivum	root	unannotated root	unannotated root	True	1.0923796	-2.9177983
wheat_soil_root_atlas:GSM8339904_rep1_filtered_feature_bc_matrix:TTGTTCATCGGAATGG-1	Triticum aestivum	root	unannotated root	unannotated root	True	-0.09707933	0.93536043
wheat_soil_root_atlas:GSM8339904_rep1_filtered_feature_bc_matrix:TTTAGTCCAGCGTGCT-1	Triticum aestivum	root	unannotated root	unannotated root	True	0.18878904	-1.1327785
wheat_soil_root_atlas:GSM8339904_rep1_filtered_feature_bc_matrix:TTTCCTCCATACCAGT-1	Triticum aestivum	root	unannotated root	unannotated root	True	-0.033192452	-0.15682042
brassicaceae_multi_species_root_atlas:GSM8302004_Ath_Root_Ctrl_scRNAseq_R1:AAACCCACAGATTCGT-1	Arabidopsis thaliana	root	unannotated root	unannotated root	True	-2.7415183	-7.1958246
brassicaceae_multi_species_root_atlas:GSM8302004_Ath_Root_Ctrl_scRNAseq_R1:AAAGGGCCAAGCCCAC-1	Arabidopsis thaliana	root	unannotated root	unannotated root	True	-2.9183953	-6.964196
brassicaceae_multi_species_root_atlas:GSM8302004_Ath_Root_Ctrl_scRNAseq_R1:AACAGGGCATGACAGG-1	Arabidopsis thaliana	root	unannotated root	unannotated root	True	-2.7847526	-7.057118
brassicaceae_multi_species_root_atlas:GSM8302004_Ath_Root_Ctrl_scRNAseq_R1:AACCACAGTCACCGCA-1	Arabidopsis thaliana	root	unannotated root	unannotated root	True	-2.8012018	-7.1148887
brassicaceae_multi_species_root_atlas:GSM8302004_Ath_Root_Ctrl_scRNAseq_R1:AAGCATCCAATTGCGT-1	Arabidopsis thaliana	root	unannotated root	unannotated root	True	-2.640887	-7.208964
brassicaceae_multi_species_root_atlas:GSM8302004_Ath_Root_Ctrl_scRNAseq_R1:AATTCCTAGCATACTC-1	Arabidopsis thaliana	root	unannotated root	unannotated root	True	-2.7025821	-6.98218
brassicaceae_multi_species_root_atlas:GSM8302004_Ath_Root_Ctrl_scRNAseq_R1:ACACTGACACTACTTT-1	Arabidopsis thaliana	root	unannotated root	unannotated root	True	-2.853571	-6.8805957
brassicaceae_multi_species_root_atlas:GSM8302004_Ath_Root_Ctrl_scRNAseq_R1:ACGCACGTCGTAGCTA-1	Arabidopsis thaliana	root	unannotated root	unannotated root	True	-2.5905325	-7.146081
brassicaceae_multi_species_root_atlas:GSM8302004_Ath_Root_Ctrl_scRNAseq_R1:ACTACGAGTTGCATCA-1	Arabidopsis thaliana	root	unannotated root	unannotated root	True	-2.851658	-7.036192
brassicaceae_multi_species_root_atlas:GSM8302004_Ath_Root_Ctrl_scRNAseq_R1:ACTTATCAGGATTTAG-1	Arabidopsis thaliana	root	unannotated root	unannotated root	True	-2.7907221	-6.9852448
brassicaceae_multi_species_root_atlas:GSM8302004_Ath_Root_Ctrl_scRNAseq_R1:ACTTTGTAGAAGCCAC-1	Arabidopsis thaliana	root	unannotated root	unannotated root	True	-2.9777129	-6.972938
brassicaceae_multi_species_root_atlas:GSM8302004_Ath_Root_Ctrl_scRNAseq_R1:AGAACAAGTTCAGCTA-1	Arabidopsis thaliana	root	unannotated root	unannotated root	True	-5.1921034	-3.365919
brassicaceae_multi_species_root_atlas:GSM8302004_Ath_Root_Ctrl_scRNAseq_R1:AGCTACACACCCAATA-1	Arabidopsis thaliana	root	unannotated root	unannotated root	True	-2.9861171	-6.8455553
brassicaceae_multi_species_root_atlas:GSM8302004_Ath_Root_Ctrl_scRNAseq_R1:AGGTCATGTGGTAATA-1	Arabidopsis thaliana	root	unannotated root	unannotated root	True	-2.5267024	-7.0791597
brassicaceae_multi_species_root_atlas:GSM8302004_Ath_Root_Ctrl_scRNAseq_R1:AGTGATCAGTCTTCGA-1	Arabidopsis thaliana	root	unannotated root	unannotated root	True	-2.9743233	-6.7128873
brassicaceae_multi_species_root_atlas:GSM8302004_Ath_Root_Ctrl_scRNAseq_R1:ATCACGAGTGCTAGCC-1	Arabidopsis thaliana	root	unannotated root	unannotated root	True	-2.6355782	-7.283499
brassicaceae_multi_species_root_atlas:GSM8302004_Ath_Root_Ctrl_scRNAseq_R1:CAGATCAGTTCGGCGT-1	Arabidopsis thaliana	root	unannotated root	unannotated root	True	-2.5545423	-7.2118397
brassicaceae_multi_species_root_atlas:GSM8302004_Ath_Root_Ctrl_scRNAseq_R1:CATGCAAGTAATTGGA-1	Arabidopsis thaliana	root	unannotated root	unannotated root	True	-2.624485	-7.1811614
brassicaceae_multi_species_root_atlas:GSM8302004_Ath_Root_Ctrl_scRNAseq_R1:CATGCCTTCGTACACA-1	Arabidopsis thaliana	root	unannotated root	unannotated root	True	-3.085887	-6.795357
brassicaceae_multi_species_root_atlas:GSM8302004_Ath_Root_Ctrl_scRNAseq_R1:CATGCTCTCTCCAAGA-1	Arabidopsis thaliana	root	unannotated root	unannotated root	True	-2.8869822	-6.8798547
brassicaceae_multi_species_root_atlas:GSM8302004_Ath_Root_Ctrl_scRNAseq_R1:CATGGTACAGGGACTA-1	Arabidopsis thaliana	root	unannotated root	unannotated root	True	-2.4452493	-7.1870627
brassicaceae_multi_species_root_atlas:GSM8302004_Ath_Root_Ctrl_scRNAseq_R1:CATTTCACAAGTGGGT-1	Arabidopsis thaliana	root	unannotated root	unannotated root	True	-3.0252132	-6.902351
brassicaceae_multi_species_root_atlas:GSM8302004_Ath_Root_Ctrl_scRNAseq_R1:CCACAAACAATTCTTC-1	Arabidopsis thaliana	root	unannotated root	unannotated root	True	-2.8521144	-7.0020413
brassicaceae_multi_species_root_atlas:GSM8302004_Ath_Root_Ctrl_scRNAseq_R1:CCGGTAGAGTGAGTGC-1	Arabidopsis thaliana	root	unannotated root	unannotated root	True	-2.788228	-6.996963
brassicaceae_multi_species_root_atlas:GSM8302004_Ath_Root_Ctrl_scRNAseq_R1:CCGGTAGTCAAGGTGG-1	Arabidopsis thaliana	root	unannotated root	unannotated root	True	-2.5192082	-6.7631683
brassicaceae_multi_species_root_atlas:GSM8302004_Ath_Root_Ctrl_scRNAseq_R1:CCTAAGAAGAAGGGAT-1	Arabidopsis thaliana	root	unannotated root	unannotated root	True	-2.674176	-7.1196175
brassicaceae_multi_species_root_atlas:GSM8302004_Ath_Root_Ctrl_scRNAseq_R1:CGAGTTATCAACGAGG-1	Arabidopsis thaliana	root	unannotated root	unannotated root	True	-2.5604126	-7.204819
brassicaceae_multi_species_root_atlas:GSM8302004_Ath_Root_Ctrl_scRNAseq_R1:CGGGACTGTCAACCAT-1	Arabidopsis thaliana	root	unannotated root	unannotated root	True	-2.6860068	-7.131706
brassicaceae_multi_species_root_atlas:GSM8302004_Ath_Root_Ctrl_scRNAseq_R1:CGTAATGTCCTTCTGG-1	Arabidopsis thaliana	root	unannotated root	unannotated root	True	-2.6838267	-7.03548
brassicaceae_multi_species_root_atlas:GSM8302004_Ath_Root_Ctrl_scRNAseq_R1:CTACCCACACGGGTAA-1	Arabidopsis thaliana	root	unannotated root	unannotated root	True	-2.9621136	-6.9109545
brassicaceae_multi_species_root_atlas:GSM8302004_Ath_Root_Ctrl_scRNAseq_R1:CTCACTGCATCAGTGT-1	Arabidopsis thaliana	root	unannotated root	unannotated root	True	-2.9941187	-6.693279
brassicaceae_multi_species_root_atlas:GSM8302004_Ath_Root_Ctrl_scRNAseq_R1:CTCAGAATCCATCGTC-1	Arabidopsis thaliana	root	unannotated root	unannotated root	True	-2.871184	-7.1189623
brassicaceae_multi_species_root_atlas:GSM8302004_Ath_Root_Ctrl_scRNAseq_R1:CTCTCAGTCGGAGTAG-1	Arabidopsis thaliana	root	unannotated root	unannotated root	True	-2.9195738	-6.988044
brassicaceae_multi_species_root_atlas:GSM8302004_Ath_Root_Ctrl_scRNAseq_R1:GAACTGTTCTCACTCG-1	Arabidopsis thaliana	root	unannotated root	unannotated root	True	-2.9145734	-6.704012
brassicaceae_multi_species_root_atlas:GSM8302004_Ath_Root_Ctrl_scRNAseq_R1:GAATAGATCATTCACT-1	Arabidopsis thaliana	root	unannotated root	unannotated root	True	-3.042067	-6.8100476
brassicaceae_multi_species_root_atlas:GSM8302004_Ath_Root_Ctrl_scRNAseq_R1:GACGTTAAGGGCATGT-1	Arabidopsis thaliana	root	unannotated root	unannotated root	True	-2.8695614	-6.726856
brassicaceae_multi_species_root_atlas:GSM8302004_Ath_Root_Ctrl_scRNAseq_R1:GAGATGGGTATACAGA-1	Arabidopsis thaliana	root	unannotated root	unannotated root	True	-2.379432	-7.1447215
brassicaceae_multi_species_root_atlas:GSM8302004_Ath_Root_Ctrl_scRNAseq_R1:GCAACATCACTCACTC-1	Arabidopsis thaliana	root	unannotated root	unannotated root	True	-2.478097	-7.1426654
brassicaceae_multi_species_root_atlas:GSM8302004_Ath_Root_Ctrl_scRNAseq_R1:GGATGTTGTACCCAGC-1	Arabidopsis thaliana	root	unannotated root	unannotated root	True	-2.5389028	-7.256994
brassicaceae_multi_species_root_atlas:GSM8302004_Ath_Root_Ctrl_scRNAseq_R1:GTAAGTCAGAGTCAAT-1	Arabidopsis thaliana	root	unannotated root	unannotated root	True	-2.6905203	-7.0775557
brassicaceae_multi_species_root_atlas:GSM8302004_Ath_Root_Ctrl_scRNAseq_R1:GTAGTACGTCATCGCG-1	Arabidopsis thaliana	root	unannotated root	unannotated root	True	-3.0205243	-6.805637
brassicaceae_multi_species_root_atlas:GSM8302004_Ath_Root_Ctrl_scRNAseq_R1:GTGTAACGTGATACAA-1	Arabidopsis thaliana	root	unannotated root	unannotated root	True	5.3175893	-6.940939
brassicaceae_multi_species_root_atlas:GSM8302004_Ath_Root_Ctrl_scRNAseq_R1:GTTTACTAGTGAGTGC-1	Arabidopsis thaliana	root	unannotated root	unannotated root	True	-2.5412726	-7.191961
brassicaceae_multi_species_root_atlas:GSM8302004_Ath_Root_Ctrl_scRNAseq_R1:TAACGACTCGAGTCTA-1	Arabidopsis thaliana	root	unannotated root	unannotated root	True	-2.6596646	-7.136505
brassicaceae_multi_species_root_atlas:GSM8302004_Ath_Root_Ctrl_scRNAseq_R1:TACACCCGTATTCTCT-1	Arabidopsis thaliana	root	unannotated root	unannotated root	True	-2.934808	-6.7131867
brassicaceae_multi_species_root_atlas:GSM8302004_Ath_Root_Ctrl_scRNAseq_R1:TACCCACAGCACTCTA-1	Arabidopsis thaliana	root	unannotated root	unannotated root	True	-7.9050026	-3.3640869
brassicaceae_multi_species_root_atlas:GSM8302004_Ath_Root_Ctrl_scRNAseq_R1:TACGGGCTCTAAACGC-1	Arabidopsis thaliana	root	unannotated root	unannotated root	True	-3.0506294	-6.8549023
brassicaceae_multi_species_root_atlas:GSM8302004_Ath_Root_Ctrl_scRNAseq_R1:TATCGCCAGCGATGCA-1	Arabidopsis thaliana	root	unannotated root	unannotated root	True	-2.549376	-7.23436
brassicaceae_multi_species_root_atlas:GSM8302004_Ath_Root_Ctrl_scRNAseq_R1:TATCTGTCACGTAGTT-1	Arabidopsis thaliana	root	unannotated root	unannotated root	True	-2.569982	-7.1076307
brassicaceae_multi_species_root_atlas:GSM8302004_Ath_Root_Ctrl_scRNAseq_R1:TCACACCCACCTCTGT-1	Arabidopsis thaliana	root	unannotated root	unannotated root	True	-2.6974213	-6.811501
brassicaceae_multi_species_root_atlas:GSM8302004_Ath_Root_Ctrl_scRNAseq_R1:TCCACGTGTCCTTAAG-1	Arabidopsis thaliana	root	unannotated root	unannotated root	True	-2.5101454	-6.960271
brassicaceae_multi_species_root_atlas:GSM8302004_Ath_Root_Ctrl_scRNAseq_R1:TCCTCTTTCTTGGATG-1	Arabidopsis thaliana	root	unannotated root	unannotated root	True	-2.5717328	-7.159581
brassicaceae_multi_species_root_atlas:GSM8302004_Ath_Root_Ctrl_scRNAseq_R1:TCGTCCATCGACTCCT-1	Arabidopsis thaliana	root	unannotated root	unannotated root	True	-2.8773599	-7.0698366
brassicaceae_multi_species_root_atlas:GSM8302004_Ath_Root_Ctrl_scRNAseq_R1:TCTCACGTCAACTTTC-1	Arabidopsis thaliana	root	unannotated root	unannotated root	True	-2.9025295	-6.731948
brassicaceae_multi_species_root_atlas:GSM8302004_Ath_Root_Ctrl_scRNAseq_R1:TCTTTGAGTACTCCCT-1	Arabidopsis thaliana	root	unannotated root	unannotated root	True	-3.026238	-6.595532
brassicaceae_multi_species_root_atlas:GSM8302004_Ath_Root_Ctrl_scRNAseq_R1:TGACCCTTCAGTCAGT-1	Arabidopsis thaliana	root	unannotated root	unannotated root	True	-2.9943612	-6.9465322
brassicaceae_multi_species_root_atlas:GSM8302004_Ath_Root_Ctrl_scRNAseq_R1:TGTTGAGCACAACGTT-1	Arabidopsis thaliana	root	unannotated root	unannotated root	True	-2.967357	-7.023602
brassicaceae_multi_species_root_atlas:GSM8302004_Ath_Root_Ctrl_scRNAseq_R1:TGTTGGATCGTGCAGC-1	Arabidopsis thaliana	root	unannotated root	unannotated root	True	-2.5951352	-7.2312818
brassicaceae_multi_species_root_atlas:GSM8302004_Ath_Root_Ctrl_scRNAseq_R1:TTCGGTCGTTGCCGAC-1	Arabidopsis thaliana	root	unannotated root	unannotated root	True	-2.852092	-7.102729
brassicaceae_multi_species_root_atlas:GSM8302004_Ath_Root_Ctrl_scRNAseq_R1:TTGCTGCGTTAAACCC-1	Arabidopsis thaliana	root	unannotated root	unannotated root	True	-2.749954	-6.874644
brassicaceae_multi_species_root_atlas:GSM8302004_Ath_Root_Ctrl_scRNAseq_R1:TTTATGCCAAAGGAGA-1	Arabidopsis thaliana	root	unannotated root	unannotated root	True	-2.942867	-7.0201716
brassicaceae_multi_species_root_atlas:GSM8302004_Ath_Root_Ctrl_scRNAseq_R1:TTTGGAGCAACCAGAG-1	Arabidopsis thaliana	root	unannotated root	unannotated root	True	-2.5633268	-7.180027
brassicaceae_multi_species_root_atlas:GSM8302010_Esa_Root_Ctrl_scRNAseq_R1:AAAGGGCGTACCCGAC-1	Eutrema salsugineum	root	unannotated root	unannotated root	True	0.66414946	-10.656144
brassicaceae_multi_species_root_atlas:GSM8302010_Esa_Root_Ctrl_scRNAseq_R1:AAATGGAGTTAAAGTG-1	Eutrema salsugineum	root	unannotated root	unannotated root	True	0.50140566	-10.647553
brassicaceae_multi_species_root_atlas:GSM8302010_Esa_Root_Ctrl_scRNAseq_R1:AAGTTCGCAGAGACTG-1	Eutrema salsugineum	root	unannotated root	unannotated root	True	0.38391364	-10.855324
brassicaceae_multi_species_root_atlas:GSM8302010_Esa_Root_Ctrl_scRNAseq_R1:ACGATCAGTATGGGAC-1	Eutrema salsugineum	root	unannotated root	unannotated root	True	0.3416819	-10.918163
brassicaceae_multi_species_root_atlas:GSM8302010_Esa_Root_Ctrl_scRNAseq_R1:ACGGGTCCATGAGTAA-1	Eutrema salsugineum	root	unannotated root	unannotated root	True	0.48000726	-10.723217
brassicaceae_multi_species_root_atlas:GSM8302010_Esa_Root_Ctrl_scRNAseq_R1:ACGTACACAGACATCT-1	Eutrema salsugineum	root	unannotated root	unannotated root	True	0.88646126	-10.4242935
brassicaceae_multi_species_root_atlas:GSM8302010_Esa_Root_Ctrl_scRNAseq_R1:ACGTTCCCAAGCACCC-1	Eutrema salsugineum	root	unannotated root	unannotated root	True	0.40630364	-10.902477
brassicaceae_multi_species_root_atlas:GSM8302010_Esa_Root_Ctrl_scRNAseq_R1:ACTGATGGTCGTGGTC-1	Eutrema salsugineum	root	unannotated root	unannotated root	True	0.21839	-11.139119
brassicaceae_multi_species_root_atlas:GSM8302010_Esa_Root_Ctrl_scRNAseq_R1:ACTGCAATCGCAGATT-1	Eutrema salsugineum	root	unannotated root	unannotated root	True	0.4503396	-10.819759
brassicaceae_multi_species_root_atlas:GSM8302010_Esa_Root_Ctrl_scRNAseq_R1:ACTGTGAGTGATTCAC-1	Eutrema salsugineum	root	unannotated root	unannotated root	True	0.6946301	-11.28872
brassicaceae_multi_species_root_atlas:GSM8302010_Esa_Root_Ctrl_scRNAseq_R1:ACTTATCGTGTCTCCT-1	Eutrema salsugineum	root	unannotated root	unannotated root	True	0.55490047	-10.620992
brassicaceae_multi_species_root_atlas:GSM8302010_Esa_Root_Ctrl_scRNAseq_R1:AGAGCAGAGGGCTTCC-1	Eutrema salsugineum	root	unannotated root	unannotated root	True	0.5284343	-10.608578
brassicaceae_multi_species_root_atlas:GSM8302010_Esa_Root_Ctrl_scRNAseq_R1:AGGAGGTGTTTCGGCG-1	Eutrema salsugineum	root	unannotated root	unannotated root	True	0.37371325	-11.088454
brassicaceae_multi_species_root_atlas:GSM8302010_Esa_Root_Ctrl_scRNAseq_R1:AGTCATGTCTCCCAAC-1	Eutrema salsugineum	root	unannotated root	unannotated root	True	0.6355797	-10.553539
brassicaceae_multi_species_root_atlas:GSM8302010_Esa_Root_Ctrl_scRNAseq_R1:ATACTTCCAGCAGTAG-1	Eutrema salsugineum	root	unannotated root	unannotated root	True	0.62435883	-10.862041
brassicaceae_multi_species_root_atlas:GSM8302010_Esa_Root_Ctrl_scRNAseq_R1:ATTATCCTCTGCCCTA-1	Eutrema salsugineum	root	unannotated root	unannotated root	True	0.9684758	-10.350539
brassicaceae_multi_species_root_atlas:GSM8302010_Esa_Root_Ctrl_scRNAseq_R1:CACGAATCAACCAACT-1	Eutrema salsugineum	root	unannotated root	unannotated root	True	0.5946892	-10.993913
brassicaceae_multi_species_root_atlas:GSM8302010_Esa_Root_Ctrl_scRNAseq_R1:CACGTTCTCTGCGGCA-1	Eutrema salsugineum	root	unannotated root	unannotated root	True	0.8903453	-10.398441
brassicaceae_multi_species_root_atlas:GSM8302010_Esa_Root_Ctrl_scRNAseq_R1:CATGCCTCAGCCTTCT-1	Eutrema salsugineum	root	unannotated root	unannotated root	True	0.40539265	-10.753628
brassicaceae_multi_species_root_atlas:GSM8302010_Esa_Root_Ctrl_scRNAseq_R1:CCATCACAGCGAGGAG-1	Eutrema salsugineum	root	unannotated root	unannotated root	True	0.29608658	-11.009412
brassicaceae_multi_species_root_atlas:GSM8302010_Esa_Root_Ctrl_scRNAseq_R1:CCTCTAGTCTGAGAAA-1	Eutrema salsugineum	root	unannotated root	unannotated root	True	0.58802515	-10.717137
brassicaceae_multi_species_root_atlas:GSM8302010_Esa_Root_Ctrl_scRNAseq_R1:CGAAGTTTCACGGGCT-1	Eutrema salsugineum	root	unannotated root	unannotated root	True	0.8908933	-11.421937
brassicaceae_multi_species_root_atlas:GSM8302010_Esa_Root_Ctrl_scRNAseq_R1:CGACAGCGTGACCGTC-1	Eutrema salsugineum	root	unannotated root	unannotated root	True	0.88909066	-11.284061
brassicaceae_multi_species_root_atlas:GSM8302010_Esa_Root_Ctrl_scRNAseq_R1:CGGGCATGTTGGAGAC-1	Eutrema salsugineum	root	unannotated root	unannotated root	True	0.6409553	-10.515456
brassicaceae_multi_species_root_atlas:GSM8302010_Esa_Root_Ctrl_scRNAseq_R1:CGTGTCTAGCCGAATG-1	Eutrema salsugineum	root	unannotated root	unannotated root	True	0.39815643	-10.950687
brassicaceae_multi_species_root_atlas:GSM8302010_Esa_Root_Ctrl_scRNAseq_R1:CTGCAGGAGACAGCGT-1	Eutrema salsugineum	root	unannotated root	unannotated root	True	0.8549601	-11.301147
brassicaceae_multi_species_root_atlas:GSM8302010_Esa_Root_Ctrl_scRNAseq_R1:CTGCATCAGAGGGTGG-1	Eutrema salsugineum	root	unannotated root	unannotated root	True	0.5917777	-10.63788
brassicaceae_multi_species_root_atlas:GSM8302010_Esa_Root_Ctrl_scRNAseq_R1:CTTCCGAAGGATTACA-1	Eutrema salsugineum	root	unannotated root	unannotated root	True	0.2549819	-11.177603
brassicaceae_multi_species_root_atlas:GSM8302010_Esa_Root_Ctrl_scRNAseq_R1:GAACACTCAGCTATTG-1	Eutrema salsugineum	root	unannotated root	unannotated root	True	0.23774678	-11.200945
brassicaceae_multi_species_root_atlas:GSM8302010_Esa_Root_Ctrl_scRNAseq_R1:GAATAGAAGGGACCAT-1	Eutrema salsugineum	root	unannotated root	unannotated root	True	0.40047175	-10.797187
brassicaceae_multi_species_root_atlas:GSM8302010_Esa_Root_Ctrl_scRNAseq_R1:GACTTCCGTGGCATCC-1	Eutrema salsugineum	root	unannotated root	unannotated root	True	0.45339623	-10.799287
brassicaceae_multi_species_root_atlas:GSM8302010_Esa_Root_Ctrl_scRNAseq_R1:GAGTGAGAGACGATAT-1	Eutrema salsugineum	root	unannotated root	unannotated root	True	0.79379153	-11.344814
brassicaceae_multi_species_root_atlas:GSM8302010_Esa_Root_Ctrl_scRNAseq_R1:GATAGAAAGGATAATC-1	Eutrema salsugineum	root	unannotated root	unannotated root	True	0.55843365	-10.880035
brassicaceae_multi_species_root_atlas:GSM8302010_Esa_Root_Ctrl_scRNAseq_R1:GCTCAAAGTGATCATC-1	Eutrema salsugineum	root	unannotated root	unannotated root	True	0.7382699	-10.490182
brassicaceae_multi_species_root_atlas:GSM8302010_Esa_Root_Ctrl_scRNAseq_R1:GCTTTCGGTGATACTC-1	Eutrema salsugineum	root	unannotated root	unannotated root	True	0.72954834	-11.294484
brassicaceae_multi_species_root_atlas:GSM8302010_Esa_Root_Ctrl_scRNAseq_R1:GGAGGTATCCTCTAGC-1	Eutrema salsugineum	root	unannotated root	unannotated root	True	0.48516655	-10.769565
brassicaceae_multi_species_root_atlas:GSM8302010_Esa_Root_Ctrl_scRNAseq_R1:GGCAGTCCAGACCTAT-1	Eutrema salsugineum	root	unannotated root	unannotated root	True	0.43641052	-10.867281
brassicaceae_multi_species_root_atlas:GSM8302010_Esa_Root_Ctrl_scRNAseq_R1:GGTGGCTCACTTCTCG-1	Eutrema salsugineum	root	unannotated root	unannotated root	True	0.8889894	-10.431601
brassicaceae_multi_species_root_atlas:GSM8302010_Esa_Root_Ctrl_scRNAseq_R1:GGTTAACGTGGCACTC-1	Eutrema salsugineum	root	unannotated root	unannotated root	True	0.54485124	-10.627927
brassicaceae_multi_species_root_atlas:GSM8302010_Esa_Root_Ctrl_scRNAseq_R1:GTAGAGGAGGTCCCTG-1	Eutrema salsugineum	root	unannotated root	unannotated root	True	0.20471585	-11.118883
brassicaceae_multi_species_root_atlas:GSM8302010_Esa_Root_Ctrl_scRNAseq_R1:GTCACTCGTTGGGCCT-1	Eutrema salsugineum	root	unannotated root	unannotated root	True	0.52468306	-10.931378
brassicaceae_multi_species_root_atlas:GSM8302010_Esa_Root_Ctrl_scRNAseq_R1:GTCATGATCGGACTGC-1	Eutrema salsugineum	root	unannotated root	unannotated root	True	0.26701206	-10.981221
brassicaceae_multi_species_root_atlas:GSM8302010_Esa_Root_Ctrl_scRNAseq_R1:GTGATGTCAGTAGGAC-1	Eutrema salsugineum	root	unannotated root	unannotated root	True	0.7779643	-10.4838505
brassicaceae_multi_species_root_atlas:GSM8302010_Esa_Root_Ctrl_scRNAseq_R1:GTGGAGAGTTGGGAAC-1	Eutrema salsugineum	root	unannotated root	unannotated root	True	0.6842501	-10.599239
brassicaceae_multi_species_root_atlas:GSM8302010_Esa_Root_Ctrl_scRNAseq_R1:GTTGTAGAGAGTCACG-1	Eutrema salsugineum	root	unannotated root	unannotated root	True	0.19511852	-10.982006
brassicaceae_multi_species_root_atlas:GSM8302010_Esa_Root_Ctrl_scRNAseq_R1:GTTTGGAAGCGAGAAA-1	Eutrema salsugineum	root	unannotated root	unannotated root	True	0.24281088	-11.095235
brassicaceae_multi_species_root_atlas:GSM8302010_Esa_Root_Ctrl_scRNAseq_R1:TAAGCACTCGTAGCTA-1	Eutrema salsugineum	root	unannotated root	unannotated root	True	0.88857454	-10.405371
brassicaceae_multi_species_root_atlas:GSM8302010_Esa_Root_Ctrl_scRNAseq_R1:TACGCTCTCGGACCAC-1	Eutrema salsugineum	root	unannotated root	unannotated root	True	0.9325651	-10.360938
brassicaceae_multi_species_root_atlas:GSM8302010_Esa_Root_Ctrl_scRNAseq_R1:TACTTACGTAGCTCGC-1	Eutrema salsugineum	root	unannotated root	unannotated root	True	0.8304174	-11.382288
brassicaceae_multi_species_root_atlas:GSM8302010_Esa_Root_Ctrl_scRNAseq_R1:TATCTGTCATGCGTGC-1	Eutrema salsugineum	root	unannotated root	unannotated root	True	0.8602615	-11.295037
brassicaceae_multi_species_root_atlas:GSM8302010_Esa_Root_Ctrl_scRNAseq_R1:TATGTTCCACCGGTCA-1	Eutrema salsugineum	root	unannotated root	unannotated root	True	0.57076865	-10.533496
brassicaceae_multi_species_root_atlas:GSM8302010_Esa_Root_Ctrl_scRNAseq_R1:TCAAGCAAGCGATGCA-1	Eutrema salsugineum	root	unannotated root	unannotated root	True	0.21464536	-11.164868
brassicaceae_multi_species_root_atlas:GSM8302010_Esa_Root_Ctrl_scRNAseq_R1:TCATTCATCACCTCTG-1	Eutrema salsugineum	root	unannotated root	unannotated root	True	0.8699729	-11.3631115
brassicaceae_multi_species_root_atlas:GSM8302010_Esa_Root_Ctrl_scRNAseq_R1:TCCAGAATCGCCTTGT-1	Eutrema salsugineum	root	unannotated root	unannotated root	True	0.38691977	-10.83078
brassicaceae_multi_species_root_atlas:GSM8302010_Esa_Root_Ctrl_scRNAseq_R1:TCCTCGACATGTGACT-1	Eutrema salsugineum	root	unannotated root	unannotated root	True	0.82454777	-10.430803
brassicaceae_multi_species_root_atlas:GSM8302010_Esa_Root_Ctrl_scRNAseq_R1:TCCTCGATCGGTGAAG-1	Eutrema salsugineum	root	unannotated root	unannotated root	True	0.3155178	-11.018345
brassicaceae_multi_species_root_atlas:GSM8302010_Esa_Root_Ctrl_scRNAseq_R1:TGCGACGGTCAGGTGA-1	Eutrema salsugineum	root	unannotated root	unannotated root	True	0.6115696	-10.598158
brassicaceae_multi_species_root_atlas:GSM8302010_Esa_Root_Ctrl_scRNAseq_R1:TTCAGGACAGAGTGTG-1	Eutrema salsugineum	root	unannotated root	unannotated root	True	0.39136943	-10.814091
brassicaceae_multi_species_root_atlas:GSM8302010_Esa_Root_Ctrl_scRNAseq_R1:TTCCTTCCATAGCACT-1	Eutrema salsugineum	root	unannotated root	unannotated root	True	0.8828391	-10.394057
brassicaceae_multi_species_root_atlas:GSM8302010_Esa_Root_Ctrl_scRNAseq_R1:TTGACCCTCCTTCACG-1	Eutrema salsugineum	root	unannotated root	unannotated root	True	0.5370358	-10.59564
brassicaceae_multi_species_root_atlas:GSM8302010_Esa_Root_Ctrl_scRNAseq_R1:TTGCTGCAGATACTGA-1	Eutrema salsugineum	root	unannotated root	unannotated root	True	0.8872489	-10.465825
brassicaceae_multi_species_root_atlas:GSM8302010_Esa_Root_Ctrl_scRNAseq_R1:TTGCTGCGTAGAGTTA-1	Eutrema salsugineum	root	unannotated root	unannotated root	True	0.8040506	-10.591803
arabidopsis_lateral_root_founder_atlas:S3h_AATGGAAAGGGCCTCT	Arabidopsis thaliana	root	proximal meristem	unannotated root	False	-5.9814053	-3.250253
arabidopsis_lateral_root_founder_atlas:S3h_CCACGTTAGTGAACAT	Arabidopsis thaliana	root	proximal meristem	unannotated root	False	-6.079915	-3.4202666
arabidopsis_lateral_root_founder_atlas:S3h_GTCTTTAGTCTCAGAT	Arabidopsis thaliana	root	proximal meristem	unannotated root	False	-5.662136	-2.4631264
arabidopsis_lateral_root_founder_atlas:S3h_TGTTCTAGTGAGACCA	Arabidopsis thaliana	root	proximal meristem	unannotated root	False	-5.70366	-3.499788
arabidopsis_lateral_root_founder_atlas:S6h_AGCTACAGTAGGTTTC	Arabidopsis thaliana	root	proximal meristem	unannotated root	False	-5.5956106	-3.7774901
arabidopsis_lateral_root_founder_atlas:S6h_CCAATTTAGACTACCT	Arabidopsis thaliana	root	proximal meristem	unannotated root	False	-5.260658	-3.9798899
arabidopsis_lateral_root_founder_atlas:S6h_CCTCCAAGTACCTAGT	Arabidopsis thaliana	root	proximal meristem	unannotated root	False	-7.4567366	-2.8134797
arabidopsis_lateral_root_founder_atlas:S6h_GTGCTGGGTGCAATGG	Arabidopsis thaliana	root	proximal meristem	unannotated root	False	-5.1985197	-4.0972247
arabidopsis_lateral_root_founder_atlas:S6h_TGCTGAAAGCGATTCT	Arabidopsis thaliana	root	proximal meristem	unannotated root	False	-6.251008	-3.3537445
arabidopsis_lateral_root_founder_atlas:S0h_ACCATTTGTACCTAAC	Arabidopsis thaliana	root	proximal meristem	unannotated root	False	-7.9817867	-3.6655576
arabidopsis_lateral_root_founder_atlas:S0h_ACTGCAAGTGACCTGC	Arabidopsis thaliana	root	proximal meristem	unannotated root	False	-7.5191836	-3.8610792
arabidopsis_lateral_root_founder_atlas:S0h_AGGAAATCACTAGTAC	Arabidopsis thaliana	root	proximal meristem	unannotated root	False	-8.04748	-3.3195024
arabidopsis_lateral_root_founder_atlas:S0h_AGGGTTTAGACATAGT	Arabidopsis thaliana	root	proximal meristem	unannotated root	False	-7.498916	-3.6767411
arabidopsis_lateral_root_founder_atlas:S0h_ATACTTCAGGGCAGGA	Arabidopsis thaliana	root	proximal meristem	unannotated root	False	-7.5631075	-3.8743024
arabidopsis_lateral_root_founder_atlas:S0h_CGCAGGTAGCTTCTAG	Arabidopsis thaliana	root	proximal meristem	unannotated root	False	-7.634023	-2.5566063
arabidopsis_lateral_root_founder_atlas:S0h_CGTAAGTAGGAAGAAC	Arabidopsis thaliana	root	proximal meristem	unannotated root	False	-8.016637	-3.798232
arabidopsis_lateral_root_founder_atlas:S0h_CGTTAGACACAAATAG	Arabidopsis thaliana	root	proximal meristem	unannotated root	False	-7.812345	-2.4444697
arabidopsis_lateral_root_founder_atlas:S0h_GAGTTTGAGCATCAAA	Arabidopsis thaliana	root	proximal meristem	unannotated root	False	-7.50548	-3.906355
arabidopsis_lateral_root_founder_atlas:S0h_GATCACACATATGGCT	Arabidopsis thaliana	root	proximal meristem	unannotated root	False	-8.078869	-3.7191336
arabidopsis_lateral_root_founder_atlas:S0h_GCAACATCACCAGTAT	Arabidopsis thaliana	root	proximal meristem	unannotated root	False	-7.6308775	-3.8415637
arabidopsis_lateral_root_founder_atlas:S0h_GGGTTTAGTCAGTTTG	Arabidopsis thaliana	root	proximal meristem	unannotated root	False	-7.6024323	-2.2153516
arabidopsis_lateral_root_founder_atlas:S0h_GTTGTCCGTTTAGACC	Arabidopsis thaliana	root	proximal meristem	unannotated root	False	-8.155222	-3.5711477
arabidopsis_lateral_root_founder_atlas:S0h_TCGTGGGTCGCGCCAA	Arabidopsis thaliana	root	proximal meristem	unannotated root	False	-7.9191284	-3.6658325
arabidopsis_lateral_root_founder_atlas:S0h_TTCAGGACATGGCGCT	Arabidopsis thaliana	root	proximal meristem	unannotated root	False	-7.6464887	-3.4309995
arabidopsis_lateral_root_founder_atlas:S0h_TTCCACGAGTTTCTTC	Arabidopsis thaliana	root	proximal meristem	unannotated root	False	-7.8111396	-3.2756743
arabidopsis_lateral_root_founder_atlas:S1h_AAACGCTGTCTTACTT	Arabidopsis thaliana	root	proximal meristem	unannotated root	False	-7.3601203	-2.181491
arabidopsis_lateral_root_founder_atlas:S1h_AATGCCAGTAGCCAGA	Arabidopsis thaliana	root	proximal meristem	unannotated root	False	-7.6908474	-2.5019326
arabidopsis_lateral_root_founder_atlas:S1h_ACGGAAGTCATGACAC	Arabidopsis thaliana	root	proximal meristem	unannotated root	False	-7.776912	-3.570752
arabidopsis_lateral_root_founder_atlas:S1h_AGATCCAAGAAATGGG	Arabidopsis thaliana	root	proximal meristem	unannotated root	False	-7.474729	-2.542454
arabidopsis_lateral_root_founder_atlas:S1h_AGGACTTCAGCTGTAT	Arabidopsis thaliana	root	proximal meristem	unannotated root	False	-8.160097	-3.5302722
arabidopsis_lateral_root_founder_atlas:S1h_AGGATCTAGGTGCCAA	Arabidopsis thaliana	root	proximal meristem	unannotated root	False	-7.9064417	-3.3323998
arabidopsis_lateral_root_founder_atlas:S1h_ATCATTCTCTCTGAGA	Arabidopsis thaliana	root	proximal meristem	unannotated root	False	-7.4868026	-3.6060162
arabidopsis_lateral_root_founder_atlas:S1h_ATCGATGCAGCTGAAG	Arabidopsis thaliana	root	proximal meristem	unannotated root	False	-7.868402	-2.8613913
arabidopsis_lateral_root_founder_atlas:S1h_ATGGGAGTCGACGTCG	Arabidopsis thaliana	root	proximal meristem	unannotated root	False	-7.7220664	-2.8436737
arabidopsis_lateral_root_founder_atlas:S1h_CATAGACGTTGCGGCT	Arabidopsis thaliana	root	proximal meristem	unannotated root	False	-7.80034	-2.5076835
arabidopsis_lateral_root_founder_atlas:S1h_CATGCAACATTCCTCG	Arabidopsis thaliana	root	proximal meristem	unannotated root	False	-7.5178223	-3.320293
arabidopsis_lateral_root_founder_atlas:S1h_CCGAACGTCCGATGTA	Arabidopsis thaliana	root	proximal meristem	unannotated root	False	-7.8755856	-2.566832
arabidopsis_lateral_root_founder_atlas:S1h_CGGAATTTCTCTCCGA	Arabidopsis thaliana	root	proximal meristem	unannotated root	False	-8.048043	-3.4414046
arabidopsis_lateral_root_founder_atlas:S1h_CTCCATGGTGGACTAG	Arabidopsis thaliana	root	proximal meristem	unannotated root	False	-7.480057	-3.4470904
arabidopsis_lateral_root_founder_atlas:S1h_GAGAGGTTCGTAGTCA	Arabidopsis thaliana	root	proximal meristem	unannotated root	False	-7.6125417	-3.046245
arabidopsis_lateral_root_founder_atlas:S1h_GATCACAGTTCTTGCC	Arabidopsis thaliana	root	proximal meristem	unannotated root	False	-7.525864	-3.8476186
arabidopsis_lateral_root_founder_atlas:S1h_GCCGATGCAGGTCCGT	Arabidopsis thaliana	root	proximal meristem	unannotated root	False	-6.7131615	-1.9337343
arabidopsis_lateral_root_founder_atlas:S1h_GGGCTACGTCAGACTT	Arabidopsis thaliana	root	proximal meristem	unannotated root	False	-8.08443	-2.9946911
arabidopsis_lateral_root_founder_atlas:S1h_GGGTCTGGTGCAACGA	Arabidopsis thaliana	root	proximal meristem	unannotated root	False	-7.0121555	-1.9581118
arabidopsis_lateral_root_founder_atlas:S1h_GTGCGTGGTGGAACCA	Arabidopsis thaliana	root	proximal meristem	unannotated root	False	-8.12015	-3.202368
arabidopsis_lateral_root_founder_atlas:S1h_GTTACAGAGTAAACAC	Arabidopsis thaliana	root	proximal meristem	unannotated root	False	-7.699687	-2.276207
arabidopsis_lateral_root_founder_atlas:S1h_GTTACCCAGACTGGGT	Arabidopsis thaliana	root	proximal meristem	unannotated root	False	-7.916809	-3.8550656
arabidopsis_lateral_root_founder_atlas:S1h_TAACCAGTCATTGCCC	Arabidopsis thaliana	root	proximal meristem	unannotated root	False	-8.061907	-3.6186244
arabidopsis_lateral_root_founder_atlas:S1h_TAGTGCATCTTTCAGT	Arabidopsis thaliana	root	proximal meristem	unannotated root	False	-7.7669325	-2.3950884
arabidopsis_lateral_root_founder_atlas:S1h_TCAGCCTGTCAAAGTA	Arabidopsis thaliana	root	proximal meristem	unannotated root	False	-7.9826555	-3.7747254
arabidopsis_lateral_root_founder_atlas:S1h_TCCGAAACAACACAAA	Arabidopsis thaliana	root	proximal meristem	unannotated root	False	-8.0126295	-2.5729544
arabidopsis_lateral_root_founder_atlas:S1h_TCCGAAAGTTTCTTAC	Arabidopsis thaliana	root	proximal meristem	unannotated root	False	-7.4129453	-2.2520945
arabidopsis_lateral_root_founder_atlas:S1h_TCGCAGGAGCTCGGCT	Arabidopsis thaliana	root	proximal meristem	unannotated root	False	-7.490203	-3.0022418
arabidopsis_lateral_root_founder_atlas:S1h_TCGCAGGGTGTATCCA	Arabidopsis thaliana	root	proximal meristem	unannotated root	False	-7.9343443	-3.184871
arabidopsis_lateral_root_founder_atlas:S1h_TCTACCGAGGGATCGT	Arabidopsis thaliana	root	proximal meristem	unannotated root	False	-7.774236	-3.5589807
arabidopsis_lateral_root_founder_atlas:S1h_TGACGCGGTAGGGTAC	Arabidopsis thaliana	root	proximal meristem	unannotated root	False	-7.3718843	-2.0916255
arabidopsis_lateral_root_founder_atlas:S1h_TGGGCTGGTGATACCT	Arabidopsis thaliana	root	proximal meristem	unannotated root	False	-7.7991285	-2.4135613
arabidopsis_lateral_root_founder_atlas:S1h_TGTTGAGAGGTGATCG	Arabidopsis thaliana	root	proximal meristem	unannotated root	False	-7.7813096	-2.3946216
arabidopsis_lateral_root_founder_atlas:S1h_TTCCGTGGTGTTCCAA	Arabidopsis thaliana	root	proximal meristem	unannotated root	False	-7.823749	-2.924028
arabidopsis_lateral_root_founder_atlas:S1h_TTCCTAAGTCGAACGA	Arabidopsis thaliana	root	proximal meristem	unannotated root	False	-8.025263	-2.6263385
arabidopsis_lateral_root_founder_atlas:S3h_AACAACCCATACTGAC	Arabidopsis thaliana	root	proximal meristem	unannotated root	False	-7.808275	-3.832561
arabidopsis_lateral_root_founder_atlas:S3h_CATCGGGGTCATAGTC	Arabidopsis thaliana	root	proximal meristem	unannotated root	False	-7.4937043	-2.7855566
arabidopsis_lateral_root_founder_atlas:S3h_CTCAACCTCGATCCAA	Arabidopsis thaliana	root	proximal meristem	unannotated root	False	-8.055938	-3.1982374
arabidopsis_lateral_root_founder_atlas:S3h_GGGAGTAAGATGAAGG	Arabidopsis thaliana	root	proximal meristem	unannotated root	False	-7.909661	-3.2859702
arabidopsis_lateral_root_founder_atlas:S3h_GGGTTATTCGCTAAAC	Arabidopsis thaliana	root	proximal meristem	unannotated root	False	-7.0066075	-2.1780791
arabidopsis_lateral_root_founder_atlas:S3h_GTCATCCTCTTCGCTG	Arabidopsis thaliana	root	proximal meristem	unannotated root	False	-7.626453	-3.911126
arabidopsis_lateral_root_founder_atlas:S3h_GTCGAATAGACGCAGT	Arabidopsis thaliana	root	proximal meristem	unannotated root	False	-7.7078924	-2.3278842
arabidopsis_lateral_root_founder_atlas:S3h_GTTGTGATCTTACGGA	Arabidopsis thaliana	root	proximal meristem	unannotated root	False	-7.7805996	-2.7990174
arabidopsis_lateral_root_founder_atlas:S3h_TATTGGGAGCCTAACT	Arabidopsis thaliana	root	proximal meristem	unannotated root	False	-7.5999045	-2.6667943
arabidopsis_lateral_root_founder_atlas:S3h_TCGATTTAGGAAGTAG	Arabidopsis thaliana	root	proximal meristem	unannotated root	False	-7.8199534	-2.4551182
arabidopsis_lateral_root_founder_atlas:S3h_TCGCTCATCAGTGTGT	Arabidopsis thaliana	root	proximal meristem	unannotated root	False	-6.983921	-2.0238333
arabidopsis_lateral_root_founder_atlas:S3h_TTTACCAGTCTCAAGT	Arabidopsis thaliana	root	proximal meristem	unannotated root	False	-7.691609	-2.2805765
arabidopsis_lateral_root_founder_atlas:S6h_ACGGGTCGTAAGTCAA	Arabidopsis thaliana	root	proximal meristem	unannotated root	False	-7.4360623	-3.8364844
arabidopsis_lateral_root_founder_atlas:S6h_CGCAGGTAGGGTAGCT	Arabidopsis thaliana	root	proximal meristem	unannotated root	False	-7.4912515	-3.700435
arabidopsis_lateral_root_founder_atlas:S0h_AGTTAGCAGCCAAGCA	Arabidopsis thaliana	root	proximal meristem	unannotated root	False	-7.796104	-3.8913176
arabidopsis_lateral_root_founder_atlas:S0h_AGTTCCCGTCTTGAGT	Arabidopsis thaliana	root	proximal meristem	unannotated root	False	-7.9600697	-2.4842172
arabidopsis_lateral_root_founder_atlas:S0h_GTATTTCTCAGACCTA	Arabidopsis thaliana	root	proximal meristem	unannotated root	False	-8.04048	-3.6557837
arabidopsis_lateral_root_founder_atlas:S0h_TCAGTCCGTTTAGAGA	Arabidopsis thaliana	root	proximal meristem	unannotated root	False	-7.3461394	-3.8271072
arabidopsis_lateral_root_founder_atlas:S1h_AACGGGAGTTTGTGGT	Arabidopsis thaliana	root	proximal meristem	unannotated root	False	-7.9978247	-2.7048585
arabidopsis_lateral_root_founder_atlas:S1h_ACAGAAATCGCAGTTA	Arabidopsis thaliana	root	proximal meristem	unannotated root	False	-8.199809	-3.523364
arabidopsis_lateral_root_founder_atlas:S1h_ACAGGGAAGGTAAAGG	Arabidopsis thaliana	root	proximal meristem	unannotated root	False	-7.9105325	-2.6454952
arabidopsis_lateral_root_founder_atlas:S1h_ACTGATGTCATACGAC	Arabidopsis thaliana	root	proximal meristem	unannotated root	False	-8.1942005	-3.4173145
arabidopsis_lateral_root_founder_atlas:S1h_AGAAATGGTTGCGTAT	Arabidopsis thaliana	root	proximal meristem	unannotated root	False	-7.514228	-3.250147
arabidopsis_lateral_root_founder_atlas:S1h_ATCGGATTCGGAGATG	Arabidopsis thaliana	root	proximal meristem	unannotated root	False	-7.8745055	-2.7987888
arabidopsis_lateral_root_founder_atlas:S1h_ATGAGTCTCATACGGT	Arabidopsis thaliana	root	proximal meristem	unannotated root	False	-7.0195665	-2.0225363
arabidopsis_lateral_root_founder_atlas:S1h_ATGCCTCGTACCGGAA	Arabidopsis thaliana	root	proximal meristem	unannotated root	False	-7.457896	-2.1723504
arabidopsis_lateral_root_founder_atlas:S1h_ATTCCCGGTAACACCT	Arabidopsis thaliana	root	proximal meristem	unannotated root	False	-8.203683	-3.202971
arabidopsis_lateral_root_founder_atlas:S1h_CACACAAGTCACTCGG	Arabidopsis thaliana	root	proximal meristem	unannotated root	False	-7.6972485	-3.2125177
arabidopsis_lateral_root_founder_atlas:S1h_CGGGTCAGTTGCCATA	Arabidopsis thaliana	root	proximal meristem	unannotated root	False	-7.9530935	-2.4643793
arabidopsis_lateral_root_founder_atlas:S1h_CTAACTTAGACCGCCT	Arabidopsis thaliana	root	proximal meristem	unannotated root	False	-7.2287583	-2.2547894
arabidopsis_lateral_root_founder_atlas:S1h_CTAAGTGGTATCGCTA	Arabidopsis thaliana	root	proximal meristem	unannotated root	False	-8.060324	-3.7249224
arabidopsis_lateral_root_founder_atlas:S1h_CTACATTCAGGAATCG	Arabidopsis thaliana	root	proximal meristem	unannotated root	False	-8.244103	-3.4182303
arabidopsis_lateral_root_founder_atlas:S1h_CTATAGGGTACTGCGC	Arabidopsis thaliana	root	proximal meristem	unannotated root	False	-8.212231	-3.1015348
arabidopsis_lateral_root_founder_atlas:S1h_GATCCCTGTCTTACAG	Arabidopsis thaliana	root	proximal meristem	unannotated root	False	-8.063936	-3.1786094
arabidopsis_lateral_root_founder_atlas:S1h_GCTACAATCGGTCAGC	Arabidopsis thaliana	root	proximal meristem	unannotated root	False	-6.996669	-2.0004563
arabidopsis_lateral_root_founder_atlas:S1h_GGAATGGTCCACGTAA	Arabidopsis thaliana	root	proximal meristem	unannotated root	False	-8.018706	-3.3554137
arabidopsis_lateral_root_founder_atlas:S1h_TATGTTCTCTGGCCTT	Arabidopsis thaliana	root	proximal meristem	unannotated root	False	-7.915043	-3.8603678
arabidopsis_lateral_root_founder_atlas:S1h_TCACAAGCAATACGAA	Arabidopsis thaliana	root	proximal meristem	unannotated root	False	-7.3914075	-2.3670597
arabidopsis_lateral_root_founder_atlas:S1h_TCACGGGGTGTCCGGT	Arabidopsis thaliana	root	proximal meristem	unannotated root	False	-7.929844	-2.3757148
arabidopsis_lateral_root_founder_atlas:S1h_TTCACGCCACATGACT	Arabidopsis thaliana	root	proximal meristem	unannotated root	False	-7.9688673	-3.6221557
arabidopsis_lateral_root_founder_atlas:S1h_TTGACCCTCGCTTACC	Arabidopsis thaliana	root	proximal meristem	unannotated root	False	-7.441812	-2.6501524
arabidopsis_lateral_root_founder_atlas:S3h_AACACACAGTGATAAC	Arabidopsis thaliana	root	proximal meristem	unannotated root	False	-7.482094	-2.5385108
arabidopsis_lateral_root_founder_atlas:S3h_ACCCTCATCGAACCTA	Arabidopsis thaliana	root	proximal meristem	unannotated root	False	-6.7205997	-2.59522
arabidopsis_lateral_root_founder_atlas:S3h_ACGTAGTCACCGTCGA	Arabidopsis thaliana	root	proximal meristem	unannotated root	False	-8.021116	-2.5434759
arabidopsis_lateral_root_founder_atlas:S3h_ACTTAGGAGGTGGCTA	Arabidopsis thaliana	root	proximal meristem	unannotated root	False	-7.838611	-2.4443274
arabidopsis_lateral_root_founder_atlas:S3h_AGTGTTGTCCTCATAT	Arabidopsis thaliana	root	proximal meristem	unannotated root	False	-6.7535443	-2.3841777
arabidopsis_lateral_root_founder_atlas:S3h_CCTCTCCGTAGGGAGG	Arabidopsis thaliana	root	proximal meristem	unannotated root	False	-8.194711	-3.5740018
arabidopsis_lateral_root_founder_atlas:S3h_CTAGGTACAGAGTCAG	Arabidopsis thaliana	root	proximal meristem	unannotated root	False	-6.733221	-2.0969439
arabidopsis_lateral_root_founder_atlas:S3h_GAGACCCGTATGAGAT	Arabidopsis thaliana	root	proximal meristem	unannotated root	False	-7.0656652	-1.9505861
arabidopsis_lateral_root_founder_atlas:S3h_TCCTCCCTCCAAGCCG	Arabidopsis thaliana	root	proximal meristem	unannotated root	False	-7.191524	-1.9733126
arabidopsis_lateral_root_founder_atlas:S3h_TCGCACTAGAGTCAGC	Arabidopsis thaliana	root	proximal meristem	unannotated root	False	-7.686346	-2.32884
arabidopsis_lateral_root_founder_atlas:S6h_TACCCGTAGGTCGACA	Arabidopsis thaliana	root	proximal meristem	unannotated root	False	-7.5089846	-3.5431437
arabidopsis_lateral_root_founder_atlas:S6h_TCGCAGGTCATGCCGG	Arabidopsis thaliana	root	proximal meristem	unannotated root	False	-7.4584517	-3.4765525
arabidopsis_lateral_root_founder_atlas:S0h_CTAGACACAGTGGTGA	Arabidopsis thaliana	root	proximal meristem	unannotated root	False	-6.7966747	-1.9325811
arabidopsis_lateral_root_founder_atlas:S0h_CTTCAATGTAAGGTCG	Arabidopsis thaliana	root	proximal meristem	unannotated root	False	-7.453066	-3.5348277
arabidopsis_lateral_root_founder_atlas:S0h_TACACCCGTGATTAGA	Arabidopsis thaliana	root	proximal meristem	unannotated root	False	-7.3186684	-2.329508
arabidopsis_lateral_root_founder_atlas:S0h_TGAATCGGTATGCGGA	Arabidopsis thaliana	root	proximal meristem	unannotated root	False	-5.4403815	-3.8355124
arabidopsis_lateral_root_founder_atlas:S0h_TGAGGAGTCAGGCGAA	Arabidopsis thaliana	root	proximal meristem	unannotated root	False	-6.932558	-3.4906144
arabidopsis_lateral_root_founder_atlas:S1h_ATGAGTCCAGCACGAA	Arabidopsis thaliana	root	proximal meristem	unannotated root	False	-8.240846	-3.2919157
arabidopsis_lateral_root_founder_atlas:S1h_CCGAACGCACACCGCA	Arabidopsis thaliana	root	proximal meristem	unannotated root	False	-7.308579	-3.50924
arabidopsis_lateral_root_founder_atlas:S1h_CCTTGTGAGCCTATCA	Arabidopsis thaliana	root	proximal meristem	unannotated root	False	-7.3589983	-2.1243649
arabidopsis_lateral_root_founder_atlas:S1h_CTACCTGTCGCCTTTG	Arabidopsis thaliana	root	proximal meristem	unannotated root	False	-7.4438853	-3.4686582
arabidopsis_lateral_root_founder_atlas:S1h_CTCACTGCAAGCGGAT	Arabidopsis thaliana	root	proximal meristem	unannotated root	False	-6.3569956	-2.8215487
arabidopsis_lateral_root_founder_atlas:S1h_GGGTCACCATGACCCG	Arabidopsis thaliana	root	proximal meristem	unannotated root	False	-7.913591	-3.6994655
arabidopsis_lateral_root_founder_atlas:S1h_TGCTCGTAGGTCGAGT	Arabidopsis thaliana	root	proximal meristem	unannotated root	False	-6.5964184	-2.8645446
arabidopsis_lateral_root_founder_atlas:S3h_GGGTCACCATAGGTTC	Arabidopsis thaliana	root	proximal meristem	unannotated root	False	-6.4373217	-2.9336264
arabidopsis_lateral_root_founder_atlas:S3h_GTCTGTCTCTTGCAAG	Arabidopsis thaliana	root	proximal meristem	unannotated root	False	-6.511067	-3.1090193
arabidopsis_lateral_root_founder_atlas:S0h_AAGTTCGTCTTTGGAG	Arabidopsis thaliana	root	stem cell niche	unannotated root	False	-7.28284	-3.3924894
arabidopsis_lateral_root_founder_atlas:S0h_AGTTCGACATTGGATC	Arabidopsis thaliana	root	stem cell niche	unannotated root	False	-7.605658	-2.6719534
arabidopsis_lateral_root_founder_atlas:S0h_GAAGGACTCTAACGCA	Arabidopsis thaliana	root	stem cell niche	unannotated root	False	-7.462312	-2.3890903
arabidopsis_lateral_root_founder_atlas:S0h_TGAGGTTCAAGCCCAC	Arabidopsis thaliana	root	stem cell niche	unannotated root	False	-7.294619	-3.7158945
arabidopsis_lateral_root_founder_atlas:S1h_AACTTCTGTCGTTCAA	Arabidopsis thaliana	root	stem cell niche	unannotated root	False	-7.270195	-2.3345647
arabidopsis_lateral_root_founder_atlas:S1h_AGGCCACCAGACCCGT	Arabidopsis thaliana	root	stem cell niche	unannotated root	False	-7.418283	-2.5069642
arabidopsis_lateral_root_founder_atlas:S1h_ATGACCAGTGGCTAGA	Arabidopsis thaliana	root	stem cell niche	unannotated root	False	-7.8822575	-3.0356681
arabidopsis_lateral_root_founder_atlas:S1h_ATTATCCCATCAGCTA	Arabidopsis thaliana	root	stem cell niche	unannotated root	False	-7.0786815	-1.9639856
arabidopsis_lateral_root_founder_atlas:S1h_CAAAGAACAGGATCTT	Arabidopsis thaliana	root	stem cell niche	unannotated root	False	-7.372943	-2.520547
arabidopsis_lateral_root_founder_atlas:S1h_CCCATTGTCCGCGAGT	Arabidopsis thaliana	root	stem cell niche	unannotated root	False	-6.880955	-2.1451395
arabidopsis_lateral_root_founder_atlas:S1h_CTTCTAAAGTGAGGTC	Arabidopsis thaliana	root	stem cell niche	unannotated root	False	-6.9554977	-1.9841529
arabidopsis_lateral_root_founder_atlas:S1h_TCATATCCATCGCCTT	Arabidopsis thaliana	root	stem cell niche	unannotated root	False	-7.4731994	-3.5455294
arabidopsis_lateral_root_founder_atlas:S1h_TCGGTCTTCTATTGTC	Arabidopsis thaliana	root	stem cell niche	unannotated root	False	-7.615279	-2.9877505
arabidopsis_lateral_root_founder_atlas:S1h_TTGTGGAAGATGCCGA	Arabidopsis thaliana	root	stem cell niche	unannotated root	False	-7.4287176	-3.771155
arabidopsis_lateral_root_founder_atlas:S1h_TTGTTCACAGTCCGTG	Arabidopsis thaliana	root	stem cell niche	unannotated root	False	-7.8621764	-2.5051997
arabidopsis_lateral_root_founder_atlas:S3h_CAATTTCAGAGTGAAG	Arabidopsis thaliana	root	stem cell niche	unannotated root	False	-7.465498	-2.9161642
arabidopsis_lateral_root_founder_atlas:S3h_CACGGGTGTACTCGAT	Arabidopsis thaliana	root	stem cell niche	unannotated root	False	-7.957964	-3.741501
arabidopsis_lateral_root_founder_atlas:S0h_GTAGGTTGTCTCCTGT	Arabidopsis thaliana	root	proximal meristem	unannotated root	False	-6.9449477	-2.4505322
arabidopsis_lateral_root_founder_atlas:S0h_TCATTGTAGCAATAGT	Arabidopsis thaliana	root	proximal meristem	unannotated root	False	-7.3850727	-2.7619774
arabidopsis_lateral_root_founder_atlas:S1h_ACACAGTTCACCATGA	Arabidopsis thaliana	root	proximal meristem	unannotated root	False	-6.568112	-3.3833437
arabidopsis_lateral_root_founder_atlas:S1h_ACTTATCCAGGAGGAG	Arabidopsis thaliana	root	proximal meristem	unannotated root	False	-7.5836	-3.1720135
arabidopsis_lateral_root_founder_atlas:S1h_AGAACAACACATCATG	Arabidopsis thaliana	root	proximal meristem	unannotated root	False	-6.357624	-3.224937
arabidopsis_lateral_root_founder_atlas:S1h_AGAAGTATCGAGAACG	Arabidopsis thaliana	root	proximal meristem	unannotated root	False	-7.1910033	-3.6112897
arabidopsis_lateral_root_founder_atlas:S1h_AGCATCAAGAGGTTTA	Arabidopsis thaliana	root	proximal meristem	unannotated root	False	-7.605998	-3.540741
arabidopsis_lateral_root_founder_atlas:S1h_AGGCTGCTCACTTGTT	Arabidopsis thaliana	root	proximal meristem	unannotated root	False	-7.6072993	-2.3235774
arabidopsis_lateral_root_founder_atlas:S1h_CAAGAGGTCCACAGCG	Arabidopsis thaliana	root	proximal meristem	unannotated root	False	-7.8017683	-3.452176
arabidopsis_lateral_root_founder_atlas:S1h_CAGCAATTCGGAATGG	Arabidopsis thaliana	root	proximal meristem	unannotated root	False	-7.5960274	-2.7254012
arabidopsis_lateral_root_founder_atlas:S1h_CATCAAGAGTTTGAGA	Arabidopsis thaliana	root	proximal meristem	unannotated root	False	-5.9495053	-3.4060235
arabidopsis_lateral_root_founder_atlas:S1h_CATGGTAGTTCCGGTG	Arabidopsis thaliana	root	proximal meristem	unannotated root	False	-7.2661433	-2.426251
arabidopsis_lateral_root_founder_atlas:S1h_CGTAATGTCTCTTAAC	Arabidopsis thaliana	root	proximal meristem	unannotated root	False	-6.611494	-3.3030465
arabidopsis_lateral_root_founder_atlas:S1h_CTAGACAGTTATAGCC	Arabidopsis thaliana	root	proximal meristem	unannotated root	False	-6.5500665	-2.175602
arabidopsis_lateral_root_founder_atlas:S1h_CTGTGGGTCCTTATGT	Arabidopsis thaliana	root	proximal meristem	unannotated root	False	-6.8828163	-3.0058703
arabidopsis_lateral_root_founder_atlas:S1h_GTGATGTGTTTCGCTC	Arabidopsis thaliana	root	proximal meristem	unannotated root	False	-7.1577277	-2.2974865
arabidopsis_lateral_root_founder_atlas:S1h_GTGGAGACAATCGTCA	Arabidopsis thaliana	root	proximal meristem	unannotated root	False	-6.8040686	-2.7664452
arabidopsis_lateral_root_founder_atlas:S1h_TAAGCCACACCAAATC	Arabidopsis thaliana	root	proximal meristem	unannotated root	False	-7.1713524	-2.0268736
arabidopsis_lateral_root_founder_atlas:S1h_TCAGTTTTCCACGGAC	Arabidopsis thaliana	root	proximal meristem	unannotated root	False	-7.907713	-2.6133237
arabidopsis_lateral_root_founder_atlas:S1h_TCATTACAGCGTTGTT	Arabidopsis thaliana	root	proximal meristem	unannotated root	False	-7.236276	-2.2740471
arabidopsis_lateral_root_founder_atlas:S1h_TCCTTTCAGTTTCGGT	Arabidopsis thaliana	root	proximal meristem	unannotated root	False	-5.4750433	-2.4719777
arabidopsis_lateral_root_founder_atlas:S3h_AAACGCTGTCTACAAC	Arabidopsis thaliana	root	proximal meristem	unannotated root	False	-6.4249263	-2.8282497
arabidopsis_lateral_root_founder_atlas:S3h_ACGATGTGTGATAGTA	Arabidopsis thaliana	root	proximal meristem	unannotated root	False	-6.59698	-2.7319386
arabidopsis_lateral_root_founder_atlas:S3h_AGCGCTGTCTCTTGCG	Arabidopsis thaliana	root	proximal meristem	unannotated root	False	-6.160687	-2.5658288
arabidopsis_lateral_root_founder_atlas:S3h_ATGAAAGGTACGATGG	Arabidopsis thaliana	root	proximal meristem	unannotated root	False	-6.8354735	-2.5068893
arabidopsis_lateral_root_founder_atlas:S3h_CCCGAAGTCCGCGGAT	Arabidopsis thaliana	root	proximal meristem	unannotated root	False	-6.769071	-2.0814106
arabidopsis_lateral_root_founder_atlas:S3h_CGATGCGTCACCACAA	Arabidopsis thaliana	root	proximal meristem	unannotated root	False	-7.0564675	-2.1362693
arabidopsis_lateral_root_founder_atlas:S3h_GAACTGTCACCGTCTT	Arabidopsis thaliana	root	proximal meristem	unannotated root	False	-5.3478093	-2.4281552
arabidopsis_lateral_root_founder_atlas:S3h_GACCCAGTCAATGCAC	Arabidopsis thaliana	root	proximal meristem	unannotated root	False	-5.7123966	-2.4731734
arabidopsis_lateral_root_founder_atlas:S3h_GACGCTGAGTATAGAC	Arabidopsis thaliana	root	proximal meristem	unannotated root	False	-6.9520497	-2.0242064
arabidopsis_lateral_root_founder_atlas:S3h_GAGTGAGCACCCTGTT	Arabidopsis thaliana	root	proximal meristem	unannotated root	False	-5.4874988	-3.902133
arabidopsis_lateral_root_founder_atlas:S3h_GATCACATCAGTGCGC	Arabidopsis thaliana	root	proximal meristem	unannotated root	False	-6.9050307	-2.6608503
arabidopsis_lateral_root_founder_atlas:S3h_GTCCTCATCATTGCCC	Arabidopsis thaliana	root	proximal meristem	unannotated root	False	-5.9537745	-3.0243247
arabidopsis_lateral_root_founder_atlas:S3h_GTTTACTAGCAGAAAG	Arabidopsis thaliana	root	proximal meristem	unannotated root	False	-7.468035	-3.006875
arabidopsis_lateral_root_founder_atlas:S3h_TCACTCGAGTTGGACG	Arabidopsis thaliana	root	proximal meristem	unannotated root	False	-7.760396	-3.921042
arabidopsis_lateral_root_founder_atlas:S3h_TCAGTCCCATTCACAG	Arabidopsis thaliana	root	proximal meristem	unannotated root	False	-6.871102	-1.8820425
arabidopsis_lateral_root_founder_atlas:S3h_TTGCATTTCATTGAGC	Arabidopsis thaliana	root	proximal meristem	unannotated root	False	-6.538293	-2.1899476
arabidopsis_lateral_root_founder_atlas:S3h_TTGTGTTTCGTTCTGC	Arabidopsis thaliana	root	proximal meristem	unannotated root	False	-8.113217	-3.434902
arabidopsis_lateral_root_founder_atlas:S6h_CACTAAGCATGTTCGA	Arabidopsis thaliana	root	proximal meristem	unannotated root	False	-6.7963996	-2.932182
arabidopsis_lateral_root_founder_atlas:S6h_TCCTCCCGTAGCGTAG	Arabidopsis thaliana	root	proximal meristem	unannotated root	False	-7.8884935	-3.457048
arabidopsis_lateral_root_founder_atlas:S6h_TGCATCCGTTGGCCTG	Arabidopsis thaliana	root	proximal meristem	unannotated root	False	-6.530131	-3.0093987
arabidopsis_lateral_root_founder_atlas:S0h_CTGTATTCACACCGCA	Arabidopsis thaliana	root	endodermis	unannotated root	False	-5.3688445	-3.112062
arabidopsis_lateral_root_founder_atlas:S0h_TAGGGTTGTGTTGATC	Arabidopsis thaliana	root	endodermis	unannotated root	False	-5.211433	-4.112225
arabidopsis_lateral_root_founder_atlas:S1h_CAAGAGGGTATCCCTC	Arabidopsis thaliana	root	endodermis	unannotated root	False	-5.2156096	-4.08976
arabidopsis_lateral_root_founder_atlas:S1h_TTGGGCGGTGGGCTTC	Arabidopsis thaliana	root	endodermis	unannotated root	False	-5.1323338	-4.1907144
arabidopsis_lateral_root_founder_atlas:S3h_ACTTTCAGTAGCGTTT	Arabidopsis thaliana	root	endodermis	unannotated root	False	-5.2225423	-4.0687675
arabidopsis_lateral_root_founder_atlas:S3h_CGGGTGTAGTTAGTAG	Arabidopsis thaliana	root	endodermis	unannotated root	False	-5.1578207	-4.06998
arabidopsis_lateral_root_founder_atlas:S3h_GAGACCCTCGGAGTAG	Arabidopsis thaliana	root	endodermis	unannotated root	False	-5.372784	-3.9210627
arabidopsis_lateral_root_founder_atlas:S3h_GAGTTGTGTAGCACAG	Arabidopsis thaliana	root	endodermis	unannotated root	False	-5.198027	-3.9256716
arabidopsis_lateral_root_founder_atlas:S3h_GTGAGCCGTGAATTGA	Arabidopsis thaliana	root	endodermis	unannotated root	False	-5.2114286	-4.0697675
arabidopsis_lateral_root_founder_atlas:S3h_TGGAGAGCATGTTCGA	Arabidopsis thaliana	root	endodermis	unannotated root	False	-5.0704966	-4.254227
arabidopsis_lateral_root_founder_atlas:S6h_AGTACTGAGTAAGCAT	Arabidopsis thaliana	root	endodermis	unannotated root	False	-5.6344447	-3.676434
arabidopsis_lateral_root_founder_atlas:S6h_ATCGTGAAGTAAACAC	Arabidopsis thaliana	root	endodermis	unannotated root	False	-5.195172	-4.112967
arabidopsis_lateral_root_founder_atlas:S6h_ATCTTCACAGTGTATC	Arabidopsis thaliana	root	endodermis	unannotated root	False	-5.254624	-3.0380607
arabidopsis_lateral_root_founder_atlas:S6h_CATCCACCACGATAGG	Arabidopsis thaliana	root	endodermis	unannotated root	False	-5.2793565	-4.015639
arabidopsis_lateral_root_founder_atlas:S6h_CCACACTTCGCAACAT	Arabidopsis thaliana	root	endodermis	unannotated root	False	-5.3449936	-3.8956885
arabidopsis_lateral_root_founder_atlas:S6h_CCTATCGAGTTGAAGT	Arabidopsis thaliana	root	endodermis	unannotated root	False	-5.330529	-2.8948946
arabidopsis_lateral_root_founder_atlas:S6h_CGAGAAGTCCATATGG	Arabidopsis thaliana	root	endodermis	unannotated root	False	-7.2719636	-3.5555305
arabidopsis_lateral_root_founder_atlas:S6h_CGTCAAACAACAACAA	Arabidopsis thaliana	root	endodermis	unannotated root	False	-5.2289906	-4.0637074
arabidopsis_lateral_root_founder_atlas:S6h_GATCACACAGAGGCAT	Arabidopsis thaliana	root	endodermis	unannotated root	False	-5.1387706	-4.148514
arabidopsis_lateral_root_founder_atlas:S6h_GCTTTCGGTCCCTGAG	Arabidopsis thaliana	root	endodermis	unannotated root	False	-5.196937	-4.1020336
arabidopsis_lateral_root_founder_atlas:S6h_TAACCAGTCGCGCTGA	Arabidopsis thaliana	root	endodermis	unannotated root	False	-6.1104116	-2.3443856
arabidopsis_lateral_root_founder_atlas:S6h_TCCGAAAGTTGGGATG	Arabidopsis thaliana	root	endodermis	unannotated root	False	-5.421155	-3.8321366
arabidopsis_lateral_root_founder_atlas:S6h_TCCGATCCAGTTCCAA	Arabidopsis thaliana	root	endodermis	unannotated root	False	-5.326325	-2.7717543
arabidopsis_lateral_root_founder_atlas:S6h_TCGCAGGGTCTGCAAT	Arabidopsis thaliana	root	endodermis	unannotated root	False	-3.096154	-6.7139635
arabidopsis_lateral_root_founder_atlas:S6h_TGATGCATCAGCGTCG	Arabidopsis thaliana	root	endodermis	unannotated root	False	-7.1368184	-3.5457222
arabidopsis_lateral_root_founder_atlas:S6h_TGCTCCAGTGGGTCAA	Arabidopsis thaliana	root	endodermis	unannotated root	False	-5.276048	-4.102438
arabidopsis_lateral_root_founder_atlas:S3h_CTACGGGGTAGTGCGA	Arabidopsis thaliana	root	stem cell niche	unannotated root	False	-6.644614	-1.969699
arabidopsis_lateral_root_founder_atlas:S3h_GATCACAAGCTAAGTA	Arabidopsis thaliana	root	stem cell niche	unannotated root	False	-5.7521386	-2.2066023
arabidopsis_lateral_root_founder_atlas:S6h_CAGATCAAGACATGCG	Arabidopsis thaliana	root	stem cell niche	unannotated root	False	-6.092733	-2.271404
arabidopsis_lateral_root_founder_atlas:S6h_GGCAGTCTCCGCAAAT	Arabidopsis thaliana	root	stem cell niche	unannotated root	False	-5.5503254	-2.3219163
arabidopsis_lateral_root_founder_atlas:S3h_ACTCTCGTCTACTGCC	Arabidopsis thaliana	root	stem cell niche	unannotated root	False	-6.6998224	-2.6999161
arabidopsis_lateral_root_founder_atlas:S3h_ACTTTGTGTCACTCTC	Arabidopsis thaliana	root	stem cell niche	unannotated root	False	-5.4167213	-2.3235543
arabidopsis_lateral_root_founder_atlas:S3h_AGCATCACACGAGAAC	Arabidopsis thaliana	root	stem cell niche	unannotated root	False	-5.362522	-2.4971354
arabidopsis_lateral_root_founder_atlas:S3h_AGGGTGATCCCATTCG	Arabidopsis thaliana	root	stem cell niche	unannotated root	False	-5.76037	-2.2651496
arabidopsis_lateral_root_founder_atlas:S3h_CCAAGCGAGGAATTAC	Arabidopsis thaliana	root	stem cell niche	unannotated root	False	-7.4309044	-3.038146
arabidopsis_lateral_root_founder_atlas:S3h_CCTCATGCAACCACGC	Arabidopsis thaliana	root	stem cell niche	unannotated root	False	-5.6257997	-2.2787797
arabidopsis_lateral_root_founder_atlas:S3h_GTCGAATCAGACCATT	Arabidopsis thaliana	root	stem cell niche	unannotated root	False	-6.7333884	-2.248984
arabidopsis_lateral_root_founder_atlas:S3h_GTGTGATAGAGCAGCT	Arabidopsis thaliana	root	stem cell niche	unannotated root	False	-5.3312435	-2.3455977
arabidopsis_lateral_root_founder_atlas:S3h_TATTGCTGTACTAACC	Arabidopsis thaliana	root	stem cell niche	unannotated root	False	-7.0900035	-2.7565658
arabidopsis_lateral_root_founder_atlas:S3h_TTCTTCCTCTGCCCTA	Arabidopsis thaliana	root	stem cell niche	unannotated root	False	-5.355909	-2.6192613
arabidopsis_lateral_root_founder_atlas:S6h_AAACGAAGTATTCCGA	Arabidopsis thaliana	root	stem cell niche	unannotated root	False	-5.6970434	-2.661967
arabidopsis_lateral_root_founder_atlas:S6h_AAAGAACCATGTACGT	Arabidopsis thaliana	root	stem cell niche	unannotated root	False	-6.3969173	-2.2303271
arabidopsis_lateral_root_founder_atlas:S6h_ACTTCCGCAACACGAG	Arabidopsis thaliana	root	stem cell niche	unannotated root	False	-5.8157635	-2.59282
arabidopsis_lateral_root_founder_atlas:S6h_AGGCATTGTGGCATCC	Arabidopsis thaliana	root	stem cell niche	unannotated root	False	-5.31102	-2.4567683
arabidopsis_lateral_root_founder_atlas:S6h_AGGCTGCTCGGTCGGT	Arabidopsis thaliana	root	stem cell niche	unannotated root	False	-6.00933	-2.4502785
arabidopsis_lateral_root_founder_atlas:S6h_ATCATTCCAGTGAGCA	Arabidopsis thaliana	root	stem cell niche	unannotated root	False	-5.3006277	-2.8864937
arabidopsis_lateral_root_founder_atlas:S6h_CAATTTCGTCGATTTG	Arabidopsis thaliana	root	stem cell niche	unannotated root	False	-6.7866592	-3.0539212
arabidopsis_lateral_root_founder_atlas:S6h_CCTCCTCTCTTTCGAT	Arabidopsis thaliana	root	stem cell niche	unannotated root	False	-5.2641907	-2.5057716
arabidopsis_lateral_root_founder_atlas:S6h_CTACAGAGTCACAGTT	Arabidopsis thaliana	root	stem cell niche	unannotated root	False	-5.743447	-2.5632958
arabidopsis_lateral_root_founder_atlas:S6h_CTATCTACACAAGCTT	Arabidopsis thaliana	root	stem cell niche	unannotated root	False	-5.3489394	-2.407134
arabidopsis_lateral_root_founder_atlas:S6h_CTGTAGATCGTGGAAG	Arabidopsis thaliana	root	stem cell niche	unannotated root	False	-5.977491	-2.5580013
arabidopsis_lateral_root_founder_atlas:S6h_GCAACATCACAATGCT	Arabidopsis thaliana	root	stem cell niche	unannotated root	False	-5.5427055	-2.257078
arabidopsis_lateral_root_founder_atlas:S6h_GCTGGGTGTAAGGCCA	Arabidopsis thaliana	root	stem cell niche	unannotated root	False	-5.436894	-2.4891975
arabidopsis_lateral_root_founder_atlas:S6h_TACTTACTCTGATTCT	Arabidopsis thaliana	root	stem cell niche	unannotated root	False	-5.892278	-3.2857275
arabidopsis_lateral_root_founder_atlas:S6h_TCAAGCACAGGAGGTT	Arabidopsis thaliana	root	stem cell niche	unannotated root	False	-5.320188	-3.587353
arabidopsis_lateral_root_founder_atlas:S6h_TCAGGTAGTTCAGGTT	Arabidopsis thaliana	root	stem cell niche	unannotated root	False	-5.2702	-2.6434646
arabidopsis_lateral_root_founder_atlas:S6h_TCTCAGCTCTTACACT	Arabidopsis thaliana	root	stem cell niche	unannotated root	False	-5.233004	-2.6859317
arabidopsis_lateral_root_founder_atlas:S6h_TGGATGTTCGACATTG	Arabidopsis thaliana	root	stem cell niche	unannotated root	False	-5.3591647	-2.5992074
arabidopsis_lateral_root_founder_atlas:S6h_TGTCCCACAAAGACGC	Arabidopsis thaliana	root	stem cell niche	unannotated root	False	-5.3552365	-2.3963418
arabidopsis_lateral_root_founder_atlas:S1h_TCAAGTGAGTGAACAT	Arabidopsis thaliana	root	stem cell niche	unannotated root	False	-7.3482356	-2.6434886
arabidopsis_lateral_root_founder_atlas:S3h_ATTGTTCAGTCTCCTC	Arabidopsis thaliana	root	stem cell niche	unannotated root	False	-7.289859	-2.0197809
arabidopsis_lateral_root_founder_atlas:S3h_CTCACTGCAATAGGAT	Arabidopsis thaliana	root	stem cell niche	unannotated root	False	-5.924573	-2.5512373
arabidopsis_lateral_root_founder_atlas:S3h_GCCGTGACAAACCGGA	Arabidopsis thaliana	root	stem cell niche	unannotated root	False	-7.249171	-2.3521094
arabidopsis_lateral_root_founder_atlas:S3h_TACCCGTGTCGTTTCC	Arabidopsis thaliana	root	stem cell niche	unannotated root	False	-5.986064	-3.1835494
arabidopsis_lateral_root_founder_atlas:S3h_TGCATGAGTTACCTTT	Arabidopsis thaliana	root	stem cell niche	unannotated root	False	-6.27591	-3.1909258
arabidopsis_lateral_root_founder_atlas:S3h_TGTCCACGTGTATTGC	Arabidopsis thaliana	root	stem cell niche	unannotated root	False	-7.1062136	-2.272841
arabidopsis_lateral_root_founder_atlas:S3h_GTTTACTTCTACCTTA	Arabidopsis thaliana	root	stem cell niche	unannotated root	False	-5.792996	-2.3255334
arabidopsis_lateral_root_founder_atlas:S6h_AAAGGATGTCCTTGTC	Arabidopsis thaliana	root	stem cell niche	unannotated root	False	-5.8864236	-2.53149
arabidopsis_lateral_root_founder_atlas:S6h_CCTACGTCATGACTCA	Arabidopsis thaliana	root	stem cell niche	unannotated root	False	-5.4588113	-2.418036
arabidopsis_lateral_root_founder_atlas:S6h_GGAATGGGTTACGCCG	Arabidopsis thaliana	root	stem cell niche	unannotated root	False	-5.8730993	-2.9444788
arabidopsis_lateral_root_founder_atlas:S6h_GTAACCAGTCTGCCTT	Arabidopsis thaliana	root	stem cell niche	unannotated root	False	-6.2542834	-2.5973377
arabidopsis_callus_regeneration_scrna:GSM7453799_7DAC:AAAGTCCAGAGCTGAC-1	Arabidopsis thaliana	callus	unannotated	Mesophyll	False	6.7879906	-7.6794295
arabidopsis_callus_regeneration_scrna:GSM7453799_7DAC:AAAGTGAGTCGAGCTC-1	Arabidopsis thaliana	callus	unannotated	Mesophyll	False	6.33612	-7.223996
arabidopsis_callus_regeneration_scrna:GSM7453799_7DAC:AACAAAGTCCGCTGTT-1	Arabidopsis thaliana	callus	unannotated	Mesophyll	False	6.2736225	-8.154393
arabidopsis_callus_regeneration_scrna:GSM7453799_7DAC:AAGTCGTGTCATGGCC-1	Arabidopsis thaliana	callus	unannotated	Mesophyll	False	7.012067	-7.999659
arabidopsis_callus_regeneration_scrna:GSM7453799_7DAC:AATGCCAGTTGGGAAC-1	Arabidopsis thaliana	callus	unannotated	Mesophyll	False	6.843886	-7.73373
arabidopsis_callus_regeneration_scrna:GSM7453799_7DAC:ACAAAGAAGTCACGCC-1	Arabidopsis thaliana	callus	unannotated	Mesophyll	False	6.371962	-8.485271
arabidopsis_callus_regeneration_scrna:GSM7453799_7DAC:ACCAACACACCGAATT-1	Arabidopsis thaliana	callus	unannotated	Mesophyll	False	5.936161	-7.27111
arabidopsis_callus_regeneration_scrna:GSM7453799_7DAC:ACCAACACAGTCCGTG-1	Arabidopsis thaliana	callus	unannotated	Mesophyll	False	7.277236	-7.8976493
arabidopsis_callus_regeneration_scrna:GSM7453799_7DAC:ACCACAAAGACGAAGA-1	Arabidopsis thaliana	callus	unannotated	Mesophyll	False	5.672452	-6.648555
arabidopsis_callus_regeneration_scrna:GSM7453799_7DAC:ACCATTTAGTCGAGGT-1	Arabidopsis thaliana	callus	unannotated	Mesophyll	False	7.186752	-7.794909
arabidopsis_callus_regeneration_scrna:GSM7453799_7DAC:ACCTGTCTCGACATCA-1	Arabidopsis thaliana	callus	unannotated	Mesophyll	False	6.5160136	-8.509768
arabidopsis_callus_regeneration_scrna:GSM7453799_7DAC:ACGATGTGTATGCTAC-1	Arabidopsis thaliana	callus	unannotated	Mesophyll	False	6.766852	-7.4697223
arabidopsis_callus_regeneration_scrna:GSM7453799_7DAC:ACGTACATCATCGACA-1	Arabidopsis thaliana	callus	unannotated	Mesophyll	False	5.123177	-7.075138
arabidopsis_callus_regeneration_scrna:GSM7453799_7DAC:ACGTTCCCATCCTATT-1	Arabidopsis thaliana	callus	unannotated	Mesophyll	False	5.9324174	-7.9210057
arabidopsis_callus_regeneration_scrna:GSM7453799_7DAC:ACTACGATCCTCACCA-1	Arabidopsis thaliana	callus	unannotated	Mesophyll	False	4.912741	-7.8184667
arabidopsis_callus_regeneration_scrna:GSM7453799_7DAC:ACTGCAATCGCTGCGA-1	Arabidopsis thaliana	callus	unannotated	Mesophyll	False	6.3070893	-8.357432
arabidopsis_callus_regeneration_scrna:GSM7453799_7DAC:ACTGTGATCAATCTCT-1	Arabidopsis thaliana	callus	unannotated	Mesophyll	False	5.414184	-7.9915433
arabidopsis_callus_regeneration_scrna:GSM7453799_7DAC:ACTTAGGGTCCGAAGA-1	Arabidopsis thaliana	callus	unannotated	Mesophyll	False	7.1468277	-7.734239
arabidopsis_callus_regeneration_scrna:GSM7453799_7DAC:AGAAATGTCCATTGGA-1	Arabidopsis thaliana	callus	unannotated	Mesophyll	False	7.2644753	-7.624231
arabidopsis_callus_regeneration_scrna:GSM7453799_7DAC:AGAAGCGAGACGAAGA-1	Arabidopsis thaliana	callus	unannotated	Mesophyll	False	6.612255	-8.559711
arabidopsis_callus_regeneration_scrna:GSM7453799_7DAC:AGACAGGCATTGCCTC-1	Arabidopsis thaliana	callus	unannotated	Mesophyll	False	5.28158	-7.942754
arabidopsis_callus_regeneration_scrna:GSM7453799_7DAC:AGACCATGTCGGATTT-1	Arabidopsis thaliana	callus	unannotated	Mesophyll	False	6.608599	-8.0315695
arabidopsis_callus_regeneration_scrna:GSM7453799_7DAC:AGACCCGGTGAATGTA-1	Arabidopsis thaliana	callus	unannotated	Mesophyll	False	6.726584	-8.331975
arabidopsis_callus_regeneration_scrna:GSM7453799_7DAC:AGACTCAGTCTCGGAC-1	Arabidopsis thaliana	callus	unannotated	Mesophyll	False	6.8013425	-7.781704
arabidopsis_callus_regeneration_scrna:GSM7453799_7DAC:AGATAGATCTTTCTAG-1	Arabidopsis thaliana	callus	unannotated	Mesophyll	False	5.418472	-8.03449
arabidopsis_callus_regeneration_scrna:GSM7453799_7DAC:AGCATCAGTAACAGGC-1	Arabidopsis thaliana	callus	unannotated	Mesophyll	False	4.9663496	-7.343359
arabidopsis_callus_regeneration_scrna:GSM7453799_7DAC:AGCCACGCAACTTGGT-1	Arabidopsis thaliana	callus	unannotated	Mesophyll	False	5.771067	-6.9242797
arabidopsis_callus_regeneration_scrna:GSM7453799_7DAC:AGCGCTGTCAGCGCAC-1	Arabidopsis thaliana	callus	unannotated	Mesophyll	False	7.1842103	-7.8387766
arabidopsis_callus_regeneration_scrna:GSM7453799_7DAC:AGCGTATAGACCATTC-1	Arabidopsis thaliana	callus	unannotated	Mesophyll	False	6.4942455	-8.462635
arabidopsis_callus_regeneration_scrna:GSM7453799_7DAC:AGGACTTAGCGATGAC-1	Arabidopsis thaliana	callus	unannotated	Mesophyll	False	6.7142706	-7.43159
arabidopsis_callus_regeneration_scrna:GSM7453799_7DAC:AGGAGGTTCTAATTCC-1	Arabidopsis thaliana	callus	unannotated	Mesophyll	False	5.3682594	-6.634096
arabidopsis_callus_regeneration_scrna:GSM7453799_7DAC:AGGGCCTCAAGAAATC-1	Arabidopsis thaliana	callus	unannotated	Mesophyll	False	5.16722	-6.9999113
arabidopsis_callus_regeneration_scrna:GSM7453799_7DAC:AGGTCATCACTGTGAT-1	Arabidopsis thaliana	callus	unannotated	Mesophyll	False	5.7403316	-6.626663
arabidopsis_callus_regeneration_scrna:GSM7453799_7DAC:AGGTGTTAGTGGTCAG-1	Arabidopsis thaliana	callus	unannotated	Mesophyll	False	5.392693	-7.7374067
arabidopsis_callus_regeneration_scrna:GSM7453799_7DAC:AGTCTCCGTAGTCTTG-1	Arabidopsis thaliana	callus	unannotated	Mesophyll	False	6.5553846	-8.629018
arabidopsis_callus_regeneration_scrna:GSM7453799_7DAC:AGTGTTGAGCACTAGG-1	Arabidopsis thaliana	callus	unannotated	Mesophyll	False	7.289658	-8.016724
arabidopsis_callus_regeneration_scrna:GSM7453799_7DAC:ATAGGCTCACCTCTAC-1	Arabidopsis thaliana	callus	unannotated	Mesophyll	False	5.7048593	-7.567307
arabidopsis_callus_regeneration_scrna:GSM7453799_7DAC:ATCGGCGAGTATGAAC-1	Arabidopsis thaliana	callus	unannotated	Mesophyll	False	6.581961	-8.676907
arabidopsis_callus_regeneration_scrna:GSM7453799_7DAC:ATCTCTATCTGTGTGA-1	Arabidopsis thaliana	callus	unannotated	Mesophyll	False	6.289308	-8.454456
arabidopsis_callus_regeneration_scrna:GSM7453799_7DAC:ATCTTCACACGCTGTG-1	Arabidopsis thaliana	callus	unannotated	Mesophyll	False	5.844466	-6.1609063
arabidopsis_callus_regeneration_scrna:GSM7453799_7DAC:ATGGAGGGTAACTAAG-1	Arabidopsis thaliana	callus	unannotated	Mesophyll	False	6.5785155	-8.0548725
arabidopsis_callus_regeneration_scrna:GSM7453799_7DAC:ATTACTCGTACAAGTA-1	Arabidopsis thaliana	callus	unannotated	Mesophyll	False	6.945855	-7.534778
arabidopsis_callus_regeneration_scrna:GSM7453799_7DAC:ATTACTCTCACGGAGA-1	Arabidopsis thaliana	callus	unannotated	Mesophyll	False	6.910184	-8.308755
arabidopsis_callus_regeneration_scrna:GSM7453799_7DAC:ATTGGGTAGGGAGAAT-1	Arabidopsis thaliana	callus	unannotated	Mesophyll	False	5.3327155	-6.851395
arabidopsis_callus_regeneration_scrna:GSM7453799_7DAC:ATTGGGTGTTCGCGTG-1	Arabidopsis thaliana	callus	unannotated	Mesophyll	False	6.234744	-6.8600416
arabidopsis_callus_regeneration_scrna:GSM7453799_7DAC:CAACAACAGAAGCTGC-1	Arabidopsis thaliana	callus	unannotated	Mesophyll	False	5.812959	-7.4283175
arabidopsis_callus_regeneration_scrna:GSM7453799_7DAC:CAACCTCTCGAGTCCG-1	Arabidopsis thaliana	callus	unannotated	Mesophyll	False	5.845744	-7.3390985
arabidopsis_callus_regeneration_scrna:GSM7453799_7DAC:CAACGGCGTATGAGAT-1	Arabidopsis thaliana	callus	unannotated	Mesophyll	False	6.088109	-7.523891
arabidopsis_callus_regeneration_scrna:GSM7453799_7DAC:CAAGGGAGTAGTGCGA-1	Arabidopsis thaliana	callus	unannotated	Mesophyll	False	5.9517527	-6.404339
arabidopsis_callus_regeneration_scrna:GSM7453799_7DAC:CACAGGCGTGCGAACA-1	Arabidopsis thaliana	callus	unannotated	Mesophyll	False	6.016243	-8.181753
arabidopsis_callus_regeneration_scrna:GSM7453799_7DAC:CACGGGTAGGAGCTGT-1	Arabidopsis thaliana	callus	unannotated	Mesophyll	False	7.2657623	-7.7630196
arabidopsis_callus_regeneration_scrna:GSM7453799_7DAC:CACTGAACAATAGGAT-1	Arabidopsis thaliana	callus	unannotated	Mesophyll	False	7.3221016	-7.8379846
arabidopsis_callus_regeneration_scrna:GSM7453799_7DAC:CAGATACAGGCGAACT-1	Arabidopsis thaliana	callus	unannotated	Mesophyll	False	6.6289124	-8.474641
arabidopsis_callus_regeneration_scrna:GSM7453799_7DAC:CAGCACGAGTGAGGTC-1	Arabidopsis thaliana	callus	unannotated	Mesophyll	False	7.0515018	-7.84237
arabidopsis_callus_regeneration_scrna:GSM7453799_7DAC:CAGTTAGAGTGCCAGA-1	Arabidopsis thaliana	callus	unannotated	Mesophyll	False	5.84429	-6.398428
arabidopsis_callus_regeneration_scrna:GSM7453799_7DAC:CATAGACTCAGCGGAA-1	Arabidopsis thaliana	callus	unannotated	Mesophyll	False	7.1520433	-7.920686
arabidopsis_callus_regeneration_scrna:GSM7453799_7DAC:CATGCTCAGGAGGCAG-1	Arabidopsis thaliana	callus	unannotated	Mesophyll	False	6.8712044	-7.9293222
arabidopsis_callus_regeneration_scrna:GSM7453799_7DAC:CATGGTAGTATGACAA-1	Arabidopsis thaliana	callus	unannotated	Mesophyll	False	6.620374	-7.933731
arabidopsis_callus_regeneration_scrna:GSM7453799_7DAC:CCACGTTGTAGCTGTT-1	Arabidopsis thaliana	callus	unannotated	Mesophyll	False	6.7890735	-8.3134775
arabidopsis_callus_regeneration_scrna:GSM7453799_7DAC:CCCTTAGAGATTAGCA-1	Arabidopsis thaliana	callus	unannotated	Mesophyll	False	5.4659142	-6.6446357
arabidopsis_callus_regeneration_scrna:GSM7453799_7DAC:CCGATCTCAAACACCT-1	Arabidopsis thaliana	callus	unannotated	Mesophyll	False	5.1575623	-7.9274464
arabidopsis_callus_regeneration_scrna:GSM7453799_7DAC:CCGTAGGAGCGGTAGT-1	Arabidopsis thaliana	callus	unannotated	Mesophyll	False	7.0349126	-8.264994
arabidopsis_callus_regeneration_scrna:GSM7453799_7DAC:CCGTAGGGTGCAACGA-1	Arabidopsis thaliana	callus	unannotated	Mesophyll	False	5.957133	-7.267535
arabidopsis_callus_regeneration_scrna:GSM7453799_7DAC:CCTCAGTGTTGGGTAG-1	Arabidopsis thaliana	callus	unannotated	Mesophyll	False	6.89828	-7.9880137
arabidopsis_callus_regeneration_scrna:GSM7453799_7DAC:CCTCCTCAGGACAACC-1	Arabidopsis thaliana	callus	unannotated	Mesophyll	False	5.7871785	-7.006171
arabidopsis_callus_regeneration_scrna:GSM7453799_7DAC:CGAAGGAGTCCAAATC-1	Arabidopsis thaliana	callus	unannotated	Mesophyll	False	6.3695354	-8.522953
arabidopsis_callus_regeneration_scrna:GSM7453799_7DAC:CGAAGGATCTCGAGTA-1	Arabidopsis thaliana	callus	unannotated	Mesophyll	False	6.5241847	-7.9214983
arabidopsis_callus_regeneration_scrna:GSM7453799_7DAC:CGAGTGCTCACTTATC-1	Arabidopsis thaliana	callus	unannotated	Mesophyll	False	7.0318594	-7.6355777
arabidopsis_callus_regeneration_scrna:GSM7453799_7DAC:CGATCGGCATCCGAGC-1	Arabidopsis thaliana	callus	unannotated	Mesophyll	False	5.8112855	-6.3693132
arabidopsis_callus_regeneration_scrna:GSM7453799_7DAC:CGGAATTAGTCATCCA-1	Arabidopsis thaliana	callus	unannotated	Mesophyll	False	7.0298657	-8.02537
arabidopsis_callus_regeneration_scrna:GSM7453799_7DAC:CGGCAGTTCTCGTGAA-1	Arabidopsis thaliana	callus	unannotated	Mesophyll	False	6.90797	-7.7128477
arabidopsis_callus_regeneration_scrna:GSM7453799_7DAC:CGGGTGTTCATAGCAC-1	Arabidopsis thaliana	callus	unannotated	Mesophyll	False	5.760175	-7.555806
arabidopsis_callus_regeneration_scrna:GSM7453799_7DAC:CGTCAAATCGACATAC-1	Arabidopsis thaliana	callus	unannotated	Mesophyll	False	7.230836	-8.028395
arabidopsis_callus_regeneration_scrna:GSM7453799_7DAC:CTACTATAGTCTTCCC-1	Arabidopsis thaliana	callus	unannotated	Mesophyll	False	5.831787	-6.8899593
arabidopsis_callus_regeneration_scrna:GSM7453799_7DAC:CTCAAGATCTCGGGAC-1	Arabidopsis thaliana	callus	unannotated	Mesophyll	False	6.837645	-7.7661114
arabidopsis_callus_regeneration_scrna:GSM7453799_7DAC:CTCTCAGCAATTGCTG-1	Arabidopsis thaliana	callus	unannotated	Mesophyll	False	6.14871	-8.259976
arabidopsis_callus_regeneration_scrna:GSM7453799_7DAC:CTCTCAGGTGTCGATT-1	Arabidopsis thaliana	callus	unannotated	Mesophyll	False	5.659134	-7.3438964
arabidopsis_callus_regeneration_scrna:GSM7453799_7DAC:CTGCAGGGTGTTATCG-1	Arabidopsis thaliana	callus	unannotated	Mesophyll	False	5.037004	-7.2010517
arabidopsis_callus_regeneration_scrna:GSM7453799_7DAC:CTTAGGACAGTCGGAA-1	Arabidopsis thaliana	callus	unannotated	Mesophyll	False	6.787358	-7.75083
arabidopsis_callus_regeneration_scrna:GSM7453799_7DAC:CTTTCAAGTACCAGAG-1	Arabidopsis thaliana	callus	unannotated	Mesophyll	False	6.4732413	-8.580577
arabidopsis_callus_regeneration_scrna:GSM7453799_7DAC:GAACGTTCAGTAGATA-1	Arabidopsis thaliana	callus	unannotated	Mesophyll	False	5.688374	-7.063063
arabidopsis_callus_regeneration_scrna:GSM7453799_7DAC:GAAGCGATCTGTCTCG-1	Arabidopsis thaliana	callus	unannotated	Mesophyll	False	6.5725565	-8.620222
arabidopsis_callus_regeneration_scrna:GSM7453799_7DAC:GAAGTAAAGGCACTCC-1	Arabidopsis thaliana	callus	unannotated	Mesophyll	False	5.755666	-6.951508
arabidopsis_callus_regeneration_scrna:GSM7453799_7DAC:GAAGTAACACACCGCA-1	Arabidopsis thaliana	callus	unannotated	Mesophyll	False	5.794293	-6.264671
arabidopsis_callus_regeneration_scrna:GSM7453799_7DAC:GACATCAGTCGAACGA-1	Arabidopsis thaliana	callus	unannotated	Mesophyll	False	5.528968	-6.812112
arabidopsis_callus_regeneration_scrna:GSM7453799_7DAC:GACCCTTCAACATCGT-1	Arabidopsis thaliana	callus	unannotated	Mesophyll	False	5.5538855	-7.1093173
arabidopsis_callus_regeneration_scrna:GSM7453799_7DAC:GAGACTTCAGAAGTTA-1	Arabidopsis thaliana	callus	unannotated	Mesophyll	False	6.356299	-8.447969
arabidopsis_callus_regeneration_scrna:GSM7453799_7DAC:GAGTTGTGTGGACCTC-1	Arabidopsis thaliana	callus	unannotated	Mesophyll	False	5.732958	-7.234557
arabidopsis_callus_regeneration_scrna:GSM7453799_7DAC:GATAGAACACAAGCTT-1	Arabidopsis thaliana	callus	unannotated	Mesophyll	False	6.734819	-7.8888392
arabidopsis_callus_regeneration_scrna:GSM7453799_7DAC:GATAGAAGTAGCGCTC-1	Arabidopsis thaliana	callus	unannotated	Mesophyll	False	6.9383626	-7.923236
arabidopsis_callus_regeneration_scrna:GSM7453799_7DAC:GATCACATCATTGGTG-1	Arabidopsis thaliana	callus	unannotated	Mesophyll	False	5.8734026	-6.5174813
arabidopsis_callus_regeneration_scrna:GSM7453799_7DAC:GCATTAGTCATACGAC-1	Arabidopsis thaliana	callus	unannotated	Mesophyll	False	5.967838	-7.2356434
arabidopsis_callus_regeneration_scrna:GSM7453799_7DAC:GCCCGAACAAGGCCTC-1	Arabidopsis thaliana	callus	unannotated	Mesophyll	False	5.9071684	-6.972359
arabidopsis_callus_regeneration_scrna:GSM7453799_7DAC:GCCGATGGTACGATGG-1	Arabidopsis thaliana	callus	unannotated	Mesophyll	False	5.8738103	-7.058467
arabidopsis_callus_regeneration_scrna:GSM7453799_7DAC:GCGGATCGTTTCACTT-1	Arabidopsis thaliana	callus	unannotated	Mesophyll	False	7.0975695	-7.5350647
arabidopsis_callus_regeneration_scrna:GSM7453799_7DAC:GCGGATCTCCTCTAGC-1	Arabidopsis thaliana	callus	unannotated	Mesophyll	False	6.0217595	-7.120306
arabidopsis_callus_regeneration_scrna:GSM7453799_7DAC:GCTGAATTCTCGCAGG-1	Arabidopsis thaliana	callus	unannotated	Mesophyll	False	5.9329534	-7.659856
arabidopsis_callus_regeneration_scrna:GSM7453799_7DAC:GCTGGGTTCGTTGTTT-1	Arabidopsis thaliana	callus	unannotated	Mesophyll	False	5.294609	-8.049015
arabidopsis_callus_regeneration_scrna:GSM7453799_7DAC:GCTTTCGGTAGTGATA-1	Arabidopsis thaliana	callus	unannotated	Mesophyll	False	7.142278	-7.80108
arabidopsis_callus_regeneration_scrna:GSM7453799_7DAC:GGACGTCAGGCACTAG-1	Arabidopsis thaliana	callus	unannotated	Mesophyll	False	7.255463	-7.857933
arabidopsis_callus_regeneration_scrna:GSM7453799_7DAC:GGAGAACAGTCGTTAC-1	Arabidopsis thaliana	callus	unannotated	Mesophyll	False	7.0958767	-7.786657
arabidopsis_callus_regeneration_scrna:GSM7453799_7DAC:GGAGATGGTATGAAGT-1	Arabidopsis thaliana	callus	unannotated	Mesophyll	False	5.748524	-7.7378917
arabidopsis_callus_regeneration_scrna:GSM7453799_7DAC:GGAGCAATCGGTGCAC-1	Arabidopsis thaliana	callus	unannotated	Mesophyll	False	5.2977867	-7.1038895
arabidopsis_callus_regeneration_scrna:GSM7453799_7DAC:GGATCTACAATCAGCT-1	Arabidopsis thaliana	callus	unannotated	Mesophyll	False	5.8915887	-7.0030985
arabidopsis_callus_regeneration_scrna:GSM7453799_7DAC:GGCAGTCCACAGAGAC-1	Arabidopsis thaliana	callus	unannotated	Mesophyll	False	6.2543306	-8.464927
arabidopsis_callus_regeneration_scrna:GSM7453799_7DAC:GGCAGTCTCACTCCGT-1	Arabidopsis thaliana	callus	unannotated	Mesophyll	False	5.2449656	-7.634201
arabidopsis_callus_regeneration_scrna:GSM7453799_7DAC:GGGAGATAGAGCCGAT-1	Arabidopsis thaliana	callus	unannotated	Mesophyll	False	5.1333337	-7.4265766
arabidopsis_callus_regeneration_scrna:GSM7453799_7DAC:GGGAGATAGCTCCATA-1	Arabidopsis thaliana	callus	unannotated	Mesophyll	False	5.603534	-6.603434
arabidopsis_callus_regeneration_scrna:GSM7453799_7DAC:GGGATCCCAACGTATC-1	Arabidopsis thaliana	callus	unannotated	Mesophyll	False	5.5219345	-7.491897
arabidopsis_callus_regeneration_scrna:GSM7453799_7DAC:GGGCCATTCCGTGGGT-1	Arabidopsis thaliana	callus	unannotated	Mesophyll	False	4.944715	-7.8719134
arabidopsis_callus_regeneration_scrna:GSM7453799_7DAC:GGTAGAGAGTAAGACT-1	Arabidopsis thaliana	callus	unannotated	Mesophyll	False	6.6680355	-8.6986
arabidopsis_callus_regeneration_scrna:GSM7453799_7DAC:GGTAGAGCACAGTACT-1	Arabidopsis thaliana	callus	unannotated	Mesophyll	False	7.072351	-7.6222363
arabidopsis_callus_regeneration_scrna:GSM7453799_7DAC:GGTGAAGGTTCCGTTC-1	Arabidopsis thaliana	callus	unannotated	Mesophyll	False	5.318765	-6.7103577
arabidopsis_callus_regeneration_scrna:GSM7453799_7DAC:GTCGTAATCTGTAACG-1	Arabidopsis thaliana	callus	unannotated	Mesophyll	False	5.376322	-7.9144225
arabidopsis_callus_regeneration_scrna:GSM7453799_7DAC:GTCTACCCACAAATAG-1	Arabidopsis thaliana	callus	unannotated	Mesophyll	False	5.5456567	-6.552157
arabidopsis_callus_regeneration_scrna:GSM7453799_7DAC:GTCTACCCATGCCATA-1	Arabidopsis thaliana	callus	unannotated	Mesophyll	False	6.9010706	-7.3799267
arabidopsis_callus_regeneration_scrna:GSM7453799_7DAC:GTCTACCGTTCCCAAA-1	Arabidopsis thaliana	callus	unannotated	Mesophyll	False	6.6437206	-8.593037
arabidopsis_callus_regeneration_scrna:GSM7453799_7DAC:GTGATGTTCCCGTGAG-1	Arabidopsis thaliana	callus	unannotated	Mesophyll	False	5.053332	-7.8058386
arabidopsis_callus_regeneration_scrna:GSM7453799_7DAC:GTGTGGCAGCGACTAG-1	Arabidopsis thaliana	callus	unannotated	Mesophyll	False	6.9231076	-7.6328397
arabidopsis_callus_regeneration_scrna:GSM7453799_7DAC:GTGTTAGAGTACAGCG-1	Arabidopsis thaliana	callus	unannotated	Mesophyll	False	6.261205	-8.386601
arabidopsis_callus_regeneration_scrna:GSM7453799_7DAC:GTGTTCCCAAGAAACT-1	Arabidopsis thaliana	callus	unannotated	Mesophyll	False	7.064616	-7.6915298
arabidopsis_callus_regeneration_scrna:GSM7453799_7DAC:GTTACCCTCTCATGGA-1	Arabidopsis thaliana	callus	unannotated	Mesophyll	False	5.434127	-7.9841113
arabidopsis_callus_regeneration_scrna:GSM7453799_7DAC:GTTCCGTCATGAGATA-1	Arabidopsis thaliana	callus	unannotated	Mesophyll	False	5.468616	-6.7704525
arabidopsis_callus_regeneration_scrna:GSM7453799_7DAC:TAACGACTCGCAGTGC-1	Arabidopsis thaliana	callus	unannotated	Mesophyll	False	5.571634	-7.2301445
arabidopsis_callus_regeneration_scrna:GSM7453799_7DAC:TAAGCGTCAAGTGCTT-1	Arabidopsis thaliana	callus	unannotated	Mesophyll	False	6.564787	-8.615605
arabidopsis_callus_regeneration_scrna:GSM7453799_7DAC:TACACCCAGGGCTGAT-1	Arabidopsis thaliana	callus	unannotated	Mesophyll	False	6.6461186	-7.828861
arabidopsis_callus_regeneration_scrna:GSM7453799_7DAC:TACATTCAGCACTGGA-1	Arabidopsis thaliana	callus	unannotated	Mesophyll	False	5.097814	-7.5960116
arabidopsis_callus_regeneration_scrna:GSM7453799_7DAC:TACGTCCCAACCGATT-1	Arabidopsis thaliana	callus	unannotated	Mesophyll	False	5.078476	-7.4328146
arabidopsis_callus_regeneration_scrna:GSM7453799_7DAC:TAGACTGTCGTTAGTG-1	Arabidopsis thaliana	callus	unannotated	Mesophyll	False	5.466877	-7.9226136
arabidopsis_callus_regeneration_scrna:GSM7453799_7DAC:TAGATCGAGAGGTGCT-1	Arabidopsis thaliana	callus	unannotated	Mesophyll	False	7.315216	-7.9618053
arabidopsis_callus_regeneration_scrna:GSM7453799_7DAC:TAGTGCAAGCAACCAG-1	Arabidopsis thaliana	callus	unannotated	Mesophyll	False	5.8538136	-7.454001
arabidopsis_callus_regeneration_scrna:GSM7453799_7DAC:TATCAGGTCGGTATGT-1	Arabidopsis thaliana	callus	unannotated	Mesophyll	False	5.1829753	-6.949456
arabidopsis_callus_regeneration_scrna:GSM7453799_7DAC:TATCTGTAGCCGGAAT-1	Arabidopsis thaliana	callus	unannotated	Mesophyll	False	6.2160625	-8.037186
arabidopsis_callus_regeneration_scrna:GSM7453799_7DAC:TATGTTCCATTGACCA-1	Arabidopsis thaliana	callus	unannotated	Mesophyll	False	6.088132	-7.923197
arabidopsis_callus_regeneration_scrna:GSM7453799_7DAC:TCAAGTGCAGTCAGTT-1	Arabidopsis thaliana	callus	unannotated	Mesophyll	False	7.216146	-7.9673276
arabidopsis_callus_regeneration_scrna:GSM7453799_7DAC:TCAAGTGGTTGGAGGT-1	Arabidopsis thaliana	callus	unannotated	Mesophyll	False	5.0580664	-7.9328694
arabidopsis_callus_regeneration_scrna:GSM7453799_7DAC:TCAGGGCAGTCCCTAA-1	Arabidopsis thaliana	callus	unannotated	Mesophyll	False	4.9766283	-7.7716455
arabidopsis_callus_regeneration_scrna:GSM7453799_7DAC:TCATGAGGTGATTGGG-1	Arabidopsis thaliana	callus	unannotated	Mesophyll	False	5.909873	-7.141375
arabidopsis_callus_regeneration_scrna:GSM7453799_7DAC:TCATGCCAGGTGCATG-1	Arabidopsis thaliana	callus	unannotated	Mesophyll	False	6.7766905	-7.795417
arabidopsis_callus_regeneration_scrna:GSM7453799_7DAC:TCCTCTTTCAAGAGGC-1	Arabidopsis thaliana	callus	unannotated	Mesophyll	False	5.400435	-7.7047577
arabidopsis_callus_regeneration_scrna:GSM7453799_7DAC:TCGCTCAGTAGGATAT-1	Arabidopsis thaliana	callus	unannotated	Mesophyll	False	6.6224065	-8.623654
arabidopsis_callus_regeneration_scrna:GSM7453799_7DAC:TCGGGTGAGCTCGAAG-1	Arabidopsis thaliana	callus	unannotated	Mesophyll	False	6.5888886	-8.707764
arabidopsis_callus_regeneration_scrna:GSM7453799_7DAC:TGAGCATGTTGTAGCT-1	Arabidopsis thaliana	callus	unannotated	Mesophyll	False	6.38328	-8.506674
arabidopsis_callus_regeneration_scrna:GSM7453799_7DAC:TGATGGTCACCGTGGT-1	Arabidopsis thaliana	callus	unannotated	Mesophyll	False	6.4615526	-8.566034
arabidopsis_callus_regeneration_scrna:GSM7453799_7DAC:TGCACGGGTCAAAGCG-1	Arabidopsis thaliana	callus	unannotated	Mesophyll	False	6.9521594	-7.5308094
arabidopsis_callus_regeneration_scrna:GSM7453799_7DAC:TGCATCCGTCATCAGT-1	Arabidopsis thaliana	callus	unannotated	Mesophyll	False	5.7543416	-7.21989
arabidopsis_callus_regeneration_scrna:GSM7453799_7DAC:TGGGAAGTCGTAACAC-1	Arabidopsis thaliana	callus	unannotated	Mesophyll	False	5.7110734	-7.4517555
arabidopsis_callus_regeneration_scrna:GSM7453799_7DAC:TGGGAGAAGTATGAGT-1	Arabidopsis thaliana	callus	unannotated	Mesophyll	False	7.1881547	-7.9969106
arabidopsis_callus_regeneration_scrna:GSM7453799_7DAC:TGGGAGATCTAGTTCT-1	Arabidopsis thaliana	callus	unannotated	Mesophyll	False	7.1014957	-7.9686527
arabidopsis_callus_regeneration_scrna:GSM7453799_7DAC:TGGTACACACACAGAG-1	Arabidopsis thaliana	callus	unannotated	Mesophyll	False	6.1444354	-8.273117
arabidopsis_callus_regeneration_scrna:GSM7453799_7DAC:TGTCAGACATTCATCT-1	Arabidopsis thaliana	callus	unannotated	Mesophyll	False	5.8468475	-6.53588
arabidopsis_callus_regeneration_scrna:GSM7453799_7DAC:TTACCATCATCTGTTT-1	Arabidopsis thaliana	callus	unannotated	Mesophyll	False	5.97208	-8.153197
arabidopsis_callus_regeneration_scrna:GSM7453799_7DAC:TTCCGGTGTACAATAG-1	Arabidopsis thaliana	callus	unannotated	Mesophyll	False	7.013941	-7.9853806
arabidopsis_callus_regeneration_scrna:GSM7453799_7DAC:TTCGCTGTCAGAACCT-1	Arabidopsis thaliana	callus	unannotated	Mesophyll	False	5.617391	-7.6458764
arabidopsis_callus_regeneration_scrna:GSM7453799_7DAC:TTGCGTCAGGTTCTTG-1	Arabidopsis thaliana	callus	unannotated	Mesophyll	False	7.1989846	-7.832394
arabidopsis_callus_regeneration_scrna:GSM7453799_7DAC:TTTACGTAGTCGCGAA-1	Arabidopsis thaliana	callus	unannotated	Mesophyll	False	6.7051625	-7.858937
arabidopsis_callus_regeneration_scrna:GSM7453799_7DAC:TTTATGCCACAGTACT-1	Arabidopsis thaliana	callus	unannotated	Mesophyll	False	5.789706	-6.4183054
arabidopsis_callus_regeneration_scrna:GSM7453799_7DAC:TTTCATGAGAAAGCGA-1	Arabidopsis thaliana	callus	unannotated	Mesophyll	False	7.171682	-7.63964
arabidopsis_callus_regeneration_scrna:GSM7453799_7DAC:TTTCCTCTCAGGACAG-1	Arabidopsis thaliana	callus	unannotated	Mesophyll	False	5.609671	-7.5426044
arabidopsis_callus_regeneration_scrna:GSM7453799_7DAC:TTTGACTTCGAGAAAT-1	Arabidopsis thaliana	callus	unannotated	Mesophyll	False	7.100941	-7.4439974
arabidopsis_callus_regeneration_scrna:GSM7453800_12DAC:AAATGGAAGTCATCGT-1	Arabidopsis thaliana	callus	unannotated	Mesophyll	False	5.851962	-6.241183
arabidopsis_callus_regeneration_scrna:GSM7453800_12DAC:AACCTTTCAATCTCTT-1	Arabidopsis thaliana	callus	unannotated	Mesophyll	False	5.6943345	-6.7051473
arabidopsis_callus_regeneration_scrna:GSM7453800_12DAC:AAGATAGGTGAGCGAT-1	Arabidopsis thaliana	callus	unannotated	Mesophyll	False	5.8407745	-6.2058296
arabidopsis_callus_regeneration_scrna:GSM7453800_12DAC:AAGCCATCAGAGTGTG-1	Arabidopsis thaliana	callus	unannotated	Mesophyll	False	4.9043264	-7.824379
arabidopsis_callus_regeneration_scrna:GSM7453800_12DAC:AAGGAATAGGAAAGGT-1	Arabidopsis thaliana	callus	unannotated	Mesophyll	False	5.8193603	-6.6668873
arabidopsis_callus_regeneration_scrna:GSM7453800_12DAC:ACACAGTGTGTGGTCC-1	Arabidopsis thaliana	callus	unannotated	Mesophyll	False	5.8332334	-7.28181
arabidopsis_callus_regeneration_scrna:GSM7453800_12DAC:ACAGCCGGTCGTGTTA-1	Arabidopsis thaliana	callus	unannotated	Mesophyll	False	5.6907296	-6.3409386
arabidopsis_callus_regeneration_scrna:GSM7453800_12DAC:ACGATCACACCGAATT-1	Arabidopsis thaliana	callus	unannotated	Mesophyll	False	5.8891463	-7.677085
arabidopsis_callus_regeneration_scrna:GSM7453800_12DAC:ACGCACGAGGGCAATC-1	Arabidopsis thaliana	callus	unannotated	Mesophyll	False	6.1057305	-6.6617923
arabidopsis_callus_regeneration_scrna:GSM7453800_12DAC:ACGGAAGTCTAGTCAG-1	Arabidopsis thaliana	callus	unannotated	Mesophyll	False	6.45354	-8.436843
arabidopsis_callus_regeneration_scrna:GSM7453800_12DAC:AGAAATGTCCACACCT-1	Arabidopsis thaliana	callus	unannotated	Mesophyll	False	5.815733	-6.2440825
arabidopsis_callus_regeneration_scrna:GSM7453800_12DAC:AGAGCAGAGTCTCGTA-1	Arabidopsis thaliana	callus	unannotated	Mesophyll	False	6.664903	-8.659866
arabidopsis_callus_regeneration_scrna:GSM7453800_12DAC:ATATCCTAGAGAACCC-1	Arabidopsis thaliana	callus	unannotated	Mesophyll	False	5.9146767	-7.5153875
arabidopsis_callus_regeneration_scrna:GSM7453800_12DAC:ATCACAGGTACCACGC-1	Arabidopsis thaliana	callus	unannotated	Mesophyll	False	5.734193	-7.087088
arabidopsis_callus_regeneration_scrna:GSM7453800_12DAC:ATCCGTCTCCCGAGAC-1	Arabidopsis thaliana	callus	unannotated	Mesophyll	False	5.494825	-6.543676
arabidopsis_callus_regeneration_scrna:GSM7453800_12DAC:ATCGGATTCGATAACC-1	Arabidopsis thaliana	callus	unannotated	Mesophyll	False	6.596623	-8.451033
arabidopsis_callus_regeneration_scrna:GSM7453800_12DAC:ATCGGCGAGTAACCTC-1	Arabidopsis thaliana	callus	unannotated	Mesophyll	False	5.177945	-6.8872137
arabidopsis_callus_regeneration_scrna:GSM7453800_12DAC:ATCTCTAAGCTCTATG-1	Arabidopsis thaliana	callus	unannotated	Mesophyll	False	6.1265855	-7.7421618
arabidopsis_callus_regeneration_scrna:GSM7453800_12DAC:ATCTCTAAGCTGCGAA-1	Arabidopsis thaliana	callus	unannotated	Mesophyll	False	5.3303924	-7.535725
arabidopsis_callus_regeneration_scrna:GSM7453800_12DAC:ATTACCTTCATAAGGA-1	Arabidopsis thaliana	callus	unannotated	Mesophyll	False	5.2456317	-7.8926926
arabidopsis_callus_regeneration_scrna:GSM7453800_12DAC:ATTCATCAGGAAGTAG-1	Arabidopsis thaliana	callus	unannotated	Mesophyll	False	5.8557906	-8.138978
arabidopsis_callus_regeneration_scrna:GSM7453800_12DAC:ATTCGTTCAATAGAGT-1	Arabidopsis thaliana	callus	unannotated	Mesophyll	False	5.270242	-7.005197
arabidopsis_callus_regeneration_scrna:GSM7453800_12DAC:ATTCGTTGTGACACAG-1	Arabidopsis thaliana	callus	unannotated	Mesophyll	False	5.0894556	-7.8008466
arabidopsis_callus_regeneration_scrna:GSM7453800_12DAC:CACGTGGTCAAGTAAG-1	Arabidopsis thaliana	callus	unannotated	Mesophyll	False	5.2917304	-7.712901
arabidopsis_callus_regeneration_scrna:GSM7453800_12DAC:CACGTTCAGTGAATAC-1	Arabidopsis thaliana	callus	unannotated	Mesophyll	False	5.1407914	-6.881484
arabidopsis_callus_regeneration_scrna:GSM7453800_12DAC:CACTGAATCCTTCAGC-1	Arabidopsis thaliana	callus	unannotated	Mesophyll	False	5.2745113	-7.0385437
arabidopsis_callus_regeneration_scrna:GSM7453800_12DAC:CAGGTATTCACCTTGC-1	Arabidopsis thaliana	callus	unannotated	Mesophyll	False	5.7274685	-6.8878546
arabidopsis_callus_regeneration_scrna:GSM7453800_12DAC:CAGTTCCAGCTGAGCA-1	Arabidopsis thaliana	callus	unannotated	Mesophyll	False	5.1973796	-6.8249807
arabidopsis_callus_regeneration_scrna:GSM7453800_12DAC:CATGGTACATCCAATG-1	Arabidopsis thaliana	callus	unannotated	Mesophyll	False	5.318197	-6.846534
arabidopsis_callus_regeneration_scrna:GSM7453800_12DAC:CATTGAGAGGAAAGGT-1	Arabidopsis thaliana	callus	unannotated	Mesophyll	False	5.967259	-8.0107155
arabidopsis_callus_regeneration_scrna:GSM7453800_12DAC:CCAATGACATGGGAAC-1	Arabidopsis thaliana	callus	unannotated	Mesophyll	False	5.5384536	-8.105435
arabidopsis_callus_regeneration_scrna:GSM7453800_12DAC:CCCAACTTCATACAGC-1	Arabidopsis thaliana	callus	unannotated	Mesophyll	False	6.562566	-7.208558
arabidopsis_callus_regeneration_scrna:GSM7453800_12DAC:CCCGAAGGTTCGGTAT-1	Arabidopsis thaliana	callus	unannotated	Mesophyll	False	5.6132026	-7.5866933
arabidopsis_callus_regeneration_scrna:GSM7453800_12DAC:CCCTCTCTCCCATAAG-1	Arabidopsis thaliana	callus	unannotated	Mesophyll	False	5.4868608	-6.7234483
arabidopsis_callus_regeneration_scrna:GSM7453800_12DAC:CCGAACGTCCTCACCA-1	Arabidopsis thaliana	callus	unannotated	Mesophyll	False	5.644047	-7.6311574
arabidopsis_callus_regeneration_scrna:GSM7453800_12DAC:CCGTTCATCGAAGAAT-1	Arabidopsis thaliana	callus	unannotated	Mesophyll	False	5.5545435	-6.6594343
arabidopsis_callus_regeneration_scrna:GSM7453800_12DAC:CCTAAGACAGGCTATT-1	Arabidopsis thaliana	callus	unannotated	Mesophyll	False	4.9408507	-7.6705556
arabidopsis_callus_regeneration_scrna:GSM7453800_12DAC:CGAAGTTAGGCAGCTA-1	Arabidopsis thaliana	callus	unannotated	Mesophyll	False	6.4525857	-7.16662
arabidopsis_callus_regeneration_scrna:GSM7453800_12DAC:CGTGTCTCACGGCGTT-1	Arabidopsis thaliana	callus	unannotated	Mesophyll	False	6.3327456	-8.483014
arabidopsis_callus_regeneration_scrna:GSM7453800_12DAC:CTACTATCAGCTGAGA-1	Arabidopsis thaliana	callus	unannotated	Mesophyll	False	5.9066668	-6.6322007
arabidopsis_callus_regeneration_scrna:GSM7453800_12DAC:CTATCCGCAAGGTCGA-1	Arabidopsis thaliana	callus	unannotated	Mesophyll	False	5.668797	-6.6986012
arabidopsis_callus_regeneration_scrna:GSM7453800_12DAC:CTCAATTGTACCGCGT-1	Arabidopsis thaliana	callus	unannotated	Mesophyll	False	5.4612603	-7.4782853
arabidopsis_callus_regeneration_scrna:GSM7453800_12DAC:CTCCCAATCCTCTGCA-1	Arabidopsis thaliana	callus	unannotated	Mesophyll	False	6.0545936	-8.060037
arabidopsis_callus_regeneration_scrna:GSM7453800_12DAC:CTGCCTAGTACCGCGT-1	Arabidopsis thaliana	callus	unannotated	Mesophyll	False	4.880732	-7.722841
arabidopsis_callus_regeneration_scrna:GSM7453800_12DAC:CTTCCTTAGGTTCTAC-1	Arabidopsis thaliana	callus	unannotated	Mesophyll	False	4.916989	-7.831381
arabidopsis_callus_regeneration_scrna:GSM7453800_12DAC:CTTTCGGAGCATCCTA-1	Arabidopsis thaliana	callus	unannotated	Mesophyll	False	5.0030756	-7.38076
arabidopsis_callus_regeneration_scrna:GSM7453800_12DAC:CTTTCGGGTGGATCAG-1	Arabidopsis thaliana	callus	unannotated	Mesophyll	False	5.456389	-6.647411
arabidopsis_callus_regeneration_scrna:GSM7453800_12DAC:GAGCTGCGTTGCGAAG-1	Arabidopsis thaliana	callus	unannotated	Mesophyll	False	6.2799163	-7.8203273
arabidopsis_callus_regeneration_scrna:GSM7453800_12DAC:GATGTTGGTCCCAAAT-1	Arabidopsis thaliana	callus	unannotated	Mesophyll	False	5.8585944	-6.130901
arabidopsis_callus_regeneration_scrna:GSM7453800_12DAC:GCAACATAGTCCCAAT-1	Arabidopsis thaliana	callus	unannotated	Mesophyll	False	5.467987	-7.683004
arabidopsis_callus_regeneration_scrna:GSM7453800_12DAC:GCAACATCACGGAAGT-1	Arabidopsis thaliana	callus	unannotated	Mesophyll	False	5.715054	-6.882013
arabidopsis_callus_regeneration_scrna:GSM7453800_12DAC:GCCATTCCAGTGTGGA-1	Arabidopsis thaliana	callus	unannotated	Mesophyll	False	5.123351	-7.948773
arabidopsis_callus_regeneration_scrna:GSM7453800_12DAC:GCCCGAATCACCACAA-1	Arabidopsis thaliana	callus	unannotated	Mesophyll	False	6.587003	-8.621099
arabidopsis_callus_regeneration_scrna:GSM7453800_12DAC:GCGATCGGTTAGAGAT-1	Arabidopsis thaliana	callus	unannotated	Mesophyll	False	7.0347896	-7.5303364
arabidopsis_callus_regeneration_scrna:GSM7453800_12DAC:GGAGGTACACGGGCTT-1	Arabidopsis thaliana	callus	unannotated	Mesophyll	False	5.5621977	-6.8594418
arabidopsis_callus_regeneration_scrna:GSM7453800_12DAC:GGCTTTCAGTCCTGTA-1	Arabidopsis thaliana	callus	unannotated	Mesophyll	False	5.0956235	-7.0583286
arabidopsis_callus_regeneration_scrna:GSM7453800_12DAC:GGGAAGTGTCGCTTAA-1	Arabidopsis thaliana	callus	unannotated	Mesophyll	False	6.6513557	-8.683337
arabidopsis_callus_regeneration_scrna:GSM7453800_12DAC:GGTAACTTCGCCGAAC-1	Arabidopsis thaliana	callus	unannotated	Mesophyll	False	5.992749	-6.7107835
arabidopsis_callus_regeneration_scrna:GSM7453800_12DAC:GGTTAACCAGGGAGAG-1	Arabidopsis thaliana	callus	unannotated	Mesophyll	False	6.3420672	-8.024013
arabidopsis_callus_regeneration_scrna:GSM7453800_12DAC:GTGACGCAGGGTGAAA-1	Arabidopsis thaliana	callus	unannotated	Mesophyll	False	5.4081964	-6.551669
arabidopsis_callus_regeneration_scrna:GSM7453800_12DAC:GTGCTTCAGGGCTGAT-1	Arabidopsis thaliana	callus	unannotated	Mesophyll	False	5.9900427	-7.57726
arabidopsis_callus_regeneration_scrna:GSM7453800_12DAC:GTGTAACAGCAAGTCG-1	Arabidopsis thaliana	callus	unannotated	Mesophyll	False	5.7449155	-6.3699555
arabidopsis_callus_regeneration_scrna:GSM7453800_12DAC:GTTGTCCCAAGTAGTA-1	Arabidopsis thaliana	callus	unannotated	Mesophyll	False	5.904835	-7.268657
arabidopsis_callus_regeneration_scrna:GSM7453800_12DAC:TAACTTCGTCACAGAG-1	Arabidopsis thaliana	callus	unannotated	Mesophyll	False	5.4120846	-6.7954392
arabidopsis_callus_regeneration_scrna:GSM7453800_12DAC:TACCGGGTCTATGTGG-1	Arabidopsis thaliana	callus	unannotated	Mesophyll	False	5.702721	-6.978344
arabidopsis_callus_regeneration_scrna:GSM7453800_12DAC:TACTTACCAAGACCGA-1	Arabidopsis thaliana	callus	unannotated	Mesophyll	False	5.526093	-6.7765374
arabidopsis_callus_regeneration_scrna:GSM7453800_12DAC:TACTTCACACGCGCTA-1	Arabidopsis thaliana	callus	unannotated	Mesophyll	False	5.77702	-7.0924115
arabidopsis_callus_regeneration_scrna:GSM7453800_12DAC:TATTCCATCCGCTAGG-1	Arabidopsis thaliana	callus	unannotated	Mesophyll	False	5.839188	-6.1107206
arabidopsis_callus_regeneration_scrna:GSM7453800_12DAC:TCACACCAGGAACTAT-1	Arabidopsis thaliana	callus	unannotated	Mesophyll	False	5.873908	-6.363413
arabidopsis_callus_regeneration_scrna:GSM7453800_12DAC:TCATCATTCGGAATGG-1	Arabidopsis thaliana	callus	unannotated	Mesophyll	False	4.9185386	-7.5677876
arabidopsis_callus_regeneration_scrna:GSM7453800_12DAC:TCATTACTCCGAAATC-1	Arabidopsis thaliana	callus	unannotated	Mesophyll	False	6.2925925	-8.521257
arabidopsis_callus_regeneration_scrna:GSM7453800_12DAC:TCCATCGCAGCATTGT-1	Arabidopsis thaliana	callus	unannotated	Mesophyll	False	5.607347	-6.7374268
arabidopsis_callus_regeneration_scrna:GSM7453800_12DAC:TCCATGCTCTACGCAA-1	Arabidopsis thaliana	callus	unannotated	Mesophyll	False	5.1877346	-7.031979
arabidopsis_callus_regeneration_scrna:GSM7453800_12DAC:TCCGGGAAGCGGTATG-1	Arabidopsis thaliana	callus	unannotated	Mesophyll	False	6.637704	-8.499457
arabidopsis_callus_regeneration_scrna:GSM7453800_12DAC:TCGTAGAGTACTCCCT-1	Arabidopsis thaliana	callus	unannotated	Mesophyll	False	5.0382857	-7.5350757
arabidopsis_callus_regeneration_scrna:GSM7453800_12DAC:TCTCCGATCTTCGGAA-1	Arabidopsis thaliana	callus	unannotated	Mesophyll	False	6.1027412	-6.9725924
arabidopsis_callus_regeneration_scrna:GSM7453800_12DAC:TGACAGTCATTACGGT-1	Arabidopsis thaliana	callus	unannotated	Mesophyll	False	5.127985	-6.9830403
arabidopsis_callus_regeneration_scrna:GSM7453800_12DAC:TGAGGGAAGAGCCGTA-1	Arabidopsis thaliana	callus	unannotated	Mesophyll	False	6.62475	-8.139783
arabidopsis_callus_regeneration_scrna:GSM7453800_12DAC:TGAGTCAGTTTCTATC-1	Arabidopsis thaliana	callus	unannotated	Mesophyll	False	5.803919	-6.5948205
arabidopsis_callus_regeneration_scrna:GSM7453800_12DAC:TGATCAGAGGCGTTGA-1	Arabidopsis thaliana	callus	unannotated	Mesophyll	False	5.4515963	-8.061928
arabidopsis_callus_regeneration_scrna:GSM7453800_12DAC:TGATTCTAGAAAGCGA-1	Arabidopsis thaliana	callus	unannotated	Mesophyll	False	5.8685822	-7.7304792
arabidopsis_callus_regeneration_scrna:GSM7453800_12DAC:TGCGATAGTTTGAAAG-1	Arabidopsis thaliana	callus	unannotated	Mesophyll	False	5.024585	-7.4028935
arabidopsis_callus_regeneration_scrna:GSM7453800_12DAC:TGCTTCGTCTACTGCC-1	Arabidopsis thaliana	callus	unannotated	Mesophyll	False	5.9997087	-8.329949
arabidopsis_callus_regeneration_scrna:GSM7453800_12DAC:TGGAGGAGTCGTGCCA-1	Arabidopsis thaliana	callus	unannotated	Mesophyll	False	5.6258793	-7.952615
arabidopsis_callus_regeneration_scrna:GSM7453800_12DAC:TGGGAAGCACCTGCGA-1	Arabidopsis thaliana	callus	unannotated	Mesophyll	False	5.775415	-6.5940533
arabidopsis_callus_regeneration_scrna:GSM7453800_12DAC:TGGGAAGTCAGTGTGT-1	Arabidopsis thaliana	callus	unannotated	Mesophyll	False	6.068995	-8.232365
arabidopsis_callus_regeneration_scrna:GSM7453800_12DAC:TGTGATGTCACATCAG-1	Arabidopsis thaliana	callus	unannotated	Mesophyll	False	4.8810606	-7.684282
arabidopsis_callus_regeneration_scrna:GSM7453800_12DAC:TTACCATAGCATACTC-1	Arabidopsis thaliana	callus	unannotated	Mesophyll	False	5.1228833	-6.873501
arabidopsis_callus_regeneration_scrna:GSM7453800_12DAC:TTACGTTGTACTAACC-1	Arabidopsis thaliana	callus	unannotated	Mesophyll	False	5.06779	-7.556756
arabidopsis_callus_regeneration_scrna:GSM7453800_12DAC:TTCTAGTCAATACAGA-1	Arabidopsis thaliana	callus	unannotated	Mesophyll	False	5.1546516	-7.1308603
arabidopsis_callus_regeneration_scrna:GSM7453800_12DAC:TTCTCTCCATCCGATA-1	Arabidopsis thaliana	callus	unannotated	Mesophyll	False	5.0240917	-7.1106076
arabidopsis_callus_regeneration_scrna:GSM7453800_12DAC:TTGAACGAGCGACATG-1	Arabidopsis thaliana	callus	unannotated	Mesophyll	False	5.0864754	-7.9948444
arabidopsis_callus_regeneration_scrna:GSM7453800_12DAC:TTGACCCCACTGCACG-1	Arabidopsis thaliana	callus	unannotated	Mesophyll	False	5.880942	-8.121885
arabidopsis_callus_regeneration_scrna:GSM7453800_12DAC:TTGCCTGAGTGGAAGA-1	Arabidopsis thaliana	callus	unannotated	Mesophyll	False	5.535098	-6.6081414
arabidopsis_callus_regeneration_scrna:GSM7453800_12DAC:TTGGGATTCGAGCCAC-1	Arabidopsis thaliana	callus	unannotated	Mesophyll	False	5.167512	-6.8908105
arabidopsis_callus_regeneration_scrna:GSM7453800_12DAC:TTGTTCACATGGCTAT-1	Arabidopsis thaliana	callus	unannotated	Mesophyll	False	5.74037	-6.4082394
