iteration	method	accuracy	macro_f1
0	frozen_broad_prediction	0.1476472245703015	0.12417610267984769
1	frozen_broad_prediction	0.14736545505776275	0.12105518556914859
2	frozen_broad_prediction	0.14652014652014653	0.12538033731532353
3	frozen_broad_prediction	0.15046491969568893	0.11642552658416754
4	frozen_broad_prediction	0.15948154409692872	0.12583108403783488
5	frozen_broad_prediction	0.15553677092138632	0.11822045887492667
6	frozen_broad_prediction	0.1521555367709214	0.13127592537018645
7	frozen_broad_prediction	0.14032121724429417	0.11653247819532435
8	frozen_broad_prediction	0.14595660749506903	0.11665658615118993
9	frozen_broad_prediction	0.15384615384615385	0.1196058021728188
10	frozen_broad_prediction	0.13693998309382924	0.11967887652016859
11	frozen_broad_prediction	0.14595660749506903	0.12370154229491266
12	frozen_broad_prediction	0.14990138067061143	0.12665112578468884
13	frozen_broad_prediction	0.1425753733446041	0.12132537849019245
14	frozen_broad_prediction	0.1445477599323753	0.12146475827847544
15	frozen_broad_prediction	0.14595660749506903	0.12231808940743671
16	frozen_broad_prediction	0.14426599041983657	0.11712923960557728
17	frozen_broad_prediction	0.14595660749506903	0.11439047001467303
18	frozen_broad_prediction	0.15102845872076642	0.12122384475385306
19	frozen_broad_prediction	0.14623837700760778	0.12043560623712102
20	frozen_broad_prediction	0.16370808678500987	0.13247603746039086
21	frozen_broad_prediction	0.1515919977458439	0.1162327412101303
22	frozen_broad_prediction	0.13834883065652295	0.11643622193128338
23	frozen_broad_prediction	0.15469146238377007	0.12039061540429596
24	frozen_broad_prediction	0.15581854043392504	0.13207315556672333
25	frozen_broad_prediction	0.14680191603268528	0.12263849844422803
26	frozen_broad_prediction	0.14680191603268528	0.12552146462898975
27	frozen_broad_prediction	0.148210763595379	0.11600982708037126
28	frozen_broad_prediction	0.14398422090729784	0.11122074924832397
29	frozen_broad_prediction	0.14032121724429417	0.1253561091887277
30	frozen_broad_prediction	0.15553677092138632	0.12716499016127336
31	frozen_broad_prediction	0.14398422090729784	0.11735511747721894
32	frozen_broad_prediction	0.14567483798253028	0.1241843319316284
33	frozen_broad_prediction	0.15328261482107636	0.12325760072896494
34	frozen_broad_prediction	0.14539306846999156	0.12335464607703525
35	frozen_broad_prediction	0.1575091575091575	0.13153769064164644
36	frozen_broad_prediction	0.14680191603268528	0.1243401828086137
37	frozen_broad_prediction	0.148210763595379	0.12083221913445519
38	frozen_broad_prediction	0.1437024513947591	0.11734169409129233
39	frozen_broad_prediction	0.16089039165962243	0.123869113739451
40	frozen_broad_prediction	0.1490560721329952	0.12540268378240566
41	frozen_broad_prediction	0.14539306846999156	0.11593242288017758
42	frozen_broad_prediction	0.14990138067061143	0.1215467419745792
43	frozen_broad_prediction	0.1521555367709214	0.12897815878122634
44	frozen_broad_prediction	0.14595660749506903	0.12462017085299368
45	frozen_broad_prediction	0.14652014652014653	0.12873253385033917
46	frozen_broad_prediction	0.1490560721329952	0.12948985473359892
47	frozen_broad_prediction	0.1575091575091575	0.13879399723268854
48	frozen_broad_prediction	0.14567483798253028	0.12874647416285778
49	frozen_broad_prediction	0.15243730628346014	0.12206896120070998
50	frozen_broad_prediction	0.14595660749506903	0.12274851756239202
51	frozen_broad_prediction	0.1476472245703015	0.11615443685962372
52	frozen_broad_prediction	0.1496196111580727	0.1173311304838199
53	frozen_broad_prediction	0.14144829529444913	0.1209011194095561
54	frozen_broad_prediction	0.1566638489715413	0.12767968569830096
55	frozen_broad_prediction	0.14539306846999156	0.12556588309210048
56	frozen_broad_prediction	0.14990138067061143	0.11772992302765432
57	frozen_broad_prediction	0.1625810087348549	0.14168654053141755
58	frozen_broad_prediction	0.15497323189630882	0.1304602760930584
59	frozen_broad_prediction	0.14933784164553396	0.11867880981922581
60	frozen_broad_prediction	0.14229360383206538	0.11929850486963374
61	frozen_broad_prediction	0.1445477599323753	0.12369698179220431
62	frozen_broad_prediction	0.15131022823330514	0.12818032259579773
63	frozen_broad_prediction	0.15779092702169625	0.13155833966896657
64	frozen_broad_prediction	0.1476472245703015	0.12758116005017944
65	frozen_broad_prediction	0.15553677092138632	0.13310693108351612
66	frozen_broad_prediction	0.1515919977458439	0.12746599484161142
67	frozen_broad_prediction	0.15553677092138632	0.125586598951881
68	frozen_broad_prediction	0.14933784164553396	0.11897857676149173
69	frozen_broad_prediction	0.15131022823330514	0.1270256545178828
70	frozen_broad_prediction	0.1476472245703015	0.11751304359814241
71	frozen_broad_prediction	0.1484925331079177	0.12567672230291826
72	frozen_broad_prediction	0.13947590870667795	0.11640505293843886
73	frozen_broad_prediction	0.14877430262045646	0.12572428621406478
74	frozen_broad_prediction	0.1425753733446041	0.12253120380121738
75	frozen_broad_prediction	0.14398422090729784	0.12119191562612056
76	frozen_broad_prediction	0.15581854043392504	0.12915686676656857
77	frozen_broad_prediction	0.15694561848408004	0.12263187716483422
78	frozen_broad_prediction	0.15102845872076642	0.1249153709087953
79	frozen_broad_prediction	0.13750352211890673	0.11865553526836706
80	frozen_broad_prediction	0.15074668920822767	0.11631439924038242
81	frozen_broad_prediction	0.15074668920822767	0.12880142412039963
82	frozen_broad_prediction	0.1490560721329952	0.1207254753837266
83	frozen_broad_prediction	0.1431389123696816	0.12231227687658888
84	frozen_broad_prediction	0.1437024513947591	0.1148472974812117
85	frozen_broad_prediction	0.1535643843336151	0.12686506958736637
86	frozen_broad_prediction	0.1352493660185968	0.11368733420131047
87	frozen_broad_prediction	0.14342068188222035	0.11572114902784043
88	frozen_broad_prediction	0.1484925331079177	0.13185019049433505
89	frozen_broad_prediction	0.147083685545224	0.12150849546589146
90	frozen_broad_prediction	0.14426599041983657	0.11848217123233304
91	frozen_broad_prediction	0.15328261482107636	0.12099732560992085
92	frozen_broad_prediction	0.1515919977458439	0.12327946525609983
93	frozen_broad_prediction	0.14229360383206538	0.11502269855878558
94	frozen_broad_prediction	0.1437024513947591	0.11404598750435826
95	frozen_broad_prediction	0.1437024513947591	0.11943699315602548
96	frozen_broad_prediction	0.15243730628346014	0.12896379850139944
97	frozen_broad_prediction	0.1521555367709214	0.12226312617272077
98	frozen_broad_prediction	0.14201183431952663	0.12930764643245546
99	frozen_broad_prediction	0.14088475626937166	0.11490250126031096
100	frozen_broad_prediction	0.15074668920822767	0.11685408013208429
101	frozen_broad_prediction	0.1445477599323753	0.12197249252404144
102	frozen_broad_prediction	0.14680191603268528	0.12021395408004043
103	frozen_broad_prediction	0.14144829529444913	0.12123455253989554
104	frozen_broad_prediction	0.14003944773175542	0.12114481631488887
105	frozen_broad_prediction	0.14680191603268528	0.11826645885673943
106	frozen_broad_prediction	0.14229360383206538	0.11294033312332215
107	frozen_broad_prediction	0.14933784164553396	0.12511604718693126
108	frozen_broad_prediction	0.14229360383206538	0.11661262326454118
109	frozen_broad_prediction	0.15131022823330514	0.1285616939738078
110	frozen_broad_prediction	0.1490560721329952	0.11973694868516156
111	frozen_broad_prediction	0.1425753733446041	0.11234198897423142
112	frozen_broad_prediction	0.15102845872076642	0.12595964368580376
113	frozen_broad_prediction	0.13975767821921667	0.11090644186916179
114	frozen_broad_prediction	0.14736545505776275	0.1258058617086067
115	frozen_broad_prediction	0.1484925331079177	0.12850922064176445
116	frozen_broad_prediction	0.14652014652014653	0.11934573103206621
117	frozen_broad_prediction	0.15440969287123132	0.12704207259437456
118	frozen_broad_prediction	0.14736545505776275	0.12782309957493654
119	frozen_broad_prediction	0.13778529163144548	0.11232039047641926
120	frozen_broad_prediction	0.15553677092138632	0.12380659020309825
121	frozen_broad_prediction	0.14792899408284024	0.11245024646639479
122	frozen_broad_prediction	0.15835446604677375	0.13289044705335407
123	frozen_broad_prediction	0.1515919977458439	0.11524258496846329
124	frozen_broad_prediction	0.14792899408284024	0.12373422153258443
125	frozen_broad_prediction	0.15384615384615385	0.12428276578030203
126	frozen_broad_prediction	0.1575091575091575	0.1376435438798091
127	frozen_broad_prediction	0.1496196111580727	0.12484389610592983
128	frozen_broad_prediction	0.14736545505776275	0.11530003072171054
129	frozen_broad_prediction	0.1476472245703015	0.12836463888645017
130	frozen_broad_prediction	0.1496196111580727	0.11862150836830236
131	frozen_broad_prediction	0.14792899408284024	0.12786519867691354
132	frozen_broad_prediction	0.1490560721329952	0.12526834382923163
133	frozen_broad_prediction	0.13750352211890673	0.11051848434159758
134	frozen_broad_prediction	0.1530008453085376	0.12361537839077756
135	frozen_broad_prediction	0.1600450831220062	0.12307863883254558
136	frozen_broad_prediction	0.15694561848408004	0.13321870722859513
137	frozen_broad_prediction	0.1566638489715413	0.1254971362436662
138	frozen_broad_prediction	0.148210763595379	0.11909544914674393
139	frozen_broad_prediction	0.1476472245703015	0.12385739151845984
140	frozen_broad_prediction	0.15074668920822767	0.1303732305595633
141	frozen_broad_prediction	0.148210763595379	0.11756129718889625
142	frozen_broad_prediction	0.1431389123696816	0.12240418432107622
143	frozen_broad_prediction	0.15018315018315018	0.13139302369642974
144	frozen_broad_prediction	0.14032121724429417	0.11160380834884824
145	frozen_broad_prediction	0.15046491969568893	0.12308937053397706
146	frozen_broad_prediction	0.14933784164553396	0.12332023762451087
147	frozen_broad_prediction	0.14116652578191038	0.1286691343290147
148	frozen_broad_prediction	0.14398422090729784	0.12112220478037146
149	frozen_broad_prediction	0.14088475626937166	0.12245484154423973
150	frozen_broad_prediction	0.1490560721329952	0.12360461845362794
151	frozen_broad_prediction	0.14032121724429417	0.1178973795352285
152	frozen_broad_prediction	0.15694561848408004	0.12508393903607734
153	frozen_broad_prediction	0.14567483798253028	0.12707712937985388
154	frozen_broad_prediction	0.14792899408284024	0.12376647694079035
155	frozen_broad_prediction	0.158072696534235	0.11985254298889539
156	frozen_broad_prediction	0.14567483798253028	0.11696997613791915
157	frozen_broad_prediction	0.14736545505776275	0.12531925057644727
158	frozen_broad_prediction	0.15187376725838264	0.1359405294674594
159	frozen_broad_prediction	0.14088475626937166	0.11513946733263877
160	frozen_broad_prediction	0.13750352211890673	0.12022283612502926
161	frozen_broad_prediction	0.15440969287123132	0.12739655549056197
162	frozen_broad_prediction	0.14736545505776275	0.12074893842595788
163	frozen_broad_prediction	0.14933784164553396	0.12091030409651635
164	frozen_broad_prediction	0.13806706114398423	0.12018517746133858
165	frozen_broad_prediction	0.13891236968160045	0.10983010623263918
166	frozen_broad_prediction	0.15074668920822767	0.1284432068277936
167	frozen_broad_prediction	0.15074668920822767	0.12397216895098224
168	frozen_broad_prediction	0.1437024513947591	0.11530058115895599
169	frozen_broad_prediction	0.14003944773175542	0.12051145650127429
170	frozen_broad_prediction	0.14933784164553396	0.1275477262343634
171	frozen_broad_prediction	0.14398422090729784	0.1192411969101336
172	frozen_broad_prediction	0.15863623555931247	0.1384228000080077
173	frozen_broad_prediction	0.13722175260636799	0.11932626979559864
174	frozen_broad_prediction	0.13581290504367427	0.11644327657093587
175	frozen_broad_prediction	0.14201183431952663	0.11935946065522773
176	frozen_broad_prediction	0.1521555367709214	0.11527974525368323
177	frozen_broad_prediction	0.16511693434770358	0.13282128321139441
178	frozen_broad_prediction	0.147083685545224	0.122162231264286
179	frozen_broad_prediction	0.14032121724429417	0.11452590519637817
180	frozen_broad_prediction	0.14652014652014653	0.11297156497098833
181	frozen_broad_prediction	0.1566638489715413	0.12727215420540075
182	frozen_broad_prediction	0.1490560721329952	0.1310295664045577
183	frozen_broad_prediction	0.1476472245703015	0.12067479004767093
184	frozen_broad_prediction	0.1476472245703015	0.11862326756677484
185	frozen_broad_prediction	0.14032121724429417	0.11662562157485941
186	frozen_broad_prediction	0.15271907579599886	0.1375442780423404
187	frozen_broad_prediction	0.14736545505776275	0.11458324255587737
188	frozen_broad_prediction	0.15328261482107636	0.12901232447335764
189	frozen_broad_prediction	0.1530008453085376	0.12635066080929486
190	frozen_broad_prediction	0.15102845872076642	0.12445114724231028
191	frozen_broad_prediction	0.14736545505776275	0.12199063976003896
192	frozen_broad_prediction	0.15074668920822767	0.12464339206104928
193	frozen_broad_prediction	0.1445477599323753	0.11995696236583582
194	frozen_broad_prediction	0.1391941391941392	0.11644428744770352
195	frozen_broad_prediction	0.14201183431952663	0.1170023448429661
196	frozen_broad_prediction	0.1515919977458439	0.12465574704899282
197	frozen_broad_prediction	0.14736545505776275	0.11853627466697418
198	frozen_broad_prediction	0.14792899408284024	0.12124997881941084
199	frozen_broad_prediction	0.14398422090729784	0.1185498499388485
200	frozen_broad_prediction	0.14003944773175542	0.11738107949258858
201	frozen_broad_prediction	0.1496196111580727	0.13691850205346548
202	frozen_broad_prediction	0.13891236968160045	0.12370575207373029
203	frozen_broad_prediction	0.1425753733446041	0.12175857683351943
204	frozen_broad_prediction	0.15976331360946747	0.13078391624058422
205	frozen_broad_prediction	0.1476472245703015	0.1270348194116285
206	frozen_broad_prediction	0.1431389123696816	0.11641144079802594
207	frozen_broad_prediction	0.15497323189630882	0.12895979040065939
208	frozen_broad_prediction	0.1445477599323753	0.11206587176540002
209	frozen_broad_prediction	0.1484925331079177	0.12180452207156342
210	frozen_broad_prediction	0.15891800507185122	0.12418187014932484
211	frozen_broad_prediction	0.1490560721329952	0.12181149024353591
212	frozen_broad_prediction	0.1515919977458439	0.12051939286713062
213	frozen_broad_prediction	0.14032121724429417	0.11790224632043125
214	frozen_broad_prediction	0.1437024513947591	0.11723928813828692
215	frozen_broad_prediction	0.15384615384615385	0.12433248866681193
216	frozen_broad_prediction	0.15525500140884757	0.13025916194336334
217	frozen_broad_prediction	0.14933784164553396	0.12141288954749055
218	frozen_broad_prediction	0.15131022823330514	0.12464846850367088
219	frozen_broad_prediction	0.1484925331079177	0.12629117355124497
220	frozen_broad_prediction	0.14060298675683292	0.114232790533585
221	frozen_broad_prediction	0.15131022823330514	0.12579284186801146
222	frozen_broad_prediction	0.14088475626937166	0.11418891284312982
223	frozen_broad_prediction	0.1445477599323753	0.11954474753890112
224	frozen_broad_prediction	0.15497323189630882	0.1357839289195351
225	frozen_broad_prediction	0.14990138067061143	0.1195820103096558
226	frozen_broad_prediction	0.15243730628346014	0.12522653167379866
227	frozen_broad_prediction	0.15243730628346014	0.12440014510638855
228	frozen_broad_prediction	0.14595660749506903	0.1252228854970066
229	frozen_broad_prediction	0.1431389123696816	0.11620310026286122
230	frozen_broad_prediction	0.14990138067061143	0.11381417910210123
231	frozen_broad_prediction	0.14990138067061143	0.12237152346761722
232	frozen_broad_prediction	0.15018315018315018	0.12754926752512447
233	frozen_broad_prediction	0.14482952944491406	0.12018848464174674
234	frozen_broad_prediction	0.13750352211890673	0.11829301515911643
235	frozen_broad_prediction	0.1515919977458439	0.13259481837613213
236	frozen_broad_prediction	0.15187376725838264	0.12406544869641851
237	frozen_broad_prediction	0.13722175260636799	0.11156672513945862
238	frozen_broad_prediction	0.14342068188222035	0.1174875799351536
239	frozen_broad_prediction	0.16089039165962243	0.1314645449472102
240	frozen_broad_prediction	0.1451112989574528	0.12128411211179406
241	frozen_broad_prediction	0.14792899408284024	0.11869697450835788
242	frozen_broad_prediction	0.148210763595379	0.12271431981538095
243	frozen_broad_prediction	0.14088475626937166	0.12135601716633027
244	frozen_broad_prediction	0.1561003099464638	0.13172894867609064
245	frozen_broad_prediction	0.14229360383206538	0.12436973680563299
246	frozen_broad_prediction	0.15384615384615385	0.12760236132063058
247	frozen_broad_prediction	0.1490560721329952	0.1121355430586836
248	frozen_broad_prediction	0.1575091575091575	0.12849139082763275
249	frozen_broad_prediction	0.15102845872076642	0.13052747456074465
250	frozen_broad_prediction	0.1566638489715413	0.12285642213410072
251	frozen_broad_prediction	0.14990138067061143	0.12530178509850837
252	frozen_broad_prediction	0.14652014652014653	0.1317865444049326
253	frozen_broad_prediction	0.15102845872076642	0.12365018247213114
254	frozen_broad_prediction	0.1451112989574528	0.12142878868968747
255	frozen_broad_prediction	0.1521555367709214	0.12669212186420564
256	frozen_broad_prediction	0.15187376725838264	0.1229423022812226
257	frozen_broad_prediction	0.1445477599323753	0.11828050905556231
258	frozen_broad_prediction	0.13384051845590308	0.10752297058307134
259	frozen_broad_prediction	0.14201183431952663	0.11839942774959514
260	frozen_broad_prediction	0.14482952944491406	0.12101243146974783
261	frozen_broad_prediction	0.15046491969568893	0.1264169019373246
262	frozen_broad_prediction	0.14736545505776275	0.12300881599571767
263	frozen_broad_prediction	0.14680191603268528	0.11953194849657156
264	frozen_broad_prediction	0.15525500140884757	0.1285474916872507
265	frozen_broad_prediction	0.15018315018315018	0.12650947561232023
266	frozen_broad_prediction	0.15469146238377007	0.12305147402799332
267	frozen_broad_prediction	0.14032121724429417	0.11686076410776043
268	frozen_broad_prediction	0.15271907579599886	0.1153612152591345
269	frozen_broad_prediction	0.14652014652014653	0.11761981326767182
270	frozen_broad_prediction	0.14116652578191038	0.12728072169303387
271	frozen_broad_prediction	0.1445477599323753	0.124490332383327
272	frozen_broad_prediction	0.14567483798253028	0.11801503175014652
273	frozen_broad_prediction	0.148210763595379	0.1260193477555555
274	frozen_broad_prediction	0.13891236968160045	0.10516670418987957
275	frozen_broad_prediction	0.1451112989574528	0.12341429465395684
276	frozen_broad_prediction	0.1566638489715413	0.1331362640256497
277	frozen_broad_prediction	0.14990138067061143	0.127195692861005
278	frozen_broad_prediction	0.14792899408284024	0.12768916080577122
279	frozen_broad_prediction	0.15243730628346014	0.13283990394014938
280	frozen_broad_prediction	0.15243730628346014	0.12855654664429578
281	frozen_broad_prediction	0.16089039165962243	0.12614566639613517
282	frozen_broad_prediction	0.15018315018315018	0.12643512128746534
283	frozen_broad_prediction	0.15694561848408004	0.1324958613169332
284	frozen_broad_prediction	0.1515919977458439	0.1244450495609735
285	frozen_broad_prediction	0.148210763595379	0.12154730674021955
286	frozen_broad_prediction	0.14116652578191038	0.11306955359777515
287	frozen_broad_prediction	0.16427162581008733	0.12896272710239612
288	frozen_broad_prediction	0.15553677092138632	0.1234304370882742
289	frozen_broad_prediction	0.14877430262045646	0.11200368440956858
290	frozen_broad_prediction	0.15863623555931247	0.12598497424071212
291	frozen_broad_prediction	0.15553677092138632	0.13100681007784132
292	frozen_broad_prediction	0.15891800507185122	0.14205779614383168
293	frozen_broad_prediction	0.1566638489715413	0.13770391619552963
294	frozen_broad_prediction	0.1476472245703015	0.12455342562838345
295	frozen_broad_prediction	0.1484925331079177	0.11411929512409946
296	frozen_broad_prediction	0.15835446604677375	0.12764661726608445
297	frozen_broad_prediction	0.14990138067061143	0.12668109215225348
298	frozen_broad_prediction	0.148210763595379	0.12379803251389203
299	frozen_broad_prediction	0.1496196111580727	0.13222899904028132
300	frozen_broad_prediction	0.14285714285714285	0.12214714250485106
301	frozen_broad_prediction	0.15525500140884757	0.12303000235820263
302	frozen_broad_prediction	0.14398422090729784	0.11998431384291722
303	frozen_broad_prediction	0.1521555367709214	0.12454246429928395
304	frozen_broad_prediction	0.15074668920822767	0.13231862397081642
305	frozen_broad_prediction	0.15384615384615385	0.12764240064726223
306	frozen_broad_prediction	0.15328261482107636	0.12516351377312246
307	frozen_broad_prediction	0.14736545505776275	0.12349599884505505
308	frozen_broad_prediction	0.1451112989574528	0.11953715273541166
309	frozen_broad_prediction	0.15638207945900254	0.11988776195545911
310	frozen_broad_prediction	0.14342068188222035	0.1238669306934275
311	frozen_broad_prediction	0.14116652578191038	0.11682784401842819
312	frozen_broad_prediction	0.1614539306846999	0.12928032195458228
313	frozen_broad_prediction	0.14990138067061143	0.12234624824847758
314	frozen_broad_prediction	0.14652014652014653	0.12079742807842053
315	frozen_broad_prediction	0.15328261482107636	0.12316476868204329
316	frozen_broad_prediction	0.15835446604677375	0.132323680488517
317	frozen_broad_prediction	0.1391941391941392	0.11902785564039056
318	frozen_broad_prediction	0.14398422090729784	0.1291677566622939
319	frozen_broad_prediction	0.1496196111580727	0.1185764640308754
320	frozen_broad_prediction	0.15046491969568893	0.13152889694735015
321	frozen_broad_prediction	0.1431389123696816	0.11974029145391396
322	frozen_broad_prediction	0.1561003099464638	0.13100880419901811
323	frozen_broad_prediction	0.147083685545224	0.13126773125856772
324	frozen_broad_prediction	0.15948154409692872	0.12703118228229654
325	frozen_broad_prediction	0.14173006480698788	0.11507551557995284
326	frozen_broad_prediction	0.15412792335869258	0.12405635766647335
327	frozen_broad_prediction	0.15187376725838264	0.1252095741474501
328	frozen_broad_prediction	0.1561003099464638	0.1255867774612983
329	frozen_broad_prediction	0.15384615384615385	0.1325688691970739
330	frozen_broad_prediction	0.1575091575091575	0.13306231299295362
331	frozen_broad_prediction	0.15271907579599886	0.12742209515984387
332	frozen_broad_prediction	0.15046491969568893	0.12369578978926994
333	frozen_broad_prediction	0.14398422090729784	0.12267212205450799
334	frozen_broad_prediction	0.1445477599323753	0.12195830336978349
335	frozen_broad_prediction	0.15074668920822767	0.12532478858679272
336	frozen_broad_prediction	0.15131022823330514	0.11767612563740588
337	frozen_broad_prediction	0.148210763595379	0.12425299646790651
338	frozen_broad_prediction	0.14652014652014653	0.11933188632852403
339	frozen_broad_prediction	0.14736545505776275	0.11268787901259478
340	frozen_broad_prediction	0.14933784164553396	0.12917047108741747
341	frozen_broad_prediction	0.14792899408284024	0.12896524122338193
342	frozen_broad_prediction	0.1484925331079177	0.11730344901465699
343	frozen_broad_prediction	0.15018315018315018	0.11314254933148851
344	frozen_broad_prediction	0.147083685545224	0.12252597221359005
345	frozen_broad_prediction	0.15271907579599886	0.13037089600800217
346	frozen_broad_prediction	0.14595660749506903	0.11793393627630847
347	frozen_broad_prediction	0.1620174697097774	0.13297141122172781
348	frozen_broad_prediction	0.14398422090729784	0.1256338058760847
349	frozen_broad_prediction	0.14792899408284024	0.12746413022003317
350	frozen_broad_prediction	0.1484925331079177	0.11825960244865512
351	frozen_broad_prediction	0.1530008453085376	0.12409110269737864
352	frozen_broad_prediction	0.14792899408284024	0.1185846231414825
353	frozen_broad_prediction	0.15328261482107636	0.12866394598289815
354	frozen_broad_prediction	0.13581290504367427	0.114785612462491
355	frozen_broad_prediction	0.1431389123696816	0.12387808423245102
356	frozen_broad_prediction	0.15722738799661876	0.12571267936646208
357	frozen_broad_prediction	0.15694561848408004	0.13352998195750906
358	frozen_broad_prediction	0.1515919977458439	0.11755276982551326
359	frozen_broad_prediction	0.14933784164553396	0.12096139957592314
360	frozen_broad_prediction	0.14623837700760778	0.11610545838676196
361	frozen_broad_prediction	0.14342068188222035	0.11648919891201814
362	frozen_broad_prediction	0.1535643843336151	0.11798583744842954
363	frozen_broad_prediction	0.14201183431952663	0.12163069624621367
364	frozen_broad_prediction	0.15102845872076642	0.13365245926740937
365	frozen_broad_prediction	0.15384615384615385	0.12514357553655872
366	frozen_broad_prediction	0.14342068188222035	0.11691759231134322
367	frozen_broad_prediction	0.14990138067061143	0.12246990027991825
368	frozen_broad_prediction	0.14229360383206538	0.12922733828447475
369	frozen_broad_prediction	0.14342068188222035	0.1189110758224579
370	frozen_broad_prediction	0.1515919977458439	0.11903216260914698
371	frozen_broad_prediction	0.14933784164553396	0.12515212250725605
372	frozen_broad_prediction	0.14285714285714285	0.1181059260246172
373	frozen_broad_prediction	0.14173006480698788	0.12331092474399305
374	frozen_broad_prediction	0.1521555367709214	0.12769502587199488
375	frozen_broad_prediction	0.15243730628346014	0.12406412020421038
376	frozen_broad_prediction	0.15412792335869258	0.1227209937851019
377	frozen_broad_prediction	0.14060298675683292	0.11056438166485631
378	frozen_broad_prediction	0.15440969287123132	0.13091641655450326
379	frozen_broad_prediction	0.1496196111580727	0.12116811391402424
380	frozen_broad_prediction	0.1445477599323753	0.12056721453084498
381	frozen_broad_prediction	0.14792899408284024	0.12550972300827087
382	frozen_broad_prediction	0.1451112989574528	0.1120054387864057
383	frozen_broad_prediction	0.14032121724429417	0.11141724673190564
384	frozen_broad_prediction	0.13975767821921667	0.11501558218519273
385	frozen_broad_prediction	0.15187376725838264	0.13605636494892676
386	frozen_broad_prediction	0.15102845872076642	0.12583304945011414
387	frozen_broad_prediction	0.15694561848408004	0.13284731273193157
388	frozen_broad_prediction	0.14398422090729784	0.11128543730004348
389	frozen_broad_prediction	0.1535643843336151	0.1216256232140761
390	frozen_broad_prediction	0.14060298675683292	0.11731314442313015
391	frozen_broad_prediction	0.15243730628346014	0.12303130594726934
392	frozen_broad_prediction	0.14680191603268528	0.12173436497670916
393	frozen_broad_prediction	0.1451112989574528	0.11984980258907896
394	frozen_broad_prediction	0.14116652578191038	0.11994713322856894
395	frozen_broad_prediction	0.15271907579599886	0.12656789909537797
396	frozen_broad_prediction	0.1425753733446041	0.12503378530363368
397	frozen_broad_prediction	0.14736545505776275	0.11492921084263985
398	frozen_broad_prediction	0.14595660749506903	0.11531584905014461
399	frozen_broad_prediction	0.1530008453085376	0.12592876788245808
400	frozen_broad_prediction	0.15102845872076642	0.12270590214326324
401	frozen_broad_prediction	0.14595660749506903	0.1264990163571365
402	frozen_broad_prediction	0.1575091575091575	0.13074569068856637
403	frozen_broad_prediction	0.14736545505776275	0.11986593481805792
404	frozen_broad_prediction	0.13299520991828684	0.11323115871465783
405	frozen_broad_prediction	0.14652014652014653	0.11793303817625982
406	frozen_broad_prediction	0.14088475626937166	0.10798307722342208
407	frozen_broad_prediction	0.14482952944491406	0.12072959114042318
408	frozen_broad_prediction	0.1490560721329952	0.1232147382300797
409	frozen_broad_prediction	0.15046491969568893	0.1152250830236488
410	frozen_broad_prediction	0.14652014652014653	0.12827573022527486
411	frozen_broad_prediction	0.14342068188222035	0.12018231354996115
412	frozen_broad_prediction	0.14398422090729784	0.12583096978576874
413	frozen_broad_prediction	0.15581854043392504	0.12490699396841995
414	frozen_broad_prediction	0.14990138067061143	0.1233129030132097
415	frozen_broad_prediction	0.14342068188222035	0.12310043927700805
416	frozen_broad_prediction	0.15271907579599886	0.12311223829266038
417	frozen_broad_prediction	0.14398422090729784	0.11886029770611994
418	frozen_broad_prediction	0.1391941391941392	0.11195505870176821
419	frozen_broad_prediction	0.1535643843336151	0.12781383076734026
420	frozen_broad_prediction	0.147083685545224	0.11829748942773173
421	frozen_broad_prediction	0.13581290504367427	0.11803023343433565
422	frozen_broad_prediction	0.15102845872076642	0.11657170419551602
423	frozen_broad_prediction	0.14680191603268528	0.12122255564884772
424	frozen_broad_prediction	0.14285714285714285	0.10919058738476228
425	frozen_broad_prediction	0.15243730628346014	0.12886035773050478
426	frozen_broad_prediction	0.15102845872076642	0.12458039265633311
427	frozen_broad_prediction	0.15497323189630882	0.12121888220172324
428	frozen_broad_prediction	0.1425753733446041	0.11983660379137584
429	frozen_broad_prediction	0.148210763595379	0.11561804285890571
430	frozen_broad_prediction	0.15722738799661876	0.13907631719378113
431	frozen_broad_prediction	0.15779092702169625	0.13007928762112606
432	frozen_broad_prediction	0.1535643843336151	0.130767667561968
433	frozen_broad_prediction	0.1530008453085376	0.12694140851035296
434	frozen_broad_prediction	0.14229360383206538	0.11097387174304212
435	frozen_broad_prediction	0.1484925331079177	0.12403195278689261
436	frozen_broad_prediction	0.1437024513947591	0.11842352681110013
437	frozen_broad_prediction	0.15328261482107636	0.1294395365700707
438	frozen_broad_prediction	0.15102845872076642	0.11661489922326566
439	frozen_broad_prediction	0.14032121724429417	0.12116983606530582
440	frozen_broad_prediction	0.14595660749506903	0.12590443034528528
441	frozen_broad_prediction	0.14342068188222035	0.12435993276792437
442	frozen_broad_prediction	0.15440969287123132	0.12811741543211638
443	frozen_broad_prediction	0.14595660749506903	0.11924849439671166
444	frozen_broad_prediction	0.147083685545224	0.12995168343566058
445	frozen_broad_prediction	0.15469146238377007	0.12052103299664677
446	frozen_broad_prediction	0.15243730628346014	0.12280837914232454
447	frozen_broad_prediction	0.15018315018315018	0.12633234762442463
448	frozen_broad_prediction	0.1437024513947591	0.11615997658671537
449	frozen_broad_prediction	0.1521555367709214	0.12143058887962321
450	frozen_broad_prediction	0.15131022823330514	0.12727730269971518
451	frozen_broad_prediction	0.14567483798253028	0.11974910396219704
452	frozen_broad_prediction	0.158072696534235	0.12467068875439527
453	frozen_broad_prediction	0.15046491969568893	0.1284941973128108
454	frozen_broad_prediction	0.15131022823330514	0.11954237127102456
455	frozen_broad_prediction	0.1614539306846999	0.1348106874521517
456	frozen_broad_prediction	0.1566638489715413	0.13515323976785557
457	frozen_broad_prediction	0.15384615384615385	0.1248661084586246
458	frozen_broad_prediction	0.1530008453085376	0.12030917625853557
459	frozen_broad_prediction	0.15102845872076642	0.12342316855989784
460	frozen_broad_prediction	0.14595660749506903	0.12424134898656429
461	frozen_broad_prediction	0.1490560721329952	0.12823468712565742
462	frozen_broad_prediction	0.16060862214708369	0.13459123102871068
463	frozen_broad_prediction	0.1346858269935193	0.10629679864185353
464	frozen_broad_prediction	0.15074668920822767	0.1226230975123842
465	frozen_broad_prediction	0.15243730628346014	0.12039596145676541
466	frozen_broad_prediction	0.16370808678500987	0.13199279594608554
467	frozen_broad_prediction	0.1431389123696816	0.11487097247429381
468	frozen_broad_prediction	0.1451112989574528	0.11716645285753968
469	frozen_broad_prediction	0.15131022823330514	0.1222054646148188
470	frozen_broad_prediction	0.1535643843336151	0.12438670975274473
471	frozen_broad_prediction	0.1445477599323753	0.11898647549057521
472	frozen_broad_prediction	0.14539306846999156	0.12370420672438794
473	frozen_broad_prediction	0.15018315018315018	0.12945164136375975
474	frozen_broad_prediction	0.14426599041983657	0.11264551860559661
475	frozen_broad_prediction	0.14342068188222035	0.11902837854938672
476	frozen_broad_prediction	0.15497323189630882	0.12443631523350207
477	frozen_broad_prediction	0.13975767821921667	0.11598413847723736
478	frozen_broad_prediction	0.1431389123696816	0.11869397476529413
479	frozen_broad_prediction	0.15018315018315018	0.12663558494573315
480	frozen_broad_prediction	0.15328261482107636	0.12190620817969913
481	frozen_broad_prediction	0.15919977458438997	0.1394252507762912
482	frozen_broad_prediction	0.1451112989574528	0.11755331333279703
483	frozen_broad_prediction	0.14652014652014653	0.12321861989958824
484	frozen_broad_prediction	0.1515919977458439	0.12034635528564597
485	frozen_broad_prediction	0.1484925331079177	0.12263034446821644
486	frozen_broad_prediction	0.1437024513947591	0.12223833601989753
487	frozen_broad_prediction	0.14792899408284024	0.11935584413779284
488	frozen_broad_prediction	0.15131022823330514	0.12333180521100391
489	frozen_broad_prediction	0.14032121724429417	0.11913503504834404
490	frozen_broad_prediction	0.1484925331079177	0.12581755416009818
491	frozen_broad_prediction	0.1566638489715413	0.12931774015437866
492	frozen_broad_prediction	0.15863623555931247	0.12796611502985772
493	frozen_broad_prediction	0.14990138067061143	0.11494070284996849
494	frozen_broad_prediction	0.1425753733446041	0.11679662531267707
495	frozen_broad_prediction	0.15018315018315018	0.11964625215102469
496	frozen_broad_prediction	0.14595660749506903	0.12097823710099358
497	frozen_broad_prediction	0.14144829529444913	0.11697463246519882
498	frozen_broad_prediction	0.14032121724429417	0.118949324813677
499	frozen_broad_prediction	0.14060298675683292	0.11463760931138119
500	frozen_broad_prediction	0.15469146238377007	0.12777559613541756
501	frozen_broad_prediction	0.15131022823330514	0.12698792206872694
502	frozen_broad_prediction	0.15553677092138632	0.12896371764450015
503	frozen_broad_prediction	0.15638207945900254	0.11099331027621706
504	frozen_broad_prediction	0.15243730628346014	0.12265723666551698
505	frozen_broad_prediction	0.15018315018315018	0.11696814595098962
506	frozen_broad_prediction	0.1425753733446041	0.11942308099585341
507	frozen_broad_prediction	0.14567483798253028	0.12355504653593452
508	frozen_broad_prediction	0.14173006480698788	0.11280966536548645
509	frozen_broad_prediction	0.1530008453085376	0.12411900803400362
510	frozen_broad_prediction	0.14933784164553396	0.12836268955256247
511	frozen_broad_prediction	0.1445477599323753	0.12269639643491026
512	frozen_broad_prediction	0.13778529163144548	0.11318611489422672
513	frozen_broad_prediction	0.14173006480698788	0.11934542806448352
514	frozen_broad_prediction	0.14398422090729784	0.11910079151018463
515	frozen_broad_prediction	0.14652014652014653	0.11153199500731667
516	frozen_broad_prediction	0.14933784164553396	0.11662789860257287
517	frozen_broad_prediction	0.14398422090729784	0.12783111963347044
518	frozen_broad_prediction	0.15469146238377007	0.127683835891161
519	frozen_broad_prediction	0.1484925331079177	0.1166062887374513
520	frozen_broad_prediction	0.1352493660185968	0.11257107765217558
521	frozen_broad_prediction	0.13722175260636799	0.11141555659341015
522	frozen_broad_prediction	0.14652014652014653	0.11496821400132502
523	frozen_broad_prediction	0.14792899408284024	0.12220520888138417
524	frozen_broad_prediction	0.148210763595379	0.12225629430640757
525	frozen_broad_prediction	0.14116652578191038	0.11686037229513924
526	frozen_broad_prediction	0.147083685545224	0.11499190326394415
527	frozen_broad_prediction	0.1425753733446041	0.1192562912270766
528	frozen_broad_prediction	0.15018315018315018	0.124758301180134
529	frozen_broad_prediction	0.14229360383206538	0.12462788902317976
530	frozen_broad_prediction	0.15131022823330514	0.12821432215361148
531	frozen_broad_prediction	0.14680191603268528	0.11633388234883266
532	frozen_broad_prediction	0.14990138067061143	0.12473573292012789
533	frozen_broad_prediction	0.1530008453085376	0.11893398279744435
534	frozen_broad_prediction	0.1535643843336151	0.12269141969921982
535	frozen_broad_prediction	0.14342068188222035	0.11881611418392261
536	frozen_broad_prediction	0.15722738799661876	0.12886301181654392
537	frozen_broad_prediction	0.15018315018315018	0.12315086689247148
538	frozen_broad_prediction	0.1391941391941392	0.11369977739473554
539	frozen_broad_prediction	0.14342068188222035	0.11776950222796281
540	frozen_broad_prediction	0.1490560721329952	0.12433335706310034
541	frozen_broad_prediction	0.15271907579599886	0.1261526486406162
542	frozen_broad_prediction	0.14426599041983657	0.11659137543638484
543	frozen_broad_prediction	0.14201183431952663	0.11417770434956045
544	frozen_broad_prediction	0.15863623555931247	0.12487921795804609
545	frozen_broad_prediction	0.15694561848408004	0.1328394174579788
546	frozen_broad_prediction	0.13806706114398423	0.12911638924752192
547	frozen_broad_prediction	0.1451112989574528	0.12731369455545835
548	frozen_broad_prediction	0.14539306846999156	0.11355088818382242
549	frozen_broad_prediction	0.1561003099464638	0.12405630723803951
550	frozen_broad_prediction	0.14680191603268528	0.11350831348070389
551	frozen_broad_prediction	0.1530008453085376	0.12447807461868468
552	frozen_broad_prediction	0.14736545505776275	0.11818330893537354
553	frozen_broad_prediction	0.14567483798253028	0.12562465996937625
554	frozen_broad_prediction	0.14342068188222035	0.11714368979568228
555	frozen_broad_prediction	0.147083685545224	0.13094337993979818
556	frozen_broad_prediction	0.14144829529444913	0.11937136421472194
557	frozen_broad_prediction	0.1425753733446041	0.11391630872265421
558	frozen_broad_prediction	0.15384615384615385	0.1293737784762625
559	frozen_broad_prediction	0.15525500140884757	0.11854950982893953
560	frozen_broad_prediction	0.15412792335869258	0.12244759174314515
561	frozen_broad_prediction	0.1490560721329952	0.11680001800415792
562	frozen_broad_prediction	0.1484925331079177	0.12331690512858909
563	frozen_broad_prediction	0.15018315018315018	0.12504539115188767
564	frozen_broad_prediction	0.148210763595379	0.12069011406462704
565	frozen_broad_prediction	0.13975767821921667	0.12211292790752011
566	frozen_broad_prediction	0.14003944773175542	0.11588766006965248
567	frozen_broad_prediction	0.1425753733446041	0.1241167973679999
568	frozen_broad_prediction	0.14595660749506903	0.11674196661037958
569	frozen_broad_prediction	0.1535643843336151	0.12159237547981025
570	frozen_broad_prediction	0.13975767821921667	0.11376425992466807
571	frozen_broad_prediction	0.13496759650605805	0.11056310209038685
572	frozen_broad_prediction	0.1437024513947591	0.11894117225807274
573	frozen_broad_prediction	0.1490560721329952	0.12263896258685572
574	frozen_broad_prediction	0.148210763595379	0.12135700556022518
575	frozen_broad_prediction	0.14933784164553396	0.11824270291789796
576	frozen_broad_prediction	0.15243730628346014	0.12500229485838082
577	frozen_broad_prediction	0.15440969287123132	0.12096352209556782
578	frozen_broad_prediction	0.15779092702169625	0.12732402803255582
579	frozen_broad_prediction	0.147083685545224	0.12344404257832295
580	frozen_broad_prediction	0.15638207945900254	0.13705749681196702
581	frozen_broad_prediction	0.14736545505776275	0.11679043231347044
582	frozen_broad_prediction	0.15694561848408004	0.13669606294361564
583	frozen_broad_prediction	0.1352493660185968	0.11549509800168663
584	frozen_broad_prediction	0.13947590870667795	0.1160804630914259
585	frozen_broad_prediction	0.14060298675683292	0.11747093344633083
586	frozen_broad_prediction	0.1566638489715413	0.1300839839184122
587	frozen_broad_prediction	0.14173006480698788	0.1083132410429761
588	frozen_broad_prediction	0.15018315018315018	0.12711145632205145
589	frozen_broad_prediction	0.14342068188222035	0.12705072239552528
590	frozen_broad_prediction	0.1386306001690617	0.11317126697988471
591	frozen_broad_prediction	0.14595660749506903	0.12704939957483277
592	frozen_broad_prediction	0.15638207945900254	0.12362570331643356
593	frozen_broad_prediction	0.14173006480698788	0.11348016023960268
594	frozen_broad_prediction	0.14060298675683292	0.12029965926289159
595	frozen_broad_prediction	0.14482952944491406	0.11178909315065692
596	frozen_broad_prediction	0.13693998309382924	0.10662041415747572
597	frozen_broad_prediction	0.15074668920822767	0.13125823686121302
598	frozen_broad_prediction	0.14173006480698788	0.11865260391140783
599	frozen_broad_prediction	0.13553113553113552	0.11452040040286995
600	frozen_broad_prediction	0.14032121724429417	0.11680202111169177
601	frozen_broad_prediction	0.15328261482107636	0.12655016087638685
602	frozen_broad_prediction	0.1476472245703015	0.1246415493249988
603	frozen_broad_prediction	0.1425753733446041	0.11907700170733196
604	frozen_broad_prediction	0.1575091575091575	0.12298021487411703
605	frozen_broad_prediction	0.14877430262045646	0.12458147976397087
606	frozen_broad_prediction	0.1490560721329952	0.12922256349838987
607	frozen_broad_prediction	0.15074668920822767	0.13187630471511025
608	frozen_broad_prediction	0.1521555367709214	0.12245640070124944
609	frozen_broad_prediction	0.14933784164553396	0.12330932720993222
610	frozen_broad_prediction	0.1451112989574528	0.1179404396606453
611	frozen_broad_prediction	0.15018315018315018	0.1258545804192735
612	frozen_broad_prediction	0.14792899408284024	0.1272669332761775
613	frozen_broad_prediction	0.1515919977458439	0.12046932440379328
614	frozen_broad_prediction	0.14482952944491406	0.11619493178222755
615	frozen_broad_prediction	0.1425753733446041	0.11913631362527408
616	frozen_broad_prediction	0.14060298675683292	0.11944096026576831
617	frozen_broad_prediction	0.14652014652014653	0.1208913766125417
618	frozen_broad_prediction	0.15525500140884757	0.12525238437685668
619	frozen_broad_prediction	0.1490560721329952	0.11571033627594796
620	frozen_broad_prediction	0.148210763595379	0.11728797009803597
621	frozen_broad_prediction	0.13750352211890673	0.1187896437366669
622	frozen_broad_prediction	0.13806706114398423	0.11355002218197037
623	frozen_broad_prediction	0.15131022823330514	0.12746987191958983
624	frozen_broad_prediction	0.15018315018315018	0.12056398674672394
625	frozen_broad_prediction	0.14567483798253028	0.1183522950476521
626	frozen_broad_prediction	0.16060862214708369	0.12345490047158822
627	frozen_broad_prediction	0.1490560721329952	0.11957081088062096
628	frozen_broad_prediction	0.15074668920822767	0.13125830018059614
629	frozen_broad_prediction	0.1445477599323753	0.1112120702615105
630	frozen_broad_prediction	0.1521555367709214	0.12456306357611897
631	frozen_broad_prediction	0.1445477599323753	0.11039188445914934
632	frozen_broad_prediction	0.13806706114398423	0.11721856842763967
633	frozen_broad_prediction	0.1521555367709214	0.13149482626517808
634	frozen_broad_prediction	0.14003944773175542	0.1167472149264717
635	frozen_broad_prediction	0.15018315018315018	0.12648422894697048
636	frozen_broad_prediction	0.15779092702169625	0.13993633053033472
637	frozen_broad_prediction	0.14933784164553396	0.12701921621379794
638	frozen_broad_prediction	0.14623837700760778	0.13193189544998163
639	frozen_broad_prediction	0.14060298675683292	0.12382119677275498
640	frozen_broad_prediction	0.15469146238377007	0.11450242073733918
641	frozen_broad_prediction	0.14990138067061143	0.12566544411985994
642	frozen_broad_prediction	0.14539306846999156	0.12083141466637401
643	frozen_broad_prediction	0.15131022823330514	0.11950001379144748
644	frozen_broad_prediction	0.15074668920822767	0.12064914714557226
645	frozen_broad_prediction	0.1496196111580727	0.13072138942706535
646	frozen_broad_prediction	0.14595660749506903	0.12790584389967086
647	frozen_broad_prediction	0.1490560721329952	0.11894022298708855
648	frozen_broad_prediction	0.14990138067061143	0.11815639203563452
649	frozen_broad_prediction	0.14652014652014653	0.11792381041950102
650	frozen_broad_prediction	0.15384615384615385	0.1196382142254426
651	frozen_broad_prediction	0.14877430262045646	0.12258491209018299
652	frozen_broad_prediction	0.148210763595379	0.11400970906608794
653	frozen_broad_prediction	0.15243730628346014	0.12465430913375035
654	frozen_broad_prediction	0.13496759650605805	0.11409485271384082
655	frozen_broad_prediction	0.16398985629754861	0.13163129443313226
656	frozen_broad_prediction	0.13722175260636799	0.11686470389603101
657	frozen_broad_prediction	0.15018315018315018	0.11988425651825378
658	frozen_broad_prediction	0.13722175260636799	0.11736202192011295
659	frozen_broad_prediction	0.14173006480698788	0.12113724256471814
660	frozen_broad_prediction	0.15694561848408004	0.12799651321783734
661	frozen_broad_prediction	0.1566638489715413	0.12441397525968764
662	frozen_broad_prediction	0.14567483798253028	0.11807822041030258
663	frozen_broad_prediction	0.15271907579599886	0.11961420939484375
664	frozen_broad_prediction	0.14032121724429417	0.11498947037634
665	frozen_broad_prediction	0.1451112989574528	0.1188916262011227
666	frozen_broad_prediction	0.14482952944491406	0.11600524343066061
667	frozen_broad_prediction	0.14539306846999156	0.1252406811761373
668	frozen_broad_prediction	0.14792899408284024	0.11854212984355554
669	frozen_broad_prediction	0.1437024513947591	0.11921792910458999
670	frozen_broad_prediction	0.14060298675683292	0.11616106067661199
671	frozen_broad_prediction	0.1614539306846999	0.1279633005619961
672	frozen_broad_prediction	0.14792899408284024	0.12167449909518906
673	frozen_broad_prediction	0.15638207945900254	0.13225129409489728
674	frozen_broad_prediction	0.14623837700760778	0.1180205215044936
675	frozen_broad_prediction	0.14595660749506903	0.11870368049190705
676	frozen_broad_prediction	0.15074668920822767	0.13077908454305487
677	frozen_broad_prediction	0.14990138067061143	0.12495690661630214
678	frozen_broad_prediction	0.14173006480698788	0.1215358988474921
679	frozen_broad_prediction	0.1521555367709214	0.12849392720631866
680	frozen_broad_prediction	0.1476472245703015	0.11992560709072372
681	frozen_broad_prediction	0.13947590870667795	0.10758110169006471
682	frozen_broad_prediction	0.14792899408284024	0.12874044769494292
683	frozen_broad_prediction	0.1600450831220062	0.12320788269838893
684	frozen_broad_prediction	0.1445477599323753	0.12268870108925516
685	frozen_broad_prediction	0.14060298675683292	0.10988110922199208
686	frozen_broad_prediction	0.14933784164553396	0.12638027671908375
687	frozen_broad_prediction	0.1530008453085376	0.11867266463191198
688	frozen_broad_prediction	0.1561003099464638	0.11974828540760704
689	frozen_broad_prediction	0.1445477599323753	0.11806716690602552
690	frozen_broad_prediction	0.14229360383206538	0.11555107183308799
691	frozen_broad_prediction	0.14032121724429417	0.11494508786828468
692	frozen_broad_prediction	0.1451112989574528	0.11873816718127554
693	frozen_broad_prediction	0.1431389123696816	0.12605489572811815
694	frozen_broad_prediction	0.14003944773175542	0.1205133889053723
695	frozen_broad_prediction	0.14539306846999156	0.12103737890862468
696	frozen_broad_prediction	0.15131022823330514	0.11912401493732568
697	frozen_broad_prediction	0.147083685545224	0.11508985571935651
698	frozen_broad_prediction	0.14539306846999156	0.11715106054193627
699	frozen_broad_prediction	0.1496196111580727	0.11815036911870633
700	frozen_broad_prediction	0.14116652578191038	0.11836179964091027
701	frozen_broad_prediction	0.147083685545224	0.11500316497933394
702	frozen_broad_prediction	0.15074668920822767	0.12518951937762832
703	frozen_broad_prediction	0.148210763595379	0.1268875187620468
704	frozen_broad_prediction	0.1332769794308256	0.11275731168063716
705	frozen_broad_prediction	0.14342068188222035	0.11606749907909313
706	frozen_broad_prediction	0.15525500140884757	0.12169268620308202
707	frozen_broad_prediction	0.1496196111580727	0.11667250937681625
708	frozen_broad_prediction	0.14144829529444913	0.11793132831193118
709	frozen_broad_prediction	0.15046491969568893	0.12982016444535777
710	frozen_broad_prediction	0.14990138067061143	0.11998020886073349
711	frozen_broad_prediction	0.13778529163144548	0.11540578307484857
712	frozen_broad_prediction	0.1535643843336151	0.11713309748477493
713	frozen_broad_prediction	0.15187376725838264	0.11983576621625709
714	frozen_broad_prediction	0.14623837700760778	0.11947169486133098
715	frozen_broad_prediction	0.14144829529444913	0.13324482417863343
716	frozen_broad_prediction	0.14567483798253028	0.125944803414996
717	frozen_broad_prediction	0.14060298675683292	0.12025090256918529
718	frozen_broad_prediction	0.14623837700760778	0.11893612802723716
719	frozen_broad_prediction	0.14652014652014653	0.12047325437496088
720	frozen_broad_prediction	0.1484925331079177	0.12169443444079617
721	frozen_broad_prediction	0.148210763595379	0.125099036958593
722	frozen_broad_prediction	0.13947590870667795	0.11134459913107435
723	frozen_broad_prediction	0.14792899408284024	0.12162966025035866
724	frozen_broad_prediction	0.15384615384615385	0.1306823196350995
725	frozen_broad_prediction	0.1437024513947591	0.12171997309743114
726	frozen_broad_prediction	0.1484925331079177	0.1190848786673088
727	frozen_broad_prediction	0.1431389123696816	0.11072315132618524
728	frozen_broad_prediction	0.15469146238377007	0.13045373841632193
729	frozen_broad_prediction	0.14539306846999156	0.12078459946083023
730	frozen_broad_prediction	0.14088475626937166	0.11269540817137338
731	frozen_broad_prediction	0.14736545505776275	0.11894226215782264
732	frozen_broad_prediction	0.15412792335869258	0.12207273981346108
733	frozen_broad_prediction	0.1425753733446041	0.11910455651187886
734	frozen_broad_prediction	0.1386306001690617	0.12106795742282603
735	frozen_broad_prediction	0.15131022823330514	0.11899189992940842
736	frozen_broad_prediction	0.148210763595379	0.13280411154105495
737	frozen_broad_prediction	0.15243730628346014	0.1263399931430428
738	frozen_broad_prediction	0.14680191603268528	0.11739778224158678
739	frozen_broad_prediction	0.13891236968160045	0.11968649904935899
740	frozen_broad_prediction	0.1476472245703015	0.11880027474369806
741	frozen_broad_prediction	0.1566638489715413	0.13091420158386452
742	frozen_broad_prediction	0.148210763595379	0.12927351211789478
743	frozen_broad_prediction	0.1521555367709214	0.12635946261099806
744	frozen_broad_prediction	0.14652014652014653	0.11587425773734798
745	frozen_broad_prediction	0.1496196111580727	0.1167495959783755
746	frozen_broad_prediction	0.14285714285714285	0.1250193168578903
747	frozen_broad_prediction	0.14229360383206538	0.1220592221826217
748	frozen_broad_prediction	0.13891236968160045	0.12231959065263073
749	frozen_broad_prediction	0.14567483798253028	0.12817301837739986
750	frozen_broad_prediction	0.1437024513947591	0.12155817680010832
751	frozen_broad_prediction	0.1425753733446041	0.11368776283767515
752	frozen_broad_prediction	0.15469146238377007	0.11292509833832687
753	frozen_broad_prediction	0.13947590870667795	0.1080036942013892
754	frozen_broad_prediction	0.15469146238377007	0.13001564433774682
755	frozen_broad_prediction	0.13750352211890673	0.11572722381674425
756	frozen_broad_prediction	0.147083685545224	0.11722291194183594
757	frozen_broad_prediction	0.15131022823330514	0.13215590811203326
758	frozen_broad_prediction	0.1437024513947591	0.1239839557597922
759	frozen_broad_prediction	0.1327134404057481	0.11273241533578753
760	frozen_broad_prediction	0.15553677092138632	0.13115584681253678
761	frozen_broad_prediction	0.15131022823330514	0.11819377074444773
762	frozen_broad_prediction	0.1575091575091575	0.1324990732004333
763	frozen_broad_prediction	0.14877430262045646	0.11763061478101795
764	frozen_broad_prediction	0.1484925331079177	0.11807282116175
765	frozen_broad_prediction	0.14426599041983657	0.11308531700944682
766	frozen_broad_prediction	0.15384615384615385	0.1293270111644524
767	frozen_broad_prediction	0.1535643843336151	0.1230624999498412
768	frozen_broad_prediction	0.147083685545224	0.11775155237078365
769	frozen_broad_prediction	0.14060298675683292	0.1065270688814703
770	frozen_broad_prediction	0.13834883065652295	0.1185277899332368
771	frozen_broad_prediction	0.14877430262045646	0.1261011623363039
772	frozen_broad_prediction	0.148210763595379	0.12446814946649117
773	frozen_broad_prediction	0.15271907579599886	0.12570748900751816
774	frozen_broad_prediction	0.1386306001690617	0.11511460655674584
775	frozen_broad_prediction	0.14736545505776275	0.1258790837673829
776	frozen_broad_prediction	0.158072696534235	0.1142040434509856
777	frozen_broad_prediction	0.1352493660185968	0.11390920898618209
778	frozen_broad_prediction	0.14398422090729784	0.11351297526320978
779	frozen_broad_prediction	0.15328261482107636	0.13269481920226345
780	frozen_broad_prediction	0.13581290504367427	0.11646883194902398
781	frozen_broad_prediction	0.147083685545224	0.1197947943099488
782	frozen_broad_prediction	0.14792899408284024	0.1222284951139044
783	frozen_broad_prediction	0.1490560721329952	0.12385840604070344
784	frozen_broad_prediction	0.1521555367709214	0.12422079014477819
785	frozen_broad_prediction	0.14990138067061143	0.13159958241392772
786	frozen_broad_prediction	0.13355874894336434	0.1158118894809604
787	frozen_broad_prediction	0.13778529163144548	0.11335551520596518
788	frozen_broad_prediction	0.1451112989574528	0.1260770801934456
789	frozen_broad_prediction	0.147083685545224	0.12417761990345422
790	frozen_broad_prediction	0.13750352211890673	0.1073639527068408
791	frozen_broad_prediction	0.15046491969568893	0.12350650174073537
792	frozen_broad_prediction	0.15131022823330514	0.11733755476184904
793	frozen_broad_prediction	0.14229360383206538	0.11659969892125961
794	frozen_broad_prediction	0.15638207945900254	0.1245012694591463
795	frozen_broad_prediction	0.14652014652014653	0.12119496986299708
796	frozen_broad_prediction	0.14229360383206538	0.12240434906412141
797	frozen_broad_prediction	0.148210763595379	0.11410221610872998
798	frozen_broad_prediction	0.15863623555931247	0.11487091431424372
799	frozen_broad_prediction	0.14173006480698788	0.11418018409362023
800	frozen_broad_prediction	0.14116652578191038	0.12233080635218749
801	frozen_broad_prediction	0.1530008453085376	0.12787599613650436
802	frozen_broad_prediction	0.14680191603268528	0.11739457676506564
803	frozen_broad_prediction	0.14116652578191038	0.12190606833725932
804	frozen_broad_prediction	0.15581854043392504	0.12846911084158916
805	frozen_broad_prediction	0.14201183431952663	0.13138804237892773
806	frozen_broad_prediction	0.13496759650605805	0.09902491386993342
807	frozen_broad_prediction	0.14792899408284024	0.11795668844266874
808	frozen_broad_prediction	0.14990138067061143	0.1226859334422136
809	frozen_broad_prediction	0.1451112989574528	0.11755152767261005
810	frozen_broad_prediction	0.13975767821921667	0.1225204321123545
811	frozen_broad_prediction	0.15694561848408004	0.1305294442690484
812	frozen_broad_prediction	0.15102845872076642	0.11471189594550042
813	frozen_broad_prediction	0.14539306846999156	0.11860718066931006
814	frozen_broad_prediction	0.14990138067061143	0.11454660845864358
815	frozen_broad_prediction	0.15469146238377007	0.11284785180275916
816	frozen_broad_prediction	0.14003944773175542	0.11362918057586018
817	frozen_broad_prediction	0.15243730628346014	0.12196221456725909
818	frozen_broad_prediction	0.1484925331079177	0.11293369447304816
819	frozen_broad_prediction	0.15046491969568893	0.12398689210961995
820	frozen_broad_prediction	0.1484925331079177	0.12154335762300453
821	frozen_broad_prediction	0.1425753733446041	0.1140927537717358
822	frozen_broad_prediction	0.1490560721329952	0.12494766663521743
823	frozen_broad_prediction	0.1451112989574528	0.12975631361278422
824	frozen_broad_prediction	0.14877430262045646	0.12893397767610698
825	frozen_broad_prediction	0.158072696534235	0.13032453168634722
826	frozen_broad_prediction	0.15018315018315018	0.11972674068048836
827	frozen_broad_prediction	0.14229360383206538	0.11187755991541297
828	frozen_broad_prediction	0.1566638489715413	0.13175886537714446
829	frozen_broad_prediction	0.15102845872076642	0.12261094243853317
830	frozen_broad_prediction	0.15046491969568893	0.12919832046077956
831	frozen_broad_prediction	0.15581854043392504	0.13423639672755192
832	frozen_broad_prediction	0.1515919977458439	0.12559813372490788
833	frozen_broad_prediction	0.15243730628346014	0.12888336170704837
834	frozen_broad_prediction	0.15553677092138632	0.12228738151327592
835	frozen_broad_prediction	0.1515919977458439	0.12026730082811365
836	frozen_broad_prediction	0.13975767821921667	0.10984168468368191
837	frozen_broad_prediction	0.14539306846999156	0.11244591197310667
838	frozen_broad_prediction	0.15243730628346014	0.12936706248627622
839	frozen_broad_prediction	0.15131022823330514	0.12417280031854383
840	frozen_broad_prediction	0.15018315018315018	0.12218994321887297
841	frozen_broad_prediction	0.15018315018315018	0.1203484933815266
842	frozen_broad_prediction	0.15102845872076642	0.13026575172105168
843	frozen_broad_prediction	0.15074668920822767	0.12315756385411784
844	frozen_broad_prediction	0.15271907579599886	0.12404329521996382
845	frozen_broad_prediction	0.14877430262045646	0.12279647120268603
846	frozen_broad_prediction	0.14567483798253028	0.12384374673289737
847	frozen_broad_prediction	0.15779092702169625	0.13477640389627438
848	frozen_broad_prediction	0.15497323189630882	0.12515269973776266
849	frozen_broad_prediction	0.1484925331079177	0.11581313518965519
850	frozen_broad_prediction	0.14426599041983657	0.11640046380286388
851	frozen_broad_prediction	0.14144829529444913	0.122327981656175
852	frozen_broad_prediction	0.1515919977458439	0.12409272925405843
853	frozen_broad_prediction	0.14088475626937166	0.11379292641146473
854	frozen_broad_prediction	0.1476472245703015	0.11343157267519824
855	frozen_broad_prediction	0.15835446604677375	0.12707645854957947
856	frozen_broad_prediction	0.1496196111580727	0.11333534045091524
857	frozen_broad_prediction	0.15131022823330514	0.13214316373384274
858	frozen_broad_prediction	0.13834883065652295	0.11740601955439542
859	frozen_broad_prediction	0.13834883065652295	0.11810365810237351
860	frozen_broad_prediction	0.13722175260636799	0.12552353842311947
861	frozen_broad_prediction	0.1515919977458439	0.11677373725863036
862	frozen_broad_prediction	0.15525500140884757	0.12234208875670412
863	frozen_broad_prediction	0.14990138067061143	0.12491774790676932
864	frozen_broad_prediction	0.14567483798253028	0.11829339986416224
865	frozen_broad_prediction	0.15976331360946747	0.13549963895967132
866	frozen_broad_prediction	0.14990138067061143	0.11031615800297763
867	frozen_broad_prediction	0.1530008453085376	0.12526571037014966
868	frozen_broad_prediction	0.1425753733446041	0.12257133434771945
869	frozen_broad_prediction	0.15328261482107636	0.11962623980124047
870	frozen_broad_prediction	0.15102845872076642	0.1147411272994195
871	frozen_broad_prediction	0.1484925331079177	0.11388336117557658
872	frozen_broad_prediction	0.14201183431952663	0.12783644961038437
873	frozen_broad_prediction	0.14567483798253028	0.11716933064414208
874	frozen_broad_prediction	0.14201183431952663	0.11464152769308442
875	frozen_broad_prediction	0.14201183431952663	0.10684755449390912
876	frozen_broad_prediction	0.14877430262045646	0.1221156638809903
877	frozen_broad_prediction	0.14792899408284024	0.1331782263471431
878	frozen_broad_prediction	0.14933784164553396	0.1267086427786052
879	frozen_broad_prediction	0.15581854043392504	0.12479206320132193
880	frozen_broad_prediction	0.1561003099464638	0.12162493530843724
881	frozen_broad_prediction	0.14623837700760778	0.11582996164364778
882	frozen_broad_prediction	0.14595660749506903	0.12830924560474888
883	frozen_broad_prediction	0.1561003099464638	0.12274814755257735
884	frozen_broad_prediction	0.15440969287123132	0.11564128806633714
885	frozen_broad_prediction	0.1431389123696816	0.11699153020316058
886	frozen_broad_prediction	0.14877430262045646	0.11545613685936933
887	frozen_broad_prediction	0.14539306846999156	0.1259087970748647
888	frozen_broad_prediction	0.1445477599323753	0.12231532800621833
889	frozen_broad_prediction	0.1521555367709214	0.12400046243131438
890	frozen_broad_prediction	0.1445477599323753	0.12246147818657449
891	frozen_broad_prediction	0.14144829529444913	0.1170528958581952
892	frozen_broad_prediction	0.14032121724429417	0.11404241678676823
893	frozen_broad_prediction	0.1490560721329952	0.12523938960195685
894	frozen_broad_prediction	0.158072696534235	0.12470589889587864
895	frozen_broad_prediction	0.13496759650605805	0.11139269168153618
896	frozen_broad_prediction	0.14652014652014653	0.11958518783665444
897	frozen_broad_prediction	0.1476472245703015	0.12858513792732823
898	frozen_broad_prediction	0.14144829529444913	0.11533116054019028
899	frozen_broad_prediction	0.14680191603268528	0.11556692367662921
900	frozen_broad_prediction	0.13806706114398423	0.10324070343151011
901	frozen_broad_prediction	0.13299520991828684	0.11205787434782158
902	frozen_broad_prediction	0.14032121724429417	0.11728402753837416
903	frozen_broad_prediction	0.15102845872076642	0.12320646823872072
904	frozen_broad_prediction	0.14933784164553396	0.12441596202339862
905	frozen_broad_prediction	0.1530008453085376	0.12158264324959164
906	frozen_broad_prediction	0.15412792335869258	0.12179566117308771
907	frozen_broad_prediction	0.1391941391941392	0.11187658183419161
908	frozen_broad_prediction	0.1530008453085376	0.13379396922837344
909	frozen_broad_prediction	0.1451112989574528	0.1176685998473267
910	frozen_broad_prediction	0.13553113553113552	0.1124541216796349
911	frozen_broad_prediction	0.14933784164553396	0.1195943505103283
912	frozen_broad_prediction	0.14990138067061143	0.11654664788072103
913	frozen_broad_prediction	0.1451112989574528	0.11859389199512341
914	frozen_broad_prediction	0.14003944773175542	0.12043445403520055
915	frozen_broad_prediction	0.15553677092138632	0.11654277296251456
916	frozen_broad_prediction	0.15328261482107636	0.12290021089006795
917	frozen_broad_prediction	0.15046491969568893	0.11945478808330601
918	frozen_broad_prediction	0.14595660749506903	0.12155297792553024
919	frozen_broad_prediction	0.14229360383206538	0.11938957419080717
920	frozen_broad_prediction	0.14792899408284024	0.12303866209465641
921	frozen_broad_prediction	0.14539306846999156	0.12579083000333122
922	frozen_broad_prediction	0.14990138067061143	0.1210127252714964
923	frozen_broad_prediction	0.1476472245703015	0.136199717162583
924	frozen_broad_prediction	0.15581854043392504	0.12906739138509318
925	frozen_broad_prediction	0.15074668920822767	0.12529280712680646
926	frozen_broad_prediction	0.14623837700760778	0.12382382106437098
927	frozen_broad_prediction	0.15271907579599886	0.12001244738145081
928	frozen_broad_prediction	0.14933784164553396	0.12052324726210502
929	frozen_broad_prediction	0.15131022823330514	0.13357104123092475
930	frozen_broad_prediction	0.15328261482107636	0.12889618635251146
931	frozen_broad_prediction	0.14398422090729784	0.12730947550982813
932	frozen_broad_prediction	0.15384615384615385	0.12616130242675824
933	frozen_broad_prediction	0.14990138067061143	0.12396271214303489
934	frozen_broad_prediction	0.1431389123696816	0.11658332111097132
935	frozen_broad_prediction	0.14229360383206538	0.11556826229143483
936	frozen_broad_prediction	0.1566638489715413	0.12824850183242956
937	frozen_broad_prediction	0.14567483798253028	0.11185179982980797
938	frozen_broad_prediction	0.13834883065652295	0.11044314764895846
939	frozen_broad_prediction	0.13553113553113552	0.11268186754993308
940	frozen_broad_prediction	0.14680191603268528	0.11938116138320091
941	frozen_broad_prediction	0.1431389123696816	0.12157400071792032
942	frozen_broad_prediction	0.15328261482107636	0.13488226242661586
943	frozen_broad_prediction	0.16060862214708369	0.1307896291566085
944	frozen_broad_prediction	0.15018315018315018	0.12123730945583899
945	frozen_broad_prediction	0.1425753733446041	0.11851968895929232
946	frozen_broad_prediction	0.14032121724429417	0.1252476305248857
947	frozen_broad_prediction	0.14623837700760778	0.1309103838799766
948	frozen_broad_prediction	0.15469146238377007	0.12807339042818963
949	frozen_broad_prediction	0.14933784164553396	0.11329090607358752
950	frozen_broad_prediction	0.14342068188222035	0.11950344868296969
951	frozen_broad_prediction	0.14736545505776275	0.12916525939137433
952	frozen_broad_prediction	0.13806706114398423	0.11313524910181091
953	frozen_broad_prediction	0.1496196111580727	0.11876485304867261
954	frozen_broad_prediction	0.15243730628346014	0.1186104089232936
955	frozen_broad_prediction	0.1386306001690617	0.11738986103241622
956	frozen_broad_prediction	0.15581854043392504	0.1209011411613142
957	frozen_broad_prediction	0.14201183431952663	0.11380997345990115
958	frozen_broad_prediction	0.14173006480698788	0.1145408089990175
959	frozen_broad_prediction	0.15271907579599886	0.13255643981636728
960	frozen_broad_prediction	0.1515919977458439	0.1198495232165588
961	frozen_broad_prediction	0.1490560721329952	0.12253744874519519
962	frozen_broad_prediction	0.14173006480698788	0.12439234693981913
963	frozen_broad_prediction	0.14173006480698788	0.11535368290375961
964	frozen_broad_prediction	0.1521555367709214	0.12577397555768183
965	frozen_broad_prediction	0.14877430262045646	0.12390255559725957
966	frozen_broad_prediction	0.1451112989574528	0.1262367984044776
967	frozen_broad_prediction	0.14680191603268528	0.12504074618247932
968	frozen_broad_prediction	0.14426599041983657	0.12346961427502316
969	frozen_broad_prediction	0.1476472245703015	0.12003905078954569
970	frozen_broad_prediction	0.14877430262045646	0.12615698024154104
971	frozen_broad_prediction	0.14482952944491406	0.1215742245029365
972	frozen_broad_prediction	0.13693998309382924	0.10960565600660395
973	frozen_broad_prediction	0.15018315018315018	0.11898179449941955
974	frozen_broad_prediction	0.1445477599323753	0.118063858761177
975	frozen_broad_prediction	0.1535643843336151	0.1238736873013004
976	frozen_broad_prediction	0.14680191603268528	0.11818613465074575
977	frozen_broad_prediction	0.14482952944491406	0.1250781017723094
978	frozen_broad_prediction	0.14482952944491406	0.12065469063868842
979	frozen_broad_prediction	0.14736545505776275	0.12299434185473726
980	frozen_broad_prediction	0.13722175260636799	0.1106904324799081
981	frozen_broad_prediction	0.14623837700760778	0.12362197704137298
982	frozen_broad_prediction	0.14680191603268528	0.1242390811244954
983	frozen_broad_prediction	0.14342068188222035	0.1153797798062394
984	frozen_broad_prediction	0.1425753733446041	0.12131311940939948
985	frozen_broad_prediction	0.1496196111580727	0.11754542883777097
986	frozen_broad_prediction	0.14482952944491406	0.11238524354787753
987	frozen_broad_prediction	0.14877430262045646	0.11853518096652796
988	frozen_broad_prediction	0.13693998309382924	0.11212071080254511
989	frozen_broad_prediction	0.1490560721329952	0.12154441816540344
990	frozen_broad_prediction	0.14567483798253028	0.12397076859316077
991	frozen_broad_prediction	0.14652014652014653	0.11748379125933832
992	frozen_broad_prediction	0.14990138067061143	0.12913756485275513
993	frozen_broad_prediction	0.1535643843336151	0.12222676249344226
994	frozen_broad_prediction	0.14877430262045646	0.12357924991051572
995	frozen_broad_prediction	0.1476472245703015	0.12275325347079484
996	frozen_broad_prediction	0.14426599041983657	0.12394660618385174
997	frozen_broad_prediction	0.15440969287123132	0.11636974329133747
998	frozen_broad_prediction	0.15018315018315018	0.11900545874176383
999	frozen_broad_prediction	0.14285714285714285	0.12293244906348466
1000	frozen_broad_prediction	0.16229923922231615	0.12739114684498762
1001	frozen_broad_prediction	0.15525500140884757	0.13193657382437723
1002	frozen_broad_prediction	0.1437024513947591	0.1198891259455673
1003	frozen_broad_prediction	0.14736545505776275	0.11577954516135884
1004	frozen_broad_prediction	0.1431389123696816	0.12177567313031215
1005	frozen_broad_prediction	0.12792335869258947	0.1039444591394306
1006	frozen_broad_prediction	0.15074668920822767	0.1230458902469556
1007	frozen_broad_prediction	0.14398422090729784	0.12462395744581997
1008	frozen_broad_prediction	0.14680191603268528	0.11982570602745461
1009	frozen_broad_prediction	0.15863623555931247	0.126529833523145
1010	frozen_broad_prediction	0.14032121724429417	0.11653541493496297
1011	frozen_broad_prediction	0.14229360383206538	0.12212518915545437
1012	frozen_broad_prediction	0.15553677092138632	0.12395515688268118
1013	frozen_broad_prediction	0.147083685545224	0.12918928524420484
1014	frozen_broad_prediction	0.15243730628346014	0.11371417779331774
1015	frozen_broad_prediction	0.15243730628346014	0.119093963125501
1016	frozen_broad_prediction	0.15638207945900254	0.1212036066530506
1017	frozen_broad_prediction	0.15102845872076642	0.12082533274426772
1018	frozen_broad_prediction	0.14201183431952663	0.11293996468421245
1019	frozen_broad_prediction	0.14736545505776275	0.1209562255351884
1020	frozen_broad_prediction	0.14482952944491406	0.1253379652222051
1021	frozen_broad_prediction	0.1535643843336151	0.13195670286658862
1022	frozen_broad_prediction	0.15243730628346014	0.12656635920104556
1023	frozen_broad_prediction	0.14736545505776275	0.11407496226734397
1024	frozen_broad_prediction	0.13299520991828684	0.10230185107791245
1025	frozen_broad_prediction	0.15187376725838264	0.12448893575512081
1026	frozen_broad_prediction	0.1561003099464638	0.12341294516076869
1027	frozen_broad_prediction	0.1496196111580727	0.11922196017081321
1028	frozen_broad_prediction	0.15863623555931247	0.127704825121124
1029	frozen_broad_prediction	0.14342068188222035	0.12032793689024093
1030	frozen_broad_prediction	0.14652014652014653	0.12627436272125098
1031	frozen_broad_prediction	0.1451112989574528	0.11529536818943102
1032	frozen_broad_prediction	0.14736545505776275	0.12970029529820443
1033	frozen_broad_prediction	0.1451112989574528	0.12044307898982624
1034	frozen_broad_prediction	0.1451112989574528	0.11943391235878778
1035	frozen_broad_prediction	0.14933784164553396	0.11898355007623489
1036	frozen_broad_prediction	0.14877430262045646	0.11597662028408329
1037	frozen_broad_prediction	0.14933784164553396	0.1290993725529333
1038	frozen_broad_prediction	0.14736545505776275	0.1200933973350301
1039	frozen_broad_prediction	0.15469146238377007	0.11633487715825327
1040	frozen_broad_prediction	0.14116652578191038	0.11827389666964357
1041	frozen_broad_prediction	0.1490560721329952	0.1246902230076716
1042	frozen_broad_prediction	0.14144829529444913	0.1127313098175948
1043	frozen_broad_prediction	0.1521555367709214	0.1192120498659571
1044	frozen_broad_prediction	0.1530008453085376	0.1214262789861493
1045	frozen_broad_prediction	0.15046491969568893	0.11482183896397309
1046	frozen_broad_prediction	0.15525500140884757	0.12453677415873485
1047	frozen_broad_prediction	0.14792899408284024	0.11884817893539075
1048	frozen_broad_prediction	0.14792899408284024	0.11944168244811237
1049	frozen_broad_prediction	0.14482952944491406	0.12540126898565568
1050	frozen_broad_prediction	0.1445477599323753	0.12279536641016897
1051	frozen_broad_prediction	0.15525500140884757	0.1225652906575098
1052	frozen_broad_prediction	0.15046491969568893	0.12193979118908191
1053	frozen_broad_prediction	0.14398422090729784	0.12096036129307222
1054	frozen_broad_prediction	0.14736545505776275	0.1192470062057498
1055	frozen_broad_prediction	0.1530008453085376	0.12892555285281923
1056	frozen_broad_prediction	0.1476472245703015	0.11846511134567468
1057	frozen_broad_prediction	0.14567483798253028	0.11825837174824043
1058	frozen_broad_prediction	0.1425753733446041	0.11845459937484212
1059	frozen_broad_prediction	0.1496196111580727	0.11654143448724578
1060	frozen_broad_prediction	0.1561003099464638	0.1285163144111947
1061	frozen_broad_prediction	0.13891236968160045	0.11714412426088643
1062	frozen_broad_prediction	0.1515919977458439	0.12608458207522277
1063	frozen_broad_prediction	0.14595660749506903	0.11878816920577032
1064	frozen_broad_prediction	0.14623837700760778	0.12782868078486617
1065	frozen_broad_prediction	0.14567483798253028	0.11368312242386613
1066	frozen_broad_prediction	0.13806706114398423	0.1195498118381787
1067	frozen_broad_prediction	0.15046491969568893	0.12537735747723155
1068	frozen_broad_prediction	0.15384615384615385	0.1286420483159157
1069	frozen_broad_prediction	0.14003944773175542	0.10995273986020407
1070	frozen_broad_prediction	0.1386306001690617	0.12101608161901518
1071	frozen_broad_prediction	0.15131022823330514	0.12277339472581764
1072	frozen_broad_prediction	0.1490560721329952	0.12597759596271918
1073	frozen_broad_prediction	0.15271907579599886	0.13201434567785078
1074	frozen_broad_prediction	0.14032121724429417	0.10251551718633004
1075	frozen_broad_prediction	0.15187376725838264	0.12325270156165562
1076	frozen_broad_prediction	0.14792899408284024	0.12105791104721264
1077	frozen_broad_prediction	0.14652014652014653	0.12798536742230254
1078	frozen_broad_prediction	0.1476472245703015	0.12880044917828742
1079	frozen_broad_prediction	0.14680191603268528	0.11355547349078873
1080	frozen_broad_prediction	0.13299520991828684	0.10895298674636429
1081	frozen_broad_prediction	0.14736545505776275	0.12249256675066403
1082	frozen_broad_prediction	0.14933784164553396	0.1236472857071419
1083	frozen_broad_prediction	0.14680191603268528	0.12622725264731977
1084	frozen_broad_prediction	0.15046491969568893	0.12571005274141264
1085	frozen_broad_prediction	0.1451112989574528	0.11893809690969559
1086	frozen_broad_prediction	0.14736545505776275	0.11744110304805215
1087	frozen_broad_prediction	0.13947590870667795	0.12470263067237779
1088	frozen_broad_prediction	0.15328261482107636	0.12323100882641982
1089	frozen_broad_prediction	0.1521555367709214	0.12098141688968533
1090	frozen_broad_prediction	0.15328261482107636	0.12835308378584195
1091	frozen_broad_prediction	0.1496196111580727	0.12458167211943047
1092	frozen_broad_prediction	0.1476472245703015	0.12086071300026832
1093	frozen_broad_prediction	0.1530008453085376	0.13016076571362004
1094	frozen_broad_prediction	0.15722738799661876	0.11811729674493951
1095	frozen_broad_prediction	0.16455339532262608	0.13715386844866556
1096	frozen_broad_prediction	0.15412792335869258	0.1258602214116112
1097	frozen_broad_prediction	0.14398422090729784	0.11974830025521895
1098	frozen_broad_prediction	0.14736545505776275	0.12235148928564396
1099	frozen_broad_prediction	0.1425753733446041	0.11752345187897377
1100	frozen_broad_prediction	0.147083685545224	0.11890992896709107
1101	frozen_broad_prediction	0.147083685545224	0.11901522534471258
1102	frozen_broad_prediction	0.14736545505776275	0.12511484653309496
1103	frozen_broad_prediction	0.14342068188222035	0.11802644027750983
1104	frozen_broad_prediction	0.1437024513947591	0.12474596327528245
1105	frozen_broad_prediction	0.14342068188222035	0.11216308400944652
1106	frozen_broad_prediction	0.14426599041983657	0.1168913891676068
1107	frozen_broad_prediction	0.14736545505776275	0.11882027610136117
1108	frozen_broad_prediction	0.15553677092138632	0.11989398387943198
1109	frozen_broad_prediction	0.14426599041983657	0.11776506748868135
1110	frozen_broad_prediction	0.14652014652014653	0.12296247315428484
1111	frozen_broad_prediction	0.1490560721329952	0.13132148052863032
1112	frozen_broad_prediction	0.1341222879684418	0.10756405432176078
1113	frozen_broad_prediction	0.15469146238377007	0.12431792227146396
1114	frozen_broad_prediction	0.15074668920822767	0.11956947459381281
1115	frozen_broad_prediction	0.15046491969568893	0.1274437943271278
1116	frozen_broad_prediction	0.15581854043392504	0.12271766109324944
1117	frozen_broad_prediction	0.15891800507185122	0.12988455244301225
1118	frozen_broad_prediction	0.1530008453085376	0.12621720717135562
1119	frozen_broad_prediction	0.1575091575091575	0.12932313046416993
1120	frozen_broad_prediction	0.14990138067061143	0.12657576189138034
1121	frozen_broad_prediction	0.14792899408284024	0.1205047163301572
1122	frozen_broad_prediction	0.1490560721329952	0.12171577358968674
1123	frozen_broad_prediction	0.15102845872076642	0.13419716931689948
1124	frozen_broad_prediction	0.14482952944491406	0.12374363866121182
1125	frozen_broad_prediction	0.14652014652014653	0.12325251272215046
1126	frozen_broad_prediction	0.1515919977458439	0.12366081599953668
1127	frozen_broad_prediction	0.15525500140884757	0.13310839013760717
1128	frozen_broad_prediction	0.15243730628346014	0.12012804342800498
1129	frozen_broad_prediction	0.15328261482107636	0.12032061434196846
1130	frozen_broad_prediction	0.1391941391941392	0.11284988537575669
1131	frozen_broad_prediction	0.13975767821921667	0.11229206911364391
1132	frozen_broad_prediction	0.148210763595379	0.12049420491266634
1133	frozen_broad_prediction	0.1496196111580727	0.12500933675660458
1134	frozen_broad_prediction	0.14623837700760778	0.11917235299209283
1135	frozen_broad_prediction	0.15469146238377007	0.1262774104536431
1136	frozen_broad_prediction	0.1484925331079177	0.12511438322520657
1137	frozen_broad_prediction	0.1386306001690617	0.12158267425229316
1138	frozen_broad_prediction	0.1521555367709214	0.12533670258598303
1139	frozen_broad_prediction	0.14285714285714285	0.11881822067286356
1140	frozen_broad_prediction	0.15102845872076642	0.12330895524474852
1141	frozen_broad_prediction	0.15440969287123132	0.12793284674149305
1142	frozen_broad_prediction	0.15328261482107636	0.13286434278564038
1143	frozen_broad_prediction	0.14736545505776275	0.1195931604906257
1144	frozen_broad_prediction	0.14285714285714285	0.11712313873200511
1145	frozen_broad_prediction	0.13355874894336434	0.11456573063641236
1146	frozen_broad_prediction	0.15243730628346014	0.13026524128602357
1147	frozen_broad_prediction	0.15243730628346014	0.12516244444357721
1148	frozen_broad_prediction	0.14680191603268528	0.1242283300235141
1149	frozen_broad_prediction	0.1451112989574528	0.11565017253069036
1150	frozen_broad_prediction	0.15243730628346014	0.12982914010484523
1151	frozen_broad_prediction	0.147083685545224	0.11685148415845825
1152	frozen_broad_prediction	0.1425753733446041	0.12159303289302796
1153	frozen_broad_prediction	0.15384615384615385	0.120933043798673
1154	frozen_broad_prediction	0.13665821358129052	0.10864620268872997
1155	frozen_broad_prediction	0.1425753733446041	0.11573497228623372
1156	frozen_broad_prediction	0.15074668920822767	0.13233702326578037
1157	frozen_broad_prediction	0.14792899408284024	0.11894163860125324
1158	frozen_broad_prediction	0.1425753733446041	0.1254959813276912
1159	frozen_broad_prediction	0.15694561848408004	0.13746055332409268
1160	frozen_broad_prediction	0.1490560721329952	0.1313930024590897
1161	frozen_broad_prediction	0.15328261482107636	0.12098163815843606
1162	frozen_broad_prediction	0.13975767821921667	0.1141878247093738
1163	frozen_broad_prediction	0.15384615384615385	0.12704016260299628
1164	frozen_broad_prediction	0.15328261482107636	0.12363219978056675
1165	frozen_broad_prediction	0.14229360383206538	0.1231402280626777
1166	frozen_broad_prediction	0.1490560721329952	0.12576682591622254
1167	frozen_broad_prediction	0.14398422090729784	0.1237735833302945
1168	frozen_broad_prediction	0.1431389123696816	0.11754186933332841
1169	frozen_broad_prediction	0.14595660749506903	0.11981781419593429
1170	frozen_broad_prediction	0.14173006480698788	0.12944389190563724
1171	frozen_broad_prediction	0.1484925331079177	0.12244312705457994
1172	frozen_broad_prediction	0.13750352211890673	0.10954212872055609
1173	frozen_broad_prediction	0.1484925331079177	0.11976238993986232
1174	frozen_broad_prediction	0.15018315018315018	0.12655409545950178
1175	frozen_broad_prediction	0.15694561848408004	0.12643699930886315
1176	frozen_broad_prediction	0.14990138067061143	0.12188989842948313
1177	frozen_broad_prediction	0.15469146238377007	0.12068175435255088
1178	frozen_broad_prediction	0.15384615384615385	0.1309560151187906
1179	frozen_broad_prediction	0.14088475626937166	0.12450389521175198
1180	frozen_broad_prediction	0.14285714285714285	0.11745775411298162
1181	frozen_broad_prediction	0.14595660749506903	0.12133577129024867
1182	frozen_broad_prediction	0.1515919977458439	0.12249407144777039
1183	frozen_broad_prediction	0.15722738799661876	0.12192492672714753
1184	frozen_broad_prediction	0.14173006480698788	0.11415488654474286
1185	frozen_broad_prediction	0.14623837700760778	0.11474483587128188
1186	frozen_broad_prediction	0.13637644406875177	0.10908483896383718
1187	frozen_broad_prediction	0.14567483798253028	0.11611040303548337
1188	frozen_broad_prediction	0.1490560721329952	0.11960460338125842
1189	frozen_broad_prediction	0.15046491969568893	0.12021319955190961
1190	frozen_broad_prediction	0.14736545505776275	0.12145708986178275
1191	frozen_broad_prediction	0.14680191603268528	0.11748829866783037
1192	frozen_broad_prediction	0.13750352211890673	0.10865249305754081
1193	frozen_broad_prediction	0.14567483798253028	0.11749339677347412
1194	frozen_broad_prediction	0.14792899408284024	0.12852611654944546
1195	frozen_broad_prediction	0.14426599041983657	0.11407624760948201
1196	frozen_broad_prediction	0.1451112989574528	0.12165674995488725
1197	frozen_broad_prediction	0.1484925331079177	0.11993749646665856
1198	frozen_broad_prediction	0.15553677092138632	0.12047316913119299
1199	frozen_broad_prediction	0.13806706114398423	0.11667489000936511
1200	frozen_broad_prediction	0.1437024513947591	0.12064966424731922
1201	frozen_broad_prediction	0.13750352211890673	0.12137463433394333
1202	frozen_broad_prediction	0.147083685545224	0.11967320103308546
1203	frozen_broad_prediction	0.1476472245703015	0.125083284865976
1204	frozen_broad_prediction	0.14426599041983657	0.10463770113283555
1205	frozen_broad_prediction	0.14623837700760778	0.12573176908999592
1206	frozen_broad_prediction	0.1490560721329952	0.11866899073732198
1207	frozen_broad_prediction	0.1332769794308256	0.11096392561006914
1208	frozen_broad_prediction	0.14990138067061143	0.12409609704228523
1209	frozen_broad_prediction	0.15131022823330514	0.12381780157852998
1210	frozen_broad_prediction	0.15694561848408004	0.1214212262234502
1211	frozen_broad_prediction	0.15243730628346014	0.12538143938582474
1212	frozen_broad_prediction	0.1515919977458439	0.12620957954053566
1213	frozen_broad_prediction	0.15018315018315018	0.12116947692335914
1214	frozen_broad_prediction	0.14990138067061143	0.12166582179689847
1215	frozen_broad_prediction	0.1445477599323753	0.12300299711284879
1216	frozen_broad_prediction	0.1515919977458439	0.1303496999700881
1217	frozen_broad_prediction	0.1445477599323753	0.11532837543134242
1218	frozen_broad_prediction	0.15102845872076642	0.12875052934306874
1219	frozen_broad_prediction	0.13299520991828684	0.11351485399001542
1220	frozen_broad_prediction	0.1530008453085376	0.13016793857882006
1221	frozen_broad_prediction	0.1496196111580727	0.12665501326575965
1222	frozen_broad_prediction	0.15271907579599886	0.12294831501053431
1223	frozen_broad_prediction	0.14595660749506903	0.11912693998677819
1224	frozen_broad_prediction	0.15271907579599886	0.1318529510271505
1225	frozen_broad_prediction	0.14398422090729784	0.11821622016705399
1226	frozen_broad_prediction	0.15018315018315018	0.11912640571089819
1227	frozen_broad_prediction	0.14990138067061143	0.12256859154840771
1228	frozen_broad_prediction	0.14398422090729784	0.12373767214145441
1229	frozen_broad_prediction	0.14539306846999156	0.11838907040588473
1230	frozen_broad_prediction	0.15694561848408004	0.12789106442431147
1231	frozen_broad_prediction	0.15722738799661876	0.13602116669371708
1232	frozen_broad_prediction	0.15102845872076642	0.11921453577780286
1233	frozen_broad_prediction	0.1484925331079177	0.12037645524537018
1234	frozen_broad_prediction	0.14426599041983657	0.1215168305821736
1235	frozen_broad_prediction	0.14623837700760778	0.11933376049191013
1236	frozen_broad_prediction	0.14342068188222035	0.12087321269172532
1237	frozen_broad_prediction	0.15328261482107636	0.11328350119932509
1238	frozen_broad_prediction	0.15581854043392504	0.12475770914341974
1239	frozen_broad_prediction	0.15384615384615385	0.128300058600633
1240	frozen_broad_prediction	0.1451112989574528	0.10951988417515623
1241	frozen_broad_prediction	0.15243730628346014	0.12722929885936954
1242	frozen_broad_prediction	0.13665821358129052	0.11566899456683903
1243	frozen_broad_prediction	0.1386306001690617	0.1263098409616456
1244	frozen_broad_prediction	0.14567483798253028	0.1165011907356743
1245	frozen_broad_prediction	0.14060298675683292	0.11500668809523132
1246	frozen_broad_prediction	0.14229360383206538	0.12238005280711543
1247	frozen_broad_prediction	0.1490560721329952	0.11909183483594696
1248	frozen_broad_prediction	0.158072696534235	0.13010017732593288
1249	frozen_broad_prediction	0.14877430262045646	0.11988327700569165
1250	frozen_broad_prediction	0.1332769794308256	0.11794204685678596
1251	frozen_broad_prediction	0.13975767821921667	0.11321406694583866
1252	frozen_broad_prediction	0.15722738799661876	0.12398344377032244
1253	frozen_broad_prediction	0.14736545505776275	0.12933404784803088
1254	frozen_broad_prediction	0.15412792335869258	0.11631093369049843
1255	frozen_broad_prediction	0.1515919977458439	0.12053049013670511
1256	frozen_broad_prediction	0.14144829529444913	0.11772455666404676
1257	frozen_broad_prediction	0.1484925331079177	0.12556071402533825
1258	frozen_broad_prediction	0.14792899408284024	0.1230347100372153
1259	frozen_broad_prediction	0.1484925331079177	0.12208717989479297
1260	frozen_broad_prediction	0.14539306846999156	0.12298585680813248
1261	frozen_broad_prediction	0.14990138067061143	0.11698427558940612
1262	frozen_broad_prediction	0.14792899408284024	0.11796976763083127
1263	frozen_broad_prediction	0.13975767821921667	0.11425979675018616
1264	frozen_broad_prediction	0.1515919977458439	0.13281441910500935
1265	frozen_broad_prediction	0.15131022823330514	0.12964402968060879
1266	frozen_broad_prediction	0.14426599041983657	0.1187226936330849
1267	frozen_broad_prediction	0.15835446604677375	0.12814383336490204
1268	frozen_broad_prediction	0.1391941391941392	0.11430778457881866
1269	frozen_broad_prediction	0.1451112989574528	0.12135610983190392
1270	frozen_broad_prediction	0.15525500140884757	0.13115157964813323
1271	frozen_broad_prediction	0.14567483798253028	0.12017145232021029
1272	frozen_broad_prediction	0.14539306846999156	0.11961597839517342
1273	frozen_broad_prediction	0.1515919977458439	0.12291447940885311
1274	frozen_broad_prediction	0.16060862214708369	0.12638075385430553
1275	frozen_broad_prediction	0.14877430262045646	0.1157959376741724
1276	frozen_broad_prediction	0.14342068188222035	0.11571100180632894
1277	frozen_broad_prediction	0.15863623555931247	0.1302016756500944
1278	frozen_broad_prediction	0.14342068188222035	0.12193321879786363
1279	frozen_broad_prediction	0.13693998309382924	0.12283682714575998
1280	frozen_broad_prediction	0.1515919977458439	0.1259935669519406
1281	frozen_broad_prediction	0.15384615384615385	0.12535415517043708
1282	frozen_broad_prediction	0.14482952944491406	0.1197680065344939
1283	frozen_broad_prediction	0.14285714285714285	0.12282362880636981
1284	frozen_broad_prediction	0.14426599041983657	0.1119450915099163
1285	frozen_broad_prediction	0.14060298675683292	0.11717051901648305
1286	frozen_broad_prediction	0.1561003099464638	0.12294974551367988
1287	frozen_broad_prediction	0.158072696534235	0.12531155405433964
1288	frozen_broad_prediction	0.14990138067061143	0.12556932051735759
1289	frozen_broad_prediction	0.14652014652014653	0.12150179024124685
1290	frozen_broad_prediction	0.14933784164553396	0.12417873531778581
1291	frozen_broad_prediction	0.14792899408284024	0.11635929957379061
1292	frozen_broad_prediction	0.147083685545224	0.11791476643320457
1293	frozen_broad_prediction	0.14398422090729784	0.11787756072262442
1294	frozen_broad_prediction	0.15102845872076642	0.1245997598307893
1295	frozen_broad_prediction	0.148210763595379	0.11694955596580381
1296	frozen_broad_prediction	0.14342068188222035	0.12493289675425456
1297	frozen_broad_prediction	0.13693998309382924	0.11627109906604918
1298	frozen_broad_prediction	0.148210763595379	0.12783422072039213
1299	frozen_broad_prediction	0.1341222879684418	0.11263963168590822
1300	frozen_broad_prediction	0.14990138067061143	0.11556356402749576
1301	frozen_broad_prediction	0.14792899408284024	0.12191090526409598
1302	frozen_broad_prediction	0.14623837700760778	0.12281297572807506
1303	frozen_broad_prediction	0.1425753733446041	0.1223926720390508
1304	frozen_broad_prediction	0.14680191603268528	0.11744903168193081
1305	frozen_broad_prediction	0.14623837700760778	0.11519887672744729
1306	frozen_broad_prediction	0.13834883065652295	0.11769418419805741
1307	frozen_broad_prediction	0.1521555367709214	0.12040389947036867
1308	frozen_broad_prediction	0.14342068188222035	0.12037026975681282
1309	frozen_broad_prediction	0.14229360383206538	0.12033970798287416
1310	frozen_broad_prediction	0.14201183431952663	0.12269722618140973
1311	frozen_broad_prediction	0.14426599041983657	0.1198572709809868
1312	frozen_broad_prediction	0.1476472245703015	0.11266193898915419
1313	frozen_broad_prediction	0.14652014652014653	0.11962186020721191
1314	frozen_broad_prediction	0.148210763595379	0.1321576868656276
1315	frozen_broad_prediction	0.1561003099464638	0.13049096620670791
1316	frozen_broad_prediction	0.1496196111580727	0.1134224247153928
1317	frozen_broad_prediction	0.1496196111580727	0.1269371540881999
1318	frozen_broad_prediction	0.13947590870667795	0.11543057394372684
1319	frozen_broad_prediction	0.14877430262045646	0.12333104863065276
1320	frozen_broad_prediction	0.16060862214708369	0.12599810690423768
1321	frozen_broad_prediction	0.1484925331079177	0.11993108958094503
1322	frozen_broad_prediction	0.15638207945900254	0.1275330211820623
1323	frozen_broad_prediction	0.15497323189630882	0.12866887813212968
1324	frozen_broad_prediction	0.15384615384615385	0.13549293983085278
1325	frozen_broad_prediction	0.1476472245703015	0.12138081402043721
1326	frozen_broad_prediction	0.16427162581008733	0.14609494804707907
1327	frozen_broad_prediction	0.14933784164553396	0.11729143843698941
1328	frozen_broad_prediction	0.15412792335869258	0.13167230522240997
1329	frozen_broad_prediction	0.1445477599323753	0.12259211295879009
1330	frozen_broad_prediction	0.14539306846999156	0.12116606881439658
1331	frozen_broad_prediction	0.147083685545224	0.12597247509747614
1332	frozen_broad_prediction	0.1437024513947591	0.12001604091637297
1333	frozen_broad_prediction	0.1425753733446041	0.12272713405411942
1334	frozen_broad_prediction	0.13891236968160045	0.10599020632928331
1335	frozen_broad_prediction	0.14088475626937166	0.11231989411710559
1336	frozen_broad_prediction	0.14680191603268528	0.12386469421009516
1337	frozen_broad_prediction	0.15948154409692872	0.1298917233631824
1338	frozen_broad_prediction	0.13806706114398423	0.11832231231635529
1339	frozen_broad_prediction	0.14877430262045646	0.11324046721965568
1340	frozen_broad_prediction	0.1476472245703015	0.11627387783433354
1341	frozen_broad_prediction	0.1341222879684418	0.11142873507171222
1342	frozen_broad_prediction	0.1625810087348549	0.12717325453866712
1343	frozen_broad_prediction	0.14623837700760778	0.1270412995109196
1344	frozen_broad_prediction	0.15384615384615385	0.13394603783680617
1345	frozen_broad_prediction	0.1445477599323753	0.12113104389512046
1346	frozen_broad_prediction	0.1561003099464638	0.12415567927817021
1347	frozen_broad_prediction	0.14595660749506903	0.11916326390846996
1348	frozen_broad_prediction	0.15243730628346014	0.11777346910544231
1349	frozen_broad_prediction	0.15779092702169625	0.12998912641917038
1350	frozen_broad_prediction	0.15187376725838264	0.12601743883447675
1351	frozen_broad_prediction	0.15018315018315018	0.12906529322787189
1352	frozen_broad_prediction	0.14680191603268528	0.11771064797817461
1353	frozen_broad_prediction	0.16229923922231615	0.13801295557979984
1354	frozen_broad_prediction	0.1575091575091575	0.11753288995270968
1355	frozen_broad_prediction	0.15891800507185122	0.12662184345437605
1356	frozen_broad_prediction	0.15440969287123132	0.1316008969280776
1357	frozen_broad_prediction	0.14567483798253028	0.11568994722668502
1358	frozen_broad_prediction	0.14201183431952663	0.1124088789015923
1359	frozen_broad_prediction	0.14680191603268528	0.1174622412867788
1360	frozen_broad_prediction	0.13384051845590308	0.1207359034654596
1361	frozen_broad_prediction	0.14229360383206538	0.11763879013569815
1362	frozen_broad_prediction	0.15187376725838264	0.1255672969734418
1363	frozen_broad_prediction	0.14652014652014653	0.11759068695328331
1364	frozen_broad_prediction	0.1490560721329952	0.1262180023778766
1365	frozen_broad_prediction	0.14567483798253028	0.12953061476874755
1366	frozen_broad_prediction	0.14736545505776275	0.12349985258808845
1367	frozen_broad_prediction	0.158072696534235	0.12236780341136615
1368	frozen_broad_prediction	0.15638207945900254	0.12787616192386725
1369	frozen_broad_prediction	0.1496196111580727	0.1164318981320293
1370	frozen_broad_prediction	0.14482952944491406	0.11974563165468122
1371	frozen_broad_prediction	0.14201183431952663	0.11825310098006785
1372	frozen_broad_prediction	0.1496196111580727	0.1311724654541284
1373	frozen_broad_prediction	0.14792899408284024	0.13003708136128464
1374	frozen_broad_prediction	0.14623837700760778	0.10617298919455194
1375	frozen_broad_prediction	0.14680191603268528	0.12261549073413243
1376	frozen_broad_prediction	0.14877430262045646	0.12063919602170108
1377	frozen_broad_prediction	0.14877430262045646	0.12978054714526402
1378	frozen_broad_prediction	0.15384615384615385	0.11964222169549668
1379	frozen_broad_prediction	0.1476472245703015	0.12530669951113432
1380	frozen_broad_prediction	0.16117216117216118	0.1329085984172783
1381	frozen_broad_prediction	0.15271907579599886	0.12134080672648113
1382	frozen_broad_prediction	0.15469146238377007	0.12756028010527037
1383	frozen_broad_prediction	0.1561003099464638	0.12172875904167699
1384	frozen_broad_prediction	0.14032121724429417	0.11556865591918056
1385	frozen_broad_prediction	0.14567483798253028	0.11752226100225353
1386	frozen_broad_prediction	0.14482952944491406	0.11686653838207221
1387	frozen_broad_prediction	0.15469146238377007	0.12259447701795956
1388	frozen_broad_prediction	0.1425753733446041	0.11837932448807913
1389	frozen_broad_prediction	0.16089039165962243	0.12482726539660187
1390	frozen_broad_prediction	0.1352493660185968	0.11781195207721629
1391	frozen_broad_prediction	0.1484925331079177	0.12245734477397299
1392	frozen_broad_prediction	0.1515919977458439	0.11498299731420503
1393	frozen_broad_prediction	0.14398422090729784	0.11978595212350551
1394	frozen_broad_prediction	0.1431389123696816	0.12932507394589504
1395	frozen_broad_prediction	0.1614539306846999	0.12562524861217833
1396	frozen_broad_prediction	0.15074668920822767	0.1254446105262238
1397	frozen_broad_prediction	0.15131022823330514	0.11501263322236635
1398	frozen_broad_prediction	0.1521555367709214	0.13437863777079537
1399	frozen_broad_prediction	0.14567483798253028	0.11126035657052276
1400	frozen_broad_prediction	0.14398422090729784	0.1188483053102923
1401	frozen_broad_prediction	0.14990138067061143	0.12937244854276755
1402	frozen_broad_prediction	0.1346858269935193	0.12152024325612076
1403	frozen_broad_prediction	0.15243730628346014	0.12259505313093626
1404	frozen_broad_prediction	0.147083685545224	0.11547406826143396
1405	frozen_broad_prediction	0.1566638489715413	0.11580102654756597
1406	frozen_broad_prediction	0.15384615384615385	0.12154154348807067
1407	frozen_broad_prediction	0.15018315018315018	0.12919749434855782
1408	frozen_broad_prediction	0.1575091575091575	0.12559436569007495
1409	frozen_broad_prediction	0.1445477599323753	0.12256792117206432
1410	frozen_broad_prediction	0.1530008453085376	0.12103894172024161
1411	frozen_broad_prediction	0.15581854043392504	0.12348918777193067
1412	frozen_broad_prediction	0.14144829529444913	0.12391165878764662
1413	frozen_broad_prediction	0.13722175260636799	0.11613096351964176
1414	frozen_broad_prediction	0.147083685545224	0.11299670288990422
1415	frozen_broad_prediction	0.1431389123696816	0.11392099848915105
1416	frozen_broad_prediction	0.14595660749506903	0.12057934645114632
1417	frozen_broad_prediction	0.14792899408284024	0.11790491689323586
1418	frozen_broad_prediction	0.15638207945900254	0.13506949409242816
1419	frozen_broad_prediction	0.15102845872076642	0.12008699569494652
1420	frozen_broad_prediction	0.14229360383206538	0.11881904828239216
1421	frozen_broad_prediction	0.15497323189630882	0.11999846533879466
1422	frozen_broad_prediction	0.13750352211890673	0.11510628690919802
1423	frozen_broad_prediction	0.13778529163144548	0.1191111561166716
1424	frozen_broad_prediction	0.1425753733446041	0.12130714851317508
1425	frozen_broad_prediction	0.14792899408284024	0.11549321704040483
1426	frozen_broad_prediction	0.15131022823330514	0.12076117548870405
1427	frozen_broad_prediction	0.15271907579599886	0.12770435691729448
1428	frozen_broad_prediction	0.1530008453085376	0.11961773464024714
1429	frozen_broad_prediction	0.1451112989574528	0.11735078642738586
1430	frozen_broad_prediction	0.1451112989574528	0.11043794012711172
1431	frozen_broad_prediction	0.15102845872076642	0.1217902475738967
1432	frozen_broad_prediction	0.14680191603268528	0.12135677601433799
1433	frozen_broad_prediction	0.14116652578191038	0.12575300310485052
1434	frozen_broad_prediction	0.1575091575091575	0.13222714148780482
1435	frozen_broad_prediction	0.15187376725838264	0.11893122263529818
1436	frozen_broad_prediction	0.14736545505776275	0.11498533667372438
1437	frozen_broad_prediction	0.148210763595379	0.11812863102471309
1438	frozen_broad_prediction	0.14201183431952663	0.11864831067195614
1439	frozen_broad_prediction	0.1391941391941392	0.11247154160688586
1440	frozen_broad_prediction	0.14567483798253028	0.11144899244489956
1441	frozen_broad_prediction	0.1431389123696816	0.11738448951251212
1442	frozen_broad_prediction	0.15412792335869258	0.11987644881090129
1443	frozen_broad_prediction	0.14623837700760778	0.11903949681801562
1444	frozen_broad_prediction	0.13440405748098055	0.1155939522172225
1445	frozen_broad_prediction	0.15243730628346014	0.12072868238889609
1446	frozen_broad_prediction	0.16060862214708369	0.13801280737673732
1447	frozen_broad_prediction	0.14003944773175542	0.115210798095886
1448	frozen_broad_prediction	0.15835446604677375	0.1232235139462807
1449	frozen_broad_prediction	0.1451112989574528	0.11872509652699983
1450	frozen_broad_prediction	0.14539306846999156	0.12826728270316395
1451	frozen_broad_prediction	0.14342068188222035	0.12041236985245345
1452	frozen_broad_prediction	0.14623837700760778	0.13035841971203954
1453	frozen_broad_prediction	0.14623837700760778	0.12296431116098314
1454	frozen_broad_prediction	0.1425753733446041	0.11051022477054724
1455	frozen_broad_prediction	0.148210763595379	0.12032797902810077
1456	frozen_broad_prediction	0.14398422090729784	0.1279167115560192
1457	frozen_broad_prediction	0.14736545505776275	0.1162147904749878
1458	frozen_broad_prediction	0.14229360383206538	0.11831535134499212
1459	frozen_broad_prediction	0.147083685545224	0.12667040960167414
1460	frozen_broad_prediction	0.1484925331079177	0.12081179232715851
1461	frozen_broad_prediction	0.148210763595379	0.12174757085481976
1462	frozen_broad_prediction	0.14116652578191038	0.1255539804440216
1463	frozen_broad_prediction	0.15243730628346014	0.12822134015623537
1464	frozen_broad_prediction	0.15412792335869258	0.12602272351065072
1465	frozen_broad_prediction	0.16060862214708369	0.1167483416017262
1466	frozen_broad_prediction	0.1341222879684418	0.11126871917804222
1467	frozen_broad_prediction	0.14595660749506903	0.1252285462386198
1468	frozen_broad_prediction	0.14229360383206538	0.11639244367049388
1469	frozen_broad_prediction	0.1566638489715413	0.12689092207119623
1470	frozen_broad_prediction	0.14539306846999156	0.1217844018322424
1471	frozen_broad_prediction	0.14201183431952663	0.11874436190970276
1472	frozen_broad_prediction	0.1614539306846999	0.12911406086495295
1473	frozen_broad_prediction	0.1566638489715413	0.13529887040291938
1474	frozen_broad_prediction	0.15187376725838264	0.11966685329161594
1475	frozen_broad_prediction	0.1535643843336151	0.12032027079944771
1476	frozen_broad_prediction	0.14877430262045646	0.12332987898251009
1477	frozen_broad_prediction	0.15187376725838264	0.11617992545070788
1478	frozen_broad_prediction	0.15384615384615385	0.1331113431002008
1479	frozen_broad_prediction	0.15581854043392504	0.1281406141783759
1480	frozen_broad_prediction	0.1566638489715413	0.12852150587508096
1481	frozen_broad_prediction	0.15074668920822767	0.12396607882129847
1482	frozen_broad_prediction	0.14426599041983657	0.12279287317128178
1483	frozen_broad_prediction	0.1490560721329952	0.12086858542338841
1484	frozen_broad_prediction	0.15131022823330514	0.12632099663962584
1485	frozen_broad_prediction	0.14116652578191038	0.11535948069321982
1486	frozen_broad_prediction	0.15384615384615385	0.12055408499610543
1487	frozen_broad_prediction	0.14060298675683292	0.11759407245059035
1488	frozen_broad_prediction	0.14990138067061143	0.11923123846534725
1489	frozen_broad_prediction	0.15694561848408004	0.12053992852701971
1490	frozen_broad_prediction	0.15525500140884757	0.12997879564387027
1491	frozen_broad_prediction	0.14539306846999156	0.11889042399665573
1492	frozen_broad_prediction	0.148210763595379	0.11391983561368209
1493	frozen_broad_prediction	0.1386306001690617	0.1199749411580497
1494	frozen_broad_prediction	0.15384615384615385	0.1280033420830165
1495	frozen_broad_prediction	0.15497323189630882	0.1228696968547743
1496	frozen_broad_prediction	0.14426599041983657	0.11030011354372686
1497	frozen_broad_prediction	0.14990138067061143	0.12355310649521523
1498	frozen_broad_prediction	0.1530008453085376	0.12217659001439211
1499	frozen_broad_prediction	0.14792899408284024	0.12097106205720283
1500	frozen_broad_prediction	0.1496196111580727	0.12287397875623662
1501	frozen_broad_prediction	0.1386306001690617	0.11680163618387965
1502	frozen_broad_prediction	0.15243730628346014	0.12386139467507506
1503	frozen_broad_prediction	0.15074668920822767	0.12278856795683601
1504	frozen_broad_prediction	0.14088475626937166	0.12007194065249853
1505	frozen_broad_prediction	0.15384615384615385	0.13207682689061265
1506	frozen_broad_prediction	0.15384615384615385	0.12475404505660037
1507	frozen_broad_prediction	0.1445477599323753	0.12108557998212502
1508	frozen_broad_prediction	0.14342068188222035	0.12028082783347047
1509	frozen_broad_prediction	0.14792899408284024	0.11703861984766502
1510	frozen_broad_prediction	0.1437024513947591	0.11704503544920827
1511	frozen_broad_prediction	0.15553677092138632	0.12002741285717815
1512	frozen_broad_prediction	0.1614539306846999	0.13277384101695539
1513	frozen_broad_prediction	0.1515919977458439	0.12458882765556578
1514	frozen_broad_prediction	0.1535643843336151	0.12292622577496364
1515	frozen_broad_prediction	0.14736545505776275	0.10922993245802741
1516	frozen_broad_prediction	0.16398985629754861	0.12803500624647499
1517	frozen_broad_prediction	0.1530008453085376	0.12369388610412582
1518	frozen_broad_prediction	0.13243167089320934	0.11237814280691716
1519	frozen_broad_prediction	0.13806706114398423	0.11694769069368458
1520	frozen_broad_prediction	0.1490560721329952	0.12149472821829696
1521	frozen_broad_prediction	0.147083685545224	0.12085249955772655
1522	frozen_broad_prediction	0.14229360383206538	0.12776952405115366
1523	frozen_broad_prediction	0.14623837700760778	0.13054484543939474
1524	frozen_broad_prediction	0.1515919977458439	0.12260438067478599
1525	frozen_broad_prediction	0.1484925331079177	0.1366485669849946
1526	frozen_broad_prediction	0.15779092702169625	0.1342026073211259
1527	frozen_broad_prediction	0.1561003099464638	0.13091348460041535
1528	frozen_broad_prediction	0.148210763595379	0.12925287051228562
1529	frozen_broad_prediction	0.15779092702169625	0.1317032889014756
1530	frozen_broad_prediction	0.1431389123696816	0.11995642057754474
1531	frozen_broad_prediction	0.14173006480698788	0.11837670895649104
1532	frozen_broad_prediction	0.14229360383206538	0.1130655483373394
1533	frozen_broad_prediction	0.14201183431952663	0.11725404592079214
1534	frozen_broad_prediction	0.1530008453085376	0.1219466479282068
1535	frozen_broad_prediction	0.16173570019723865	0.14076237539834077
1536	frozen_broad_prediction	0.14623837700760778	0.12154974070760016
1537	frozen_broad_prediction	0.1515919977458439	0.1268631101279784
1538	frozen_broad_prediction	0.1561003099464638	0.12264652711074284
1539	frozen_broad_prediction	0.1496196111580727	0.12717358504330417
1540	frozen_broad_prediction	0.14539306846999156	0.1252568860531603
1541	frozen_broad_prediction	0.1451112989574528	0.1337228546471912
1542	frozen_broad_prediction	0.13750352211890673	0.11245928777373575
1543	frozen_broad_prediction	0.14652014652014653	0.11541508886096727
1544	frozen_broad_prediction	0.1490560721329952	0.11971323303875736
1545	frozen_broad_prediction	0.14877430262045646	0.11830510982749713
1546	frozen_broad_prediction	0.15891800507185122	0.13126958018850038
1547	frozen_broad_prediction	0.14116652578191038	0.11633961877004588
1548	frozen_broad_prediction	0.1535643843336151	0.1265315094615492
1549	frozen_broad_prediction	0.14595660749506903	0.11553072559180096
1550	frozen_broad_prediction	0.1431389123696816	0.11028055812381984
1551	frozen_broad_prediction	0.1600450831220062	0.13872270590381564
1552	frozen_broad_prediction	0.14482952944491406	0.1247076768811141
1553	frozen_broad_prediction	0.14398422090729784	0.12467152439219946
1554	frozen_broad_prediction	0.14003944773175542	0.11763852196505153
1555	frozen_broad_prediction	0.14342068188222035	0.11350334025212656
1556	frozen_broad_prediction	0.15271907579599886	0.13231946129941596
1557	frozen_broad_prediction	0.14003944773175542	0.11781636999695036
1558	frozen_broad_prediction	0.13806706114398423	0.11596406749849317
1559	frozen_broad_prediction	0.14595660749506903	0.11940940074641035
1560	frozen_broad_prediction	0.14990138067061143	0.12301633631268923
1561	frozen_broad_prediction	0.14032121724429417	0.11448302416456477
1562	frozen_broad_prediction	0.14990138067061143	0.13610399085041103
1563	frozen_broad_prediction	0.1490560721329952	0.11973293010363259
1564	frozen_broad_prediction	0.14567483798253028	0.12095371116581644
1565	frozen_broad_prediction	0.15553677092138632	0.12370016334875149
1566	frozen_broad_prediction	0.14792899408284024	0.12675728762914626
1567	frozen_broad_prediction	0.1490560721329952	0.12428104423283799
1568	frozen_broad_prediction	0.1535643843336151	0.12366583727585694
1569	frozen_broad_prediction	0.15863623555931247	0.12320332354343319
1570	frozen_broad_prediction	0.14116652578191038	0.11510237364090832
1571	frozen_broad_prediction	0.147083685545224	0.11963953923675423
1572	frozen_broad_prediction	0.14567483798253028	0.11862594456025106
1573	frozen_broad_prediction	0.14933784164553396	0.12997645041417988
1574	frozen_broad_prediction	0.15328261482107636	0.11741570647182889
1575	frozen_broad_prediction	0.1566638489715413	0.12099318446408217
1576	frozen_broad_prediction	0.14088475626937166	0.12970722250707298
1577	frozen_broad_prediction	0.15102845872076642	0.12546429452983884
1578	frozen_broad_prediction	0.1386306001690617	0.11666378240131219
1579	frozen_broad_prediction	0.15412792335869258	0.11923285610551608
1580	frozen_broad_prediction	0.1496196111580727	0.11797710584174359
1581	frozen_broad_prediction	0.14792899408284024	0.1300847076314251
1582	frozen_broad_prediction	0.16342631727247112	0.13877616475889024
1583	frozen_broad_prediction	0.13609467455621302	0.11466578479721623
1584	frozen_broad_prediction	0.14144829529444913	0.12612075877341633
1585	frozen_broad_prediction	0.14060298675683292	0.11437452204554525
1586	frozen_broad_prediction	0.15018315018315018	0.11868492547844005
1587	frozen_broad_prediction	0.13750352211890673	0.11404226213200377
1588	frozen_broad_prediction	0.15497323189630882	0.1264886879856683
1589	frozen_broad_prediction	0.1620174697097774	0.13169440438268326
1590	frozen_broad_prediction	0.1535643843336151	0.13333414075180366
1591	frozen_broad_prediction	0.15525500140884757	0.12706147385431135
1592	frozen_broad_prediction	0.15046491969568893	0.12224030074318408
1593	frozen_broad_prediction	0.14032121724429417	0.11979517979641854
1594	frozen_broad_prediction	0.1451112989574528	0.11930136270342566
1595	frozen_broad_prediction	0.15243730628346014	0.12647350001454688
1596	frozen_broad_prediction	0.15131022823330514	0.13064432513325633
1597	frozen_broad_prediction	0.1496196111580727	0.12532227363996074
1598	frozen_broad_prediction	0.1515919977458439	0.11866753578650649
1599	frozen_broad_prediction	0.15948154409692872	0.11963939003584556
1600	frozen_broad_prediction	0.15018315018315018	0.12303248689950938
1601	frozen_broad_prediction	0.1535643843336151	0.11921025329975157
1602	frozen_broad_prediction	0.14342068188222035	0.11459961522347435
1603	frozen_broad_prediction	0.1425753733446041	0.11861952338487025
1604	frozen_broad_prediction	0.14398422090729784	0.11425910596100668
1605	frozen_broad_prediction	0.14595660749506903	0.11960464267285495
1606	frozen_broad_prediction	0.14539306846999156	0.121717351037586
1607	frozen_broad_prediction	0.15722738799661876	0.12326960485715754
1608	frozen_broad_prediction	0.14567483798253028	0.11859254783346837
1609	frozen_broad_prediction	0.15581854043392504	0.12655229941457638
1610	frozen_broad_prediction	0.14877430262045646	0.12357579825817655
1611	frozen_broad_prediction	0.1484925331079177	0.12544272495535014
1612	frozen_broad_prediction	0.14116652578191038	0.11094704535000584
1613	frozen_broad_prediction	0.1445477599323753	0.11304760500887001
1614	frozen_broad_prediction	0.15384615384615385	0.11780153263539121
1615	frozen_broad_prediction	0.14990138067061143	0.1231548543931879
1616	frozen_broad_prediction	0.15919977458438997	0.12790479078271638
1617	frozen_broad_prediction	0.15018315018315018	0.12443977117876948
1618	frozen_broad_prediction	0.15131022823330514	0.12013366382464916
1619	frozen_broad_prediction	0.14116652578191038	0.11888062132415651
1620	frozen_broad_prediction	0.14003944773175542	0.1218174847544882
1621	frozen_broad_prediction	0.1561003099464638	0.12756057151817146
1622	frozen_broad_prediction	0.14792899408284024	0.12321320406374792
1623	frozen_broad_prediction	0.1386306001690617	0.12059155688786567
1624	frozen_broad_prediction	0.14792899408284024	0.11650790434553238
1625	frozen_broad_prediction	0.14426599041983657	0.11609664840530003
1626	frozen_broad_prediction	0.148210763595379	0.11584187665569934
1627	frozen_broad_prediction	0.13609467455621302	0.10759742148065399
1628	frozen_broad_prediction	0.147083685545224	0.11200468050597072
1629	frozen_broad_prediction	0.15469146238377007	0.1227616335519045
1630	frozen_broad_prediction	0.15102845872076642	0.11791584421054457
1631	frozen_broad_prediction	0.14342068188222035	0.1210376396042407
1632	frozen_broad_prediction	0.1425753733446041	0.12301308673820296
1633	frozen_broad_prediction	0.1476472245703015	0.12161117642913408
1634	frozen_broad_prediction	0.13722175260636799	0.12085790830464985
1635	frozen_broad_prediction	0.147083685545224	0.12212026213218188
1636	frozen_broad_prediction	0.14398422090729784	0.11507830071936853
1637	frozen_broad_prediction	0.1425753733446041	0.1155391296021544
1638	frozen_broad_prediction	0.14539306846999156	0.12529378678180883
1639	frozen_broad_prediction	0.15497323189630882	0.12637394810030603
1640	frozen_broad_prediction	0.14426599041983657	0.12903386018404867
1641	frozen_broad_prediction	0.1490560721329952	0.11917661349886885
1642	frozen_broad_prediction	0.15131022823330514	0.12195955975339164
1643	frozen_broad_prediction	0.15102845872076642	0.12071040656699865
1644	frozen_broad_prediction	0.14285714285714285	0.12104193404184693
1645	frozen_broad_prediction	0.15271907579599886	0.12000668887625243
1646	frozen_broad_prediction	0.13975767821921667	0.11881732029092855
1647	frozen_broad_prediction	0.14173006480698788	0.1157234289016339
1648	frozen_broad_prediction	0.1535643843336151	0.12324928820285941
1649	frozen_broad_prediction	0.15384615384615385	0.12880380991611404
1650	frozen_broad_prediction	0.15440969287123132	0.13531813365597276
1651	frozen_broad_prediction	0.1484925331079177	0.12064023443894072
1652	frozen_broad_prediction	0.1521555367709214	0.13099462330804285
1653	frozen_broad_prediction	0.15469146238377007	0.1190869185821715
1654	frozen_broad_prediction	0.13693998309382924	0.1143765805428204
1655	frozen_broad_prediction	0.15440969287123132	0.11537736239389722
1656	frozen_broad_prediction	0.1451112989574528	0.11209775313428558
1657	frozen_broad_prediction	0.14060298675683292	0.11515335501933802
1658	frozen_broad_prediction	0.13609467455621302	0.12021189946697049
1659	frozen_broad_prediction	0.14003944773175542	0.11285723376538108
1660	frozen_broad_prediction	0.15384615384615385	0.12174504325339153
1661	frozen_broad_prediction	0.14652014652014653	0.12426005505127424
1662	frozen_broad_prediction	0.1437024513947591	0.11682535454613326
1663	frozen_broad_prediction	0.15948154409692872	0.13395632356315637
1664	frozen_broad_prediction	0.15976331360946747	0.12851059130267614
1665	frozen_broad_prediction	0.1451112989574528	0.11170470252365336
1666	frozen_broad_prediction	0.14398422090729784	0.11799743620019647
1667	frozen_broad_prediction	0.15046491969568893	0.1203370469660067
1668	frozen_broad_prediction	0.13891236968160045	0.12493105034146892
1669	frozen_broad_prediction	0.1490560721329952	0.12855893841583205
1670	frozen_broad_prediction	0.1484925331079177	0.12449148532226537
1671	frozen_broad_prediction	0.15497323189630882	0.1269637599905023
1672	frozen_broad_prediction	0.14736545505776275	0.11365888475274177
1673	frozen_broad_prediction	0.14060298675683292	0.11692798008453367
1674	frozen_broad_prediction	0.1496196111580727	0.11975682404157073
1675	frozen_broad_prediction	0.14088475626937166	0.11670547678329661
1676	frozen_broad_prediction	0.15525500140884757	0.13025446899656584
1677	frozen_broad_prediction	0.1515919977458439	0.12061132702892138
1678	frozen_broad_prediction	0.15243730628346014	0.12906972313726386
1679	frozen_broad_prediction	0.1437024513947591	0.12239151271092386
1680	frozen_broad_prediction	0.14623837700760778	0.11354624481598122
1681	frozen_broad_prediction	0.1521555367709214	0.11714563545167274
1682	frozen_broad_prediction	0.1431389123696816	0.11916953135026873
1683	frozen_broad_prediction	0.1445477599323753	0.12699149264405457
1684	frozen_broad_prediction	0.14792899408284024	0.11165763875780592
1685	frozen_broad_prediction	0.14116652578191038	0.11365448113760623
1686	frozen_broad_prediction	0.1515919977458439	0.12363485270988997
1687	frozen_broad_prediction	0.1445477599323753	0.12682250068550627
1688	frozen_broad_prediction	0.1535643843336151	0.13521509158120187
1689	frozen_broad_prediction	0.15835446604677375	0.1263104038723467
1690	frozen_broad_prediction	0.14652014652014653	0.1276191617975562
1691	frozen_broad_prediction	0.15469146238377007	0.12829879240542544
1692	frozen_broad_prediction	0.1496196111580727	0.12964623849982562
1693	frozen_broad_prediction	0.14426599041983657	0.12146904197530259
1694	frozen_broad_prediction	0.14623837700760778	0.12605761155430623
1695	frozen_broad_prediction	0.13665821358129052	0.11839850723633268
1696	frozen_broad_prediction	0.15328261482107636	0.1279535747021116
1697	frozen_broad_prediction	0.14595660749506903	0.11713721288075837
1698	frozen_broad_prediction	0.1484925331079177	0.12417885149709676
1699	frozen_broad_prediction	0.14933784164553396	0.12211215855846538
1700	frozen_broad_prediction	0.14539306846999156	0.1270614676349344
1701	frozen_broad_prediction	0.14933784164553396	0.13448450742407062
1702	frozen_broad_prediction	0.14567483798253028	0.12302564448625156
1703	frozen_broad_prediction	0.1451112989574528	0.12644524191013157
1704	frozen_broad_prediction	0.1600450831220062	0.13390756297180176
1705	frozen_broad_prediction	0.13891236968160045	0.11926154582057621
1706	frozen_broad_prediction	0.147083685545224	0.1241921656209823
1707	frozen_broad_prediction	0.14567483798253028	0.1150545063145549
1708	frozen_broad_prediction	0.14877430262045646	0.11671474728090447
1709	frozen_broad_prediction	0.1625810087348549	0.13401399501238867
1710	frozen_broad_prediction	0.16511693434770358	0.12931710449579853
1711	frozen_broad_prediction	0.1490560721329952	0.12122405141786903
1712	frozen_broad_prediction	0.14877430262045646	0.12227315997948374
1713	frozen_broad_prediction	0.15018315018315018	0.126636322613871
1714	frozen_broad_prediction	0.14595660749506903	0.12044292179009841
1715	frozen_broad_prediction	0.14426599041983657	0.11178756580370146
1716	frozen_broad_prediction	0.14173006480698788	0.1244848495400985
1717	frozen_broad_prediction	0.1566638489715413	0.12873969600463414
1718	frozen_broad_prediction	0.14680191603268528	0.12240245117959625
1719	frozen_broad_prediction	0.14736545505776275	0.12273456289415696
1720	frozen_broad_prediction	0.14567483798253028	0.12294768791997832
1721	frozen_broad_prediction	0.15243730628346014	0.13140479217742498
1722	frozen_broad_prediction	0.15412792335869258	0.12790564978095081
1723	frozen_broad_prediction	0.14567483798253028	0.1332787550813029
1724	frozen_broad_prediction	0.13834883065652295	0.11847233427820052
1725	frozen_broad_prediction	0.15497323189630882	0.13134036120041795
1726	frozen_broad_prediction	0.15581854043392504	0.12323015555486279
1727	frozen_broad_prediction	0.1515919977458439	0.12288830260687926
1728	frozen_broad_prediction	0.15131022823330514	0.13252876700227112
1729	frozen_broad_prediction	0.1484925331079177	0.11458392946221434
1730	frozen_broad_prediction	0.14116652578191038	0.11028753760961871
1731	frozen_broad_prediction	0.1431389123696816	0.1151651704594713
1732	frozen_broad_prediction	0.15046491969568893	0.12287204651389998
1733	frozen_broad_prediction	0.14567483798253028	0.12402497659965986
1734	frozen_broad_prediction	0.15384615384615385	0.12493370647447584
1735	frozen_broad_prediction	0.1484925331079177	0.11891382192869729
1736	frozen_broad_prediction	0.15440969287123132	0.13268474706200442
1737	frozen_broad_prediction	0.1496196111580727	0.12553395855794372
1738	frozen_broad_prediction	0.15581854043392504	0.1251730925023911
1739	frozen_broad_prediction	0.15694561848408004	0.1267015679235996
1740	frozen_broad_prediction	0.1451112989574528	0.12123360214217678
1741	frozen_broad_prediction	0.14342068188222035	0.12033655296842634
1742	frozen_broad_prediction	0.1431389123696816	0.11713900194300168
1743	frozen_broad_prediction	0.15243730628346014	0.11530338677190766
1744	frozen_broad_prediction	0.13130459284305437	0.11176826134546039
1745	frozen_broad_prediction	0.15863623555931247	0.12258302129576422
1746	frozen_broad_prediction	0.14116652578191038	0.11853252832456795
1747	frozen_broad_prediction	0.1451112989574528	0.1251139546082782
1748	frozen_broad_prediction	0.14736545505776275	0.12371435638080452
1749	frozen_broad_prediction	0.14229360383206538	0.12060982537498337
1750	frozen_broad_prediction	0.14539306846999156	0.11471582955795956
1751	frozen_broad_prediction	0.14426599041983657	0.13028639875426654
1752	frozen_broad_prediction	0.13609467455621302	0.12282936003050973
1753	frozen_broad_prediction	0.14539306846999156	0.11602564404833979
1754	frozen_broad_prediction	0.14342068188222035	0.12416974295156284
1755	frozen_broad_prediction	0.15074668920822767	0.1320542351523075
1756	frozen_broad_prediction	0.15440969287123132	0.13023189538924
1757	frozen_broad_prediction	0.1437024513947591	0.12250935541257739
1758	frozen_broad_prediction	0.15976331360946747	0.12347210484512136
1759	frozen_broad_prediction	0.14285714285714285	0.1191294217710882
1760	frozen_broad_prediction	0.13693998309382924	0.11315535475190201
1761	frozen_broad_prediction	0.15469146238377007	0.1214694585685527
1762	frozen_broad_prediction	0.14623837700760778	0.1201249713446475
1763	frozen_broad_prediction	0.15243730628346014	0.1183206385717785
1764	frozen_broad_prediction	0.1476472245703015	0.11206995878761558
1765	frozen_broad_prediction	0.1625810087348549	0.13015548689707598
1766	frozen_broad_prediction	0.13975767821921667	0.11599814035075899
1767	frozen_broad_prediction	0.14652014652014653	0.12240580169583533
1768	frozen_broad_prediction	0.16032685263454494	0.13029946746988166
1769	frozen_broad_prediction	0.14990138067061143	0.12156733970506099
1770	frozen_broad_prediction	0.15919977458438997	0.13098680483971786
1771	frozen_broad_prediction	0.15046491969568893	0.12204460021378456
1772	frozen_broad_prediction	0.147083685545224	0.12130883332496914
1773	frozen_broad_prediction	0.14623837700760778	0.13543391963045076
1774	frozen_broad_prediction	0.14116652578191038	0.11753230200009859
1775	frozen_broad_prediction	0.16089039165962243	0.1269658790505695
1776	frozen_broad_prediction	0.14933784164553396	0.12704417646809513
1777	frozen_broad_prediction	0.147083685545224	0.12395673785032768
1778	frozen_broad_prediction	0.147083685545224	0.12279973934625739
1779	frozen_broad_prediction	0.15525500140884757	0.11983637147701905
1780	frozen_broad_prediction	0.1484925331079177	0.11362459853256383
1781	frozen_broad_prediction	0.1425753733446041	0.11279579373510844
1782	frozen_broad_prediction	0.14680191603268528	0.12469343438672073
1783	frozen_broad_prediction	0.1515919977458439	0.12585714976631374
1784	frozen_broad_prediction	0.15581854043392504	0.12268803985721895
1785	frozen_broad_prediction	0.14567483798253028	0.11890571609312794
1786	frozen_broad_prediction	0.1561003099464638	0.13064227869578643
1787	frozen_broad_prediction	0.1431389123696816	0.12341650206337096
1788	frozen_broad_prediction	0.16032685263454494	0.1324569724365511
1789	frozen_broad_prediction	0.14398422090729784	0.11828305498534049
1790	frozen_broad_prediction	0.14229360383206538	0.11594402280821856
1791	frozen_broad_prediction	0.1425753733446041	0.11519001957162948
1792	frozen_broad_prediction	0.15581854043392504	0.1290263706471262
1793	frozen_broad_prediction	0.15271907579599886	0.11799781108525495
1794	frozen_broad_prediction	0.14342068188222035	0.12157358853038658
1795	frozen_broad_prediction	0.14482952944491406	0.11686419722707295
1796	frozen_broad_prediction	0.15046491969568893	0.13008559297807049
1797	frozen_broad_prediction	0.15018315018315018	0.12351237044946713
1798	frozen_broad_prediction	0.1352493660185968	0.11014326785969886
1799	frozen_broad_prediction	0.14229360383206538	0.11206205290382902
1800	frozen_broad_prediction	0.15412792335869258	0.13297423066821668
1801	frozen_broad_prediction	0.14567483798253028	0.1166022829773991
1802	frozen_broad_prediction	0.14539306846999156	0.11508393849532046
1803	frozen_broad_prediction	0.14736545505776275	0.11826567233161944
1804	frozen_broad_prediction	0.1515919977458439	0.12541162407394668
1805	frozen_broad_prediction	0.1425753733446041	0.11773398781515887
1806	frozen_broad_prediction	0.15018315018315018	0.12952039526696138
1807	frozen_broad_prediction	0.15046491969568893	0.12959989497207475
1808	frozen_broad_prediction	0.13891236968160045	0.11176973049642396
1809	frozen_broad_prediction	0.1431389123696816	0.11394703962919506
1810	frozen_broad_prediction	0.1521555367709214	0.11528743862986753
1811	frozen_broad_prediction	0.14623837700760778	0.1149486432158457
1812	frozen_broad_prediction	0.1386306001690617	0.10428010747702605
1813	frozen_broad_prediction	0.1496196111580727	0.12443511906876799
1814	frozen_broad_prediction	0.14736545505776275	0.11752933479108016
1815	frozen_broad_prediction	0.14426599041983657	0.1227617760179854
1816	frozen_broad_prediction	0.15919977458438997	0.13044371776638525
1817	frozen_broad_prediction	0.148210763595379	0.12233898607862806
1818	frozen_broad_prediction	0.14933784164553396	0.12384416330866321
1819	frozen_broad_prediction	0.147083685545224	0.12597089408408352
1820	frozen_broad_prediction	0.14342068188222035	0.11923734604779793
1821	frozen_broad_prediction	0.14877430262045646	0.11980684713813579
1822	frozen_broad_prediction	0.15131022823330514	0.1259762992379938
1823	frozen_broad_prediction	0.15187376725838264	0.12869120082479119
1824	frozen_broad_prediction	0.1445477599323753	0.11772376187189895
1825	frozen_broad_prediction	0.14652014652014653	0.12509099064148915
1826	frozen_broad_prediction	0.1561003099464638	0.11987575395670677
1827	frozen_broad_prediction	0.14144829529444913	0.11586499533905877
1828	frozen_broad_prediction	0.13778529163144548	0.1074667531164097
1829	frozen_broad_prediction	0.13834883065652295	0.12135202210887934
1830	frozen_broad_prediction	0.1490560721329952	0.11747064932198396
1831	frozen_broad_prediction	0.1496196111580727	0.12066937838732132
1832	frozen_broad_prediction	0.14623837700760778	0.11879142279166532
1833	frozen_broad_prediction	0.14285714285714285	0.11774483773116302
1834	frozen_broad_prediction	0.16089039165962243	0.12524398725562733
1835	frozen_broad_prediction	0.1437024513947591	0.12385267511943329
1836	frozen_broad_prediction	0.13834883065652295	0.11153348670302518
1837	frozen_broad_prediction	0.1521555367709214	0.11911481523269514
1838	frozen_broad_prediction	0.1476472245703015	0.1187721976758174
1839	frozen_broad_prediction	0.13609467455621302	0.11670379310376804
1840	frozen_broad_prediction	0.14877430262045646	0.12949884088265046
1841	frozen_broad_prediction	0.14173006480698788	0.12354646850902543
1842	frozen_broad_prediction	0.15497323189630882	0.12928145552730275
1843	frozen_broad_prediction	0.14539306846999156	0.1138489865098892
1844	frozen_broad_prediction	0.1451112989574528	0.12156055651046486
1845	frozen_broad_prediction	0.14173006480698788	0.11704728683470389
1846	frozen_broad_prediction	0.1425753733446041	0.11189702651732766
1847	frozen_broad_prediction	0.14877430262045646	0.1263913446020652
1848	frozen_broad_prediction	0.15018315018315018	0.12142202832783835
1849	frozen_broad_prediction	0.1575091575091575	0.13037366823012989
1850	frozen_broad_prediction	0.1521555367709214	0.1258896139274366
1851	frozen_broad_prediction	0.15187376725838264	0.12837975035274993
1852	frozen_broad_prediction	0.14623837700760778	0.12707103996692945
1853	frozen_broad_prediction	0.15440969287123132	0.11819021660257752
1854	frozen_broad_prediction	0.14032121724429417	0.11919944645082073
1855	frozen_broad_prediction	0.14623837700760778	0.1254174824657848
1856	frozen_broad_prediction	0.14398422090729784	0.11848566984572051
1857	frozen_broad_prediction	0.1386306001690617	0.10294247809887877
1858	frozen_broad_prediction	0.15187376725838264	0.12387451454792522
1859	frozen_broad_prediction	0.14398422090729784	0.11153760345461725
1860	frozen_broad_prediction	0.15469146238377007	0.12542180741176143
1861	frozen_broad_prediction	0.14482952944491406	0.12080876559367748
1862	frozen_broad_prediction	0.15328261482107636	0.13384932863865415
1863	frozen_broad_prediction	0.1476472245703015	0.11950852175671425
1864	frozen_broad_prediction	0.148210763595379	0.1301709747255362
1865	frozen_broad_prediction	0.14652014652014653	0.11892598893297594
1866	frozen_broad_prediction	0.14933784164553396	0.1206134575389809
1867	frozen_broad_prediction	0.1535643843336151	0.12025989501493159
1868	frozen_broad_prediction	0.15328261482107636	0.11994415444683629
1869	frozen_broad_prediction	0.14398422090729784	0.11864476553013348
1870	frozen_broad_prediction	0.14623837700760778	0.11991052158678872
1871	frozen_broad_prediction	0.14426599041983657	0.11427948825898275
1872	frozen_broad_prediction	0.15525500140884757	0.13496731759029074
1873	frozen_broad_prediction	0.14652014652014653	0.12188315467178741
1874	frozen_broad_prediction	0.15131022823330514	0.13430368764952846
1875	frozen_broad_prediction	0.15271907579599886	0.11838843244460343
1876	frozen_broad_prediction	0.15497323189630882	0.12552861686855404
1877	frozen_broad_prediction	0.14342068188222035	0.11957631502464805
1878	frozen_broad_prediction	0.14595660749506903	0.12626191815991156
1879	frozen_broad_prediction	0.1445477599323753	0.1149229346304492
1880	frozen_broad_prediction	0.15046491969568893	0.12539021188548352
1881	frozen_broad_prediction	0.15187376725838264	0.12200128615596384
1882	frozen_broad_prediction	0.147083685545224	0.11619996276242779
1883	frozen_broad_prediction	0.1490560721329952	0.12096665191083962
1884	frozen_broad_prediction	0.1521555367709214	0.1217964264731783
1885	frozen_broad_prediction	0.14144829529444913	0.11150091028535611
1886	frozen_broad_prediction	0.14032121724429417	0.12124440870759745
1887	frozen_broad_prediction	0.14652014652014653	0.12082972061157712
1888	frozen_broad_prediction	0.1535643843336151	0.12864507400879527
1889	frozen_broad_prediction	0.14426599041983657	0.11458944108319435
1890	frozen_broad_prediction	0.15328261482107636	0.1324552376294119
1891	frozen_broad_prediction	0.15722738799661876	0.12373074750884394
1892	frozen_broad_prediction	0.1425753733446041	0.11938485883749392
1893	frozen_broad_prediction	0.14792899408284024	0.13231388129150218
1894	frozen_broad_prediction	0.14933784164553396	0.11442638236555551
1895	frozen_broad_prediction	0.16286277824739362	0.1323192171920706
1896	frozen_broad_prediction	0.14482952944491406	0.1164239803744728
1897	frozen_broad_prediction	0.15187376725838264	0.120993166861743
1898	frozen_broad_prediction	0.1484925331079177	0.1320384347111062
1899	frozen_broad_prediction	0.15187376725838264	0.12828743435125384
1900	frozen_broad_prediction	0.14060298675683292	0.12119591228956679
1901	frozen_broad_prediction	0.14173006480698788	0.11634998533621403
1902	frozen_broad_prediction	0.14680191603268528	0.11952209307740905
1903	frozen_broad_prediction	0.13750352211890673	0.12427535443119062
1904	frozen_broad_prediction	0.13693998309382924	0.10943500834918315
1905	frozen_broad_prediction	0.14342068188222035	0.12711296171795136
1906	frozen_broad_prediction	0.14173006480698788	0.10844404436605981
1907	frozen_broad_prediction	0.14792899408284024	0.12217097923920998
1908	frozen_broad_prediction	0.15638207945900254	0.13347494880791566
1909	frozen_broad_prediction	0.14933784164553396	0.1219954914699499
1910	frozen_broad_prediction	0.15497323189630882	0.12443335686616344
1911	frozen_broad_prediction	0.14116652578191038	0.10294691442270414
1912	frozen_broad_prediction	0.1515919977458439	0.11686288397308038
1913	frozen_broad_prediction	0.15497323189630882	0.13173516871382757
1914	frozen_broad_prediction	0.1386306001690617	0.11091425357016567
1915	frozen_broad_prediction	0.1425753733446041	0.11786406559919124
1916	frozen_broad_prediction	0.14173006480698788	0.12115635935646867
1917	frozen_broad_prediction	0.15187376725838264	0.12565636058113622
1918	frozen_broad_prediction	0.16032685263454494	0.12605810761347055
1919	frozen_broad_prediction	0.1490560721329952	0.12469780789525764
1920	frozen_broad_prediction	0.15018315018315018	0.1197221753159905
1921	frozen_broad_prediction	0.14736545505776275	0.13114433435222156
1922	frozen_broad_prediction	0.14342068188222035	0.10372199521379728
1923	frozen_broad_prediction	0.13637644406875177	0.10894544751174662
1924	frozen_broad_prediction	0.1476472245703015	0.12117275075114768
1925	frozen_broad_prediction	0.1451112989574528	0.12933062844032658
1926	frozen_broad_prediction	0.15328261482107636	0.13463507307642053
1927	frozen_broad_prediction	0.15243730628346014	0.11969786344084202
1928	frozen_broad_prediction	0.1600450831220062	0.12217123997176993
1929	frozen_broad_prediction	0.1490560721329952	0.12498146854402781
1930	frozen_broad_prediction	0.1451112989574528	0.12391100072151225
1931	frozen_broad_prediction	0.15891800507185122	0.13055416135850004
1932	frozen_broad_prediction	0.1445477599323753	0.11356737595372679
1933	frozen_broad_prediction	0.14990138067061143	0.12446462973001848
1934	frozen_broad_prediction	0.14398422090729784	0.11826123871604599
1935	frozen_broad_prediction	0.14116652578191038	0.12499345140932486
1936	frozen_broad_prediction	0.14342068188222035	0.11984785160230604
1937	frozen_broad_prediction	0.14201183431952663	0.11545866559253906
1938	frozen_broad_prediction	0.1437024513947591	0.11632992307105512
1939	frozen_broad_prediction	0.14567483798253028	0.11861612586432227
1940	frozen_broad_prediction	0.1521555367709214	0.12059784614411624
1941	frozen_broad_prediction	0.14342068188222035	0.11773675765620947
1942	frozen_broad_prediction	0.15694561848408004	0.12818955967045487
1943	frozen_broad_prediction	0.1476472245703015	0.11863526191078895
1944	frozen_broad_prediction	0.14173006480698788	0.11539151238511187
1945	frozen_broad_prediction	0.14877430262045646	0.11309590020796997
1946	frozen_broad_prediction	0.1451112989574528	0.11992857078876795
1947	frozen_broad_prediction	0.13834883065652295	0.1084095148620011
1948	frozen_broad_prediction	0.14285714285714285	0.1231788465462282
1949	frozen_broad_prediction	0.15779092702169625	0.1300572358327192
1950	frozen_broad_prediction	0.1490560721329952	0.12287529465926565
1951	frozen_broad_prediction	0.13665821358129052	0.11973045028595612
1952	frozen_broad_prediction	0.14652014652014653	0.11878475555958927
1953	frozen_broad_prediction	0.1431389123696816	0.12395610350932543
1954	frozen_broad_prediction	0.148210763595379	0.13154527398258115
1955	frozen_broad_prediction	0.14482952944491406	0.11270748806409206
1956	frozen_broad_prediction	0.14398422090729784	0.11766401233151455
1957	frozen_broad_prediction	0.14342068188222035	0.1262518114969382
1958	frozen_broad_prediction	0.13750352211890673	0.11412232819936238
1959	frozen_broad_prediction	0.15638207945900254	0.1264081299214511
1960	frozen_broad_prediction	0.14116652578191038	0.11776493512045114
1961	frozen_broad_prediction	0.14736545505776275	0.12854832509074748
1962	frozen_broad_prediction	0.14933784164553396	0.12423866948318943
1963	frozen_broad_prediction	0.14144829529444913	0.124244025525555
1964	frozen_broad_prediction	0.1484925331079177	0.12536227118582963
1965	frozen_broad_prediction	0.15638207945900254	0.13367477399812777
1966	frozen_broad_prediction	0.14736545505776275	0.123026456952497
1967	frozen_broad_prediction	0.1496196111580727	0.11677035243952612
1968	frozen_broad_prediction	0.13975767821921667	0.12317657251167244
1969	frozen_broad_prediction	0.15328261482107636	0.1253158525788595
1970	frozen_broad_prediction	0.14652014652014653	0.11263678615099378
1971	frozen_broad_prediction	0.14680191603268528	0.11504197865583803
1972	frozen_broad_prediction	0.15412792335869258	0.11844880373326334
1973	frozen_broad_prediction	0.14173006480698788	0.11669696080650915
1974	frozen_broad_prediction	0.13665821358129052	0.11376402406172315
1975	frozen_broad_prediction	0.15328261482107636	0.12074922067831469
1976	frozen_broad_prediction	0.13609467455621302	0.10652877931890962
1977	frozen_broad_prediction	0.14652014652014653	0.11736400530755856
1978	frozen_broad_prediction	0.1575091575091575	0.12842969706803112
1979	frozen_broad_prediction	0.14736545505776275	0.11909730026552327
1980	frozen_broad_prediction	0.14398422090729784	0.11501870579914852
1981	frozen_broad_prediction	0.15018315018315018	0.1235117555275758
1982	frozen_broad_prediction	0.1451112989574528	0.120273198881432
1983	frozen_broad_prediction	0.1445477599323753	0.12561976760645627
1984	frozen_broad_prediction	0.15074668920822767	0.12555623394443308
1985	frozen_broad_prediction	0.15187376725838264	0.12012741689120603
1986	frozen_broad_prediction	0.15722738799661876	0.12804388941686545
1987	frozen_broad_prediction	0.1530008453085376	0.12885658257991708
1988	frozen_broad_prediction	0.15328261482107636	0.12949207568883003
1989	frozen_broad_prediction	0.1484925331079177	0.11334591400472518
1990	frozen_broad_prediction	0.14060298675683292	0.11379216198796913
1991	frozen_broad_prediction	0.147083685545224	0.12270782765970892
1992	frozen_broad_prediction	0.14398422090729784	0.11590653329674087
1993	frozen_broad_prediction	0.15271907579599886	0.12583698988192557
1994	frozen_broad_prediction	0.1445477599323753	0.11723897806659475
1995	frozen_broad_prediction	0.14567483798253028	0.11408908456127931
1996	frozen_broad_prediction	0.15243730628346014	0.12597348042468284
1997	frozen_broad_prediction	0.15553677092138632	0.1273070533631429
1998	frozen_broad_prediction	0.14539306846999156	0.12566284127113958
1999	frozen_broad_prediction	0.15553677092138632	0.1243645177466913
0	adapter_broad_prediction	0.8574246266553959	0.8378085041737501
1	adapter_broad_prediction	0.8441814595660749	0.8316048967440988
2	adapter_broad_prediction	0.8515074668920822	0.8301196525451131
3	adapter_broad_prediction	0.852916314454776	0.8414697464237666
4	adapter_broad_prediction	0.8458720766413074	0.8324348500896039
5	adapter_broad_prediction	0.8574246266553959	0.8484171788756308
6	adapter_broad_prediction	0.8382642998027613	0.8213554111954113
7	adapter_broad_prediction	0.8548887010425472	0.8389065884458944
8	adapter_broad_prediction	0.8492533107917724	0.8328619780130675
9	adapter_broad_prediction	0.854043392504931	0.8371283205920846
10	adapter_broad_prediction	0.8599605522682445	0.8473801722225632
11	adapter_broad_prediction	0.8475626937165399	0.8355491866098503
12	adapter_broad_prediction	0.8619329388560157	0.8509420155334467
13	adapter_broad_prediction	0.8424908424908425	0.8103423806880095
14	adapter_broad_prediction	0.8424908424908425	0.8319672697296803
15	adapter_broad_prediction	0.862778247393632	0.8486055390100178
16	adapter_broad_prediction	0.8399549168779938	0.8262764759713497
17	adapter_broad_prediction	0.8492533107917724	0.8280380370556696
18	adapter_broad_prediction	0.8585517047055509	0.8455487682765496
19	adapter_broad_prediction	0.8433361510284587	0.826177228543516
20	adapter_broad_prediction	0.8475626937165399	0.827723831062088
21	adapter_broad_prediction	0.8546069315300084	0.8428408835452806
22	adapter_broad_prediction	0.8531980839673148	0.8364372159283434
23	adapter_broad_prediction	0.8365736827275289	0.8249285472388042
24	adapter_broad_prediction	0.849535080304311	0.8344883397650792
25	adapter_broad_prediction	0.8503803888419273	0.837159551011345
26	adapter_broad_prediction	0.8500986193293886	0.8362332116062057
27	adapter_broad_prediction	0.8515074668920822	0.8333157760121201
28	adapter_broad_prediction	0.8557340095801634	0.8460654376165602
29	adapter_broad_prediction	0.8427726120033813	0.823950262173495
30	adapter_broad_prediction	0.8503803888419273	0.8308841244690448
31	adapter_broad_prediction	0.8562975486052409	0.8423931164724296
32	adapter_broad_prediction	0.8492533107917724	0.8416717106237452
33	adapter_broad_prediction	0.8472809242040011	0.8297591137511701
34	adapter_broad_prediction	0.851789236404621	0.8377185651580701
35	adapter_broad_prediction	0.8605240912933221	0.847033738978916
36	adapter_broad_prediction	0.8560157790927022	0.8421655619403629
37	adapter_broad_prediction	0.8498168498168498	0.832220921021045
38	adapter_broad_prediction	0.8393913778529163	0.8224431934065292
39	adapter_broad_prediction	0.8447449985911525	0.8253306719372953
40	adapter_broad_prediction	0.8413637644406875	0.8349568952343969
41	adapter_broad_prediction	0.8565793181177797	0.8438819573641008
42	adapter_broad_prediction	0.8489715412792336	0.8388158175111708
43	adapter_broad_prediction	0.851789236404621	0.8376260210571118
44	adapter_broad_prediction	0.8512256973795436	0.8467780261757548
45	adapter_broad_prediction	0.8444632290786137	0.8245733913157179
46	adapter_broad_prediction	0.8624964778810933	0.8478776442142276
47	adapter_broad_prediction	0.8591152437306283	0.8512158549583553
48	adapter_broad_prediction	0.8461538461538461	0.8255755493357014
49	adapter_broad_prediction	0.8509439278670048	0.8426328692180339
50	adapter_broad_prediction	0.8382642998027613	0.8357237758137126
51	adapter_broad_prediction	0.852916314454776	0.8450551177031755
52	adapter_broad_prediction	0.8579881656804734	0.8443128354637143
53	adapter_broad_prediction	0.8447449985911525	0.8450266839851764
54	adapter_broad_prediction	0.8424908424908425	0.8277742959665708
55	adapter_broad_prediction	0.8503803888419273	0.8424202077792057
56	adapter_broad_prediction	0.849535080304311	0.8329369598677957
57	adapter_broad_prediction	0.8458720766413074	0.8406465156317774
58	adapter_broad_prediction	0.8537616229923922	0.8350161198548642
59	adapter_broad_prediction	0.8557340095801634	0.8373662283523455
60	adapter_broad_prediction	0.8416455339532263	0.8258829294346395
61	adapter_broad_prediction	0.8453085376162299	0.8389077855979062
62	adapter_broad_prediction	0.8486897717666948	0.8401979793044667
63	adapter_broad_prediction	0.8534798534798534	0.8416949116290736
64	adapter_broad_prediction	0.8436179205409975	0.8369734025403263
65	adapter_broad_prediction	0.8619329388560157	0.8483653633595057
66	adapter_broad_prediction	0.8548887010425472	0.8311409316326038
67	adapter_broad_prediction	0.8588334742180896	0.8504058880433585
68	adapter_broad_prediction	0.8453085376162299	0.8314162330144546
69	adapter_broad_prediction	0.8512256973795436	0.8354221871178217
70	adapter_broad_prediction	0.8441814595660749	0.8307900830208554
71	adapter_broad_prediction	0.8562975486052409	0.837241878761367
72	adapter_broad_prediction	0.8512256973795436	0.8381307136961642
73	adapter_broad_prediction	0.8475626937165399	0.8376447885231295
74	adapter_broad_prediction	0.8475626937165399	0.8304083910304089
75	adapter_broad_prediction	0.8399549168779938	0.8202105433328954
76	adapter_broad_prediction	0.8486897717666948	0.8364288160491171
77	adapter_broad_prediction	0.8503803888419273	0.8414710625000128
78	adapter_broad_prediction	0.8438996900535362	0.8378083811109815
79	adapter_broad_prediction	0.8486897717666948	0.8293709871565959
80	adapter_broad_prediction	0.8588334742180896	0.8452014242909618
81	adapter_broad_prediction	0.8577063961679346	0.8473042601252712
82	adapter_broad_prediction	0.8574246266553959	0.8387276331164806
83	adapter_broad_prediction	0.8523527754296986	0.8457970506989323
84	adapter_broad_prediction	0.8433361510284587	0.8361246295313902
85	adapter_broad_prediction	0.8472809242040011	0.8490763503453269
86	adapter_broad_prediction	0.8509439278670048	0.8310955581249356
87	adapter_broad_prediction	0.8486897717666948	0.8418260274168128
88	adapter_broad_prediction	0.8498168498168498	0.8311021478797418
89	adapter_broad_prediction	0.8503803888419273	0.823695009225274
90	adapter_broad_prediction	0.8560157790927022	0.8426293049654069
91	adapter_broad_prediction	0.8441814595660749	0.8248101118553137
92	adapter_broad_prediction	0.8582699351930121	0.8486111286496438
93	adapter_broad_prediction	0.8526345449422372	0.8379004414942248
94	adapter_broad_prediction	0.850662158354466	0.8438465029561145
95	adapter_broad_prediction	0.8557340095801634	0.8424707172029084
96	adapter_broad_prediction	0.8379825302902226	0.8323205990155979
97	adapter_broad_prediction	0.8444632290786137	0.8326575466506121
98	adapter_broad_prediction	0.8450267681036912	0.8406515310683232
99	adapter_broad_prediction	0.8447449985911525	0.8304553971839288
100	adapter_broad_prediction	0.8385460693153001	0.8318605264978697
101	adapter_broad_prediction	0.8455903071287687	0.8316596361611376
102	adapter_broad_prediction	0.8472809242040011	0.8344905724753892
103	adapter_broad_prediction	0.8537616229923922	0.8467926140211063
104	adapter_broad_prediction	0.8427726120033813	0.8278700464822567
105	adapter_broad_prediction	0.8534798534798534	0.8461889000937513
106	adapter_broad_prediction	0.8602423217807833	0.8493913612124444
107	adapter_broad_prediction	0.8546069315300084	0.8314480293017275
108	adapter_broad_prediction	0.8408002254156101	0.8149813626856943
109	adapter_broad_prediction	0.8512256973795436	0.8275863556513304
110	adapter_broad_prediction	0.849535080304311	0.8337680918439627
111	adapter_broad_prediction	0.8503803888419273	0.8435258540986108
112	adapter_broad_prediction	0.8484080022541561	0.8381356087641517
113	adapter_broad_prediction	0.8531980839673148	0.8478641708770212
114	adapter_broad_prediction	0.8644688644688645	0.8566986881409614
115	adapter_broad_prediction	0.8498168498168498	0.8353577786770146
116	adapter_broad_prediction	0.8500986193293886	0.8351924166545599
117	adapter_broad_prediction	0.849535080304311	0.8249975176866855
118	adapter_broad_prediction	0.8486897717666948	0.8308421770626365
119	adapter_broad_prediction	0.8475626937165399	0.830062318574603
120	adapter_broad_prediction	0.8481262327416174	0.8403005409427614
121	adapter_broad_prediction	0.8557340095801634	0.8437262544569754
122	adapter_broad_prediction	0.8523527754296986	0.8308150533385451
123	adapter_broad_prediction	0.8450267681036912	0.8302303467570175
124	adapter_broad_prediction	0.8515074668920822	0.8357318402830092
125	adapter_broad_prediction	0.8537616229923922	0.8554234634010426
126	adapter_broad_prediction	0.8571428571428571	0.8451325403938468
127	adapter_broad_prediction	0.8436179205409975	0.8263205712839206
128	adapter_broad_prediction	0.8560157790927022	0.8363609258925131
129	adapter_broad_prediction	0.8410819949281487	0.8254479215039089
130	adapter_broad_prediction	0.8444632290786137	0.8280316381489115
131	adapter_broad_prediction	0.8622147083685545	0.8414970867022837
132	adapter_broad_prediction	0.8537616229923922	0.8380694568711273
133	adapter_broad_prediction	0.8433361510284587	0.833104299644719
134	adapter_broad_prediction	0.849535080304311	0.8329642860745375
135	adapter_broad_prediction	0.8585517047055509	0.8303873241888591
136	adapter_broad_prediction	0.8447449985911525	0.8197147190187873
137	adapter_broad_prediction	0.8509439278670048	0.8392817584964462
138	adapter_broad_prediction	0.8577063961679346	0.8458192705529661
139	adapter_broad_prediction	0.8436179205409975	0.8344199318091041
140	adapter_broad_prediction	0.8422090729783037	0.8232998770978994
141	adapter_broad_prediction	0.850662158354466	0.8352647336221638
142	adapter_broad_prediction	0.8444632290786137	0.822972821369438
143	adapter_broad_prediction	0.8444632290786137	0.8190156108684068
144	adapter_broad_prediction	0.8554522400676247	0.845986254403873
145	adapter_broad_prediction	0.8574246266553959	0.8441271902936226
146	adapter_broad_prediction	0.8433361510284587	0.8362856499710013
147	adapter_broad_prediction	0.8579881656804734	0.8537210099539726
148	adapter_broad_prediction	0.8537616229923922	0.8425915700716367
149	adapter_broad_prediction	0.8486897717666948	0.8327752015717792
150	adapter_broad_prediction	0.8410819949281487	0.8280341977213908
151	adapter_broad_prediction	0.8467173851789236	0.8360646803491782
152	adapter_broad_prediction	0.850662158354466	0.8352220923181999
153	adapter_broad_prediction	0.8486897717666948	0.8426817810886496
154	adapter_broad_prediction	0.8472809242040011	0.8358984665538287
155	adapter_broad_prediction	0.8498168498168498	0.844301055812363
156	adapter_broad_prediction	0.8447449985911525	0.8287032502075755
157	adapter_broad_prediction	0.8433361510284587	0.8330819032278592
158	adapter_broad_prediction	0.8565793181177797	0.8560024159080715
159	adapter_broad_prediction	0.850662158354466	0.8399774249335239
160	adapter_broad_prediction	0.8458720766413074	0.8218153854570076
161	adapter_broad_prediction	0.8481262327416174	0.8443819888750923
162	adapter_broad_prediction	0.8334742180896028	0.8123563989711482
163	adapter_broad_prediction	0.8512256973795436	0.8481886208364505
164	adapter_broad_prediction	0.8441814595660749	0.8288146810250698
165	adapter_broad_prediction	0.8489715412792336	0.8455375414000572
166	adapter_broad_prediction	0.8458720766413074	0.8319902722435255
167	adapter_broad_prediction	0.8484080022541561	0.8338514298354684
168	adapter_broad_prediction	0.8469991546914624	0.8367148306961942
169	adapter_broad_prediction	0.8512256973795436	0.8360316959610428
170	adapter_broad_prediction	0.8478444632290786	0.8328775652771923
171	adapter_broad_prediction	0.8464356156663849	0.82835741602781
172	adapter_broad_prediction	0.8464356156663849	0.83359535440207
173	adapter_broad_prediction	0.8436179205409975	0.819007352613521
174	adapter_broad_prediction	0.8582699351930121	0.8503449232471919
175	adapter_broad_prediction	0.8585517047055509	0.8495211595146902
176	adapter_broad_prediction	0.8531980839673148	0.8392132483361248
177	adapter_broad_prediction	0.8588334742180896	0.8482208314392021
178	adapter_broad_prediction	0.8579881656804734	0.8382909967226807
179	adapter_broad_prediction	0.8354466046773739	0.8140327104570122
180	adapter_broad_prediction	0.8489715412792336	0.8268276150612527
181	adapter_broad_prediction	0.8562975486052409	0.8505681086159461
182	adapter_broad_prediction	0.8509439278670048	0.8379093080079233
183	adapter_broad_prediction	0.8531980839673148	0.8405030294955746
184	adapter_broad_prediction	0.8543251620174697	0.835965886309536
185	adapter_broad_prediction	0.8438996900535362	0.8266461779642412
186	adapter_broad_prediction	0.8520710059171598	0.8392489991374539
187	adapter_broad_prediction	0.8568610876303184	0.8383844702614969
188	adapter_broad_prediction	0.8509439278670048	0.8355253995278102
189	adapter_broad_prediction	0.8599605522682445	0.8436461929234118
190	adapter_broad_prediction	0.8512256973795436	0.844440597544559
191	adapter_broad_prediction	0.8582699351930121	0.8434733009212332
192	adapter_broad_prediction	0.8484080022541561	0.8328866956049653
193	adapter_broad_prediction	0.8365736827275289	0.8328680936365063
194	adapter_broad_prediction	0.8515074668920822	0.8298950145765837
195	adapter_broad_prediction	0.8461538461538461	0.8274122887881825
196	adapter_broad_prediction	0.852916314454776	0.8353682079346545
197	adapter_broad_prediction	0.8534798534798534	0.8382196806838698
198	adapter_broad_prediction	0.8537616229923922	0.8296894783101356
199	adapter_broad_prediction	0.850662158354466	0.8423933442474623
200	adapter_broad_prediction	0.8574246266553959	0.8514375275738768
201	adapter_broad_prediction	0.8492533107917724	0.8396047953233232
202	adapter_broad_prediction	0.8500986193293886	0.8407381369995693
203	adapter_broad_prediction	0.8537616229923922	0.8295794136938228
204	adapter_broad_prediction	0.8512256973795436	0.8410809911977692
205	adapter_broad_prediction	0.849535080304311	0.8325004098247974
206	adapter_broad_prediction	0.8447449985911525	0.8311404248020805
207	adapter_broad_prediction	0.8565793181177797	0.8358043280342476
208	adapter_broad_prediction	0.8388278388278388	0.8170958910334708
209	adapter_broad_prediction	0.8571428571428571	0.8416931038567173
210	adapter_broad_prediction	0.8486897717666948	0.8275639337279059
211	adapter_broad_prediction	0.8481262327416174	0.8329962360876111
212	adapter_broad_prediction	0.851789236404621	0.8360320626458222
213	adapter_broad_prediction	0.8486897717666948	0.8328319053744524
214	adapter_broad_prediction	0.8560157790927022	0.8546156458127744
215	adapter_broad_prediction	0.850662158354466	0.8326463122229926
216	adapter_broad_prediction	0.8577063961679346	0.8425698096788959
217	adapter_broad_prediction	0.8526345449422372	0.8461852201573201
218	adapter_broad_prediction	0.8430543815159199	0.8356513428431189
219	adapter_broad_prediction	0.8408002254156101	0.8290067991957641
220	adapter_broad_prediction	0.8571428571428571	0.8468638022621933
221	adapter_broad_prediction	0.8562975486052409	0.8418248122042555
222	adapter_broad_prediction	0.8585517047055509	0.843569978926408
223	adapter_broad_prediction	0.8689771766694844	0.853454964101287
224	adapter_broad_prediction	0.8484080022541561	0.83496792917694
225	adapter_broad_prediction	0.8523527754296986	0.8378082984716224
226	adapter_broad_prediction	0.8469991546914624	0.8326942240889194
227	adapter_broad_prediction	0.8486897717666948	0.8383367364086205
228	adapter_broad_prediction	0.8509439278670048	0.8401146205727773
229	adapter_broad_prediction	0.8523527754296986	0.8382984894558361
230	adapter_broad_prediction	0.8489715412792336	0.8292827574590115
231	adapter_broad_prediction	0.8346012961397576	0.8180640323489513
232	adapter_broad_prediction	0.8577063961679346	0.8377418844179585
233	adapter_broad_prediction	0.8568610876303184	0.8373131109864721
234	adapter_broad_prediction	0.8509439278670048	0.8133888161623833
235	adapter_broad_prediction	0.8433361510284587	0.8310168150290455
236	adapter_broad_prediction	0.8568610876303184	0.83911602027073
237	adapter_broad_prediction	0.8571428571428571	0.847378837508049
238	adapter_broad_prediction	0.8410819949281487	0.8313733473905145
239	adapter_broad_prediction	0.8503803888419273	0.8417593284033149
240	adapter_broad_prediction	0.8523527754296986	0.8359662677796417
241	adapter_broad_prediction	0.849535080304311	0.835657159746577
242	adapter_broad_prediction	0.8475626937165399	0.8414153233984042
243	adapter_broad_prediction	0.8515074668920822	0.834057604151193
244	adapter_broad_prediction	0.8371372217526064	0.8287805097139337
245	adapter_broad_prediction	0.8526345449422372	0.8432818160117422
246	adapter_broad_prediction	0.850662158354466	0.8362751837548755
247	adapter_broad_prediction	0.8484080022541561	0.8336833471739965
248	adapter_broad_prediction	0.8565793181177797	0.8462458373243595
249	adapter_broad_prediction	0.8653141730064807	0.8449961628325345
250	adapter_broad_prediction	0.8382642998027613	0.8256211730739231
251	adapter_broad_prediction	0.8548887010425472	0.8521313210084827
252	adapter_broad_prediction	0.8467173851789236	0.8254879502825615
253	adapter_broad_prediction	0.8562975486052409	0.8486868249975685
254	adapter_broad_prediction	0.854043392504931	0.8256469187732358
255	adapter_broad_prediction	0.8500986193293886	0.8322456813120278
256	adapter_broad_prediction	0.849535080304311	0.8394162434556154
257	adapter_broad_prediction	0.8430543815159199	0.8416438899148586
258	adapter_broad_prediction	0.854043392504931	0.8358585083423187
259	adapter_broad_prediction	0.8520710059171598	0.8329914468906102
260	adapter_broad_prediction	0.8444632290786137	0.8360766064899664
261	adapter_broad_prediction	0.8526345449422372	0.8328532744430271
262	adapter_broad_prediction	0.851789236404621	0.8338480867442364
263	adapter_broad_prediction	0.8427726120033813	0.8371268420450038
264	adapter_broad_prediction	0.8560157790927022	0.8404683997981273
265	adapter_broad_prediction	0.8455903071287687	0.8244907464904635
266	adapter_broad_prediction	0.8500986193293886	0.8258890738675463
267	adapter_broad_prediction	0.8447449985911525	0.8361047934659733
268	adapter_broad_prediction	0.8453085376162299	0.8247676027389257
269	adapter_broad_prediction	0.8610876303183995	0.8403102093997802
270	adapter_broad_prediction	0.8467173851789236	0.8338693955244392
271	adapter_broad_prediction	0.852916314454776	0.8198517130710515
272	adapter_broad_prediction	0.8464356156663849	0.8337539290121881
273	adapter_broad_prediction	0.8453085376162299	0.8390728951897135
274	adapter_broad_prediction	0.8461538461538461	0.8344472583660071
275	adapter_broad_prediction	0.855170470555086	0.8438040059651399
276	adapter_broad_prediction	0.8453085376162299	0.827217753220021
277	adapter_broad_prediction	0.8461538461538461	0.8281913649349135
278	adapter_broad_prediction	0.849535080304311	0.8398758487092964
279	adapter_broad_prediction	0.8458720766413074	0.8297358653658412
280	adapter_broad_prediction	0.8492533107917724	0.8324922397594277
281	adapter_broad_prediction	0.8379825302902226	0.82941388922007
282	adapter_broad_prediction	0.8537616229923922	0.8463306780092577
283	adapter_broad_prediction	0.8424908424908425	0.832383359229605
284	adapter_broad_prediction	0.8534798534798534	0.8377456942988694
285	adapter_broad_prediction	0.8458720766413074	0.8347170154782848
286	adapter_broad_prediction	0.8450267681036912	0.8367332364689697
287	adapter_broad_prediction	0.8458720766413074	0.8353158345131731
288	adapter_broad_prediction	0.8455903071287687	0.8348128725859036
289	adapter_broad_prediction	0.8436179205409975	0.8318157565889184
290	adapter_broad_prediction	0.841927303465765	0.8322579613502583
291	adapter_broad_prediction	0.855170470555086	0.8487232013946002
292	adapter_broad_prediction	0.8444632290786137	0.834169525232384
293	adapter_broad_prediction	0.8579881656804734	0.831052296906373
294	adapter_broad_prediction	0.8520710059171598	0.8297655866402769
295	adapter_broad_prediction	0.8571428571428571	0.8262413965912259
296	adapter_broad_prediction	0.8613693998309383	0.8536603886685903
297	adapter_broad_prediction	0.851789236404621	0.8441150104351349
298	adapter_broad_prediction	0.8523527754296986	0.8388055673877041
299	adapter_broad_prediction	0.862778247393632	0.8619143609539981
300	adapter_broad_prediction	0.8509439278670048	0.8435572768032389
301	adapter_broad_prediction	0.8489715412792336	0.8374190729347856
302	adapter_broad_prediction	0.8515074668920822	0.8320027228731288
303	adapter_broad_prediction	0.852916314454776	0.8462522618265325
304	adapter_broad_prediction	0.8537616229923922	0.8456645533455982
305	adapter_broad_prediction	0.8543251620174697	0.8366078392766603
306	adapter_broad_prediction	0.8531980839673148	0.8413449012757155
307	adapter_broad_prediction	0.8458720766413074	0.8388924385328395
308	adapter_broad_prediction	0.8500986193293886	0.8335898715208513
309	adapter_broad_prediction	0.8515074668920822	0.8433094572206604
310	adapter_broad_prediction	0.8478444632290786	0.830941782244628
311	adapter_broad_prediction	0.850662158354466	0.837130869287005
312	adapter_broad_prediction	0.8554522400676247	0.8363942248075176
313	adapter_broad_prediction	0.8469991546914624	0.8381721972920948
314	adapter_broad_prediction	0.8433361510284587	0.8344216643733933
315	adapter_broad_prediction	0.8416455339532263	0.8254432781434117
316	adapter_broad_prediction	0.8577063961679346	0.8492370641650859
317	adapter_broad_prediction	0.850662158354466	0.8471148542462721
318	adapter_broad_prediction	0.8478444632290786	0.8365580859597221
319	adapter_broad_prediction	0.841927303465765	0.8302259765233335
320	adapter_broad_prediction	0.854043392504931	0.8397224867179602
321	adapter_broad_prediction	0.8503803888419273	0.8357160360004018
322	adapter_broad_prediction	0.8531980839673148	0.8354601817514657
323	adapter_broad_prediction	0.8571428571428571	0.8488497584834359
324	adapter_broad_prediction	0.8526345449422372	0.8389840166453741
325	adapter_broad_prediction	0.8385460693153001	0.8233900706171615
326	adapter_broad_prediction	0.8489715412792336	0.8340351925955473
327	adapter_broad_prediction	0.8509439278670048	0.840572314887306
328	adapter_broad_prediction	0.8616511693434771	0.846910571657278
329	adapter_broad_prediction	0.8377007607776839	0.8224250264335969
330	adapter_broad_prediction	0.8565793181177797	0.8312314204917743
331	adapter_broad_prediction	0.8405184559030713	0.8376624242969785
332	adapter_broad_prediction	0.8582699351930121	0.8455941007311181
333	adapter_broad_prediction	0.8453085376162299	0.8236429564221373
334	adapter_broad_prediction	0.8622147083685545	0.8522857346618953
335	adapter_broad_prediction	0.8416455339532263	0.8321359004988127
336	adapter_broad_prediction	0.8503803888419273	0.8419417306856346
337	adapter_broad_prediction	0.8579881656804734	0.8453811999732406
338	adapter_broad_prediction	0.8526345449422372	0.8361312110002332
339	adapter_broad_prediction	0.8450267681036912	0.8468655725341903
340	adapter_broad_prediction	0.854043392504931	0.8387192674580348
341	adapter_broad_prediction	0.8515074668920822	0.8330372010142376
342	adapter_broad_prediction	0.8546069315300084	0.8383314877536577
343	adapter_broad_prediction	0.849535080304311	0.8398584674054643
344	adapter_broad_prediction	0.8467173851789236	0.831761727196316
345	adapter_broad_prediction	0.8534798534798534	0.8378680515041201
346	adapter_broad_prediction	0.8622147083685545	0.8518169273274836
347	adapter_broad_prediction	0.8585517047055509	0.8452112896415265
348	adapter_broad_prediction	0.8329106790645252	0.8112357166075073
349	adapter_broad_prediction	0.8441814595660749	0.8233915163112451
350	adapter_broad_prediction	0.8560157790927022	0.8412000299907583
351	adapter_broad_prediction	0.8579881656804734	0.8476801299577902
352	adapter_broad_prediction	0.8472809242040011	0.826196881252292
353	adapter_broad_prediction	0.8543251620174697	0.838592788076886
354	adapter_broad_prediction	0.8354466046773739	0.8253817527763154
355	adapter_broad_prediction	0.8458720766413074	0.8362699083334876
356	adapter_broad_prediction	0.8388278388278388	0.8288141656509129
357	adapter_broad_prediction	0.8557340095801634	0.8461605779422239
358	adapter_broad_prediction	0.8410819949281487	0.8270222083820343
359	adapter_broad_prediction	0.849535080304311	0.8300854566867679
360	adapter_broad_prediction	0.8374189912651451	0.821212540006878
361	adapter_broad_prediction	0.8534798534798534	0.8437756500250897
362	adapter_broad_prediction	0.8436179205409975	0.8255146874150497
363	adapter_broad_prediction	0.8455903071287687	0.8309713107462173
364	adapter_broad_prediction	0.8574246266553959	0.8499811586417803
365	adapter_broad_prediction	0.8548887010425472	0.8347060674478476
366	adapter_broad_prediction	0.8453085376162299	0.8282035680617332
367	adapter_broad_prediction	0.862778247393632	0.8523337736364873
368	adapter_broad_prediction	0.8523527754296986	0.8357654401783501
369	adapter_broad_prediction	0.8484080022541561	0.8286309359955203
370	adapter_broad_prediction	0.8562975486052409	0.8409626487889286
371	adapter_broad_prediction	0.8512256973795436	0.8383187840771027
372	adapter_broad_prediction	0.8515074668920822	0.8373027765076106
373	adapter_broad_prediction	0.8523527754296986	0.8277584976380161
374	adapter_broad_prediction	0.8712313327697943	0.8648330168465282
375	adapter_broad_prediction	0.8486897717666948	0.8370066585984457
376	adapter_broad_prediction	0.8464356156663849	0.8353636485590272
377	adapter_broad_prediction	0.8562975486052409	0.8284843264365245
378	adapter_broad_prediction	0.8461538461538461	0.8273798515130795
379	adapter_broad_prediction	0.8478444632290786	0.8439966490861119
380	adapter_broad_prediction	0.8531980839673148	0.8402584947089728
381	adapter_broad_prediction	0.8444632290786137	0.8299305190843963
382	adapter_broad_prediction	0.8467173851789236	0.8289656994411146
383	adapter_broad_prediction	0.8500986193293886	0.838779131199975
384	adapter_broad_prediction	0.8512256973795436	0.8419000963298673
385	adapter_broad_prediction	0.8526345449422372	0.8366071032775781
386	adapter_broad_prediction	0.8537616229923922	0.8232320372992177
387	adapter_broad_prediction	0.8500986193293886	0.8504172895775997
388	adapter_broad_prediction	0.8481262327416174	0.8412110548547791
389	adapter_broad_prediction	0.855170470555086	0.8516034359459939
390	adapter_broad_prediction	0.8565793181177797	0.8368255803859348
391	adapter_broad_prediction	0.8469991546914624	0.8308372553159874
392	adapter_broad_prediction	0.8475626937165399	0.8288728109923417
393	adapter_broad_prediction	0.8543251620174697	0.8455397210251963
394	adapter_broad_prediction	0.8543251620174697	0.8384416226029756
395	adapter_broad_prediction	0.8433361510284587	0.8119772471990416
396	adapter_broad_prediction	0.8489715412792336	0.8362214503534993
397	adapter_broad_prediction	0.8596787827557059	0.849299582727344
398	adapter_broad_prediction	0.8472809242040011	0.8337315242540562
399	adapter_broad_prediction	0.8562975486052409	0.8475862239875612
400	adapter_broad_prediction	0.8498168498168498	0.8371041864317844
401	adapter_broad_prediction	0.8486897717666948	0.8368223191981501
402	adapter_broad_prediction	0.8509439278670048	0.8370270041659145
403	adapter_broad_prediction	0.8585517047055509	0.8357010058984038
404	adapter_broad_prediction	0.8503803888419273	0.8460304799490945
405	adapter_broad_prediction	0.852916314454776	0.8447964247935836
406	adapter_broad_prediction	0.8543251620174697	0.8416568913691261
407	adapter_broad_prediction	0.8546069315300084	0.8289494896134887
408	adapter_broad_prediction	0.8481262327416174	0.84462065968516
409	adapter_broad_prediction	0.8560157790927022	0.8398833233542569
410	adapter_broad_prediction	0.8458720766413074	0.8424491916845926
411	adapter_broad_prediction	0.8537616229923922	0.837286100576379
412	adapter_broad_prediction	0.8537616229923922	0.8399098471814869
413	adapter_broad_prediction	0.8520710059171598	0.8413463770671982
414	adapter_broad_prediction	0.8385460693153001	0.8232932588911444
415	adapter_broad_prediction	0.8503803888419273	0.8404031580585178
416	adapter_broad_prediction	0.851789236404621	0.8300145926136612
417	adapter_broad_prediction	0.8526345449422372	0.8270097854265203
418	adapter_broad_prediction	0.8591152437306283	0.8546137754882114
419	adapter_broad_prediction	0.8464356156663849	0.8345482175002479
420	adapter_broad_prediction	0.854043392504931	0.8381604530881133
421	adapter_broad_prediction	0.8408002254156101	0.8343433327947277
422	adapter_broad_prediction	0.8588334742180896	0.8416659778436987
423	adapter_broad_prediction	0.8531980839673148	0.840880334809136
424	adapter_broad_prediction	0.8478444632290786	0.8203628564364515
425	adapter_broad_prediction	0.8430543815159199	0.8130793234120717
426	adapter_broad_prediction	0.8608058608058609	0.8454511306247786
427	adapter_broad_prediction	0.8520710059171598	0.8336158901906252
428	adapter_broad_prediction	0.8526345449422372	0.8422808588448477
429	adapter_broad_prediction	0.8424908424908425	0.8316002843002448
430	adapter_broad_prediction	0.8526345449422372	0.8416795188558762
431	adapter_broad_prediction	0.8557340095801634	0.8444385284433716
432	adapter_broad_prediction	0.8405184559030713	0.823867604555797
433	adapter_broad_prediction	0.8591152437306283	0.8508013273756407
434	adapter_broad_prediction	0.8500986193293886	0.840593766583309
435	adapter_broad_prediction	0.8579881656804734	0.8350753021022834
436	adapter_broad_prediction	0.851789236404621	0.8448963419776054
437	adapter_broad_prediction	0.851789236404621	0.8341973137612474
438	adapter_broad_prediction	0.8478444632290786	0.8309885334325232
439	adapter_broad_prediction	0.8475626937165399	0.8304499341379487
440	adapter_broad_prediction	0.8498168498168498	0.8255870112791455
441	adapter_broad_prediction	0.8565793181177797	0.8271770932993805
442	adapter_broad_prediction	0.8557340095801634	0.8495627813302219
443	adapter_broad_prediction	0.8438996900535362	0.8316852254975163
444	adapter_broad_prediction	0.8461538461538461	0.8287563432657684
445	adapter_broad_prediction	0.8351648351648352	0.8230569350265398
446	adapter_broad_prediction	0.8557340095801634	0.8393140231460616
447	adapter_broad_prediction	0.8562975486052409	0.8346677133546369
448	adapter_broad_prediction	0.8486897717666948	0.8322800412249135
449	adapter_broad_prediction	0.8509439278670048	0.8245335990282964
450	adapter_broad_prediction	0.8608058608058609	0.8428479685080406
451	adapter_broad_prediction	0.8523527754296986	0.8529454334938007
452	adapter_broad_prediction	0.8546069315300084	0.8439132246381801
453	adapter_broad_prediction	0.8489715412792336	0.8244405587985382
454	adapter_broad_prediction	0.8444632290786137	0.8389036600389282
455	adapter_broad_prediction	0.8481262327416174	0.8397573076534283
456	adapter_broad_prediction	0.8622147083685545	0.8531136580153182
457	adapter_broad_prediction	0.8588334742180896	0.8428007660771544
458	adapter_broad_prediction	0.8492533107917724	0.8398936315472862
459	adapter_broad_prediction	0.8450267681036912	0.8312279902234962
460	adapter_broad_prediction	0.8472809242040011	0.8274302936207081
461	adapter_broad_prediction	0.8509439278670048	0.8376088184878686
462	adapter_broad_prediction	0.8458720766413074	0.831482758889206
463	adapter_broad_prediction	0.849535080304311	0.8343267331405313
464	adapter_broad_prediction	0.8475626937165399	0.8321611690973961
465	adapter_broad_prediction	0.841927303465765	0.8178614664220929
466	adapter_broad_prediction	0.8430543815159199	0.8210812025254878
467	adapter_broad_prediction	0.8441814595660749	0.8302478401746596
468	adapter_broad_prediction	0.8557340095801634	0.8463354687542219
469	adapter_broad_prediction	0.8422090729783037	0.8197606884550309
470	adapter_broad_prediction	0.851789236404621	0.831975627208314
471	adapter_broad_prediction	0.8458720766413074	0.8270031063612253
472	adapter_broad_prediction	0.8523527754296986	0.837168647457745
473	adapter_broad_prediction	0.8399549168779938	0.8246289073768234
474	adapter_broad_prediction	0.8568610876303184	0.8478856581549652
475	adapter_broad_prediction	0.8537616229923922	0.8459442099319787
476	adapter_broad_prediction	0.8458720766413074	0.8284526862055402
477	adapter_broad_prediction	0.8548887010425472	0.8382529791793942
478	adapter_broad_prediction	0.841927303465765	0.8433637025618491
479	adapter_broad_prediction	0.8498168498168498	0.8331024219958956
480	adapter_broad_prediction	0.8441814595660749	0.8323194019117371
481	adapter_broad_prediction	0.865032403493942	0.8571796371922286
482	adapter_broad_prediction	0.8455903071287687	0.8329848125509812
483	adapter_broad_prediction	0.8464356156663849	0.8294483642248942
484	adapter_broad_prediction	0.8543251620174697	0.8284776977939021
485	adapter_broad_prediction	0.8464356156663849	0.8293587261812603
486	adapter_broad_prediction	0.855170470555086	0.8381217824595067
487	adapter_broad_prediction	0.8557340095801634	0.8382064145135553
488	adapter_broad_prediction	0.8458720766413074	0.844938119115181
489	adapter_broad_prediction	0.8444632290786137	0.834059806342284
490	adapter_broad_prediction	0.8557340095801634	0.8427060958643443
491	adapter_broad_prediction	0.8438996900535362	0.8250928027289218
492	adapter_broad_prediction	0.8481262327416174	0.8341040555269885
493	adapter_broad_prediction	0.841927303465765	0.8199189040299115
494	adapter_broad_prediction	0.8478444632290786	0.8323835182133902
495	adapter_broad_prediction	0.8500986193293886	0.8386435355392097
496	adapter_broad_prediction	0.8469991546914624	0.8349239052272589
497	adapter_broad_prediction	0.850662158354466	0.82565283655924
498	adapter_broad_prediction	0.8410819949281487	0.8219084795478808
499	adapter_broad_prediction	0.8509439278670048	0.8313016098603014
500	adapter_broad_prediction	0.8422090729783037	0.8365245083722774
501	adapter_broad_prediction	0.8641870949563257	0.8582475128522754
502	adapter_broad_prediction	0.8565793181177797	0.8418028179910145
503	adapter_broad_prediction	0.8523527754296986	0.8348430401732809
504	adapter_broad_prediction	0.8489715412792336	0.844142479746974
505	adapter_broad_prediction	0.8444632290786137	0.8274482499856155
506	adapter_broad_prediction	0.852916314454776	0.8400892972026824
507	adapter_broad_prediction	0.8422090729783037	0.8333797204750624
508	adapter_broad_prediction	0.854043392504931	0.8416491687880405
509	adapter_broad_prediction	0.8464356156663849	0.8374682043233402
510	adapter_broad_prediction	0.8548887010425472	0.8289940196488781
511	adapter_broad_prediction	0.8560157790927022	0.8513527767133899
512	adapter_broad_prediction	0.8388278388278388	0.8209103182880361
513	adapter_broad_prediction	0.8413637644406875	0.8246673416127959
514	adapter_broad_prediction	0.8424908424908425	0.833157508652906
515	adapter_broad_prediction	0.8478444632290786	0.8222071998457704
516	adapter_broad_prediction	0.8469991546914624	0.8397970991906926
517	adapter_broad_prediction	0.8469991546914624	0.8390910621704071
518	adapter_broad_prediction	0.851789236404621	0.8427473746052364
519	adapter_broad_prediction	0.8503803888419273	0.849242293379565
520	adapter_broad_prediction	0.8382642998027613	0.8171298253935498
521	adapter_broad_prediction	0.8554522400676247	0.8436616480326962
522	adapter_broad_prediction	0.8500986193293886	0.8363869265859251
523	adapter_broad_prediction	0.8410819949281487	0.8272599904961948
524	adapter_broad_prediction	0.8469991546914624	0.8377325693279418
525	adapter_broad_prediction	0.8478444632290786	0.8484529393326374
526	adapter_broad_prediction	0.8670047900817132	0.8509567874642446
527	adapter_broad_prediction	0.8436179205409975	0.8277025676742262
528	adapter_broad_prediction	0.8362919132149902	0.8274538575886794
529	adapter_broad_prediction	0.852916314454776	0.8456971079502793
530	adapter_broad_prediction	0.8475626937165399	0.838165443495873
531	adapter_broad_prediction	0.8374189912651451	0.82567677212217
532	adapter_broad_prediction	0.8562975486052409	0.8482750967723783
533	adapter_broad_prediction	0.8486897717666948	0.8298074978218878
534	adapter_broad_prediction	0.8593970132431671	0.8426416269112231
535	adapter_broad_prediction	0.8416455339532263	0.8353117828244845
536	adapter_broad_prediction	0.8469991546914624	0.8231043056649903
537	adapter_broad_prediction	0.8568610876303184	0.8346892653850876
538	adapter_broad_prediction	0.8467173851789236	0.8273094156628507
539	adapter_broad_prediction	0.8546069315300084	0.8351937750712901
540	adapter_broad_prediction	0.8455903071287687	0.8328099650950781
541	adapter_broad_prediction	0.8515074668920822	0.8469542005202231
542	adapter_broad_prediction	0.855170470555086	0.8437889688438623
543	adapter_broad_prediction	0.8520710059171598	0.8355248253093965
544	adapter_broad_prediction	0.8478444632290786	0.8465012542484299
545	adapter_broad_prediction	0.8546069315300084	0.8505293788252946
546	adapter_broad_prediction	0.8441814595660749	0.830901953322144
547	adapter_broad_prediction	0.8475626937165399	0.826546152944999
548	adapter_broad_prediction	0.8450267681036912	0.8408611724493692
549	adapter_broad_prediction	0.8509439278670048	0.8463846585095893
550	adapter_broad_prediction	0.854043392504931	0.8360485902926253
551	adapter_broad_prediction	0.8484080022541561	0.8307113965819573
552	adapter_broad_prediction	0.8486897717666948	0.8404266349575769
553	adapter_broad_prediction	0.8410819949281487	0.8324134310455603
554	adapter_broad_prediction	0.8472809242040011	0.8401269745966162
555	adapter_broad_prediction	0.8351648351648352	0.8233335940582978
556	adapter_broad_prediction	0.8498168498168498	0.8245321546894259
557	adapter_broad_prediction	0.8577063961679346	0.8471020231483394
558	adapter_broad_prediction	0.852916314454776	0.8471890123149809
559	adapter_broad_prediction	0.8484080022541561	0.8306355662614038
560	adapter_broad_prediction	0.8455903071287687	0.8341330141535712
561	adapter_broad_prediction	0.8526345449422372	0.8448186097071358
562	adapter_broad_prediction	0.8444632290786137	0.8273366780800264
563	adapter_broad_prediction	0.8484080022541561	0.8383470859798365
564	adapter_broad_prediction	0.8512256973795436	0.8308772242179794
565	adapter_broad_prediction	0.8472809242040011	0.8232543108552892
566	adapter_broad_prediction	0.8455903071287687	0.8343888933400461
567	adapter_broad_prediction	0.8424908424908425	0.8325478006685272
568	adapter_broad_prediction	0.8593970132431671	0.838635886366672
569	adapter_broad_prediction	0.8562975486052409	0.8337373093642396
570	adapter_broad_prediction	0.8453085376162299	0.8278384550236515
571	adapter_broad_prediction	0.8458720766413074	0.8410810832327529
572	adapter_broad_prediction	0.8526345449422372	0.8365140146434393
573	adapter_broad_prediction	0.8577063961679346	0.8538008584661719
574	adapter_broad_prediction	0.8568610876303184	0.8497920212553176
575	adapter_broad_prediction	0.8608058608058609	0.8348494262978805
576	adapter_broad_prediction	0.8509439278670048	0.8382502640836839
577	adapter_broad_prediction	0.8565793181177797	0.8349427020138356
578	adapter_broad_prediction	0.855170470555086	0.8371445801686785
579	adapter_broad_prediction	0.8523527754296986	0.8324320182976346
580	adapter_broad_prediction	0.8478444632290786	0.8356293684978257
581	adapter_broad_prediction	0.8523527754296986	0.8495782427311045
582	adapter_broad_prediction	0.8467173851789236	0.8297723405756766
583	adapter_broad_prediction	0.8503803888419273	0.8237066776273692
584	adapter_broad_prediction	0.8481262327416174	0.8331070614004459
585	adapter_broad_prediction	0.8430543815159199	0.8252704308941798
586	adapter_broad_prediction	0.8585517047055509	0.8374277665690026
587	adapter_broad_prediction	0.8410819949281487	0.826573046770892
588	adapter_broad_prediction	0.8422090729783037	0.8452102602554559
589	adapter_broad_prediction	0.8399549168779938	0.8200008231806534
590	adapter_broad_prediction	0.8574246266553959	0.8438209157576188
591	adapter_broad_prediction	0.8472809242040011	0.8347959609798217
592	adapter_broad_prediction	0.8467173851789236	0.8324987480537198
593	adapter_broad_prediction	0.8562975486052409	0.8501923691897689
594	adapter_broad_prediction	0.8543251620174697	0.8362225457265089
595	adapter_broad_prediction	0.8402366863905325	0.8122411664262101
596	adapter_broad_prediction	0.8371372217526064	0.8288383016707831
597	adapter_broad_prediction	0.849535080304311	0.8350208433279619
598	adapter_broad_prediction	0.8481262327416174	0.8326150379265611
599	adapter_broad_prediction	0.8492533107917724	0.8426711595255176
600	adapter_broad_prediction	0.8503803888419273	0.8241325536508437
601	adapter_broad_prediction	0.8492533107917724	0.837628667195888
602	adapter_broad_prediction	0.8377007607776839	0.8292846229394837
603	adapter_broad_prediction	0.8402366863905325	0.82666971440837
604	adapter_broad_prediction	0.8436179205409975	0.8280296185424779
605	adapter_broad_prediction	0.8520710059171598	0.8375696685647821
606	adapter_broad_prediction	0.8408002254156101	0.818823100467443
607	adapter_broad_prediction	0.852916314454776	0.8473090371774583
608	adapter_broad_prediction	0.854043392504931	0.840050663706928
609	adapter_broad_prediction	0.8436179205409975	0.83145110175032
610	adapter_broad_prediction	0.8484080022541561	0.8329544438533544
611	adapter_broad_prediction	0.8500986193293886	0.8323452416780137
612	adapter_broad_prediction	0.8484080022541561	0.8213843011861031
613	adapter_broad_prediction	0.8582699351930121	0.8439492050017025
614	adapter_broad_prediction	0.8438996900535362	0.8433674544032079
615	adapter_broad_prediction	0.8436179205409975	0.8236932487018208
616	adapter_broad_prediction	0.8557340095801634	0.8358819830394308
617	adapter_broad_prediction	0.8484080022541561	0.8361037811262282
618	adapter_broad_prediction	0.8433361510284587	0.8334172262373694
619	adapter_broad_prediction	0.854043392504931	0.8369842362237938
620	adapter_broad_prediction	0.8481262327416174	0.8347228420208825
621	adapter_broad_prediction	0.851789236404621	0.8351277949662258
622	adapter_broad_prediction	0.8444632290786137	0.8266498399288764
623	adapter_broad_prediction	0.8548887010425472	0.846004849375983
624	adapter_broad_prediction	0.8447449985911525	0.8390940550241719
625	adapter_broad_prediction	0.8605240912933221	0.8468488283050762
626	adapter_broad_prediction	0.8585517047055509	0.850998256521244
627	adapter_broad_prediction	0.8433361510284587	0.8211263802720365
628	adapter_broad_prediction	0.8500986193293886	0.8289564158515945
629	adapter_broad_prediction	0.8531980839673148	0.8391827750821612
630	adapter_broad_prediction	0.8523527754296986	0.825693999745915
631	adapter_broad_prediction	0.841927303465765	0.8352613226503026
632	adapter_broad_prediction	0.8526345449422372	0.8429598766496733
633	adapter_broad_prediction	0.8436179205409975	0.8220862945404223
634	adapter_broad_prediction	0.8515074668920822	0.8406122176179298
635	adapter_broad_prediction	0.8560157790927022	0.8300376031368412
636	adapter_broad_prediction	0.8382642998027613	0.8199728684502885
637	adapter_broad_prediction	0.8467173851789236	0.8364969387215918
638	adapter_broad_prediction	0.8458720766413074	0.8258480761264547
639	adapter_broad_prediction	0.841927303465765	0.8271317287700495
640	adapter_broad_prediction	0.841927303465765	0.831817874694794
641	adapter_broad_prediction	0.8503803888419273	0.8384707890278749
642	adapter_broad_prediction	0.8515074668920822	0.8431116418094744
643	adapter_broad_prediction	0.8484080022541561	0.8470547613926387
644	adapter_broad_prediction	0.8546069315300084	0.8293784371660153
645	adapter_broad_prediction	0.8512256973795436	0.8369256556273961
646	adapter_broad_prediction	0.8500986193293886	0.8303965326455207
647	adapter_broad_prediction	0.8562975486052409	0.8333689707561656
648	adapter_broad_prediction	0.8599605522682445	0.8400861763520533
649	adapter_broad_prediction	0.8568610876303184	0.8398955853465557
650	adapter_broad_prediction	0.8579881656804734	0.8411007798410942
651	adapter_broad_prediction	0.8560157790927022	0.8358221253267496
652	adapter_broad_prediction	0.8579881656804734	0.8385035936646148
653	adapter_broad_prediction	0.8610876303183995	0.8498450927326834
654	adapter_broad_prediction	0.8484080022541561	0.8440497527789846
655	adapter_broad_prediction	0.8469991546914624	0.8451692031912248
656	adapter_broad_prediction	0.8574246266553959	0.8416603942253419
657	adapter_broad_prediction	0.8622147083685545	0.8499257768257877
658	adapter_broad_prediction	0.8441814595660749	0.829452228217817
659	adapter_broad_prediction	0.8413637644406875	0.826876731509542
660	adapter_broad_prediction	0.8500986193293886	0.8356439352993643
661	adapter_broad_prediction	0.8512256973795436	0.8394171353158338
662	adapter_broad_prediction	0.855170470555086	0.8372172957144107
663	adapter_broad_prediction	0.850662158354466	0.825092573523676
664	adapter_broad_prediction	0.8546069315300084	0.8512552111947116
665	adapter_broad_prediction	0.8492533107917724	0.8434321127769454
666	adapter_broad_prediction	0.8478444632290786	0.8355254619168653
667	adapter_broad_prediction	0.8537616229923922	0.8377709377504916
668	adapter_broad_prediction	0.8503803888419273	0.8258320948520851
669	adapter_broad_prediction	0.8450267681036912	0.8309979729382894
670	adapter_broad_prediction	0.8486897717666948	0.8326035736989754
671	adapter_broad_prediction	0.8543251620174697	0.8418112943091123
672	adapter_broad_prediction	0.8571428571428571	0.8473923963674629
673	adapter_broad_prediction	0.8520710059171598	0.8443498562662288
674	adapter_broad_prediction	0.833192448577064	0.8209572589233399
675	adapter_broad_prediction	0.8475626937165399	0.8358439248843517
676	adapter_broad_prediction	0.8458720766413074	0.8363787055336038
677	adapter_broad_prediction	0.8534798534798534	0.8387923844637399
678	adapter_broad_prediction	0.854043392504931	0.8341673658966263
679	adapter_broad_prediction	0.8486897717666948	0.8346169933111375
680	adapter_broad_prediction	0.8565793181177797	0.8466118983848305
681	adapter_broad_prediction	0.8574246266553959	0.8455733323519992
682	adapter_broad_prediction	0.8444632290786137	0.8185634607926279
683	adapter_broad_prediction	0.8455903071287687	0.8236563902564964
684	adapter_broad_prediction	0.8577063961679346	0.8476105299960295
685	adapter_broad_prediction	0.8453085376162299	0.8318844658394177
686	adapter_broad_prediction	0.849535080304311	0.8367416859150284
687	adapter_broad_prediction	0.8484080022541561	0.8283625630868048
688	adapter_broad_prediction	0.8531980839673148	0.8347641285770212
689	adapter_broad_prediction	0.8591152437306283	0.8503690418038831
690	adapter_broad_prediction	0.8515074668920822	0.8435259266824705
691	adapter_broad_prediction	0.8438996900535362	0.8221573003002582
692	adapter_broad_prediction	0.8520710059171598	0.8388864847230026
693	adapter_broad_prediction	0.8636235559312483	0.8534954198157486
694	adapter_broad_prediction	0.8430543815159199	0.8406242898798544
695	adapter_broad_prediction	0.8450267681036912	0.8320226576461958
696	adapter_broad_prediction	0.854043392504931	0.8519067539412543
697	adapter_broad_prediction	0.8450267681036912	0.8314751286812754
698	adapter_broad_prediction	0.8500986193293886	0.8440235365992643
699	adapter_broad_prediction	0.8422090729783037	0.834168420849404
700	adapter_broad_prediction	0.8610876303183995	0.8492515919983811
701	adapter_broad_prediction	0.849535080304311	0.8434285357112123
702	adapter_broad_prediction	0.8444632290786137	0.83556075794326
703	adapter_broad_prediction	0.8512256973795436	0.8474736865123237
704	adapter_broad_prediction	0.8413637644406875	0.825578324796344
705	adapter_broad_prediction	0.8548887010425472	0.8422365633088749
706	adapter_broad_prediction	0.8438996900535362	0.8245457989449323
707	adapter_broad_prediction	0.8441814595660749	0.8233403436380236
708	adapter_broad_prediction	0.8430543815159199	0.8238009094893819
709	adapter_broad_prediction	0.8520710059171598	0.8373637366770881
710	adapter_broad_prediction	0.8413637644406875	0.8221554338147368
711	adapter_broad_prediction	0.8461538461538461	0.8302301014244028
712	adapter_broad_prediction	0.8565793181177797	0.8339564432351063
713	adapter_broad_prediction	0.8472809242040011	0.8252640537928787
714	adapter_broad_prediction	0.849535080304311	0.8366046262900809
715	adapter_broad_prediction	0.8582699351930121	0.8533484732989818
716	adapter_broad_prediction	0.8531980839673148	0.8307397650795257
717	adapter_broad_prediction	0.8458720766413074	0.8344157912476252
718	adapter_broad_prediction	0.8523527754296986	0.8414324825361902
719	adapter_broad_prediction	0.8543251620174697	0.831187974851041
720	adapter_broad_prediction	0.8577063961679346	0.8493901367926643
721	adapter_broad_prediction	0.841927303465765	0.8273869824539707
722	adapter_broad_prediction	0.8523527754296986	0.8383793207231264
723	adapter_broad_prediction	0.8402366863905325	0.8140869346815899
724	adapter_broad_prediction	0.8458720766413074	0.827509618506534
725	adapter_broad_prediction	0.8548887010425472	0.8480550935965117
726	adapter_broad_prediction	0.8424908424908425	0.8249819110441494
727	adapter_broad_prediction	0.8464356156663849	0.8310571623973168
728	adapter_broad_prediction	0.8458720766413074	0.8301344664244045
729	adapter_broad_prediction	0.8438996900535362	0.8437725756731581
730	adapter_broad_prediction	0.8450267681036912	0.8295836595213295
731	adapter_broad_prediction	0.8436179205409975	0.8371001954770744
732	adapter_broad_prediction	0.8481262327416174	0.8380197656563807
733	adapter_broad_prediction	0.8444632290786137	0.8403030712047208
734	adapter_broad_prediction	0.849535080304311	0.8360623182483959
735	adapter_broad_prediction	0.854043392504931	0.837481437757211
736	adapter_broad_prediction	0.8512256973795436	0.8409730914819725
737	adapter_broad_prediction	0.8498168498168498	0.8416382031032107
738	adapter_broad_prediction	0.8453085376162299	0.8307656334498794
739	adapter_broad_prediction	0.8515074668920822	0.8475166546728685
740	adapter_broad_prediction	0.8481262327416174	0.8396481207486165
741	adapter_broad_prediction	0.851789236404621	0.8369958764425499
742	adapter_broad_prediction	0.8560157790927022	0.8397113704267058
743	adapter_broad_prediction	0.8509439278670048	0.8382052421935289
744	adapter_broad_prediction	0.8526345449422372	0.8402692809365021
745	adapter_broad_prediction	0.8534798534798534	0.8372622571757289
746	adapter_broad_prediction	0.8484080022541561	0.8397956830907305
747	adapter_broad_prediction	0.8441814595660749	0.8280132788014581
748	adapter_broad_prediction	0.849535080304311	0.8319560730299145
749	adapter_broad_prediction	0.8433361510284587	0.829061977769625
750	adapter_broad_prediction	0.8500986193293886	0.8341225934526468
751	adapter_broad_prediction	0.8464356156663849	0.8414281010746162
752	adapter_broad_prediction	0.8450267681036912	0.8301684806054679
753	adapter_broad_prediction	0.8430543815159199	0.8338304785058694
754	adapter_broad_prediction	0.849535080304311	0.8354700084513121
755	adapter_broad_prediction	0.8596787827557059	0.8442360154549153
756	adapter_broad_prediction	0.8416455339532263	0.8232578299264091
757	adapter_broad_prediction	0.850662158354466	0.8399027629361221
758	adapter_broad_prediction	0.8486897717666948	0.8469345382907469
759	adapter_broad_prediction	0.8503803888419273	0.8373232345943473
760	adapter_broad_prediction	0.8472809242040011	0.8373363770898111
761	adapter_broad_prediction	0.8461538461538461	0.8273706666249394
762	adapter_broad_prediction	0.8546069315300084	0.8435651094926302
763	adapter_broad_prediction	0.8610876303183995	0.8427393074518896
764	adapter_broad_prediction	0.8450267681036912	0.8328369970593078
765	adapter_broad_prediction	0.850662158354466	0.8313178853270596
766	adapter_broad_prediction	0.8613693998309383	0.8464735298628705
767	adapter_broad_prediction	0.8486897717666948	0.8413669299717395
768	adapter_broad_prediction	0.8560157790927022	0.83957132110601
769	adapter_broad_prediction	0.8503803888419273	0.8467728359821967
770	adapter_broad_prediction	0.8498168498168498	0.8266926691042851
771	adapter_broad_prediction	0.8489715412792336	0.837070766610187
772	adapter_broad_prediction	0.8610876303183995	0.8444819019925672
773	adapter_broad_prediction	0.849535080304311	0.8277178349245627
774	adapter_broad_prediction	0.8472809242040011	0.8376770676356143
775	adapter_broad_prediction	0.850662158354466	0.8394996222168523
776	adapter_broad_prediction	0.854043392504931	0.8455796081071899
777	adapter_broad_prediction	0.8351648351648352	0.8233539847322827
778	adapter_broad_prediction	0.8503803888419273	0.8355749217619619
779	adapter_broad_prediction	0.8543251620174697	0.8364941862601937
780	adapter_broad_prediction	0.8554522400676247	0.8346042032510658
781	adapter_broad_prediction	0.8520710059171598	0.8325201208487417
782	adapter_broad_prediction	0.8574246266553959	0.8506553586308693
783	adapter_broad_prediction	0.8492533107917724	0.8417225140585364
784	adapter_broad_prediction	0.8560157790927022	0.8409551762498678
785	adapter_broad_prediction	0.8492533107917724	0.8361095857542002
786	adapter_broad_prediction	0.8362919132149902	0.8202327134218539
787	adapter_broad_prediction	0.8481262327416174	0.8347383087636203
788	adapter_broad_prediction	0.8481262327416174	0.8327638981751821
789	adapter_broad_prediction	0.8433361510284587	0.8410511490286865
790	adapter_broad_prediction	0.8484080022541561	0.8356839780385158
791	adapter_broad_prediction	0.8579881656804734	0.8439177064454269
792	adapter_broad_prediction	0.8484080022541561	0.8433730321034728
793	adapter_broad_prediction	0.8405184559030713	0.8251554553273766
794	adapter_broad_prediction	0.8543251620174697	0.8257696511190655
795	adapter_broad_prediction	0.8475626937165399	0.815055139694652
796	adapter_broad_prediction	0.8602423217807833	0.8543660254239309
797	adapter_broad_prediction	0.8574246266553959	0.8445163711328515
798	adapter_broad_prediction	0.8591152437306283	0.8444497289613494
799	adapter_broad_prediction	0.850662158354466	0.8347720592460502
800	adapter_broad_prediction	0.8393913778529163	0.8074694566723128
801	adapter_broad_prediction	0.8500986193293886	0.8408665517246442
802	adapter_broad_prediction	0.8441814595660749	0.8365158501997533
803	adapter_broad_prediction	0.8577063961679346	0.8410020314520661
804	adapter_broad_prediction	0.8591152437306283	0.8443202211897193
805	adapter_broad_prediction	0.8478444632290786	0.8218851386842024
806	adapter_broad_prediction	0.8568610876303184	0.847064530784236
807	adapter_broad_prediction	0.8484080022541561	0.8363942806161739
808	adapter_broad_prediction	0.8408002254156101	0.829845283590698
809	adapter_broad_prediction	0.865032403493942	0.8567507940901254
810	adapter_broad_prediction	0.8582699351930121	0.846167024213486
811	adapter_broad_prediction	0.8424908424908425	0.8281661222027653
812	adapter_broad_prediction	0.8599605522682445	0.8379431103627919
813	adapter_broad_prediction	0.8433361510284587	0.8283540599626631
814	adapter_broad_prediction	0.8433361510284587	0.8389837551594332
815	adapter_broad_prediction	0.8478444632290786	0.8300937812608755
816	adapter_broad_prediction	0.8489715412792336	0.8345869426726032
817	adapter_broad_prediction	0.850662158354466	0.8460221914467014
818	adapter_broad_prediction	0.8500986193293886	0.8281545393490255
819	adapter_broad_prediction	0.8492533107917724	0.8321860710139737
820	adapter_broad_prediction	0.8523527754296986	0.8382519869316161
821	adapter_broad_prediction	0.8455903071287687	0.8318675553009811
822	adapter_broad_prediction	0.8571428571428571	0.8475235294885085
823	adapter_broad_prediction	0.8596787827557059	0.85440321343878
824	adapter_broad_prediction	0.8557340095801634	0.8399934373275565
825	adapter_broad_prediction	0.8481262327416174	0.825707715246127
826	adapter_broad_prediction	0.8610876303183995	0.8530439683425414
827	adapter_broad_prediction	0.8571428571428571	0.8367856471700253
828	adapter_broad_prediction	0.8512256973795436	0.8429964214573161
829	adapter_broad_prediction	0.852916314454776	0.8411404203986509
830	adapter_broad_prediction	0.8588334742180896	0.8534320414390383
831	adapter_broad_prediction	0.8436179205409975	0.8165004860096587
832	adapter_broad_prediction	0.8520710059171598	0.8313576987025808
833	adapter_broad_prediction	0.854043392504931	0.8480200924047395
834	adapter_broad_prediction	0.8548887010425472	0.8387350338542848
835	adapter_broad_prediction	0.8593970132431671	0.8407820514854205
836	adapter_broad_prediction	0.8520710059171598	0.8421439550582717
837	adapter_broad_prediction	0.8467173851789236	0.8341399692653144
838	adapter_broad_prediction	0.8498168498168498	0.8343033972429575
839	adapter_broad_prediction	0.8543251620174697	0.840957022032035
840	adapter_broad_prediction	0.8523527754296986	0.8327504306778073
841	adapter_broad_prediction	0.8427726120033813	0.8319608217079786
842	adapter_broad_prediction	0.8619329388560157	0.8565860788639563
843	adapter_broad_prediction	0.8543251620174697	0.8449446543087433
844	adapter_broad_prediction	0.8478444632290786	0.8393496038897268
845	adapter_broad_prediction	0.8503803888419273	0.8328410110174067
846	adapter_broad_prediction	0.8554522400676247	0.8388540273519178
847	adapter_broad_prediction	0.8534798534798534	0.8404532662620285
848	adapter_broad_prediction	0.8472809242040011	0.8297010369496942
849	adapter_broad_prediction	0.8571428571428571	0.8416025657808033
850	adapter_broad_prediction	0.8371372217526064	0.8228059045920608
851	adapter_broad_prediction	0.8523527754296986	0.842497237668119
852	adapter_broad_prediction	0.8520710059171598	0.8360775852168896
853	adapter_broad_prediction	0.850662158354466	0.8262245475428498
854	adapter_broad_prediction	0.8424908424908425	0.8331827326456883
855	adapter_broad_prediction	0.8489715412792336	0.8284062989459082
856	adapter_broad_prediction	0.8503803888419273	0.837193113157546
857	adapter_broad_prediction	0.8396731473654551	0.8343895760094455
858	adapter_broad_prediction	0.8469991546914624	0.8402273463477791
859	adapter_broad_prediction	0.851789236404621	0.8383325449039086
860	adapter_broad_prediction	0.8565793181177797	0.8418759208065592
861	adapter_broad_prediction	0.8593970132431671	0.8410723818322643
862	adapter_broad_prediction	0.8436179205409975	0.8197109711628728
863	adapter_broad_prediction	0.8472809242040011	0.8376671287261603
864	adapter_broad_prediction	0.8458720766413074	0.8237509472666668
865	adapter_broad_prediction	0.8523527754296986	0.8388533096933628
866	adapter_broad_prediction	0.8531980839673148	0.8355191233609827
867	adapter_broad_prediction	0.8408002254156101	0.8314765112143638
868	adapter_broad_prediction	0.8641870949563257	0.8512416139182774
869	adapter_broad_prediction	0.8515074668920822	0.8460917519157014
870	adapter_broad_prediction	0.8402366863905325	0.8305851376862664
871	adapter_broad_prediction	0.8672865595942519	0.8480377408592732
872	adapter_broad_prediction	0.8503803888419273	0.8394945271520768
873	adapter_broad_prediction	0.8368554522400676	0.8275323268917332
874	adapter_broad_prediction	0.8481262327416174	0.8279062056335562
875	adapter_broad_prediction	0.8512256973795436	0.8408474834046048
876	adapter_broad_prediction	0.8554522400676247	0.8412856765340267
877	adapter_broad_prediction	0.8568610876303184	0.8364323168373138
878	adapter_broad_prediction	0.8489715412792336	0.8322085995834559
879	adapter_broad_prediction	0.8436179205409975	0.8336524239483255
880	adapter_broad_prediction	0.8616511693434771	0.8496184068606908
881	adapter_broad_prediction	0.8464356156663849	0.8333268256045562
882	adapter_broad_prediction	0.8430543815159199	0.8387877072357373
883	adapter_broad_prediction	0.8393913778529163	0.8266368853055702
884	adapter_broad_prediction	0.8461538461538461	0.8230617963918615
885	adapter_broad_prediction	0.8568610876303184	0.8502879361452196
886	adapter_broad_prediction	0.8523527754296986	0.8360136239545648
887	adapter_broad_prediction	0.841927303465765	0.8226094525033165
888	adapter_broad_prediction	0.8450267681036912	0.8315194277384107
889	adapter_broad_prediction	0.8469991546914624	0.8313265032151177
890	adapter_broad_prediction	0.8571428571428571	0.831633744844553
891	adapter_broad_prediction	0.8498168498168498	0.8359923287302443
892	adapter_broad_prediction	0.8486897717666948	0.8300157302138628
893	adapter_broad_prediction	0.851789236404621	0.8471303427558772
894	adapter_broad_prediction	0.8546069315300084	0.8428124931667138
895	adapter_broad_prediction	0.8503803888419273	0.83492802702372
896	adapter_broad_prediction	0.8515074668920822	0.8334457769091065
897	adapter_broad_prediction	0.8503803888419273	0.8503567602009939
898	adapter_broad_prediction	0.8602423217807833	0.8572029081599167
899	adapter_broad_prediction	0.8577063961679346	0.8467955498887649
900	adapter_broad_prediction	0.8388278388278388	0.8257951351271885
901	adapter_broad_prediction	0.8520710059171598	0.8304704504172582
902	adapter_broad_prediction	0.8478444632290786	0.8323427895543656
903	adapter_broad_prediction	0.8554522400676247	0.8370561786181534
904	adapter_broad_prediction	0.8433361510284587	0.8318117095854918
905	adapter_broad_prediction	0.8453085376162299	0.822942641116498
906	adapter_broad_prediction	0.851789236404621	0.8419297912341465
907	adapter_broad_prediction	0.8500986193293886	0.8256638787873378
908	adapter_broad_prediction	0.8481262327416174	0.8281884752269095
909	adapter_broad_prediction	0.8430543815159199	0.8194204657640576
910	adapter_broad_prediction	0.8509439278670048	0.8287760870027393
911	adapter_broad_prediction	0.8427726120033813	0.8330176505977359
912	adapter_broad_prediction	0.8579881656804734	0.8466030460638698
913	adapter_broad_prediction	0.8520710059171598	0.8563314067593584
914	adapter_broad_prediction	0.8644688644688645	0.8535353396318192
915	adapter_broad_prediction	0.841927303465765	0.8325077799898845
916	adapter_broad_prediction	0.8416455339532263	0.8350699836990453
917	adapter_broad_prediction	0.849535080304311	0.8429864462929302
918	adapter_broad_prediction	0.8413637644406875	0.8312335432259674
919	adapter_broad_prediction	0.8571428571428571	0.8539969173194413
920	adapter_broad_prediction	0.8515074668920822	0.8334197804204843
921	adapter_broad_prediction	0.8512256973795436	0.830440434149413
922	adapter_broad_prediction	0.8571428571428571	0.8402684885125827
923	adapter_broad_prediction	0.8523527754296986	0.8488222762178712
924	adapter_broad_prediction	0.8455903071287687	0.828414057534704
925	adapter_broad_prediction	0.8520710059171598	0.8404490431323438
926	adapter_broad_prediction	0.8548887010425472	0.8418763697991596
927	adapter_broad_prediction	0.8382642998027613	0.8287889862541107
928	adapter_broad_prediction	0.8509439278670048	0.8347277899728892
929	adapter_broad_prediction	0.8546069315300084	0.8384330648179077
930	adapter_broad_prediction	0.8455903071287687	0.8325654076742793
931	adapter_broad_prediction	0.8472809242040011	0.827852680919046
932	adapter_broad_prediction	0.8534798534798534	0.8405074381828526
933	adapter_broad_prediction	0.8447449985911525	0.8311872226978029
934	adapter_broad_prediction	0.8422090729783037	0.8261157806396788
935	adapter_broad_prediction	0.8481262327416174	0.8251404466234954
936	adapter_broad_prediction	0.8424908424908425	0.8294353107894802
937	adapter_broad_prediction	0.8399549168779938	0.8114475849573377
938	adapter_broad_prediction	0.8624964778810933	0.8548224771190126
939	adapter_broad_prediction	0.8579881656804734	0.8442985018889209
940	adapter_broad_prediction	0.8579881656804734	0.837174907686595
941	adapter_broad_prediction	0.8489715412792336	0.8327658846135876
942	adapter_broad_prediction	0.8410819949281487	0.8386066004403478
943	adapter_broad_prediction	0.8433361510284587	0.8214410318223322
944	adapter_broad_prediction	0.8526345449422372	0.8536019647669791
945	adapter_broad_prediction	0.8447449985911525	0.8358489715772459
946	adapter_broad_prediction	0.849535080304311	0.8329792303246588
947	adapter_broad_prediction	0.8526345449422372	0.8520073754760767
948	adapter_broad_prediction	0.8453085376162299	0.832135194429848
949	adapter_broad_prediction	0.8396731473654551	0.835393392613
950	adapter_broad_prediction	0.8543251620174697	0.84406228890933
951	adapter_broad_prediction	0.8523527754296986	0.8340894462218745
952	adapter_broad_prediction	0.8433361510284587	0.8316157706033236
953	adapter_broad_prediction	0.8402366863905325	0.8182412094780205
954	adapter_broad_prediction	0.8588334742180896	0.8481464464127976
955	adapter_broad_prediction	0.8396731473654551	0.8197123543546567
956	adapter_broad_prediction	0.8478444632290786	0.8371849744912803
957	adapter_broad_prediction	0.8498168498168498	0.8368957125057948
958	adapter_broad_prediction	0.8622147083685545	0.8514416915213612
959	adapter_broad_prediction	0.8520710059171598	0.828436596494045
960	adapter_broad_prediction	0.851789236404621	0.8402368426389921
961	adapter_broad_prediction	0.850662158354466	0.8371730593677631
962	adapter_broad_prediction	0.8624964778810933	0.8551585468455697
963	adapter_broad_prediction	0.8475626937165399	0.8381467860760653
964	adapter_broad_prediction	0.849535080304311	0.8299825708479022
965	adapter_broad_prediction	0.8340377571146802	0.8088846918907816
966	adapter_broad_prediction	0.8644688644688645	0.849210152959525
967	adapter_broad_prediction	0.8486897717666948	0.8386639570066023
968	adapter_broad_prediction	0.8531980839673148	0.8364510187691454
969	adapter_broad_prediction	0.8557340095801634	0.8432335216092792
970	adapter_broad_prediction	0.8433361510284587	0.8293805216310076
971	adapter_broad_prediction	0.8546069315300084	0.8427292054461855
972	adapter_broad_prediction	0.8534798534798534	0.8324884638918961
973	adapter_broad_prediction	0.8450267681036912	0.8309290419419234
974	adapter_broad_prediction	0.8548887010425472	0.8466953012419927
975	adapter_broad_prediction	0.8512256973795436	0.8354717043896768
976	adapter_broad_prediction	0.8534798534798534	0.840041178335504
977	adapter_broad_prediction	0.8515074668920822	0.8362932852527682
978	adapter_broad_prediction	0.8554522400676247	0.8406860310473864
979	adapter_broad_prediction	0.8557340095801634	0.8447115408539059
980	adapter_broad_prediction	0.8537616229923922	0.8386760181041467
981	adapter_broad_prediction	0.8481262327416174	0.8218347166954245
982	adapter_broad_prediction	0.8512256973795436	0.8217423789451622
983	adapter_broad_prediction	0.8410819949281487	0.8307249226533869
984	adapter_broad_prediction	0.8430543815159199	0.8277133140538477
985	adapter_broad_prediction	0.8436179205409975	0.8318431876508077
986	adapter_broad_prediction	0.8447449985911525	0.8243939150021193
987	adapter_broad_prediction	0.8554522400676247	0.8416753705219442
988	adapter_broad_prediction	0.8582699351930121	0.838215591191641
989	adapter_broad_prediction	0.8433361510284587	0.8269192647716986
990	adapter_broad_prediction	0.854043392504931	0.8434281559282439
991	adapter_broad_prediction	0.8469991546914624	0.8284659623060409
992	adapter_broad_prediction	0.852916314454776	0.8404176493781828
993	adapter_broad_prediction	0.8461538461538461	0.8354879325774626
994	adapter_broad_prediction	0.8512256973795436	0.8316208767910067
995	adapter_broad_prediction	0.8410819949281487	0.8207261375940401
996	adapter_broad_prediction	0.8515074668920822	0.8281271504531406
997	adapter_broad_prediction	0.8602423217807833	0.8551482395405487
998	adapter_broad_prediction	0.8571428571428571	0.842993084906729
999	adapter_broad_prediction	0.8469991546914624	0.8335041236527339
1000	adapter_broad_prediction	0.8582699351930121	0.8421036295830518
1001	adapter_broad_prediction	0.8537616229923922	0.8359643750154655
1002	adapter_broad_prediction	0.8402366863905325	0.8150442732734671
1003	adapter_broad_prediction	0.8526345449422372	0.8356935784854324
1004	adapter_broad_prediction	0.8478444632290786	0.8356306112554142
1005	adapter_broad_prediction	0.854043392504931	0.8425355021785512
1006	adapter_broad_prediction	0.8478444632290786	0.8415972213099968
1007	adapter_broad_prediction	0.8523527754296986	0.8433718332682991
1008	adapter_broad_prediction	0.8526345449422372	0.8375984556415267
1009	adapter_broad_prediction	0.850662158354466	0.8378169979136846
1010	adapter_broad_prediction	0.8498168498168498	0.8329544155609178
1011	adapter_broad_prediction	0.8393913778529163	0.8286883176906865
1012	adapter_broad_prediction	0.8461538461538461	0.8260536127280922
1013	adapter_broad_prediction	0.851789236404621	0.8351355286335028
1014	adapter_broad_prediction	0.8467173851789236	0.8439434783992799
1015	adapter_broad_prediction	0.854043392504931	0.8337676347427724
1016	adapter_broad_prediction	0.8492533107917724	0.8278471238792436
1017	adapter_broad_prediction	0.8543251620174697	0.8379537353691408
1018	adapter_broad_prediction	0.8461538461538461	0.8477099673814577
1019	adapter_broad_prediction	0.8472809242040011	0.8446430162017249
1020	adapter_broad_prediction	0.8534798534798534	0.843183725655182
1021	adapter_broad_prediction	0.8481262327416174	0.8351737289231403
1022	adapter_broad_prediction	0.8523527754296986	0.8350093324543701
1023	adapter_broad_prediction	0.8486897717666948	0.8416215138120504
1024	adapter_broad_prediction	0.8531980839673148	0.8409779309708313
1025	adapter_broad_prediction	0.8560157790927022	0.8427915494602253
1026	adapter_broad_prediction	0.8402366863905325	0.8238415147576923
1027	adapter_broad_prediction	0.851789236404621	0.8406735291860337
1028	adapter_broad_prediction	0.8481262327416174	0.8350595983517017
1029	adapter_broad_prediction	0.8599605522682445	0.847058553169723
1030	adapter_broad_prediction	0.8486897717666948	0.8365327061810973
1031	adapter_broad_prediction	0.8467173851789236	0.8308260682150499
1032	adapter_broad_prediction	0.8402366863905325	0.8299895350048574
1033	adapter_broad_prediction	0.8489715412792336	0.8290848987959633
1034	adapter_broad_prediction	0.8484080022541561	0.836925641076348
1035	adapter_broad_prediction	0.8354466046773739	0.8147730069182517
1036	adapter_broad_prediction	0.8478444632290786	0.8343781639641981
1037	adapter_broad_prediction	0.8444632290786137	0.8338778012631136
1038	adapter_broad_prediction	0.841927303465765	0.8241192421493597
1039	adapter_broad_prediction	0.8531980839673148	0.8357112002173024
1040	adapter_broad_prediction	0.8500986193293886	0.8289789261375418
1041	adapter_broad_prediction	0.8500986193293886	0.8425514409455312
1042	adapter_broad_prediction	0.8608058608058609	0.8393032043433436
1043	adapter_broad_prediction	0.8526345449422372	0.8428079447346798
1044	adapter_broad_prediction	0.8503803888419273	0.8407568171973923
1045	adapter_broad_prediction	0.8436179205409975	0.8201589269017789
1046	adapter_broad_prediction	0.8475626937165399	0.8283494988297585
1047	adapter_broad_prediction	0.8467173851789236	0.8315253170794911
1048	adapter_broad_prediction	0.8436179205409975	0.8349649440324475
1049	adapter_broad_prediction	0.8453085376162299	0.8326731308975501
1050	adapter_broad_prediction	0.852916314454776	0.8424340641357395
1051	adapter_broad_prediction	0.8512256973795436	0.8502492374442662
1052	adapter_broad_prediction	0.8616511693434771	0.8467509202341512
1053	adapter_broad_prediction	0.8520710059171598	0.8378750794912619
1054	adapter_broad_prediction	0.854043392504931	0.8274876115518873
1055	adapter_broad_prediction	0.8588334742180896	0.8435594660389786
1056	adapter_broad_prediction	0.8492533107917724	0.8344926832076023
1057	adapter_broad_prediction	0.8593970132431671	0.8410584411056519
1058	adapter_broad_prediction	0.8379825302902226	0.8200084886690989
1059	adapter_broad_prediction	0.854043392504931	0.8599807625963394
1060	adapter_broad_prediction	0.849535080304311	0.8365226179178122
1061	adapter_broad_prediction	0.8481262327416174	0.8273157068850263
1062	adapter_broad_prediction	0.8498168498168498	0.8260545566284072
1063	adapter_broad_prediction	0.8368554522400676	0.8274867357868553
1064	adapter_broad_prediction	0.841927303465765	0.8326190992666678
1065	adapter_broad_prediction	0.8534798534798534	0.8455258868640083
1066	adapter_broad_prediction	0.8453085376162299	0.8231384270121218
1067	adapter_broad_prediction	0.8354466046773739	0.8192240143673228
1068	adapter_broad_prediction	0.8588334742180896	0.8417998814785465
1069	adapter_broad_prediction	0.8382642998027613	0.8305102547407548
1070	adapter_broad_prediction	0.8557340095801634	0.8272484071377232
1071	adapter_broad_prediction	0.8441814595660749	0.8231907321643789
1072	adapter_broad_prediction	0.8472809242040011	0.8316371139315395
1073	adapter_broad_prediction	0.8546069315300084	0.8398408226322684
1074	adapter_broad_prediction	0.849535080304311	0.8295050730075809
1075	adapter_broad_prediction	0.8436179205409975	0.8219103110390813
1076	adapter_broad_prediction	0.855170470555086	0.8364453617917542
1077	adapter_broad_prediction	0.8475626937165399	0.8451813008438134
1078	adapter_broad_prediction	0.8599605522682445	0.8220005807388994
1079	adapter_broad_prediction	0.8498168498168498	0.8440118774937361
1080	adapter_broad_prediction	0.8393913778529163	0.8155934275956153
1081	adapter_broad_prediction	0.850662158354466	0.8384662731296435
1082	adapter_broad_prediction	0.8593970132431671	0.8400532347363582
1083	adapter_broad_prediction	0.855170470555086	0.8443934027623857
1084	adapter_broad_prediction	0.8453085376162299	0.8309683101396491
1085	adapter_broad_prediction	0.8430543815159199	0.8238918187028631
1086	adapter_broad_prediction	0.8526345449422372	0.8375868461150354
1087	adapter_broad_prediction	0.8410819949281487	0.8345428673009915
1088	adapter_broad_prediction	0.8610876303183995	0.8355644242914992
1089	adapter_broad_prediction	0.8408002254156101	0.8382604282494667
1090	adapter_broad_prediction	0.8515074668920822	0.8372058823397014
1091	adapter_broad_prediction	0.8619329388560157	0.8572951932896558
1092	adapter_broad_prediction	0.852916314454776	0.8406905556968741
1093	adapter_broad_prediction	0.8498168498168498	0.8281586197926188
1094	adapter_broad_prediction	0.8492533107917724	0.8335640514607331
1095	adapter_broad_prediction	0.8546069315300084	0.8434705596768888
1096	adapter_broad_prediction	0.8464356156663849	0.8286013936083216
1097	adapter_broad_prediction	0.851789236404621	0.8397721170499995
1098	adapter_broad_prediction	0.8503803888419273	0.8437427872082635
1099	adapter_broad_prediction	0.8374189912651451	0.827272517059128
1100	adapter_broad_prediction	0.8546069315300084	0.8353286050759712
1101	adapter_broad_prediction	0.8537616229923922	0.8441825994809328
1102	adapter_broad_prediction	0.8534798534798534	0.8378916270907322
1103	adapter_broad_prediction	0.8241758241758241	0.7970104685607016
1104	adapter_broad_prediction	0.8472809242040011	0.8461771747742635
1105	adapter_broad_prediction	0.852916314454776	0.8407650240028884
1106	adapter_broad_prediction	0.854043392504931	0.8493655507866344
1107	adapter_broad_prediction	0.8503803888419273	0.8389825068639386
1108	adapter_broad_prediction	0.8486897717666948	0.8193296283546851
1109	adapter_broad_prediction	0.8438996900535362	0.824594363209218
1110	adapter_broad_prediction	0.8455903071287687	0.8354003586765011
1111	adapter_broad_prediction	0.8441814595660749	0.8279660714143642
1112	adapter_broad_prediction	0.854043392504931	0.8467382176284243
1113	adapter_broad_prediction	0.8365736827275289	0.815001790732247
1114	adapter_broad_prediction	0.8588334742180896	0.8514853320826792
1115	adapter_broad_prediction	0.8469991546914624	0.836848592667691
1116	adapter_broad_prediction	0.8498168498168498	0.8398340178346094
1117	adapter_broad_prediction	0.8458720766413074	0.8338068387581347
1118	adapter_broad_prediction	0.8557340095801634	0.8356958135153256
1119	adapter_broad_prediction	0.8475626937165399	0.8298731083299972
1120	adapter_broad_prediction	0.8520710059171598	0.843981083804923
1121	adapter_broad_prediction	0.8512256973795436	0.8367552032168202
1122	adapter_broad_prediction	0.852916314454776	0.8343784535341315
1123	adapter_broad_prediction	0.850662158354466	0.8385611958760645
1124	adapter_broad_prediction	0.8515074668920822	0.838686051307589
1125	adapter_broad_prediction	0.8593970132431671	0.8341455865064775
1126	adapter_broad_prediction	0.8469991546914624	0.8294864212508856
1127	adapter_broad_prediction	0.849535080304311	0.8245282409641757
1128	adapter_broad_prediction	0.8512256973795436	0.8346081211401497
1129	adapter_broad_prediction	0.8484080022541561	0.8346828555603386
1130	adapter_broad_prediction	0.8444632290786137	0.830573415705923
1131	adapter_broad_prediction	0.8619329388560157	0.8477879276822383
1132	adapter_broad_prediction	0.8531980839673148	0.8392107012063175
1133	adapter_broad_prediction	0.8484080022541561	0.8353272825885322
1134	adapter_broad_prediction	0.8531980839673148	0.8293530523328224
1135	adapter_broad_prediction	0.8574246266553959	0.8476590731466347
1136	adapter_broad_prediction	0.8489715412792336	0.8413402303866832
1137	adapter_broad_prediction	0.8520710059171598	0.8289326931752967
1138	adapter_broad_prediction	0.8391096083403776	0.8208717864775232
1139	adapter_broad_prediction	0.8548887010425472	0.8419355627961268
1140	adapter_broad_prediction	0.854043392504931	0.8474297331340226
1141	adapter_broad_prediction	0.8391096083403776	0.8238781072895099
1142	adapter_broad_prediction	0.8399549168779938	0.8287578896924298
1143	adapter_broad_prediction	0.8467173851789236	0.8282329232614545
1144	adapter_broad_prediction	0.841927303465765	0.8294485140762538
1145	adapter_broad_prediction	0.8250211327134404	0.8111490734026834
1146	adapter_broad_prediction	0.8548887010425472	0.837187116832137
1147	adapter_broad_prediction	0.8438996900535362	0.8340450807454666
1148	adapter_broad_prediction	0.8543251620174697	0.8449690060101063
1149	adapter_broad_prediction	0.8385460693153001	0.8153446116891429
1150	adapter_broad_prediction	0.8537616229923922	0.8355345920220124
1151	adapter_broad_prediction	0.8453085376162299	0.8249677700962426
1152	adapter_broad_prediction	0.851789236404621	0.838310626345552
1153	adapter_broad_prediction	0.8478444632290786	0.8266836004935743
1154	adapter_broad_prediction	0.8402366863905325	0.8194512305637467
1155	adapter_broad_prediction	0.8526345449422372	0.8519483490939486
1156	adapter_broad_prediction	0.8515074668920822	0.8422104787466799
1157	adapter_broad_prediction	0.8438996900535362	0.825923115306147
1158	adapter_broad_prediction	0.8562975486052409	0.8428279238802056
1159	adapter_broad_prediction	0.8515074668920822	0.8443064004303367
1160	adapter_broad_prediction	0.8481262327416174	0.8310280324612821
1161	adapter_broad_prediction	0.8458720766413074	0.8330002327126417
1162	adapter_broad_prediction	0.8534798534798534	0.8461504261854376
1163	adapter_broad_prediction	0.8467173851789236	0.8322336668241792
1164	adapter_broad_prediction	0.8424908424908425	0.8281357383736034
1165	adapter_broad_prediction	0.8469991546914624	0.8418025875995612
1166	adapter_broad_prediction	0.8416455339532263	0.830032955869771
1167	adapter_broad_prediction	0.850662158354466	0.8409891340131432
1168	adapter_broad_prediction	0.8444632290786137	0.8410637973370854
1169	adapter_broad_prediction	0.8605240912933221	0.8446613214336489
1170	adapter_broad_prediction	0.8503803888419273	0.8336316824672151
1171	adapter_broad_prediction	0.8486897717666948	0.836817561491206
1172	adapter_broad_prediction	0.851789236404621	0.8267167605954023
1173	adapter_broad_prediction	0.8430543815159199	0.8314668011624435
1174	adapter_broad_prediction	0.841927303465765	0.8207864344259355
1175	adapter_broad_prediction	0.8433361510284587	0.8286858162276655
1176	adapter_broad_prediction	0.8520710059171598	0.8321816000699099
1177	adapter_broad_prediction	0.8455903071287687	0.829348543221694
1178	adapter_broad_prediction	0.8441814595660749	0.8336515826457891
1179	adapter_broad_prediction	0.8537616229923922	0.8419027199985545
1180	adapter_broad_prediction	0.8469991546914624	0.8215337702592247
1181	adapter_broad_prediction	0.8500986193293886	0.8443143630555172
1182	adapter_broad_prediction	0.8568610876303184	0.8446719538618664
1183	adapter_broad_prediction	0.8531980839673148	0.8382533910632164
1184	adapter_broad_prediction	0.8458720766413074	0.8393376909896284
1185	adapter_broad_prediction	0.8371372217526064	0.8230336992281087
1186	adapter_broad_prediction	0.8467173851789236	0.8249641728287054
1187	adapter_broad_prediction	0.8472809242040011	0.8372874772380451
1188	adapter_broad_prediction	0.8534798534798534	0.8328923370157298
1189	adapter_broad_prediction	0.8526345449422372	0.8372286864384906
1190	adapter_broad_prediction	0.8436179205409975	0.8356441122093423
1191	adapter_broad_prediction	0.8453085376162299	0.8420862074619249
1192	adapter_broad_prediction	0.8548887010425472	0.8433540689279425
1193	adapter_broad_prediction	0.8486897717666948	0.8358364632703358
1194	adapter_broad_prediction	0.8526345449422372	0.8354410617172612
1195	adapter_broad_prediction	0.8464356156663849	0.8260243652398038
1196	adapter_broad_prediction	0.8422090729783037	0.8328106569822028
1197	adapter_broad_prediction	0.8467173851789236	0.8368574642166854
1198	adapter_broad_prediction	0.8562975486052409	0.8395017146469955
1199	adapter_broad_prediction	0.8509439278670048	0.8447928923751993
1200	adapter_broad_prediction	0.8503803888419273	0.8399544027482275
1201	adapter_broad_prediction	0.8560157790927022	0.8419452380692689
1202	adapter_broad_prediction	0.8546069315300084	0.8363011839059545
1203	adapter_broad_prediction	0.8523527754296986	0.8321807008851531
1204	adapter_broad_prediction	0.854043392504931	0.8423275149867322
1205	adapter_broad_prediction	0.8481262327416174	0.8303621795128313
1206	adapter_broad_prediction	0.8472809242040011	0.833191290892346
1207	adapter_broad_prediction	0.8461538461538461	0.8298463655608692
1208	adapter_broad_prediction	0.8464356156663849	0.8355646655012763
1209	adapter_broad_prediction	0.8360101437024514	0.8207637149647782
1210	adapter_broad_prediction	0.8503803888419273	0.8412711049144319
1211	adapter_broad_prediction	0.8464356156663849	0.8335698217111913
1212	adapter_broad_prediction	0.8531980839673148	0.8385883679989462
1213	adapter_broad_prediction	0.8599605522682445	0.8400656635393364
1214	adapter_broad_prediction	0.8391096083403776	0.819400056737161
1215	adapter_broad_prediction	0.8391096083403776	0.8247543274421847
1216	adapter_broad_prediction	0.851789236404621	0.8433369166690483
1217	adapter_broad_prediction	0.8548887010425472	0.8386710505786077
1218	adapter_broad_prediction	0.8481262327416174	0.8420337815193548
1219	adapter_broad_prediction	0.8455903071287687	0.8346452646259068
1220	adapter_broad_prediction	0.849535080304311	0.8329703621487996
1221	adapter_broad_prediction	0.8405184559030713	0.8223355715854662
1222	adapter_broad_prediction	0.8492533107917724	0.835251539313345
1223	adapter_broad_prediction	0.850662158354466	0.8421482932188791
1224	adapter_broad_prediction	0.8523527754296986	0.843360127004823
1225	adapter_broad_prediction	0.8408002254156101	0.822698212154412
1226	adapter_broad_prediction	0.8453085376162299	0.8351504893959536
1227	adapter_broad_prediction	0.8548887010425472	0.8417450448317844
1228	adapter_broad_prediction	0.8382642998027613	0.8277160791130698
1229	adapter_broad_prediction	0.8500986193293886	0.8327770682813467
1230	adapter_broad_prediction	0.852916314454776	0.8420847107233655
1231	adapter_broad_prediction	0.8478444632290786	0.8396223378417638
1232	adapter_broad_prediction	0.851789236404621	0.8391996711066364
1233	adapter_broad_prediction	0.8393913778529163	0.8231240084869136
1234	adapter_broad_prediction	0.8543251620174697	0.8492045632849647
1235	adapter_broad_prediction	0.8492533107917724	0.835919199307337
1236	adapter_broad_prediction	0.8467173851789236	0.8338953491263552
1237	adapter_broad_prediction	0.8475626937165399	0.8363618904344869
1238	adapter_broad_prediction	0.8408002254156101	0.825996196202399
1239	adapter_broad_prediction	0.8484080022541561	0.8365932222420213
1240	adapter_broad_prediction	0.8399549168779938	0.8339780864250143
1241	adapter_broad_prediction	0.8489715412792336	0.8311548156337369
1242	adapter_broad_prediction	0.8464356156663849	0.8303389919479974
1243	adapter_broad_prediction	0.8582699351930121	0.8466005228017346
1244	adapter_broad_prediction	0.8520710059171598	0.8422091342937534
1245	adapter_broad_prediction	0.8475626937165399	0.8349437946244718
1246	adapter_broad_prediction	0.8410819949281487	0.8219829921520112
1247	adapter_broad_prediction	0.8492533107917724	0.8231393080470543
1248	adapter_broad_prediction	0.851789236404621	0.8329626914950305
1249	adapter_broad_prediction	0.8461538461538461	0.838160803931127
1250	adapter_broad_prediction	0.8441814595660749	0.8312935584133028
1251	adapter_broad_prediction	0.849535080304311	0.8312803257020761
1252	adapter_broad_prediction	0.8593970132431671	0.8406219363762173
1253	adapter_broad_prediction	0.8422090729783037	0.8371350408430629
1254	adapter_broad_prediction	0.8447449985911525	0.8142738212439824
1255	adapter_broad_prediction	0.8377007607776839	0.8208957155117587
1256	adapter_broad_prediction	0.8503803888419273	0.8413926813194911
1257	adapter_broad_prediction	0.8478444632290786	0.8385843452986483
1258	adapter_broad_prediction	0.8531980839673148	0.8421212772660926
1259	adapter_broad_prediction	0.8560157790927022	0.8356307460478597
1260	adapter_broad_prediction	0.8571428571428571	0.8495968704334494
1261	adapter_broad_prediction	0.8520710059171598	0.8274720846595198
1262	adapter_broad_prediction	0.8503803888419273	0.8314656591447507
1263	adapter_broad_prediction	0.8464356156663849	0.836488204748222
1264	adapter_broad_prediction	0.8500986193293886	0.8541050809006535
1265	adapter_broad_prediction	0.8593970132431671	0.8515819373598059
1266	adapter_broad_prediction	0.8475626937165399	0.8436020646668692
1267	adapter_broad_prediction	0.8430543815159199	0.8327021773466654
1268	adapter_broad_prediction	0.8546069315300084	0.845203776031686
1269	adapter_broad_prediction	0.8489715412792336	0.8339558025773324
1270	adapter_broad_prediction	0.855170470555086	0.8319964936591715
1271	adapter_broad_prediction	0.8458720766413074	0.8301108583070214
1272	adapter_broad_prediction	0.852916314454776	0.8403313953041301
1273	adapter_broad_prediction	0.852916314454776	0.8438560565681591
1274	adapter_broad_prediction	0.8616511693434771	0.8539060405212211
1275	adapter_broad_prediction	0.8469991546914624	0.8165521783611641
1276	adapter_broad_prediction	0.8475626937165399	0.8307477364512328
1277	adapter_broad_prediction	0.8503803888419273	0.8386179033946177
1278	adapter_broad_prediction	0.8430543815159199	0.8285929101089984
1279	adapter_broad_prediction	0.8447449985911525	0.8351992817269362
1280	adapter_broad_prediction	0.852916314454776	0.8500794937953146
1281	adapter_broad_prediction	0.8509439278670048	0.8333292390817286
1282	adapter_broad_prediction	0.850662158354466	0.8375441461141554
1283	adapter_broad_prediction	0.8526345449422372	0.8346335317917563
1284	adapter_broad_prediction	0.8461538461538461	0.8277888288291113
1285	adapter_broad_prediction	0.841927303465765	0.8332276022495332
1286	adapter_broad_prediction	0.8469991546914624	0.8307041998690323
1287	adapter_broad_prediction	0.852916314454776	0.8351396831491344
1288	adapter_broad_prediction	0.8472809242040011	0.8372651950422867
1289	adapter_broad_prediction	0.8478444632290786	0.834821338446185
1290	adapter_broad_prediction	0.8481262327416174	0.8469793830489485
1291	adapter_broad_prediction	0.8388278388278388	0.8176549451429663
1292	adapter_broad_prediction	0.8430543815159199	0.8292095299408573
1293	adapter_broad_prediction	0.8469991546914624	0.838044278911679
1294	adapter_broad_prediction	0.8469991546914624	0.8361847957206777
1295	adapter_broad_prediction	0.8484080022541561	0.835383301557137
1296	adapter_broad_prediction	0.8622147083685545	0.8493582925613896
1297	adapter_broad_prediction	0.8500986193293886	0.8400518527830613
1298	adapter_broad_prediction	0.8509439278670048	0.8392021848594288
1299	adapter_broad_prediction	0.8408002254156101	0.8223716635451241
1300	adapter_broad_prediction	0.8526345449422372	0.8343303307461547
1301	adapter_broad_prediction	0.8385460693153001	0.8276671813991067
1302	adapter_broad_prediction	0.8554522400676247	0.8312118965786134
1303	adapter_broad_prediction	0.8579881656804734	0.8416312541738028
1304	adapter_broad_prediction	0.8591152437306283	0.8490774230201928
1305	adapter_broad_prediction	0.8472809242040011	0.8383829024718648
1306	adapter_broad_prediction	0.8450267681036912	0.832738523883908
1307	adapter_broad_prediction	0.8475626937165399	0.8393131715692805
1308	adapter_broad_prediction	0.855170470555086	0.852396974367017
1309	adapter_broad_prediction	0.8379825302902226	0.8197000265474026
1310	adapter_broad_prediction	0.8591152437306283	0.8461922079168074
1311	adapter_broad_prediction	0.8427726120033813	0.8309708925757324
1312	adapter_broad_prediction	0.8464356156663849	0.8423786504479865
1313	adapter_broad_prediction	0.8591152437306283	0.8490178214854819
1314	adapter_broad_prediction	0.8509439278670048	0.8385579894527215
1315	adapter_broad_prediction	0.849535080304311	0.8295965575698909
1316	adapter_broad_prediction	0.8416455339532263	0.8197192199130721
1317	adapter_broad_prediction	0.8486897717666948	0.8372357885525139
1318	adapter_broad_prediction	0.8469991546914624	0.8428951522760034
1319	adapter_broad_prediction	0.8520710059171598	0.8276879247544677
1320	adapter_broad_prediction	0.8360101437024514	0.8248819546803056
1321	adapter_broad_prediction	0.8503803888419273	0.8345682224330003
1322	adapter_broad_prediction	0.855170470555086	0.8340519763497426
1323	adapter_broad_prediction	0.8531980839673148	0.8295672067940622
1324	adapter_broad_prediction	0.8444632290786137	0.8247031988876905
1325	adapter_broad_prediction	0.8447449985911525	0.8325396245769079
1326	adapter_broad_prediction	0.8422090729783037	0.8207231978856109
1327	adapter_broad_prediction	0.8405184559030713	0.8196238781850212
1328	adapter_broad_prediction	0.8498168498168498	0.844335579159827
1329	adapter_broad_prediction	0.8560157790927022	0.8343915376826061
1330	adapter_broad_prediction	0.8475626937165399	0.8300934480491083
1331	adapter_broad_prediction	0.8534798534798534	0.8375320074938543
1332	adapter_broad_prediction	0.8498168498168498	0.8367445627538481
1333	adapter_broad_prediction	0.8453085376162299	0.8257109245834624
1334	adapter_broad_prediction	0.849535080304311	0.8398848518007617
1335	adapter_broad_prediction	0.8469991546914624	0.8311368076222763
1336	adapter_broad_prediction	0.854043392504931	0.8401913999942359
1337	adapter_broad_prediction	0.8500986193293886	0.8435414201796828
1338	adapter_broad_prediction	0.8453085376162299	0.8448179731015161
1339	adapter_broad_prediction	0.8422090729783037	0.8176071091478052
1340	adapter_broad_prediction	0.8444632290786137	0.8357209285709077
1341	adapter_broad_prediction	0.8554522400676247	0.8403476575833733
1342	adapter_broad_prediction	0.8582699351930121	0.8462105163585483
1343	adapter_broad_prediction	0.8526345449422372	0.8326162408363968
1344	adapter_broad_prediction	0.8450267681036912	0.8219587246913631
1345	adapter_broad_prediction	0.8467173851789236	0.8234146635214262
1346	adapter_broad_prediction	0.8531980839673148	0.8374956946163035
1347	adapter_broad_prediction	0.8441814595660749	0.8340946295792795
1348	adapter_broad_prediction	0.8458720766413074	0.8334454574441305
1349	adapter_broad_prediction	0.8574246266553959	0.8462216862716512
1350	adapter_broad_prediction	0.8478444632290786	0.8244718650949622
1351	adapter_broad_prediction	0.8531980839673148	0.8437695396686975
1352	adapter_broad_prediction	0.8543251620174697	0.840256271214068
1353	adapter_broad_prediction	0.8602423217807833	0.8500673522738917
1354	adapter_broad_prediction	0.8486897717666948	0.8236821909496431
1355	adapter_broad_prediction	0.8464356156663849	0.8241506388359904
1356	adapter_broad_prediction	0.8695407156945618	0.8442602219041859
1357	adapter_broad_prediction	0.850662158354466	0.8379746158098706
1358	adapter_broad_prediction	0.8393913778529163	0.8298647916093461
1359	adapter_broad_prediction	0.8548887010425472	0.8448822059852489
1360	adapter_broad_prediction	0.8588334742180896	0.8481521692440086
1361	adapter_broad_prediction	0.8537616229923922	0.8465323462080339
1362	adapter_broad_prediction	0.8500986193293886	0.8360026997218821
1363	adapter_broad_prediction	0.851789236404621	0.8376539787910777
1364	adapter_broad_prediction	0.8458720766413074	0.8273366997783625
1365	adapter_broad_prediction	0.8562975486052409	0.8526254301311607
1366	adapter_broad_prediction	0.8430543815159199	0.8348852095834142
1367	adapter_broad_prediction	0.8478444632290786	0.8296101569205392
1368	adapter_broad_prediction	0.852916314454776	0.842273261204159
1369	adapter_broad_prediction	0.8489715412792336	0.8332524048222238
1370	adapter_broad_prediction	0.8405184559030713	0.8240673844087656
1371	adapter_broad_prediction	0.8382642998027613	0.8255191909942352
1372	adapter_broad_prediction	0.855170470555086	0.8461613158017208
1373	adapter_broad_prediction	0.8481262327416174	0.8307864445021014
1374	adapter_broad_prediction	0.8472809242040011	0.8318931452068229
1375	adapter_broad_prediction	0.8438996900535362	0.8283550153681665
1376	adapter_broad_prediction	0.854043392504931	0.8499978238237919
1377	adapter_broad_prediction	0.8436179205409975	0.8273119581617305
1378	adapter_broad_prediction	0.8534798534798534	0.8316282669375784
1379	adapter_broad_prediction	0.8396731473654551	0.828033298937185
1380	adapter_broad_prediction	0.8464356156663849	0.8391846323204941
1381	adapter_broad_prediction	0.8548887010425472	0.8263051440207402
1382	adapter_broad_prediction	0.8503803888419273	0.8317078798779247
1383	adapter_broad_prediction	0.8486897717666948	0.8317603197835298
1384	adapter_broad_prediction	0.8526345449422372	0.8452319089109184
1385	adapter_broad_prediction	0.8444632290786137	0.8341836516279733
1386	adapter_broad_prediction	0.8413637644406875	0.8284047936400414
1387	adapter_broad_prediction	0.8469991546914624	0.833460429308993
1388	adapter_broad_prediction	0.8467173851789236	0.8416256181310571
1389	adapter_broad_prediction	0.8416455339532263	0.8308627829816814
1390	adapter_broad_prediction	0.8382642998027613	0.8303756932985313
1391	adapter_broad_prediction	0.8467173851789236	0.825305395521362
1392	adapter_broad_prediction	0.8438996900535362	0.8269590338064997
1393	adapter_broad_prediction	0.8484080022541561	0.8309615849977117
1394	adapter_broad_prediction	0.8591152437306283	0.8423917841104345
1395	adapter_broad_prediction	0.8481262327416174	0.8382131974351872
1396	adapter_broad_prediction	0.8568610876303184	0.8522466117968349
1397	adapter_broad_prediction	0.8453085376162299	0.8250783276925737
1398	adapter_broad_prediction	0.8486897717666948	0.8317841549649906
1399	adapter_broad_prediction	0.855170470555086	0.8457167595323927
1400	adapter_broad_prediction	0.8469991546914624	0.8408140740027644
1401	adapter_broad_prediction	0.8512256973795436	0.8281396860286158
1402	adapter_broad_prediction	0.8472809242040011	0.8222034169391905
1403	adapter_broad_prediction	0.8461538461538461	0.831922028953813
1404	adapter_broad_prediction	0.8560157790927022	0.8356822434221763
1405	adapter_broad_prediction	0.8475626937165399	0.8401802557257737
1406	adapter_broad_prediction	0.8424908424908425	0.8304181861248479
1407	adapter_broad_prediction	0.8515074668920822	0.830232522203495
1408	adapter_broad_prediction	0.8562975486052409	0.8406954127863147
1409	adapter_broad_prediction	0.8396731473654551	0.8194251658640045
1410	adapter_broad_prediction	0.8523527754296986	0.8431406525818457
1411	adapter_broad_prediction	0.8523527754296986	0.8330147669982777
1412	adapter_broad_prediction	0.8424908424908425	0.833062449804266
1413	adapter_broad_prediction	0.8478444632290786	0.8358044247569083
1414	adapter_broad_prediction	0.8461538461538461	0.8401289008426158
1415	adapter_broad_prediction	0.8469991546914624	0.8343161482472654
1416	adapter_broad_prediction	0.8498168498168498	0.8368589143432497
1417	adapter_broad_prediction	0.8554522400676247	0.8312657331557156
1418	adapter_broad_prediction	0.8455903071287687	0.824704308528931
1419	adapter_broad_prediction	0.8478444632290786	0.836316046515998
1420	adapter_broad_prediction	0.8447449985911525	0.8290184127088172
1421	adapter_broad_prediction	0.8433361510284587	0.8259525740191187
1422	adapter_broad_prediction	0.8653141730064807	0.843800872244385
1423	adapter_broad_prediction	0.8422090729783037	0.8252535270254955
1424	adapter_broad_prediction	0.841927303465765	0.837968934004401
1425	adapter_broad_prediction	0.8475626937165399	0.833420970112385
1426	adapter_broad_prediction	0.8531980839673148	0.83513768665231
1427	adapter_broad_prediction	0.8447449985911525	0.8309242735310589
1428	adapter_broad_prediction	0.8447449985911525	0.8286753126059081
1429	adapter_broad_prediction	0.8424908424908425	0.8301142238291428
1430	adapter_broad_prediction	0.8492533107917724	0.8402539282095228
1431	adapter_broad_prediction	0.8520710059171598	0.8349819436751279
1432	adapter_broad_prediction	0.8422090729783037	0.8377287453453286
1433	adapter_broad_prediction	0.8515074668920822	0.8439720394590473
1434	adapter_broad_prediction	0.855170470555086	0.847321439696929
1435	adapter_broad_prediction	0.8557340095801634	0.8412180601330782
1436	adapter_broad_prediction	0.8582699351930121	0.8497843773337721
1437	adapter_broad_prediction	0.8450267681036912	0.8262955362502046
1438	adapter_broad_prediction	0.8433361510284587	0.8335874568458443
1439	adapter_broad_prediction	0.8543251620174697	0.8381573701281468
1440	adapter_broad_prediction	0.8486897717666948	0.8392291113582117
1441	adapter_broad_prediction	0.8619329388560157	0.8527682190781996
1442	adapter_broad_prediction	0.8458720766413074	0.8314016254343641
1443	adapter_broad_prediction	0.8408002254156101	0.8228329052639008
1444	adapter_broad_prediction	0.8498168498168498	0.8374838402380419
1445	adapter_broad_prediction	0.8588334742180896	0.8390701085469076
1446	adapter_broad_prediction	0.8568610876303184	0.8334170938195063
1447	adapter_broad_prediction	0.8534798534798534	0.8328498047785278
1448	adapter_broad_prediction	0.8393913778529163	0.827343421968733
1449	adapter_broad_prediction	0.8593970132431671	0.8474527981177771
1450	adapter_broad_prediction	0.8469991546914624	0.8343193823968591
1451	adapter_broad_prediction	0.8582699351930121	0.8520078694057671
1452	adapter_broad_prediction	0.8486897717666948	0.837535435981269
1453	adapter_broad_prediction	0.8523527754296986	0.8297380690216045
1454	adapter_broad_prediction	0.8498168498168498	0.8403273905398423
1455	adapter_broad_prediction	0.8613693998309383	0.8519464405103154
1456	adapter_broad_prediction	0.8500986193293886	0.8368444758774206
1457	adapter_broad_prediction	0.8424908424908425	0.806112832434118
1458	adapter_broad_prediction	0.8500986193293886	0.8399836527795138
1459	adapter_broad_prediction	0.8560157790927022	0.8462890486100759
1460	adapter_broad_prediction	0.855170470555086	0.8381286725608647
1461	adapter_broad_prediction	0.8444632290786137	0.8345608293436158
1462	adapter_broad_prediction	0.851789236404621	0.8392554714002234
1463	adapter_broad_prediction	0.850662158354466	0.8435687885208905
1464	adapter_broad_prediction	0.8455903071287687	0.832334557239505
1465	adapter_broad_prediction	0.8537616229923922	0.8367998038656911
1466	adapter_broad_prediction	0.8489715412792336	0.8512408153620854
1467	adapter_broad_prediction	0.8509439278670048	0.8463058153609333
1468	adapter_broad_prediction	0.8526345449422372	0.8372976564761603
1469	adapter_broad_prediction	0.8410819949281487	0.830269843901922
1470	adapter_broad_prediction	0.850662158354466	0.8399653605628876
1471	adapter_broad_prediction	0.8450267681036912	0.8320357243517031
1472	adapter_broad_prediction	0.8464356156663849	0.8326081899360821
1473	adapter_broad_prediction	0.8486897717666948	0.8445626259268243
1474	adapter_broad_prediction	0.8546069315300084	0.8432085348357721
1475	adapter_broad_prediction	0.8444632290786137	0.8363291704071856
1476	adapter_broad_prediction	0.8520710059171598	0.839290126124995
1477	adapter_broad_prediction	0.8577063961679346	0.83895268323525
1478	adapter_broad_prediction	0.8616511693434771	0.8544307649208427
1479	adapter_broad_prediction	0.8422090729783037	0.8224269043614285
1480	adapter_broad_prediction	0.8458720766413074	0.8316401472904544
1481	adapter_broad_prediction	0.8546069315300084	0.8294404963191525
1482	adapter_broad_prediction	0.8472809242040011	0.8387227141509447
1483	adapter_broad_prediction	0.8461538461538461	0.8192810781975164
1484	adapter_broad_prediction	0.8422090729783037	0.8300105987664883
1485	adapter_broad_prediction	0.8560157790927022	0.8514706422201279
1486	adapter_broad_prediction	0.8413637644406875	0.8249648309486561
1487	adapter_broad_prediction	0.851789236404621	0.8283573274502908
1488	adapter_broad_prediction	0.8520710059171598	0.843333789044087
1489	adapter_broad_prediction	0.8461538461538461	0.8193678219571611
1490	adapter_broad_prediction	0.8292476754015216	0.7988870306933397
1491	adapter_broad_prediction	0.8469991546914624	0.8283488738628135
1492	adapter_broad_prediction	0.8531980839673148	0.8379593229071128
1493	adapter_broad_prediction	0.8498168498168498	0.8401639857924282
1494	adapter_broad_prediction	0.8416455339532263	0.8147153238450094
1495	adapter_broad_prediction	0.841927303465765	0.8235482996281809
1496	adapter_broad_prediction	0.8410819949281487	0.8285138289401937
1497	adapter_broad_prediction	0.8377007607776839	0.8247713401068346
1498	adapter_broad_prediction	0.8484080022541561	0.8330099695793285
1499	adapter_broad_prediction	0.8481262327416174	0.8352034491792535
1500	adapter_broad_prediction	0.8478444632290786	0.8355255703793516
1501	adapter_broad_prediction	0.855170470555086	0.8485209071069363
1502	adapter_broad_prediction	0.8430543815159199	0.8266100407504636
1503	adapter_broad_prediction	0.8565793181177797	0.828427854841349
1504	adapter_broad_prediction	0.8427726120033813	0.8237577520356579
1505	adapter_broad_prediction	0.8467173851789236	0.8274344545561615
1506	adapter_broad_prediction	0.8461538461538461	0.8341247238593968
1507	adapter_broad_prediction	0.8593970132431671	0.8346928097325289
1508	adapter_broad_prediction	0.8402366863905325	0.8293258718612663
1509	adapter_broad_prediction	0.8478444632290786	0.8353652105745576
1510	adapter_broad_prediction	0.8500986193293886	0.8266637719107427
1511	adapter_broad_prediction	0.8515074668920822	0.8359245514164633
1512	adapter_broad_prediction	0.8489715412792336	0.8412707168604587
1513	adapter_broad_prediction	0.852916314454776	0.8298545208018833
1514	adapter_broad_prediction	0.8484080022541561	0.8311018484856314
1515	adapter_broad_prediction	0.8560157790927022	0.8517227515284567
1516	adapter_broad_prediction	0.850662158354466	0.8259847236412158
1517	adapter_broad_prediction	0.8396731473654551	0.8157088380825191
1518	adapter_broad_prediction	0.8427726120033813	0.8330836286517433
1519	adapter_broad_prediction	0.8554522400676247	0.8581160399236232
1520	adapter_broad_prediction	0.8340377571146802	0.8105751718827504
1521	adapter_broad_prediction	0.8562975486052409	0.844757896916396
1522	adapter_broad_prediction	0.8500986193293886	0.8359516886712921
1523	adapter_broad_prediction	0.8577063961679346	0.8403078785305521
1524	adapter_broad_prediction	0.8453085376162299	0.8342572336487255
1525	adapter_broad_prediction	0.8399549168779938	0.8287298350015323
1526	adapter_broad_prediction	0.8478444632290786	0.828437924798
1527	adapter_broad_prediction	0.8531980839673148	0.8390007021143967
1528	adapter_broad_prediction	0.8585517047055509	0.8367021100377352
1529	adapter_broad_prediction	0.8605240912933221	0.8521257981381307
1530	adapter_broad_prediction	0.8472809242040011	0.840193910051336
1531	adapter_broad_prediction	0.8444632290786137	0.8418276987775893
1532	adapter_broad_prediction	0.850662158354466	0.8389551466050751
1533	adapter_broad_prediction	0.8385460693153001	0.8245824181706649
1534	adapter_broad_prediction	0.852916314454776	0.8555621313226689
1535	adapter_broad_prediction	0.8562975486052409	0.8394574293831187
1536	adapter_broad_prediction	0.8582699351930121	0.8360447411985412
1537	adapter_broad_prediction	0.8509439278670048	0.8287011320578532
1538	adapter_broad_prediction	0.8438996900535362	0.837319354984286
1539	adapter_broad_prediction	0.850662158354466	0.8317897442141362
1540	adapter_broad_prediction	0.8481262327416174	0.8264206820772955
1541	adapter_broad_prediction	0.8391096083403776	0.8172508151037496
1542	adapter_broad_prediction	0.8498168498168498	0.8360873410405938
1543	adapter_broad_prediction	0.8512256973795436	0.8461339077308688
1544	adapter_broad_prediction	0.8424908424908425	0.8386465654831403
1545	adapter_broad_prediction	0.841927303465765	0.8316375912686114
1546	adapter_broad_prediction	0.8455903071287687	0.8323155633188272
1547	adapter_broad_prediction	0.8565793181177797	0.8274377311656389
1548	adapter_broad_prediction	0.8492533107917724	0.8350089307204863
1549	adapter_broad_prediction	0.8512256973795436	0.8374129585159483
1550	adapter_broad_prediction	0.8461538461538461	0.8245590538956327
1551	adapter_broad_prediction	0.8484080022541561	0.8372660187349051
1552	adapter_broad_prediction	0.8444632290786137	0.8422367447873562
1553	adapter_broad_prediction	0.8554522400676247	0.8504275685722396
1554	adapter_broad_prediction	0.8458720766413074	0.8362880793289336
1555	adapter_broad_prediction	0.8512256973795436	0.8333047169223212
1556	adapter_broad_prediction	0.8464356156663849	0.8412814642170968
1557	adapter_broad_prediction	0.8450267681036912	0.8390977283498028
1558	adapter_broad_prediction	0.8430543815159199	0.8324193606891713
1559	adapter_broad_prediction	0.8543251620174697	0.8432838181246967
1560	adapter_broad_prediction	0.8441814595660749	0.8230356439070217
1561	adapter_broad_prediction	0.8548887010425472	0.8377694108988785
1562	adapter_broad_prediction	0.8484080022541561	0.8341813481914875
1563	adapter_broad_prediction	0.8447449985911525	0.8349262107965048
1564	adapter_broad_prediction	0.8486897717666948	0.8369914012494467
1565	adapter_broad_prediction	0.8444632290786137	0.833348434138026
1566	adapter_broad_prediction	0.8385460693153001	0.825713694101449
1567	adapter_broad_prediction	0.8509439278670048	0.8342623473644121
1568	adapter_broad_prediction	0.8371372217526064	0.812814130915935
1569	adapter_broad_prediction	0.8391096083403776	0.8092272667568423
1570	adapter_broad_prediction	0.8512256973795436	0.8372850199308954
1571	adapter_broad_prediction	0.8467173851789236	0.8288299160886984
1572	adapter_broad_prediction	0.8562975486052409	0.8495451277192636
1573	adapter_broad_prediction	0.8461538461538461	0.8290075692861774
1574	adapter_broad_prediction	0.854043392504931	0.8360443473018415
1575	adapter_broad_prediction	0.851789236404621	0.8348644499210744
1576	adapter_broad_prediction	0.8602423217807833	0.8482194923659898
1577	adapter_broad_prediction	0.8571428571428571	0.843341041569612
1578	adapter_broad_prediction	0.8478444632290786	0.8402292732052737
1579	adapter_broad_prediction	0.8464356156663849	0.8286353003685658
1580	adapter_broad_prediction	0.8467173851789236	0.8258857077112275
1581	adapter_broad_prediction	0.8633417864187095	0.8467394627447004
1582	adapter_broad_prediction	0.8596787827557059	0.8350992247449961
1583	adapter_broad_prediction	0.8534798534798534	0.8443825393851878
1584	adapter_broad_prediction	0.8444632290786137	0.8299678008238864
1585	adapter_broad_prediction	0.8608058608058609	0.8458000261574554
1586	adapter_broad_prediction	0.849535080304311	0.8437443678286112
1587	adapter_broad_prediction	0.8405184559030713	0.8309361410457472
1588	adapter_broad_prediction	0.8402366863905325	0.8248791868447658
1589	adapter_broad_prediction	0.8489715412792336	0.8343237081141558
1590	adapter_broad_prediction	0.8610876303183995	0.8547797510465941
1591	adapter_broad_prediction	0.8605240912933221	0.8512120562826342
1592	adapter_broad_prediction	0.850662158354466	0.8287389630748783
1593	adapter_broad_prediction	0.8416455339532263	0.8274657527576711
1594	adapter_broad_prediction	0.8554522400676247	0.84108448641941
1595	adapter_broad_prediction	0.8388278388278388	0.8232555432468098
1596	adapter_broad_prediction	0.8458720766413074	0.83542253229225
1597	adapter_broad_prediction	0.8357283741899126	0.8161779877488085
1598	adapter_broad_prediction	0.8500986193293886	0.8396337428811252
1599	adapter_broad_prediction	0.8562975486052409	0.8385074023368038
1600	adapter_broad_prediction	0.8382642998027613	0.8271896862425303
1601	adapter_broad_prediction	0.841927303465765	0.8314777488418514
1602	adapter_broad_prediction	0.8475626937165399	0.8286361030236529
1603	adapter_broad_prediction	0.8489715412792336	0.832595474736312
1604	adapter_broad_prediction	0.8509439278670048	0.8462106602987076
1605	adapter_broad_prediction	0.8444632290786137	0.8317702074930746
1606	adapter_broad_prediction	0.849535080304311	0.8417403088982868
1607	adapter_broad_prediction	0.8509439278670048	0.8313311359480828
1608	adapter_broad_prediction	0.8498168498168498	0.8377867406233248
1609	adapter_broad_prediction	0.8523527754296986	0.8282770516241442
1610	adapter_broad_prediction	0.8568610876303184	0.8247336680311678
1611	adapter_broad_prediction	0.849535080304311	0.840994601004914
1612	adapter_broad_prediction	0.8548887010425472	0.8505029430262446
1613	adapter_broad_prediction	0.8492533107917724	0.8212500165708434
1614	adapter_broad_prediction	0.841927303465765	0.8106329201153135
1615	adapter_broad_prediction	0.8574246266553959	0.8423225291943425
1616	adapter_broad_prediction	0.8554522400676247	0.8477557315168692
1617	adapter_broad_prediction	0.8557340095801634	0.8484019222681531
1618	adapter_broad_prediction	0.8430543815159199	0.8256294006971728
1619	adapter_broad_prediction	0.8498168498168498	0.8408467979839729
1620	adapter_broad_prediction	0.8455903071287687	0.8234756842282372
1621	adapter_broad_prediction	0.8526345449422372	0.853271122621026
1622	adapter_broad_prediction	0.850662158354466	0.8426536471712731
1623	adapter_broad_prediction	0.8515074668920822	0.8413675167827785
1624	adapter_broad_prediction	0.8472809242040011	0.8370923878929186
1625	adapter_broad_prediction	0.8641870949563257	0.8534881186544698
1626	adapter_broad_prediction	0.8602423217807833	0.8527446026784409
1627	adapter_broad_prediction	0.8427726120033813	0.8444301087087354
1628	adapter_broad_prediction	0.8408002254156101	0.822826094049419
1629	adapter_broad_prediction	0.8624964778810933	0.8432218704400066
1630	adapter_broad_prediction	0.8503803888419273	0.8354634958508216
1631	adapter_broad_prediction	0.8523527754296986	0.8500323829570835
1632	adapter_broad_prediction	0.8577063961679346	0.8438157453059671
1633	adapter_broad_prediction	0.8503803888419273	0.8311030197706375
1634	adapter_broad_prediction	0.849535080304311	0.8343163927341195
1635	adapter_broad_prediction	0.8436179205409975	0.8368750409336148
1636	adapter_broad_prediction	0.8478444632290786	0.8364047733677366
1637	adapter_broad_prediction	0.8486897717666948	0.843085287851704
1638	adapter_broad_prediction	0.8472809242040011	0.8415554333596642
1639	adapter_broad_prediction	0.8585517047055509	0.8519330349971076
1640	adapter_broad_prediction	0.8469991546914624	0.8316553193173011
1641	adapter_broad_prediction	0.8438996900535362	0.8273331664066281
1642	adapter_broad_prediction	0.8362919132149902	0.8295584648644674
1643	adapter_broad_prediction	0.8585517047055509	0.8451379104155017
1644	adapter_broad_prediction	0.8444632290786137	0.8314594595164854
1645	adapter_broad_prediction	0.8565793181177797	0.8402602743953557
1646	adapter_broad_prediction	0.8492533107917724	0.8262066817723877
1647	adapter_broad_prediction	0.8469991546914624	0.83373858871607
1648	adapter_broad_prediction	0.8461538461538461	0.8294621117107231
1649	adapter_broad_prediction	0.852916314454776	0.8454962238851158
1650	adapter_broad_prediction	0.8644688644688645	0.8402735939886157
1651	adapter_broad_prediction	0.8520710059171598	0.8396493331302205
1652	adapter_broad_prediction	0.8433361510284587	0.8301014124175115
1653	adapter_broad_prediction	0.8416455339532263	0.8228101556921841
1654	adapter_broad_prediction	0.8413637644406875	0.8300171100184663
1655	adapter_broad_prediction	0.8368554522400676	0.8288480384987279
1656	adapter_broad_prediction	0.8489715412792336	0.8300135382413025
1657	adapter_broad_prediction	0.8686954071569456	0.8557761865073541
1658	adapter_broad_prediction	0.8562975486052409	0.8338990036998191
1659	adapter_broad_prediction	0.8447449985911525	0.8306066493440956
1660	adapter_broad_prediction	0.8481262327416174	0.8275752541085728
1661	adapter_broad_prediction	0.8393913778529163	0.8282783480796795
1662	adapter_broad_prediction	0.8543251620174697	0.8353435332541286
1663	adapter_broad_prediction	0.8515074668920822	0.8279502116825486
1664	adapter_broad_prediction	0.8447449985911525	0.8217560226120684
1665	adapter_broad_prediction	0.851789236404621	0.8376532508491206
1666	adapter_broad_prediction	0.852916314454776	0.8381165272340881
1667	adapter_broad_prediction	0.8455903071287687	0.8324907728123057
1668	adapter_broad_prediction	0.8534798534798534	0.8481227179334745
1669	adapter_broad_prediction	0.8469991546914624	0.8422437647665533
1670	adapter_broad_prediction	0.8438996900535362	0.8321661306273638
1671	adapter_broad_prediction	0.8565793181177797	0.8446647893255639
1672	adapter_broad_prediction	0.8441814595660749	0.8269935585400832
1673	adapter_broad_prediction	0.8464356156663849	0.8227388486410545
1674	adapter_broad_prediction	0.8402366863905325	0.8053178958684214
1675	adapter_broad_prediction	0.8560157790927022	0.8492986143045036
1676	adapter_broad_prediction	0.8486897717666948	0.8249157170174307
1677	adapter_broad_prediction	0.850662158354466	0.8292970939669229
1678	adapter_broad_prediction	0.8500986193293886	0.8335382416827691
1679	adapter_broad_prediction	0.8588334742180896	0.8484302297901636
1680	adapter_broad_prediction	0.841927303465765	0.8263069269963376
1681	adapter_broad_prediction	0.8393913778529163	0.8231782097855274
1682	adapter_broad_prediction	0.841927303465765	0.8293540084204494
1683	adapter_broad_prediction	0.8430543815159199	0.8487199616762018
1684	adapter_broad_prediction	0.8568610876303184	0.8325125158206431
1685	adapter_broad_prediction	0.8422090729783037	0.8256331424290352
1686	adapter_broad_prediction	0.8523527754296986	0.826318577068205
1687	adapter_broad_prediction	0.855170470555086	0.8540872097765666
1688	adapter_broad_prediction	0.8430543815159199	0.8195100041639339
1689	adapter_broad_prediction	0.8424908424908425	0.8198674341734181
1690	adapter_broad_prediction	0.8453085376162299	0.826318928362444
1691	adapter_broad_prediction	0.8543251620174697	0.8427003459715474
1692	adapter_broad_prediction	0.8475626937165399	0.8351182414263596
1693	adapter_broad_prediction	0.852916314454776	0.8319928916481085
1694	adapter_broad_prediction	0.8340377571146802	0.8221980526023769
1695	adapter_broad_prediction	0.8523527754296986	0.8397868183208113
1696	adapter_broad_prediction	0.8619329388560157	0.851027114029985
1697	adapter_broad_prediction	0.8467173851789236	0.8390646050957651
1698	adapter_broad_prediction	0.8492533107917724	0.8439470278451047
1699	adapter_broad_prediction	0.851789236404621	0.8380888400880464
1700	adapter_broad_prediction	0.8478444632290786	0.8415863091530493
1701	adapter_broad_prediction	0.8399549168779938	0.8149835458206415
1702	adapter_broad_prediction	0.8430543815159199	0.8245825840361644
1703	adapter_broad_prediction	0.8537616229923922	0.8373934513344519
1704	adapter_broad_prediction	0.8447449985911525	0.8323288136734499
1705	adapter_broad_prediction	0.8436179205409975	0.8269374492704527
1706	adapter_broad_prediction	0.8512256973795436	0.8361683241529985
1707	adapter_broad_prediction	0.854043392504931	0.8362429083252927
1708	adapter_broad_prediction	0.851789236404621	0.8481254688829104
1709	adapter_broad_prediction	0.854043392504931	0.8433701260912206
1710	adapter_broad_prediction	0.8512256973795436	0.836630245817225
1711	adapter_broad_prediction	0.8557340095801634	0.8378587379446827
1712	adapter_broad_prediction	0.8424908424908425	0.8329141496649812
1713	adapter_broad_prediction	0.8458720766413074	0.8276238266613933
1714	adapter_broad_prediction	0.8512256973795436	0.8364522589831251
1715	adapter_broad_prediction	0.8399549168779938	0.8348512302424075
1716	adapter_broad_prediction	0.8509439278670048	0.839520671698087
1717	adapter_broad_prediction	0.8492533107917724	0.8451123104325587
1718	adapter_broad_prediction	0.8478444632290786	0.8354545136345616
1719	adapter_broad_prediction	0.8500986193293886	0.8348705757408569
1720	adapter_broad_prediction	0.8562975486052409	0.8478110396935143
1721	adapter_broad_prediction	0.8526345449422372	0.8330694455582659
1722	adapter_broad_prediction	0.8453085376162299	0.8324971853616974
1723	adapter_broad_prediction	0.8577063961679346	0.8493097822345401
1724	adapter_broad_prediction	0.8537616229923922	0.8430838960442963
1725	adapter_broad_prediction	0.8672865595942519	0.8577936979352543
1726	adapter_broad_prediction	0.8543251620174697	0.8446128637723218
1727	adapter_broad_prediction	0.851789236404621	0.8455953704462807
1728	adapter_broad_prediction	0.854043392504931	0.8415735543835856
1729	adapter_broad_prediction	0.8585517047055509	0.8430180401614462
1730	adapter_broad_prediction	0.8464356156663849	0.8397585721768313
1731	adapter_broad_prediction	0.8531980839673148	0.8363855343214374
1732	adapter_broad_prediction	0.8484080022541561	0.8423384836960697
1733	adapter_broad_prediction	0.8543251620174697	0.8417060198111873
1734	adapter_broad_prediction	0.850662158354466	0.832648751121484
1735	adapter_broad_prediction	0.8461538461538461	0.8334029420707132
1736	adapter_broad_prediction	0.8464356156663849	0.8347216303864838
1737	adapter_broad_prediction	0.8453085376162299	0.8355618599550485
1738	adapter_broad_prediction	0.8447449985911525	0.8362289721314273
1739	adapter_broad_prediction	0.854043392504931	0.8378443797579047
1740	adapter_broad_prediction	0.8630600169061707	0.8399287550726771
1741	adapter_broad_prediction	0.852916314454776	0.833439848390815
1742	adapter_broad_prediction	0.850662158354466	0.8446165266247846
1743	adapter_broad_prediction	0.8469991546914624	0.8350916144974414
1744	adapter_broad_prediction	0.8500986193293886	0.8372486600692447
1745	adapter_broad_prediction	0.8393913778529163	0.8191671622791018
1746	adapter_broad_prediction	0.8326289095519864	0.8172543939873833
1747	adapter_broad_prediction	0.8531980839673148	0.8408865480194928
1748	adapter_broad_prediction	0.8489715412792336	0.841995227672648
1749	adapter_broad_prediction	0.8464356156663849	0.8353762833977709
1750	adapter_broad_prediction	0.8455903071287687	0.8338739449305397
1751	adapter_broad_prediction	0.8512256973795436	0.84258111023826
1752	adapter_broad_prediction	0.8568610876303184	0.8442240586516059
1753	adapter_broad_prediction	0.8509439278670048	0.8417127550178469
1754	adapter_broad_prediction	0.8602423217807833	0.8533191169165784
1755	adapter_broad_prediction	0.8472809242040011	0.833612369654019
1756	adapter_broad_prediction	0.8500986193293886	0.8325284792656383
1757	adapter_broad_prediction	0.8500986193293886	0.8412907624138913
1758	adapter_broad_prediction	0.8546069315300084	0.8349942157139439
1759	adapter_broad_prediction	0.8531980839673148	0.8416318264963116
1760	adapter_broad_prediction	0.8520710059171598	0.8387410433678495
1761	adapter_broad_prediction	0.855170470555086	0.8500313007995854
1762	adapter_broad_prediction	0.8509439278670048	0.8377796189032622
1763	adapter_broad_prediction	0.851789236404621	0.8380269523804655
1764	adapter_broad_prediction	0.8500986193293886	0.8398863340624612
1765	adapter_broad_prediction	0.8585517047055509	0.8503242966393894
1766	adapter_broad_prediction	0.8396731473654551	0.837239644829381
1767	adapter_broad_prediction	0.8531980839673148	0.8365356442736799
1768	adapter_broad_prediction	0.8405184559030713	0.8293796403019493
1769	adapter_broad_prediction	0.8450267681036912	0.8244836117206562
1770	adapter_broad_prediction	0.8523527754296986	0.840606151220509
1771	adapter_broad_prediction	0.8537616229923922	0.8375915485059068
1772	adapter_broad_prediction	0.852916314454776	0.8439571482517811
1773	adapter_broad_prediction	0.850662158354466	0.8323231777488557
1774	adapter_broad_prediction	0.8472809242040011	0.8376882268993404
1775	adapter_broad_prediction	0.8512256973795436	0.8344789083309921
1776	adapter_broad_prediction	0.854043392504931	0.8421514773664835
1777	adapter_broad_prediction	0.8489715412792336	0.8419424544350788
1778	adapter_broad_prediction	0.849535080304311	0.8385251757624278
1779	adapter_broad_prediction	0.8472809242040011	0.8310158202867213
1780	adapter_broad_prediction	0.8568610876303184	0.845743607727442
1781	adapter_broad_prediction	0.8475626937165399	0.8265659927481241
1782	adapter_broad_prediction	0.8382642998027613	0.8009240204691979
1783	adapter_broad_prediction	0.854043392504931	0.8453386319459577
1784	adapter_broad_prediction	0.8453085376162299	0.8335031574724134
1785	adapter_broad_prediction	0.8534798534798534	0.8508023783661531
1786	adapter_broad_prediction	0.8472809242040011	0.8200100990885696
1787	adapter_broad_prediction	0.8484080022541561	0.8358410431169014
1788	adapter_broad_prediction	0.8399549168779938	0.8331244054005265
1789	adapter_broad_prediction	0.8447449985911525	0.8258016907751262
1790	adapter_broad_prediction	0.8498168498168498	0.8338036563950819
1791	adapter_broad_prediction	0.8562975486052409	0.841255652072034
1792	adapter_broad_prediction	0.8568610876303184	0.8558684035120626
1793	adapter_broad_prediction	0.855170470555086	0.842095162925968
1794	adapter_broad_prediction	0.8377007607776839	0.8237246602960147
1795	adapter_broad_prediction	0.8436179205409975	0.8288519612745203
1796	adapter_broad_prediction	0.8537616229923922	0.8419603561575043
1797	adapter_broad_prediction	0.8599605522682445	0.8496192525984568
1798	adapter_broad_prediction	0.8388278388278388	0.8262054951675655
1799	adapter_broad_prediction	0.8467173851789236	0.8306101564557773
1800	adapter_broad_prediction	0.8472809242040011	0.8285861364482251
1801	adapter_broad_prediction	0.8481262327416174	0.8325783940080704
1802	adapter_broad_prediction	0.854043392504931	0.8440850068992439
1803	adapter_broad_prediction	0.8391096083403776	0.8313834590411175
1804	adapter_broad_prediction	0.8512256973795436	0.8422095411336183
1805	adapter_broad_prediction	0.8523527754296986	0.8383374039513717
1806	adapter_broad_prediction	0.8500986193293886	0.8376357159986296
1807	adapter_broad_prediction	0.8599605522682445	0.843509119449186
1808	adapter_broad_prediction	0.8608058608058609	0.8544984658772655
1809	adapter_broad_prediction	0.8481262327416174	0.8276829872053936
1810	adapter_broad_prediction	0.8475626937165399	0.8401979388878699
1811	adapter_broad_prediction	0.8557340095801634	0.8421025805441534
1812	adapter_broad_prediction	0.8475626937165399	0.8398234916581615
1813	adapter_broad_prediction	0.8531980839673148	0.8364180671711674
1814	adapter_broad_prediction	0.8461538461538461	0.8432623175572751
1815	adapter_broad_prediction	0.8489715412792336	0.8343248900614435
1816	adapter_broad_prediction	0.8534798534798534	0.8475827816174372
1817	adapter_broad_prediction	0.8430543815159199	0.8396498714459917
1818	adapter_broad_prediction	0.8562975486052409	0.8312795672961395
1819	adapter_broad_prediction	0.8534798534798534	0.8387893089468517
1820	adapter_broad_prediction	0.8526345449422372	0.8369025354465685
1821	adapter_broad_prediction	0.8509439278670048	0.8369782365745632
1822	adapter_broad_prediction	0.852916314454776	0.8369197427710825
1823	adapter_broad_prediction	0.8461538461538461	0.8318315923434542
1824	adapter_broad_prediction	0.849535080304311	0.8363566753135899
1825	adapter_broad_prediction	0.8585517047055509	0.8427389810796508
1826	adapter_broad_prediction	0.8548887010425472	0.8444689892799015
1827	adapter_broad_prediction	0.8565793181177797	0.8305993562294001
1828	adapter_broad_prediction	0.8605240912933221	0.8393781544619356
1829	adapter_broad_prediction	0.8500986193293886	0.8306595918599105
1830	adapter_broad_prediction	0.8388278388278388	0.8239247245642497
1831	adapter_broad_prediction	0.8481262327416174	0.846786052339012
1832	adapter_broad_prediction	0.8520710059171598	0.8471980304383079
1833	adapter_broad_prediction	0.852916314454776	0.8524858718707227
1834	adapter_broad_prediction	0.8498168498168498	0.8418824812213842
1835	adapter_broad_prediction	0.8464356156663849	0.8300892260583057
1836	adapter_broad_prediction	0.865032403493942	0.8478890976264998
1837	adapter_broad_prediction	0.8399549168779938	0.8338967772695856
1838	adapter_broad_prediction	0.8484080022541561	0.8227337516880981
1839	adapter_broad_prediction	0.8512256973795436	0.8510316054840924
1840	adapter_broad_prediction	0.8515074668920822	0.8439227837994814
1841	adapter_broad_prediction	0.8441814595660749	0.828666566959505
1842	adapter_broad_prediction	0.8410819949281487	0.8353161407266303
1843	adapter_broad_prediction	0.849535080304311	0.8348402585988935
1844	adapter_broad_prediction	0.8543251620174697	0.841217892956126
1845	adapter_broad_prediction	0.8526345449422372	0.8476584607093753
1846	adapter_broad_prediction	0.8388278388278388	0.8191030002452319
1847	adapter_broad_prediction	0.8424908424908425	0.8340442768908245
1848	adapter_broad_prediction	0.8610876303183995	0.8471021074759436
1849	adapter_broad_prediction	0.8520710059171598	0.8476016153340085
1850	adapter_broad_prediction	0.865032403493942	0.8563573205621957
1851	adapter_broad_prediction	0.8661594815440969	0.8510933529315945
1852	adapter_broad_prediction	0.8526345449422372	0.8405533212614383
1853	adapter_broad_prediction	0.8537616229923922	0.841665449782891
1854	adapter_broad_prediction	0.8596787827557059	0.8495356176017139
1855	adapter_broad_prediction	0.8498168498168498	0.8241065495729719
1856	adapter_broad_prediction	0.8509439278670048	0.8199465777463839
1857	adapter_broad_prediction	0.8438996900535362	0.8298291644590702
1858	adapter_broad_prediction	0.8526345449422372	0.837388623900362
1859	adapter_broad_prediction	0.8560157790927022	0.8393031154383472
1860	adapter_broad_prediction	0.8534798534798534	0.8405121959647437
1861	adapter_broad_prediction	0.8577063961679346	0.8383556881797997
1862	adapter_broad_prediction	0.8568610876303184	0.8366163734698103
1863	adapter_broad_prediction	0.8453085376162299	0.8349723070673821
1864	adapter_broad_prediction	0.8523527754296986	0.8407394047910983
1865	adapter_broad_prediction	0.8585517047055509	0.8468074647688425
1866	adapter_broad_prediction	0.8484080022541561	0.8344407034660062
1867	adapter_broad_prediction	0.8489715412792336	0.8337905933439809
1868	adapter_broad_prediction	0.8481262327416174	0.8357909644885831
1869	adapter_broad_prediction	0.8467173851789236	0.8282514128475432
1870	adapter_broad_prediction	0.8500986193293886	0.8306104189461875
1871	adapter_broad_prediction	0.8523527754296986	0.8424625312367814
1872	adapter_broad_prediction	0.8489715412792336	0.8226926652110709
1873	adapter_broad_prediction	0.8450267681036912	0.8393027794958037
1874	adapter_broad_prediction	0.8484080022541561	0.8336904379022989
1875	adapter_broad_prediction	0.8492533107917724	0.8344118321120979
1876	adapter_broad_prediction	0.8453085376162299	0.838619234633458
1877	adapter_broad_prediction	0.8523527754296986	0.8403549214038577
1878	adapter_broad_prediction	0.8546069315300084	0.8500758577659635
1879	adapter_broad_prediction	0.8484080022541561	0.8326373164368682
1880	adapter_broad_prediction	0.8410819949281487	0.8251997994775518
1881	adapter_broad_prediction	0.8571428571428571	0.8427329118164455
1882	adapter_broad_prediction	0.851789236404621	0.8385405523462023
1883	adapter_broad_prediction	0.8469991546914624	0.8348408934214872
1884	adapter_broad_prediction	0.8424908424908425	0.8245387038393831
1885	adapter_broad_prediction	0.8469991546914624	0.8278669307418831
1886	adapter_broad_prediction	0.8484080022541561	0.8303610444669852
1887	adapter_broad_prediction	0.8461538461538461	0.8285511583505031
1888	adapter_broad_prediction	0.8427726120033813	0.8398828761721957
1889	adapter_broad_prediction	0.8596787827557059	0.8480479366927224
1890	adapter_broad_prediction	0.8453085376162299	0.8341932706446296
1891	adapter_broad_prediction	0.8568610876303184	0.8465798094355573
1892	adapter_broad_prediction	0.841927303465765	0.8279329586350821
1893	adapter_broad_prediction	0.8579881656804734	0.852294710385384
1894	adapter_broad_prediction	0.8509439278670048	0.8393557402405527
1895	adapter_broad_prediction	0.8562975486052409	0.850821698044326
1896	adapter_broad_prediction	0.851789236404621	0.8409702461138912
1897	adapter_broad_prediction	0.8447449985911525	0.8296328633995538
1898	adapter_broad_prediction	0.850662158354466	0.830879779831666
1899	adapter_broad_prediction	0.8526345449422372	0.8454687052592866
1900	adapter_broad_prediction	0.8554522400676247	0.842523715538751
1901	adapter_broad_prediction	0.8478444632290786	0.8292951044114591
1902	adapter_broad_prediction	0.8396731473654551	0.8294277015528723
1903	adapter_broad_prediction	0.8520710059171598	0.8330546228330682
1904	adapter_broad_prediction	0.8481262327416174	0.8165932535764595
1905	adapter_broad_prediction	0.849535080304311	0.8435071197380456
1906	adapter_broad_prediction	0.8472809242040011	0.828874920724188
1907	adapter_broad_prediction	0.8393913778529163	0.8305253206737145
1908	adapter_broad_prediction	0.8509439278670048	0.8298622629030744
1909	adapter_broad_prediction	0.850662158354466	0.8399755452524502
1910	adapter_broad_prediction	0.8520710059171598	0.8374461839063347
1911	adapter_broad_prediction	0.8402366863905325	0.8251422987624277
1912	adapter_broad_prediction	0.8520710059171598	0.8321143011597355
1913	adapter_broad_prediction	0.8520710059171598	0.8294330172754629
1914	adapter_broad_prediction	0.841927303465765	0.833571202325821
1915	adapter_broad_prediction	0.8408002254156101	0.8361944866834584
1916	adapter_broad_prediction	0.8441814595660749	0.8339226697948625
1917	adapter_broad_prediction	0.8461538461538461	0.8408306649704794
1918	adapter_broad_prediction	0.8509439278670048	0.8326318415468249
1919	adapter_broad_prediction	0.8515074668920822	0.8228708205126445
1920	adapter_broad_prediction	0.850662158354466	0.8417078234051548
1921	adapter_broad_prediction	0.8492533107917724	0.8320335255365674
1922	adapter_broad_prediction	0.8582699351930121	0.8299489723151836
1923	adapter_broad_prediction	0.8543251620174697	0.8353560181627836
1924	adapter_broad_prediction	0.8453085376162299	0.8377035035421156
1925	adapter_broad_prediction	0.8546069315300084	0.8309544907724152
1926	adapter_broad_prediction	0.8503803888419273	0.8336119570303602
1927	adapter_broad_prediction	0.8484080022541561	0.8348672697007468
1928	adapter_broad_prediction	0.8571428571428571	0.8274119210890352
1929	adapter_broad_prediction	0.8531980839673148	0.8394206500155773
1930	adapter_broad_prediction	0.8515074668920822	0.8438071440075371
1931	adapter_broad_prediction	0.8472809242040011	0.8369600688922226
1932	adapter_broad_prediction	0.8658777120315582	0.8541964168952128
1933	adapter_broad_prediction	0.8447449985911525	0.8188718135864503
1934	adapter_broad_prediction	0.8441814595660749	0.8319777551426275
1935	adapter_broad_prediction	0.8436179205409975	0.8358502180847436
1936	adapter_broad_prediction	0.8450267681036912	0.8332476540324987
1937	adapter_broad_prediction	0.8602423217807833	0.8511987156665551
1938	adapter_broad_prediction	0.854043392504931	0.8372447209000621
1939	adapter_broad_prediction	0.8500986193293886	0.829655442858433
1940	adapter_broad_prediction	0.8574246266553959	0.8297220003550038
1941	adapter_broad_prediction	0.8534798534798534	0.8457980658357857
1942	adapter_broad_prediction	0.8486897717666948	0.8387034901534296
1943	adapter_broad_prediction	0.8481262327416174	0.8421754237119343
1944	adapter_broad_prediction	0.8393913778529163	0.8357593680801569
1945	adapter_broad_prediction	0.8475626937165399	0.8313304161324325
1946	adapter_broad_prediction	0.8546069315300084	0.8473643449315201
1947	adapter_broad_prediction	0.8672865595942519	0.8514051146107802
1948	adapter_broad_prediction	0.8588334742180896	0.8468256234463629
1949	adapter_broad_prediction	0.8602423217807833	0.8571366249799658
1950	adapter_broad_prediction	0.8602423217807833	0.844017915762136
1951	adapter_broad_prediction	0.8453085376162299	0.8341463146097151
1952	adapter_broad_prediction	0.8422090729783037	0.819780124586274
1953	adapter_broad_prediction	0.8351648351648352	0.8337957669171778
1954	adapter_broad_prediction	0.8371372217526064	0.8175659319274313
1955	adapter_broad_prediction	0.8492533107917724	0.8250069630282338
1956	adapter_broad_prediction	0.8560157790927022	0.8434773500718784
1957	adapter_broad_prediction	0.8534798534798534	0.8412687798201828
1958	adapter_broad_prediction	0.8453085376162299	0.824962770002856
1959	adapter_broad_prediction	0.8430543815159199	0.8348739104060486
1960	adapter_broad_prediction	0.850662158354466	0.8315269817275652
1961	adapter_broad_prediction	0.8557340095801634	0.8449790125866776
1962	adapter_broad_prediction	0.8509439278670048	0.8328945701861084
1963	adapter_broad_prediction	0.8588334742180896	0.8465527891159546
1964	adapter_broad_prediction	0.8515074668920822	0.8336177932398211
1965	adapter_broad_prediction	0.8526345449422372	0.8443181558868147
1966	adapter_broad_prediction	0.8408002254156101	0.8131209342696426
1967	adapter_broad_prediction	0.8424908424908425	0.8295905128870584
1968	adapter_broad_prediction	0.851789236404621	0.8397900725207238
1969	adapter_broad_prediction	0.8500986193293886	0.8368391461652502
1970	adapter_broad_prediction	0.8374189912651451	0.8188959549086627
1971	adapter_broad_prediction	0.8368554522400676	0.8237090429475467
1972	adapter_broad_prediction	0.8447449985911525	0.8255484219087112
1973	adapter_broad_prediction	0.8568610876303184	0.8469950187061922
1974	adapter_broad_prediction	0.8531980839673148	0.8361973834948294
1975	adapter_broad_prediction	0.8582699351930121	0.8349529606066822
1976	adapter_broad_prediction	0.8422090729783037	0.8322703817665402
1977	adapter_broad_prediction	0.8467173851789236	0.8276869126311641
1978	adapter_broad_prediction	0.8579881656804734	0.843670017312977
1979	adapter_broad_prediction	0.8453085376162299	0.8261361716651636
1980	adapter_broad_prediction	0.8424908424908425	0.8330144704158826
1981	adapter_broad_prediction	0.8430543815159199	0.8362912424087383
1982	adapter_broad_prediction	0.8427726120033813	0.8324377513471057
1983	adapter_broad_prediction	0.8467173851789236	0.8365588326166206
1984	adapter_broad_prediction	0.8444632290786137	0.8341814284104411
1985	adapter_broad_prediction	0.8447449985911525	0.8156043469593344
1986	adapter_broad_prediction	0.8424908424908425	0.8203926805625791
1987	adapter_broad_prediction	0.8489715412792336	0.8307856811610081
1988	adapter_broad_prediction	0.8458720766413074	0.826349218539159
1989	adapter_broad_prediction	0.8478444632290786	0.8341890340363343
1990	adapter_broad_prediction	0.8608058608058609	0.8525493362664032
1991	adapter_broad_prediction	0.8557340095801634	0.8384009042655721
1992	adapter_broad_prediction	0.8385460693153001	0.8204257491819634
1993	adapter_broad_prediction	0.8416455339532263	0.814884713268544
1994	adapter_broad_prediction	0.8388278388278388	0.8262530740065704
1995	adapter_broad_prediction	0.8577063961679346	0.839153623473037
1996	adapter_broad_prediction	0.855170470555086	0.8360200625647183
1997	adapter_broad_prediction	0.8546069315300084	0.8480624690318725
1998	adapter_broad_prediction	0.8405184559030713	0.8332294711220731
1999	adapter_broad_prediction	0.8405184559030713	0.8281973521413573
